video_id,frame_no,fps,nose_x,nose_y,left_eye_x,left_eye_y,right_eye_x,right_eye_y,left_ear_x,left_ear_y,right_ear_x,right_ear_y,left_shoulder_x,left_shoulder_y,right_shoulder_x,right_shoulder_y,left_elbow_x,left_elbow_y,right_elbow_x,right_elbow_y,left_wrist_x,left_wrist_y,right_wrist_x,right_wrist_y,left_hip_x,left_hip_y,right_hip_x,right_hip_y,left_knee_x,left_knee_y,right_knee_x,right_knee_y,left_ankle_x,left_ankle_y,right_ankle_x,right_ankle_y
d0af424c-4a9e-4411-b2c2-05526f9e2f7f_delivery_17,0,59.80422708192033,190.99322509765625,369.54345703125,190.24432373046875,367.8819274902344,192.75198364257812,367.8456726074219,190.90374755859375,368.4309387207031,197.2918701171875,368.500244140625,192.84036254882812,378.5263977050781,200.40469360351562,377.3011169433594,193.15371704101562,391.1044616699219,200.81033325195312,391.82208251953125,192.02186584472656,399.9790344238281,196.61123657226562,401.8214416503906,198.7054443359375,403.1690673828125,203.73927307128906,401.57073974609375,195.11204528808594,423.53765869140625,199.31407165527344,416.3942565917969,200.05433654785156,443.7997741699219,202.75135803222656,432.2840270996094
d0af424c-4a9e-4411-b2c2-05526f9e2f7f_delivery_17,1,59.80422708192033,191.19485473632812,369.83135986328125,190.32839965820312,368.126953125,192.9608154296875,368.1069641113281,190.72463989257812,368.513916015625,197.4073028564453,368.64764404296875,192.6971893310547,378.511962890625,200.39035034179688,377.43084716796875,192.81973266601562,390.9848327636719,200.56784057617188,392.189208984375,192.06472778320312,399.8173828125,196.43145751953125,401.7874755859375,198.82925415039062,403.1877136230469,203.98692321777344,401.5012512207031,194.95648193359375,423.51507568359375,199.70201110839844,415.72589111328125,199.9970245361328,443.6041259765625,202.918701171875,430.9130859375
d0af424c-4a9e-4411-b2c2-05526f9e2f7f_delivery_17,2,59.80422708192033,191.21775817871094,369.9290771484375,190.3371124267578,368.2025451660156,192.99029541015625,368.21697998046875,190.67066955566406,368.428466796875,197.41082763671875,368.6703186035156,192.68992614746094,378.2384948730469,200.29612731933594,377.34515380859375,192.81861877441406,390.55804443359375,200.48446655273438,392.2623291015625,192.27639770507812,399.2384033203125,196.39820861816406,401.3578186035156,199.0266571044922,402.8863830566406,204.14390563964844,401.1745910644531,195.0323028564453,423.1244201660156,199.95254516601562,414.9267883300781,200.07704162597656,442.883544921875,203.02833557128906,429.4156494140625
d0af424c-4a9e-4411-b2c2-05526f9e2f7f_delivery_17,3,59.80422708192033,192.64389038085938,370.2869567871094,191.49258422851562,368.5596008300781,194.24301147460938,368.58282470703125,190.6422119140625,368.5014343261719,197.64540100097656,368.7498779296875,190.93402099609375,377.51458740234375,200.14801025390625,377.08233642578125,189.40512084960938,387.38201904296875,201.09815979003906,391.7825927734375,189.5841522216797,393.86834716796875,197.94647216796875,400.8113708496094,197.5760498046875,402.4820251464844,203.60784912109375,400.60205078125,194.29705810546875,422.818359375,200.26881408691406,413.6418151855469,199.72158813476562,442.5296630859375,202.85728454589844,427.325927734375
d0af424c-4a9e-4411-b2c2-05526f9e2f7f_delivery_17,4,59.80422708192033,192.705322265625,370.4846496582031,191.47824096679688,368.64105224609375,194.36834716796875,368.7361755371094,190.4691162109375,368.4907531738281,197.78790283203125,368.92822265625,190.69683837890625,377.442626953125,200.33734130859375,377.4888610839844,188.945556640625,387.1351318359375,201.09783935546875,392.7000427246094,189.4480438232422,393.12103271484375,197.70068359375,400.922607421875,197.62229919433594,402.23809814453125,203.9556884765625,400.5082092285156,194.016845703125,422.6393127441406,200.49240112304688,413.4666442871094,199.70175170898438,442.7632141113281,203.191650390625,427.26556396484375
d0af424c-4a9e-4411-b2c2-05526f9e2f7f_delivery_17,5,59.80422708192033,192.86399841308594,370.60382080078125,191.5480499267578,368.6983642578125,194.5446014404297,368.8263244628906,190.3208465576172,368.5252990722656,197.83485412597656,369.0622863769531,190.43580627441406,377.41790771484375,200.28517150878906,377.8199768066406,188.64700317382812,386.5870666503906,201.16761779785156,393.2054748535156,189.57603454589844,392.14874267578125,197.95201110839844,401.5620422363281,197.50987243652344,401.96697998046875,203.98448181152344,400.3251953125,193.7776336669922,422.3895568847656,200.59593200683594,413.1543273925781,199.59902954101562,442.58551025390625,203.24978637695312,426.8507995605469
d0af424c-4a9e-4411-b2c2-05526f9e2f7f_delivery_17,6,59.80422708192033,193.00039672851562,370.5777893066406,191.65206909179688,368.61932373046875,194.76890563964844,368.7909851074219,190.186279296875,368.4695739746094,197.9843292236328,369.1172790527344,189.68524169921875,377.5091552734375,200.2554473876953,378.06060791015625,187.82762145996094,386.1919860839844,201.8445281982422,393.5305480957031,189.09588623046875,391.5477600097656,198.865966796875,402.6172180175781,196.89561462402344,401.9562683105469,203.7668914794922,400.2751159667969,193.7802276611328,422.3011169433594,200.68380737304688,412.942626953125,199.7610626220703,442.6147766113281,203.10015869140625,426.67120361328125
d0af424c-4a9e-4411-b2c2-05526f9e2f7f_delivery_17,7,59.80422708192033,193.714111328125,370.626708984375,192.2021484375,368.64642333984375,195.46951293945312,368.80108642578125,190.15309143066406,368.5989074707031,198.27069091796875,369.2110595703125,188.72189331054688,377.7151794433594,200.31036376953125,378.3775329589844,186.13401794433594,384.92156982421875,202.44955444335938,393.7530212402344,187.41485595703125,388.9878234863281,199.6522674560547,403.8466491699219,196.09002685546875,402.2890930175781,203.5421600341797,400.46014404296875,193.54019165039062,422.6431884765625,200.96925354003906,412.8251953125,199.79843139648438,443.1220397949219,202.88272094726562,426.4866638183594
d0af424c-4a9e-4411-b2c2-05526f9e2f7f_delivery_17,8,59.80422708192033,192.85174560546875,370.60150146484375,191.42291259765625,368.5835266113281,194.7527313232422,368.7566833496094,189.99945068359375,368.68463134765625,198.1983642578125,369.35821533203125,189.8255157470703,378.4476623535156,200.43359375,378.8787841796875,188.2765350341797,387.3429870605469,202.0151824951172,394.78131103515625,189.3753662109375,393.0838623046875,198.74110412597656,405.2955017089844,197.21405029296875,402.8283996582031,204.13406372070312,400.9933166503906,194.1795654296875,423.24603271484375,201.32078552246094,413.4717712402344,200.09271240234375,443.72369384765625,203.1974639892578,427.11224365234375
d0af424c-4a9e-4411-b2c2-05526f9e2f7f_delivery_17,9,59.80422708192033,192.8759765625,370.3568420410156,191.5647735595703,368.4430236816406,194.717041015625,368.59979248046875,190.22869873046875,368.6961669921875,198.0181121826172,369.3370361328125,189.50357055664062,378.5472412109375,200.3083038330078,378.8792419433594,187.79183959960938,387.44476318359375,202.25660705566406,394.5430603027344,189.06167602539062,393.3450622558594,199.4485626220703,406.3429870605469,196.6595001220703,403.17694091796875,203.62530517578125,401.3923034667969,194.4944610595703,423.5582275390625,200.8149871826172,414.4287414550781,200.19131469726562,443.7065734863281,202.67713928222656,428.5052490234375
d0af424c-4a9e-4411-b2c2-05526f9e2f7f_delivery_17,10,59.80422708192033,193.93307495117188,370.364990234375,192.4477081298828,368.49298095703125,195.56190490722656,368.5857849121094,190.39434814453125,368.8157043457031,198.14341735839844,369.28704833984375,189.05714416503906,378.7801208496094,200.25332641601562,378.89593505859375,186.9676971435547,387.8533935546875,202.33876037597656,394.3470764160156,188.24569702148438,393.5834655761719,199.42730712890625,406.1540832519531,196.2597198486328,403.5596008300781,203.42684936523438,401.6734619140625,194.67300415039062,423.9840393066406,200.94332885742188,414.9715576171875,200.40530395507812,443.6165771484375,202.62005615234375,428.80584716796875
d0af424c-4a9e-4411-b2c2-05526f9e2f7f_delivery_17,11,59.80422708192033,194.87876892089844,370.3880920410156,193.2180633544922,368.5293884277344,196.27195739746094,368.5782775878906,190.59835815429688,368.9211730957031,198.1834259033203,369.2554931640625,189.125244140625,378.84466552734375,200.19769287109375,378.94744873046875,186.8452911376953,388.03045654296875,201.8625030517578,394.1542053222656,188.04185485839844,393.5583801269531,198.7177276611328,405.2790222167969,196.31800842285156,403.6299133300781,203.40484619140625,401.8283386230469,194.6145782470703,424.5016174316406,200.78204345703125,415.9132385253906,200.28482055664062,443.7329406738281,202.74705505371094,429.6636657714844
d0af424c-4a9e-4411-b2c2-05526f9e2f7f_delivery_17,12,59.80422708192033,195.34292602539062,370.4179992675781,193.59249877929688,368.58001708984375,196.57220458984375,368.58612060546875,190.70411682128906,369.0053405761719,198.1371612548828,369.20892333984375,189.4339141845703,379.0894775390625,200.16909790039062,378.96832275390625,187.5349578857422,389.5046691894531,201.556640625,394.1797790527344,189.04673767089844,396.239013671875,198.32691955566406,405.0384216308594,196.57533264160156,403.84051513671875,203.46475219726562,402.0728759765625,194.7330322265625,424.82720947265625,200.57565307617188,416.6268005371094,200.27574157714844,443.49859619140625,202.91334533691406,430.1103210449219
d0af424c-4a9e-4411-b2c2-05526f9e2f7f_delivery_17,13,59.80422708192033,196.27975463867188,370.48138427734375,194.34457397460938,368.6503601074219,197.3360137939453,368.5972595214844,190.75820922851562,369.08551025390625,198.28855895996094,369.1138000488281,189.03965759277344,379.288818359375,200.16766357421875,378.9112548828125,187.33990478515625,390.0691223144531,202.12075805664062,393.9054870605469,189.135009765625,397.4714050292969,198.96791076660156,404.9283447265625,196.19940185546875,404.08111572265625,203.29730224609375,402.21783447265625,194.612548828125,424.8629150390625,200.66453552246094,416.7312316894531,200.2953643798828,442.68536376953125,202.9339141845703,429.5240173339844
d0af424c-4a9e-4411-b2c2-05526f9e2f7f_delivery_17,14,59.80422708192033,197.3203582763672,370.70172119140625,195.10394287109375,368.83746337890625,198.22789001464844,368.7225341796875,190.7295684814453,369.2204284667969,198.61080932617188,369.0853576660156,188.88497924804688,379.5710754394531,200.16236877441406,378.80950927734375,187.29946899414062,390.31365966796875,202.5025177001953,393.5421447753906,189.3013153076172,398.31146240234375,199.44827270507812,404.7576904296875,196.31524658203125,404.2319030761719,203.53781127929688,401.9789733886719,194.45472717285156,424.9380798339844,201.59010314941406,415.5000305175781,200.25592041015625,441.7913513183594,203.31358337402344,426.4407653808594
d0af424c-4a9e-4411-b2c2-05526f9e2f7f_delivery_17,15,59.80422708192033,197.3605499267578,370.7322692871094,195.1302947998047,368.8851623535156,198.2752685546875,368.73968505859375,190.78042602539062,369.28741455078125,198.6998748779297,369.0754699707031,189.0536651611328,379.7381591796875,200.24668884277344,378.7847595214844,187.9116973876953,390.7184753417969,202.84693908691406,393.520263671875,190.10435485839844,399.5072937011719,199.86532592773438,404.9962463378906,196.4950714111328,404.41876220703125,203.6714630126953,402.0660095214844,194.53053283691406,424.9686279296875,201.69935607910156,415.2679443359375,200.25531005859375,441.383056640625,203.23988342285156,425.6397705078125
d0af424c-4a9e-4411-b2c2-05526f9e2f7f_delivery_17,16,59.80422708192033,197.39791870117188,370.7506408691406,195.1548614501953,368.95855712890625,198.27493286132812,368.7515869140625,190.84901428222656,369.4111022949219,198.72474670410156,369.0536804199219,189.34104919433594,379.9161071777344,200.35813903808594,378.75238037109375,188.50711059570312,391.1536560058594,203.16357421875,393.55322265625,190.86264038085938,400.5306091308594,200.3267822265625,405.60894775390625,196.75852966308594,404.6750183105469,203.82838439941406,402.2429504394531,194.71630859375,424.98760986328125,201.7293701171875,415.20379638671875,200.35560607910156,441.13861083984375,203.28260803222656,425.326171875
d0af424c-4a9e-4411-b2c2-05526f9e2f7f_delivery_17,17,59.80422708192033,197.55770874023438,370.7547302246094,195.31796264648438,368.9675598144531,198.37989807128906,368.7476806640625,190.9483642578125,369.44720458984375,198.71128845214844,369.0462341308594,189.44427490234375,380.01495361328125,200.35716247558594,378.79571533203125,188.8282012939453,391.56719970703125,203.2112274169922,393.6447448730469,191.28936767578125,401.34027099609375,200.4446563720703,405.8216857910156,196.86680603027344,404.7598876953125,203.8725128173828,402.3587646484375,194.74972534179688,425.11773681640625,201.67799377441406,415.5782775878906,200.2974090576172,441.3543701171875,203.27386474609375,425.9705810546875
d0af424c-4a9e-4411-b2c2-05526f9e2f7f_delivery_17,18,59.80422708192033,197.6251220703125,370.743408203125,195.3919219970703,368.9649963378906,198.4013214111328,368.73504638671875,191.0650177001953,369.4621887207031,198.6690673828125,369.0420227050781,189.8626251220703,380.00390625,200.25900268554688,378.88336181640625,189.42132568359375,391.6658020019531,202.65814208984375,393.89202880859375,191.80856323242188,401.4163818359375,199.74697875976562,405.75054931640625,197.37124633789062,404.7336730957031,204.0727081298828,402.4306945800781,194.91212463378906,425.2714538574219,201.3771209716797,416.012451171875,200.3450164794922,441.67047119140625,203.32196044921875,426.73187255859375
d0af424c-4a9e-4411-b2c2-05526f9e2f7f_delivery_17,19,59.80422708192033,197.60182189941406,370.7734375,195.36956787109375,368.9964599609375,198.37892150878906,368.7685241699219,191.06007385253906,369.4781188964844,198.65264892578125,369.069580078125,189.9014129638672,379.9590759277344,200.2142791748047,378.9395751953125,189.31480407714844,391.5480041503906,202.2979736328125,394.0614929199219,191.63003540039062,400.981201171875,199.21189880371094,405.69287109375,197.41099548339844,404.7870788574219,204.06607055664062,402.5372009277344,194.89236450195312,425.4147644042969,201.17276000976562,416.2713928222656,200.3639373779297,441.961181640625,203.2900390625,427.1884460449219
d0af424c-4a9e-4411-b2c2-05526f9e2f7f_delivery_17,20,59.80422708192033,197.40158081054688,370.7634582519531,195.21450805664062,368.9834899902344,198.2566375732422,368.776123046875,191.0601806640625,369.4556579589844,198.66551208496094,369.11102294921875,189.98512268066406,379.9256286621094,200.10606384277344,379.0213928222656,189.29884338378906,391.54937744140625,201.91510009765625,394.2206115722656,191.5355987548828,400.4554138183594,198.68333435058594,405.47808837890625,197.41217041015625,404.7707214355469,203.93539428710938,402.6202087402344,194.95945739746094,425.3040466308594,200.6694793701172,416.5332336425781,200.45736694335938,442.1219787597656,203.1241455078125,428.02398681640625
d0af424c-4a9e-4411-b2c2-05526f9e2f7f_delivery_17,21,59.80422708192033,197.5325469970703,370.7504577636719,195.35475158691406,368.927001953125,198.4009246826172,368.7721862792969,191.03460693359375,369.3669738769531,198.69471740722656,369.1320495605469,189.48020935058594,379.8537902832031,200.02703857421875,378.9722900390625,188.39666748046875,391.3843994140625,202.15830993652344,393.9341735839844,190.736328125,400.00152587890625,199.2109375,405.2474670410156,196.7112274169922,404.777099609375,203.46510314941406,402.6180419921875,194.58920288085938,425.397705078125,200.79254150390625,416.6146545410156,200.2057342529297,442.101806640625,203.088134765625,427.9888610839844
d0af424c-4a9e-4411-b2c2-05526f9e2f7f_delivery_17,22,59.80422708192033,197.44561767578125,370.7781677246094,195.2776336669922,368.9542236328125,198.4317169189453,368.8181457519531,190.9729461669922,369.44329833984375,198.86912536621094,369.2406005859375,188.99652099609375,379.90252685546875,200.2265167236328,378.9612731933594,187.53042602539062,390.8939208984375,202.75576782226562,393.6435241699219,189.75193786621094,398.7236328125,199.56954956054688,404.9775390625,195.93621826171875,404.8092956542969,203.0963897705078,402.5899658203125,194.29693603515625,425.20751953125,200.91622924804688,416.30792236328125,200.2009735107422,442.1227111816406,202.9392547607422,427.859619140625
d0af424c-4a9e-4411-b2c2-05526f9e2f7f_delivery_17,23,59.80422708192033,197.2730712890625,370.7507629394531,195.13389587402344,368.9154968261719,198.37625122070312,368.8055725097656,190.87966918945312,369.37506103515625,198.97329711914062,369.23663330078125,188.57400512695312,379.822265625,200.28558349609375,378.87359619140625,186.7839813232422,390.38604736328125,203.1325225830078,393.3268737792969,188.9534912109375,397.5937805175781,199.70094299316406,404.64190673828125,195.3615264892578,404.8700866699219,202.79269409179688,402.6153259277344,194.09825134277344,425.18035888671875,200.8061065673828,416.21490478515625,200.24148559570312,442.35455322265625,202.78334045410156,428.0187072753906
d0af424c-4a9e-4411-b2c2-05526f9e2f7f_delivery_17,24,59.80422708192033,197.28793334960938,370.6993103027344,195.17628479003906,368.8531188964844,198.4371795654297,368.75811767578125,190.91189575195312,369.2886047363281,199.04689025878906,369.1853942871094,188.4065399169922,379.7605285644531,200.2679901123047,378.8106689453125,186.6448211669922,390.21649169921875,203.25010681152344,393.131103515625,188.8354949951172,397.1000671386719,199.4997100830078,404.1811828613281,195.14328002929688,404.88885498046875,202.65097045898438,402.64605712890625,194.05531311035156,425.1483459472656,200.66571044921875,416.3156433105469,200.30323791503906,442.895751953125,202.60133361816406,428.8171691894531
d0af424c-4a9e-4411-b2c2-05526f9e2f7f_delivery_17,25,59.80422708192033,197.35736083984375,370.66473388671875,195.25096130371094,368.8125,198.52084350585938,368.7462463378906,190.8958282470703,369.2385559082031,199.0797882080078,369.195068359375,188.03834533691406,379.4881286621094,200.4119415283203,378.75701904296875,185.7435760498047,389.3967590332031,203.40106201171875,392.92919921875,187.65768432617188,395.2662353515625,199.17938232421875,403.7186279296875,194.56039428710938,404.6338195800781,202.36981201171875,402.5590515136719,193.927978515625,424.9391174316406,200.5852508544922,416.76849365234375,200.28726196289062,443.5096130371094,202.54071044921875,430.51959228515625
d0af424c-4a9e-4411-b2c2-05526f9e2f7f_delivery_17,26,59.80422708192033,197.03724670410156,370.5927734375,194.9960479736328,368.75787353515625,198.32205200195312,368.7117614746094,190.88552856445312,369.1898498535156,199.1193389892578,369.2109375,188.0883026123047,379.2796630859375,200.51620483398438,378.774658203125,185.6026611328125,388.83294677734375,203.2308349609375,393.0398864746094,187.02255249023438,393.5310974121094,198.1796875,403.3457946777344,194.44154357910156,404.374755859375,202.28773498535156,402.50970458984375,194.15994262695312,424.4715270996094,200.11672973632812,417.1490478515625,200.55557250976562,444.10626220703125,202.3272705078125,432.5797424316406
d0af424c-4a9e-4411-b2c2-05526f9e2f7f_delivery_17,27,59.80422708192033,196.880615234375,370.50830078125,194.87245178222656,368.6504211425781,198.21998596191406,368.6493225097656,190.82701110839844,369.0368957519531,199.08416748046875,369.1740417480469,188.10255432128906,379.0347595214844,200.4519500732422,378.8053283691406,185.4814453125,388.76239013671875,202.9031982421875,393.1401062011719,186.631103515625,392.9893493652344,197.56475830078125,403.0818176269531,194.33010864257812,404.11712646484375,202.1057586669922,402.53607177734375,194.35556030273438,424.28509521484375,199.53016662597656,418.0509948730469,200.6345977783203,444.6188049316406,202.25894165039062,434.9300537109375
d0af424c-4a9e-4411-b2c2-05526f9e2f7f_delivery_17,28,59.80422708192033,196.73133850097656,370.4864501953125,194.74874877929688,368.60626220703125,198.1645050048828,368.6478271484375,190.78225708007812,368.9921875,199.1631622314453,369.2307434082031,188.0722198486328,378.88800048828125,200.4839324951172,378.8004455566406,185.4624481201172,388.6091613769531,202.84152221679688,393.0826416015625,186.41287231445312,392.3793640136719,197.15255737304688,402.6578063964844,194.09466552734375,403.7623596191406,201.91754150390625,402.3302917480469,194.33168029785156,423.72064208984375,199.35659790039062,418.01324462890625,200.6167449951172,444.4774169921875,202.20074462890625,435.68231201171875
d0af424c-4a9e-4411-b2c2-05526f9e2f7f_delivery_17,29,59.80422708192033,196.46827697753906,370.4554443359375,194.5269775390625,368.56085205078125,198.0084686279297,368.6474609375,190.72401428222656,368.94464111328125,199.20819091796875,369.29046630859375,188.13601684570312,378.6986999511719,200.54055786132812,378.7843322753906,185.36221313476562,388.3243103027344,202.89306640625,392.99652099609375,186.0430145263672,391.474365234375,196.9462127685547,402.3836364746094,193.9192352294922,403.4171142578125,201.7242431640625,402.1824951171875,194.46484375,423.3598327636719,199.01992797851562,418.391845703125,200.64682006835938,444.353515625,202.25999450683594,436.8228759765625
d0af424c-4a9e-4411-b2c2-05526f9e2f7f_delivery_17,30,59.80422708192033,196.16159057617188,370.46246337890625,194.30438232421875,368.5743713378906,197.6742706298828,368.6772766113281,190.8033905029297,368.8917236328125,198.9932098388672,369.2923889160156,188.51512145996094,378.57733154296875,200.47348022460938,378.7149963378906,185.794921875,388.35931396484375,202.66546630859375,392.8766174316406,186.48294067382812,391.7693786621094,197.05567932128906,402.2195129394531,194.40074157714844,403.02276611328125,201.94793701171875,401.80902099609375,194.562255859375,423.0738830566406,199.09475708007812,417.9708557128906,200.66139221191406,443.6719970703125,202.47409057617188,435.8376159667969
d0af424c-4a9e-4411-b2c2-05526f9e2f7f_delivery_17,31,59.80422708192033,196.07933044433594,370.4319763183594,194.2425994873047,368.5509338378906,197.5302276611328,368.6512145996094,190.85946655273438,368.8092956542969,198.8533935546875,369.2171936035156,188.86508178710938,378.42095947265625,200.4046630859375,378.594482421875,186.35829162597656,388.5167236328125,202.39622497558594,392.7298889160156,187.30593872070312,392.7021484375,197.1716766357422,402.0990905761719,194.94573974609375,402.68402099609375,202.2484588623047,401.48394775390625,194.67176818847656,422.9272155761719,199.1825408935547,417.7177734375,200.74420166015625,443.35955810546875,202.67593383789062,435.27978515625
d0af424c-4a9e-4411-b2c2-05526f9e2f7f_delivery_17,32,59.80422708192033,195.7964630126953,370.3987731933594,194.01588439941406,368.5133361816406,197.32598876953125,368.63885498046875,190.85166931152344,368.7337951660156,198.86676025390625,369.220947265625,189.03233337402344,378.2181701660156,200.37472534179688,378.48883056640625,186.4741973876953,387.966064453125,202.36465454101562,392.5487060546875,187.35516357421875,391.8538513183594,197.0850372314453,401.788818359375,195.16612243652344,402.4596862792969,202.34503173828125,401.27337646484375,194.75613403320312,422.7266540527344,199.193115234375,417.38836669921875,200.8314208984375,442.9452819824219,202.69371032714844,434.6224670410156
d0af424c-4a9e-4411-b2c2-05526f9e2f7f_delivery_17,33,59.80422708192033,195.70375061035156,370.37548828125,193.95269775390625,368.4886169433594,197.26617431640625,368.6360778808594,190.8582000732422,368.6947021484375,198.89846801757812,369.236572265625,188.92909240722656,378.18890380859375,200.53213500976562,378.4985656738281,186.34710693359375,388.10369873046875,202.55648803710938,392.510009765625,187.38136291503906,392.103759765625,197.33482360839844,401.761962890625,195.04165649414062,402.3980712890625,202.3823699951172,401.2689514160156,194.8575897216797,422.797607421875,199.24278259277344,417.7333679199219,200.861083984375,442.9814147949219,202.682373046875,435.0979309082031
d0af424c-4a9e-4411-b2c2-05526f9e2f7f_delivery_17,34,59.80422708192033,195.56497192382812,370.3102722167969,193.9010009765625,368.4526062011719,197.13807678222656,368.6333923339844,190.8830108642578,368.5859375,198.82882690429688,369.212158203125,188.22132873535156,377.74853515625,200.6317596435547,378.3228454589844,184.61158752441406,386.5997009277344,202.79872131347656,392.2102355957031,185.39968872070312,389.5314025878906,198.00942993164062,401.54486083984375,194.2416229248047,402.09014892578125,202.0406494140625,401.0091857910156,194.4450225830078,422.8875732421875,199.28196716308594,417.642578125,200.4967498779297,442.9914855957031,202.38674926757812,434.7616882324219
d0af424c-4a9e-4411-b2c2-05526f9e2f7f_delivery_17,35,59.80422708192033,195.6287078857422,370.1811218261719,193.99032592773438,368.331787109375,197.2908172607422,368.55096435546875,190.8409881591797,368.43115234375,199.0228729248047,369.1397705078125,187.2112579345703,377.4631652832031,200.76937866210938,378.12127685546875,182.7107391357422,385.48162841796875,203.40679931640625,391.9186706542969,183.2459259033203,387.78216552734375,198.87933349609375,401.3964538574219,193.07644653320312,402.1011657714844,201.52902221679688,400.934326171875,193.95858764648438,423.00360107421875,199.3758087158203,417.21990966796875,200.09681701660156,442.91497802734375,201.93296813964844,433.79327392578125
d0af424c-4a9e-4411-b2c2-05526f9e2f7f_delivery_17,36,59.80422708192033,195.50311279296875,370.13287353515625,193.92958068847656,368.2991638183594,197.2600555419922,368.5472106933594,190.80950927734375,368.3736572265625,199.13818359375,369.1338806152344,186.2477569580078,377.3616027832031,201.00160217285156,378.0182189941406,180.71652221679688,384.785888671875,204.08204650878906,391.7532958984375,180.8430633544922,386.63995361328125,199.7960205078125,401.24505615234375,191.91822814941406,402.1946105957031,201.0568389892578,400.9215393066406,193.47906494140625,423.03912353515625,199.5388641357422,416.6595153808594,199.63473510742188,442.5137634277344,201.47097778320312,432.35662841796875
d0af424c-4a9e-4411-b2c2-05526f9e2f7f_delivery_17,37,59.80422708192033,195.4972381591797,370.0799865722656,193.95423889160156,368.2875061035156,197.21180725097656,368.5177307128906,190.83966064453125,368.32794189453125,199.0831756591797,369.02783203125,185.59161376953125,377.2886047363281,201.21734619140625,377.819091796875,179.16856384277344,384.5663146972656,204.64976501464844,391.42523193359375,178.97760009765625,386.9320983886719,201.40606689453125,401.2142028808594,191.327392578125,402.1357421875,200.9596405029297,400.7080383300781,193.05279541015625,423.1536560058594,199.9049072265625,416.0179138183594,199.16639709472656,442.23486328125,201.26612854003906,430.7585754394531
d0af424c-4a9e-4411-b2c2-05526f9e2f7f_delivery_17,38,59.80422708192033,195.42074584960938,370.05828857421875,193.9061737060547,368.3214416503906,197.07012939453125,368.5122985839844,190.84552001953125,368.3468933105469,198.9144744873047,368.9359436035156,185.22805786132812,377.1241760253906,201.27349853515625,377.5738830566406,178.16818237304688,383.9544982910156,204.95364379882812,391.0224304199219,177.8717041015625,386.0693054199219,202.45018005371094,400.9577941894531,190.9712677001953,401.91729736328125,200.82760620117188,400.4101257324219,192.73963928222656,423.1792907714844,200.01429748535156,415.6224365234375,198.8060302734375,442.0799865722656,201.09136962890625,429.91094970703125
d0af424c-4a9e-4411-b2c2-05526f9e2f7f_delivery_17,39,59.80422708192033,195.4660186767578,370.09429931640625,193.91055297851562,368.37091064453125,197.07962036132812,368.5167541503906,190.83456420898438,368.4288635253906,198.89891052246094,368.890625,185.339599609375,377.3772277832031,201.3960723876953,377.50592041015625,178.69068908691406,384.821533203125,205.49122619628906,390.7489929199219,178.66636657714844,387.6698303222656,203.68862915039062,400.59161376953125,191.087646484375,401.97900390625,200.94912719726562,400.3482360839844,192.7226104736328,423.0442810058594,200.1862030029297,415.2638244628906,198.7966766357422,441.7663269042969,201.1189422607422,429.2506103515625
d0af424c-4a9e-4411-b2c2-05526f9e2f7f_delivery_17,40,59.80422708192033,195.4186248779297,370.13909912109375,193.83204650878906,368.4301452636719,197.0137176513672,368.5350341796875,190.7725067138672,368.53271484375,198.84573364257812,368.8792419433594,185.53509521484375,377.55914306640625,201.41400146484375,377.45294189453125,179.35691833496094,385.374755859375,205.75025939941406,390.48199462890625,179.66696166992188,388.5364990234375,204.2978973388672,400.29132080078125,191.21456909179688,401.9864501953125,200.9713592529297,400.312744140625,192.72018432617188,422.93316650390625,200.12818908691406,415.2363586425781,198.8040771484375,441.657470703125,201.1328582763672,429.3446350097656
d0af424c-4a9e-4411-b2c2-05526f9e2f7f_delivery_17,41,59.80422708192033,195.54397583007812,370.185791015625,193.91140747070312,368.4942321777344,197.10145568847656,368.57098388671875,190.8136444091797,368.6394348144531,198.86465454101562,368.9139709472656,186.02426147460938,377.7223205566406,201.3883514404297,377.403076171875,180.58685302734375,385.6397705078125,206.02993774414062,390.1891784667969,181.25531005859375,388.8953857421875,204.6500244140625,400.1176452636719,191.64889526367188,402.0578308105469,201.07427978515625,400.29931640625,192.91860961914062,422.8137512207031,200.20286560058594,415.05059814453125,199.05079650878906,441.51220703125,201.15310668945312,429.16845703125
d0af424c-4a9e-4411-b2c2-05526f9e2f7f_delivery_17,42,59.80422708192033,195.72817993164062,370.2060546875,194.0385284423828,368.52178955078125,197.23915100097656,368.5859069824219,190.83740234375,368.7186584472656,198.8791961669922,368.9572448730469,186.44247436523438,377.90203857421875,201.33615112304688,377.5021057128906,181.90460205078125,386.23211669921875,205.98202514648438,390.2514343261719,183.1843719482422,389.78717041015625,204.1302032470703,400.17449951171875,191.81703186035156,402.1456604003906,200.95709228515625,400.4219970703125,193.13461303710938,422.6925048828125,200.07566833496094,415.2909851074219,199.2741241455078,441.3772277832031,201.11155700683594,429.68536376953125
d0af424c-4a9e-4411-b2c2-05526f9e2f7f_delivery_17,43,59.80422708192033,195.77085876464844,370.21527099609375,194.04676818847656,368.5185546875,197.27481079101562,368.5792236328125,190.7717742919922,368.7315368652344,198.88369750976562,368.969970703125,186.4233856201172,377.9761962890625,201.24371337890625,377.7109375,181.90994262695312,386.0180358886719,205.88516235351562,390.5440673828125,183.20877075195312,389.2284240722656,203.73619079589844,400.38092041015625,191.65110778808594,402.3266296386719,200.72215270996094,400.6556701660156,193.10435485839844,422.77227783203125,199.86782836914062,415.36663818359375,199.3245086669922,441.3078308105469,200.90463256835938,429.57757568359375
d0af424c-4a9e-4411-b2c2-05526f9e2f7f_delivery_17,44,59.80422708192033,195.86679077148438,370.2419128417969,194.09263610839844,368.5209655761719,197.37603759765625,368.58331298828125,190.72894287109375,368.7732238769531,198.9573211669922,369.01678466796875,186.74041748046875,378.2956848144531,201.15847778320312,377.9362487792969,182.99887084960938,387.1101989746094,205.5059814453125,390.9896545410156,184.5911407470703,391.4324645996094,202.61227416992188,401.0358581542969,191.88577270507812,402.7315673828125,200.7431182861328,401.04034423828125,193.42538452148438,423.01922607421875,199.69593811035156,415.7711486816406,199.6640625,441.41937255859375,200.91009521484375,429.9029235839844
d0af424c-4a9e-4411-b2c2-05526f9e2f7f_delivery_17,45,59.80422708192033,195.96929931640625,370.2814025878906,194.1540069580078,368.5345153808594,197.47760009765625,368.60455322265625,190.70323181152344,368.802734375,199.01527404785156,369.0705871582031,187.03590393066406,378.6020202636719,201.0921173095703,378.16131591796875,184.05795288085938,388.2072448730469,205.27906799316406,391.4194641113281,185.9319610595703,393.53570556640625,201.86167907714844,401.6220703125,192.18658447265625,403.1278381347656,200.84657287597656,401.4208068847656,193.8358154296875,423.23077392578125,199.61602783203125,416.1649169921875,200.04615783691406,441.2869873046875,200.9270782470703,430.0366516113281
d0af424c-4a9e-4411-b2c2-05526f9e2f7f_delivery_17,46,59.80422708192033,195.9292755126953,370.3604736328125,194.0970458984375,368.58258056640625,197.44610595703125,368.6588439941406,190.6065216064453,368.8484802246094,198.98080444335938,369.1402893066406,187.0626983642578,378.84857177734375,200.99322509765625,378.41680908203125,184.5500946044922,389.0679931640625,204.96412658691406,391.9423828125,186.7099151611328,394.95513916015625,201.12806701660156,402.07208251953125,192.3008270263672,403.4467468261719,200.93324279785156,401.76129150390625,194.03366088867188,423.4941101074219,199.45896911621094,416.6023254394531,200.23483276367188,441.31298828125,201.0027313232422,430.3128662109375
d0af424c-4a9e-4411-b2c2-05526f9e2f7f_delivery_17,47,59.80422708192033,195.8907928466797,370.46685791015625,194.03179931640625,368.626708984375,197.41563415527344,368.7232360839844,190.4890594482422,368.85931396484375,198.92697143554688,369.2096862792969,187.16575622558594,378.9478454589844,200.80760192871094,378.6376647949219,185.0070037841797,389.6412048339844,204.48464965820312,392.33013916015625,187.6461181640625,395.68804931640625,200.6220703125,402.1748352050781,192.57240295410156,403.4869689941406,201.0587921142578,401.9127502441406,194.04754638671875,423.6058654785156,199.2312469482422,417.09930419921875,200.3094940185547,441.37628173828125,201.21803283691406,431.0156555175781
d0af424c-4a9e-4411-b2c2-05526f9e2f7f_delivery_17,48,59.80422708192033,195.98851013183594,370.54779052734375,194.0933074951172,368.6488037109375,197.51455688476562,368.7756042480469,190.49057006835938,368.8638916015625,198.96620178222656,369.2922058105469,187.59030151367188,379.14959716796875,200.7045440673828,378.7801818847656,186.18606567382812,390.88861083984375,204.16038513183594,392.5840759277344,189.41404724121094,397.89447021484375,200.40025329589844,402.319580078125,193.17092895507812,403.55908203125,201.37001037597656,402.01226806640625,194.2439727783203,423.6161804199219,199.28378295898438,417.4454040527344,200.4679718017578,441.2085266113281,201.61767578125,431.4216613769531
d0af424c-4a9e-4411-b2c2-05526f9e2f7f_delivery_17,49,59.80422708192033,196.0104217529297,370.60577392578125,194.0895233154297,368.66595458984375,197.52565002441406,368.8209533691406,190.4284210205078,368.83160400390625,198.92782592773438,369.341552734375,187.593505859375,379.0913391113281,200.56448364257812,378.86151123046875,185.82395935058594,390.8305969238281,203.78826904296875,392.78179931640625,189.27171325683594,397.5989685058594,200.27822875976562,402.4691467285156,193.40179443359375,403.4996337890625,201.48756408691406,401.9762878417969,194.10887145996094,423.6912841796875,199.39724731445312,417.3748474121094,200.39280700683594,441.3480529785156,201.8765869140625,431.3448181152344
d0af424c-4a9e-4411-b2c2-05526f9e2f7f_delivery_17,50,59.80422708192033,196.1208953857422,370.6787414550781,194.1455841064453,368.69439697265625,197.6071319580078,368.8597106933594,190.37527465820312,368.8353271484375,198.92698669433594,369.3800048828125,187.5692138671875,379.1386413574219,200.45025634765625,378.96099853515625,185.47186279296875,390.8749084472656,203.4677734375,393.01092529296875,189.26487731933594,397.5425720214844,200.24961853027344,402.6225280761719,193.5800323486328,403.6048583984375,201.60543823242188,402.01165771484375,193.9144287109375,424.030517578125,199.76806640625,417.2185974121094,200.23699951171875,441.7178039550781,202.19290161132812,430.8795471191406
d0af424c-4a9e-4411-b2c2-05526f9e2f7f_delivery_17,51,59.80422708192033,196.182861328125,370.6990966796875,194.16513061523438,368.6791076660156,197.65086364746094,368.85150146484375,190.32696533203125,368.8087158203125,198.92178344726562,369.3696594238281,187.61444091796875,379.107177734375,200.3868408203125,379.0019226074219,185.30874633789062,390.9227600097656,203.2081298828125,393.1117248535156,189.3257598876953,397.5336608886719,200.35667419433594,402.8031921386719,193.6510467529297,403.5403747558594,201.60523986816406,401.9932556152344,193.7139892578125,424.1892395019531,199.8113555908203,417.42535400390625,199.9947052001953,441.94122314453125,202.4632110595703,431.20428466796875
d0af424c-4a9e-4411-b2c2-05526f9e2f7f_delivery_17,52,59.80422708192033,196.25753784179688,370.7064208984375,194.22189331054688,368.68377685546875,197.712890625,368.85235595703125,190.32911682128906,368.81109619140625,198.9558563232422,369.36614990234375,187.48370361328125,379.15850830078125,200.38296508789062,378.98712158203125,184.90501403808594,390.884521484375,203.22708129882812,393.14617919921875,188.99986267089844,397.4810485839844,200.50088500976562,403.0440673828125,193.5162353515625,403.7402038574219,201.5567169189453,402.0623474121094,193.637451171875,424.4417724609375,200.1338348388672,417.1468811035156,199.87326049804688,441.9315490722656,202.5746612548828,430.29095458984375
d0af424c-4a9e-4411-b2c2-05526f9e2f7f_delivery_17,53,59.80422708192033,196.3133087158203,370.6878662109375,194.26864624023438,368.6719665527344,197.76097106933594,368.8454895019531,190.33291625976562,368.7923278808594,198.98617553710938,369.35858154296875,187.3348388671875,379.1295471191406,200.3837432861328,378.9421691894531,184.3590545654297,390.8211975097656,203.24737548828125,393.1046142578125,188.46739196777344,397.6145324707031,200.6112823486328,403.20391845703125,193.20904541015625,403.87579345703125,201.32606506347656,402.1257629394531,193.52334594726562,424.5948791503906,200.2331085205078,416.98846435546875,199.78915405273438,441.9588623046875,202.63658142089844,429.7724609375
d0af424c-4a9e-4411-b2c2-05526f9e2f7f_delivery_17,54,59.80422708192033,196.3587188720703,370.60711669921875,194.36105346679688,368.6418151855469,197.80247497558594,368.8038330078125,190.41905212402344,368.7628479003906,199.00807189941406,369.29229736328125,186.76988220214844,378.9442443847656,200.5763702392578,378.84759521484375,182.99835205078125,390.16064453125,203.6589813232422,393.0068359375,186.24331665039062,396.88592529296875,201.08123779296875,403.2472229003906,192.51809692382812,403.8341979980469,201.08175659179688,402.13861083984375,193.20396423339844,424.3059997558594,200.1772003173828,416.7938537597656,199.39657592773438,441.519775390625,202.29486083984375,429.4607238769531
d0af424c-4a9e-4411-b2c2-05526f9e2f7f_delivery_17,55,59.80422708192033,196.31515502929688,370.5306091308594,194.36758422851562,368.6317443847656,197.76234436035156,368.7713623046875,190.48028564453125,368.7831115722656,198.99533081054688,369.24871826171875,186.38453674316406,378.69696044921875,200.78492736816406,378.7664794921875,182.01858520507812,389.1081237792969,204.0443572998047,392.85107421875,184.52349853515625,394.83087158203125,201.36891174316406,403.17132568359375,191.91221618652344,403.65185546875,200.81480407714844,402.12744140625,193.03082275390625,424.0098571777344,199.77040100097656,417.0820617675781,199.1599578857422,441.56402587890625,201.93214416503906,430.5321044921875
d0af424c-4a9e-4411-b2c2-05526f9e2f7f_delivery_17,56,59.80422708192033,196.3791961669922,370.4496765136719,194.46214294433594,368.6161804199219,197.80616760253906,368.7331848144531,190.54220581054688,368.78375244140625,198.98158264160156,369.193115234375,185.91387939453125,378.3684387207031,200.9038543701172,378.63818359375,180.6438751220703,387.63800048828125,204.24493408203125,392.6424255371094,182.2850341796875,391.9100341796875,201.49452209472656,403.077880859375,191.3348846435547,403.4677429199219,200.5546417236328,402.07177734375,192.9495086669922,423.8133239746094,199.53204345703125,417.2818603515625,199.00302124023438,441.7946472167969,201.5309600830078,431.4939270019531
d0af424c-4a9e-4411-b2c2-05526f9e2f7f_delivery_17,57,59.80422708192033,196.15512084960938,370.3844909667969,194.3027801513672,368.61572265625,197.6112518310547,368.70465087890625,190.53860473632812,368.80810546875,198.91696166992188,369.1393127441406,185.6005401611328,378.1534423828125,201.013671875,378.4798278808594,179.74716186523438,386.6743469238281,204.39669799804688,392.46759033203125,180.61654663085938,390.21356201171875,201.57220458984375,402.95147705078125,190.92294311523438,403.29827880859375,200.38563537597656,401.9491271972656,192.8134765625,423.6684875488281,199.33546447753906,417.2190856933594,198.8250732421875,442.1038818359375,201.2125244140625,431.9549865722656
d0af424c-4a9e-4411-b2c2-05526f9e2f7f_delivery_17,58,59.80422708192033,195.45924377441406,370.2547912597656,193.752685546875,368.54632568359375,197.01173400878906,368.63946533203125,190.36268615722656,368.75,198.6898956298828,369.0876770019531,185.1759490966797,377.72662353515625,201.2014923095703,378.25982666015625,178.41738891601562,385.3690185546875,204.31454467773438,392.1304626464844,177.97120666503906,388.30517578125,201.4248046875,403.2395935058594,190.7333984375,402.9525146484375,200.57725524902344,401.8410339355469,192.93679809570312,423.5113525390625,199.45858764648438,418.0032043457031,198.82662963867188,442.85784912109375,201.2620849609375,434.31390380859375
d0af424c-4a9e-4411-b2c2-05526f9e2f7f_delivery_17,59,59.80422708192033,194.77391052246094,370.197998046875,193.1637725830078,368.50433349609375,196.41551208496094,368.609130859375,190.13006591796875,368.729736328125,198.46002197265625,369.0971984863281,185.2380828857422,377.4967346191406,201.21237182617188,378.1298522949219,178.3135986328125,384.716064453125,203.91871643066406,391.8782958984375,177.4856414794922,387.1565856933594,200.9639129638672,403.4765319824219,190.96055603027344,402.6952209472656,200.8076171875,401.7388610839844,193.2494354248047,423.63409423828125,199.73272705078125,418.8647766113281,199.06838989257812,443.6815185546875,201.66793823242188,436.41253662109375
d0af424c-4a9e-4411-b2c2-05526f9e2f7f_delivery_17,60,59.80422708192033,194.1202850341797,370.14739990234375,192.6165771484375,368.4566345214844,195.86398315429688,368.59063720703125,189.91705322265625,368.64532470703125,198.27232360839844,369.0932312011719,185.1682891845703,377.1805114746094,201.22933959960938,377.96240234375,177.8352508544922,383.96368408203125,203.5055389404297,391.6708679199219,176.4719696044922,386.0169372558594,200.552001953125,403.7686767578125,191.15325927734375,402.41754150390625,201.08438110351562,401.5901794433594,193.46131896972656,423.6257629394531,200.1013946533203,419.4057312011719,199.2338409423828,444.2007751464844,202.06044006347656,437.85205078125
d0af424c-4a9e-4411-b2c2-05526f9e2f7f_delivery_17,61,59.80422708192033,193.46595764160156,370.0674133300781,192.06472778320312,368.3683166503906,195.34588623046875,368.5560302734375,189.6733856201172,368.52252197265625,198.13858032226562,369.114501953125,185.11569213867188,376.9830627441406,201.18626403808594,377.8253173828125,177.39622497558594,383.712890625,203.11978149414062,391.5002746582031,175.51416015625,386.0290832519531,200.12091064453125,403.84185791015625,191.5111083984375,402.34112548828125,201.45916748046875,401.52252197265625,193.72845458984375,423.68212890625,200.55738830566406,419.6596374511719,199.63546752929688,444.7018127441406,202.58656311035156,438.6806945800781
d0af424c-4a9e-4411-b2c2-05526f9e2f7f_delivery_17,62,59.80422708192033,193.15235900878906,369.9977111816406,191.7980194091797,368.3047790527344,195.08108520507812,368.5262451171875,189.51943969726562,368.44891357421875,198.0294189453125,369.1438903808594,185.0242919921875,376.64447021484375,201.1861114501953,377.74822998046875,176.84852600097656,382.58258056640625,202.83554077148438,391.31219482421875,174.5100555419922,383.9346923828125,199.77316284179688,404.0701904296875,191.77499389648438,402.11309814453125,201.78038024902344,401.4534606933594,193.93923950195312,423.7280578613281,200.7917022705078,420.23162841796875,199.9646759033203,445.27142333984375,202.8367156982422,440.2076110839844
d0af424c-4a9e-4411-b2c2-05526f9e2f7f_delivery_17,63,59.80422708192033,193.1521759033203,369.9715576171875,191.78411865234375,368.2824401855469,195.0802001953125,368.5030822753906,189.4906005859375,368.4680480957031,198.0542755126953,369.1781921386719,185.10125732421875,376.552001953125,201.1558837890625,377.84375,176.88211059570312,381.5422058105469,202.76341247558594,391.46826171875,174.5839385986328,381.41143798828125,199.6595458984375,403.9991760253906,191.92910766601562,402.1182861328125,201.8640899658203,401.4583435058594,193.9752960205078,423.8240661621094,200.802734375,420.0263366699219,200.14285278320312,445.4389343261719,202.74119567871094,439.8860778808594
d0af424c-4a9e-4411-b2c2-05526f9e2f7f_delivery_17,64,59.80422708192033,193.64395141601562,369.9945983886719,192.16128540039062,368.3233947753906,195.47003173828125,368.5063781738281,189.5722198486328,368.5406799316406,198.12623596191406,369.1875915527344,185.1617889404297,376.5769958496094,201.08770751953125,377.9208068847656,176.79042053222656,380.8821716308594,202.6996307373047,391.58355712890625,174.58981323242188,379.64898681640625,199.51202392578125,403.7984924316406,192.30262756347656,402.2268371582031,202.11514282226562,401.45361328125,194.17031860351562,423.9384460449219,200.70877075195312,419.740234375,200.51841735839844,445.67340087890625,202.72833251953125,439.53045654296875
d0af424c-4a9e-4411-b2c2-05526f9e2f7f_delivery_17,65,59.80422708192033,193.9428253173828,370.02276611328125,192.40304565429688,368.3660583496094,195.68321228027344,368.50787353515625,189.6327362060547,368.6202392578125,198.0699005126953,369.1592102050781,185.1046142578125,376.7232666015625,200.946533203125,377.91302490234375,176.81842041015625,381.31829833984375,202.73495483398438,391.5997314453125,174.5696258544922,380.5088806152344,199.54534912109375,403.7663879394531,192.31712341308594,402.12152099609375,202.03285217285156,401.2663269042969,194.16114807128906,423.8261413574219,200.3389129638672,419.40130615234375,200.61509704589844,445.52197265625,202.4228057861328,439.07244873046875
d0af424c-4a9e-4411-b2c2-05526f9e2f7f_delivery_17,66,59.80422708192033,194.3412628173828,370.0594787597656,192.71463012695312,368.4356994628906,195.9557647705078,368.5087585449219,189.75083923339844,368.7411193847656,198.0531768798828,369.12127685546875,185.2296905517578,376.8186340332031,200.8743438720703,377.977294921875,176.97706604003906,380.9181213378906,202.85018920898438,391.6764831542969,174.96092224121094,379.3403625488281,199.63442993164062,403.7919616699219,192.44822692871094,402.16259765625,201.96926879882812,401.2465515136719,194.29139709472656,423.8981628417969,199.77574157714844,419.19256591796875,200.87030029296875,445.528076171875,202.01370239257812,438.66900634765625
d0af424c-4a9e-4411-b2c2-05526f9e2f7f_delivery_17,67,59.80422708192033,194.76771545410156,370.10723876953125,193.07058715820312,368.4818420410156,196.3062744140625,368.5388488769531,189.87741088867188,368.7845153808594,198.1240692138672,369.1221618652344,185.22332763671875,376.9405517578125,200.8857421875,378.08477783203125,176.97254943847656,381.2989196777344,203.0225067138672,391.8686218261719,174.89212036132812,380.4224853515625,199.77227783203125,403.9929504394531,192.39834594726562,402.2327880859375,201.8543701171875,401.3011779785156,194.54916381835938,423.8036193847656,199.34434509277344,419.2266540527344,201.13412475585938,445.3570861816406,201.81605529785156,438.6651306152344
d0af424c-4a9e-4411-b2c2-05526f9e2f7f_delivery_17,68,59.80422708192033,195.43797302246094,370.2088317871094,193.63206481933594,368.5899963378906,196.85134887695312,368.61651611328125,190.0689697265625,368.8857116699219,198.21151733398438,369.1517639160156,185.18453979492188,377.1376037597656,200.82757568359375,378.1762390136719,176.99508666992188,381.7486572265625,203.1942596435547,391.9776611328125,175.08538818359375,381.4826354980469,199.93162536621094,404.21044921875,192.44725036621094,402.3321838378906,201.81906127929688,401.30096435546875,194.7801971435547,423.7608337402344,199.02163696289062,419.08087158203125,201.36361694335938,445.2315673828125,201.60366821289062,438.3930358886719
d0af424c-4a9e-4411-b2c2-05526f9e2f7f_delivery_17,69,59.80422708192033,195.60916137695312,370.2643127441406,193.8109588623047,368.6338806152344,197.0029754638672,368.670654296875,190.1591033935547,368.9173583984375,198.24415588378906,369.1861572265625,185.02880859375,377.3204345703125,200.8292694091797,378.26641845703125,177.00343322753906,382.5224609375,203.4668731689453,392.1035461425781,175.1852264404297,383.36444091796875,200.24459838867188,404.5484619140625,192.09365844726562,402.3951110839844,201.5076904296875,401.34906005859375,194.83438110351562,423.6487121582031,198.71627807617188,418.975830078125,201.4409637451172,444.9537048339844,201.1928253173828,438.0689697265625
d0af424c-4a9e-4411-b2c2-05526f9e2f7f_delivery_17,70,59.80422708192033,196.09246826171875,370.3516540527344,194.23617553710938,368.7243347167969,197.40078735351562,368.7682189941406,190.2876434326172,368.9399108886719,198.3756866455078,369.25115966796875,184.96603393554688,377.248779296875,200.79141235351562,378.42401123046875,176.62265014648438,381.7484436035156,203.6870880126953,392.25787353515625,175.16700744628906,382.1521911621094,200.4438934326172,404.699951171875,192.1414337158203,402.7746276855469,201.46417236328125,401.70562744140625,195.1174774169922,423.9518127441406,198.51284790039062,419.104736328125,201.93589782714844,445.2701110839844,201.06105041503906,438.0142822265625
d0af424c-4a9e-4411-b2c2-05526f9e2f7f_delivery_17,71,59.80422708192033,196.45079040527344,370.4615478515625,194.5867462158203,368.830810546875,197.6791534423828,368.88873291015625,190.395263671875,368.9631652832031,198.38894653320312,369.29901123046875,184.6728973388672,377.225341796875,200.77716064453125,378.4854736328125,176.22543334960938,382.1191711425781,203.88003540039062,392.3230895996094,174.8535614013672,383.547119140625,200.6672821044922,404.8887939453125,191.8095703125,402.7884826660156,201.24984741210938,401.801513671875,195.1399688720703,423.862060546875,198.31430053710938,419.3753356933594,201.99478149414062,444.9802551269531,200.8629150390625,438.2448425292969
d0af424c-4a9e-4411-b2c2-05526f9e2f7f_delivery_17,72,59.80422708192033,196.69924926757812,370.5555419921875,194.8180389404297,368.92169189453125,197.8453826904297,368.962890625,190.44961547851562,368.9970703125,198.3623809814453,369.29534912109375,184.5163116455078,377.3684387207031,200.6436767578125,378.49267578125,176.1887664794922,382.6878356933594,203.86489868164062,392.2934875488281,175.47817993164062,384.98175048828125,200.72592163085938,404.7838134765625,191.8320770263672,402.9228820800781,201.27005004882812,401.7903137207031,195.02369689941406,423.9774475097656,198.4091339111328,419.00164794921875,202.00808715820312,445.02264404296875,200.79183959960938,437.4329833984375
d0af424c-4a9e-4411-b2c2-05526f9e2f7f_delivery_17,73,59.80422708192033,196.9144287109375,370.6389465332031,195.02037048339844,368.9927062988281,197.99868774414062,369.03143310546875,190.45941162109375,368.9613037109375,198.35740661621094,369.2550354003906,184.31320190429688,377.43206787109375,200.56390380859375,378.409423828125,176.38629150390625,383.7546081542969,203.85595703125,392.2169189453125,176.74215698242188,387.7378845214844,200.76620483398438,404.7989196777344,191.85946655273438,403.0838928222656,201.404296875,401.8623046875,194.8560333251953,424.12823486328125,198.69839477539062,418.99163818359375,201.88868713378906,445.22161865234375,201.01629638671875,437.3110046386719
d0af424c-4a9e-4411-b2c2-05526f9e2f7f_delivery_17,74,59.80422708192033,197.14254760742188,370.7154846191406,195.23338317871094,369.06103515625,198.16500854492188,369.1000671386719,190.4797821044922,368.9332275390625,198.3628387451172,369.2358703613281,184.22898864746094,377.4422607421875,200.486572265625,378.3887939453125,176.85841369628906,384.64990234375,203.71607971191406,392.3026428222656,178.2073211669922,389.82904052734375,200.62179565429688,404.9915466308594,191.96617126464844,403.2444152832031,201.54293823242188,402.0425720214844,194.78399658203125,424.34930419921875,198.78945922851562,419.4145812988281,201.85877990722656,445.46636962890625,201.06797790527344,437.88665771484375
d0af424c-4a9e-4411-b2c2-05526f9e2f7f_delivery_17,75,59.80422708192033,197.2084503173828,370.73638916015625,195.3070831298828,369.06207275390625,198.2230682373047,369.11993408203125,190.47312927246094,368.88995361328125,198.36753845214844,369.2290954589844,184.104248046875,377.5789489746094,200.5187530517578,378.3839416503906,177.42796325683594,386.1849670410156,203.57447814941406,392.34844970703125,179.4270477294922,393.2378845214844,200.43399047851562,405.0260314941406,191.9204864501953,403.2500305175781,201.66635131835938,402.074462890625,194.66830444335938,424.3346252441406,199.05377197265625,419.7322692871094,201.64193725585938,445.5009765625,201.13720703125,438.4547424316406
d0af424c-4a9e-4411-b2c2-05526f9e2f7f_delivery_17,76,59.80422708192033,197.0237274169922,370.7324523925781,195.13954162597656,369.02874755859375,198.11550903320312,369.1302795410156,190.36260986328125,368.8065490722656,198.38087463378906,369.25946044921875,183.97816467285156,377.5574645996094,200.53887939453125,378.3926696777344,177.5523223876953,386.5776672363281,203.5583953857422,392.338134765625,179.48477172851562,394.42315673828125,200.42807006835938,405.1393127441406,191.85739135742188,403.3061218261719,201.74571228027344,402.16876220703125,194.5076446533203,424.41912841796875,199.32415771484375,419.94140625,201.43211364746094,445.74285888671875,201.25778198242188,438.88128662109375
d0af424c-4a9e-4411-b2c2-05526f9e2f7f_delivery_17,77,59.80422708192033,196.81765747070312,370.701416015625,194.96705627441406,368.9875793457031,197.98268127441406,369.13470458984375,190.263671875,368.7205810546875,198.35633850097656,369.287841796875,183.85963439941406,377.3982849121094,200.57130432128906,378.39263916015625,177.4294891357422,386.5065002441406,203.658203125,392.2881164550781,178.8517608642578,394.5033264160156,200.5294189453125,405.2077331542969,191.6748504638672,403.3641052246094,201.66354370117188,402.40380859375,194.47012329101562,424.4727783203125,199.256591796875,420.650634765625,201.3490447998047,445.8650817871094,201.28944396972656,440.10906982421875
d0af424c-4a9e-4411-b2c2-05526f9e2f7f_delivery_17,78,59.80422708192033,196.31980895996094,370.62347412109375,194.5286865234375,368.89825439453125,197.62368774414062,369.09820556640625,190.09373474121094,368.646240234375,198.29757690429688,369.3360595703125,183.78140258789062,377.3788146972656,200.61306762695312,378.4621887207031,177.06407165527344,386.5875549316406,203.85153198242188,392.281005859375,177.42385864257812,394.8609619140625,200.7136993408203,405.0466003417969,191.38851928710938,403.4247131347656,201.40020751953125,402.58331298828125,194.48312377929688,424.48052978515625,198.90594482421875,420.9781494140625,201.41981506347656,445.7976379394531,200.9452362060547,440.5334167480469
d0af424c-4a9e-4411-b2c2-05526f9e2f7f_delivery_17,79,59.80422708192033,195.66665649414062,370.5143737792969,193.95204162597656,368.76751708984375,197.15130615234375,369.03302001953125,189.8660125732422,368.5447998046875,198.2315216064453,369.3878173828125,183.70263671875,377.3034973144531,200.6195068359375,378.4964294433594,176.44554138183594,386.3448486328125,203.9227752685547,392.2189636230469,175.57089233398438,394.57952880859375,200.6810302734375,404.7550048828125,191.0969696044922,403.3861999511719,201.1331024169922,402.6322326660156,194.4315185546875,424.3742370605469,198.72732543945312,421.0208740234375,201.39028930664062,445.687255859375,200.8654022216797,440.6103820800781
d0af424c-4a9e-4411-b2c2-05526f9e2f7f_delivery_17,80,59.80422708192033,195.1592254638672,370.4830017089844,193.50404357910156,368.7071533203125,196.7880859375,369.0238037109375,189.6622772216797,368.4470520019531,198.14715576171875,369.3979797363281,183.56158447265625,377.34942626953125,200.5244140625,378.4859619140625,176.0303497314453,387.1264953613281,203.86192321777344,392.2112731933594,174.06100463867188,396.5343017578125,200.58982849121094,404.5261535644531,190.79171752929688,403.4747619628906,200.8298797607422,402.7762756347656,194.41888427734375,424.32244873046875,198.51820373535156,421.2166442871094,201.36602783203125,445.510009765625,200.80992126464844,440.76873779296875
d0af424c-4a9e-4411-b2c2-05526f9e2f7f_delivery_17,81,59.80422708192033,194.91864013671875,370.48968505859375,193.29396057128906,368.6942443847656,196.6046600341797,369.0306091308594,189.54464721679688,368.40838623046875,198.0699005126953,369.3834533691406,183.4454345703125,377.4925537109375,200.40350341796875,378.4713439941406,175.9771270751953,388.4575500488281,203.68377685546875,392.2638244628906,173.77700805664062,399.5957946777344,200.37986755371094,404.3335876464844,190.49899291992188,403.536865234375,200.5297393798828,402.8452453613281,194.36363220214844,424.2203063964844,198.37588500976562,421.3057556152344,201.29017639160156,445.3446960449219,200.7630157470703,440.83172607421875
d0af424c-4a9e-4411-b2c2-05526f9e2f7f_delivery_17,82,59.80422708192033,194.91134643554688,370.5223083496094,193.30014038085938,368.71429443359375,196.57955932617188,369.0478515625,189.51248168945312,368.4222717285156,197.97659301757812,369.3597717285156,183.2774200439453,377.7369689941406,200.29534912109375,378.4862365722656,175.85952758789062,389.9843444824219,203.53704833984375,392.38177490234375,173.4287109375,402.87432861328125,200.2252655029297,404.2445068359375,190.2649383544922,403.6558837890625,200.3302764892578,402.9401550292969,194.29188537597656,424.1459655761719,198.3389434814453,421.4303283691406,201.1879425048828,445.19390869140625,200.7520751953125,440.94232177734375
d0af424c-4a9e-4411-b2c2-05526f9e2f7f_delivery_17,83,59.80422708192033,194.84437561035156,370.5695495605469,193.22991943359375,368.740966796875,196.53871154785156,369.07806396484375,189.4199981689453,368.431640625,197.941650390625,369.35980224609375,183.18328857421875,377.8680725097656,200.17660522460938,378.5303039550781,175.77500915527344,391.05255126953125,203.25906372070312,392.5689697265625,173.04505920410156,405.09765625,199.95516967773438,404.3206787109375,190.07052612304688,403.7406921386719,200.1243438720703,403.08709716796875,194.26644897460938,424.1007995605469,198.21182250976562,421.83209228515625,201.1122589111328,445.0412902832031,200.846923828125,441.5145263671875
d0af424c-4a9e-4411-b2c2-05526f9e2f7f_delivery_17,84,59.80422708192033,195.0446014404297,370.6624450683594,193.39398193359375,368.8378601074219,196.68260192871094,369.1575927734375,189.42874145507812,368.4790954589844,197.89549255371094,369.376220703125,183.15589904785156,377.73370361328125,199.99948120117188,378.5211181640625,175.6753692626953,390.2986145019531,203.29275512695312,392.477294921875,173.12771606445312,403.12042236328125,200.54434204101562,404.21868896484375,190.01531982421875,403.7450256347656,199.95445251464844,403.1501159667969,194.2934112548828,424.1027526855469,198.09739685058594,422.1238708496094,201.10711669921875,444.911865234375,200.97549438476562,441.93017578125
d0af424c-4a9e-4411-b2c2-05526f9e2f7f_delivery_17,85,59.80422708192033,195.19326782226562,370.747314453125,193.49099731445312,368.93011474609375,196.7976837158203,369.2333984375,189.4222869873047,368.5874328613281,197.9231414794922,369.4817199707031,183.301513671875,377.4621276855469,199.94061279296875,378.5871276855469,175.62954711914062,387.9847717285156,203.32296752929688,392.4683837890625,173.41287231445312,397.4865417480469,200.9120330810547,404.3283386230469,190.26046752929688,403.56024169921875,200.09078979492188,403.00439453125,194.25146484375,424.0862121582031,198.2308807373047,421.9985046386719,201.0465545654297,444.9610900878906,201.25425720214844,441.91241455078125
d0af424c-4a9e-4411-b2c2-05526f9e2f7f_delivery_17,86,59.80422708192033,195.29110717773438,370.8934326171875,193.53370666503906,369.0785827636719,196.86453247070312,369.3545837402344,189.36834716796875,368.7192687988281,197.92710876464844,369.5907897949219,183.3011016845703,377.35345458984375,199.85775756835938,378.5820617675781,175.54090881347656,385.636962890625,203.69485473632812,392.2944030761719,173.77291870117188,391.99932861328125,201.82582092285156,404.16912841796875,190.69740295410156,403.6048889160156,200.4836883544922,402.77587890625,194.0843963623047,424.21051025390625,198.6670379638672,420.7041320800781,200.99267578125,444.7866516113281,201.29627990722656,439.44287109375
d0af424c-4a9e-4411-b2c2-05526f9e2f7f_delivery_17,87,59.80422708192033,194.7598114013672,370.9981994628906,193.00927734375,369.1587219238281,196.50039672851562,369.4590148925781,189.10791015625,368.8249816894531,197.99786376953125,369.7779846191406,183.33984375,377.36328125,199.99574279785156,378.6237487792969,175.63217163085938,384.2257385253906,204.0384979248047,392.2643737792969,174.05032348632812,388.5924072265625,202.5221710205078,404.3561706542969,190.8861083984375,403.5234375,200.7665557861328,402.4886779785156,193.94805908203125,424.07183837890625,199.0609130859375,419.3908386230469,200.93905639648438,444.42486572265625,201.22857666015625,437.1329040527344
d0af424c-4a9e-4411-b2c2-05526f9e2f7f_delivery_17,88,59.80422708192033,194.84555053710938,371.1702575683594,193.07069396972656,369.322509765625,196.5604705810547,369.610107421875,189.0933380126953,368.9760437011719,197.98834228515625,369.8877868652344,183.2314453125,377.63671875,200.0791778564453,378.6792297363281,175.64089965820312,384.56884765625,204.39476013183594,392.1984558105469,174.2098846435547,388.8965759277344,203.2874298095703,404.55963134765625,190.9577178955078,403.5936279296875,200.93577575683594,402.41107177734375,193.96189880371094,423.9676208496094,199.15127563476562,418.8629455566406,201.02963256835938,444.08721923828125,201.0763702392578,436.1300964355469
d0af424c-4a9e-4411-b2c2-05526f9e2f7f_delivery_17,89,59.80422708192033,194.87045288085938,371.33709716796875,193.08131408691406,369.463623046875,196.58131408691406,369.74822998046875,189.02381896972656,369.07415771484375,197.9668426513672,369.9585876464844,183.01834106445312,378.07647705078125,200.07505798339844,378.7990417480469,175.7294921875,386.4083251953125,204.58160400390625,392.38336181640625,174.23361206054688,393.2498779296875,203.5644073486328,404.8520202636719,190.96920776367188,403.79522705078125,201.03587341308594,402.4708251953125,193.9546356201172,423.9904479980469,199.13803100585938,418.52911376953125,201.15750122070312,443.8905029296875,200.74154663085938,435.2725830078125
d0af424c-4a9e-4411-b2c2-05526f9e2f7f_delivery_17,90,59.80422708192033,194.65330505371094,371.5277404785156,192.88523864746094,369.6251220703125,196.41456604003906,369.9154968261719,188.91021728515625,369.2298889160156,197.91476440429688,370.0811767578125,182.86451721191406,378.74261474609375,200.08792114257812,379.00823974609375,175.7694549560547,389.1911926269531,204.55783081054688,392.7082214355469,173.9097442626953,399.4405822753906,203.59765625,405.4252624511719,190.73574829101562,404.2882080078125,200.87692260742188,402.8538513183594,193.9196014404297,424.0875549316406,198.84959411621094,418.54681396484375,201.13784790039062,443.8271789550781,200.43405151367188,434.9838562011719
d0af424c-4a9e-4411-b2c2-05526f9e2f7f_delivery_17,91,59.80422708192033,194.35507202148438,371.6904296875,192.6463623046875,369.7274475097656,196.2101287841797,370.08868408203125,188.7556915283203,369.275634765625,197.83360290527344,370.26275634765625,182.70863342285156,379.1230163574219,199.9102325439453,379.3554382324219,175.9615478515625,392.2351379394531,203.7510223388672,393.42333984375,173.78219604492188,405.8497619628906,202.66624450683594,406.31268310546875,190.29873657226562,404.492431640625,200.45057678222656,403.381103515625,194.0378875732422,424.064697265625,198.29701232910156,419.9595031738281,201.02586364746094,444.0450744628906,200.47735595703125,437.5848083496094
d0af424c-4a9e-4411-b2c2-05526f9e2f7f_delivery_17,92,59.80422708192033,193.80467224121094,371.844970703125,192.17982482910156,369.8783874511719,195.65493774414062,370.2039489746094,188.69923400878906,369.5128173828125,197.46713256835938,370.4316101074219,184.00192260742188,379.474853515625,199.371337890625,379.62396240234375,178.7467803955078,393.8909912109375,202.6908416748047,394.017822265625,176.95260620117188,408.4420166015625,201.48207092285156,406.9604187011719,191.92413330078125,404.4772033691406,201.04095458984375,403.58099365234375,194.3424072265625,424.2193908691406,197.60720825195312,421.1164855957031,201.06884765625,444.45159912109375,201.2456817626953,439.9127502441406
d0af424c-4a9e-4411-b2c2-05526f9e2f7f_delivery_17,93,59.80422708192033,193.49517822265625,372.129150390625,191.86007690429688,370.15838623046875,195.33424377441406,370.46795654296875,188.45071411132812,369.7667541503906,197.1746368408203,370.6936340332031,184.3386688232422,379.2287292480469,198.90184020996094,379.88507080078125,179.1137237548828,391.48583984375,201.90399169921875,394.46734619140625,177.5656280517578,402.41705322265625,200.4754180908203,407.4883117675781,192.50894165039062,404.39190673828125,201.2314910888672,403.6706848144531,194.16590881347656,424.29095458984375,197.51345825195312,421.37701416015625,200.64492797851562,444.7929382324219,201.9227294921875,440.7218017578125
d0af424c-4a9e-4411-b2c2-05526f9e2f7f_delivery_17,94,59.80422708192033,193.27554321289062,372.3473205566406,191.5684814453125,370.3463439941406,195.11624145507812,370.6051940917969,188.25350952148438,370.105712890625,197.01303100585938,370.94366455078125,185.33126831054688,379.45458984375,198.4952850341797,380.2987060546875,181.25045776367188,390.79541015625,200.82455444335938,395.2223205566406,180.60891723632812,399.1441955566406,199.0538330078125,408.2052307128906,193.8883819580078,404.1390380859375,201.9288330078125,403.5087585449219,194.02061462402344,424.25482177734375,197.4291534423828,421.4147033691406,200.35125732421875,445.05718994140625,203.0405731201172,441.3185729980469
d0af424c-4a9e-4411-b2c2-05526f9e2f7f_delivery_17,95,59.80422708192033,192.0341796875,371.99560546875,190.5591278076172,370.0090637207031,193.9087371826172,370.2226867675781,188.28269958496094,370.1539306640625,196.3978729248047,370.9498291015625,186.93228149414062,379.7572021484375,198.08985900878906,380.51513671875,184.29888916015625,391.05096435546875,199.96690368652344,395.5610046386719,184.67324829101562,397.54937744140625,197.8983917236328,407.5957336425781,195.8238983154297,403.68048095703125,202.76512145996094,403.068603515625,194.16238403320312,423.90576171875,197.18890380859375,420.9394836425781,200.4782257080078,444.96087646484375,203.4576873779297,441.2147521972656
d0af424c-4a9e-4411-b2c2-05526f9e2f7f_delivery_17,96,59.80422708192033,191.11016845703125,372.0028381347656,189.8268585205078,370.1009216308594,192.867919921875,370.1987609863281,188.4969024658203,370.5086669921875,195.71859741210938,371.0466003417969,188.69418334960938,380.1739196777344,197.87290954589844,380.66241455078125,187.3384552001953,390.9294128417969,199.54685974121094,395.7674560546875,188.48953247070312,395.62908935546875,197.30682373046875,406.7117614746094,197.76568603515625,403.469482421875,203.56777954101562,402.7052001953125,194.4066619873047,423.64605712890625,196.9499969482422,420.0049743652344,200.53085327148438,444.2112731933594,203.54568481445312,439.3991394042969
d0af424c-4a9e-4411-b2c2-05526f9e2f7f_delivery_17,97,59.80422708192033,190.64378356933594,371.8109130859375,189.59317016601562,369.94830322265625,192.2544708251953,370.0206298828125,188.97218322753906,370.5041198730469,195.20423889160156,370.99774169921875,189.3607940673828,380.338134765625,197.79367065429688,380.8163146972656,187.92039489746094,390.97015380859375,199.19517517089844,395.8524169921875,188.95558166503906,395.4546203613281,196.77818298339844,405.9859619140625,198.1283721923828,403.3033142089844,203.4470977783203,402.5381774902344,194.47628784179688,423.3490295410156,196.81356811523438,419.4243469238281,200.4463348388672,443.60107421875,202.96348571777344,438.16094970703125
d0af424c-4a9e-4411-b2c2-05526f9e2f7f_delivery_17,98,59.80422708192033,189.61061096191406,371.36993408203125,188.8427276611328,369.49578857421875,191.27035522460938,369.5549621582031,189.33724975585938,370.33740234375,194.9452667236328,370.8290100097656,190.9283447265625,381.0559997558594,197.78482055664062,380.9117736816406,190.9578857421875,393.5990905761719,198.561279296875,395.9883117675781,192.29920959472656,400.2219543457031,195.943115234375,405.013916015625,199.64964294433594,403.37103271484375,204.09136962890625,402.2698974609375,194.8212890625,423.4981384277344,197.0011444091797,418.1941833496094,200.6304168701172,443.76629638671875,202.8302459716797,435.934814453125
d0af424c-4a9e-4411-b2c2-05526f9e2f7f_delivery_17,99,59.80422708192033,188.42172241210938,371.0899963378906,188.01097106933594,369.2698059082031,190.1128692626953,369.3603820800781,189.59410095214844,370.2413635253906,194.4518585205078,370.8462829589844,191.5673065185547,381.27044677734375,197.84210205078125,380.874755859375,191.83920288085938,394.37335205078125,198.26229858398438,395.7590637207031,192.99656677246094,401.974365234375,195.3226776123047,403.9412841796875,200.12274169921875,403.4485778808594,204.27284240722656,402.1643371582031,194.74424743652344,423.0663146972656,197.15716552734375,416.7621765136719,200.2201690673828,442.8681945800781,201.93753051757812,433.2075500488281
d0af424c-4a9e-4411-b2c2-05526f9e2f7f_delivery_17,100,59.80422708192033,188.62391662597656,371.5035705566406,188.17575073242188,369.6651611328125,190.29554748535156,369.7913513183594,189.5561065673828,370.4065246582031,194.54612731933594,371.0995788574219,191.29547119140625,381.2537841796875,197.84703063964844,380.9665222167969,191.31483459472656,393.80023193359375,198.0454864501953,395.8033752441406,192.15658569335938,401.797607421875,195.00811767578125,404.11749267578125,199.99282836914062,403.6728210449219,204.36851501464844,402.2443542480469,194.50108337402344,423.3802185058594,197.67514038085938,416.1308898925781,199.85121154785156,443.2833557128906,201.99520874023438,431.8776550292969
d0af424c-4a9e-4411-b2c2-05526f9e2f7f_delivery_17,101,59.80422708192033,188.97906494140625,371.76849365234375,188.3468780517578,369.8434143066406,190.77767944335938,370.02069091796875,189.2301483154297,370.454345703125,195.01199340820312,371.29095458984375,190.8115997314453,381.349609375,197.83033752441406,381.06414794921875,190.82733154296875,393.4219665527344,197.90194702148438,395.6399230957031,191.45704650878906,401.7831115722656,194.65293884277344,404.2399597167969,199.7464141845703,403.8431701660156,204.50791931152344,402.1932678222656,194.01315307617188,423.73193359375,198.40438842773438,415.39923095703125,199.5790557861328,444.0962219238281,202.25941467285156,430.8115234375
d0af424c-4a9e-4411-b2c2-05526f9e2f7f_delivery_17,102,59.80422708192033,189.69973754882812,372.28399658203125,188.71775817871094,370.265380859375,191.61822509765625,370.4753112792969,188.64158630371094,370.6454162597656,195.60267639160156,371.5547180175781,189.82861328125,381.5362243652344,197.83184814453125,381.2051696777344,189.54542541503906,393.1228942871094,197.9219970703125,395.6979064941406,190.14578247070312,401.4473571777344,194.5327911376953,404.264404296875,199.16404724121094,404.39166259765625,204.59873962402344,402.4185791015625,193.6085968017578,424.4783630371094,199.08163452148438,414.81402587890625,199.57489013671875,445.51861572265625,202.6662139892578,429.9180603027344
d0af424c-4a9e-4411-b2c2-05526f9e2f7f_delivery_17,103,59.80422708192033,190.4150390625,372.8339538574219,189.21800231933594,370.7950439453125,192.39207458496094,371.0210876464844,188.2224578857422,370.9272155761719,195.89833068847656,371.81573486328125,187.9210968017578,381.4807434082031,197.54852294921875,381.2320251464844,186.17994689941406,392.6156921386719,197.88221740722656,395.66259765625,186.26812744140625,402.0073547363281,194.7776641845703,404.46173095703125,197.27342224121094,404.8168029785156,203.60745239257812,402.71221923828125,192.99440002441406,424.689697265625,199.26026916503906,414.5709228515625,199.4666290283203,445.7058410644531,202.2296142578125,429.18829345703125
d0af424c-4a9e-4411-b2c2-05526f9e2f7f_delivery_17,104,59.80422708192033,191.0236358642578,373.34381103515625,189.55580139160156,371.2315368652344,193.0110626220703,371.4620056152344,187.82229614257812,371.1486511230469,196.14793395996094,372.0267639160156,187.129638671875,381.5881652832031,197.41366577148438,381.31329345703125,185.01983642578125,392.23040771484375,197.81784057617188,395.6931457519531,184.9676971435547,401.3206787109375,194.82406616210938,404.2322998046875,196.74354553222656,405.0344543457031,203.4901123046875,402.6951599121094,192.9225311279297,425.3800354003906,199.94091796875,414.42138671875,199.71353149414062,447.13720703125,202.49798583984375,429.12750244140625
d0af424c-4a9e-4411-b2c2-05526f9e2f7f_delivery_17,105,59.80422708192033,191.33299255371094,373.6087341308594,189.6716766357422,371.4532165527344,193.3321075439453,371.6827392578125,187.47015380859375,371.2509460449219,196.2462158203125,372.11932373046875,186.77090454101562,381.6911926269531,197.2056884765625,381.3384094238281,185.05465698242188,392.25042724609375,197.64471435546875,395.6556091308594,185.1837158203125,401.0637512207031,194.67343139648438,403.6396789550781,196.5371856689453,405.19671630859375,203.40380859375,402.6996154785156,192.89376831054688,425.6539611816406,200.2208709716797,414.11383056640625,199.77732849121094,447.36346435546875,202.4004669189453,428.3570556640625
d0af424c-4a9e-4411-b2c2-05526f9e2f7f_delivery_17,106,59.80422708192033,191.0863494873047,373.54901123046875,189.44656372070312,371.4292297363281,193.01409912109375,371.6180114746094,187.3948211669922,371.33172607421875,195.9203338623047,372.0948791503906,186.9381866455078,381.86346435546875,197.15000915527344,381.3511962890625,185.46929931640625,392.7893371582031,197.4897003173828,395.7212219238281,185.69924926757812,401.12060546875,194.58834838867188,403.4004211425781,196.843994140625,405.2866516113281,203.56764221191406,402.7936096191406,193.20721435546875,425.9179382324219,199.97433471679688,414.6681823730469,200.0679931640625,448.0240478515625,202.45802307128906,429.5898742675781
d0af424c-4a9e-4411-b2c2-05526f9e2f7f_delivery_17,107,59.80422708192033,190.80508422851562,373.3550109863281,189.17599487304688,371.2974548339844,192.65184020996094,371.4390563964844,187.2765350341797,371.4027099609375,195.548828125,372.0454406738281,187.17413330078125,382.0282287597656,197.11367797851562,381.4025573730469,186.32843017578125,393.3508605957031,197.27581787109375,395.7811279296875,186.90187072753906,401.0130310058594,194.43606567382812,402.9176330566406,197.10818481445312,405.2461242675781,203.68629455566406,402.8418884277344,193.40760803222656,425.86566162109375,199.5832061767578,415.21234130859375,200.2006378173828,448.0082702636719,202.19146728515625,430.6500549316406
d0af424c-4a9e-4411-b2c2-05526f9e2f7f_delivery_17,108,59.80422708192033,190.4515380859375,373.2248229980469,188.82525634765625,371.214111328125,192.1837921142578,371.328369140625,187.2556915283203,371.5234375,195.12619018554688,372.1399841308594,188.5087890625,382.10101318359375,197.30044555664062,381.58294677734375,189.40325927734375,393.9714660644531,197.09176635742188,396.0879211425781,190.46792602539062,400.1084899902344,193.87542724609375,402.5111389160156,198.78839111328125,404.71185302734375,204.79080200195312,402.6581726074219,193.8197021484375,425.5703125,199.0699005126953,416.42340087890625,200.4569549560547,448.1489562988281,202.44602966308594,433.46063232421875
d0af424c-4a9e-4411-b2c2-05526f9e2f7f_delivery_17,109,59.80422708192033,189.82212829589844,372.803955078125,188.35166931152344,370.89501953125,191.5384063720703,370.9710388183594,187.31100463867188,371.56231689453125,194.7537841796875,372.0872802734375,189.0164794921875,382.2174072265625,197.3832244873047,381.71722412109375,190.40647888183594,394.6540832519531,196.95989990234375,396.1907653808594,191.6546173095703,400.9219970703125,193.8475341796875,403.00048828125,199.0323028564453,404.7518615722656,204.7744140625,403.03955078125,193.8860321044922,425.4598083496094,198.14666748046875,417.8710021972656,200.60081481933594,448.0774841308594,202.38494873046875,436.138671875
d0af424c-4a9e-4411-b2c2-05526f9e2f7f_delivery_17,110,59.80422708192033,189.55543518066406,372.55487060546875,188.1419677734375,370.7165832519531,191.24472045898438,370.757080078125,187.3074493408203,371.6305847167969,194.526123046875,372.0599365234375,189.2200164794922,382.3166198730469,197.41273498535156,381.845703125,190.68771362304688,395.0801696777344,196.96707153320312,396.350341796875,191.88661193847656,401.4057922363281,193.97219848632812,403.53033447265625,199.04421997070312,404.8675842285156,204.63978576660156,403.3981018066406,193.91432189941406,425.53173828125,197.2654571533203,419.11407470703125,200.77880859375,448.08575439453125,202.23353576660156,438.2070007324219
d0af424c-4a9e-4411-b2c2-05526f9e2f7f_delivery_17,111,59.80422708192033,189.65699768066406,372.5800476074219,188.18145751953125,370.7317810058594,191.36831665039062,370.7908020019531,187.16929626464844,371.6494445800781,194.57156372070312,372.12933349609375,189.01673889160156,382.2811279296875,197.3692169189453,382.0321960449219,190.51438903808594,395.0217590332031,196.79367065429688,396.701904296875,191.65773010253906,401.21258544921875,193.6626434326172,403.65802001953125,198.78231811523438,404.9314270019531,204.46771240234375,403.6014709472656,193.73048400878906,425.439697265625,196.95440673828125,419.40985107421875,200.62918090820312,447.8978576660156,201.76527404785156,438.5914611816406
d0af424c-4a9e-4411-b2c2-05526f9e2f7f_delivery_17,112,59.80422708192033,189.6002655029297,372.81964111328125,188.12326049804688,370.9508056640625,191.38192749023438,371.0386962890625,187.05215454101562,371.7466125488281,194.6458740234375,372.30792236328125,188.8903350830078,382.16436767578125,197.20799255371094,382.05059814453125,190.44073486328125,394.6103210449219,196.76278686523438,396.5953369140625,191.41058349609375,400.9777526855469,193.67117309570312,403.81671142578125,198.60427856445312,404.8583984375,204.2618408203125,403.59423828125,193.5103302001953,425.25408935546875,196.76377868652344,419.31939697265625,200.31678771972656,447.4967956542969,201.4864044189453,438.3495788574219
d0af424c-4a9e-4411-b2c2-05526f9e2f7f_delivery_17,113,59.80422708192033,189.1314239501953,372.9476013183594,187.78500366210938,371.10986328125,190.8858184814453,371.1877136230469,187.04180908203125,371.857421875,194.27696228027344,372.4081726074219,188.90380859375,382.133056640625,196.98678588867188,382.0030822753906,190.2770538330078,394.29559326171875,196.76510620117188,396.3104248046875,191.25161743164062,401.01080322265625,193.76437377929688,404.14678955078125,198.4511260986328,404.9727478027344,203.92877197265625,403.716796875,193.48202514648438,425.3315124511719,196.5634765625,419.4095458984375,200.00201416015625,447.28033447265625,201.04620361328125,438.1759033203125
d0af424c-4a9e-4411-b2c2-05526f9e2f7f_delivery_17,114,59.80422708192033,189.0546417236328,373.3987731933594,187.68893432617188,371.5318298339844,190.79086303710938,371.60614013671875,186.91014099121094,372.0780944824219,194.1760711669922,372.628662109375,188.90415954589844,382.2350769042969,196.82382202148438,382.0356750488281,190.41416931152344,394.2347717285156,196.70321655273438,396.2935791015625,191.26943969726562,400.88165283203125,193.62570190429688,403.865234375,198.69891357421875,404.88763427734375,204.07261657714844,403.51605224609375,193.62925720214844,425.2182312011719,196.59519958496094,418.75726318359375,199.62530517578125,447.0937194824219,200.69683837890625,437.04522705078125
d0af424c-4a9e-4411-b2c2-05526f9e2f7f_delivery_17,115,59.80422708192033,189.02352905273438,373.7251892089844,187.6292266845703,371.8413391113281,190.75108337402344,371.9254150390625,186.76112365722656,372.2776184082031,194.08197021484375,372.86767578125,188.7506103515625,382.3275451660156,196.71884155273438,382.2164306640625,190.4995574951172,394.2881164550781,196.49493408203125,396.4400329589844,191.34954833984375,400.6876525878906,193.27383422851562,403.44720458984375,198.79171752929688,404.6414794921875,204.22686767578125,403.31854248046875,193.6610870361328,424.75701904296875,196.66195678710938,418.4018859863281,199.03196716308594,446.57568359375,200.18467712402344,436.6426086425781
d0af424c-4a9e-4411-b2c2-05526f9e2f7f_delivery_17,116,59.80422708192033,188.6544189453125,373.7636413574219,187.32310485839844,371.916015625,190.3722381591797,371.9722900390625,186.67308044433594,372.4300537109375,193.86630249023438,372.9496765136719,188.61802673339844,382.5832214355469,196.65362548828125,382.1583557128906,190.2704315185547,394.2120666503906,196.51443481445312,395.92718505859375,191.38699340820312,400.6357421875,193.50537109375,402.97576904296875,198.62005615234375,404.7588806152344,204.14552307128906,403.1741638183594,193.53091430664062,424.6720275878906,197.17303466796875,417.4206237792969,198.53782653808594,446.3021240234375,200.09335327148438,434.9023132324219
d0af424c-4a9e-4411-b2c2-05526f9e2f7f_delivery_17,117,59.80422708192033,188.47412109375,373.7924499511719,187.15280151367188,371.9654846191406,190.13284301757812,371.9971923828125,186.5421142578125,372.5779113769531,193.56776428222656,373.02862548828125,188.22950744628906,383.00115966796875,196.51885986328125,382.300048828125,189.52101135253906,394.5116882324219,196.4453582763672,395.825927734375,190.93382263183594,400.83770751953125,193.5182342529297,402.5096130371094,198.26461791992188,405.00927734375,203.98403930664062,403.150634765625,193.2367401123047,424.5042724609375,197.60867309570312,416.3200378417969,197.9988250732422,445.76318359375,199.9549560546875,432.775634765625
d0af424c-4a9e-4411-b2c2-05526f9e2f7f_delivery_17,118,59.80422708192033,188.28543090820312,374.0200500488281,186.97183227539062,372.1846923828125,189.9608154296875,372.1976623535156,186.47091674804688,372.87481689453125,193.4954376220703,373.2769470214844,188.29005432128906,383.5044860839844,196.44239807128906,382.7085266113281,189.22459411621094,395.176513671875,196.2177734375,396.3985595703125,190.67999267578125,401.43157958984375,193.46615600585938,403.0790710449219,198.17581176757812,405.3659362792969,203.7931671142578,403.4488525390625,192.70750427246094,424.7637023925781,197.06198120117188,416.3074951171875,197.65374755859375,445.58203125,199.9085693359375,432.104736328125
d0af424c-4a9e-4411-b2c2-05526f9e2f7f_delivery_17,119,59.80422708192033,188.6192169189453,374.260986328125,187.1012420654297,372.4147033691406,190.24017333984375,372.3792419433594,186.14590454101562,373.15093994140625,193.45033264160156,373.4153137207031,188.10025024414062,383.91265869140625,196.23516845703125,382.9896240234375,188.85446166992188,395.72589111328125,195.8710479736328,396.7591857910156,190.356201171875,401.7042236328125,193.18157958984375,403.0301513671875,198.2403564453125,405.57489013671875,203.84548950195312,403.5960693359375,192.2078399658203,425.0298156738281,196.65054321289062,416.4992980957031,197.41725158691406,445.50531005859375,199.93565368652344,431.9182434082031
d0af424c-4a9e-4411-b2c2-05526f9e2f7f_delivery_17,120,59.80422708192033,188.81033325195312,374.4427185058594,187.15696716308594,372.6031799316406,190.3329315185547,372.4974365234375,185.89849853515625,373.429443359375,193.26931762695312,373.49774169921875,187.86973571777344,384.4183044433594,196.03013610839844,383.1429748535156,188.29067993164062,396.1966857910156,195.61190795898438,396.8188171386719,189.77276611328125,401.8968200683594,192.95997619628906,403.0601501464844,198.22207641601562,406.01025390625,203.84518432617188,403.7903137207031,191.7045440673828,425.5541687011719,196.53199768066406,416.3615417480469,197.32415771484375,445.8055725097656,200.14869689941406,431.1889953613281
d0af424c-4a9e-4411-b2c2-05526f9e2f7f_delivery_17,121,59.80422708192033,188.99905395507812,374.7579345703125,187.2478790283203,372.9283142089844,190.39016723632812,372.7719421386719,185.74169921875,373.7604064941406,192.96368408203125,373.6967468261719,187.81585693359375,384.75811767578125,195.82164001464844,383.41448974609375,188.10719299316406,396.8196105957031,195.2354278564453,397.2435607910156,189.49732971191406,402.1385192871094,192.3684539794922,403.3094787597656,198.54483032226562,406.08673095703125,204.05392456054688,403.9282531738281,191.43341064453125,425.70123291015625,195.85879516601562,416.9669189453125,197.29025268554688,445.8840026855469,200.16700744628906,432.10272216796875
d0af424c-4a9e-4411-b2c2-05526f9e2f7f_delivery_17,122,59.80422708192033,189.05865478515625,374.9343566894531,187.22450256347656,373.125,190.38375854492188,372.9158020019531,185.56802368164062,374.03106689453125,192.79852294921875,373.83013916015625,187.93869018554688,385.018798828125,195.75057983398438,383.65087890625,188.4651641845703,397.3749694824219,194.9221649169922,397.5977478027344,189.68861389160156,402.2382507324219,191.8372039794922,403.517333984375,198.8479461669922,406.1902770996094,204.22821044921875,404.19866943359375,191.31471252441406,426.09051513671875,195.1334686279297,418.21417236328125,197.4053955078125,446.3299560546875,200.1234130859375,434.077880859375
d0af424c-4a9e-4411-b2c2-05526f9e2f7f_delivery_17,123,59.80422708192033,189.64959716796875,375.05047607421875,187.53477478027344,373.2191467285156,190.9346160888672,372.97418212890625,185.13658142089844,374.1491394042969,192.93519592285156,373.8357238769531,187.38706970214844,385.2897033691406,195.6291046142578,383.7135314941406,188.29339599609375,397.4769592285156,194.78860473632812,397.4143981933594,189.5949249267578,401.74578857421875,191.3804931640625,402.57720947265625,198.7449188232422,406.2900390625,204.45164489746094,404.1134948730469,191.230712890625,426.065673828125,195.52381896972656,417.7264404296875,197.34088134765625,446.5448303222656,200.18853759765625,433.60076904296875
d0af424c-4a9e-4411-b2c2-05526f9e2f7f_delivery_17,124,59.80422708192033,189.5592498779297,375.05206298828125,187.39646911621094,373.2286071777344,190.8733673095703,372.9757080078125,184.92697143554688,374.23321533203125,192.90382385253906,373.8954162597656,187.25430297851562,385.3990173339844,195.58876037597656,383.8396911621094,188.31394958496094,397.51751708984375,194.659423828125,397.4825439453125,189.42628479003906,401.3939208984375,190.8798828125,402.4282531738281,198.4722137451172,406.475830078125,204.2530517578125,404.36346435546875,191.10147094726562,426.1656799316406,195.3083038330078,418.0708312988281,197.22799682617188,446.6261901855469,199.9869384765625,434.1199951171875
d0af424c-4a9e-4411-b2c2-05526f9e2f7f_delivery_17,125,59.80422708192033,189.28175354003906,375.0816345214844,187.1049041748047,373.2746887207031,190.6256103515625,372.99102783203125,184.76290893554688,374.3319396972656,192.83216857910156,373.91400146484375,187.33387756347656,385.5514221191406,195.60508728027344,383.8312683105469,188.4706268310547,397.4891662597656,194.7068634033203,397.37835693359375,189.5919952392578,401.19781494140625,190.82073974609375,402.39727783203125,198.40415954589844,406.5672302246094,204.16067504882812,404.34075927734375,191.00473022460938,426.2030944824219,195.32736206054688,417.6475830078125,197.13076782226562,446.6846008300781,199.99720764160156,433.44036865234375
d0af424c-4a9e-4411-b2c2-05526f9e2f7f_delivery_17,126,59.80422708192033,189.1890411376953,375.0563659667969,186.93955993652344,373.2191467285156,190.61387634277344,372.9421691894531,184.49014282226562,374.3248596191406,192.93106079101562,373.9261169433594,187.10226440429688,385.71490478515625,195.5847625732422,383.9654846191406,188.39329528808594,397.4417724609375,194.79116821289062,397.4745788574219,189.429443359375,401.1186218261719,190.936279296875,402.4793395996094,198.2059783935547,406.6985778808594,204.10800170898438,404.37225341796875,190.88418579101562,426.0109558105469,195.715576171875,416.9752502441406,197.1287841796875,446.4927673339844,199.94187927246094,432.43280029296875
d0af424c-4a9e-4411-b2c2-05526f9e2f7f_delivery_17,127,59.80422708192033,189.02134704589844,375.246337890625,186.73129272460938,373.39715576171875,190.47789001464844,373.1101379394531,184.2875213623047,374.44659423828125,192.91561889648438,374.0340576171875,187.1103973388672,385.7499694824219,195.6104736328125,384.017333984375,188.4293670654297,397.3712158203125,194.77818298339844,397.61871337890625,189.42897033691406,401.02667236328125,190.98410034179688,402.59326171875,198.4388885498047,406.6802978515625,204.34927368164062,404.3250732421875,190.8105010986328,425.8359069824219,195.7688446044922,416.5782775878906,197.12808227539062,446.5547790527344,199.8636932373047,432.0975036621094
d0af424c-4a9e-4411-b2c2-05526f9e2f7f_delivery_17,128,59.80422708192033,188.85324096679688,375.37921142578125,186.54891967773438,373.5401916503906,190.32318115234375,373.2421569824219,184.15098571777344,374.5474853515625,192.86595153808594,374.1147155761719,187.13119506835938,385.6908264160156,195.64187622070312,384.01763916015625,188.3964385986328,397.14892578125,194.81947326660156,397.6048889160156,189.36187744140625,400.94317626953125,191.1291046142578,402.7111511230469,198.5065460205078,406.5482177734375,204.41009521484375,404.2282409667969,190.83375549316406,425.6242370605469,195.73973083496094,416.424560546875,197.0512237548828,446.56298828125,199.73460388183594,432.1683654785156
d0af424c-4a9e-4411-b2c2-05526f9e2f7f_delivery_17,129,59.80422708192033,188.88397216796875,375.5235290527344,186.57687377929688,373.6890563964844,190.32717895507812,373.38323974609375,184.1529541015625,374.6195983886719,192.8375244140625,374.1773681640625,187.1398468017578,385.6375732421875,195.60926818847656,383.9485168457031,188.43112182617188,396.8125305175781,194.9422149658203,397.3740234375,189.5184783935547,400.91522216796875,191.55950927734375,402.7642517089844,198.75454711914062,406.4580993652344,204.63406372070312,404.0714416503906,190.86619567871094,425.5654296875,195.986083984375,416.0755615234375,197.01522827148438,446.6156311035156,199.85780334472656,431.73956298828125
d0af424c-4a9e-4411-b2c2-05526f9e2f7f_delivery_17,130,59.80422708192033,188.8207244873047,375.9615478515625,186.55165100097656,374.1457214355469,190.22633361816406,373.8418884277344,184.15684509277344,374.90460205078125,192.71810913085938,374.481689453125,187.1140899658203,385.5157775878906,195.61578369140625,383.9915466308594,188.2470245361328,396.5289611816406,194.9701690673828,397.3061218261719,189.2402801513672,400.9194030761719,191.6614532470703,402.7594299316406,198.99993896484375,406.2754211425781,204.8802032470703,404.02703857421875,190.92013549804688,425.1937255859375,195.87200927734375,416.1974792480469,196.94044494628906,446.5093078613281,199.74520874023438,432.4261169433594
d0af424c-4a9e-4411-b2c2-05526f9e2f7f_delivery_17,131,59.80422708192033,188.52694702148438,376.324951171875,186.35244750976562,374.5729064941406,189.86370849609375,374.2323913574219,184.24139404296875,375.2283630371094,192.45907592773438,374.720458984375,187.45065307617188,385.3992919921875,195.67674255371094,383.9144592285156,188.3975830078125,396.3703918457031,195.0021209716797,397.0615234375,189.47528076171875,401.0304260253906,191.74526977539062,402.8153381347656,199.34228515625,406.0032043457031,205.01702880859375,403.9245910644531,191.0131378173828,425.1586608886719,195.22897338867188,416.89605712890625,196.82826232910156,446.48931884765625,199.63381958007812,433.63677978515625
d0af424c-4a9e-4411-b2c2-05526f9e2f7f_delivery_17,132,59.80422708192033,188.46624755859375,376.3450012207031,186.3269805908203,374.6065368652344,189.79527282714844,374.2829895019531,184.21925354003906,375.2497863769531,192.34413146972656,374.7920227050781,187.3944549560547,385.2703552246094,195.6035614013672,383.9322204589844,188.39537048339844,396.25140380859375,195.0084991455078,396.9659729003906,189.31680297851562,401.28887939453125,191.77235412597656,403.17132568359375,199.45278930664062,405.7001647949219,205.1014404296875,403.8091735839844,191.06158447265625,424.7646179199219,194.94613647460938,417.2731018066406,196.72161865234375,446.0725402832031,199.47369384765625,434.5498046875
d0af424c-4a9e-4411-b2c2-05526f9e2f7f_delivery_17,133,59.80422708192033,188.42393493652344,376.2634582519531,186.274658203125,374.53619384765625,189.73756408691406,374.20135498046875,184.13424682617188,375.2127380371094,192.24501037597656,374.73297119140625,187.34275817871094,385.1907958984375,195.59307861328125,383.9029235839844,188.344482421875,396.350830078125,194.90553283691406,397.0524597167969,189.21942138671875,401.3704528808594,191.6790771484375,403.2948913574219,199.67178344726562,405.54962158203125,205.3431854248047,403.762451171875,190.98390197753906,424.4969177246094,194.70999145507812,417.4905090332031,196.7322235107422,445.7369384765625,199.4304656982422,435.0577697753906
d0af424c-4a9e-4411-b2c2-05526f9e2f7f_delivery_17,134,59.80422708192033,188.33584594726562,376.04644775390625,186.1796875,374.29632568359375,189.6553955078125,373.9790954589844,183.98350524902344,375.08880615234375,192.11497497558594,374.6477966308594,186.8712615966797,385.399169921875,195.5837860107422,384.0702209472656,187.46156311035156,396.8499450683594,194.8146209716797,397.4421691894531,188.12718200683594,401.83660888671875,191.44789123535156,403.50885009765625,199.41378784179688,405.66522216796875,205.36813354492188,403.8057861328125,190.80462646484375,424.1707458496094,194.9190216064453,416.9703063964844,196.76234436035156,445.44366455078125,199.33676147460938,434.4068603515625
d0af424c-4a9e-4411-b2c2-05526f9e2f7f_delivery_17,135,59.80422708192033,188.5539093017578,375.7080993652344,186.36888122558594,373.8873596191406,189.87738037109375,373.6214294433594,183.9763641357422,374.74224853515625,192.14573669433594,374.42327880859375,186.48902893066406,385.4984130859375,195.4786376953125,384.23974609375,186.77188110351562,397.3814697265625,194.7004852294922,398.0626525878906,187.1852264404297,402.3744201660156,191.3374481201172,403.5527038574219,199.21035766601562,405.8618469238281,205.32261657714844,403.927978515625,190.69664001464844,424.2000427246094,195.14511108398438,416.62469482421875,196.70767211914062,445.2099914550781,199.1895294189453,433.43243408203125
d0af424c-4a9e-4411-b2c2-05526f9e2f7f_delivery_17,136,59.80422708192033,189.0746612548828,375.5333557128906,186.80116271972656,373.6575622558594,190.37210083007812,373.41522216796875,183.95217895507812,374.51202392578125,192.2685089111328,374.23162841796875,185.8842010498047,385.5234069824219,195.30874633789062,384.2641296386719,185.84530639648438,397.6427307128906,194.79661560058594,398.3999328613281,185.630126953125,403.19427490234375,191.47415161132812,404.0540466308594,198.6880340576172,406.0937194824219,205.03817749023438,404.059326171875,190.52056884765625,424.4021911621094,195.4805450439453,416.4903259277344,196.62167358398438,445.3852844238281,199.0762939453125,433.0187072753906
d0af424c-4a9e-4411-b2c2-05526f9e2f7f_delivery_17,137,59.80422708192033,189.49562072753906,375.4635925292969,187.22413635253906,373.5747375488281,190.7743377685547,373.3114318847656,184.1047821044922,374.4478759765625,192.44862365722656,374.05596923828125,184.6531219482422,385.8644714355469,195.2625732421875,384.13641357421875,183.2817840576172,398.2085266113281,195.18344116210938,398.3031005859375,182.69329833984375,405.492431640625,192.08966064453125,404.8700866699219,197.00177001953125,406.8001708984375,203.9732666015625,404.2856750488281,190.35897827148438,424.88885498046875,196.33224487304688,415.53448486328125,196.60581970214844,445.4251708984375,198.630859375,430.5276794433594
d0af424c-4a9e-4411-b2c2-05526f9e2f7f_delivery_17,138,59.80422708192033,189.69918823242188,375.5558166503906,187.4712677001953,373.6287536621094,191.0399627685547,373.3867492675781,184.18211364746094,374.46697998046875,192.6468505859375,374.0735168457031,183.36532592773438,386.247314453125,195.23428344726562,384.1370544433594,180.81686401367188,398.68975830078125,195.80421447753906,398.2000427246094,179.7680206298828,407.9763488769531,192.89842224121094,406.0118103027344,195.32241821289062,407.36865234375,202.95602416992188,404.4324645996094,190.147216796875,425.13433837890625,197.02197265625,414.4584655761719,196.52774047851562,445.3856506347656,198.1152801513672,428.1634521484375
d0af424c-4a9e-4411-b2c2-05526f9e2f7f_delivery_17,139,59.80422708192033,190.0038604736328,375.80426025390625,187.78126525878906,373.87408447265625,191.32093811035156,373.5895690917969,184.29067993164062,374.6088562011719,192.77001953125,374.05902099609375,182.52426147460938,386.5044860839844,195.0765380859375,383.9200744628906,178.96176147460938,398.9454345703125,196.33837890625,397.836669921875,177.6380615234375,410.07867431640625,193.9049835205078,407.229248046875,194.0602569580078,407.8066101074219,201.96148681640625,404.4647521972656,190.08010864257812,425.59002685546875,197.31478881835938,413.79681396484375,196.6273193359375,445.3049011230469,197.64837646484375,426.1950988769531
d0af424c-4a9e-4411-b2c2-05526f9e2f7f_delivery_17,140,59.80422708192033,190.14749145507812,375.79510498046875,187.96063232421875,373.9298400878906,191.4098358154297,373.5830993652344,184.36582946777344,374.7730407714844,192.69007873535156,374.00897216796875,181.6849822998047,386.7334289550781,194.90753173828125,383.7100524902344,177.25575256347656,399.19873046875,196.64988708496094,397.3040771484375,175.7252960205078,412.10540771484375,194.64907836914062,408.42340087890625,192.6354522705078,408.0733642578125,200.83741760253906,404.4854736328125,189.94345092773438,425.827392578125,197.39964294433594,413.6737060546875,196.76019287109375,445.24322509765625,197.37831115722656,425.5947570800781
d0af424c-4a9e-4411-b2c2-05526f9e2f7f_delivery_17,141,59.80422708192033,190.070068359375,375.89263916015625,187.89794921875,374.05517578125,191.37559509277344,373.66876220703125,184.25869750976562,374.9523010253906,192.70455932617188,374.04437255859375,180.78533935546875,387.0311584472656,194.72984313964844,383.6979064941406,175.62254333496094,399.711669921875,196.56260681152344,397.207275390625,173.98049926757812,413.9305725097656,195.08522033691406,409.07110595703125,191.35353088378906,408.4967956542969,199.9247589111328,404.7042541503906,189.89804077148438,425.9342956542969,197.62876892089844,413.2939453125,196.81805419921875,444.9767761230469,197.17254638671875,424.5177001953125
d0af424c-4a9e-4411-b2c2-05526f9e2f7f_delivery_17,142,59.80422708192033,189.5949249267578,376.0214538574219,187.45361328125,374.20098876953125,190.85511779785156,373.79351806640625,184.15573120117188,375.1029968261719,192.3174591064453,374.1758117675781,181.76995849609375,387.0760803222656,194.56353759765625,383.73822021484375,177.29771423339844,399.5830078125,196.2500457763672,397.26031494140625,175.91983032226562,412.7221984863281,194.7085418701172,408.8735046386719,192.64939880371094,408.303955078125,200.5959930419922,404.5394592285156,189.96055603027344,426.2380065917969,197.22218322753906,413.5113525390625,196.825439453125,445.3824462890625,197.90528869628906,424.9197998046875
d0af424c-4a9e-4411-b2c2-05526f9e2f7f_delivery_17,143,59.80422708192033,188.78648376464844,376.2257385253906,186.82540893554688,374.4534912109375,189.9571075439453,374.04339599609375,184.195068359375,375.24481201171875,191.6087188720703,374.3315734863281,183.0466766357422,386.689208984375,194.16444396972656,383.63275146484375,179.3084716796875,399.07464599609375,195.6222686767578,397.40765380859375,177.85971069335938,411.42144775390625,194.3415985107422,408.6999816894531,194.1728973388672,407.79852294921875,201.1146240234375,404.3379211425781,190.29542541503906,426.41204833984375,196.4339141845703,414.4605407714844,196.9576873779297,445.62225341796875,198.456787109375,426.50482177734375
d0af424c-4a9e-4411-b2c2-05526f9e2f7f_delivery_17,144,59.80422708192033,188.6095733642578,376.3331298828125,186.66061401367188,374.6090393066406,189.67269897460938,374.1910400390625,184.06385803222656,375.37469482421875,191.19285583496094,374.4681701660156,183.60911560058594,386.416748046875,194.0504608154297,383.5606994628906,180.60398864746094,398.754150390625,195.3308868408203,397.1755065917969,179.24349975585938,410.4249267578125,193.80523681640625,408.2538757324219,195.31640625,407.29119873046875,201.93795776367188,404.1385498046875,190.16183471679688,426.2517395019531,195.85597229003906,415.446044921875,196.67987060546875,445.8392028808594,198.9593505859375,428.7799377441406
d0af424c-4a9e-4411-b2c2-05526f9e2f7f_delivery_17,145,59.80422708192033,188.0662841796875,376.51275634765625,186.19400024414062,374.81298828125,189.0890350341797,374.4023132324219,183.93850708007812,375.470947265625,190.74110412597656,374.6272888183594,184.2346649169922,386.165771484375,194.07106018066406,383.50567626953125,181.4476318359375,398.3827819824219,195.18252563476562,397.1628112792969,179.85479736328125,409.39349365234375,193.32041931152344,408.406982421875,196.62860107421875,406.7307434082031,202.93966674804688,403.8090515136719,190.0677032470703,425.90167236328125,195.47735595703125,415.80169677734375,196.4661407470703,445.8582458496094,199.3461151123047,430.0523986816406
d0af424c-4a9e-4411-b2c2-05526f9e2f7f_delivery_17,146,59.80422708192033,187.7924346923828,376.6105041503906,185.93836975097656,374.9398193359375,188.7154083251953,374.532470703125,183.8297882080078,375.5783386230469,190.31541442871094,374.78271484375,184.99806213378906,385.9622497558594,194.1485137939453,383.51763916015625,182.73178100585938,397.95574951171875,195.23167419433594,397.0890808105469,181.16905212402344,407.8693542480469,192.74984741210938,408.4222717285156,197.9761505126953,406.0501708984375,203.9168701171875,403.4113464355469,189.9434051513672,425.65484619140625,194.81346130371094,416.60595703125,196.4191131591797,445.9950256347656,199.54713439941406,432.03271484375
d0af424c-4a9e-4411-b2c2-05526f9e2f7f_delivery_17,147,59.80422708192033,188.0855712890625,376.7680358886719,186.166015625,375.0924987792969,188.96514892578125,374.6695251464844,183.64678955078125,375.72784423828125,190.32382202148438,374.8717346191406,184.07757568359375,386.102783203125,194.16912841796875,383.7084045410156,181.06069946289062,398.2251892089844,195.42111206054688,397.2250671386719,179.26748657226562,409.15087890625,192.85557556152344,408.4802551269531,197.60748291015625,406.0336608886719,204.02748107910156,403.4901123046875,189.65269470214844,425.1503601074219,194.37338256835938,416.73992919921875,196.35691833496094,445.6776123046875,199.04046630859375,432.68951416015625
d0af424c-4a9e-4411-b2c2-05526f9e2f7f_delivery_17,148,59.80422708192033,188.85528564453125,376.76214599609375,186.7476806640625,375.07708740234375,189.65835571289062,374.6187744140625,183.42434692382812,375.7861633300781,190.53111267089844,374.8280944824219,182.81906127929688,386.5030212402344,194.2518310546875,383.7534484863281,179.1012725830078,398.7939147949219,195.9461212158203,396.8520812988281,177.40821838378906,410.4241943359375,192.98304748535156,408.2076416015625,196.87594604492188,406.39654541015625,204.07949829101562,403.6019287109375,189.1346893310547,424.9335632324219,194.7602081298828,416.18011474609375,196.16819763183594,445.6368713378906,198.60723876953125,432.1169128417969
d0af424c-4a9e-4411-b2c2-05526f9e2f7f_delivery_17,149,59.80422708192033,188.35789489746094,376.9549255371094,186.33131408691406,375.2666320800781,189.2559814453125,374.8305358886719,183.2617645263672,375.92742919921875,190.4337615966797,374.9946594238281,182.27407836914062,386.6333923339844,194.33621215820312,383.8733825683594,177.8391571044922,399.01446533203125,196.11776733398438,397.06427001953125,176.16578674316406,411.1842346191406,193.1030731201172,407.9571228027344,196.26766967773438,406.51239013671875,203.78538513183594,403.6778259277344,189.06307983398438,424.75103759765625,194.66946411132812,415.6448059082031,196.2061767578125,445.5424499511719,198.08143615722656,431.29376220703125
d0af424c-4a9e-4411-b2c2-05526f9e2f7f_delivery_17,150,59.80422708192033,188.79258728027344,377.18603515625,186.65438842773438,375.45306396484375,189.7307891845703,375.0175476074219,183.11532592773438,376.1943054199219,190.7672882080078,375.2402648925781,181.57350158691406,387.11590576171875,194.44081115722656,384.3242492675781,177.02813720703125,399.5712585449219,196.3807830810547,397.3019104003906,175.69268798828125,411.9513854980469,193.2254638671875,407.59259033203125,195.91102600097656,406.8599548339844,203.86170959472656,404.04095458984375,188.965576171875,424.6107482910156,194.4115753173828,415.8165283203125,196.34255981445312,445.7244873046875,197.6283721923828,432.0048828125
d0af424c-4a9e-4411-b2c2-05526f9e2f7f_delivery_17,151,59.80422708192033,188.76971435546875,377.11224365234375,186.59848022460938,375.3229675292969,189.84933471679688,374.953125,182.8607940673828,376.2007141113281,190.97659301757812,375.39837646484375,180.64187622070312,387.4050598144531,194.55357360839844,384.7557373046875,175.77261352539062,400.1097717285156,196.5126190185547,397.5079650878906,174.53407287597656,413.3727722167969,193.1538848876953,407.04376220703125,195.32595825195312,407.0343322753906,203.88511657714844,404.3208312988281,188.8818359375,424.2734069824219,194.19607543945312,415.97747802734375,196.35548400878906,445.57171630859375,197.24725341796875,432.5769958496094
d0af424c-4a9e-4411-b2c2-05526f9e2f7f_delivery_17,152,59.80422708192033,188.19467163085938,377.1214294433594,186.07154846191406,375.3389892578125,189.38157653808594,375.0029296875,182.60598754882812,376.2705383300781,190.84115600585938,375.5379943847656,180.40611267089844,387.4205627441406,194.6347198486328,384.8345031738281,175.68621826171875,400.028076171875,196.88734436035156,397.5504150390625,174.66781616210938,413.24542236328125,193.76687622070312,407.4789123535156,194.50045776367188,406.9099426269531,203.25071716308594,404.25164794921875,188.7471466064453,424.34967041015625,194.4447784423828,415.99334716796875,196.2862548828125,445.4925842285156,196.87747192382812,432.38629150390625
d0af424c-4a9e-4411-b2c2-05526f9e2f7f_delivery_17,153,59.80422708192033,188.20724487304688,377.3057861328125,186.0399169921875,375.5191650390625,189.3986358642578,375.1775817871094,182.54843139648438,376.5367126464844,190.88499450683594,375.7720947265625,180.24044799804688,387.74700927734375,194.8466033935547,385.1445007324219,175.5965576171875,400.16204833984375,197.69180297851562,397.704833984375,174.80267333984375,413.1466369628906,194.7609405517578,407.90045166015625,193.83824157714844,406.8780517578125,202.7858123779297,404.2334899902344,188.6656951904297,424.4873962402344,194.67933654785156,415.9988708496094,196.34042358398438,445.37152099609375,196.78721618652344,432.0970764160156
d0af424c-4a9e-4411-b2c2-05526f9e2f7f_delivery_17,154,59.80422708192033,188.40635681152344,377.40374755859375,186.13046264648438,375.6017150878906,189.6177978515625,375.209716796875,182.4820098876953,376.8382568359375,191.10475158691406,375.9395751953125,179.85008239746094,388.3946228027344,195.170654296875,385.5052185058594,175.52735900878906,400.5816345214844,199.4116668701172,397.7681884765625,174.85960388183594,413.344970703125,197.09854125976562,408.4715270996094,192.6925811767578,406.9674072265625,202.06845092773438,404.1122741699219,188.4094696044922,424.13067626953125,196.1487579345703,415.0481872558594,196.0116424560547,444.58648681640625,196.84503173828125,430.36431884765625
d0af424c-4a9e-4411-b2c2-05526f9e2f7f_delivery_17,155,59.80422708192033,187.90599060058594,377.54266357421875,185.640625,375.73223876953125,189.21670532226562,375.3570556640625,182.18202209472656,377.0318603515625,190.96151733398438,376.1497497558594,179.55442810058594,388.65509033203125,195.2978057861328,385.623046875,175.43458557128906,400.4426574707031,200.67849731445312,397.7663269042969,174.93145751953125,411.58465576171875,197.98036193847656,408.71307373046875,191.58639526367188,406.91351318359375,201.18264770507812,403.98223876953125,188.0238037109375,423.95855712890625,196.51657104492188,414.3221130371094,195.74134826660156,443.8335876464844,196.4348602294922,428.79620361328125
d0af424c-4a9e-4411-b2c2-05526f9e2f7f_delivery_17,156,59.80422708192033,187.5850372314453,377.90838623046875,185.36468505859375,376.1443176269531,188.83523559570312,375.74456787109375,182.08995056152344,377.40869140625,190.62118530273438,376.4525451660156,179.5247802734375,388.8688049316406,195.3182373046875,385.61724853515625,175.65194702148438,400.05438232421875,200.7870635986328,397.5867004394531,176.2254180908203,408.2022705078125,197.5863037109375,407.287841796875,191.2607421875,406.92877197265625,200.95687866210938,403.8106384277344,187.7134246826172,423.75677490234375,197.184814453125,413.2724304199219,195.4420928955078,442.9713134765625,195.9176788330078,426.6603088378906
d0af424c-4a9e-4411-b2c2-05526f9e2f7f_delivery_17,157,59.80422708192033,187.40086364746094,378.2175598144531,185.26193237304688,376.4710998535156,188.62770080566406,376.1741943359375,182.08839416503906,377.63201904296875,190.3301239013672,377.0119323730469,179.68495178222656,388.2912902832031,195.13143920898438,386.0571594238281,175.23208618164062,396.60614013671875,199.76251220703125,397.473876953125,174.90919494628906,400.0241394042969,195.46591186523438,404.5159606933594,192.16265869140625,406.3674011230469,201.6860809326172,403.66009521484375,188.06402587890625,423.52679443359375,196.73411560058594,413.8211975097656,195.70111083984375,442.7221374511719,195.6644744873047,427.49798583984375
d0af424c-4a9e-4411-b2c2-05526f9e2f7f_delivery_17,158,59.80422708192033,186.46804809570312,378.6888732910156,184.50018310546875,376.965087890625,187.79376220703125,376.7856750488281,181.83773803710938,377.8917236328125,189.94017028808594,377.6691589355469,179.750244140625,387.20977783203125,194.945556640625,386.4772033691406,174.45033264160156,391.5138244628906,198.0913848876953,398.00286865234375,173.13294982910156,390.49737548828125,193.25341796875,403.3569030761719,193.01583862304688,405.5506591796875,202.45883178710938,403.3532409667969,188.70359802246094,423.1247863769531,196.80438232421875,413.8256530761719,195.85418701171875,442.72552490234375,195.0493927001953,427.7893981933594
d0af424c-4a9e-4411-b2c2-05526f9e2f7f_delivery_17,159,59.80422708192033,186.170166015625,379.2220458984375,184.33648681640625,377.49798583984375,187.4707794189453,377.47991943359375,181.71714782714844,378.02630615234375,189.4542999267578,378.3161315917969,179.78366088867188,385.8150329589844,194.24168395996094,386.78143310546875,173.51132202148438,386.25189208984375,195.56790161132812,397.9391174316406,170.75099182128906,380.56884765625,189.5727081298828,401.0274963378906,194.49200439453125,404.6690368652344,203.49151611328125,403.2126159667969,189.47080993652344,423.3528747558594,195.58482360839844,415.5751647949219,196.50592041015625,443.3973083496094,194.41458129882812,430.5713195800781
d0af424c-4a9e-4411-b2c2-05526f9e2f7f_delivery_17,160,59.80422708192033,185.54209899902344,379.8669738769531,183.8651885986328,378.19476318359375,186.78643798828125,378.2630615234375,181.5149688720703,378.3667907714844,188.8011474609375,378.9877624511719,179.59237670898438,384.6000061035156,193.64016723632812,386.997802734375,172.41627502441406,381.41455078125,193.53009033203125,397.84844970703125,168.2676239013672,372.69140625,187.81246948242188,399.6827087402344,195.32603454589844,403.6697998046875,204.16383361816406,402.7168884277344,190.16476440429688,423.0750427246094,196.0898895263672,416.1434020996094,196.62989807128906,443.476318359375,194.19903564453125,431.51251220703125
d0af424c-4a9e-4411-b2c2-05526f9e2f7f_delivery_17,161,59.80422708192033,185.4850616455078,380.73486328125,183.85916137695312,379.0866394042969,186.67034912109375,379.1676025390625,181.4936981201172,378.9485778808594,188.56639099121094,379.6714782714844,179.3997039794922,383.7705993652344,193.38233947753906,387.365966796875,170.93927001953125,377.3177795410156,192.92538452148438,397.8926086425781,164.60189819335938,366.7106018066406,187.5915985107422,399.8876953125,195.3739471435547,402.8802490234375,204.10653686523438,402.4908752441406,190.04774475097656,422.9613037109375,195.89585876464844,417.3786315917969,196.8392333984375,443.691162109375,194.0157470703125,433.5338134765625
d0af424c-4a9e-4411-b2c2-05526f9e2f7f_delivery_17,162,59.80422708192033,185.0803985595703,381.199951171875,183.48684692382812,379.5710144042969,186.2819061279297,379.5992126464844,181.21910095214844,379.42791748046875,188.30319213867188,380.0233459472656,178.8389892578125,383.8571472167969,193.36460876464844,387.58929443359375,170.14083862304688,376.58233642578125,193.05677795410156,397.9877624511719,163.41903686523438,365.837890625,188.20025634765625,401.31634521484375,194.56886291503906,402.6412048339844,203.68682861328125,402.3931884765625,189.2066192626953,422.3268127441406,196.794921875,417.27734375,196.41781616210938,443.4554443359375,193.90170288085938,434.08538818359375
d0af424c-4a9e-4411-b2c2-05526f9e2f7f_delivery_17,163,59.80422708192033,184.44308471679688,381.6598205566406,182.87994384765625,380.0144958496094,185.73867797851562,380.0414123535156,180.73248291015625,379.8194274902344,188.06341552734375,380.3497009277344,178.34774780273438,384.0600891113281,193.45846557617188,387.4756164550781,169.71026611328125,377.7205810546875,193.05581665039062,397.3412780761719,163.11856079101562,367.1353759765625,188.26226806640625,400.72021484375,193.1649627685547,402.6890869140625,202.71719360351562,402.6055908203125,187.7041778564453,421.7994079589844,196.73529052734375,417.8677978515625,195.9558563232422,442.682373046875,193.72381591796875,435.2591857910156
d0af424c-4a9e-4411-b2c2-05526f9e2f7f_delivery_17,164,59.80422708192033,184.25523376464844,381.8394775390625,182.62074279785156,380.23004150390625,185.5578155517578,380.17022705078125,180.4892578125,380.0882568359375,188.046875,380.3865051269531,177.95578002929688,384.092529296875,193.81326293945312,387.53369140625,169.0572509765625,378.14422607421875,192.76126098632812,397.74444580078125,162.60910034179688,367.5359802246094,187.3456573486328,400.740234375,191.8463897705078,402.6034240722656,201.98001098632812,402.6800537109375,186.39430236816406,421.19952392578125,197.0555877685547,417.9169921875,195.27919006347656,442.2254333496094,193.61813354492188,435.7632751464844
d0af424c-4a9e-4411-b2c2-05526f9e2f7f_delivery_17,165,59.80422708192033,184.0386962890625,381.70703125,182.38995361328125,380.1401062011719,185.39366149902344,379.9904479980469,180.4495086669922,380.0972900390625,188.22811889648438,380.10906982421875,178.31231689453125,384.6979064941406,194.24179077148438,387.11614990234375,170.39247131347656,382.6064147949219,192.58074951171875,397.6504821777344,165.8445281982422,374.32415771484375,186.3794403076172,400.5065002441406,191.12342834472656,403.39703369140625,201.3781280517578,403.3535461425781,185.90660095214844,421.70086669921875,196.45533752441406,419.159423828125,195.1497344970703,442.0540466308594,193.48858642578125,437.2727966308594
d0af424c-4a9e-4411-b2c2-05526f9e2f7f_delivery_17,166,59.80422708192033,182.8492431640625,381.013427734375,181.36334228515625,379.4747619628906,184.371826171875,379.34429931640625,180.0449676513672,379.593505859375,188.00465393066406,379.58343505859375,178.3720703125,385.03704833984375,194.40960693359375,386.4517822265625,171.71835327148438,386.42181396484375,192.27232360839844,397.4873046875,169.05589294433594,380.2581787109375,185.66885375976562,400.70672607421875,190.37435913085938,403.9666442871094,200.78309631347656,403.61492919921875,186.1450958251953,422.2222595214844,196.5271759033203,419.25323486328125,195.02003479003906,442.29296875,193.28016662597656,437.1285095214844
d0af424c-4a9e-4411-b2c2-05526f9e2f7f_delivery_17,167,59.80422708192033,182.02899169921875,380.6451721191406,180.67860412597656,379.12933349609375,183.61859130859375,378.9892272949219,179.8839874267578,379.10638427734375,187.85369873046875,379.0513916015625,178.81021118164062,384.8453369140625,194.5870361328125,385.4804382324219,173.2913360595703,389.6020812988281,192.1748504638672,396.79620361328125,172.43350219726562,386.1424865722656,185.13967895507812,400.105224609375,190.30569458007812,403.97894287109375,200.58963012695312,403.50250244140625,187.0706329345703,422.56915283203125,196.2026824951172,419.9825744628906,194.78111267089844,442.3540954589844,193.04794311523438,438.1283874511719
d0af424c-4a9e-4411-b2c2-05526f9e2f7f_delivery_17,168,59.80422708192033,182.1018829345703,380.1188049316406,180.69992065429688,378.6460876464844,183.66583251953125,378.39813232421875,179.97421264648438,378.5694885253906,187.96261596679688,378.2486572265625,179.29415893554688,384.787109375,194.71450805664062,384.6630554199219,174.88490295410156,392.49005126953125,192.10305786132812,396.3363342285156,175.40444946289062,391.00701904296875,184.23348999023438,399.256591796875,190.5250244140625,403.7402648925781,200.63250732421875,403.0551452636719,188.03753662109375,422.6223449707031,195.95140075683594,420.2223815917969,194.43638610839844,442.41448974609375,193.19371032714844,438.6617736816406
d0af424c-4a9e-4411-b2c2-05526f9e2f7f_delivery_17,169,59.80422708192033,181.61929321289062,379.69012451171875,180.31851196289062,378.2714538574219,183.21578979492188,377.96856689453125,179.95321655273438,378.0240783691406,187.88662719726562,377.47222900390625,180.0831298828125,384.6266784667969,194.88327026367188,383.1641540527344,177.53990173339844,395.5713195800781,192.73001098632812,394.4382019042969,179.71844482421875,397.0890808105469,185.1087646484375,398.7355041503906,190.92269897460938,403.539794921875,200.6378936767578,402.55108642578125,189.03639221191406,422.666259765625,195.63844299316406,420.4114074707031,194.62240600585938,442.0860290527344,193.38168334960938,439.1784973144531
d0af424c-4a9e-4411-b2c2-05526f9e2f7f_delivery_17,170,59.80422708192033,181.52395629882812,379.33642578125,180.23446655273438,377.88787841796875,183.14425659179688,377.58258056640625,179.97996520996094,377.29998779296875,187.89573669433594,376.7433776855469,180.59181213378906,383.63018798828125,194.79335021972656,382.1175231933594,178.76248168945312,395.23333740234375,192.15505981445312,393.91845703125,179.6259002685547,396.5102844238281,184.03187561035156,397.35491943359375,191.4701690673828,402.41485595703125,200.81915283203125,401.46661376953125,189.91400146484375,422.2718200683594,195.6730194091797,420.0521240234375,194.8488006591797,442.104248046875,193.1954803466797,439.1408386230469
d0af424c-4a9e-4411-b2c2-05526f9e2f7f_delivery_17,171,59.80422708192033,181.8868408203125,379.1985168457031,180.5743408203125,377.74676513671875,183.4100799560547,377.32659912109375,180.34939575195312,376.6440124511719,188.04647827148438,375.7821044921875,181.55787658691406,382.5247802734375,194.7719268798828,380.3305358886719,180.29029846191406,394.26666259765625,192.29971313476562,390.78662109375,180.75677490234375,396.2781677246094,184.47360229492188,394.906005859375,192.3663330078125,401.42083740234375,201.06629943847656,400.3980712890625,190.89974975585938,421.68426513671875,195.67503356933594,420.03948974609375,195.095947265625,441.69622802734375,193.31240844726562,439.9838562011719
d0af424c-4a9e-4411-b2c2-05526f9e2f7f_delivery_17,172,59.80422708192033,182.39784240722656,378.95477294921875,181.09176635742188,377.49658203125,183.85775756835938,376.9639892578125,180.84474182128906,376.1844787597656,188.3136749267578,374.98968505859375,182.4483642578125,382.45538330078125,194.47447204589844,378.7143249511719,181.20263671875,395.4815368652344,192.03509521484375,387.5859375,181.74008178710938,396.2007141113281,184.58895874023438,391.6348571777344,193.23562622070312,401.2226867675781,201.14398193359375,399.6803283691406,191.780029296875,421.57122802734375,195.4852752685547,419.7480773925781,195.25010681152344,441.1777038574219,193.49993896484375,439.9103088378906
d0af424c-4a9e-4411-b2c2-05526f9e2f7f_delivery_17,173,59.80422708192033,182.4636993408203,378.4580078125,181.30882263183594,376.97998046875,183.89938354492188,376.5131530761719,181.27940368652344,375.4816589355469,188.40089416503906,374.4606628417969,182.9703369140625,381.4069519042969,194.57254028320312,378.0735168457031,182.229248046875,394.0945129394531,193.15982055664062,387.4101257324219,182.50741577148438,395.62841796875,186.64773559570312,392.8555603027344,193.78453063964844,400.17657470703125,201.31130981445312,398.8321533203125,192.48085021972656,421.2259826660156,195.29302978515625,419.6064147949219,195.58702087402344,441.13177490234375,193.56362915039062,440.1311950683594
d0af424c-4a9e-4411-b2c2-05526f9e2f7f_delivery_17,174,59.80422708192033,182.24960327148438,378.0950622558594,181.36936950683594,376.5341796875,183.67967224121094,376.1566467285156,181.91693115234375,374.8458251953125,188.3384246826172,374.1191711425781,183.66995239257812,380.8255920410156,194.37791442871094,377.93389892578125,183.09510803222656,394.71514892578125,192.87844848632812,388.7563781738281,183.16697692871094,398.4516906738281,186.9594268798828,396.1875305175781,194.56536865234375,399.2034606933594,201.49203491210938,398.04205322265625,192.92373657226562,420.6336669921875,195.10812377929688,419.25201416015625,195.4478302001953,441.0575256347656,193.62646484375,440.2890625
d0af424c-4a9e-4411-b2c2-05526f9e2f7f_delivery_17,175,59.80422708192033,182.26329040527344,377.5804138183594,181.639404296875,375.9781494140625,183.5880889892578,375.6648254394531,182.83616638183594,374.22222900390625,188.2106475830078,373.70538330078125,185.08676147460938,380.03033447265625,194.0963134765625,377.5815124511719,184.48728942871094,393.18878173828125,193.37002563476562,387.7433776855469,184.4371337890625,396.6849365234375,188.23548889160156,394.38568115234375,195.29908752441406,398.3638916015625,201.1217498779297,397.47637939453125,193.49339294433594,419.8387145996094,195.05259704589844,419.0165710449219,195.01832580566406,440.5549621582031,194.0126190185547,440.5386962890625
d0af424c-4a9e-4411-b2c2-05526f9e2f7f_delivery_17,176,59.80422708192033,182.2659149169922,377.00830078125,181.81951904296875,375.37872314453125,183.5340576171875,375.1996765136719,183.34417724609375,373.64654541015625,188.0219268798828,373.5224609375,185.559814453125,379.1852111816406,194.01637268066406,377.9170227050781,184.93052673339844,391.9904479980469,194.14552307128906,389.28973388671875,184.14186096191406,394.39227294921875,188.2019805908203,393.3394775390625,195.57229614257812,397.60882568359375,201.01702880859375,397.1803894042969,193.52139282226562,419.3359069824219,194.82977294921875,418.9111022949219,194.54443359375,440.4344177246094,194.32241821289062,440.5731201171875
d0af424c-4a9e-4411-b2c2-05526f9e2f7f_delivery_17,177,59.80422708192033,182.46083068847656,376.8318176269531,182.05638122558594,375.21038818359375,183.69622802734375,375.1706237792969,183.47984313964844,373.1903076171875,188.08692932128906,373.436279296875,185.0701141357422,377.58428955078125,194.65914916992188,378.2953796386719,184.8815460205078,389.1302490234375,195.5863800048828,392.0540771484375,184.0714569091797,392.7149963378906,189.11093139648438,395.5252685546875,194.4122772216797,396.6573181152344,200.59999084472656,396.95928955078125,192.71319580078125,418.80120849609375,195.12771606445312,418.788330078125,194.1377410888672,440.6376037597656,194.6668243408203,440.41021728515625
d0af424c-4a9e-4411-b2c2-05526f9e2f7f_delivery_17,178,59.80422708192033,182.9365692138672,377.18817138671875,182.47195434570312,375.6016845703125,184.02548217773438,375.48358154296875,183.7183074951172,373.26898193359375,188.1580352783203,373.2785949707031,185.25253295898438,377.442138671875,194.97500610351562,377.8800048828125,184.55433654785156,388.9972839355469,196.27456665039062,391.3115539550781,183.4093017578125,391.508544921875,189.0210418701172,393.53155517578125,193.50469970703125,397.6014709472656,199.86090087890625,397.84857177734375,191.97332763671875,419.2359924316406,195.64938354492188,419.32208251953125,193.0634002685547,440.6777648925781,195.1195068359375,440.5359191894531
d0af424c-4a9e-4411-b2c2-05526f9e2f7f_delivery_17,179,59.80422708192033,183.4644012451172,377.43853759765625,182.81527709960938,375.9156494140625,184.4581298828125,375.7063293457031,183.63755798339844,373.4707336425781,188.36126708984375,373.1864318847656,185.186767578125,377.4197082519531,195.51722717285156,377.5033874511719,184.278564453125,388.2869567871094,197.9040985107422,390.0771484375,182.66928100585938,387.41546630859375,190.1598663330078,389.56951904296875,192.349365234375,399.0166931152344,199.18919372558594,399.2028503417969,191.26890563964844,419.96209716796875,196.50128173828125,420.1870422363281,191.72837829589844,440.8671875,195.4847869873047,441.008056640625
d0af424c-4a9e-4411-b2c2-05526f9e2f7f_delivery_17,180,59.80422708192033,183.65882873535156,377.92401123046875,182.88037109375,376.4688720703125,184.62472534179688,376.1717529296875,183.2406768798828,373.8644104003906,188.55059814453125,373.2771911621094,184.14431762695312,377.6935729980469,196.3417510986328,377.37384033203125,182.99964904785156,388.982177734375,199.22280883789062,390.3935546875,182.0546417236328,388.1867370605469,190.8976287841797,390.6788635253906,190.8312225341797,400.2192687988281,198.9602508544922,400.26739501953125,189.8690643310547,420.65350341796875,197.26904296875,420.7374572753906,190.3311767578125,441.3410949707031,195.8332061767578,441.32073974609375
d0af424c-4a9e-4411-b2c2-05526f9e2f7f_delivery_17,181,59.80422708192033,184.21913146972656,378.5281066894531,183.22080993652344,377.1196594238281,185.1614990234375,376.69134521484375,183.07420349121094,374.4048156738281,189.01437377929688,373.44073486328125,183.62925720214844,378.168212890625,197.00486755371094,377.2726135253906,182.2018585205078,390.0946350097656,200.1025848388672,390.61724853515625,182.10777282714844,389.5835876464844,192.31427001953125,392.52618408203125,189.56675720214844,401.0819396972656,198.55477905273438,400.91522216796875,188.95562744140625,420.97528076171875,198.08546447753906,420.959228515625,188.81088256835938,441.5476379394531,196.15652465820312,441.5073547363281
d0af424c-4a9e-4411-b2c2-05526f9e2f7f_delivery_17,182,59.80422708192033,184.46664428710938,378.775634765625,183.33465576171875,377.40435791015625,185.31756591796875,376.8292236328125,183.06211853027344,374.8352355957031,189.0794219970703,373.46636962890625,183.882568359375,378.9856262207031,197.2039794921875,377.2134704589844,182.27000427246094,391.43695068359375,200.3843536376953,389.8998718261719,182.20619201660156,390.2398986816406,192.9744415283203,391.988525390625,189.30548095703125,401.8918151855469,198.35316467285156,401.4576721191406,188.32192993164062,421.218505859375,198.5043487548828,421.1331787109375,187.49269104003906,441.56182861328125,196.20028686523438,441.7506103515625
d0af424c-4a9e-4411-b2c2-05526f9e2f7f_delivery_17,183,59.80422708192033,184.2818145751953,378.6083679199219,183.1650390625,377.266357421875,185.14556884765625,376.6591796875,182.9822540283203,374.9556579589844,189.00784301757812,373.5059509277344,183.7571563720703,379.4136657714844,197.1803436279297,377.2822265625,182.40306091308594,392.592529296875,200.016357421875,389.9563293457031,183.2425537109375,391.19573974609375,192.87127685546875,392.0915222167969,189.36756896972656,401.81640625,198.55857849121094,401.2735290527344,188.15982055664062,421.0653076171875,198.68563842773438,421.0394287109375,186.77432250976562,441.52947998046875,195.92779541015625,441.9837341308594
d0af424c-4a9e-4411-b2c2-05526f9e2f7f_delivery_17,184,59.80422708192033,184.0044403076172,378.6055603027344,182.9619598388672,377.2615661621094,184.85171508789062,376.64581298828125,183.052978515625,375.084716796875,188.84872436523438,373.61907958984375,183.9726104736328,379.78399658203125,197.07998657226562,377.7057800292969,182.5033721923828,393.1136169433594,199.24269104003906,390.5149841308594,183.31146240234375,391.4658203125,191.69554138183594,391.9726867675781,189.1684112548828,402.0235595703125,198.1829833984375,401.5428466796875,187.8906707763672,421.24981689453125,198.27467346191406,421.3023376464844,186.5548553466797,441.5704345703125,195.5535430908203,442.0430908203125
d0af424c-4a9e-4411-b2c2-05526f9e2f7f_delivery_17,185,59.80422708192033,183.8550567626953,378.44189453125,182.87838745117188,377.08734130859375,184.69752502441406,376.4800720214844,183.1535186767578,375.2348327636719,188.72459411621094,373.7828063964844,184.10011291503906,380.4912414550781,196.89173889160156,378.3553161621094,182.55078125,393.6388244628906,199.04908752441406,390.856689453125,183.2296905517578,391.5030212402344,191.60220336914062,392.1312561035156,188.8765869140625,402.8645935058594,197.68008422851562,402.39703369140625,187.58030700683594,421.64312744140625,197.81948852539062,421.8023376464844,186.51637268066406,441.4705810546875,195.20262145996094,442.1897888183594
d0af424c-4a9e-4411-b2c2-05526f9e2f7f_delivery_17,186,59.80422708192033,183.52220153808594,378.3980712890625,182.65509033203125,376.99737548828125,184.40394592285156,376.44500732421875,183.1764678955078,375.3975524902344,188.56349182128906,374.0851745605469,184.16819763183594,381.2076416015625,196.60975646972656,379.2634582519531,182.62339782714844,394.0351257324219,198.65768432617188,391.4720153808594,183.08522033691406,391.58966064453125,191.517822265625,392.1186218261719,188.58779907226562,403.8211669921875,197.17185974121094,403.46441650390625,187.1914520263672,422.08331298828125,197.3054962158203,422.4493408203125,186.49623107910156,441.3572998046875,194.87869262695312,442.3371887207031
d0af424c-4a9e-4411-b2c2-05526f9e2f7f_delivery_17,187,59.80422708192033,183.502197265625,378.29803466796875,182.68109130859375,376.86199951171875,184.48977661132812,376.3819580078125,183.20875549316406,375.4034118652344,188.7261505126953,374.28680419921875,183.88421630859375,381.44793701171875,196.49635314941406,379.9407043457031,182.48475646972656,393.8175048828125,198.60421752929688,392.09417724609375,183.638916015625,391.5860595703125,191.6684112548828,392.4195251464844,188.11924743652344,404.2248229980469,196.79718017578125,404.0274658203125,187.01930236816406,422.20977783203125,196.8465118408203,422.80010986328125,186.34063720703125,441.1696472167969,194.57620239257812,442.34161376953125
d0af424c-4a9e-4411-b2c2-05526f9e2f7f_delivery_17,188,59.80422708192033,183.3861846923828,378.3628234863281,182.6223602294922,376.9010314941406,184.3914031982422,376.4491271972656,183.27943420410156,375.44696044921875,188.7121124267578,374.39996337890625,184.0275421142578,381.55487060546875,196.41180419921875,380.2587585449219,182.544677734375,393.8571472167969,198.5428924560547,392.60894775390625,183.33001708984375,391.4774169921875,191.67919921875,392.4737854003906,187.7928924560547,404.5706481933594,196.3112030029297,404.4705810546875,186.79275512695312,422.2706604003906,196.58680725097656,422.91943359375,186.2952423095703,441.08892822265625,194.4993896484375,442.25830078125
d0af424c-4a9e-4411-b2c2-05526f9e2f7f_delivery_17,189,59.80422708192033,183.6715545654297,378.3596496582031,182.7551727294922,376.9020690917969,184.73599243164062,376.4377136230469,182.9544677734375,375.32550048828125,188.92373657226562,374.2474365234375,183.30673217773438,381.1498107910156,196.451904296875,379.8712463378906,181.69940185546875,393.43463134765625,199.0210723876953,392.3276062011719,183.43809509277344,391.326171875,192.3816375732422,392.90753173828125,187.28538513183594,404.2918701171875,196.27456665039062,404.150390625,186.52049255371094,422.05413818359375,196.63096618652344,422.6756896972656,185.85154724121094,440.9813232421875,194.46359252929688,442.1981201171875
d0af424c-4a9e-4411-b2c2-05526f9e2f7f_delivery_17,190,59.80422708192033,183.80874633789062,378.4803466796875,182.7969512939453,377.0236511230469,184.9198760986328,376.5567626953125,182.7258758544922,375.2085876464844,189.1149139404297,374.1390075683594,182.85903930664062,380.58270263671875,196.59396362304688,379.4950866699219,181.0981903076172,393.0545959472656,199.09510803222656,392.41705322265625,183.4430694580078,391.4232177734375,192.48617553710938,393.0185852050781,187.04347229003906,403.7799377441406,196.41383361816406,403.65643310546875,186.3802032470703,421.7483825683594,196.7449188232422,422.24786376953125,185.4986114501953,440.9955749511719,194.47613525390625,441.9129943847656
d0af424c-4a9e-4411-b2c2-05526f9e2f7f_delivery_17,191,59.80422708192033,183.5433807373047,378.22320556640625,182.55609130859375,376.79388427734375,184.6486358642578,376.33355712890625,182.57933044433594,374.95172119140625,188.88278198242188,373.92169189453125,182.83712768554688,380.15338134765625,196.40467834472656,379.15838623046875,181.0155487060547,392.8959045410156,198.20745849609375,392.41131591796875,183.1184539794922,391.2395324707031,190.78054809570312,392.6481018066406,187.13400268554688,403.59942626953125,196.4654083251953,403.50604248046875,186.1038055419922,421.5566711425781,196.78707885742188,421.92523193359375,185.34249877929688,441.0006408691406,194.5081329345703,441.73541259765625
d0af424c-4a9e-4411-b2c2-05526f9e2f7f_delivery_17,192,59.80422708192033,183.12039184570312,378.30377197265625,182.19664001464844,376.869384765625,184.17601013183594,376.4085693359375,182.44338989257812,374.84808349609375,188.49017333984375,373.83056640625,183.1242218017578,379.8358459472656,196.1618194580078,378.8739318847656,181.09913635253906,393.17132568359375,197.4073028564453,392.7513427734375,181.9205322265625,391.0845947265625,189.13169860839844,392.3197937011719,187.31954956054688,403.6842041015625,196.36288452148438,403.643310546875,185.8825225830078,421.5259094238281,196.9391632080078,421.8324890136719,185.28253173828125,441.1186828613281,194.5825958251953,441.7788391113281
d0af424c-4a9e-4411-b2c2-05526f9e2f7f_delivery_17,193,59.80422708192033,182.89979553222656,378.2185974121094,181.93783569335938,376.7839050292969,183.92604064941406,376.3116149902344,182.14239501953125,374.741943359375,188.14895629882812,373.7091369628906,182.974609375,379.7356872558594,195.8807373046875,378.8349304199219,180.91732788085938,393.1595764160156,196.8618621826172,392.89874267578125,181.5842742919922,390.90948486328125,187.98081970214844,392.1902160644531,187.3924102783203,403.8828125,196.41464233398438,403.8812561035156,185.5589141845703,421.6051330566406,197.06265258789062,421.95306396484375,184.9706268310547,441.1925354003906,194.7114715576172,441.9778137207031
d0af424c-4a9e-4411-b2c2-05526f9e2f7f_delivery_17,194,59.80422708192033,182.44180297851562,377.85345458984375,181.6676025390625,376.4272155761719,183.42857360839844,375.9903869628906,182.2895965576172,374.7587890625,187.7813262939453,373.8060607910156,183.1692352294922,380.3416442871094,195.6876220703125,379.47772216796875,181.0152587890625,393.17498779296875,196.2757568359375,393.0087890625,181.31423950195312,390.3888244628906,187.0382080078125,391.7689514160156,187.37477111816406,404.369140625,196.20526123046875,404.4008483886719,185.14382934570312,421.74298095703125,196.86090087890625,422.1227111816406,184.7809295654297,441.07525634765625,194.80557250976562,441.8166198730469
d0af424c-4a9e-4411-b2c2-05526f9e2f7f_delivery_17,195,59.80422708192033,182.114990234375,377.3683776855469,181.4073486328125,375.9609069824219,183.10208129882812,375.5329895019531,182.17678833007812,374.7569580078125,187.4349822998047,373.8105773925781,182.97975158691406,380.9427185058594,195.32054138183594,379.89361572265625,181.07716369628906,393.11480712890625,195.93360900878906,392.3680114746094,181.57997131347656,390.0656433105469,186.5748291015625,390.9496154785156,187.22909545898438,404.45166015625,195.99267578125,404.427490234375,184.74732971191406,421.60760498046875,196.59637451171875,422.0128173828125,184.43435668945312,440.9252014160156,194.70147705078125,441.75506591796875
d0af424c-4a9e-4411-b2c2-05526f9e2f7f_delivery_17,196,59.80422708192033,182.07260131835938,377.16448974609375,181.37191772460938,375.7310791015625,183.09165954589844,375.3080139160156,182.13523864746094,374.73236083984375,187.4469757080078,373.7903747558594,182.80238342285156,381.26318359375,195.24339294433594,380.0789489746094,180.95314025878906,392.955078125,196.11216735839844,391.80889892578125,182.14901733398438,390.0448303222656,186.9655303955078,390.87451171875,187.044189453125,404.17242431640625,195.890869140625,404.1103820800781,184.49212646484375,421.2523498535156,196.62513732910156,421.7293701171875,183.91070556640625,440.8452453613281,194.52235412597656,441.80126953125
d0af424c-4a9e-4411-b2c2-05526f9e2f7f_delivery_17,197,59.80422708192033,181.72669982910156,376.5712585449219,181.0731964111328,375.1788635253906,182.74781799316406,374.755615234375,181.9243927001953,374.70654296875,187.0802764892578,373.75018310546875,182.3258056640625,381.79876708984375,194.97901916503906,380.33642578125,180.92236328125,392.629638671875,196.6582489013672,390.797607421875,183.47479248046875,389.8052978515625,188.12416076660156,390.6742858886719,186.78793334960938,403.939697265625,195.75689697265625,403.74908447265625,184.2713623046875,421.060791015625,196.19619750976562,421.4801025390625,183.57115173339844,440.7514953613281,194.21624755859375,441.7367248535156
d0af424c-4a9e-4411-b2c2-05526f9e2f7f_delivery_17,198,59.80422708192033,181.41746520996094,376.0830383300781,180.81967163085938,374.6974182128906,182.4976348876953,374.3168029785156,181.7039794921875,374.5298767089844,186.84629821777344,373.66876220703125,181.76473999023438,381.9617919921875,194.7122344970703,380.45556640625,180.90628051757812,392.3371276855469,196.6594696044922,390.2440185546875,184.24107360839844,389.6949768066406,187.91297912597656,390.27252197265625,186.38038635253906,403.5662841796875,195.56088256835938,403.33306884765625,183.96334838867188,420.7518615722656,195.8356475830078,421.1314697265625,183.3496856689453,440.6519470214844,193.9756622314453,441.548583984375
d0af424c-4a9e-4411-b2c2-05526f9e2f7f_delivery_17,199,59.80422708192033,181.283935546875,376.15380859375,180.61048889160156,374.7550048828125,182.3423614501953,374.3688659667969,181.37313842773438,374.3315124511719,186.5511474609375,373.48077392578125,181.60101318359375,381.261962890625,194.27621459960938,379.8519287109375,180.90664672851562,391.7174072265625,195.94398498535156,389.67572021484375,184.03590393066406,389.64654541015625,187.2265625,389.715576171875,186.39328002929688,402.6777038574219,195.4637451171875,402.4913635253906,183.73667907714844,420.1100769042969,195.88821411132812,420.476806640625,183.0101318359375,440.699462890625,193.78787231445312,441.56903076171875
d0af424c-4a9e-4411-b2c2-05526f9e2f7f_delivery_17,200,59.80422708192033,180.96920776367188,376.3160400390625,180.28976440429688,374.8976135253906,182.0055389404297,374.50396728515625,181.08343505859375,374.10235595703125,186.24876403808594,373.2551574707031,181.5921173095703,380.4889221191406,194.0214385986328,379.16424560546875,181.12522888183594,391.29852294921875,195.5594024658203,389.55279541015625,183.8656463623047,389.616455078125,186.97044372558594,390.2032470703125,186.40293884277344,401.9078369140625,195.3712615966797,401.7815856933594,183.48434448242188,419.6827697753906,196.05616760253906,420.079345703125,182.68551635742188,440.7015686035156,193.76071166992188,441.64117431640625
d0af424c-4a9e-4411-b2c2-05526f9e2f7f_delivery_17,201,59.80422708192033,180.51214599609375,376.4590759277344,179.8927001953125,375.0547180175781,181.4856719970703,374.6690673828125,180.79806518554688,373.8953552246094,185.66360473632812,373.0849304199219,181.3687744140625,379.6788024902344,193.5537109375,378.4580078125,181.13314819335938,390.7161560058594,195.17855834960938,389.2103271484375,183.9578399658203,389.2299499511719,186.96449279785156,390.09942626953125,186.3094940185547,401.0599670410156,195.14981079101562,400.9559020996094,183.32498168945312,419.3994140625,195.86648559570312,419.7541198730469,182.28192138671875,440.73175048828125,193.78903198242188,441.5576171875
d0af424c-4a9e-4411-b2c2-05526f9e2f7f_delivery_17,202,59.80422708192033,180.34002685546875,376.8328552246094,179.72193908691406,375.38250732421875,181.29574584960938,375.01104736328125,180.6395263671875,373.64764404296875,185.4912872314453,372.9058837890625,181.50013732910156,378.7374267578125,193.2791748046875,377.83905029296875,181.25387573242188,390.25921630859375,193.86622619628906,389.3574523925781,183.25460815429688,389.0284423828125,185.28822326660156,389.8640441894531,186.32810974121094,400.51788330078125,195.0321044921875,400.57769775390625,182.82858276367188,419.1561279296875,196.10646057128906,419.6526794433594,181.88877868652344,440.7040710449219,194.01419067382812,441.6419677734375
d0af424c-4a9e-4411-b2c2-05526f9e2f7f_delivery_17,203,59.80422708192033,180.14450073242188,377.0753479003906,179.5478515625,375.6173400878906,181.0281219482422,375.2320251464844,180.59056091308594,373.49444580078125,185.24644470214844,372.75,181.82752990722656,377.953125,193.0506134033203,377.23089599609375,181.36224365234375,389.4396667480469,193.10350036621094,388.8939514160156,182.4851837158203,388.8738708496094,184.80357360839844,389.6908264160156,186.53421020507812,399.9148254394531,194.9446563720703,400.0904541015625,182.62493896484375,418.870849609375,196.2330322265625,419.4676513671875,181.53675842285156,440.5820617675781,194.0809783935547,441.6119079589844
d0af424c-4a9e-4411-b2c2-05526f9e2f7f_delivery_17,204,59.80422708192033,179.87142944335938,376.517578125,179.2853240966797,375.0783996582031,180.73558044433594,374.6970520019531,180.3765411376953,373.0745544433594,184.94407653808594,372.3589782714844,181.67843627929688,377.5137023925781,192.78102111816406,376.8545837402344,181.56097412109375,388.93902587890625,193.10362243652344,388.40777587890625,183.211181640625,388.9383239746094,185.13059997558594,389.6647644042969,186.5617218017578,399.3397521972656,194.91714477539062,399.5359802246094,182.6394805908203,418.60107421875,196.0943603515625,419.2356262207031,181.276123046875,440.4210510253906,194.1077117919922,441.5633239746094
d0af424c-4a9e-4411-b2c2-05526f9e2f7f_delivery_17,205,59.80422708192033,179.54676818847656,376.52459716796875,178.9790802001953,375.0981140136719,180.3671417236328,374.7241516113281,180.11993408203125,373.0068664550781,184.55055236816406,372.3345947265625,181.39523315429688,377.0658874511719,192.45260620117188,376.6241149902344,181.10658264160156,387.9547424316406,192.78761291503906,387.86920166015625,183.19277954101562,388.5447998046875,185.1446533203125,389.31903076171875,186.4800262451172,398.6866149902344,194.815185546875,398.942626953125,182.61904907226562,418.2124938964844,195.95562744140625,418.9009704589844,181.0137939453125,440.32122802734375,194.0902557373047,441.4577331542969
d0af424c-4a9e-4411-b2c2-05526f9e2f7f_delivery_17,206,59.80422708192033,178.86399841308594,375.85528564453125,178.3694610595703,374.45184326171875,179.6934356689453,374.0806579589844,179.770263671875,372.72491455078125,184.05984497070312,372.0879211425781,181.10369873046875,376.878173828125,192.13441467285156,376.6313171386719,180.89105224609375,385.4992370605469,192.44796752929688,386.0690612792969,182.92091369628906,384.5776672363281,184.92254638671875,386.18804931640625,186.32611083984375,398.28717041015625,194.70115661621094,398.6326599121094,182.33737182617188,417.81591796875,195.84999084472656,418.63641357421875,181.075927734375,440.0684509277344,194.0105743408203,441.3778991699219
d0af424c-4a9e-4411-b2c2-05526f9e2f7f_delivery_17,207,59.80422708192033,179.4679718017578,375.3552551269531,178.7830810546875,374.0392150878906,180.1737823486328,373.5498046875,179.7401123046875,372.782958984375,184.05001831054688,371.8070983886719,180.73658752441406,377.3488464355469,192.19358825683594,376.4735107421875,179.96340942382812,386.05078125,193.0445098876953,385.9646301269531,181.89859008789062,384.5921936035156,186.38328552246094,388.40045166015625,186.1553497314453,398.2608642578125,194.70269775390625,398.3205871582031,182.30433654785156,417.66754150390625,195.6416015625,418.3174133300781,181.2462615966797,439.8987731933594,193.8642120361328,441.3951110839844
d0af424c-4a9e-4411-b2c2-05526f9e2f7f_delivery_17,208,59.80422708192033,179.08087158203125,374.970703125,178.3692626953125,373.69183349609375,179.71958923339844,373.1381530761719,179.2550506591797,372.7528381347656,183.28025817871094,371.5842590332031,179.87904357910156,377.968017578125,191.4695281982422,376.1873474121094,178.66087341308594,387.34259033203125,192.2218780517578,384.7978210449219,181.05528259277344,385.101806640625,186.28469848632812,387.2796630859375,186.11416625976562,398.245849609375,194.72154235839844,397.9052734375,182.19261169433594,417.62933349609375,195.35455322265625,418.1181945800781,181.50355529785156,439.8815612792969,193.80081176757812,441.60174560546875
d0af424c-4a9e-4411-b2c2-05526f9e2f7f_delivery_17,209,59.80422708192033,178.18960571289062,375.1387939453125,177.5844268798828,373.84869384765625,178.8286895751953,373.25152587890625,178.763427734375,372.83184814453125,182.50784301757812,371.5572204589844,179.1830596923828,378.5069274902344,190.91537475585938,376.02264404296875,177.32342529296875,388.9939270019531,190.9519500732422,384.6070556640625,179.72488403320312,386.0301208496094,185.06790161132812,387.35345458984375,186.1224365234375,398.7894592285156,194.8227081298828,398.1456604003906,181.8470001220703,417.8280944824219,195.10467529296875,418.1438903808594,181.7984619140625,440.02838134765625,193.84971618652344,441.8572082519531
d0af424c-4a9e-4411-b2c2-05526f9e2f7f_delivery_17,210,59.80422708192033,178.05055236816406,374.8190002441406,177.37698364257812,373.544189453125,178.6559600830078,372.8913269042969,178.4066162109375,372.50823974609375,182.14422607421875,371.0790100097656,178.6514129638672,378.5888671875,190.56454467773438,375.5546569824219,176.36570739746094,390.18927001953125,189.880859375,384.385986328125,178.8868865966797,386.4953918457031,183.82171630859375,387.13818359375,186.00485229492188,399.5406188964844,194.8327178955078,398.6565246582031,181.50509643554688,418.2098388671875,194.7534637451172,418.40496826171875,182.16322326660156,440.19970703125,193.91757202148438,442.1590270996094
d0af424c-4a9e-4411-b2c2-05526f9e2f7f_delivery_17,211,59.80422708192033,178.08331298828125,375.0320739746094,177.196533203125,373.742919921875,178.73776245117188,373.0174255371094,177.70005798339844,372.37451171875,182.0892791748047,370.73046875,177.62062072753906,378.49456787109375,190.45159912109375,374.7343444824219,174.89944458007812,392.1556396484375,189.25820922851562,384.2528381347656,177.07064819335938,390.4637451171875,182.20449829101562,388.8293762207031,185.58917236328125,399.6934814453125,194.99549865722656,398.51422119140625,181.3344268798828,418.44390869140625,194.59979248046875,418.4063720703125,182.28001403808594,440.5464782714844,194.08587646484375,442.42242431640625
d0af424c-4a9e-4411-b2c2-05526f9e2f7f_delivery_17,212,59.80422708192033,176.28350830078125,374.870849609375,175.62869262695312,373.53082275390625,177.05520629882812,372.8561096191406,176.7647247314453,371.91162109375,181.00364685058594,370.3903503417969,177.0550079345703,378.0865173339844,189.60174560546875,374.046630859375,174.27537536621094,391.5105895996094,188.18386840820312,382.16339111328125,174.2236328125,390.88433837890625,179.58139038085938,385.3387451171875,185.38751220703125,399.68218994140625,194.67446899414062,398.4908447265625,181.08172607421875,418.6739196777344,194.3531036376953,418.5964660644531,182.16079711914062,440.85089111328125,194.19082641601562,442.5183410644531
d0af424c-4a9e-4411-b2c2-05526f9e2f7f_delivery_17,213,59.80422708192033,176.1879119873047,374.2193603515625,175.45274353027344,372.937744140625,176.95465087890625,372.2535400390625,176.3404998779297,371.4470520019531,180.858642578125,369.87884521484375,176.7184600830078,377.55023193359375,189.5360107421875,373.3814392089844,174.77719116210938,390.10260009765625,189.08680725097656,380.7416076660156,174.7843780517578,389.89776611328125,179.82179260253906,385.0530700683594,184.9635772705078,399.55584716796875,194.4590301513672,398.3199157714844,180.8551025390625,418.8631286621094,194.30303955078125,418.5633239746094,181.96852111816406,441.1584777832031,194.21328735351562,442.53717041015625
d0af424c-4a9e-4411-b2c2-05526f9e2f7f_delivery_17,214,59.80422708192033,176.13235473632812,373.4607238769531,175.19287109375,372.201171875,176.99734497070312,371.5372009277344,175.48886108398438,370.9689636230469,180.83950805664062,369.40423583984375,175.70631408691406,377.0857849121094,189.54141235351562,372.6464538574219,174.9840850830078,388.0633544921875,191.38975524902344,377.92388916015625,175.45367431640625,388.9073486328125,182.4512176513672,383.5535583496094,184.12937927246094,398.9472351074219,194.25747680664062,397.5949401855469,180.66131591796875,418.8883056640625,194.37501525878906,418.3614501953125,181.70069885253906,441.3692932128906,194.1699981689453,442.50030517578125
d0af424c-4a9e-4411-b2c2-05526f9e2f7f_delivery_17,215,59.80422708192033,175.6531982421875,372.6983947753906,174.63629150390625,371.4323425292969,176.62826538085938,370.7968444824219,174.63705444335938,370.4900817871094,180.5354766845703,368.9515686035156,174.70327758789062,376.93231201171875,189.3524932861328,371.8747863769531,175.48834228515625,386.8484191894531,193.8261260986328,374.9764709472656,176.29273986816406,388.531982421875,185.53628540039062,382.2615966796875,183.52354431152344,398.1382751464844,194.15377807617188,396.5317687988281,180.48092651367188,418.7462463378906,194.5067901611328,417.8265380859375,181.33982849121094,441.52374267578125,194.13548278808594,442.35247802734375
d0af424c-4a9e-4411-b2c2-05526f9e2f7f_delivery_17,216,59.80422708192033,175.33074951171875,372.07281494140625,174.28305053710938,370.8236389160156,176.2910614013672,370.1994934082031,174.1439971923828,370.127685546875,180.07498168945312,368.5764465332031,174.3373565673828,376.9937744140625,189.0702667236328,371.4537048339844,176.5569305419922,386.727783203125,195.93382263183594,373.6873474121094,178.11553955078125,388.3319091796875,189.0923614501953,382.1868591308594,183.25253295898438,398.2674865722656,193.89515686035156,396.44384765625,180.1980743408203,418.96282958984375,194.46371459960938,417.7187194824219,181.15286254882812,441.6294250488281,194.01861572265625,442.269775390625
d0af424c-4a9e-4411-b2c2-05526f9e2f7f_delivery_17,217,59.80422708192033,175.98233032226562,371.4347839355469,174.65826416015625,370.1750793457031,176.94467163085938,369.5781555175781,173.63450622558594,369.6791687011719,180.2268829345703,368.18310546875,173.4742431640625,376.83935546875,188.9735870361328,371.1367492675781,177.46673583984375,386.3389892578125,197.89100646972656,372.6644287109375,182.04153442382812,387.70440673828125,192.58592224121094,382.185791015625,182.7607879638672,398.3409729003906,193.90890502929688,396.3265075683594,179.87063598632812,419.1497497558594,194.5439453125,417.5841369628906,180.98971557617188,441.85968017578125,194.07583618164062,442.31524658203125
d0af424c-4a9e-4411-b2c2-05526f9e2f7f_delivery_17,218,59.80422708192033,175.72035217285156,371.3626708984375,174.31394958496094,370.0204162597656,176.80563354492188,369.451904296875,173.07435607910156,369.4234313964844,180.24295043945312,367.9945983886719,172.8392333984375,376.76580810546875,189.02139282226562,371.0002136230469,177.3007354736328,386.30792236328125,199.31997680664062,372.40008544921875,182.13192749023438,387.9049987792969,195.1188507080078,382.46722412109375,182.3180389404297,398.5490417480469,193.85386657714844,396.4689025878906,179.3549041748047,419.2825927734375,194.49240112304688,417.52716064453125,180.90457153320312,441.9648742675781,194.1893310546875,442.20086669921875
d0af424c-4a9e-4411-b2c2-05526f9e2f7f_delivery_17,219,59.80422708192033,176.07955932617188,371.4239501953125,174.4982147216797,370.06768798828125,177.1061248779297,369.43719482421875,172.90650939941406,369.4238586425781,180.2106170654297,367.7933654785156,172.60394287109375,376.7848205566406,189.12020874023438,371.04425048828125,175.35989379882812,385.9735107421875,199.94163513183594,372.97991943359375,177.9458770751953,387.21002197265625,196.26272583007812,383.1048583984375,182.30795288085938,399.0220031738281,193.84605407714844,396.92315673828125,178.59349060058594,419.5605163574219,194.38890075683594,417.7620849609375,181.21063232421875,442.0824279785156,194.21148681640625,442.1160583496094
d0af424c-4a9e-4411-b2c2-05526f9e2f7f_delivery_17,220,59.80422708192033,176.39039611816406,371.63043212890625,174.65505981445312,370.2517395019531,177.4154510498047,369.56512451171875,172.77383422851562,369.6669006347656,180.3368377685547,367.87384033203125,172.49588012695312,377.16357421875,189.18020629882812,371.4982604980469,174.55703735351562,386.1776428222656,200.22740173339844,374.0632629394531,176.45057678222656,387.06158447265625,196.67080688476562,384.1327209472656,182.11448669433594,399.8515625,193.64715576171875,397.749755859375,177.62020874023438,419.99212646484375,194.30477905273438,418.0677185058594,181.5919189453125,442.20721435546875,194.2108917236328,441.9531555175781
d0af424c-4a9e-4411-b2c2-05526f9e2f7f_delivery_17,221,59.80422708192033,176.87574768066406,371.4442138671875,174.93592834472656,370.009765625,177.9011688232422,369.3651428222656,172.35162353515625,369.59814453125,180.4011688232422,367.9167175292969,171.68618774414062,377.3465881347656,188.8227081298828,371.98004150390625,173.8966827392578,386.4341735839844,200.22491455078125,375.1360778808594,176.40103149414062,387.1965026855469,196.9910888671875,384.9757080078125,181.7462921142578,400.1941833496094,193.55401611328125,398.09222412109375,176.9095001220703,420.2884826660156,194.18939208984375,418.18011474609375,181.66372680664062,442.29852294921875,194.3441925048828,441.72821044921875
d0af424c-4a9e-4411-b2c2-05526f9e2f7f_delivery_17,222,59.80422708192033,176.9971160888672,371.2968444824219,174.9534912109375,369.8577880859375,177.98052978515625,369.1938171386719,172.099853515625,369.61651611328125,180.2854461669922,367.8905029296875,171.41549682617188,377.5496520996094,188.65745544433594,372.3789367675781,173.75308227539062,386.87042236328125,200.300048828125,376.33612060546875,176.51638793945312,387.5650634765625,197.26132202148438,385.896240234375,181.60374450683594,400.5155944824219,193.46041870117188,398.44482421875,176.30606079101562,420.5833740234375,193.82972717285156,418.3581848144531,181.63844299316406,442.3055725097656,194.39474487304688,441.48345947265625
d0af424c-4a9e-4411-b2c2-05526f9e2f7f_delivery_17,223,59.80422708192033,177.16030883789062,371.162353515625,175.00624084472656,369.7056579589844,178.15731811523438,369.04443359375,171.93943786621094,369.6177978515625,180.30682373046875,367.90435791015625,171.4452667236328,377.7486572265625,188.53378295898438,372.9035339355469,174.31842041015625,387.0388488769531,200.41075134277344,377.68145751953125,177.06915283203125,387.4107666015625,197.32809448242188,387.06988525390625,181.554931640625,401.1750183105469,193.2935028076172,399.22906494140625,175.58090209960938,421.05096435546875,193.5247344970703,418.8850402832031,181.7060546875,442.32305908203125,194.27288818359375,441.5118408203125
d0af424c-4a9e-4411-b2c2-05526f9e2f7f_delivery_17,224,59.80422708192033,177.136474609375,371.0183410644531,174.9874267578125,369.5461730957031,178.13510131835938,368.91302490234375,171.89395141601562,369.5960998535156,180.2570343017578,367.986572265625,171.5785675048828,377.93524169921875,188.32144165039062,373.383056640625,176.06686401367188,387.5480651855469,200.40052795410156,378.93719482421875,179.70437622070312,387.6026916503906,197.32559204101562,388.29425048828125,181.34878540039062,401.5999450683594,192.96737670898438,399.78607177734375,175.2190704345703,421.4339904785156,193.08055114746094,419.33673095703125,181.49281311035156,442.33465576171875,194.13458251953125,441.696533203125
d0af424c-4a9e-4411-b2c2-05526f9e2f7f_delivery_17,225,59.80422708192033,176.75433349609375,370.6134033203125,174.67588806152344,369.1614074707031,177.732177734375,368.570556640625,171.7819061279297,369.4524841308594,179.91598510742188,367.95269775390625,171.60215759277344,378.10406494140625,188.19082641601562,373.8130798339844,176.5940704345703,388.1536865234375,200.48110961914062,379.9798889160156,179.9817352294922,388.42034912109375,197.67910766601562,389.13018798828125,181.095458984375,401.9515380859375,192.64724731445312,400.2773742675781,175.07550048828125,421.8118591308594,192.5220947265625,419.90423583984375,181.16043090820312,442.4107360839844,194.12060546875,441.95941162109375
d0af424c-4a9e-4411-b2c2-05526f9e2f7f_delivery_17,226,59.80422708192033,176.73849487304688,370.6192321777344,174.67051696777344,369.2290954589844,177.6810760498047,368.5788269042969,172.0632781982422,369.6116943359375,179.9272918701172,367.9383850097656,172.153564453125,378.2736511230469,188.5548553466797,374.15679931640625,176.0962371826172,388.1846923828125,200.8917999267578,380.9435729980469,177.91737365722656,388.55364990234375,197.808837890625,390.1317138671875,181.10337829589844,402.5209655761719,192.40032958984375,401.00103759765625,174.90171813964844,422.2237854003906,192.14117431640625,420.6752014160156,181.20558166503906,442.53118896484375,193.86599731445312,442.4068298339844
d0af424c-4a9e-4411-b2c2-05526f9e2f7f_delivery_17,227,59.80422708192033,176.8775634765625,370.9085693359375,174.773193359375,369.4956970214844,177.8692626953125,368.8535461425781,172.20571899414062,369.87957763671875,180.16812133789062,368.2162780761719,172.37208557128906,378.5381774902344,188.77822875976562,374.74725341796875,175.5832977294922,388.37335205078125,200.97691345214844,382.07061767578125,175.95704650878906,389.0382080078125,197.96690368652344,391.14990234375,180.78701782226562,403.0567321777344,191.98805236816406,401.725830078125,174.58181762695312,422.67572021484375,191.8225555419922,421.4555358886719,181.12562561035156,442.727294921875,193.67596435546875,442.9165954589844
d0af424c-4a9e-4411-b2c2-05526f9e2f7f_delivery_17,228,59.80422708192033,177.32220458984375,371.0184020996094,175.14508056640625,369.58148193359375,178.2760467529297,368.9409484863281,172.26055908203125,370.0923767089844,180.36563110351562,368.4206237792969,172.09840393066406,378.9479064941406,188.7329559326172,375.26220703125,174.5891571044922,389.1258239746094,200.78553771972656,382.9577941894531,174.5199432373047,390.15496826171875,197.99708557128906,391.65777587890625,180.3886260986328,403.26910400390625,191.69007873535156,401.9627990722656,174.7701873779297,422.9209289550781,191.41029357910156,421.7674865722656,180.90789794921875,442.8553466796875,193.61358642578125,443.096435546875
d0af424c-4a9e-4411-b2c2-05526f9e2f7f_delivery_17,229,59.80422708192033,177.64549255371094,370.9405822753906,175.43115234375,369.4821472167969,178.61952209472656,368.8668212890625,172.32852172851562,370.1434326171875,180.5738983154297,368.53350830078125,171.8743438720703,379.40960693359375,188.51531982421875,375.7152099609375,174.70578002929688,390.62591552734375,200.6421356201172,383.8941650390625,175.86378479003906,391.7601318359375,197.9202423095703,391.9272766113281,179.86244201660156,403.8260498046875,191.13096618652344,402.47564697265625,174.83840942382812,423.0624084472656,190.87399291992188,421.777099609375,180.82989501953125,442.9651184082031,193.34994506835938,443.01031494140625
d0af424c-4a9e-4411-b2c2-05526f9e2f7f_delivery_17,230,59.80422708192033,178.37156677246094,370.90899658203125,176.032470703125,369.42010498046875,179.28062438964844,368.8100891113281,172.41758728027344,370.15606689453125,180.84080505371094,368.56005859375,171.67185974121094,379.58148193359375,188.3680419921875,376.0730285644531,174.48362731933594,391.156005859375,200.44410705566406,384.7874450683594,176.262939453125,392.1930847167969,197.73294067382812,392.35369873046875,179.64593505859375,404.0971374511719,190.92857360839844,402.7951965332031,175.10792541503906,423.3778076171875,190.5033721923828,422.23345947265625,180.81903076171875,443.0733337402344,193.07765197753906,443.3772888183594
d0af424c-4a9e-4411-b2c2-05526f9e2f7f_delivery_17,231,59.80422708192033,178.57818603515625,370.82794189453125,176.23565673828125,369.29205322265625,179.48651123046875,368.713134765625,172.48216247558594,370.1315612792969,180.97268676757812,368.6195983886719,171.63502502441406,379.7986145019531,188.26075744628906,376.4098205566406,174.93734741210938,392.0378112792969,200.14234924316406,385.63494873046875,177.3781280517578,393.27587890625,197.57614135742188,392.7536926269531,179.4110870361328,403.9462890625,190.701171875,402.697998046875,175.26553344726562,423.3604736328125,189.98988342285156,422.2535705566406,180.58114624023438,443.1855163574219,192.9479217529297,443.6097717285156
d0af424c-4a9e-4411-b2c2-05526f9e2f7f_delivery_17,232,59.80422708192033,178.292236328125,370.6108093261719,176.04161071777344,369.0661315917969,179.1918182373047,368.5115661621094,172.47901916503906,369.95147705078125,180.76126098632812,368.5030517578125,171.57798767089844,379.75872802734375,188.19131469726562,376.4609375,174.82894897460938,392.4346923828125,200.05311584472656,386.112060546875,177.71524047851562,393.8214111328125,197.24365234375,393.21160888671875,179.28643798828125,403.6912841796875,190.57737731933594,402.4916076660156,175.6357421875,423.13531494140625,189.59251403808594,422.1722106933594,180.55267333984375,443.2342834472656,192.6720733642578,443.8901672363281
d0af424c-4a9e-4411-b2c2-05526f9e2f7f_delivery_17,233,59.80422708192033,176.92405700683594,370.7186279296875,175.04617309570312,369.1693115234375,177.85684204101562,368.66986083984375,172.59677124023438,369.9201354980469,180.05093383789062,368.6357421875,172.03152465820312,379.72894287109375,188.2909698486328,376.6983337402344,175.1510772705078,392.7868957519531,200.13482666015625,386.87640380859375,177.82229614257812,394.20947265625,196.83004760742188,394.074951171875,179.33677673339844,403.8103332519531,190.3960723876953,402.8455810546875,175.86119079589844,423.3515625,189.39419555664062,422.91900634765625,180.65789794921875,443.43328857421875,192.5130157470703,444.7760314941406
d0af424c-4a9e-4411-b2c2-05526f9e2f7f_delivery_17,234,59.80422708192033,175.76632690429688,370.8626708984375,174.20616149902344,369.3370666503906,176.70010375976562,368.8773193359375,172.6569061279297,369.9875793457031,179.43638610839844,368.8060302734375,172.38461303710938,379.6588134765625,188.49078369140625,376.81536865234375,175.0475311279297,392.937255859375,200.11729431152344,387.41717529296875,177.22970581054688,394.58111572265625,196.59095764160156,395.01116943359375,179.53294372558594,403.4489440917969,190.48211669921875,402.6676330566406,176.32640075683594,423.473876953125,189.2251434326172,423.5436706542969,180.69805908203125,443.5276184082031,192.41490173339844,445.510009765625
d0af424c-4a9e-4411-b2c2-05526f9e2f7f_delivery_17,235,59.80422708192033,175.53558349609375,370.76763916015625,174.0042266845703,369.2187805175781,176.55123901367188,368.8079833984375,172.58596801757812,369.9420166015625,179.43063354492188,368.8924560546875,172.35743713378906,379.669921875,188.39915466308594,377.0625915527344,174.92221069335938,392.95928955078125,199.93356323242188,387.88861083984375,177.0659942626953,394.90972900390625,196.21189880371094,395.6703186035156,179.3571319580078,403.2708435058594,190.26141357421875,402.6015930175781,176.53045654296875,423.503173828125,189.10519409179688,423.78375244140625,180.549560546875,443.6825256347656,192.25218200683594,445.9352722167969
d0af424c-4a9e-4411-b2c2-05526f9e2f7f_delivery_17,236,59.80422708192033,175.7724609375,370.81097412109375,174.17529296875,369.2380065917969,176.8451385498047,368.8610534667969,172.55682373046875,370.03436279296875,179.63092041015625,369.0699768066406,172.26715087890625,379.836669921875,188.21319580078125,377.34686279296875,174.76463317871094,393.05645751953125,199.6907501220703,388.30047607421875,176.8122100830078,394.8651123046875,195.95411682128906,396.5224304199219,179.1678009033203,403.37646484375,189.91690063476562,402.7476501464844,176.73275756835938,423.809814453125,188.80677795410156,424.2105407714844,180.71893310546875,443.7786560058594,191.97738647460938,446.258056640625
d0af424c-4a9e-4411-b2c2-05526f9e2f7f_delivery_17,237,59.80422708192033,176.232177734375,370.9822692871094,174.53306579589844,369.38970947265625,177.2954559326172,369.01580810546875,172.53128051757812,370.25213623046875,179.84877014160156,369.2840270996094,172.1410675048828,380.07568359375,188.02407836914062,377.56158447265625,174.6610870361328,393.2096252441406,199.4106903076172,388.4874267578125,176.61520385742188,394.9516906738281,195.74867248535156,396.95709228515625,179.08206176757812,403.4639892578125,189.7709503173828,402.80908203125,176.86166381835938,424.0976867675781,188.63787841796875,424.50689697265625,180.6686248779297,443.8659362792969,191.87857055664062,446.42724609375
d0af424c-4a9e-4411-b2c2-05526f9e2f7f_delivery_17,238,59.80422708192033,177.260986328125,370.5826110839844,175.32069396972656,369.03070068359375,178.33206176757812,368.6414794921875,172.61683654785156,370.07843017578125,180.48463439941406,369.0672912597656,171.92791748046875,379.93048095703125,187.92578125,377.4709777832031,174.10513305664062,392.652099609375,198.9874267578125,388.1592102050781,176.4017333984375,394.85406494140625,195.7015380859375,397.1775207519531,178.92599487304688,403.33660888671875,189.60617065429688,402.6038513183594,177.2599639892578,424.0960388183594,188.34857177734375,424.3469543457031,180.7149658203125,443.7990417480469,191.68942260742188,446.22344970703125
d0af424c-4a9e-4411-b2c2-05526f9e2f7f_delivery_17,239,59.80422708192033,178.25274658203125,370.1798400878906,176.04782104492188,368.644775390625,179.3084716796875,368.22076416015625,172.67567443847656,369.9222412109375,181.01361083984375,368.8221435546875,171.88636779785156,379.884765625,187.8068389892578,377.4072570800781,173.93582153320312,392.0160827636719,198.5968017578125,387.76495361328125,176.17129516601562,394.4248962402344,195.5946502685547,397.38470458984375,178.9601593017578,403.32989501953125,189.57290649414062,402.52093505859375,177.4739990234375,424.2164001464844,188.2440185546875,424.3284912109375,180.7393341064453,443.8653869628906,191.72830200195312,446.2281494140625
d0af424c-4a9e-4411-b2c2-05526f9e2f7f_delivery_17,240,59.80422708192033,178.0426025390625,370.2474365234375,175.91098022460938,368.765380859375,179.08233642578125,368.2967834472656,172.8397979736328,369.94439697265625,180.96783447265625,368.74786376953125,172.16806030273438,379.67852783203125,187.9297637939453,377.1099548339844,173.97280883789062,391.5480651855469,198.3868865966797,387.3233337402344,176.4104461669922,394.18743896484375,195.6662139892578,397.7408752441406,179.258056640625,402.9893798828125,189.7187957763672,402.1258239746094,177.71554565429688,423.9508361816406,188.11436462402344,423.96331787109375,180.9375762939453,443.7619934082031,191.7440185546875,445.9915771484375
d0af424c-4a9e-4411-b2c2-05526f9e2f7f_delivery_17,241,59.80422708192033,177.681396484375,370.2826232910156,175.61322021484375,368.83837890625,178.7429962158203,368.33184814453125,172.86570739746094,369.86114501953125,180.87051391601562,368.57427978515625,172.21649169921875,379.2272644042969,188.2198028564453,376.84527587890625,172.5877227783203,389.69415283203125,198.30474853515625,387.09228515625,173.26922607421875,390.85211181640625,195.53363037109375,397.88385009765625,179.25772094726562,402.8170166015625,189.8216094970703,402.01629638671875,177.59597778320312,423.7517395019531,188.20648193359375,423.86224365234375,180.87001037597656,443.54656982421875,191.7584686279297,445.837158203125
d0af424c-4a9e-4411-b2c2-05526f9e2f7f_delivery_17,242,59.80422708192033,177.1778564453125,370.1899719238281,175.2601318359375,368.78369140625,178.30177307128906,368.2701721191406,173.0688934326172,369.697998046875,180.81016540527344,368.4071044921875,172.4939727783203,378.9110107421875,188.42344665527344,376.5996398925781,172.3539276123047,389.17626953125,198.1553192138672,386.80517578125,173.05816650390625,390.5846862792969,195.48292541503906,397.8701171875,179.19212341308594,402.52215576171875,189.65170288085938,401.75177001953125,177.4802703857422,423.5640563964844,187.97142028808594,423.650390625,181.1343994140625,443.48675537109375,191.70437622070312,445.6318054199219
d0af424c-4a9e-4411-b2c2-05526f9e2f7f_delivery_17,243,59.80422708192033,177.26986694335938,369.6882629394531,175.32911682128906,368.3027648925781,178.37429809570312,367.7604064941406,173.12673950195312,369.3994445800781,180.8157501220703,368.02142333984375,172.56039428710938,378.7107238769531,188.41940307617188,376.36767578125,172.39273071289062,389.0962219238281,198.0148468017578,386.8089599609375,173.37554931640625,390.697021484375,195.184326171875,397.7830810546875,179.0459442138672,402.1263427734375,189.4578857421875,401.3436279296875,176.791259765625,423.3132629394531,187.43263244628906,423.28515625,181.15882873535156,443.4774169921875,191.62796020507812,445.35064697265625
d0af424c-4a9e-4411-b2c2-05526f9e2f7f_delivery_17,244,59.80422708192033,176.29586791992188,369.4226379394531,174.63536071777344,368.03289794921875,177.43345642089844,367.5316467285156,173.16473388671875,369.0733947753906,180.3289031982422,367.81268310546875,172.61387634277344,378.33795166015625,188.38694763183594,376.1749572753906,172.26712036132812,388.931640625,197.91635131835938,386.7896728515625,173.6096649169922,391.32135009765625,194.89437866210938,397.45013427734375,178.9626922607422,401.6763000488281,189.31532287597656,400.9883117675781,176.30853271484375,422.97998046875,187.0372772216797,422.9653625488281,181.31053161621094,443.4773864746094,191.51063537597656,445.10107421875
d0af424c-4a9e-4411-b2c2-05526f9e2f7f_delivery_17,245,59.80422708192033,176.1303253173828,368.6134948730469,174.50396728515625,367.2245178222656,177.30918884277344,366.74041748046875,173.13856506347656,368.4423828125,180.27928161621094,367.21051025390625,172.51307678222656,378.0080871582031,188.37139892578125,375.9098815917969,171.88612365722656,388.9358825683594,197.718994140625,386.7580871582031,173.0,391.9313659667969,194.46949768066406,397.1164855957031,178.7244415283203,401.6055603027344,189.10533142089844,400.9595642089844,175.84666442871094,422.9132080078125,186.73709106445312,422.9360656738281,181.64773559570312,443.4029541015625,191.4109344482422,444.9623718261719
d0af424c-4a9e-4411-b2c2-05526f9e2f7f_delivery_17,246,59.80422708192033,175.58421325683594,367.7696228027344,174.10629272460938,366.40545654296875,176.76292419433594,365.93695068359375,173.11695861816406,367.78228759765625,179.95703125,366.5882568359375,172.58349609375,377.75164794921875,188.18267822265625,375.4403076171875,172.83035278320312,390.1728820800781,197.3759307861328,386.2273864746094,175.58729553222656,395.7438659667969,194.20684814453125,396.62030029296875,178.64956665039062,401.5816345214844,188.92405700683594,400.8918151855469,175.80540466308594,422.83233642578125,186.41673278808594,422.81805419921875,182.10360717773438,443.4447937011719,191.43975830078125,444.9123229980469
d0af424c-4a9e-4411-b2c2-05526f9e2f7f_delivery_17,247,59.80422708192033,174.9011688232422,366.9684753417969,173.5630645751953,365.6091613769531,176.081298828125,365.1658020019531,172.9456787109375,366.9768981933594,179.47006225585938,365.8511657714844,172.49896240234375,377.0098876953125,187.95924377441406,374.80322265625,172.98934936523438,389.8609619140625,197.0266571044922,385.7347412109375,175.48867797851562,396.69329833984375,193.8309326171875,396.226318359375,178.4818115234375,401.4446716308594,188.69883728027344,400.8477478027344,175.47866821289062,422.6170654296875,186.25587463378906,422.7845458984375,182.2790069580078,443.3503112792969,191.43858337402344,445.0009765625
d0af424c-4a9e-4411-b2c2-05526f9e2f7f_delivery_17,248,59.80422708192033,174.01739501953125,366.808349609375,172.81727600097656,365.420166015625,175.26092529296875,364.99786376953125,172.63233947753906,366.5310363769531,179.04310607910156,365.4604187011719,172.45750427246094,376.37066650390625,187.83692932128906,374.19525146484375,173.18972778320312,389.5042419433594,196.67825317382812,385.1356201171875,174.85643005371094,397.2589111328125,193.64329528808594,395.7169494628906,178.3940887451172,401.1531982421875,188.5970001220703,400.63116455078125,175.26675415039062,422.22039794921875,186.385009765625,422.5465087890625,182.39854431152344,443.1883850097656,191.4020538330078,444.9961853027344
d0af424c-4a9e-4411-b2c2-05526f9e2f7f_delivery_17,249,59.80422708192033,174.45899963378906,365.89752197265625,173.0807342529297,364.5263671875,175.6778106689453,364.085205078125,172.4530792236328,365.67254638671875,179.11680603027344,364.52789306640625,172.1532440185547,375.54510498046875,187.6294708251953,373.3876037597656,172.8135986328125,388.87060546875,196.0697021484375,384.5167541503906,173.7999725341797,397.2211608886719,193.43157958984375,395.3879699707031,177.8671112060547,400.9259033203125,188.1367950439453,400.3838806152344,174.8622589111328,422.0981140136719,186.43687438964844,422.4849853515625,182.4132537841797,443.0191955566406,191.4429931640625,444.8963317871094
d0af424c-4a9e-4411-b2c2-05526f9e2f7f_delivery_17,250,59.80422708192033,174.3093719482422,365.1878662109375,172.87640380859375,363.81671142578125,175.5224609375,363.370361328125,172.1258544921875,364.9412841796875,178.86233520507812,363.7682189941406,171.79246520996094,374.8359375,187.27218627929688,372.6275939941406,172.39891052246094,388.35919189453125,195.4179229736328,383.7119445800781,172.910400390625,397.4460144042969,193.2411346435547,394.89849853515625,177.32928466796875,400.7060852050781,187.61114501953125,400.12091064453125,174.22714233398438,421.9819641113281,186.34649658203125,422.32928466796875,182.23870849609375,443.1640930175781,191.39743041992188,444.9283752441406
d0af424c-4a9e-4411-b2c2-05526f9e2f7f_delivery_17,251,59.80422708192033,174.22833251953125,364.5230712890625,172.74664306640625,363.1452331542969,175.4172821044922,362.6860656738281,171.89749145507812,364.2969970703125,178.65768432617188,363.0778503417969,171.6615753173828,374.1572265625,187.0567169189453,372.0229187011719,172.50091552734375,387.8766174316406,194.97225952148438,383.2882385253906,172.224365234375,397.63946533203125,192.8390655517578,394.03375244140625,177.0638427734375,400.2252502441406,187.37112426757812,399.7196350097656,173.36141967773438,421.4593811035156,186.38449096679688,421.9044189453125,181.78298950195312,443.1173400878906,191.27806091308594,444.9324645996094
d0af424c-4a9e-4411-b2c2-05526f9e2f7f_delivery_17,252,59.80422708192033,173.83135986328125,364.3270568847656,172.37417602539062,362.9120788574219,175.03489685058594,362.44366455078125,171.6079864501953,363.9202880859375,178.44497680664062,362.67864990234375,171.55758666992188,373.7508544921875,186.8697967529297,371.6732177734375,172.24514770507812,387.5987854003906,194.421630859375,383.2984924316406,172.02511596679688,397.5165100097656,191.859619140625,394.00286865234375,177.021240234375,400.1862487792969,187.31443786621094,399.7098083496094,173.2229461669922,421.503662109375,186.5586700439453,421.9927673339844,181.51173400878906,443.2863464355469,191.34036254882812,445.0932312011719
d0af424c-4a9e-4411-b2c2-05526f9e2f7f_delivery_17,253,59.80422708192033,173.9058837890625,363.32940673828125,172.35577392578125,361.9134216308594,175.0788116455078,361.4386901855469,171.29843139648438,363.0492858886719,178.26382446289062,361.7865905761719,171.05459594726562,373.1348571777344,186.48915100097656,371.1186828613281,171.45301818847656,386.8902282714844,193.84056091308594,383.0870361328125,170.93609619140625,396.56353759765625,191.110107421875,393.7991638183594,176.58648681640625,400.16259765625,186.99838256835938,399.6549377441406,173.00527954101562,421.6293640136719,186.69595336914062,421.98431396484375,181.06280517578125,443.4466552734375,191.26150512695312,445.02203369140625
d0af424c-4a9e-4411-b2c2-05526f9e2f7f_delivery_17,254,59.80422708192033,173.52194213867188,363.1184387207031,171.93826293945312,361.6723327636719,174.7233428955078,361.1618957519531,170.86094665527344,362.7352294921875,178.05673217773438,361.374267578125,170.86111450195312,372.8473205566406,186.19140625,370.7041931152344,171.32781982421875,386.5982666015625,193.31227111816406,382.855712890625,169.9735870361328,396.2626037597656,190.29383850097656,393.3260803222656,176.43553161621094,400.16064453125,186.8686065673828,399.628662109375,172.94296264648438,421.67425537109375,186.85585021972656,421.8955078125,180.3446502685547,443.7664489746094,191.12411499023438,445.1117248535156
d0af424c-4a9e-4411-b2c2-05526f9e2f7f_delivery_17,255,59.80422708192033,172.62496948242188,363.1429443359375,171.25975036621094,361.6699523925781,173.7826690673828,361.15936279296875,170.71240234375,362.51031494140625,177.39459228515625,361.15960693359375,170.9888458251953,372.513427734375,185.84922790527344,370.4302673339844,171.63116455078125,386.1125183105469,192.73912048339844,382.8434753417969,169.46176147460938,395.8021545410156,189.02635192871094,393.6045837402344,176.48048400878906,400.05108642578125,186.76449584960938,399.6545104980469,172.64419555664062,421.3306579589844,186.90701293945312,421.75726318359375,179.19960021972656,443.50714111328125,191.10227966308594,445.0941467285156
d0af424c-4a9e-4411-b2c2-05526f9e2f7f_delivery_17,256,59.80422708192033,172.3091278076172,362.9458923339844,170.88746643066406,361.4523620605469,173.53890991210938,360.917724609375,170.2606201171875,362.2615661621094,177.2737579345703,360.855224609375,170.6779022216797,372.36151123046875,185.3928680419922,370.17852783203125,171.4028778076172,385.731689453125,191.77188110351562,382.627685546875,169.0484619140625,395.33172607421875,187.89759826660156,393.83038330078125,176.1772918701172,400.17919921875,186.47616577148438,399.7194519042969,172.5408935546875,421.7981262207031,186.93252563476562,422.0470886230469,178.05738830566406,443.6899108886719,191.1644287109375,445.0037841796875
d0af424c-4a9e-4411-b2c2-05526f9e2f7f_delivery_17,257,59.80422708192033,172.94374084472656,362.1556091308594,171.29428100585938,360.6877746582031,174.13287353515625,360.1205139160156,170.05467224121094,361.7453918457031,177.3634490966797,360.24639892578125,170.3184356689453,372.0563049316406,184.8346710205078,369.8010559082031,171.07347106933594,385.3072204589844,190.59593200683594,382.40789794921875,168.01077270507812,395.0736999511719,186.63165283203125,394.21697998046875,175.67002868652344,399.9003601074219,185.97787475585938,399.39031982421875,171.775390625,421.60540771484375,186.77352905273438,421.6342468261719,176.51268005371094,443.5370788574219,191.00897216796875,444.545166015625
d0af424c-4a9e-4411-b2c2-05526f9e2f7f_delivery_17,258,59.80422708192033,172.47169494628906,362.4460754394531,170.88368225097656,360.9385681152344,173.71702575683594,360.39111328125,169.7332763671875,361.8276672363281,177.04981994628906,360.382568359375,170.05606079101562,372.09454345703125,184.22389221191406,369.74298095703125,171.01939392089844,385.36822509765625,189.52760314941406,382.04541015625,167.62982177734375,395.83013916015625,185.6439666748047,394.3470764160156,175.29664611816406,399.79681396484375,185.5440673828125,399.2947692871094,170.93533325195312,421.4703674316406,186.5933074951172,421.4812316894531,174.74818420410156,443.4200744628906,190.9893035888672,444.4242858886719
d0af424c-4a9e-4411-b2c2-05526f9e2f7f_delivery_17,259,59.80422708192033,171.6890869140625,362.539794921875,170.24969482421875,360.9537048339844,173.0387420654297,360.48309326171875,169.3592529296875,361.67724609375,176.59017944335938,360.4623718261719,169.68386840820312,372.0306091308594,183.54705810546875,369.9329833984375,170.80311584472656,385.3920593261719,188.17591857910156,382.41949462890625,167.4690704345703,396.64361572265625,183.7307891845703,395.7600402832031,174.8559112548828,399.9309387207031,185.11663818359375,399.6006164550781,169.56640625,421.3603820800781,186.3643341064453,421.5915832519531,172.9262237548828,443.189453125,191.10597229003906,444.5924377441406
d0af424c-4a9e-4411-b2c2-05526f9e2f7f_delivery_17,260,59.80422708192033,171.49203491210938,362.45220947265625,170.03944396972656,360.8194580078125,172.91004943847656,360.3974609375,169.0153045654297,361.50494384765625,176.3839111328125,360.4228515625,169.16986083984375,371.9816589355469,182.82870483398438,369.9766540527344,170.19708251953125,385.55926513671875,187.1574249267578,382.52838134765625,166.99899291992188,397.15850830078125,183.0478057861328,395.68310546875,174.2277374267578,400.2017822265625,184.48313903808594,399.8634033203125,169.01080322265625,421.90826416015625,186.19525146484375,421.9850158691406,171.33078002929688,443.4862976074219,191.300048828125,444.6799011230469
d0af424c-4a9e-4411-b2c2-05526f9e2f7f_delivery_17,261,59.80422708192033,170.52174377441406,362.56689453125,169.24658203125,360.89385986328125,171.9656982421875,360.5503845214844,168.5447540283203,361.3408203125,175.56869506835938,360.4931640625,168.60946655273438,371.6287841796875,181.93983459472656,369.9244689941406,169.51290893554688,385.5038146972656,186.16001892089844,382.8283386230469,166.65963745117188,397.676513671875,181.8785400390625,396.2773742675781,173.47515869140625,400.0125427246094,183.63710021972656,399.79180908203125,168.25701904296875,421.8820495605469,185.8180694580078,421.9566345214844,169.60635375976562,443.5538024902344,191.24359130859375,444.7447509765625
d0af424c-4a9e-4411-b2c2-05526f9e2f7f_delivery_17,262,59.80422708192033,168.98300170898438,362.7770080566406,167.9365234375,361.07763671875,170.48536682128906,360.8049621582031,167.75283813476562,361.28564453125,174.50169372558594,360.6270446777344,168.01226806640625,371.48541259765625,180.951416015625,369.92132568359375,168.8755645751953,385.3598937988281,185.42352294921875,382.60638427734375,166.19650268554688,397.9664001464844,181.7848358154297,395.9341125488281,172.6869354248047,400.1910095214844,182.63577270507812,399.9350891113281,167.5651397705078,422.14373779296875,185.35403442382812,422.23382568359375,167.97683715820312,444.02606201171875,191.4926300048828,445.0189208984375
d0af424c-4a9e-4411-b2c2-05526f9e2f7f_delivery_17,263,59.80422708192033,167.87049865722656,362.8449401855469,166.9271240234375,361.1490173339844,169.37538146972656,360.8899841308594,167.08486938476562,361.2726135253906,173.5815887451172,360.695556640625,167.59170532226562,371.1867980957031,179.99891662597656,369.82330322265625,168.3791046142578,384.9404602050781,184.67962646484375,382.526123046875,166.35035705566406,397.65264892578125,181.4761962890625,395.704833984375,172.18675231933594,399.9492492675781,181.8438720703125,399.7377014160156,167.2895050048828,422.3164367675781,184.8785400390625,422.2804260253906,166.6800079345703,444.2191467285156,191.4300537109375,445.0393981933594
d0af424c-4a9e-4411-b2c2-05526f9e2f7f_delivery_17,264,59.80422708192033,167.27188110351562,362.8137512207031,166.3386688232422,361.1584777832031,168.6978302001953,360.8890380859375,166.54483032226562,361.2749938964844,172.73236083984375,360.6949768066406,167.27561950683594,370.8803405761719,178.86898803710938,369.5260009765625,168.05947875976562,384.4056701660156,184.21495056152344,381.9920959472656,166.6233673095703,396.6988830566406,182.40773010253906,394.7694091796875,171.8733367919922,399.35748291015625,180.98658752441406,399.0711364746094,167.57928466796875,422.2129821777344,184.30226135253906,421.9443359375,165.51400756835938,444.1743469238281,191.20323181152344,444.7159729003906
d0af424c-4a9e-4411-b2c2-05526f9e2f7f_delivery_17,265,59.80422708192033,166.24798583984375,362.8702697753906,165.3257293701172,361.27008056640625,167.66024780273438,360.97430419921875,165.7152099609375,361.43914794921875,171.71539306640625,360.8256530761719,167.00001525878906,370.74334716796875,177.53628540039062,369.387451171875,167.72508239746094,383.8155822753906,183.4792022705078,381.626220703125,166.71131896972656,395.89825439453125,182.72486877441406,394.92352294921875,171.8075408935547,399.0167236328125,179.9776611328125,398.6202392578125,168.2462615966797,422.1402282714844,183.14373779296875,421.7016296386719,166.45794677734375,444.4249267578125,189.98104858398438,444.8105163574219
d0af424c-4a9e-4411-b2c2-05526f9e2f7f_delivery_17,266,59.80422708192033,165.5331573486328,363.0653076171875,164.59474182128906,361.4859619140625,166.89813232421875,361.2091064453125,164.86605834960938,361.55584716796875,170.83489990234375,360.98822021484375,166.46963500976562,370.7362365722656,176.3848876953125,369.40374755859375,167.48672485351562,383.5521545410156,182.81849670410156,381.2935485839844,166.53475952148438,395.5314025878906,183.39328002929688,394.6510314941406,171.33984375,399.3154296875,179.11468505859375,398.8073425292969,167.53175354003906,422.1287841796875,182.65086364746094,421.72027587890625,165.23968505859375,444.5543212890625,190.30386352539062,444.926025390625
d0af424c-4a9e-4411-b2c2-05526f9e2f7f_delivery_17,267,59.80422708192033,165.23291015625,363.2848815917969,164.13047790527344,361.7181701660156,166.58041381835938,361.4115295410156,163.99871826171875,361.8717041015625,170.18692016601562,361.2476806640625,165.75717163085938,370.9622497558594,175.24075317382812,369.5460205078125,167.3207550048828,383.69317626953125,181.90061950683594,381.1636962890625,166.7294158935547,395.392333984375,183.29476928710938,394.3819885253906,170.8459014892578,399.2774963378906,178.4542999267578,398.7703857421875,166.93653869628906,421.999755859375,182.31028747558594,421.56689453125,164.03799438476562,444.2356872558594,190.00692749023438,444.921875
d0af424c-4a9e-4411-b2c2-05526f9e2f7f_delivery_17,268,59.80422708192033,165.13819885253906,363.23773193359375,163.90953063964844,361.70355224609375,166.45428466796875,361.42559814453125,163.2762908935547,361.8675842285156,169.66200256347656,361.2828674316406,164.7991485595703,371.0225524902344,174.2574005126953,369.67919921875,166.6292724609375,383.8490295410156,180.96620178222656,381.41082763671875,166.2114715576172,395.421142578125,182.98057556152344,394.6456604003906,169.7704620361328,399.5190124511719,177.3738555908203,398.88421630859375,165.8963623046875,422.02288818359375,181.59075927734375,421.72100830078125,163.1657257080078,444.52923583984375,190.19630432128906,445.1801452636719
d0af424c-4a9e-4411-b2c2-05526f9e2f7f_delivery_17,269,59.80422708192033,165.0885009765625,363.2847595214844,163.67237854003906,361.75885009765625,166.328857421875,361.5241394042969,162.10020446777344,361.9063415527344,168.9686737060547,361.41339111328125,162.27345275878906,370.9725646972656,173.19607543945312,369.85504150390625,163.10858154296875,383.48309326171875,179.9790496826172,381.25341796875,163.02081298828125,395.1796569824219,182.63482666015625,394.3457336425781,167.1621856689453,399.63531494140625,175.64784240722656,398.88104248046875,163.89990234375,421.896728515625,180.71951293945312,421.6044921875,161.84774780273438,444.6385498046875,190.1062774658203,445.0511169433594
d0af424c-4a9e-4411-b2c2-05526f9e2f7f_delivery_17,270,59.80422708192033,165.2949676513672,363.2785339355469,163.6028289794922,361.7351989746094,166.4845733642578,361.509765625,160.9497833251953,361.7864074707031,168.63438415527344,361.31463623046875,159.98782348632812,370.7524719238281,172.7621612548828,369.8415832519531,160.22259521484375,383.2918395996094,179.34542846679688,381.4308776855469,160.46217346191406,395.020751953125,182.12374877929688,394.268310546875,165.1613006591797,399.6942138671875,175.0657196044922,398.9250793457031,161.35345458984375,421.7416687011719,180.8397216796875,421.5710144042969,158.85435485839844,444.640625,191.17271423339844,445.2011413574219
d0af424c-4a9e-4411-b2c2-05526f9e2f7f_delivery_17,271,59.80422708192033,165.35394287109375,363.1624755859375,163.5092010498047,361.6028747558594,166.4387969970703,361.3481140136719,160.23129272460938,361.8240966796875,168.02560424804688,361.28271484375,158.3935089111328,370.8486328125,171.95860290527344,369.9927673339844,157.4530029296875,383.0510559082031,178.5861053466797,381.68719482421875,157.82357788085938,394.1582336425781,181.45187377929688,394.1016845703125,163.99070739746094,399.55517578125,174.3890838623047,398.7626647949219,160.0081024169922,421.8792419433594,180.045654296875,421.4996643066406,158.1457061767578,444.72039794921875,190.48130798339844,445.1463317871094
d0af424c-4a9e-4411-b2c2-05526f9e2f7f_delivery_17,272,59.80422708192033,164.8530731201172,363.0726318359375,162.95896911621094,361.4737243652344,165.89271545410156,361.24114990234375,159.32968139648438,361.7156066894531,167.23175048828125,361.23388671875,156.6273651123047,370.7765197753906,171.27427673339844,370.1008605957031,154.48411560058594,382.6258850097656,178.16722106933594,381.99853515625,154.94888305664062,393.2364807128906,181.25360107421875,394.1024475097656,162.67820739746094,399.60577392578125,173.75228881835938,398.75714111328125,158.62496948242188,422.2914733886719,179.48365783691406,421.6396179199219,157.38125610351562,445.1770324707031,190.29666137695312,445.1339111328125
d0af424c-4a9e-4411-b2c2-05526f9e2f7f_delivery_17,273,59.80422708192033,164.09718322753906,363.2707824707031,162.0765838623047,361.63916015625,165.10263061523438,361.3802795410156,158.02175903320312,361.9140930175781,166.23703002929688,361.3874816894531,154.8882598876953,370.9322814941406,170.2750244140625,370.3201904296875,151.8719940185547,382.1185607910156,177.58871459960938,382.00836181640625,152.064697265625,392.25726318359375,181.12774658203125,394.01446533203125,161.59762573242188,399.82159423828125,173.08621215820312,398.9566650390625,157.73062133789062,422.5196533203125,179.0523223876953,421.7581481933594,156.8497772216797,445.183837890625,189.98406982421875,445.2182312011719
d0af424c-4a9e-4411-b2c2-05526f9e2f7f_delivery_17,274,59.80422708192033,162.17776489257812,363.25384521484375,160.26992797851562,361.63433837890625,163.34136962890625,361.36444091796875,156.89157104492188,361.979736328125,165.11268615722656,361.435546875,154.6791534423828,371.13189697265625,169.55015563964844,370.3189392089844,152.13497924804688,382.35662841796875,177.19046020507812,381.9335632324219,152.1378631591797,392.4676208496094,180.55213928222656,394.04486083984375,161.7628173828125,400.1751708984375,172.93687438964844,399.2465515136719,157.54664611816406,423.3199157714844,178.74453735351562,422.45269775390625,156.6062469482422,445.95489501953125,189.90878295898438,445.8627014160156
d0af424c-4a9e-4411-b2c2-05526f9e2f7f_delivery_17,275,59.80422708192033,160.28134155273438,363.4741516113281,158.51708984375,361.8697509765625,161.57241821289062,361.6175842285156,155.73391723632812,362.20123291015625,163.86447143554688,361.69866943359375,154.09970092773438,371.3760070800781,168.3506622314453,370.4920959472656,151.77159118652344,382.3192138671875,176.3092041015625,381.98284912109375,151.51931762695312,392.0850524902344,180.00442504882812,393.88726806640625,161.10543823242188,400.3526306152344,171.815185546875,399.3005676269531,157.5379638671875,423.8266906738281,177.71658325195312,422.4612731933594,156.35018920898438,446.3110046386719,189.1897735595703,445.24810791015625
d0af424c-4a9e-4411-b2c2-05526f9e2f7f_delivery_17,276,59.80422708192033,158.65859985351562,363.5162353515625,156.9561767578125,361.95416259765625,160.0084228515625,361.7108154296875,154.5267333984375,362.1922912597656,162.58523559570312,361.7121276855469,153.19175720214844,371.317138671875,167.1744842529297,370.386474609375,151.26092529296875,382.1134948730469,175.41329956054688,381.6952209472656,151.09959411621094,391.6952819824219,179.74777221679688,393.9587097167969,160.05538940429688,400.6075439453125,170.48434448242188,399.4136047363281,157.53668212890625,424.291259765625,176.81040954589844,422.7989501953125,156.39346313476562,446.8096008300781,188.55130004882812,445.2221984863281
d0af424c-4a9e-4411-b2c2-05526f9e2f7f_delivery_17,277,59.80422708192033,157.1990203857422,363.6288146972656,155.523681640625,362.1280212402344,158.60809326171875,361.85382080078125,153.41114807128906,362.2654113769531,161.47109985351562,361.7075500488281,152.57855224609375,371.1611328125,165.9528350830078,370.1985168457031,151.03131103515625,381.544189453125,174.46173095703125,381.4195861816406,150.90432739257812,391.0223693847656,179.44595336914062,393.965087890625,159.1392364501953,400.4651794433594,168.99110412597656,399.09552001953125,157.40682983398438,424.33135986328125,175.1383819580078,422.4007263183594,156.78045654296875,446.9391174316406,187.55355834960938,444.3166809082031
d0af424c-4a9e-4411-b2c2-05526f9e2f7f_delivery_17,278,59.80422708192033,155.26048278808594,363.859130859375,153.8729705810547,362.3930969238281,156.6544952392578,362.124267578125,152.662841796875,362.31640625,159.96888732910156,361.77362060546875,152.36273193359375,371.02581787109375,164.98178100585938,370.0037536621094,151.3237762451172,381.7291564941406,173.64630126953125,381.46209716796875,151.70291137695312,391.2734069824219,178.85964965820312,394.2302551269531,158.53306579589844,400.3631286621094,167.84422302246094,398.93182373046875,156.58258056640625,424.45758056640625,173.46395874023438,422.2483215332031,156.65380859375,447.2293701171875,186.55767822265625,443.87774658203125
d0af424c-4a9e-4411-b2c2-05526f9e2f7f_delivery_17,279,59.80422708192033,154.08401489257812,364.1931457519531,152.83847045898438,362.7552795410156,155.32742309570312,362.4465026855469,152.03823852539062,362.48480224609375,158.63107299804688,361.8449401855469,152.08889770507812,370.9660949707031,163.94747924804688,369.9955139160156,151.37515258789062,381.57098388671875,172.83444213867188,381.9041748046875,151.88729858398438,390.72198486328125,178.24154663085938,394.8159484863281,157.9257049560547,400.265869140625,166.65869140625,398.8279724121094,155.5029754638672,424.088623046875,171.3189239501953,421.55316162109375,156.61102294921875,446.8589172363281,185.1274871826172,442.87109375
d0af424c-4a9e-4411-b2c2-05526f9e2f7f_delivery_17,280,59.80422708192033,152.11585998535156,364.18206787109375,151.1208953857422,362.7980651855469,153.18824768066406,362.4207458496094,151.18800354003906,362.5950927734375,156.6105499267578,361.7874755859375,151.93118286132812,371.1661376953125,162.40716552734375,369.8460388183594,151.9150848388672,382.43206787109375,172.06991577148438,381.5602111816406,152.47579956054688,392.4436950683594,177.6330108642578,394.5231628417969,157.24398803710938,400.1063537597656,164.98202514648438,398.6053771972656,153.98049926757812,424.1125793457031,168.61793518066406,421.32012939453125,156.16249084472656,446.69140625,183.62237548828125,442.2816467285156
d0af424c-4a9e-4411-b2c2-05526f9e2f7f_delivery_17,281,59.80422708192033,150.10198974609375,364.5083312988281,149.34060668945312,363.132568359375,151.12118530273438,362.73785400390625,150.25616455078125,362.8437194824219,155.0942840576172,361.9837951660156,151.9570770263672,371.43212890625,161.4903106689453,369.77410888671875,152.37953186035156,383.50701904296875,171.61387634277344,381.4062194824219,152.50921630859375,394.46844482421875,177.31263732910156,394.1589660644531,156.51844787597656,400.0387268066406,163.45700073242188,398.4803161621094,152.64907836914062,423.9412536621094,165.57513427734375,420.524169921875,155.81103515625,446.3604736328125,181.0093231201172,440.9630126953125
d0af424c-4a9e-4411-b2c2-05526f9e2f7f_delivery_17,282,59.80422708192033,148.11732482910156,364.8075256347656,147.58270263671875,363.44403076171875,149.01046752929688,363.0272521972656,149.2917022705078,363.0113220214844,153.39337158203125,362.0772705078125,151.82188415527344,371.5898132324219,160.67166137695312,369.59381103515625,152.51412963867188,384.68505859375,171.06951904296875,381.1063232421875,152.33641052246094,396.408203125,176.73992919921875,393.6801452636719,155.6376953125,400.1640930175781,161.99378967285156,398.6423034667969,151.32693481445312,423.828369140625,163.17361450195312,420.4242248535156,155.46170043945312,446.1593933105469,178.7525634765625,440.8221740722656
d0af424c-4a9e-4411-b2c2-05526f9e2f7f_delivery_17,283,59.80422708192033,146.6839141845703,364.68963623046875,146.21983337402344,363.31890869140625,147.5629119873047,362.8953857421875,148.2535858154297,363.04327392578125,152.1600799560547,362.06695556640625,151.2438201904297,371.8479919433594,159.61729431152344,369.53167724609375,152.09889221191406,385.3265380859375,170.49546813964844,380.71624755859375,151.43377685546875,398.0202331542969,176.1457061767578,393.09637451171875,154.6184539794922,400.0788269042969,160.4977569580078,398.5252990722656,150.53823852539062,423.81964111328125,160.74061584472656,419.91058349609375,154.9618682861328,445.8478088378906,175.840087890625,439.8144226074219
d0af424c-4a9e-4411-b2c2-05526f9e2f7f_delivery_17,284,59.80422708192033,145.18324279785156,364.5793151855469,144.82398986816406,363.17584228515625,146.0790252685547,362.76171875,147.24964904785156,362.96124267578125,150.95037841796875,362.0044250488281,150.63583374023438,371.9672546386719,158.50283813476562,369.37762451171875,152.01556396484375,385.9737854003906,169.77320861816406,380.08917236328125,151.42933654785156,399.64654541015625,175.92591857910156,392.0404968261719,153.7082061767578,399.9728698730469,159.1230926513672,398.4021301269531,150.1830596923828,424.0002746582031,158.7567138671875,419.76202392578125,154.76962280273438,445.7546081542969,173.1318359375,439.37945556640625
d0af424c-4a9e-4411-b2c2-05526f9e2f7f_delivery_17,285,59.80422708192033,144.44871520996094,364.6590270996094,144.09556579589844,363.1896667480469,145.357177734375,362.8103332519531,146.52444458007812,362.855712890625,150.30316162109375,361.98077392578125,149.9638671875,371.8563232421875,157.99639892578125,369.3168640136719,151.73329162597656,385.87286376953125,169.14305114746094,379.9051513671875,151.4049072265625,399.51812744140625,175.64559936523438,391.5648193359375,152.9586181640625,399.8133239746094,158.38145446777344,398.3698425292969,149.9978485107422,423.75274658203125,157.4737548828125,419.6767578125,154.83428955078125,445.5444641113281,170.11212158203125,439.57196044921875
d0af424c-4a9e-4411-b2c2-05526f9e2f7f_delivery_17,286,59.80422708192033,143.61692810058594,364.68280029296875,143.33042907714844,363.17608642578125,144.4456024169922,362.8050231933594,146.05398559570312,362.5643005371094,149.117431640625,361.75726318359375,149.8941650390625,371.2345886230469,156.66647338867188,369.02288818359375,154.04986572265625,384.6826477050781,168.21609497070312,379.44915771484375,155.69961547851562,397.5558776855469,174.85971069335938,390.9268798828125,152.9681854248047,399.21636962890625,157.55221557617188,398.0149841308594,150.14878845214844,422.95135498046875,156.0947265625,419.5502624511719,155.01736450195312,444.6836853027344,166.98036193847656,439.83636474609375
d0af424c-4a9e-4411-b2c2-05526f9e2f7f_delivery_17,287,59.80422708192033,142.71990966796875,364.2402648925781,142.51121520996094,362.69732666015625,143.5823211669922,362.3637390136719,145.45936584472656,362.134521484375,148.19247436523438,361.4927062988281,149.34791564941406,370.8324890136719,155.5146942138672,369.0011291503906,155.33815002441406,383.6048889160156,167.23170471191406,378.92218017578125,158.89378356933594,395.35272216796875,174.052001953125,390.35589599609375,152.76708984375,398.5976257324219,156.83847045898438,397.7552185058594,150.40248107910156,421.67578125,154.3533935546875,419.4042053222656,155.7495880126953,443.2049865722656,163.1964111328125,440.5409851074219
d0af424c-4a9e-4411-b2c2-05526f9e2f7f_delivery_17,288,59.80422708192033,142.2470703125,364.1439208984375,142.0745849609375,362.5855712890625,143.07559204101562,362.2505798339844,145.21923828125,361.8866271972656,147.6378173828125,361.2833251953125,149.38890075683594,370.4541015625,154.92385864257812,368.7998046875,156.5460205078125,383.0737609863281,166.7157745361328,378.5503845214844,161.02517700195312,394.19537353515625,173.86863708496094,389.8285827636719,152.84146118164062,398.29034423828125,156.44686889648438,397.601806640625,150.57647705078125,421.140380859375,153.59640502929688,419.45556640625,156.11251831054688,442.681396484375,161.41830444335938,441.0584716796875
d0af424c-4a9e-4411-b2c2-05526f9e2f7f_delivery_17,289,59.80422708192033,141.93423461914062,364.1346130371094,141.74903869628906,362.568603515625,142.6991729736328,362.2265930175781,144.9893341064453,361.72161865234375,147.06373596191406,361.1376953125,149.489013671875,370.1196594238281,154.29876708984375,368.69390869140625,158.15658569335938,382.45318603515625,166.12742614746094,378.3048400878906,163.9440460205078,392.63336181640625,173.3562774658203,389.4580993652344,152.99264526367188,398.0058288574219,156.04843139648438,397.52099609375,150.78811645507812,420.3222351074219,152.648193359375,419.4654235839844,156.6321258544922,441.8171691894531,158.96890258789062,441.5787658691406
