frame_no,batsman_detected,distance_to_bat,x0,y0,x1,y1,x2,y2,x3,y3,x4,y4,x5,y5,x6,y6,x7,y7,x8,y8,x9,y9,x10,y10,x11,y11,x12,y12,x13,y13,x14,y14,x15,y15,x16,y16
0,1,,183.7848358154297,370.01422119140625,185.42019653320312,367.74951171875,181.91404724121094,368.0549621582031,188.99729919433594,368.35260009765625,180.85372924804688,368.97943115234375,195.17648315429688,378.7112731933594,183.01046752929688,379.2749938964844,196.63160705566406,393.8218688964844,184.5260009765625,395.5438232421875,189.66197204589844,392.14984130859375,184.7850341796875,404.4887390136719,205.6944122314453,400.35003662109375,197.6465301513672,400.639404296875,194.9513702392578,425.1199951171875,191.6383514404297,425.72467041015625,200.55718994140625,450.4506530761719,197.918212890625,451.3757629394531
1,1,,183.39559936523438,370.1162109375,184.9430694580078,367.910400390625,181.7280731201172,368.18499755859375,188.6046142578125,368.39300537109375,181.09268188476562,368.927001953125,195.17491149902344,378.58148193359375,183.21372985839844,379.054443359375,196.65957641601562,393.86859130859375,184.91049194335938,395.45672607421875,189.20042419433594,392.3768615722656,185.0023956298828,404.4607849121094,205.5415802001953,400.43743896484375,197.5963134765625,400.67962646484375,195.0030975341797,425.13507080078125,191.6869659423828,425.7372131347656,200.58761596679688,450.408935546875,197.86935424804688,451.3843994140625
2,1,,183.03868103027344,370.202392578125,184.53350830078125,368.0305480957031,181.533935546875,368.2839660644531,188.29766845703125,368.4034729003906,181.26473999023438,368.86810302734375,195.1357421875,378.42144775390625,183.44378662109375,378.8592834472656,196.7074737548828,393.881103515625,185.28128051757812,395.4258117675781,189.0279083251953,392.5715026855469,185.1603546142578,404.35968017578125,205.4832305908203,400.4112548828125,197.69590759277344,400.6320495605469,195.06578063964844,425.1003112792969,191.7306671142578,425.716796875,200.6524200439453,450.36785888671875,197.8279266357422,451.3741760253906
3,1,,182.3856201171875,370.3716125488281,183.78997802734375,368.25201416015625,181.1624298095703,368.47515869140625,187.77804565429688,368.4313659667969,181.55270385742188,368.7909240722656,195.1472930908203,378.1962585449219,183.81910705566406,378.5387878417969,196.83815002441406,393.99273681640625,185.85133361816406,395.4206848144531,188.9150848388672,392.8134460449219,185.4688720703125,404.2815856933594,205.40586853027344,400.35601806640625,197.83267211914062,400.51513671875,195.1710205078125,425.08001708984375,191.8285369873047,425.6549377441406,200.72103881835938,450.404296875,197.7633819580078,451.4076843261719
4,1,,181.63890075683594,370.5333251953125,182.93389892578125,368.4626770019531,180.74632263183594,368.6632385253906,187.17880249023438,368.46533203125,181.92312622070312,368.7346496582031,195.12486267089844,377.99188232421875,184.3428497314453,378.3546447753906,196.9101104736328,394.18035888671875,186.46075439453125,395.4733581542969,188.88095092773438,394.1133117675781,185.77377319335938,404.0880126953125,205.32711791992188,400.3310241699219,198.0921630859375,400.4814147949219,195.28131103515625,425.0181579589844,191.93748474121094,425.6181945800781,200.80282592773438,450.3895568847656,197.68154907226562,451.38470458984375
5,1,,181.47792053222656,370.491455078125,182.80377197265625,368.4270935058594,180.63455200195312,368.6229553222656,187.17144775390625,368.4333801269531,181.94955444335938,368.66094970703125,195.09030151367188,377.8622131347656,184.53944396972656,378.25152587890625,196.9570770263672,394.4815673828125,186.94886779785156,395.4443664550781,188.8946990966797,395.8779602050781,185.87294006347656,403.9368591308594,205.33346557617188,400.22637939453125,198.21839904785156,400.406494140625,195.34820556640625,424.9067077636719,192.0120086669922,425.6128845214844,200.93612670898438,450.4176330566406,197.54571533203125,451.4425048828125
6,1,,181.26437377929688,370.4905090332031,182.6084442138672,368.4145202636719,180.47793579101562,368.611572265625,187.1217041015625,368.4359436035156,181.94430541992188,368.6542053222656,195.15016174316406,377.9015808105469,184.46119689941406,378.3011779785156,196.966796875,394.62896728515625,186.580810546875,395.67669677734375,189.36859130859375,395.83197021484375,185.7268829345703,403.95111083984375,205.43861389160156,400.20166015625,198.25076293945312,400.3817138671875,195.39376831054688,424.8937072753906,191.99285888671875,425.5555114746094,200.9381103515625,450.4985656738281,197.4824981689453,451.4537658691406
7,1,,181.52186584472656,370.4246826171875,182.8373565673828,368.3353271484375,180.65281677246094,368.5580139160156,187.19107055664062,368.4276428222656,181.88453674316406,368.7257080078125,195.25816345214844,378.0280456542969,184.0992431640625,378.5004577636719,196.92372131347656,394.7201232910156,185.86167907714844,395.91796875,189.73800659179688,395.7073059082031,185.51271057128906,404.0217590332031,205.48240661621094,400.25128173828125,197.99349975585938,400.4698486328125,195.33651733398438,424.8955993652344,191.814453125,425.5249328613281,200.89390563964844,450.55035400390625,197.3914031982422,451.45965576171875
8,1,,181.7130889892578,370.3208923339844,183.0467071533203,368.23052978515625,180.77146911621094,368.4580078125,187.32810974121094,368.4311828613281,181.76589965820312,368.7508544921875,195.38363647460938,378.15142822265625,183.59402465820312,378.599609375,196.86402893066406,394.7208557128906,184.87918090820312,395.99151611328125,189.9525909423828,395.01513671875,185.10888671875,404.0139465332031,205.61300659179688,400.2204895019531,197.72079467773438,400.4429016113281,195.3067626953125,424.88421630859375,191.66026306152344,425.47564697265625,200.88809204101562,450.5723571777344,197.33016967773438,451.47637939453125
9,1,,182.33543395996094,370.1656799316406,183.76197814941406,368.0493469238281,181.13458251953125,368.2752990722656,187.79393005371094,368.419921875,181.4302215576172,368.7664794921875,195.40548706054688,378.33770751953125,182.92135620117188,378.7828369140625,196.86862182617188,394.5491027832031,184.09933471679688,396.06976318359375,190.18678283691406,393.66497802734375,184.8264617919922,404.0836486816406,205.76602172851562,400.2342834472656,197.43890380859375,400.4854431152344,195.15570068359375,424.8633117675781,191.5289306640625,425.4825744628906,200.8275146484375,450.5396728515625,197.4586639404297,451.5273742675781
10,1,,182.94171142578125,370.05859375,184.4011688232422,367.91253662109375,181.5214080810547,368.14788818359375,188.1306610107422,368.39251708984375,181.2124786376953,368.8133544921875,195.4126739501953,378.5137634277344,182.43333435058594,379.0616149902344,196.93446350097656,394.2926330566406,183.43067932128906,396.1772155761719,190.37228393554688,392.6421203613281,184.6393280029297,404.22625732421875,205.86062622070312,400.2793273925781,197.2589569091797,400.5866394042969,195.00460815429688,424.87103271484375,191.44725036621094,425.50653076171875,200.6923065185547,450.4974060058594,197.69140625,451.5137023925781
11,1,,183.80349731445312,369.92791748046875,185.1851043701172,367.7686767578125,182.192626953125,368.0102844238281,188.33908081054688,368.3262023925781,181.2588348388672,368.80078125,195.2965850830078,378.53399658203125,182.20848083496094,379.2167663574219,197.04310607910156,393.9560241699219,183.24667358398438,396.22503662109375,190.44674682617188,392.16644287109375,184.7098846435547,404.30816650390625,205.94564819335938,400.1549072265625,197.29019165039062,400.54815673828125,194.90956115722656,424.7756042480469,191.56686401367188,425.5024719238281,200.65809631347656,450.4613342285156,197.83218383789062,451.5614318847656
12,1,,183.78939819335938,369.9033508300781,185.17625427246094,367.7334899902344,182.25521850585938,367.9564208984375,188.354248046875,368.286376953125,181.46119689941406,368.716552734375,195.07598876953125,378.43719482421875,182.51663208007812,379.2402038574219,196.88011169433594,393.7825622558594,183.37918090820312,396.03240966796875,190.50640869140625,393.4438171386719,184.63095092773438,404.329345703125,205.6487274169922,400.01483154296875,197.3759307861328,400.476318359375,195.00930786132812,424.68017578125,191.7577667236328,425.4733581542969,200.58116149902344,450.27545166015625,197.92506408691406,451.375244140625
13,1,,183.9592742919922,369.93121337890625,185.2755584716797,367.7588806152344,182.48117065429688,367.97137451171875,188.2879638671875,368.2731018066406,181.76736450195312,368.69500732421875,194.8427276611328,378.35943603515625,182.89984130859375,379.2893371582031,196.705810546875,393.51068115234375,183.66485595703125,395.9059753417969,190.6697540283203,393.9075012207031,184.5983428955078,404.4491882324219,205.2216033935547,399.9612121582031,197.37364196777344,400.494140625,195.0980224609375,424.6275939941406,191.83795166015625,425.4837951660156,200.47686767578125,450.0370788574219,197.97093200683594,451.2270812988281
14,1,,183.69088745117188,370.0015563964844,184.90086364746094,367.85546875,182.42770385742188,368.06256103515625,187.95223999023438,368.292724609375,182.17701721191406,368.6981201171875,194.66635131835938,378.2261047363281,183.3751678466797,379.2718200683594,196.4021759033203,393.48345947265625,183.8321990966797,395.68524169921875,190.32745361328125,395.8524475097656,184.34974670410156,404.4106140136719,204.739990234375,399.8959045410156,197.31971740722656,400.4743957519531,195.2812957763672,424.565185546875,191.90658569335938,425.4373474121094,200.44412231445312,449.7991027832031,197.83534240722656,450.9595031738281
15,1,,183.1667022705078,370.0893249511719,184.3142852783203,367.963623046875,182.15408325195312,368.1550598144531,187.58538818359375,368.3251037597656,182.52711486816406,368.6744689941406,194.45152282714844,378.10235595703125,183.94610595703125,379.1473083496094,196.0363006591797,393.4144287109375,184.1581268310547,395.4366455078125,190.01712036132812,396.7967224121094,184.03805541992188,404.35272216796875,204.2142791748047,399.8514404296875,197.30264282226562,400.4112548828125,195.47018432617188,424.54779052734375,191.88209533691406,425.3582458496094,200.4474639892578,449.65081787109375,197.66375732421875,450.7388916015625
16,1,,182.41041564941406,370.1925048828125,183.5930938720703,368.0882568359375,181.65281677246094,368.2581481933594,187.32064819335938,368.3948974609375,182.7576904296875,368.6610412597656,194.26678466796875,377.9912109375,184.59779357910156,379.0225524902344,195.6639862060547,393.52392578125,184.86160278320312,395.0759582519531,189.76809692382812,398.7809753417969,183.9722900390625,404.1473083496094,203.6771240234375,399.8348083496094,197.29571533203125,400.37066650390625,195.6793212890625,424.5597839355469,191.82977294921875,425.3272399902344,200.38580322265625,449.5517883300781,197.50433349609375,450.5140075683594
17,1,,182.2891387939453,370.2234802246094,183.4710693359375,368.1358947753906,181.5714874267578,368.29931640625,187.23829650878906,368.46246337890625,182.7901153564453,368.7087707519531,194.17750549316406,377.9909362792969,184.7779083251953,379.0438537597656,195.62550354003906,393.48187255859375,185.24229431152344,395.0402526855469,189.5262451171875,398.9994812011719,183.88241577148438,404.0815124511719,203.6499481201172,399.84326171875,197.4268798828125,400.37506103515625,195.73431396484375,424.61322021484375,191.87449645996094,425.387451171875,200.3822784423828,449.64117431640625,197.4308319091797,450.5775451660156
18,1,,182.15036010742188,370.18572998046875,183.36688232421875,368.13299560546875,181.4619598388672,368.2779235839844,187.1677703857422,368.5517578125,182.7170867919922,368.71435546875,194.1201171875,378.041015625,184.6805877685547,379.07843017578125,195.82138061523438,393.6344299316406,185.53993225097656,395.13720703125,189.3606414794922,400.0226745605469,184.09121704101562,404.01409912109375,203.92210388183594,399.9544677734375,197.65065002441406,400.4852600097656,195.61984252929688,424.6632995605469,192.1794891357422,425.5086364746094,200.42486572265625,449.8735046386719,197.4164276123047,450.7413024902344
19,1,,182.09788513183594,370.2068176269531,183.30169677734375,368.1605224609375,181.45521545410156,368.2935791015625,187.08969116210938,368.58966064453125,182.81344604492188,368.72076416015625,194.07461547851562,378.0755310058594,184.79371643066406,379.1462707519531,195.93167114257812,393.6669921875,185.87225341796875,395.4256591796875,189.56907653808594,399.6623840332031,184.34384155273438,404.2064208984375,203.92466735839844,399.9880676269531,197.7530517578125,400.5270080566406,195.6565704345703,424.8035888671875,192.27830505371094,425.63055419921875,200.38302612304688,450.0701904296875,197.42323303222656,450.8739318847656
20,1,,182.01708984375,370.2660217285156,183.2327117919922,368.2192077636719,181.40953063964844,368.3410339355469,187.0841522216797,368.65155029296875,182.8562469482422,368.7480163574219,194.07110595703125,378.18426513671875,184.8560791015625,379.1899108886719,195.9145050048828,393.8553771972656,186.0890350341797,395.5773010253906,189.6042938232422,399.409423828125,184.53826904296875,404.30096435546875,203.92398071289062,400.0434875488281,197.79270935058594,400.5492858886719,195.68922424316406,424.9337158203125,192.39002990722656,425.70233154296875,200.33937072753906,450.2069396972656,197.46160888671875,450.956298828125
21,1,,181.9134521484375,370.2833251953125,183.18695068359375,368.2467956542969,181.29397583007812,368.3697204589844,187.14854431152344,368.7542724609375,182.70741271972656,368.82208251953125,194.17848205566406,378.2713928222656,184.54745483398438,379.3026428222656,196.1715850830078,393.9380798339844,185.64820861816406,395.7908020019531,189.856689453125,399.6343078613281,184.50193786621094,404.4078369140625,204.26625061035156,400.0762939453125,197.88079833984375,400.62188720703125,195.57632446289062,424.8489685058594,192.69810485839844,425.7384338378906,200.37147521972656,450.2363586425781,197.5453643798828,451.0712890625
22,1,,181.71746826171875,370.3368225097656,183.0301055908203,368.3031311035156,181.11415100097656,368.4286804199219,187.16461181640625,368.84686279296875,182.60906982421875,368.89178466796875,194.3242950439453,378.4488830566406,184.35736083984375,379.3581848144531,196.1246337890625,394.3218078613281,185.4415740966797,395.80694580078125,189.81809997558594,400.3455505371094,184.7815704345703,404.4082946777344,204.48385620117188,400.1293640136719,197.89369201660156,400.6375427246094,195.4780731201172,424.7592468261719,192.91761779785156,425.6912841796875,200.31837463378906,450.2440490722656,197.8081817626953,451.0841369628906
23,1,,181.46046447753906,370.4211730957031,182.8056182861328,368.3630065917969,180.88473510742188,368.5023498535156,187.16026306152344,368.8725280761719,182.5152130126953,368.9517822265625,194.44920349121094,378.52911376953125,184.30557250976562,379.4304504394531,195.9951629638672,394.60650634765625,185.20816040039062,395.8244323730469,189.7228240966797,401.0276794433594,184.8376007080078,404.26898193359375,204.5187530517578,400.1206970214844,197.8362274169922,400.61273193359375,195.54696655273438,424.6598205566406,192.86788940429688,425.5505065917969,200.27157592773438,450.21185302734375,197.9822540283203,450.93768310546875
24,1,,181.21253967285156,370.4708251953125,182.60671997070312,368.4189453125,180.63143920898438,368.5639953613281,187.1673126220703,368.9326477050781,182.2958221435547,368.99786376953125,194.64100646972656,378.6303405761719,184.04356384277344,379.3782653808594,196.09693908691406,394.93194580078125,184.91552734375,395.644287109375,189.51475524902344,401.8134765625,185.00326538085938,404.1116638183594,204.8071746826172,400.2471923828125,197.8388214111328,400.67718505859375,195.4492645263672,424.5651550292969,192.98609924316406,425.45751953125,200.32125854492188,450.29534912109375,198.18130493164062,450.9759826660156
25,1,,181.1732635498047,370.45074462890625,182.57449340820312,368.4194641113281,180.5600128173828,368.57061767578125,187.138427734375,368.9441223144531,182.1658935546875,369.00860595703125,194.7101287841797,378.640869140625,183.8848114013672,379.31646728515625,196.1575927734375,395.0180969238281,184.92245483398438,395.4372863769531,189.31463623046875,402.63189697265625,185.21400451660156,404.1128234863281,205.0194091796875,400.3650207519531,197.89549255371094,400.7696228027344,195.328369140625,424.4986572265625,193.0611114501953,425.4222106933594,200.3345489501953,450.37652587890625,198.3325958251953,451.0122375488281
26,1,,181.15440368652344,370.45928955078125,182.5349884033203,368.4265441894531,180.53729248046875,368.58172607421875,187.09213256835938,368.90460205078125,182.1689453125,368.9930114746094,194.68057250976562,378.68292236328125,184.04727172851562,379.2562255859375,195.92787170410156,395.15362548828125,185.26129150390625,395.2237243652344,188.8837890625,402.9670715332031,185.27471923828125,404.1814880371094,204.89764404296875,400.5124206542969,197.9002227783203,400.8353576660156,195.28466796875,424.62890625,192.94175720214844,425.3988037109375,200.30545043945312,450.4978332519531,198.53823852539062,450.91815185546875
27,1,,181.1134796142578,370.3797607421875,182.50128173828125,368.3796081542969,180.53721618652344,368.5036926269531,187.0385284423828,368.8611755371094,182.25698852539062,368.8468322753906,194.4786834716797,378.537353515625,184.3323974609375,378.9704284667969,195.67637634277344,395.087646484375,185.74649047851562,395.07086181640625,188.74368286132812,402.9029541015625,185.16934204101562,404.3001403808594,204.87399291992188,400.5339050292969,198.16036987304688,400.7799072265625,195.2777557373047,424.7083740234375,192.98065185546875,425.30633544921875,200.3902130126953,450.6429138183594,198.50888061523438,450.8239440917969
28,1,,181.1633758544922,370.2901306152344,182.512939453125,368.32586669921875,180.66348266601562,368.4217834472656,186.92855834960938,368.8613586425781,182.5386962890625,368.754150390625,194.21075439453125,378.46514892578125,184.7637176513672,378.8131408691406,195.47268676757812,394.79168701171875,186.2652587890625,394.84271240234375,188.7374725341797,402.8601379394531,185.1299591064453,404.5188903808594,204.77322387695312,400.5209045410156,198.5013427734375,400.71258544921875,195.22206115722656,424.7536315917969,193.1160888671875,425.21075439453125,200.39276123046875,450.67059326171875,198.49961853027344,450.621337890625
29,1,,181.2274932861328,370.2595520019531,182.53684997558594,368.3089904785156,180.77919006347656,368.3874816894531,186.8197784423828,368.8667907714844,182.77345275878906,368.7120666503906,193.93504333496094,378.4419860839844,185.1741180419922,378.8005676269531,195.251953125,394.480712890625,186.7943115234375,394.700439453125,188.76742553710938,402.7652282714844,185.14706420898438,404.4744873046875,204.63253784179688,400.5089111328125,198.8158416748047,400.68634033203125,195.14407348632812,424.76104736328125,193.2418670654297,425.14117431640625,200.26058959960938,450.64886474609375,198.5811309814453,450.4184875488281
30,1,,181.60169982910156,370.292724609375,182.96322631835938,368.36090087890625,180.98324584960938,368.4222412109375,187.0601348876953,369.0035400390625,182.5063934326172,368.7947082519531,193.84051513671875,378.5614013671875,184.78785705566406,378.7762145996094,194.88819885253906,394.54766845703125,186.49095153808594,394.6424560546875,188.59732055664062,402.54425048828125,185.0015411376953,404.31231689453125,204.6087646484375,400.5021057128906,198.56048583984375,400.6403503417969,195.1455078125,424.8460388183594,193.18870544433594,425.0502014160156,200.24276733398438,450.738525390625,198.48133850097656,450.20806884765625
31,1,,181.7626190185547,370.35968017578125,183.1673583984375,368.4633483886719,181.06663513183594,368.48779296875,187.1560821533203,369.1693420410156,182.32247924804688,368.8428649902344,193.74313354492188,378.67041015625,184.41073608398438,378.6505432128906,194.46739196777344,394.71539306640625,186.2410888671875,394.59954833984375,188.30441284179688,402.1565856933594,185.08372497558594,404.0282897949219,204.57257080078125,400.4710693359375,198.28440856933594,400.52655029296875,195.158447265625,424.9228210449219,193.07420349121094,424.8885192871094,200.1982421875,450.87945556640625,198.3354949951172,449.9869384765625
32,1,,182.403564453125,370.443359375,183.7555694580078,368.5475158691406,181.4965362548828,368.56390380859375,187.24664306640625,369.28314208984375,182.07041931152344,368.9637145996094,193.6162872314453,378.8620910644531,183.88160705566406,378.774169921875,194.43138122558594,394.87579345703125,186.0982666015625,394.735107421875,188.02357482910156,401.6267395019531,185.27247619628906,403.6875915527344,204.4886932373047,400.4742736816406,197.9021759033203,400.5152587890625,195.13951110839844,424.9880676269531,192.9294891357422,424.80133056640625,200.16384887695312,451.0245056152344,198.15501403808594,449.8736572265625
33,1,,182.91432189941406,370.6510314941406,184.2873992919922,368.71417236328125,181.73422241210938,368.7580261230469,187.48521423339844,369.402587890625,181.6083526611328,369.1968994140625,193.53900146484375,379.051025390625,183.3374481201172,379.0846862792969,194.0731201171875,395.1121520996094,185.76560974121094,395.11932373046875,187.8312530517578,401.34356689453125,185.467529296875,403.4829406738281,204.4987030029297,400.5634460449219,197.5829620361328,400.6882019042969,195.15220642089844,425.0992431640625,192.75843811035156,424.9530029296875,200.065673828125,451.11907958984375,198.04522705078125,449.9784240722656
34,1,,183.4843292236328,370.7859802246094,184.8206787109375,368.8266906738281,182.07203674316406,368.8958435058594,187.5945587158203,369.4837951660156,181.272705078125,369.37469482421875,193.41114807128906,379.1171569824219,182.79330444335938,379.31488037109375,193.86695861816406,395.25665283203125,185.348388671875,395.5726318359375,187.95672607421875,401.29052734375,185.60948181152344,403.5066833496094,204.58694458007812,400.5835266113281,197.37149047851562,400.81964111328125,195.22760009765625,425.2161560058594,192.76246643066406,425.12774658203125,200.08255004882812,451.2395935058594,197.87930297851562,450.1184997558594
35,1,,184.1234130859375,370.7822570800781,185.3363494873047,368.7863464355469,182.5990753173828,368.8673400878906,187.5474090576172,369.3799133300781,181.3252410888672,369.34869384765625,193.07705688476562,379.0469055175781,182.73695373535156,379.53094482421875,193.9043426513672,395.1627197265625,185.46621704101562,396.0161437988281,188.3623809814453,401.2648010253906,185.96018981933594,403.52703857421875,204.6540069580078,400.5856018066406,197.6497039794922,400.9767761230469,195.1993408203125,425.2369384765625,192.87413024902344,425.3520812988281,200.05523681640625,451.2356262207031,197.85934448242188,450.2948913574219
36,1,,184.83035278320312,370.7587890625,185.9569091796875,368.7029724121094,183.1189422607422,368.828125,187.69590759277344,369.26739501953125,181.30838012695312,369.4154052734375,192.9540252685547,378.9989013671875,182.6819305419922,379.8576965332031,194.25302124023438,394.8747253417969,185.43133544921875,396.2815246582031,189.23428344726562,401.3410949707031,186.1223602294922,403.61871337890625,204.56268310546875,400.4939880371094,197.6427001953125,401.062255859375,195.28125,425.2601318359375,192.81057739257812,425.5502624511719,200.02337646484375,451.05902099609375,197.68882751464844,450.3136901855469
37,1,,184.71205139160156,370.8716125488281,185.88601684570312,368.77984619140625,182.9701385498047,368.9454345703125,187.7798614501953,369.3277893066406,181.18218994140625,369.601318359375,193.0154571533203,379.0642395019531,182.62945556640625,380.1979675292969,194.5395050048828,394.6111755371094,185.08407592773438,396.3678283691406,190.0167236328125,401.5286865234375,186.193115234375,403.7513732910156,204.5772705078125,400.6802978515625,197.6289825439453,401.3905029296875,195.2631378173828,425.374755859375,192.82061767578125,425.945556640625,200.02749633789062,450.923828125,197.62884521484375,450.5541076660156
38,1,,185.14096069335938,370.77191162109375,186.2901611328125,368.6501770019531,183.27896118164062,368.8363952636719,187.97866821289062,369.25628662109375,181.15684509277344,369.5957336425781,193.0130615234375,379.10638427734375,182.6041717529297,380.3062744140625,194.98587036132812,394.45947265625,185.04454040527344,396.2275695800781,190.546875,401.5879211425781,186.29164123535156,403.6851806640625,204.5589141845703,400.7665710449219,197.62998962402344,401.5273132324219,195.219970703125,425.4311218261719,192.8824462890625,426.1069030761719,200.13070678710938,450.8938293457031,197.53598022460938,450.6603698730469
39,1,,185.3599395751953,370.69171142578125,186.51205444335938,368.56500244140625,183.37799072265625,368.76025390625,188.14312744140625,369.247314453125,181.01376342773438,369.59246826171875,192.90467834472656,379.10968017578125,182.72024536132812,380.2261047363281,194.7336883544922,394.3944091796875,185.03298950195312,396.1224365234375,190.37208557128906,401.2669982910156,186.3469696044922,403.61090087890625,204.3468017578125,400.8775634765625,197.54940795898438,401.6167907714844,195.1956329345703,425.5770568847656,192.9908447265625,426.21588134765625,200.32090759277344,450.9963684082031,197.2565460205078,450.73974609375
40,1,,184.82119750976562,370.80859375,186.0587921142578,368.6738586425781,182.90672302246094,368.894775390625,188.09866333007812,369.3824157714844,180.92361450195312,369.7721252441406,192.91651916503906,379.1966857910156,182.89669799804688,380.35491943359375,194.33282470703125,394.2114562988281,185.0194854736328,395.94329833984375,190.25498962402344,401.1589660644531,186.36611938476562,403.4650573730469,204.265380859375,400.92987060546875,197.55465698242188,401.68328857421875,195.1328582763672,425.63299560546875,192.98236083984375,426.3338317871094,200.3537139892578,450.97186279296875,197.2607421875,450.822998046875
41,1,,184.28265380859375,370.9330139160156,185.59129333496094,368.7996826171875,182.447998046875,369.0301513671875,187.95750427246094,369.5032653808594,180.77813720703125,369.8885192871094,192.8109130859375,379.25909423828125,182.9170379638672,380.43927001953125,193.79409790039062,394.2359924316406,184.9105987548828,395.9817810058594,189.85208129882812,401.09405517578125,186.2577362060547,403.3493347167969,204.39886474609375,401.04937744140625,197.76060485839844,401.83197021484375,194.95013427734375,425.66046142578125,193.19065856933594,426.53179931640625,200.41555786132812,451.0933532714844,197.4639129638672,451.1606750488281
42,1,,183.89198303222656,370.960693359375,185.23104858398438,368.8276062011719,182.15701293945312,369.0534973144531,187.7859649658203,369.51312255859375,180.75039672851562,369.8719787597656,192.66165161132812,379.183349609375,182.9267578125,380.42974853515625,193.35134887695312,394.1539611816406,184.82818603515625,396.08868408203125,189.6623992919922,401.0344543457031,186.01048278808594,403.2752380371094,204.39881896972656,400.98046875,197.8593292236328,401.7904968261719,194.89271545410156,425.6516418457031,193.16372680664062,426.56622314453125,200.4161376953125,451.1788024902344,197.61404418945312,451.26531982421875
43,1,,182.67819213867188,371.1343688964844,184.1472625732422,369.039794921875,181.2421875,369.21826171875,187.42945861816406,369.6748962402344,180.68539428710938,369.8376159667969,192.4954376220703,379.10980224609375,183.00509643554688,380.1761779785156,192.39781188964844,394.39483642578125,184.5138702392578,396.13885498046875,189.0209197998047,401.02276611328125,185.49163818359375,403.0169982910156,204.2650909423828,400.9361572265625,197.83792114257812,401.6914978027344,194.9155731201172,425.6311950683594,193.09803771972656,426.60650634765625,200.50823974609375,451.1172180175781,197.6162109375,451.366943359375
44,1,,181.61854553222656,371.2961120605469,183.230712890625,369.1966247558594,180.4365234375,369.3540344238281,187.17820739746094,369.78826904296875,180.6114959716797,369.8725891113281,192.4424591064453,379.2240295410156,183.0369415283203,380.2246398925781,191.99993896484375,394.7833251953125,184.53109741210938,396.17236328125,188.76817321777344,401.43048095703125,185.23046875,402.8533020019531,204.22195434570312,400.9180908203125,197.84349060058594,401.646240234375,194.7875518798828,425.5971984863281,192.7316436767578,426.6767578125,200.48785400390625,450.9539489746094,197.824462890625,451.3825378417969
45,1,,181.01351928710938,371.4089660644531,182.64634704589844,369.32342529296875,179.98614501953125,369.46551513671875,186.91131591796875,369.8489685058594,180.6060791015625,369.86846923828125,192.407958984375,379.248046875,183.20669555664062,380.08013916015625,191.827392578125,395.3023986816406,184.6846923828125,396.26226806640625,188.40147399902344,401.83062744140625,184.95877075195312,402.90447998046875,204.0743865966797,400.9478454589844,197.8150177001953,401.5946960449219,194.75303649902344,425.60577392578125,192.53985595703125,426.65234375,200.6286163330078,450.8859558105469,197.7239532470703,451.3616638183594
46,1,,181.31063842773438,371.3529968261719,182.8739471435547,369.2632141113281,180.19113159179688,369.42950439453125,186.88919067382812,369.7655334472656,180.53079223632812,369.8586120605469,192.43418884277344,379.2474670410156,183.02650451660156,380.0399475097656,192.2392578125,395.5350341796875,184.52882385253906,396.1921081542969,188.8019561767578,402.091796875,184.72354125976562,402.7474670410156,203.9512481689453,400.9932861328125,197.571044921875,401.6420593261719,194.6612091064453,425.4984436035156,192.259033203125,426.5792236328125,200.7463836669922,450.60821533203125,197.56727600097656,451.1565856933594
47,1,,181.70150756835938,371.3236389160156,183.19322204589844,369.2301940917969,180.46250915527344,369.4194641113281,186.9299774169922,369.68780517578125,180.4921417236328,369.8484191894531,192.4146728515625,379.20758056640625,183.0254669189453,379.8743896484375,192.51638793945312,395.6910095214844,184.59727478027344,395.8188781738281,189.0032501220703,402.16217041015625,184.705322265625,402.3634033203125,203.8381805419922,400.9246520996094,197.4816436767578,401.54608154296875,194.55662536621094,425.2964782714844,192.2138214111328,426.39599609375,200.8530731201172,450.291259765625,197.4706573486328,450.919677734375
48,1,,181.8645477294922,371.29949951171875,183.2808380126953,369.2091369628906,180.59930419921875,369.416259765625,186.7996063232422,369.61199951171875,180.50839233398438,369.85137939453125,192.4259490966797,379.1567687988281,182.9505157470703,379.8617248535156,193.21542358398438,395.5642395019531,184.8973388671875,395.5361022949219,189.43260192871094,402.2476806640625,185.0150909423828,402.2230529785156,203.7388153076172,400.9424743652344,197.3670196533203,401.5777587890625,194.3948974609375,425.1324768066406,192.20556640625,426.28863525390625,200.84683227539062,450.1131591796875,197.61659240722656,450.8041687011719
49,1,,181.70863342285156,371.2698669433594,183.08905029296875,369.2044372558594,180.4670867919922,369.4034423828125,186.56434631347656,369.5959777832031,180.43948364257812,369.79095458984375,192.31309509277344,379.03179931640625,182.8173828125,379.6439514160156,193.44876098632812,395.3267822265625,184.52540588378906,395.1305236816406,189.47152709960938,402.14593505859375,184.61061096191406,401.83306884765625,203.5326690673828,400.9847106933594,197.174560546875,401.5987243652344,194.33477783203125,424.9510192871094,192.42127990722656,426.11444091796875,200.853759765625,450.0194091796875,197.62208557128906,450.7402038574219
50,1,,181.8228302001953,371.1619873046875,183.2296600341797,369.1216735839844,180.5165557861328,369.28851318359375,186.5857391357422,369.5757141113281,180.24090576171875,369.6775207519531,192.27325439453125,379.0367431640625,182.37527465820312,379.4423828125,193.84971618652344,395.27471923828125,183.8504180908203,394.5439453125,189.79693603515625,401.8958740234375,183.66188049316406,400.882568359375,203.50186157226562,400.9620056152344,196.93455505371094,401.5162353515625,194.22259521484375,424.7308654785156,192.55223083496094,425.8128662109375,200.72427368164062,449.7759094238281,197.83721923828125,450.3885192871094
51,1,,181.64892578125,371.147705078125,183.10874938964844,369.1355895996094,180.37741088867188,369.2496643066406,186.52928161621094,369.6385192871094,180.12205505371094,369.569580078125,192.11007690429688,379.10748291015625,182.13766479492188,379.2225646972656,193.72216796875,395.4209289550781,183.19686889648438,394.0845031738281,189.66175842285156,401.7857360839844,182.88275146484375,400.1337890625,203.52947998046875,400.9445495605469,196.95201110839844,401.4208984375,194.0830841064453,424.5694885253906,192.6692352294922,425.56097412109375,200.71087646484375,449.5614929199219,198.0269775390625,450.07208251953125
52,1,,181.7239532470703,371.1666564941406,183.18458557128906,369.1844177246094,180.45822143554688,369.2547607421875,186.48690795898438,369.7908020019531,180.04208374023438,369.5763854980469,191.9506072998047,379.3294982910156,181.6150665283203,379.2027893066406,193.63104248046875,395.54278564453125,181.8640594482422,393.7540588378906,189.84521484375,401.9886474609375,181.99940490722656,399.8100280761719,203.64649963378906,400.9632873535156,196.8931121826172,401.4087829589844,193.8964385986328,424.3974914550781,192.61045837402344,425.2969970703125,200.6572265625,449.2224426269531,198.09866333007812,449.6021423339844
53,1,,181.65084838867188,371.1525573730469,183.1829071044922,369.1812438964844,180.34222412109375,369.2243347167969,186.52940368652344,369.8949890136719,179.78912353515625,369.5760803222656,191.85194396972656,379.512939453125,181.1392822265625,379.1629943847656,193.27687072753906,395.7892150878906,180.5465850830078,393.62164306640625,189.9874725341797,402.1324462890625,181.1688995361328,399.600830078125,203.79244995117188,400.8277587890625,196.82310485839844,401.2183532714844,193.66261291503906,424.2084045410156,192.33099365234375,424.9171447753906,200.50413513183594,448.8167724609375,197.930419921875,448.9230041503906
54,1,,181.91094970703125,371.16357421875,183.4809112548828,369.2040100097656,180.52369689941406,369.2222900390625,186.6771697998047,369.95599365234375,179.63223266601562,369.57061767578125,191.83694458007812,379.620361328125,180.62203979492188,379.1058044433594,193.4332733154297,395.8990173339844,179.7090301513672,393.3082275390625,190.5956573486328,402.3367919921875,180.66610717773438,399.4232177734375,204.12049865722656,400.5410461425781,196.8675079345703,400.9109191894531,193.39627075195312,423.7916564941406,192.0259552001953,424.4217529296875,200.31884765625,448.16644287109375,197.94403076171875,448.1337585449219
55,1,,181.91665649414062,371.1801452636719,183.46063232421875,369.2182922363281,180.54127502441406,369.2471618652344,186.57200622558594,369.9751892089844,179.66424560546875,369.6229248046875,191.68728637695312,379.60369873046875,180.548828125,379.1076354980469,193.27272033691406,395.7542724609375,179.04852294921875,393.2671203613281,190.86685180664062,402.52142333984375,180.86849975585938,399.707763671875,204.06202697753906,400.33837890625,196.93934631347656,400.6983642578125,193.13584899902344,423.6636657714844,192.04002380371094,424.1493225097656,200.00094604492188,447.9200439453125,198.02578735351562,447.55609130859375
56,1,,181.68836975097656,371.2100830078125,183.2891387939453,369.2530212402344,180.34088134765625,369.26287841796875,186.5067138671875,370.04583740234375,179.5509033203125,369.6257629394531,191.44313049316406,379.6361389160156,180.4989776611328,379.069091796875,192.91818237304688,395.69500732421875,178.69065856933594,393.1929626464844,190.85426330566406,402.58245849609375,180.7522735595703,399.927490234375,204.09158325195312,400.1295166015625,197.14373779296875,400.4693298339844,192.8072509765625,423.4075927734375,192.1721954345703,423.81756591796875,199.661376953125,447.5599365234375,198.09786987304688,447.0581359863281
57,1,,181.2548828125,371.17120361328125,182.960205078125,369.222412109375,179.9451446533203,369.2166748046875,186.42259216308594,369.99005126953125,179.3362579345703,369.53717041015625,191.28341674804688,379.5165710449219,180.4885711669922,378.8937072753906,192.46189880371094,395.705322265625,178.59310913085938,393.10601806640625,190.43026733398438,402.4625244140625,180.05316162109375,399.9591979980469,203.95779418945312,400.0589599609375,197.14349365234375,400.3017272949219,192.4846954345703,423.3668518066406,192.11114501953125,423.60906982421875,199.17759704589844,447.41802978515625,198.19752502441406,446.5931701660156
58,1,,181.5114288330078,371.1054382324219,183.16400146484375,369.1871643066406,180.1373748779297,369.1826477050781,186.36317443847656,369.9457702636719,179.35035705566406,369.52398681640625,190.94842529296875,379.3175964355469,180.70623779296875,378.6799011230469,192.33938598632812,395.1755676269531,178.62185668945312,392.5741882324219,190.34376525878906,402.296875,179.80902099609375,399.684326171875,203.49790954589844,400.0639953613281,197.16310119628906,400.219970703125,192.08908081054688,423.473388671875,192.7235870361328,423.39190673828125,198.54835510253906,447.5311279296875,198.5350799560547,446.0265197753906
59,1,,181.63778686523438,371.06231689453125,183.22323608398438,369.179931640625,180.32086181640625,369.1260070800781,186.21908569335938,369.8925476074219,179.57359313964844,369.3341369628906,190.74160766601562,379.0835266113281,181.062744140625,378.40069580078125,192.27220153808594,394.855712890625,179.56149291992188,392.572265625,190.1121063232422,402.19903564453125,180.69358825683594,399.8265686035156,203.40219116210938,399.93634033203125,197.40847778320312,400.0422668457031,192.12503051757812,423.1905517578125,192.82205200195312,422.96240234375,198.1895751953125,447.3756103515625,198.48138427734375,445.6810607910156
60,1,,181.8488311767578,371.04254150390625,183.37437438964844,369.1974182128906,180.5432586669922,369.0834655761719,186.1298370361328,369.8775634765625,179.63792419433594,369.1493835449219,190.6595001220703,378.9191589355469,181.04786682128906,378.1578063964844,192.49130249023438,394.53363037109375,180.25120544433594,392.4622497558594,190.04771423339844,401.87152099609375,180.94354248046875,399.7649841308594,203.5081329345703,399.7955322265625,197.47085571289062,399.8930969238281,192.34104919433594,422.6202697753906,192.55369567871094,422.41229248046875,198.2027130126953,446.9902648925781,198.096923828125,445.44287109375
61,1,,182.06787109375,371.02789306640625,183.4973602294922,369.19317626953125,180.77452087402344,369.0756530761719,185.97654724121094,369.81121826171875,179.76394653320312,369.11016845703125,190.6676788330078,378.767333984375,181.033447265625,378.17999267578125,192.6695556640625,394.2749938964844,181.1615447998047,392.68890380859375,190.0064697265625,401.6351318359375,182.17710876464844,400.01904296875,203.48733520507812,399.6455993652344,197.33688354492188,399.79205322265625,192.50045776367188,422.4422912597656,192.00155639648438,422.3648376464844,198.1502685546875,446.8213806152344,197.6531982421875,445.4107666015625
62,1,,182.24522399902344,371.030029296875,183.61859130859375,369.1973876953125,180.9521942138672,369.0621032714844,185.93212890625,369.8128967285156,179.8557891845703,369.0829162597656,190.8155517578125,378.7292785644531,181.01588439941406,378.28497314453125,193.15672302246094,394.13336181640625,182.3880615234375,393.0386962890625,190.08558654785156,401.5126647949219,184.23074340820312,400.4058837890625,203.5184326171875,399.33001708984375,197.1189727783203,399.5801696777344,192.8474884033203,422.01348876953125,191.425537109375,422.2611083984375,198.34945678710938,446.4449768066406,197.14088439941406,445.5808410644531
63,1,,182.21070861816406,371.2084655761719,183.5601043701172,369.3599853515625,180.9638671875,369.21112060546875,185.81092834472656,369.9295959472656,179.83200073242188,369.1717224121094,191.06886291503906,378.9423828125,180.535888671875,378.4989013671875,193.55111694335938,394.6798095703125,182.19534301757812,392.80908203125,189.98020935058594,401.75457763671875,183.26992797851562,398.92327880859375,203.96214294433594,399.2227478027344,196.92483520507812,399.596435546875,193.35076904296875,421.60235595703125,190.3448944091797,422.4461364746094,199.0178680419922,446.01263427734375,196.20986938476562,446.2637939453125
64,1,,182.93019104003906,371.3059387207031,184.2661590576172,369.4146423339844,181.4825439453125,369.2802734375,186.1575927734375,370.0395812988281,179.64306640625,369.35455322265625,191.14251708984375,379.3871154785156,179.85287475585938,378.78021240234375,193.73829650878906,395.239501953125,181.3525390625,392.1845397949219,189.8158721923828,401.86053466796875,181.71652221679688,397.7015380859375,203.8372344970703,399.4282531738281,196.25059509277344,399.81329345703125,193.38552856445312,421.7762145996094,189.4898681640625,422.9498596191406,199.50006103515625,446.09320068359375,195.25411987304688,446.9068298339844
65,1,,183.32627868652344,371.3954772949219,184.71270751953125,369.4420166015625,181.69769287109375,369.34564208984375,186.4942169189453,370.1256408691406,179.4063262939453,369.5497131347656,191.1558074951172,379.82171630859375,179.4288330078125,379.0933837890625,193.4390869140625,396.01837158203125,180.5864715576172,391.9505920410156,189.501708984375,402.5827331542969,180.6106414794922,397.1984558105469,203.77964782714844,399.5221252441406,195.88665771484375,399.9214782714844,193.0591583251953,422.0841064453125,188.93028259277344,423.50982666015625,199.74559020996094,446.31719970703125,194.63580322265625,447.5364990234375
66,1,,183.392333984375,371.5143127441406,184.851318359375,369.5097351074219,181.6322479248047,369.43621826171875,186.70716857910156,370.22076416015625,179.08584594726562,369.7039489746094,191.31114196777344,380.14190673828125,179.03321838378906,379.2372131347656,193.6583709716797,396.44354248046875,179.8140411376953,391.42401123046875,189.26715087890625,403.00946044921875,179.0283966064453,396.8056945800781,203.80821228027344,399.716064453125,195.53836059570312,400.0874328613281,193.1228485107422,422.1394958496094,188.4712677001953,423.7010192871094,200.21449279785156,446.47564697265625,194.04151916503906,448.07763671875
67,1,,183.3162078857422,371.6951599121094,184.8599090576172,369.65386962890625,181.4774627685547,369.58935546875,186.80746459960938,370.39056396484375,178.8274688720703,369.89361572265625,191.17092895507812,380.3826599121094,179.03530883789062,379.36822509765625,193.84580993652344,396.59771728515625,179.3633270263672,390.8876037597656,189.2587127685547,403.184326171875,177.45372009277344,395.7464294433594,203.8023681640625,400.0149841308594,195.72723388671875,400.3127746582031,192.65345764160156,422.5257263183594,188.76649475097656,423.96978759765625,200.1065673828125,447.0045471191406,194.18844604492188,448.36865234375
68,1,,183.52224731445312,371.6914978027344,185.1207733154297,369.59844970703125,181.52235412597656,369.55615234375,187.0388641357422,370.3712158203125,178.58294677734375,369.9480285644531,191.15782165527344,380.47674560546875,179.0944061279297,379.6020202636719,194.1028594970703,396.4339599609375,180.30889892578125,391.5730895996094,189.42922973632812,402.9904479980469,179.02357482910156,397.7895812988281,203.7763214111328,400.0478210449219,195.71511840820312,400.3740539550781,192.53053283691406,422.6113586425781,188.6512451171875,424.0621032714844,200.21287536621094,447.1444396972656,194.03384399414062,448.521240234375
69,1,,183.25808715820312,371.6711120605469,184.87713623046875,369.5840148925781,181.2764434814453,369.5527648925781,186.88418579101562,370.3046875,178.49717712402344,369.93310546875,191.09262084960938,380.2330017089844,179.30496215820312,379.63885498046875,194.38067626953125,395.9868469238281,180.91966247558594,392.15625,189.92381286621094,402.92510986328125,179.88973999023438,399.3775634765625,203.9808349609375,399.91693115234375,196.11773681640625,400.3248291015625,192.5767822265625,422.6561279296875,188.97735595703125,424.104248046875,200.2656707763672,447.1504211425781,194.3000030517578,448.4593505859375
70,1,,183.37440490722656,371.6656799316406,184.98715209960938,369.56585693359375,181.3361358642578,369.53839111328125,186.85398864746094,370.25030517578125,178.38461303710938,369.92254638671875,190.9809112548828,380.0261535644531,179.3989715576172,379.5958251953125,195.055908203125,395.4900207519531,181.38987731933594,391.9203796386719,190.4375762939453,402.3042297363281,179.95114135742188,398.71954345703125,204.06187438964844,399.9165344238281,196.37594604492188,400.3635559082031,192.6975860595703,422.6886901855469,189.06951904296875,424.1175537109375,200.31898498535156,447.17364501953125,194.4579620361328,448.3262634277344
71,1,,183.63169860839844,371.6410217285156,185.12208557128906,369.5528564453125,181.5984649658203,369.4916076660156,186.6796112060547,370.18353271484375,178.4370574951172,369.7695617675781,190.55503845214844,379.76104736328125,179.71128845214844,379.3879699707031,194.85064697265625,395.22552490234375,181.99288940429688,392.1178894042969,190.660400390625,402.1108703613281,180.384765625,398.4753112792969,203.70169067382812,399.8382873535156,196.49581909179688,400.2882995605469,192.69300842285156,422.6111755371094,189.3138885498047,423.9627990722656,200.1170196533203,447.1062927246094,194.40452575683594,448.1005554199219
72,1,,184.18658447265625,371.5372314453125,185.5408935546875,369.41552734375,182.01942443847656,369.39691162109375,186.6732635498047,369.98828125,178.411376953125,369.70294189453125,190.43521118164062,379.5329895019531,179.5934295654297,379.2422790527344,194.7959442138672,395.139404296875,181.63775634765625,392.0003967285156,190.8802032470703,401.94952392578125,179.98704528808594,397.768798828125,203.4744110107422,399.732421875,196.32032775878906,400.2155456542969,192.96817016601562,422.6360778808594,189.37344360351562,423.87615966796875,199.89170837402344,447.1827392578125,194.43150329589844,447.9689636230469
73,1,,184.6748504638672,371.400390625,185.78375244140625,369.29046630859375,182.47923278808594,369.2715148925781,186.34532165527344,369.8256530761719,178.48696899414062,369.5411071777344,189.97496032714844,379.3061218261719,179.736328125,378.8882141113281,194.33206176757812,395.13104248046875,181.67759704589844,391.7809753417969,190.8243408203125,402.0823669433594,179.77294921875,397.10455322265625,203.11477661132812,399.5263366699219,196.44203186035156,399.9178466796875,192.8704376220703,422.5831298828125,189.97573852539062,423.34320068359375,199.23196411132812,447.3593444824219,195.0205078125,447.4281311035156
74,1,,184.9088897705078,371.31781005859375,185.8857421875,369.1730651855469,182.58506774902344,369.2207946777344,186.17166137695312,369.80621337890625,178.24876403808594,369.687744140625,189.82887268066406,379.39923095703125,179.67173767089844,378.87078857421875,193.85443115234375,395.4535827636719,181.79940795898438,391.7864074707031,190.6760711669922,402.142822265625,180.0577850341797,396.44195556640625,202.9252166748047,399.24957275390625,196.32650756835938,399.4786071777344,192.7516632080078,422.4920349121094,189.9202880859375,422.4994812011719,198.74440002441406,447.69036865234375,195.35260009765625,446.4770812988281
75,1,,184.8121337890625,371.2398986816406,185.68588256835938,369.08941650390625,182.44363403320312,369.1758117675781,185.86798095703125,369.74468994140625,178.03585815429688,369.7238464355469,189.62242126464844,379.3009948730469,179.71473693847656,378.8634033203125,193.43173217773438,395.4947509765625,181.9960479736328,392.32525634765625,190.57147216796875,402.42791748046875,181.0322723388672,397.17718505859375,202.51559448242188,399.1103210449219,196.1433563232422,399.3216552734375,192.49252319335938,422.4269104003906,190.279296875,422.0997314453125,198.0697021484375,447.72357177734375,195.89602661132812,445.9671936035156
76,1,,184.63465881347656,371.1750793457031,185.55117797851562,368.99957275390625,182.20938110351562,369.1581115722656,185.86085510253906,369.725341796875,177.85195922851562,369.8839111328125,189.75302124023438,379.3100891113281,179.57083129882812,378.9560852050781,193.4502410888672,395.479248046875,181.9368896484375,392.1368713378906,190.59646606445312,402.8118591308594,181.14224243164062,396.8453063964844,202.6320037841797,398.76611328125,196.08384704589844,398.9563903808594,192.2501220703125,422.1678466796875,189.9247589111328,421.60870361328125,198.02215576171875,447.6477966308594,195.97540283203125,445.345703125
77,1,,184.46343994140625,371.0089416503906,185.29824829101562,368.8604431152344,182.06640625,369.0177307128906,185.48773193359375,369.6254577636719,177.71978759765625,369.7833557128906,189.32009887695312,379.0807800292969,179.8370361328125,378.826416015625,193.3167724609375,395.0303649902344,182.60092163085938,392.1581726074219,190.70126342773438,402.81103515625,181.79986572265625,397.2724914550781,202.4066619873047,398.5378112792969,196.38970947265625,398.741943359375,191.6634979248047,422.0478210449219,190.3466339111328,421.3017578125,197.49368286132812,447.5547790527344,196.54551696777344,444.9451904296875
78,1,,184.2914581298828,370.96539306640625,185.231689453125,368.80950927734375,181.83079528808594,368.9806823730469,185.55557250976562,369.6300964355469,177.48216247558594,369.8280334472656,189.17208862304688,378.9507751464844,179.85028076171875,378.8925476074219,193.5841522216797,394.6063232421875,182.29241943359375,392.0477600097656,191.06512451171875,402.6465148925781,181.63479614257812,396.7213134765625,202.30397033691406,398.5326843261719,196.57159423828125,398.8032531738281,190.8768768310547,422.14404296875,190.71002197265625,421.3905944824219,196.70330810546875,447.5490417480469,197.1545867919922,444.71807861328125
79,1,,184.20135498046875,370.91424560546875,185.2043914794922,368.75018310546875,181.75425720214844,368.89434814453125,185.5149383544922,369.54193115234375,177.3816680908203,369.6889343261719,188.83604431152344,378.6860656738281,179.91900634765625,378.9581604003906,193.84991455078125,394.0867614746094,182.1842803955078,392.1402893066406,191.36923217773438,402.39727783203125,180.73500061035156,396.09161376953125,202.32080078125,398.5270690917969,197.03384399414062,398.96417236328125,190.22325134277344,422.18328857421875,191.4617919921875,421.7257995605469,195.85137939453125,447.4269714355469,197.9482879638672,444.900634765625
80,1,,184.30267333984375,370.8284606933594,185.24684143066406,368.71453857421875,181.94613647460938,368.8274230957031,185.41445922851562,369.47454833984375,177.54598999023438,369.5421447753906,188.7039031982422,378.3881530761719,179.87413024902344,378.7854309082031,194.09156799316406,393.357666015625,182.02096557617188,391.8747863769531,191.59112548828125,402.16357421875,180.53042602539062,396.22564697265625,202.5601806640625,398.4135437011719,197.40293884277344,398.9532165527344,190.07403564453125,421.88055419921875,191.82644653320312,421.5838623046875,195.32505798339844,447.18511962890625,198.31983947753906,444.9430847167969
81,1,,184.33909606933594,370.8689270019531,185.1158447265625,368.81573486328125,182.1317596435547,368.8507385253906,184.90313720703125,369.5340576171875,177.7398681640625,369.423583984375,188.17909240722656,378.2940673828125,180.0060272216797,378.7727355957031,194.29351806640625,392.9030456542969,182.39666748046875,392.2803955078125,191.69447326660156,401.6568298339844,181.24615478515625,397.1960144042969,202.38833618164062,398.56842041015625,197.78050231933594,399.17572021484375,189.92263793945312,422.0192565917969,192.75680541992188,421.76953125,194.59384155273438,447.1708679199219,199.03631591796875,445.1275634765625
82,1,,184.05072021484375,371.1498107910156,184.75631713867188,369.1300048828125,182.02012634277344,369.10797119140625,184.52488708496094,369.77374267578125,177.89077758789062,369.4971008300781,188.0834503173828,378.50616455078125,179.82533264160156,378.842041015625,194.1173858642578,393.13018798828125,182.77548217773438,392.6379089355469,191.40211486816406,401.7886962890625,182.20272827148438,398.3346252441406,202.4246826171875,398.6148681640625,197.509033203125,399.202880859375,190.5697479248047,421.5837097167969,191.89813232421875,421.63446044921875,195.7183380126953,446.72015380859375,197.65380859375,445.3085021972656
83,1,,184.0936279296875,371.36724853515625,184.7769775390625,369.3418273925781,182.0595703125,369.3003845214844,184.51727294921875,369.97833251953125,177.7647247314453,369.6405944824219,188.11004638671875,378.8343200683594,179.44412231445312,379.0689697265625,193.8877410888672,393.4303894042969,183.03538513183594,392.7784118652344,191.0492401123047,402.24517822265625,182.81643676757812,399.1163024902344,202.51519775390625,398.766357421875,197.082763671875,399.38153076171875,191.290771484375,421.0696105957031,190.90452575683594,421.5356140136719,196.8426971435547,446.04180908203125,196.41310119628906,445.4140930175781
84,1,,184.01161193847656,371.693115234375,184.65139770507812,369.7014465332031,182.00027465820312,369.64178466796875,184.4731903076172,370.27337646484375,177.726318359375,369.8487243652344,188.27444458007812,379.1708984375,179.17991638183594,378.9730529785156,193.60035705566406,393.78009033203125,182.3526611328125,391.94696044921875,190.4564666748047,402.98284912109375,182.83758544921875,399.03363037109375,202.48184204101562,398.9643249511719,196.55677795410156,399.50872802734375,191.85324096679688,420.5457458496094,189.680908203125,421.45709228515625,197.963623046875,445.2915344238281,194.7919464111328,445.6948547363281
85,1,,183.290283203125,372.3451843261719,183.9322509765625,370.3373107910156,181.3419189453125,370.3231506347656,184.06369018554688,370.7594299316406,177.60511779785156,370.4451904296875,188.2655029296875,379.5119934082031,179.6800537109375,379.43096923828125,193.55239868164062,394.1780700683594,183.84194946289062,392.5849914550781,190.4791717529297,403.6444091796875,184.1895751953125,400.4090576171875,202.3419952392578,399.0657043457031,196.52139282226562,399.5860595703125,192.0331573486328,420.5736999511719,188.8531494140625,421.71142578125,198.9389190673828,445.0215148925781,193.38597106933594,445.76983642578125
86,1,,182.9732208251953,372.7794189453125,183.72911071777344,370.74005126953125,180.892333984375,370.79193115234375,184.2678680419922,371.1276550292969,177.21092224121094,370.9549865722656,188.67291259765625,379.8979187011719,179.60501098632812,379.7329406738281,193.47552490234375,394.5445556640625,183.5360565185547,392.2213134765625,190.11241149902344,403.6681213378906,183.3324432373047,399.5784606933594,202.4498291015625,399.2299499511719,196.21434020996094,399.7073669433594,192.2645263671875,420.1318054199219,188.09921264648438,421.4853820800781,198.91925048828125,444.43450927734375,192.4002227783203,445.6153259277344
87,1,,183.16175842285156,373.2762145996094,183.99188232421875,371.2088317871094,180.9044189453125,371.3225402832031,184.67164611816406,371.5910339355469,176.9538116455078,371.56219482421875,189.0035400390625,380.45159912109375,179.42974853515625,380.2655029296875,193.2519073486328,395.30462646484375,182.94442749023438,392.5937805175781,189.8797149658203,403.9844970703125,182.90719604492188,399.397216796875,202.66464233398438,399.62213134765625,196.23666381835938,400.1243591308594,191.8675079345703,419.9995422363281,188.23721313476562,421.35699462890625,197.383056640625,444.1466369628906,192.9443359375,445.44970703125
88,1,,182.81619262695312,373.97119140625,183.6499481201172,371.9212951660156,180.62051391601562,372.08038330078125,184.54461669921875,372.261962890625,177.11314392089844,372.3349914550781,189.272216796875,381.0371398925781,180.04637145996094,380.85595703125,193.2753448486328,396.1702880859375,183.78199768066406,393.6106262207031,189.48934936523438,403.7270202636719,183.41444396972656,399.7519836425781,202.91363525390625,400.0677185058594,196.81460571289062,400.43878173828125,191.23033142089844,420.2437438964844,188.52011108398438,421.0879211425781,195.72691345214844,444.66387939453125,193.59280395507812,445.2733154296875
89,1,,182.8014373779297,374.716552734375,183.5806121826172,372.6476745605469,180.58645629882812,372.87664794921875,184.44483947753906,372.9841003417969,177.20350646972656,373.2588806152344,189.39747619628906,381.7372741699219,180.60472106933594,381.8022766113281,193.26309204101562,397.1683044433594,185.16824340820312,395.5373840332031,188.96498107910156,402.9273376464844,184.7989044189453,400.6868896484375,202.9051055908203,400.6325378417969,197.20144653320312,400.9383544921875,190.5544891357422,420.46759033203125,189.05409240722656,420.674072265625,193.8672637939453,445.2027587890625,194.53506469726562,444.83343505859375
90,1,,182.0167694091797,375.6342468261719,182.90744018554688,373.6489562988281,180.0215606689453,373.79400634765625,184.18115234375,374.0768127441406,177.16595458984375,374.1051940917969,189.80538940429688,382.7195129394531,179.9790496826172,382.4335021972656,193.27114868164062,398.2060546875,183.94595336914062,396.1922302246094,188.1364288330078,402.82305908203125,183.80917358398438,400.1606140136719,202.99464416503906,401.2972717285156,196.77145385742188,401.3570861816406,189.85020446777344,420.67767333984375,188.86534118652344,420.11065673828125,191.8201141357422,446.022216796875,195.49468994140625,444.51763916015625
91,1,,181.99041748046875,376.60614013671875,182.79861450195312,374.6574401855469,180.0136260986328,374.813232421875,183.84933471679688,375.13079833984375,177.04957580566406,375.2250061035156,189.84176635742188,383.5691833496094,179.6114044189453,383.4343566894531,193.34744262695312,399.0737609863281,184.0135955810547,397.8367919921875,187.7362060546875,403.24700927734375,184.3997344970703,401.4300231933594,203.0177459716797,402.14495849609375,196.65235900878906,402.10455322265625,188.9812469482422,421.5631408691406,188.51429748535156,420.1537170410156,190.40565490722656,447.43328857421875,196.55667114257812,444.428466796875
92,1,,180.63128662109375,377.9781188964844,181.40565490722656,376.1202697753906,179.10972595214844,376.2491760253906,182.83412170410156,376.2003479003906,177.416015625,376.2283020019531,189.75372314453125,383.587158203125,180.27734375,383.888916015625,193.84548950195312,398.3556823730469,185.19837951660156,398.9411315917969,187.4021453857422,402.43365478515625,184.97564697265625,402.35308837890625,202.94073486328125,402.7189636230469,197.06979370117188,402.6052551269531,188.45407104492188,422.4070739746094,188.1430206298828,420.4515380859375,189.85531616210938,448.51910400390625,196.88450622558594,444.36224365234375
93,1,,179.40049743652344,379.22412109375,180.23191833496094,377.4176940917969,178.20619201660156,377.53240966796875,182.29000854492188,377.165771484375,177.4550323486328,377.1374206542969,189.78219604492188,383.8885498046875,180.3704376220703,384.4352111816406,193.8948974609375,398.4508972167969,185.09608459472656,399.43182373046875,186.80088806152344,402.63336181640625,184.14096069335938,402.8189392089844,202.8668670654297,403.33404541015625,196.93443298339844,403.3465576171875,188.27093505859375,422.61749267578125,187.4620819091797,421.4375915527344,190.47218322753906,448.0962829589844,195.97694396972656,445.10528564453125
94,1,,178.03550720214844,380.31341552734375,178.99656677246094,378.5533447265625,177.21795654296875,378.6558532714844,181.75283813476562,378.0754699707031,177.4599151611328,378.03753662109375,189.90065002441406,384.09075927734375,179.92425537109375,385.488525390625,194.24778747558594,397.773193359375,184.35472106933594,400.55810546875,186.43914794921875,402.9964599609375,183.8269805908203,403.6327209472656,202.82855224609375,403.9393310546875,196.42674255371094,404.3604431152344,188.21961975097656,423.0779724121094,186.6548309326172,423.0353088378906,191.1024169921875,447.8109130859375,195.1783905029297,446.2452697753906
95,1,,178.54446411132812,380.8127746582031,179.58712768554688,378.985595703125,177.46839904785156,379.17083740234375,182.23776245117188,378.5739440917969,177.06089782714844,378.797119140625,190.12803649902344,384.5992126464844,179.27162170410156,386.8021240234375,194.31130981445312,397.3710632324219,183.9095001220703,402.31744384765625,186.15159606933594,401.5674743652344,183.9627227783203,404.2149963378906,203.0216064453125,404.7354736328125,195.9951629638672,405.49462890625,188.2162628173828,423.6213684082031,186.19244384765625,423.97100830078125,191.51869201660156,447.883544921875,195.18626403808594,446.62432861328125
96,1,,178.26675415039062,381.54022216796875,179.45469665527344,379.71441650390625,177.2198028564453,379.9243469238281,182.52099609375,379.2557373046875,177.08058166503906,379.52716064453125,190.53970336914062,385.1543884277344,178.97413635253906,387.7815856933594,194.0967254638672,397.1081237792969,183.55348205566406,403.6888732910156,185.84420776367188,399.9285888671875,184.66415405273438,404.74853515625,203.13099670410156,405.4136962890625,195.53598022460938,406.3674621582031,188.31642150878906,424.03253173828125,185.99412536621094,424.7364807128906,191.9942169189453,447.6536560058594,194.89952087402344,446.8631896972656
97,1,,179.05726623535156,381.6597900390625,180.37469482421875,379.79083251953125,177.65771484375,380.0748596191406,183.3795928955078,379.75909423828125,176.61976623535156,380.2463684082031,191.09364318847656,386.2515869140625,177.7608184814453,389.183837890625,194.33201599121094,397.8197937011719,181.87570190429688,404.776123046875,186.29356384277344,400.25469970703125,184.45535278320312,404.85833740234375,203.3615264892578,406.0769958496094,194.6220703125,407.2659912109375,188.40711975097656,424.3849182128906,185.55335998535156,425.3391418457031,192.3018341064453,447.5939636230469,195.0049285888672,447.07244873046875
98,1,,179.6761932373047,381.7208251953125,181.0548553466797,379.8487548828125,178.03004455566406,380.1487731933594,183.7821044921875,380.0960388183594,176.2664794921875,380.6745300292969,191.60414123535156,386.8043212890625,176.63143920898438,389.984375,195.19154357910156,397.61407470703125,180.6316680908203,405.7615661621094,187.1567840576172,399.77593994140625,184.84451293945312,405.12420654296875,203.4208526611328,406.5190124511719,193.72195434570312,407.70550537109375,188.4840545654297,425.3016662597656,185.3938446044922,425.3431091308594,191.85227966308594,448.66668701171875,196.0579376220703,446.46197509765625
99,1,,181.21595764160156,381.64007568359375,182.42172241210938,379.7681579589844,179.24717712402344,380.1120910644531,184.30960083007812,380.18951416015625,176.33428955078125,380.9171447753906,191.84510803222656,387.2571716308594,176.11251831054688,390.1004943847656,195.7328338623047,398.2147216796875,180.22691345214844,405.7501525878906,187.70718383789062,399.5358581542969,184.69573974609375,405.09197998046875,203.4105682373047,406.9245300292969,193.3625946044922,407.85528564453125,188.29823303222656,426.2541809082031,185.4084014892578,425.3016052246094,191.54917907714844,449.6183776855469,197.22149658203125,445.8302001953125
100,1,,182.2228240966797,381.6805725097656,183.31851196289062,379.8104553222656,180.18228149414062,380.1888732910156,184.8061065673828,380.2021789550781,176.8611602783203,381.0359191894531,191.93104553222656,387.36651611328125,176.26937866210938,389.90966796875,196.16064453125,398.6711730957031,179.75125122070312,405.0201416015625,188.13157653808594,400.4991455078125,184.7298583984375,405.3155822753906,203.21690368652344,407.1648254394531,193.3347625732422,407.9658508300781,188.17401123046875,426.8717346191406,185.38706970214844,425.8110656738281,191.80337524414062,449.67645263671875,197.5608367919922,445.781005859375
101,1,,182.70875549316406,381.60052490234375,183.83203125,379.7275085449219,180.6592254638672,380.0986633300781,185.24046325683594,380.0463562011719,177.2252960205078,380.86627197265625,192.09909057617188,387.2847595214844,176.63861083984375,389.4524230957031,196.88058471679688,399.3197326660156,179.3820037841797,404.0215759277344,188.0240478515625,401.6298828125,183.15965270996094,404.4208068847656,203.0592498779297,407.4111633300781,193.43092346191406,408.0538635253906,188.13644409179688,427.23992919921875,185.38153076171875,426.07177734375,192.0557098388672,449.7334899902344,197.96534729003906,445.7593078613281
102,1,,183.45574951171875,381.540283203125,184.56192016601562,379.63446044921875,181.31895446777344,379.9927673339844,185.76983642578125,379.8193054199219,177.6712188720703,380.645751953125,192.13430786132812,387.1732177734375,177.24691772460938,388.80670166015625,196.01792907714844,399.9867248535156,179.30055236816406,403.1692810058594,186.40478515625,401.2935791015625,182.12852478027344,403.7455139160156,202.5963897705078,407.5690612792969,193.33787536621094,407.8941955566406,187.7483367919922,427.7698974609375,185.26502990722656,426.3386535644531,192.2891845703125,449.8087158203125,198.08702087402344,445.6079406738281
103,1,,184.12753295898438,381.63525390625,185.21371459960938,379.7177429199219,181.98919677734375,380.05767822265625,186.2932891845703,379.72186279296875,178.3057403564453,380.52056884765625,192.05694580078125,387.1024169921875,177.96641540527344,388.1883544921875,194.43890380859375,400.0213317871094,178.6558837890625,401.7463684082031,184.96063232421875,400.6968688964844,180.80442810058594,403.163330078125,202.32469177246094,407.7953186035156,193.57516479492188,407.8447570800781,187.2601776123047,428.1476745605469,184.96971130371094,426.5372619628906,192.44134521484375,449.7554931640625,198.12564086914062,445.4899597167969
104,1,,183.91806030273438,381.5284118652344,185.22305297851562,379.6136779785156,181.79444885253906,379.9062194824219,186.77342224121094,379.51959228515625,178.46719360351562,380.15240478515625,192.36570739746094,386.9325256347656,178.55996704101562,387.3863525390625,194.5834197998047,400.0667724609375,178.35516357421875,400.29327392578125,185.22592163085938,400.49859619140625,180.0940399169922,402.34405517578125,202.39756774902344,408.056884765625,193.86343383789062,407.8186950683594,186.94683837890625,428.3059997558594,184.56781005859375,426.386474609375,192.6621856689453,449.73065185546875,198.13450622558594,445.2029113769531
105,1,,183.02734375,381.47869873046875,184.3671875,379.6184387207031,181.25059509277344,379.8534851074219,186.41810607910156,379.3226013183594,178.9348602294922,379.77325439453125,192.3090362548828,386.4310302734375,179.4400634765625,386.80902099609375,192.98422241210938,399.71478271484375,178.6873321533203,400.1513366699219,184.54254150390625,399.6655578613281,179.76368713378906,401.4735412597656,202.4940948486328,408.035400390625,194.44052124023438,407.7040710449219,186.9662322998047,428.21014404296875,184.39450073242188,426.0408020019531,192.64590454101562,449.74517822265625,197.97271728515625,444.85308837890625
106,1,,182.3294677734375,381.1788635253906,183.71055603027344,379.4156799316406,180.89669799804688,379.5550231933594,186.23963928222656,379.168212890625,179.38546752929688,379.36358642578125,192.62271118164062,386.1596984863281,179.76449584960938,386.2811584472656,193.18548583984375,399.4792175292969,178.4742889404297,399.69036865234375,185.28880310058594,399.6638488769531,180.26193237304688,401.3695068359375,202.72755432128906,408.0022888183594,194.68804931640625,407.48883056640625,186.72804260253906,428.2577209472656,184.15606689453125,425.84515380859375,192.54090881347656,449.9203186035156,197.95541381835938,444.6927795410156
107,1,,181.89559936523438,380.7626037597656,183.2562713623047,379.04541015625,180.6660919189453,379.153076171875,186.0448760986328,378.8796081542969,179.68753051757812,378.9493103027344,193.02743530273438,385.9023132324219,180.1836395263672,386.0562744140625,194.7368927001953,399.0555419921875,178.73020935058594,399.5080261230469,187.2226104736328,399.9291687011719,181.09365844726562,401.1133728027344,202.98570251464844,408.0417175292969,195.04966735839844,407.5855407714844,186.5627899169922,428.0140075683594,184.19908142089844,425.63531494140625,192.38067626953125,449.90887451171875,197.81707763671875,444.7731018066406
108,1,,181.5108642578125,380.14373779296875,182.8472137451172,378.46978759765625,180.49224853515625,378.5778503417969,185.84420776367188,378.3544616699219,179.99273681640625,378.40179443359375,193.40806579589844,385.314697265625,180.54568481445312,385.67852783203125,196.57293701171875,398.9397277832031,179.12940979003906,399.4369201660156,188.70069885253906,400.2144775390625,181.39259338378906,399.4320068359375,203.39315795898438,407.974609375,195.5548858642578,407.59442138671875,186.51687622070312,427.5729675292969,184.4372100830078,425.30780029296875,192.2896270751953,449.8446044921875,197.92044067382812,444.6588439941406
109,1,,180.9141387939453,379.94171142578125,182.21084594726562,378.26385498046875,180.27223205566406,378.3646545410156,185.67295837402344,378.02728271484375,180.7694549560547,378.0331726074219,193.35931396484375,384.6479797363281,181.67291259765625,385.64166259765625,194.5993194580078,397.0986328125,179.51104736328125,399.7804260253906,187.49713134765625,398.3861083984375,181.8207244873047,398.8849792480469,203.55104064941406,407.8404846191406,196.37840270996094,407.6363220214844,186.6437530517578,427.3038024902344,184.82928466796875,425.05682373046875,191.98037719726562,449.878662109375,197.87295532226562,444.46893310546875
110,1,,180.94180297851562,379.695556640625,182.20263671875,377.9465637207031,180.4373779296875,378.0830993652344,185.86837768554688,377.5977783203125,181.42185974121094,377.66888427734375,193.36859130859375,384.1615905761719,182.8622589111328,385.40252685546875,193.88880920410156,395.5865478515625,179.8218231201172,399.07379150390625,186.94248962402344,396.5765075683594,181.67172241210938,397.8859558105469,203.642822265625,408.012939453125,197.2439422607422,407.83929443359375,186.38128662109375,427.2930603027344,184.9515380859375,425.06298828125,192.04261779785156,449.88055419921875,197.80484008789062,444.3902282714844
111,1,,181.4873809814453,379.529052734375,182.59182739257812,377.69085693359375,180.9452667236328,377.9107360839844,185.80453491210938,377.14166259765625,181.94168090820312,377.4202880859375,192.68124389648438,383.4591064453125,183.9260711669922,385.21649169921875,191.6010284423828,393.6788330078125,180.23817443847656,398.44818115234375,186.0403594970703,394.54876708984375,181.84335327148438,396.6967468261719,203.8272705078125,407.7388000488281,198.46942138671875,407.78277587890625,186.10594177246094,427.1656494140625,184.9805145263672,425.11737060546875,192.1464080810547,449.72589111328125,197.634765625,444.25970458984375
112,1,,181.5738983154297,379.37615966796875,182.65872192382812,377.5141906738281,181.13674926757812,377.7588195800781,185.8563690185547,376.8363952636719,182.43765258789062,377.1654968261719,192.10296630859375,382.8230285644531,184.841796875,384.873291015625,188.9436798095703,392.0788879394531,180.41769409179688,397.7339782714844,184.64537048339844,392.8763122558594,181.710693359375,395.8954162597656,204.32110595703125,407.5348815917969,199.797119140625,407.6471252441406,186.00100708007812,426.83880615234375,184.95916748046875,424.7884521484375,192.47276306152344,449.6026611328125,197.7030792236328,443.85205078125
113,1,,182.43563842773438,379.1360778808594,183.47923278808594,377.1975402832031,181.73924255371094,377.5285339355469,186.34024047851562,376.6023864746094,182.5527801513672,377.1617736816406,191.69595336914062,382.61871337890625,185.4153594970703,385.0637512207031,186.2479248046875,390.66973876953125,180.58924865722656,397.61029052734375,183.0423126220703,390.8287658691406,181.88096618652344,396.4098205566406,204.66156005859375,407.4954528808594,200.61241149902344,407.8033752441406,185.6968231201172,426.489990234375,184.67398071289062,424.6828918457031,192.79515075683594,449.4036865234375,197.59056091308594,444.0027160644531
114,1,,182.7072296142578,379.0247802734375,183.70883178710938,377.08038330078125,181.98046875,377.4266052246094,186.36410522460938,376.5355224609375,182.76852416992188,377.1358947753906,191.39732360839844,382.51959228515625,185.9390869140625,385.0458679199219,185.7622528076172,390.4461975097656,181.30209350585938,397.5490417480469,182.75775146484375,390.69061279296875,182.2185516357422,396.6900939941406,204.71011352539062,407.5303649902344,201.14393615722656,407.8975524902344,185.26068115234375,426.14312744140625,184.40695190429688,424.5577087402344,193.21243286132812,449.2261962890625,197.56568908691406,444.1425476074219
115,1,,183.06906127929688,378.9322509765625,184.04710388183594,377.021240234375,182.28884887695312,377.3623962402344,186.48487854003906,376.5816345214844,182.92884826660156,377.1358947753906,191.2708282470703,382.5754089355469,186.2150421142578,385.0637512207031,186.20574951171875,390.5008850097656,181.80596923828125,397.5506591796875,182.447998046875,390.5248718261719,182.3816680908203,396.876708984375,204.8001708984375,407.5552978515625,201.47592163085938,408.0074462890625,185.0490264892578,425.7322082519531,184.396728515625,424.6051330566406,193.73594665527344,448.89044189453125,197.18893432617188,444.6767578125
116,1,,183.2891082763672,378.86614990234375,184.33522033691406,376.94891357421875,182.48468017578125,377.283447265625,186.9582061767578,376.5435485839844,183.16452026367188,377.03277587890625,191.3910369873047,382.64776611328125,186.92221069335938,385.1085510253906,186.447509765625,390.9793395996094,182.81320190429688,398.1767883300781,181.9987335205078,390.3420104980469,182.62757873535156,397.4499206542969,204.88510131835938,407.88421630859375,201.921142578125,408.3911437988281,184.99234008789062,425.40802001953125,184.71824645996094,424.69842529296875,194.30899047851562,448.6809997558594,196.96702575683594,445.29705810546875
117,1,,183.25665283203125,378.9757995605469,184.31704711914062,377.05511474609375,182.54566955566406,377.3772277832031,187.1551055908203,376.58526611328125,183.56192016601562,376.97882080078125,191.51356506347656,382.7425231933594,187.72256469726562,385.0665588378906,186.8916778564453,391.4779052734375,183.68907165527344,398.52178955078125,181.74095153808594,390.3333740234375,182.72450256347656,397.6168518066406,204.85760498046875,408.318115234375,202.36038208007812,408.8076477050781,184.94602966308594,425.4251403808594,185.1439971923828,424.9551696777344,194.57504272460938,448.7178955078125,196.80303955078125,445.912109375
118,1,,182.42703247070312,379.2574157714844,183.48794555664062,377.3614501953125,182.18373107910156,377.6013488769531,186.81884765625,376.6786804199219,184.40196228027344,376.75103759765625,191.37501525878906,382.677734375,188.93585205078125,384.7058410644531,187.58216857910156,391.9515686035156,184.8530731201172,398.659912109375,182.0986785888672,391.11932373046875,183.34519958496094,397.726318359375,204.64126586914062,408.52581787109375,203.11082458496094,408.91522216796875,185.10154724121094,425.7577209472656,185.97128295898438,425.3595275878906,194.7326202392578,448.8655090332031,196.87078857421875,446.2987365722656
119,1,,182.73190307617188,379.4136962890625,183.69618225097656,377.5329284667969,182.5666961669922,377.75140380859375,186.84841918945312,376.7793273925781,184.98504638671875,376.7477722167969,191.40838623046875,382.845703125,189.73153686523438,384.6074523925781,188.5157470703125,392.77294921875,185.43084716796875,398.68011474609375,182.58570861816406,391.6088562011719,183.4235382080078,397.43316650390625,204.7346954345703,408.7549743652344,203.7848663330078,409.11712646484375,185.23147583007812,425.87469482421875,186.815185546875,425.76556396484375,194.91549682617188,448.5777282714844,196.61631774902344,446.69927978515625
120,1,,182.72686767578125,379.537353515625,183.66661071777344,377.64202880859375,182.7213897705078,377.82647705078125,186.8671417236328,376.79656982421875,185.59793090820312,376.6614685058594,191.45018005371094,382.95281982421875,190.75050354003906,384.4260559082031,189.24281311035156,393.80084228515625,186.74490356445312,398.7063903808594,183.2660675048828,392.70703125,183.89569091796875,397.3123779296875,204.85470581054688,408.9425354003906,204.62820434570312,409.15826416015625,185.27159118652344,426.2959899902344,187.62728881835938,426.11114501953125,194.87757873535156,448.83953857421875,197.06292724609375,446.9207458496094
121,1,,182.41036987304688,379.74786376953125,183.25782775878906,377.8607177734375,182.7431182861328,378.0058288574219,186.56158447265625,376.89080810546875,186.52828979492188,376.62310791015625,191.45272827148438,383.01336669921875,191.98568725585938,384.19146728515625,189.77011108398438,394.37493896484375,188.14857482910156,398.4734191894531,183.3473663330078,393.33306884765625,184.15277099609375,397.0838928222656,204.71136474609375,409.11651611328125,205.37396240234375,409.13134765625,185.28451538085938,426.82745361328125,188.28488159179688,426.4559631347656,194.5930633544922,449.2385559082031,197.4824981689453,447.1349792480469
122,1,,182.41876220703125,379.77239990234375,183.23110961914062,377.88470458984375,182.89218139648438,378.0283508300781,186.6303253173828,376.8384704589844,187.0299530029297,376.5828857421875,191.9880828857422,382.9539489746094,192.46185302734375,384.2171936035156,191.16026306152344,394.62554931640625,189.05349731445312,398.71832275390625,183.86566162109375,393.5697021484375,184.36904907226562,396.9407958984375,204.7969970703125,409.1664733886719,205.47312927246094,409.1518249511719,185.49530029296875,427.2314147949219,188.6062469482422,426.87371826171875,194.4005889892578,449.4933166503906,197.6764373779297,447.41046142578125
123,1,,182.8206024169922,379.74981689453125,183.5957489013672,377.876220703125,183.30810546875,378.0292053222656,186.9802703857422,376.8285827636719,187.4890594482422,376.6139831542969,192.53961181640625,382.9565124511719,192.93763732910156,384.267333984375,191.83285522460938,394.6052551269531,189.7360382080078,398.6062316894531,183.9000701904297,393.5302429199219,184.43370056152344,396.6666564941406,204.98922729492188,409.3479919433594,205.59820556640625,409.31488037109375,185.72866821289062,427.3408508300781,188.78125,427.0686340332031,194.3397674560547,449.4708557128906,197.53445434570312,447.5448303222656
124,1,,182.84608459472656,379.5148010253906,183.66111755371094,377.6429138183594,183.40200805664062,377.8052062988281,187.27743530273438,376.6356201171875,187.748291015625,376.4595642089844,193.2948760986328,382.8326721191406,192.99928283691406,384.3061828613281,193.27761840820312,394.50970458984375,190.37200927734375,398.6584777832031,184.4109649658203,393.5000305175781,184.60238647460938,396.3262939453125,205.25289916992188,409.31292724609375,205.385009765625,409.297607421875,186.09878540039062,427.4712219238281,188.64407348632812,427.3271484375,194.397216796875,449.7835388183594,197.33993530273438,448.002197265625
125,1,,183.51898193359375,379.1170959472656,184.3607940673828,377.28228759765625,183.9145965576172,377.453125,187.9233856201172,376.40869140625,187.75279235839844,376.2974548339844,194.4063262939453,382.8290710449219,192.26097106933594,384.20501708984375,194.77146911621094,394.49481201171875,189.57574462890625,398.1088562011719,185.02842712402344,393.02227783203125,184.50115966796875,395.3981628417969,205.6432342529297,409.1793518066406,204.57571411132812,409.1533203125,186.56983947753906,427.36572265625,188.46925354003906,427.2179260253906,194.20530700683594,449.83203125,197.24002075195312,448.22174072265625
126,1,,184.5247039794922,378.59716796875,185.3774871826172,376.7869567871094,184.6741943359375,377.01556396484375,188.9217987060547,375.9871520996094,187.84449768066406,376.0718078613281,195.79367065429688,382.5098876953125,191.55072021484375,384.035400390625,195.96131896972656,393.5120849609375,187.98214721679688,397.0033264160156,186.07135009765625,391.9069519042969,184.33970642089844,394.0336608886719,206.20889282226562,408.9479675292969,203.74012756347656,409.0893249511719,187.16168212890625,426.88201904296875,188.094482421875,427.1629943847656,194.2775115966797,449.03997802734375,196.63037109375,448.2867431640625
127,1,,186.1181640625,378.15216064453125,187.02406311035156,376.3932800292969,186.0416259765625,376.5986328125,190.40293884277344,375.5792236328125,188.44354248046875,375.6149597167969,196.82701110839844,382.1009521484375,191.31626892089844,383.23223876953125,195.90635681152344,391.7625427246094,186.413818359375,394.0560607910156,186.29501342773438,390.10162353515625,183.70941162109375,391.674072265625,206.67105102539062,408.75469970703125,203.29733276367188,408.89630126953125,187.9725341796875,426.3568115234375,188.0532989501953,426.9421691894531,194.6695098876953,447.9215393066406,196.11990356445312,447.9720153808594
128,1,,187.37576293945312,377.4585266113281,188.3454132080078,375.722412109375,187.1743927001953,375.9317321777344,191.771240234375,374.9858093261719,189.0299530029297,375.101806640625,198.72132873535156,381.75872802734375,190.70774841308594,382.9180908203125,199.19046020507812,391.9024963378906,184.98228454589844,392.92877197265625,190.646484375,392.31878662109375,183.65475463867188,390.0401611328125,207.20013427734375,408.20220947265625,202.31884765625,408.5517272949219,189.14633178710938,425.3714294433594,187.71580505371094,426.6041259765625,194.91647338867188,446.199951171875,196.06954956054688,447.4976501464844
129,1,,190.4156036376953,376.2945251464844,191.41571044921875,374.59307861328125,189.75238037109375,374.8369140625,194.3465576171875,373.9989013671875,190.23965454101562,374.26763916015625,200.50225830078125,380.9287109375,191.0759735107422,382.07623291015625,199.28607177734375,390.38818359375,184.4048309326172,391.4073486328125,190.89208984375,389.852783203125,183.72401428222656,388.4271240234375,207.81475830078125,407.70477294921875,201.95852661132812,408.1181640625,189.9007110595703,424.4710998535156,187.62802124023438,425.8064270019531,194.99964904785156,444.9104919433594,196.1802520751953,446.5954895019531
130,1,,193.1706085205078,375.0259704589844,194.2416534423828,373.3324890136719,192.2186279296875,373.63885498046875,197.048583984375,372.758056640625,191.8886260986328,373.27020263671875,202.63577270507812,379.5303955078125,192.18350219726562,381.248046875,200.244873046875,387.9259338378906,184.9180145263672,390.177978515625,192.11093139648438,388.0836486816406,183.77317810058594,387.5625305175781,208.4213104248047,406.9400634765625,201.8241424560547,407.5716857910156,191.3505859375,423.1958923339844,187.97349548339844,424.84722900390625,195.26370239257812,443.1683349609375,196.0939483642578,445.32818603515625
131,1,,195.09584045410156,373.8569030761719,196.20994567871094,372.1952819824219,194.2365264892578,372.51348876953125,199.17250061035156,371.5901794433594,193.97171020507812,372.19659423828125,204.6117401123047,378.166259765625,193.75167846679688,380.3642578125,201.66871643066406,386.2610168457031,186.55372619628906,389.6616516113281,193.1181640625,387.24176025390625,184.3929443359375,387.2920837402344,208.60159301757812,406.1172180175781,201.728515625,406.86505126953125,192.51165771484375,422.3179626464844,188.86228942871094,424.1865234375,195.05487060546875,442.0455322265625,196.3275146484375,444.523193359375
132,1,,196.94601440429688,372.23248291015625,197.9320526123047,370.6051330566406,196.2667999267578,370.98651123046875,200.8321075439453,370.19964599609375,196.4947052001953,371.0419616699219,206.52166748046875,376.8985595703125,195.9177703857422,379.6445007324219,202.33602905273438,384.830078125,188.19020080566406,389.338623046875,192.80918884277344,386.2962646484375,184.78285217285156,386.82952880859375,208.640625,405.2642517089844,201.908447265625,406.08929443359375,193.2769317626953,421.5271911621094,189.4951934814453,423.5455322265625,194.70877075195312,441.3479919433594,196.4681854248047,444.1057434082031
133,1,,199.76266479492188,370.9055480957031,200.70504760742188,369.2603454589844,199.0025177001953,369.717529296875,203.3528289794922,368.8184509277344,198.99880981445312,369.94830322265625,208.1536865234375,375.2179260253906,198.35134887695312,378.84222412109375,201.22189331054688,380.14886474609375,189.97415161132812,388.1611022949219,190.15916442871094,379.1299743652344,185.3130645751953,385.94293212890625,208.8669891357422,404.48553466796875,202.4793243408203,405.42431640625,193.710205078125,421.2791442871094,190.37252807617188,423.12884521484375,195.01800537109375,441.41046142578125,196.67141723632812,443.85748291015625
134,1,,200.45028686523438,369.73358154296875,201.42176818847656,368.1021728515625,200.1310577392578,368.5755310058594,204.5770263671875,367.79290771484375,201.30482482910156,368.9569091796875,209.63241577148438,374.2000427246094,200.0850830078125,378.01513671875,202.04144287109375,377.7605895996094,190.38165283203125,386.4521789550781,191.68621826171875,376.6489562988281,186.29249572753906,383.995361328125,208.84664916992188,403.8920593261719,202.711181640625,404.8539733886719,194.14183044433594,421.7872619628906,191.35829162597656,423.6063537597656,194.94140625,441.8240051269531,197.4437255859375,444.2932434082031
135,1,,201.992431640625,368.70635986328125,203.0236053466797,367.1180114746094,201.79547119140625,367.5279235839844,206.18202209472656,366.98828125,203.0640106201172,367.98492431640625,211.04629516601562,373.5420227050781,200.78515625,377.00823974609375,202.9635467529297,376.2967834472656,190.37054443359375,384.7884826660156,192.9684295654297,374.0813903808594,187.82778930664062,382.01708984375,209.00450134277344,403.2552185058594,202.48129272460938,404.09442138671875,194.3136749267578,422.3390197753906,192.0534210205078,423.8633117675781,194.80072021484375,442.57623291015625,198.3805694580078,444.7404479980469
136,1,,203.8463134765625,367.357177734375,204.8670654296875,365.7942810058594,203.6873016357422,366.1164245605469,207.5110626220703,365.8670654296875,204.84820556640625,366.6197814941406,211.73486328125,372.9443054199219,201.6588592529297,375.4911193847656,202.18124389648438,375.0173034667969,190.28018188476562,382.00152587890625,193.08639526367188,371.760009765625,188.41665649414062,379.42425537109375,209.04759216308594,402.6793518066406,202.6722869873047,403.0831298828125,194.85205078125,423.25042724609375,192.7650146484375,423.53143310546875,194.76219177246094,444.07403564453125,199.74041748046875,444.5003967285156
137,1,,205.13926696777344,366.41705322265625,206.2493133544922,364.8270568847656,204.94854736328125,365.1220703125,208.93995666503906,364.8161315917969,205.78317260742188,365.5292663574219,213.11512756347656,371.8880920410156,201.85791015625,374.2470703125,204.33091735839844,373.4506530761719,190.0782470703125,380.2607727050781,195.88214111328125,370.294921875,188.4273223876953,377.99835205078125,209.49412536621094,401.82623291015625,202.51870727539062,402.0918884277344,196.01046752929688,423.771728515625,193.72019958496094,423.2517395019531,194.7197723388672,445.3758850097656,201.4442596435547,444.60284423828125
138,1,,205.83384704589844,365.2718505859375,206.93197631835938,363.76263427734375,205.8020477294922,363.952392578125,209.42633056640625,363.9454345703125,206.91806030273438,364.302490234375,213.48846435546875,371.37054443359375,202.22976684570312,372.45037841796875,204.04983520507812,373.6029357910156,190.63235473632812,377.60406494140625,196.80496215820312,370.0401611328125,189.8997344970703,375.5029296875,209.48660278320312,401.3390808105469,202.5489959716797,401.1003112792969,197.07437133789062,424.8658142089844,194.97067260742188,423.2736511230469,194.23895263671875,447.05194091796875,202.86512756347656,444.80419921875
139,1,,207.42739868164062,364.6746520996094,208.5895538330078,363.2002258300781,207.08848571777344,363.2999267578125,210.7892303466797,363.3471984863281,207.17127990722656,363.4782409667969,214.6126708984375,370.8724670410156,202.1541748046875,371.23028564453125,206.9203643798828,373.3842468261719,192.7946014404297,375.6703796386719,199.18392944335938,369.5721740722656,194.16038513183594,373.4321594238281,210.181396484375,400.6351318359375,202.44552612304688,400.18841552734375,198.79769897460938,424.76416015625,196.4446563720703,422.8010559082031,194.96969604492188,447.8065490722656,204.2615509033203,445.1683044433594
140,1,,207.5908660888672,364.19140625,208.8597869873047,362.7812805175781,207.20358276367188,362.76202392578125,211.13760375976562,363.207275390625,207.09788513183594,363.0497741699219,215.1993865966797,370.9091491699219,202.17283630371094,370.92706298828125,209.9716796875,372.70220947265625,194.83734130859375,374.22119140625,202.00782775878906,369.2142333984375,196.6181182861328,371.5706787109375,210.6110076904297,400.7928161621094,202.51609802246094,400.18792724609375,200.23080444335938,425.0296325683594,197.73306274414062,422.8943176269531,195.84800720214844,448.8668518066406,205.2194061279297,445.86566162109375
141,1,,208.13299560546875,363.9129333496094,209.51998901367188,362.5242614746094,207.4035186767578,362.48626708984375,211.91464233398438,363.2356872558594,206.41790771484375,363.0681457519531,216.4588623046875,371.1638488769531,201.4622039794922,371.23162841796875,214.98638916015625,373.02471923828125,196.86676025390625,374.1105041503906,206.8903350830078,369.1218566894531,200.87948608398438,369.9098815917969,211.52163696289062,401.2494812011719,202.1398468017578,400.78082275390625,201.6999053955078,424.9677734375,198.64356994628906,423.4571533203125,197.44287109375,449.125244140625,205.95458984375,446.9839172363281
142,1,,208.90391540527344,363.4504699707031,210.41232299804688,362.0722351074219,207.78968811035156,361.9542236328125,212.6706085205078,363.2397766113281,205.9782257080078,362.809326171875,216.92776489257812,371.9833984375,201.20571899414062,371.1334228515625,218.25656127929688,375.3536376953125,199.55233764648438,374.0164794921875,211.21043395996094,368.6191711425781,207.04771423339844,368.0403137207031,212.34417724609375,401.47314453125,202.38119506835938,400.9418640136719,203.16725158691406,424.990478515625,199.518310546875,424.3298034667969,199.83203125,448.7528076171875,206.1492919921875,448.2281188964844
143,1,,209.66815185546875,363.2442932128906,211.33834838867188,361.8623046875,208.19888305664062,361.6707458496094,213.59320068359375,363.49615478515625,205.44981384277344,362.8912658691406,217.89944458007812,372.9810791015625,200.5269775390625,371.8146057128906,222.6111602783203,377.5765380859375,201.2787628173828,374.979248046875,216.3827667236328,369.3997802734375,211.02142333984375,366.9097900390625,213.34153747558594,401.86962890625,202.2165985107422,401.4136047363281,205.0726776123047,424.89361572265625,200.2582550048828,424.9507751464844,202.24197387695312,448.73211669921875,206.09043884277344,449.36004638671875
144,1,,209.8848419189453,363.445556640625,211.64463806152344,362.0333251953125,208.3386993408203,361.77215576171875,214.0139617919922,363.8222961425781,205.4935302734375,363.02099609375,218.39801025390625,373.8247985839844,200.47422790527344,372.0617980957031,224.58892822265625,379.5580139160156,202.2137908935547,375.3218994140625,220.5928192138672,370.148193359375,212.42047119140625,366.41070556640625,213.7993621826172,402.3846435546875,202.16871643066406,401.7735900878906,206.94613647460938,425.05645751953125,200.5300750732422,425.30615234375,204.26905822753906,448.8797302246094,205.55828857421875,449.94927978515625
145,1,,211.26907348632812,363.5160217285156,212.875,362.0448303222656,209.60877990722656,361.8010559082031,214.85928344726562,363.7818298339844,206.41810607910156,362.94976806640625,218.75160217285156,374.3038330078125,201.3247833251953,371.718017578125,225.28736877441406,381.8143310546875,204.0753173828125,374.98443603515625,223.69212341308594,370.9035949707031,216.14402770996094,365.1091003417969,214.34963989257812,402.4863586425781,202.76681518554688,401.7552795410156,209.0772705078125,425.3022155761719,200.79005432128906,425.8783874511719,207.41282653808594,448.86749267578125,205.1119842529297,450.7062683105469
146,1,,212.62466430664062,364.0093078613281,214.22955322265625,362.45977783203125,210.85545349121094,362.15570068359375,216.00051879882812,364.10638427734375,207.3070068359375,363.0836486816406,219.11965942382812,374.9605712890625,202.21884155273438,371.6986389160156,226.12144470214844,383.0503845214844,205.2218017578125,374.8763427734375,226.2296142578125,370.8086853027344,217.74270629882812,365.12823486328125,214.77146911621094,402.6849670410156,203.29351806640625,401.8184509277344,211.48577880859375,425.5530090332031,201.0341796875,426.1937255859375,210.76968383789062,449.0867004394531,204.46275329589844,451.3302307128906
147,1,,213.67974853515625,364.7039489746094,215.37644958496094,363.1739807128906,211.9833526611328,362.7569580078125,217.09063720703125,364.821533203125,208.3745574951172,363.5251159667969,219.62559509277344,375.6213073730469,203.12582397460938,372.12493896484375,226.89280700683594,382.96142578125,207.14215087890625,374.6949768066406,228.3236083984375,371.1431884765625,219.8357696533203,364.7015380859375,215.01507568359375,403.48553466796875,203.4515380859375,402.4836120605469,213.8542938232422,426.2958068847656,201.1908416748047,426.3236999511719,213.96533203125,450.2076110839844,204.04295349121094,451.3887634277344
148,1,,214.90464782714844,365.2137145996094,216.5603485107422,363.6899719238281,213.21246337890625,363.2187805175781,218.10629272460938,365.1653137207031,209.43179321289062,363.7171936035156,220.2673797607422,375.755615234375,204.28497314453125,371.8848876953125,228.60557556152344,382.7159423828125,209.89259338378906,373.77435302734375,231.06011962890625,371.01129150390625,222.9683837890625,364.4558410644531,215.59292602539062,403.9161376953125,204.0436553955078,402.7815856933594,216.34983825683594,426.3352966308594,201.32720947265625,426.1712951660156,217.780517578125,450.5013732910156,203.89212036132812,451.4482116699219
149,1,,216.61131286621094,365.7286682128906,218.20712280273438,364.1862487792969,214.8893280029297,363.6405029296875,219.30703735351562,365.49346923828125,210.70814514160156,363.8624572753906,220.6826629638672,376.0333557128906,205.712158203125,371.9087219238281,230.1358642578125,382.71600341796875,213.40219116210938,373.15765380859375,233.2018585205078,371.5870361328125,226.16465759277344,363.9953918457031,216.0559844970703,404.3960266113281,204.82923889160156,403.2244873046875,219.07997131347656,426.4383239746094,201.86273193359375,426.2190246582031,221.86746215820312,450.67864990234375,203.83290100097656,451.5740966796875
150,1,,217.2315216064453,366.05126953125,218.9861602783203,364.58868408203125,215.6347198486328,363.9200439453125,220.35610961914062,365.87335205078125,211.72482299804688,363.95111083984375,221.2696533203125,376.185302734375,207.13980102539062,371.76324462890625,231.30996704101562,383.113525390625,216.12750244140625,372.9981689453125,234.87196350097656,373.0361022949219,228.0078582763672,364.90533447265625,216.3793487548828,404.6592712402344,205.40469360351562,403.4095458984375,221.4663848876953,426.485107421875,202.5750274658203,426.11883544921875,225.39181518554688,450.8804626464844,203.78726196289062,451.7605895996094
151,1,,217.90676879882812,366.2361145019531,219.79331970214844,364.8974914550781,216.47402954101562,364.1309509277344,221.46463012695312,366.2303161621094,212.8819122314453,364.0585021972656,222.0345916748047,376.14093017578125,208.46340942382812,371.5204772949219,232.26290893554688,383.4974060058594,218.35299682617188,372.7094421386719,236.4705810546875,374.7684631347656,230.03265380859375,365.1078796386719,216.94427490234375,404.66790771484375,206.06988525390625,403.4300231933594,223.52574157714844,426.38629150390625,203.29483032226562,426.1600036621094,228.7613983154297,450.9750671386719,203.93588256835938,452.1117858886719
152,1,,218.7913055419922,366.4079895019531,220.68727111816406,365.1468811035156,217.4212646484375,364.35076904296875,222.4105682373047,366.49005126953125,213.9368896484375,364.2384033203125,222.70860290527344,376.1217956542969,209.78689575195312,371.393798828125,232.89625549316406,383.90936279296875,220.55511474609375,372.64166259765625,237.34779357910156,376.3687744140625,231.15432739257812,366.0217590332031,217.78103637695312,404.6283874511719,207.09988403320312,403.4178466796875,225.52432250976562,426.078125,204.08299255371094,425.9977722167969,231.69287109375,451.01190185546875,204.10946655273438,452.4207458496094
153,1,,220.24386596679688,367.15325927734375,221.92282104492188,365.9308776855469,219.03173828125,365.1126403808594,223.16796875,366.947509765625,215.54022216796875,364.660888671875,223.2761993408203,376.298095703125,211.17005920410156,371.4187927246094,233.63067626953125,384.69195556640625,221.824462890625,372.8717956542969,237.5488739013672,378.0153503417969,231.4691925048828,367.095703125,218.39620971679688,404.7564392089844,208.1250762939453,403.56036376953125,227.34323120117188,426.21575927734375,205.03684997558594,426.0650329589844,234.0617218017578,451.435302734375,204.2425079345703,452.95855712890625
154,1,,221.73484802246094,367.4349060058594,222.9903106689453,366.30389404296875,220.8882598876953,365.5063781738281,223.10928344726562,367.1331787109375,217.80010986328125,364.9715576171875,222.7220458984375,376.2291259765625,213.1261444091797,371.40380859375,233.94949340820312,385.0161437988281,222.49913024902344,373.138427734375,236.9453125,379.03350830078125,231.28414916992188,368.2698059082031,217.94435119628906,404.77471923828125,210.20338439941406,403.5340576171875,224.60545349121094,426.6390380859375,209.7785186767578,426.26312255859375,229.78041076660156,452.0469055175781,210.02847290039062,453.1392517089844
155,1,,223.77239990234375,368.0372619628906,224.66412353515625,366.8694763183594,222.99693298339844,366.1069641113281,223.79762268066406,367.4371337890625,219.58493041992188,365.4128723144531,223.19134521484375,376.3699951171875,214.50778198242188,371.81243896484375,235.19512939453125,384.9754333496094,223.2205352783203,373.8586120605469,237.5706024169922,378.4818420410156,231.58058166503906,368.58758544921875,218.62387084960938,404.94500732421875,211.66775512695312,403.7960205078125,224.90977478027344,426.7678527832031,211.5674591064453,426.306884765625,229.90846252441406,452.37542724609375,211.2581024169922,453.29443359375
156,1,,225.8910675048828,368.47723388671875,226.30856323242188,367.2911071777344,225.1697540283203,366.5894775390625,224.1438751220703,367.526123046875,221.38894653320312,365.69384765625,222.98475646972656,376.3978271484375,215.92510986328125,371.968017578125,235.580810546875,384.9464416503906,224.36920166015625,374.16375732421875,238.25279235839844,378.2699890136719,232.613525390625,368.9175720214844,218.66046142578125,404.7456970214844,213.76663208007812,403.6031494140625,222.32496643066406,426.670166015625,217.25698852539062,426.1221618652344,223.83189392089844,452.3631286621094,218.10635375976562,452.9703063964844
157,1,,227.82534790039062,368.9065856933594,227.9705047607422,367.700927734375,227.06045532226562,367.0025939941406,224.92564392089844,367.7244567871094,222.91873168945312,365.91241455078125,223.02525329589844,376.69696044921875,217.49761962890625,372.0950622558594,236.5746307373047,385.50616455078125,225.83729553222656,374.4946594238281,239.55587768554688,378.2929382324219,233.8677215576172,369.2306213378906,218.53900146484375,404.70965576171875,215.61224365234375,403.4637756347656,219.5513458251953,427.00714111328125,222.48023986816406,426.4185791015625,217.635009765625,452.4031677246094,224.0728759765625,452.9377136230469
158,1,,229.27174377441406,368.93798828125,229.22512817382812,367.7513732910156,228.47857666015625,367.076416015625,225.53924560546875,367.73443603515625,224.1209259033203,366.0079040527344,222.72447204589844,376.7480773925781,219.3140106201172,372.0622863769531,237.1491241455078,385.8996276855469,227.79225158691406,374.68798828125,240.74493408203125,378.3369445800781,235.59954833984375,369.4259033203125,218.23733520507812,404.4483947753906,217.80325317382812,403.1116943359375,215.9999542236328,427.32098388671875,228.826416015625,426.46038818359375,210.6600799560547,452.3883972167969,230.8102264404297,452.4617614746094
159,1,,230.2593994140625,368.6197509765625,230.40811157226562,367.4280090332031,229.0697784423828,366.7729187011719,227.3078155517578,367.69293212890625,224.134033203125,365.95343017578125,224.28334045410156,377.0858459472656,220.23634338378906,372.208984375,238.3232879638672,386.5350036621094,229.7990264892578,374.9010009765625,242.3730926513672,378.6820068359375,237.42239379882812,369.7268981933594,219.65200805664062,404.36944580078125,218.90223693847656,403.0170593261719,216.68698120117188,427.381591796875,230.93331909179688,426.6003112792969,209.64614868164062,451.8212890625,231.98524475097656,452.206298828125
160,1,,231.07777404785156,368.41925048828125,231.3985137939453,367.23162841796875,229.7539825439453,366.5733337402344,228.78671264648438,367.6565246582031,224.80091857910156,365.8414001464844,225.71372985839844,377.3175354003906,221.20208740234375,372.06964111328125,239.20631408691406,387.28350830078125,231.1253662109375,374.9629821777344,243.50595092773438,379.01434326171875,239.0752716064453,370.4668273925781,221.24911499023438,404.4879455566406,220.1927947998047,402.9603271484375,217.82337951660156,427.7745666503906,232.84274291992188,426.8647155761719,209.69667053222656,451.40960693359375,232.59353637695312,451.6838684082031
161,1,,231.8286590576172,368.091064453125,232.24171447753906,366.9117126464844,230.35556030273438,366.2513732910156,229.87705993652344,367.6086120605469,225.3946533203125,365.76666259765625,226.79257202148438,377.60009765625,222.44912719726562,372.2069091796875,240.44139099121094,387.4815979003906,232.34228515625,374.95343017578125,244.3935089111328,379.09844970703125,240.03826904296875,370.9409484863281,222.48782348632812,404.8367919921875,221.57272338867188,403.1908874511719,218.54884338378906,428.3614501953125,234.2722625732422,427.26556396484375,209.27880859375,451.2143249511719,232.67239379882812,451.2814636230469
162,1,,232.5581817626953,367.731201171875,233.1407012939453,366.5343322753906,230.95187377929688,365.90667724609375,231.3184356689453,367.4408264160156,225.9970703125,365.6221008300781,228.51344299316406,377.7450866699219,223.13243103027344,372.1772155761719,241.9314727783203,387.7755432128906,232.6644744873047,374.91644287109375,245.72683715820312,378.96478271484375,241.3334503173828,371.3609924316406,224.15872192382812,405.13726806640625,222.4380645751953,403.404052734375,220.16519165039062,428.6287536621094,235.11346435546875,427.3421630859375,210.19601440429688,450.77911376953125,231.58973693847656,450.66864013671875
163,1,,232.81564331054688,367.1485595703125,233.81222534179688,365.87603759765625,230.8893585205078,365.3006286621094,233.1346435546875,367.3717346191406,226.0752410888672,365.5975036621094,230.745849609375,378.3434753417969,223.87335205078125,372.6110534667969,243.3175506591797,388.0531005859375,233.92214965820312,374.7085266113281,246.6465606689453,379.3854675292969,242.7138214111328,371.929443359375,226.42922973632812,405.72802734375,222.5603790283203,403.9022521972656,225.945556640625,428.91943359375,231.84535217285156,427.6598815917969,217.6839141845703,450.449951171875,224.37551879882812,450.48095703125
164,1,,233.37164306640625,366.8187255859375,234.26052856445312,365.5018310546875,231.44882202148438,364.943359375,233.5377197265625,367.07818603515625,226.63983154296875,365.321533203125,231.74636840820312,378.3132019042969,224.27099609375,372.5385437011719,244.1021270751953,388.22161865234375,234.88037109375,374.8393249511719,247.83724975585938,379.8526611328125,244.1678924560547,372.7786865234375,228.17271423339844,406.05853271484375,222.77635192871094,404.2148132324219,231.66525268554688,429.122314453125,228.7692108154297,427.73663330078125,225.09530639648438,450.319091796875,217.19708251953125,450.2254638671875
165,1,,234.0847930908203,366.3147888183594,234.74176025390625,364.9510498046875,232.0642852783203,364.47314453125,233.56553649902344,366.54827880859375,227.0404815673828,364.99273681640625,231.7405548095703,378.0828552246094,225.2156524658203,372.5172424316406,244.42575073242188,387.9574279785156,236.9464111328125,374.7464904785156,249.0443878173828,380.6209411621094,245.920654296875,373.1922302246094,228.809814453125,406.2269287109375,223.74246215820312,404.48638916015625,233.9174041748047,429.2088928222656,228.86366271972656,427.82440185546875,226.3194122314453,450.03466796875,215.26724243164062,449.9075927734375
166,1,,234.7091522216797,365.7905578613281,235.27658081054688,364.3680725097656,232.80728149414062,363.905029296875,233.98587036132812,365.8741760253906,227.9608612060547,364.3264465332031,232.40438842773438,377.64892578125,225.90753173828125,372.06781005859375,244.3017578125,388.4609069824219,238.58409118652344,375.03350830078125,250.1024932861328,381.68890380859375,247.8756103515625,373.87158203125,230.13052368164062,406.16094970703125,223.9605255126953,404.5061340332031,239.2544708251953,429.0483703613281,225.87074279785156,427.5888671875,233.7135009765625,449.6679992675781,208.69664001464844,449.59246826171875
167,1,,235.59010314941406,365.45703125,235.7863006591797,364.0504455566406,233.93795776367188,363.5715026855469,233.60055541992188,365.39581298828125,229.14755249023438,363.8487548828125,232.1847381591797,377.0972900390625,226.67213439941406,371.7237854003906,243.92066955566406,388.38433837890625,240.27574157714844,375.4383239746094,250.61935424804688,382.9321594238281,249.33135986328125,375.044921875,231.0446319580078,405.9798278808594,224.70263671875,404.43621826171875,243.2929229736328,428.966796875,223.97357177734375,427.3588562011719,239.42417907714844,449.516357421875,204.41270446777344,449.1434020996094
168,1,,236.554443359375,365.059814453125,236.49972534179688,363.6959228515625,235.13644409179688,363.1424560546875,233.5445098876953,364.718017578125,230.2855682373047,363.00213623046875,231.73133850097656,376.1595764160156,227.12478637695312,370.94354248046875,242.72413635253906,388.29156494140625,240.6391143798828,376.020751953125,251.2323760986328,383.94903564453125,250.47560119628906,375.9476013183594,231.35606384277344,405.4283142089844,225.63833618164062,404.052734375,243.57640075683594,428.64208984375,225.08045959472656,427.0765075683594,239.2760467529297,449.2313537597656,205.5076904296875,448.79559326171875
169,1,,237.099609375,364.5525207519531,237.12905883789062,363.2138366699219,235.75843811035156,362.6412048339844,234.22694396972656,364.3276062011719,231.19456481933594,362.5553283691406,232.03314208984375,375.78582763671875,227.84324645996094,370.64727783203125,241.6605987548828,388.4641418457031,240.46876525878906,376.47418212890625,251.53164672851562,384.94183349609375,251.01202392578125,376.5119934082031,231.58253479003906,405.09002685546875,226.17724609375,403.7886657714844,243.7265167236328,428.53387451171875,226.13768005371094,426.91070556640625,239.1299591064453,449.17755126953125,206.47811889648438,448.54168701171875
170,1,,237.5991973876953,364.2175598144531,237.6328887939453,362.8949890136719,236.28016662597656,362.345458984375,234.7378692626953,364.1323547363281,231.9052276611328,362.4228210449219,232.446044921875,375.7200927734375,228.4521026611328,370.51715087890625,240.64102172851562,389.13385009765625,240.12185668945312,376.7584533691406,251.3155975341797,386.1132507324219,251.29635620117188,376.7680969238281,231.81031799316406,404.70928955078125,226.57261657714844,403.4013671875,243.57449340820312,428.5255126953125,227.0977020263672,426.70172119140625,239.2810516357422,449.1598815917969,207.5589599609375,448.2102966308594
171,1,,237.6145782470703,363.9480895996094,238.0198516845703,362.6665344238281,236.13882446289062,362.1186828613281,236.00645446777344,364.17095947265625,231.84962463378906,362.44476318359375,233.30270385742188,375.64007568359375,229.02655029296875,370.5138854980469,240.55296325683594,388.9803771972656,240.6969757080078,376.8227233886719,250.96644592285156,386.72125244140625,252.1620635986328,377.04876708984375,232.1779022216797,404.4379577636719,226.75616455078125,403.139892578125,243.44554138183594,428.6217346191406,227.9835968017578,426.643310546875,239.44573974609375,449.3573913574219,208.25570678710938,448.07373046875
172,1,,237.7784423828125,363.416748046875,238.37428283691406,362.1089172363281,236.18409729003906,361.5976257324219,236.8131866455078,363.7574462890625,231.94699096679688,362.10986328125,233.7141876220703,375.3414306640625,229.4528350830078,370.38311767578125,239.88742065429688,388.9272155761719,240.4886474609375,377.0392761230469,250.9451141357422,387.09051513671875,252.6802978515625,377.0458679199219,232.24789428710938,404.162353515625,226.85369873046875,402.9762268066406,243.4672393798828,428.53497314453125,228.87338256835938,426.6389465332031,239.69866943359375,449.43310546875,208.8369598388672,448.2041320800781
173,1,,237.910400390625,362.98651123046875,238.72279357910156,361.6512756347656,236.243408203125,361.17474365234375,237.7549285888672,363.4438781738281,232.2342071533203,361.8911437988281,234.69180297851562,375.147705078125,230.0519561767578,370.3897705078125,240.1485137939453,388.89349365234375,240.5823211669922,377.4053649902344,250.92303466796875,387.4484558105469,252.98196411132812,377.4399108886719,232.6292724609375,403.95574951171875,227.01141357421875,402.8194885253906,243.63194274902344,428.4914245605469,229.6171112060547,426.578857421875,239.80465698242188,449.3720703125,209.45745849609375,448.1135559082031
174,1,,238.22958374023438,362.978759765625,239.0812530517578,361.65240478515625,236.62716674804688,361.1767578125,238.20999145507812,363.3724365234375,232.78282165527344,361.84417724609375,235.11642456054688,374.81988525390625,230.53750610351562,370.2785339355469,240.205078125,388.4682922363281,240.73367309570312,377.5341796875,250.75340270996094,387.7807312011719,253.3489227294922,377.81646728515625,232.8659210205078,403.57489013671875,227.32826232910156,402.5012512207031,243.59976196289062,428.4049072265625,230.40414428710938,426.3735656738281,240.01922607421875,449.4423828125,210.24851989746094,447.9112854003906
175,1,,238.6847686767578,362.8289794921875,239.62631225585938,361.4977722167969,237.154296875,360.962158203125,238.80526733398438,363.11676025390625,233.39129638671875,361.4534606933594,235.42129516601562,374.42144775390625,230.94032287597656,369.9722900390625,240.53184509277344,388.1403503417969,240.77206420898438,377.7275085449219,250.84674072265625,387.8989562988281,253.71868896484375,378.246826171875,232.9619140625,403.1444396972656,227.5910186767578,402.1131591796875,243.77999877929688,428.1064147949219,231.48377990722656,426.02313232421875,239.90623474121094,449.5157165527344,211.10865783691406,447.8595886230469
176,1,,239.31002807617188,362.6718444824219,240.0365447998047,361.324462890625,237.79736328125,360.8055725097656,238.70481872558594,362.9213562011719,233.8964080810547,361.3329772949219,235.4900665283203,374.307861328125,231.2091827392578,369.9316711425781,240.98629760742188,388.03399658203125,240.79049682617188,377.8043212890625,251.35691833496094,387.88385009765625,253.82798767089844,378.4718017578125,233.05813598632812,402.7648620605469,227.94114685058594,401.76666259765625,243.96575927734375,427.79022216796875,232.36708068847656,425.658447265625,239.74179077148438,449.6633605957031,212.1408233642578,447.9387512207031
177,1,,239.6821746826172,362.63970947265625,240.48841857910156,361.2709045410156,238.12686157226562,360.7171630859375,239.27273559570312,362.82525634765625,234.21327209472656,361.1566162109375,236.00814819335938,374.23443603515625,231.6541290283203,369.7333068847656,241.5214385986328,388.2117004394531,241.29583740234375,377.901123046875,251.69586181640625,387.70867919921875,254.2422637939453,378.54345703125,233.4233856201172,402.306884765625,228.34677124023438,401.2520751953125,244.2053680419922,427.5047302246094,233.3075408935547,425.23614501953125,239.6279296875,449.7167663574219,213.271240234375,447.87420654296875
178,1,,239.97158813476562,362.61187744140625,240.71986389160156,361.2369384765625,238.3555908203125,360.6895751953125,239.3397979736328,362.8005676269531,234.33401489257812,361.1565856933594,235.99913024902344,374.2495422363281,231.9459686279297,369.6422119140625,241.86294555664062,388.356689453125,241.64483642578125,377.86328125,252.31346130371094,387.49285888671875,254.61170959472656,378.36474609375,233.29940795898438,402.0344543457031,228.54766845703125,400.9373779296875,244.07781982421875,427.3455505371094,234.16937255859375,424.9327087402344,239.30311584472656,449.7230224609375,214.340087890625,447.70245361328125
179,1,,240.12216186523438,362.4608459472656,240.92259216308594,361.059814453125,238.39645385742188,360.50238037109375,239.61672973632812,362.6697998046875,234.2310791015625,360.9982604980469,236.16680908203125,374.2969665527344,232.1162872314453,369.552490234375,242.2952117919922,388.6429748535156,241.9013214111328,377.9205627441406,252.70623779296875,387.22222900390625,254.74624633789062,378.2274169921875,233.37246704101562,401.8721923828125,228.7080078125,400.73040771484375,244.1703643798828,427.1609191894531,234.7913818359375,424.71258544921875,239.11935424804688,449.6570739746094,214.98248291015625,447.6714172363281
180,1,,240.00094604492188,362.2406921386719,240.90248107910156,360.8298034667969,238.190673828125,360.2884216308594,239.8590545654297,362.5283203125,234.0407257080078,360.89276123046875,236.373779296875,374.1835021972656,232.25518798828125,369.50115966796875,242.60423278808594,388.4064025878906,242.17303466796875,377.89373779296875,253.07371520996094,386.9629211425781,254.92254638671875,378.2450866699219,233.41964721679688,401.6710205078125,228.76785278320312,400.55096435546875,244.13111877441406,427.0208435058594,235.1228790283203,424.6073913574219,238.9664764404297,449.71197509765625,215.58558654785156,447.7733154296875
