video_id,frame_no,fps,nose_x,nose_y,left_eye_x,left_eye_y,right_eye_x,right_eye_y,left_ear_x,left_ear_y,right_ear_x,right_ear_y,left_shoulder_x,left_shoulder_y,right_shoulder_x,right_shoulder_y,left_elbow_x,left_elbow_y,right_elbow_x,right_elbow_y,left_wrist_x,left_wrist_y,right_wrist_x,right_wrist_y,left_hip_x,left_hip_y,right_hip_x,right_hip_y,left_knee_x,left_knee_y,right_knee_x,right_knee_y,left_ankle_x,left_ankle_y,right_ankle_x,right_ankle_y
9fbcf9db-53e4-450a-ad35-217b61a7b20d_delivery_6,0,29.900602532171963,214.9197235107422,251.54042053222656,214.8932342529297,249.7602081298828,213.49874877929688,249.8853759765625,212.38232421875,249.10427856445312,209.19825744628906,249.94955444335938,208.79510498046875,256.3786315917969,204.47337341308594,256.87188720703125,205.7900390625,270.5585021972656,204.01455688476562,271.1490173339844,205.21145629882812,283.2167663574219,203.33056640625,283.97894287109375,193.2217559814453,272.4421081542969,190.37686157226562,272.5223388671875,199.19305419921875,293.12109375,198.1491241455078,293.3716125488281,197.38369750976562,314.59075927734375,196.73141479492188,316.65643310546875
9fbcf9db-53e4-450a-ad35-217b61a7b20d_delivery_6,1,29.900602532171963,215.1171875,251.48963928222656,215.12962341308594,249.67274475097656,213.5824737548828,249.82740783691406,212.7047119140625,249.0592041015625,209.10720825195312,249.9743194580078,208.96571350097656,256.4093017578125,204.51406860351562,256.9149475097656,205.67276000976562,270.5939025878906,203.8592529296875,271.14898681640625,205.42189025878906,283.2763977050781,203.45481872558594,284.0562744140625,193.26394653320312,272.4718017578125,190.34136962890625,272.560546875,199.23861694335938,293.2747497558594,198.25,293.5198059082031,197.41082763671875,314.81939697265625,196.7461395263672,316.8701171875
9fbcf9db-53e4-450a-ad35-217b61a7b20d_delivery_6,2,29.900602532171963,215.1405792236328,251.45631408691406,215.1025848388672,249.62905883789062,213.64041137695312,249.7693328857422,212.4573211669922,248.98728942871094,209.18467712402344,249.8829345703125,208.60220336914062,256.3711242675781,204.4640655517578,256.8165588378906,205.6598663330078,270.6532897949219,203.62474060058594,271.027587890625,205.53770446777344,283.29742431640625,203.351318359375,283.98748779296875,192.9360809326172,272.4295654296875,190.231201171875,272.5268249511719,199.21307373046875,293.0582580566406,198.1194610595703,293.2935791015625,197.20758056640625,314.8089294433594,196.46786499023438,316.8523254394531
9fbcf9db-53e4-450a-ad35-217b61a7b20d_delivery_6,3,29.900602532171963,215.04136657714844,251.39112854003906,215.02561950683594,249.53372192382812,213.52174377441406,249.68026733398438,212.44615173339844,248.8851318359375,209.05990600585938,249.7870330810547,208.6155242919922,256.4465026855469,204.26309204101562,256.8256530761719,205.6009063720703,270.9010925292969,203.39059448242188,271.1024169921875,205.71493530273438,283.5155029296875,203.4246368408203,284.173828125,192.8619842529297,272.3139953613281,190.01287841796875,272.40106201171875,199.36280822753906,292.87646484375,198.1788787841797,293.131591796875,197.21005249023438,314.4970397949219,196.37612915039062,316.6119689941406
9fbcf9db-53e4-450a-ad35-217b61a7b20d_delivery_6,4,29.900602532171963,215.31797790527344,251.40647888183594,215.18252563476562,249.58351135253906,213.9344482421875,249.73312377929688,212.23214721679688,248.98257446289062,209.6540985107422,249.9246826171875,208.26954650878906,256.4927978515625,204.60882568359375,256.918701171875,205.51014709472656,270.9920654296875,203.3072967529297,271.2751770019531,206.08413696289062,283.5341491699219,203.82301330566406,284.30499267578125,192.3984375,272.3854675292969,190.04722595214844,272.490234375,199.217041015625,292.99993896484375,198.34938049316406,293.19830322265625,197.19203186035156,314.8725891113281,196.61302185058594,316.886474609375
9fbcf9db-53e4-450a-ad35-217b61a7b20d_delivery_6,5,29.900602532171963,215.3406982421875,251.72073364257812,215.2157745361328,249.86524963378906,213.8971710205078,250.01295471191406,212.2541046142578,249.2377166748047,209.42013549804688,250.16725158691406,208.10501098632812,256.81182861328125,204.38990783691406,257.17108154296875,205.20086669921875,271.26708984375,203.07958984375,271.3919982910156,205.85191345214844,283.765625,203.572509765625,284.5298767089844,192.30374145507812,272.5871887207031,189.90728759765625,272.6824035644531,199.20863342285156,293.1904296875,198.26393127441406,293.4068298339844,197.14173889160156,314.9858093261719,196.36795043945312,317.0513610839844
9fbcf9db-53e4-450a-ad35-217b61a7b20d_delivery_6,6,29.900602532171963,215.29159545898438,251.75437927246094,215.12440490722656,249.93218994140625,213.94984436035156,250.0581817626953,211.9716033935547,249.34832763671875,209.59820556640625,250.2372589111328,207.78395080566406,256.93914794921875,204.37071228027344,257.28485107421875,205.2320556640625,271.4645080566406,203.06971740722656,271.6365051269531,205.9176483154297,283.6868591308594,203.62661743164062,284.51947021484375,191.96826171875,272.6553039550781,189.79359436035156,272.748046875,199.0161895751953,293.20263671875,198.21701049804688,293.4015808105469,196.93618774414062,315.1166076660156,196.46835327148438,317.1240539550781
9fbcf9db-53e4-450a-ad35-217b61a7b20d_delivery_6,7,29.900602532171963,215.1533966064453,251.89947509765625,215.10374450683594,250.10516357421875,213.78848266601562,250.2379150390625,212.30389404296875,249.56201171875,209.5421600341797,250.44668579101562,208.0067596435547,257.02197265625,204.60220336914062,257.38580322265625,205.06167602539062,271.532958984375,203.21011352539062,271.78826904296875,205.87950134277344,283.7561340332031,203.7745361328125,284.66094970703125,191.97247314453125,272.70416259765625,189.814453125,272.7944641113281,198.83799743652344,293.5091552734375,198.40354919433594,293.81573486328125,197.09716796875,315.1518859863281,196.87225341796875,317.3721618652344
9fbcf9db-53e4-450a-ad35-217b61a7b20d_delivery_6,8,29.900602532171963,214.9893341064453,251.94654846191406,215.10366821289062,250.15260314941406,213.5833282470703,250.27914428710938,212.55078125,249.68763732910156,209.40884399414062,250.55276489257812,207.8702392578125,257.017578125,204.7468719482422,257.4657897949219,204.8084716796875,271.3978576660156,203.26353454589844,271.921142578125,205.70919799804688,283.6970520019531,203.70872497558594,284.5560607910156,191.75918579101562,272.7705383300781,189.7954864501953,272.8822021484375,198.6996612548828,293.6440734863281,198.57749938964844,293.8924560546875,196.829345703125,315.5570068359375,196.84689331054688,317.5728759765625
9fbcf9db-53e4-450a-ad35-217b61a7b20d_delivery_6,9,29.900602532171963,214.94003295898438,251.95938110351562,215.06785583496094,250.16441345214844,213.45346069335938,250.30247497558594,212.66116333007812,249.7267303466797,209.1984100341797,250.60865783691406,208.09890747070312,257.04864501953125,204.76443481445312,257.4620361328125,204.9661102294922,271.42840576171875,203.35299682617188,271.8332214355469,205.6708526611328,283.821533203125,203.62437438964844,284.58013916015625,191.93597412109375,272.66790771484375,189.81321716308594,272.7657165527344,198.81674194335938,293.6049499511719,198.62791442871094,293.8939208984375,196.99740600585938,315.4175720214844,196.74407958984375,317.5328674316406
9fbcf9db-53e4-450a-ad35-217b61a7b20d_delivery_6,10,29.900602532171963,215.00001525878906,251.68939208984375,215.1728057861328,249.92095947265625,213.5112762451172,250.06399536132812,212.7958984375,249.63616943359375,209.33229064941406,250.5450439453125,208.15847778320312,256.9388732910156,204.94842529296875,257.44696044921875,205.10879516601562,271.2960205078125,203.54815673828125,271.91082763671875,205.81716918945312,283.69561767578125,203.8595733642578,284.4375,191.827392578125,272.5329284667969,189.7953338623047,272.66107177734375,198.69854736328125,293.5273742675781,198.682373046875,293.8320007324219,196.99281311035156,315.66851806640625,197.03488159179688,317.7242126464844
9fbcf9db-53e4-450a-ad35-217b61a7b20d_delivery_6,11,29.900602532171963,214.79428100585938,251.70919799804688,215.09642028808594,249.9435577392578,213.32176208496094,250.07534790039062,213.02340698242188,249.65280151367188,209.32334899902344,250.5244140625,208.23696899414062,256.8475036621094,205.10635375976562,257.35992431640625,205.0019989013672,271.17559814453125,203.6619110107422,271.7897033691406,205.77127075195312,283.8282775878906,203.913818359375,284.4479675292969,191.81845092773438,272.44244384765625,189.81663513183594,272.5748291015625,198.67552185058594,293.442626953125,198.7742462158203,293.7629089355469,197.13540649414062,315.6515197753906,196.99649047851562,317.7530212402344
9fbcf9db-53e4-450a-ad35-217b61a7b20d_delivery_6,12,29.900602532171963,214.98861694335938,251.42044067382812,215.183837890625,249.64390563964844,213.55758666992188,249.76705932617188,212.8489532470703,249.32638549804688,209.48973083496094,250.18710327148438,208.0965118408203,256.6222229003906,205.09518432617188,257.1001281738281,204.874755859375,270.86212158203125,203.7053985595703,271.3808288574219,205.5797882080078,283.6220397949219,203.7442626953125,284.20068359375,191.8680419921875,272.2145080566406,189.9307098388672,272.33056640625,198.78564453125,293.2610168457031,198.84219360351562,293.5133972167969,197.263671875,315.5072326660156,196.79347229003906,317.5225830078125
9fbcf9db-53e4-450a-ad35-217b61a7b20d_delivery_6,13,29.900602532171963,215.0538330078125,251.21725463867188,215.27899169921875,249.43382263183594,213.5951690673828,249.54229736328125,213.06283569335938,249.16090393066406,209.5198211669922,249.97332763671875,208.44947814941406,256.5822448730469,205.11094665527344,256.95263671875,205.07566833496094,270.8283996582031,203.6776580810547,271.10968017578125,205.7544403076172,283.51611328125,203.7019805908203,284.0882873535156,192.17251586914062,272.0826110839844,189.99862670898438,272.170166015625,198.8616180419922,293.1259460449219,198.6707305908203,293.4782409667969,197.57733154296875,315.1513671875,196.82354736328125,317.40423583984375
9fbcf9db-53e4-450a-ad35-217b61a7b20d_delivery_6,14,29.900602532171963,214.96083068847656,251.10650634765625,215.39230346679688,249.27603149414062,213.372802734375,249.37353515625,213.51516723632812,249.08099365234375,209.123291015625,249.84925842285156,208.6363067626953,256.6864013671875,204.87680053710938,257.0618896484375,205.12596130371094,270.93634033203125,203.66439819335938,271.3136901855469,205.721435546875,283.6343078613281,203.6320343017578,284.19427490234375,192.34828186035156,272.2394104003906,189.90432739257812,272.3230895996094,198.82432556152344,293.09417724609375,198.5681915283203,293.4178161621094,197.37289428710938,315.09881591796875,196.82362365722656,317.230712890625
9fbcf9db-53e4-450a-ad35-217b61a7b20d_delivery_6,15,29.900602532171963,214.87518310546875,251.05943298339844,215.2322998046875,249.25291442871094,213.3779296875,249.35597229003906,213.2781524658203,248.95352172851562,209.35060119628906,249.73915100097656,208.39700317382812,256.42987060546875,205.2022705078125,256.8036804199219,204.89662170410156,270.71820068359375,203.6473388671875,270.99493408203125,205.6619873046875,283.4342346191406,203.59600830078125,283.9612731933594,192.05677795410156,272.2127990722656,189.99546813964844,272.30938720703125,198.62109375,292.99761962890625,198.568603515625,293.4343566894531,197.32662963867188,314.68426513671875,196.6645050048828,317.1090393066406
9fbcf9db-53e4-450a-ad35-217b61a7b20d_delivery_6,16,29.900602532171963,215.0515899658203,250.9918670654297,215.263671875,249.18380737304688,213.5172576904297,249.31088256835938,213.04689025878906,248.8029327392578,209.3262939453125,249.6566619873047,208.19525146484375,256.23834228515625,205.30601501464844,256.6277160644531,204.7559356689453,270.5552978515625,203.63638305664062,270.7748718261719,205.42832946777344,283.2942199707031,203.3603515625,283.8287048339844,191.91787719726562,272.12762451171875,190.0799560546875,272.236572265625,198.57601928710938,292.9349060058594,198.6542205810547,293.4315490722656,197.2825469970703,314.3254699707031,196.6033477783203,316.9039001464844
9fbcf9db-53e4-450a-ad35-217b61a7b20d_delivery_6,17,29.900602532171963,215.03683471679688,251.099853515625,215.23037719726562,249.29916381835938,213.46835327148438,249.45318603515625,212.99588012695312,248.9226837158203,209.25364685058594,249.85171508789062,208.124755859375,256.28460693359375,205.39608764648438,256.76812744140625,204.79119873046875,270.6889343261719,203.6845703125,271.0673522949219,205.4541473388672,283.3700256347656,203.4423065185547,283.92913818359375,191.73123168945312,272.2601013183594,190.025146484375,272.39837646484375,198.44686889648438,292.9933776855469,198.7158660888672,293.5076904296875,197.11669921875,314.374755859375,196.7017822265625,316.955322265625
9fbcf9db-53e4-450a-ad35-217b61a7b20d_delivery_6,18,29.900602532171963,215.1478729248047,251.3710479736328,215.20150756835938,249.58433532714844,213.6080780029297,249.7445526123047,212.6886749267578,249.16270446777344,209.2758026123047,250.1138153076172,207.97642517089844,256.55877685546875,205.24569702148438,256.9998474121094,204.85728454589844,271.01220703125,203.74354553222656,271.26812744140625,205.36814880371094,283.74957275390625,203.49574279785156,284.2898254394531,191.70806884765625,272.5970458984375,189.99691772460938,272.7066650390625,198.50750732421875,293.2225341796875,198.62208557128906,293.6470947265625,196.9723663330078,314.5934143066406,196.56759643554688,317.0572204589844
9fbcf9db-53e4-450a-ad35-217b61a7b20d_delivery_6,19,29.900602532171963,215.23683166503906,251.50204467773438,215.2174530029297,249.72740173339844,213.75112915039062,249.88406372070312,212.53164672851562,249.22744750976562,209.44696044921875,250.17596435546875,207.76414489746094,256.5101318359375,205.39747619628906,256.96295166015625,204.72312927246094,270.9755859375,203.89654541015625,271.24200439453125,205.3238983154297,283.8086242675781,203.59022521972656,284.3209533691406,191.64559936523438,272.6004638671875,190.1859893798828,272.721435546875,198.38479614257812,293.4078063964844,198.73574829101562,293.8241882324219,196.94985961914062,314.876953125,196.692626953125,317.3449401855469
9fbcf9db-53e4-450a-ad35-217b61a7b20d_delivery_6,20,29.900602532171963,215.423583984375,251.37716674804688,215.42709350585938,249.56346130371094,213.8359832763672,249.7250518798828,212.75169372558594,249.06991577148438,209.28158569335938,250.0272674560547,207.8135986328125,256.442138671875,205.3297119140625,256.8804931640625,204.64132690429688,271.0458679199219,203.82740783691406,271.2748718261719,205.3367919921875,284.0148010253906,203.5988311767578,284.4214782714844,191.72593688964844,272.4447326660156,190.2006378173828,272.5670166015625,198.46185302734375,293.37152099609375,198.87335205078125,293.7554016113281,196.9936065673828,314.9263000488281,196.7644500732422,317.3321838378906
9fbcf9db-53e4-450a-ad35-217b61a7b20d_delivery_6,21,29.900602532171963,215.4562225341797,251.28355407714844,215.35049438476562,249.4652862548828,213.95367431640625,249.6230010986328,212.45643615722656,248.89752197265625,209.47802734375,249.8545379638672,207.65826416015625,256.2841796875,205.33287048339844,256.6920471191406,204.38916015625,270.8346862792969,203.63975524902344,270.9571838378906,205.2366180419922,283.9765625,203.54734802246094,284.34405517578125,191.75245666503906,272.3756103515625,190.32127380371094,272.4850158691406,198.5415802001953,293.3121032714844,198.83116149902344,293.6534118652344,197.10350036621094,314.83648681640625,196.6697998046875,317.2193908691406
9fbcf9db-53e4-450a-ad35-217b61a7b20d_delivery_6,22,29.900602532171963,215.54727172851562,251.18133544921875,215.41920471191406,249.35008239746094,214.06121826171875,249.49545288085938,212.46043395996094,248.73873901367188,209.53045654296875,249.6624755859375,207.55068969726562,256.1519470214844,205.31185913085938,256.51434326171875,204.10943603515625,270.57763671875,203.4390869140625,270.6361999511719,205.2301025390625,283.9103088378906,203.47816467285156,284.2750549316406,191.8052978515625,272.37103271484375,190.42059326171875,272.4705505371094,198.6625213623047,293.2829895019531,198.9160919189453,293.5685119628906,197.33676147460938,314.72296142578125,196.60850524902344,317.0335388183594
9fbcf9db-53e4-450a-ad35-217b61a7b20d_delivery_6,23,29.900602532171963,215.58688354492188,251.13934326171875,215.43014526367188,249.32638549804688,214.20916748046875,249.48126220703125,212.45285034179688,248.63192749023438,209.90087890625,249.59999084472656,207.32875061035156,255.84854125976562,205.69290161132812,256.2859191894531,203.79466247558594,270.2013854980469,203.30499267578125,270.3099060058594,205.27590942382812,283.58135986328125,203.4544677734375,284.0935363769531,191.3978729248047,272.4098205566406,190.36720275878906,272.5603332519531,199.12582397460938,293.34814453125,199.57342529296875,293.7785339355469,198.46107482910156,314.7535705566406,196.90370178222656,317.3451843261719
9fbcf9db-53e4-450a-ad35-217b61a7b20d_delivery_6,24,29.900602532171963,215.7024688720703,250.8616943359375,215.45895385742188,249.02734375,214.29774475097656,249.21412658691406,212.3826904296875,248.30184936523438,209.83432006835938,249.3719482421875,207.0200958251953,255.4857177734375,205.7055206298828,255.97488403320312,203.20387268066406,269.7278137207031,202.85159301757812,269.71185302734375,205.15286254882812,283.31158447265625,203.16969299316406,283.8431091308594,191.0808868408203,272.3892822265625,190.10122680664062,272.62298583984375,200.24354553222656,293.2257995605469,199.93569946289062,293.919677734375,201.24269104003906,314.2576599121094,196.9083251953125,317.3148498535156
9fbcf9db-53e4-450a-ad35-217b61a7b20d_delivery_6,25,29.900602532171963,215.50326538085938,250.60073852539062,215.2371063232422,248.76675415039062,214.13470458984375,248.97271728515625,212.19488525390625,248.05157470703125,209.67103576660156,249.1934356689453,206.92535400390625,255.26573181152344,205.39906311035156,255.9161834716797,203.12423706054688,269.3150329589844,202.50213623046875,269.50628662109375,204.92453002929688,283.15234375,202.80133056640625,283.8464660644531,191.13937377929688,272.53277587890625,189.802734375,272.87255859375,201.57568359375,293.12054443359375,200.10687255859375,294.0360412597656,204.5326690673828,313.8236389160156,196.76011657714844,317.17266845703125
9fbcf9db-53e4-450a-ad35-217b61a7b20d_delivery_6,26,29.900602532171963,215.40493774414062,250.4019317626953,215.35910034179688,248.55409240722656,213.94764709472656,248.7605743408203,212.83352661132812,247.93226623535156,209.4345703125,249.06832885742188,207.2224884033203,255.14295959472656,205.27511596679688,255.88754272460938,203.29364013671875,269.18402099609375,202.24630737304688,269.44671630859375,205.19268798828125,283.052490234375,202.8015594482422,283.82403564453125,191.13079833984375,272.5709533691406,189.33053588867188,273.0557556152344,203.04127502441406,292.7474365234375,200.4635009765625,294.2099304199219,207.4558563232422,313.1533203125,196.80111694335938,317.34613037109375
9fbcf9db-53e4-450a-ad35-217b61a7b20d_delivery_6,27,29.900602532171963,215.09230041503906,250.18084716796875,215.08322143554688,248.3347930908203,213.63572692871094,248.57301330566406,212.7682342529297,247.78407287597656,209.27816772460938,249.0030059814453,207.42666625976562,255.00831604003906,205.09422302246094,255.9866943359375,203.4697723388672,269.18353271484375,201.9234619140625,269.8299560546875,205.3928680419922,283.0924987792969,202.93980407714844,283.96624755859375,191.2012481689453,272.5427551269531,189.09371948242188,273.1823425292969,203.4344482421875,292.5114440917969,200.2901153564453,294.3750915527344,208.30776977539062,312.7946472167969,196.8778076171875,317.5641784667969
9fbcf9db-53e4-450a-ad35-217b61a7b20d_delivery_6,28,29.900602532171963,214.77662658691406,250.09909057617188,214.82916259765625,248.26707458496094,213.3464813232422,248.50621032714844,212.6632537841797,247.7062530517578,209.07972717285156,248.9108428955078,207.5542755126953,254.83023071289062,204.72889709472656,255.9224090576172,203.6406707763672,269.05767822265625,201.56788635253906,270.111328125,205.6121826171875,282.984375,203.0734100341797,283.85125732421875,191.3460235595703,272.38458251953125,188.98236083984375,273.04461669921875,202.9403533935547,292.4093322753906,199.94041442871094,294.1571044921875,207.1561279296875,312.8661804199219,196.79356384277344,317.33184814453125
9fbcf9db-53e4-450a-ad35-217b61a7b20d_delivery_6,29,29.900602532171963,214.5651092529297,250.10723876953125,214.61570739746094,248.29638671875,213.21202087402344,248.531005859375,212.5001678466797,247.6316680908203,209.21603393554688,248.80319213867188,207.6910400390625,254.59645080566406,204.7699737548828,255.73446655273438,203.6696319580078,268.9224853515625,201.41505432128906,270.220458984375,205.73350524902344,282.69940185546875,203.34715270996094,283.6097106933594,191.45652770996094,272.1643981933594,189.1942138671875,272.81488037109375,201.83116149902344,292.2960205078125,199.7158660888672,293.9587707519531,204.35508728027344,312.9148864746094,196.56866455078125,317.2360534667969
9fbcf9db-53e4-450a-ad35-217b61a7b20d_delivery_6,30,29.900602532171963,214.5054931640625,250.0723114013672,214.54393005371094,248.27601623535156,213.1649169921875,248.510009765625,212.4078826904297,247.58517456054688,209.27117919921875,248.730712890625,207.74708557128906,254.40472412109375,204.8058624267578,255.55206298828125,203.5228271484375,268.78717041015625,201.24681091308594,270.2723083496094,205.95523071289062,282.258544921875,203.7470245361328,283.18377685546875,191.4651336669922,271.95562744140625,189.3992919921875,272.5693359375,200.41261291503906,292.30572509765625,199.31597900390625,293.82659912109375,200.9175567626953,313.1930236816406,196.54685974121094,317.2539978027344
9fbcf9db-53e4-450a-ad35-217b61a7b20d_delivery_6,31,29.900602532171963,214.49212646484375,250.01077270507812,214.31088256835938,248.23768615722656,213.24563598632812,248.49632263183594,211.6446533203125,247.5068817138672,209.47279357910156,248.7272491455078,207.22967529296875,254.20751953125,204.93368530273438,255.4615936279297,203.0191192626953,268.7305603027344,201.2305908203125,270.5498046875,205.84747314453125,281.9875183105469,204.1279754638672,282.8834228515625,191.21719360351562,271.7609558105469,189.78927612304688,272.3364562988281,198.6658935546875,292.58294677734375,198.96807861328125,293.73504638671875,197.67791748046875,313.9083251953125,196.58444213867188,317.2987365722656
9fbcf9db-53e4-450a-ad35-217b61a7b20d_delivery_6,32,29.900602532171963,214.64581298828125,249.94288635253906,214.39651489257812,248.18087768554688,213.4259796142578,248.44044494628906,211.4807586669922,247.45004272460938,209.6322021484375,248.6770782470703,206.9276885986328,254.05136108398438,205.05999755859375,255.28074645996094,202.61424255371094,268.6601867675781,201.2535400390625,270.5173645019531,205.7854766845703,281.59271240234375,204.47117614746094,282.4337158203125,190.98890686035156,271.62872314453125,189.90469360351562,272.14031982421875,198.11546325683594,292.6318664550781,199.00491333007812,293.5034484863281,196.43202209472656,314.3690185546875,196.4622039794922,317.25701904296875
9fbcf9db-53e4-450a-ad35-217b61a7b20d_delivery_6,33,29.900602532171963,214.80715942382812,249.6118621826172,214.4507598876953,247.84449768066406,213.55349731445312,248.1331329345703,211.30982971191406,247.1500244140625,209.63616943359375,248.46722412109375,206.7196044921875,253.759765625,205.19593811035156,255.1032257080078,202.3896026611328,268.3229064941406,201.3489227294922,270.29486083984375,205.68258666992188,281.1940612792969,204.6173858642578,282.00543212890625,190.86666870117188,271.39068603515625,190.01220703125,271.95916748046875,197.93359375,292.4761962890625,198.89869689941406,293.47760009765625,196.4022979736328,314.15582275390625,196.4313201904297,317.2478942871094
9fbcf9db-53e4-450a-ad35-217b61a7b20d_delivery_6,34,29.900602532171963,214.8582305908203,249.43887329101562,214.38084411621094,247.69044494628906,213.64735412597656,247.979736328125,210.94876098632812,247.01751708984375,209.71006774902344,248.35037231445312,206.42710876464844,253.6315460205078,205.19776916503906,254.96478271484375,202.31378173828125,268.2270202636719,201.40196228027344,270.1529846191406,205.739990234375,281.00811767578125,204.7869110107422,281.7845458984375,190.7197265625,271.3096008300781,190.06663513183594,271.8692932128906,197.7949981689453,292.3659973144531,198.76112365722656,293.32391357421875,196.3672637939453,314.0302429199219,196.41810607910156,317.04931640625
9fbcf9db-53e4-450a-ad35-217b61a7b20d_delivery_6,35,29.900602532171963,214.9412841796875,249.5481719970703,214.5162811279297,247.79185485839844,213.70094299316406,248.0831756591797,211.14456176757812,247.12806701660156,209.7672882080078,248.45787048339844,206.23753356933594,253.66949462890625,205.50218200683594,254.96571350097656,201.98670959472656,268.34808349609375,201.53622436523438,270.20281982421875,205.86483764648438,281.0836181640625,205.17935180664062,281.7726745605469,190.52088928222656,271.28369140625,190.2022705078125,271.8421325683594,197.8084259033203,292.4290771484375,199.11512756347656,293.3387451171875,196.3214874267578,314.1943664550781,196.48452758789062,317.1382141113281
9fbcf9db-53e4-450a-ad35-217b61a7b20d_delivery_6,36,29.900602532171963,214.736083984375,249.55116271972656,214.59991455078125,247.7862548828125,213.44371032714844,248.0487823486328,211.83168029785156,247.24533081054688,209.56124877929688,248.4620361328125,206.77891540527344,253.9026641845703,205.299072265625,255.07589721679688,202.30857849121094,268.5097351074219,201.4929962158203,270.22772216796875,206.05535888671875,281.2804870605469,205.36073303222656,281.87969970703125,191.03492736816406,271.5112609863281,190.18637084960938,272.0047912597656,198.1556854248047,292.56732177734375,199.07168579101562,293.3153076171875,196.35752868652344,314.48077392578125,196.3733367919922,317.1144714355469
9fbcf9db-53e4-450a-ad35-217b61a7b20d_delivery_6,37,29.900602532171963,214.6138458251953,249.60888671875,214.7008514404297,247.83609008789062,213.2630157470703,248.07345581054688,212.4354248046875,247.32794189453125,209.42312622070312,248.445068359375,207.20181274414062,253.9928436279297,205.33712768554688,255.04066467285156,202.56893920898438,268.5658874511719,201.54302978515625,270.07659912109375,206.21788024902344,281.4831237792969,205.52320861816406,281.9452209472656,191.3507843017578,271.5798645019531,190.2414093017578,272.02947998046875,198.2724609375,292.6556396484375,199.1533203125,293.406982421875,196.30567932128906,314.3927307128906,196.31283569335938,317.0502624511719
9fbcf9db-53e4-450a-ad35-217b61a7b20d_delivery_6,38,29.900602532171963,214.61659240722656,249.8890380859375,214.80897521972656,248.09976196289062,213.25717163085938,248.3004150390625,212.72509765625,247.4635772705078,209.46031188964844,248.46267700195312,207.2471160888672,254.04603576660156,205.44532775878906,254.9261932373047,202.46913146972656,268.7093200683594,201.54290771484375,269.99169921875,206.25796508789062,281.7366943359375,205.60638427734375,282.1306457519531,191.4599609375,271.62445068359375,190.38638305664062,272.0244445800781,198.419921875,292.627685546875,199.30772399902344,293.29095458984375,196.2896728515625,314.2523193359375,196.08734130859375,316.79754638671875
9fbcf9db-53e4-450a-ad35-217b61a7b20d_delivery_6,39,29.900602532171963,214.68006896972656,250.13096618652344,214.9375762939453,248.33633422851562,213.36279296875,248.51095581054688,212.96270751953125,247.64505004882812,209.57005310058594,248.59088134765625,207.27891540527344,254.26185607910156,205.41378784179688,255.11868286132812,202.6081085205078,268.9822998046875,201.67926025390625,270.1235046386719,206.2809600830078,282.2264404296875,205.62159729003906,282.76849365234375,191.45639038085938,271.9513854980469,190.15281677246094,272.4253234863281,199.7151336669922,292.5623474121094,199.43612670898438,293.5950622558594,199.25196838378906,313.8975830078125,196.20729064941406,317.0997314453125
9fbcf9db-53e4-450a-ad35-217b61a7b20d_delivery_6,40,29.900602532171963,214.5193328857422,250.2012939453125,214.80274963378906,248.4228515625,213.31576538085938,248.56878662109375,212.96185302734375,247.68145751953125,209.69232177734375,248.57337951660156,207.63192749023438,254.42481994628906,205.20773315429688,255.19493103027344,203.26690673828125,269.11163330078125,201.82859802246094,269.9657287597656,206.32640075683594,282.6402893066406,205.2535858154297,283.2408752441406,191.90196228027344,272.2236022949219,189.98976135253906,272.6933288574219,201.36253356933594,292.446044921875,199.45640563964844,293.58905029296875,202.96107482910156,313.4475402832031,196.24057006835938,316.9367370605469
9fbcf9db-53e4-450a-ad35-217b61a7b20d_delivery_6,41,29.900602532171963,214.8797607421875,250.33291625976562,214.90789794921875,248.54806518554688,213.69769287109375,248.69944763183594,212.5599822998047,247.62979125976562,209.88641357421875,248.57273864746094,207.45840454101562,254.38693237304688,205.2989044189453,255.14111328125,203.4022979736328,269.0601501464844,202.06068420410156,269.7768859863281,206.18592834472656,282.5873718261719,204.85223388671875,283.35223388671875,191.78460693359375,272.0693054199219,189.99365234375,272.56744384765625,201.78323364257812,292.2086181640625,199.51158142089844,293.4661560058594,204.37109375,312.9017028808594,196.3643798828125,316.7249755859375
9fbcf9db-53e4-450a-ad35-217b61a7b20d_delivery_6,42,29.900602532171963,214.97933959960938,250.61659240722656,214.79214477539062,248.8370361328125,213.9158172607422,248.97528076171875,211.9344940185547,247.7572784423828,210.11029052734375,248.69775390625,207.16563415527344,254.55946350097656,205.17979431152344,255.24615478515625,203.59939575195312,269.1380310058594,202.2549591064453,269.73126220703125,206.0715789794922,282.53125,204.392333984375,283.5919189453125,191.73451232910156,272.12347412109375,190.06390380859375,272.5700988769531,201.79360961914062,292.22113037109375,199.37948608398438,293.33331298828125,204.71426391601562,312.86370849609375,196.49851989746094,316.5423583984375
9fbcf9db-53e4-450a-ad35-217b61a7b20d_delivery_6,43,29.900602532171963,215.0848388671875,250.62979125976562,214.79881286621094,248.86094665527344,214.04150390625,249.00326538085938,211.74685668945312,247.8477020263672,210.18109130859375,248.8064727783203,207.44927978515625,254.85232543945312,204.960693359375,255.48809814453125,204.13619995117188,269.4573059082031,202.49490356445312,269.88299560546875,205.91636657714844,282.913818359375,204.16030883789062,283.9454345703125,192.17555236816406,272.1597900390625,190.15721130371094,272.5560607910156,202.03964233398438,292.17303466796875,199.12158203125,293.2028503417969,204.83056640625,312.8603515625,196.65797424316406,316.4222106933594
9fbcf9db-53e4-450a-ad35-217b61a7b20d_delivery_6,44,29.900602532171963,215.00123596191406,250.72398376464844,214.9451141357422,248.905029296875,213.75770568847656,249.04151916503906,212.3749237060547,247.97120666503906,209.72665405273438,248.85972595214844,208.31007385253906,255.15206909179688,204.68653869628906,255.66845703125,204.74407958984375,269.68182373046875,202.6612091064453,270.1246337890625,205.9774169921875,282.9192199707031,203.9612274169922,283.7901916503906,193.0729522705078,272.0435791015625,190.45794677734375,272.2845764160156,201.47914123535156,292.3661193847656,199.1112518310547,292.88397216796875,202.1349334716797,313.3672180175781,196.6636962890625,316.0221252441406
9fbcf9db-53e4-450a-ad35-217b61a7b20d_delivery_6,45,29.900602532171963,215.16079711914062,250.98690795898438,215.24688720703125,249.14202880859375,213.77662658691406,249.2632598876953,212.82701110839844,248.2854766845703,209.55181884765625,249.1075439453125,208.69696044921875,255.5373992919922,204.579345703125,255.9805908203125,204.97598266601562,270.06646728515625,202.81178283691406,270.62725830078125,205.82522583007812,282.9689025878906,203.93421936035156,283.740966796875,193.2881317138672,272.122802734375,190.56430053710938,272.23297119140625,200.29261779785156,292.60400390625,198.98321533203125,292.6781921386719,198.47637939453125,314.0862121582031,196.73919677734375,315.9146728515625
9fbcf9db-53e4-450a-ad35-217b61a7b20d_delivery_6,46,29.900602532171963,215.1283416748047,251.1735382080078,215.325439453125,249.3387908935547,213.70057678222656,249.4546356201172,213.06344604492188,248.6161651611328,209.4646759033203,249.411376953125,208.88681030273438,255.9183349609375,204.5009002685547,256.3519287109375,205.17886352539062,270.390625,202.98866271972656,271.07232666015625,205.78811645507812,283.2630615234375,204.06231689453125,283.9778747558594,193.4051055908203,272.4439697265625,190.5631866455078,272.4798889160156,200.1032257080078,292.7975158691406,199.12022399902344,292.58660888671875,197.13092041015625,314.59649658203125,196.78245544433594,315.8467102050781
9fbcf9db-53e4-450a-ad35-217b61a7b20d_delivery_6,47,29.900602532171963,215.16200256347656,251.30984497070312,215.49514770507812,249.4858856201172,213.6399383544922,249.59112548828125,213.52796936035156,248.90574645996094,209.31272888183594,249.6553497314453,209.39080810546875,256.2622375488281,204.4359130859375,256.67193603515625,205.68658447265625,270.7132873535156,203.3041534423828,271.4193115234375,205.79197692871094,283.5521240234375,204.2430419921875,284.0498046875,193.7642059326172,272.60528564453125,190.5280303955078,272.6144714355469,200.46885681152344,292.87017822265625,199.22186279296875,292.61383056640625,197.01019287109375,314.78643798828125,196.9210205078125,315.89410400390625
9fbcf9db-53e4-450a-ad35-217b61a7b20d_delivery_6,48,29.900602532171963,215.1205291748047,251.37132263183594,215.5866241455078,249.54806518554688,213.5425262451172,249.6419219970703,213.81689453125,249.09829711914062,209.2027130126953,249.81822204589844,209.48072814941406,256.50799560546875,204.47401428222656,256.92303466796875,205.82472229003906,270.8465270996094,203.4701385498047,271.6515197753906,205.84088134765625,283.4305725097656,204.30267333984375,283.8910217285156,193.68841552734375,272.7181701660156,190.42083740234375,272.704833984375,200.260986328125,293.16497802734375,199.20867919921875,292.7960205078125,196.8162078857422,315.26904296875,196.90982055664062,316.1311950683594
9fbcf9db-53e4-450a-ad35-217b61a7b20d_delivery_6,49,29.900602532171963,215.22061157226562,251.29945373535156,215.5535888671875,249.52687072753906,213.69891357421875,249.6242218017578,213.49757385253906,249.14671325683594,209.35220336914062,249.89752197265625,209.29141235351562,256.53759765625,204.5172882080078,256.9559020996094,205.93426513671875,270.9250793457031,203.59048461914062,271.7314147949219,205.68482971191406,283.4021911621094,204.3184051513672,283.85833740234375,193.3787384033203,272.7177734375,190.26870727539062,272.6758728027344,199.98045349121094,293.2145080566406,198.94866943359375,292.7482604980469,196.650146484375,315.3730163574219,196.89755249023438,316.0766906738281
9fbcf9db-53e4-450a-ad35-217b61a7b20d_delivery_6,50,29.900602532171963,215.31837463378906,251.1929931640625,215.4909210205078,249.44300842285156,213.81414794921875,249.55064392089844,213.14447021484375,249.08267211914062,209.3810272216797,249.86839294433594,209.14031982421875,256.5057373046875,204.4973907470703,256.92474365234375,206.09584045410156,270.91802978515625,203.72732543945312,271.6667785644531,205.6998291015625,283.34210205078125,204.36624145507812,283.81982421875,193.29837036132812,272.6262512207031,190.2722930908203,272.592529296875,199.93902587890625,293.21649169921875,198.73977661132812,292.84375,196.7672882080078,315.2167053222656,196.88230895996094,316.1027526855469
9fbcf9db-53e4-450a-ad35-217b61a7b20d_delivery_6,51,29.900602532171963,215.33811950683594,251.09906005859375,215.47975158691406,249.35264587402344,213.8174285888672,249.44915771484375,213.10011291503906,249.0328826904297,209.28515625,249.78343200683594,209.28167724609375,256.56744384765625,204.35162353515625,256.9232177734375,206.4895782470703,270.9845275878906,203.83041381835938,271.6544494628906,205.7324981689453,283.3570556640625,204.3767852783203,283.8077392578125,193.46934509277344,272.5644226074219,190.24217224121094,272.4885559082031,199.95465087890625,293.2737731933594,198.42807006835938,292.8738708496094,196.86871337890625,315.06793212890625,196.78150939941406,315.9123229980469
9fbcf9db-53e4-450a-ad35-217b61a7b20d_delivery_6,52,29.900602532171963,214.91281127929688,250.7733612060547,215.21209716796875,249.04248046875,213.4713134765625,249.1094970703125,213.16839599609375,248.80880737304688,209.27044677734375,249.47528076171875,209.08282470703125,256.3655700683594,204.53575134277344,256.6723327636719,206.05780029296875,270.84576416015625,203.9271240234375,271.4743957519531,205.54537963867188,283.3460388183594,204.36045837402344,283.7397155761719,193.22177124023438,272.4036560058594,190.22183227539062,272.30206298828125,199.69851684570312,293.3261413574219,198.43959045410156,292.85528564453125,196.8540802001953,315.0667724609375,196.59890747070312,315.82470703125
9fbcf9db-53e4-450a-ad35-217b61a7b20d_delivery_6,53,29.900602532171963,214.5910186767578,250.5173797607422,214.9684600830078,248.81089782714844,213.2308807373047,248.8421630859375,213.1307373046875,248.62098693847656,209.2963104248047,249.18954467773438,209.003662109375,256.19000244140625,204.6560821533203,256.41558837890625,205.94338989257812,270.771240234375,204.1097869873047,271.31719970703125,205.4290008544922,283.2764892578125,204.406494140625,283.668701171875,193.08384704589844,272.2354431152344,190.19351196289062,272.103759765625,199.68519592285156,293.146728515625,198.5106201171875,292.6631164550781,196.98171997070312,314.7883605957031,196.62611389160156,315.5824279785156
9fbcf9db-53e4-450a-ad35-217b61a7b20d_delivery_6,54,29.900602532171963,214.54576110839844,250.3616180419922,214.84185791015625,248.65521240234375,213.261474609375,248.6860809326172,212.8142852783203,248.435302734375,209.46009826660156,249.02003479003906,208.63186645507812,256.0424499511719,204.84849548339844,256.26715087890625,205.7293243408203,270.691162109375,204.24197387695312,271.1863098144531,205.2795867919922,283.27911376953125,204.38311767578125,283.63470458984375,192.70608520507812,272.0975646972656,190.1959991455078,271.9610290527344,199.56398010253906,293.1083679199219,198.72926330566406,292.5660705566406,196.90748596191406,314.79595947265625,196.5302276611328,315.550537109375
9fbcf9db-53e4-450a-ad35-217b61a7b20d_delivery_6,55,29.900602532171963,214.5211181640625,250.44349670410156,214.72987365722656,248.72679138183594,213.3259735107422,248.7594451904297,212.51092529296875,248.35714721679688,209.65213012695312,248.9612274169922,208.2535400390625,255.88497924804688,205.05413818359375,256.14276123046875,205.4698486328125,270.47802734375,204.38162231445312,270.9791259765625,205.17237854003906,283.18377685546875,204.26187133789062,283.56756591796875,192.43191528320312,271.9952697753906,190.32090759277344,271.8814392089844,199.44784545898438,293.0335998535156,198.95529174804688,292.5080871582031,196.95069885253906,314.64483642578125,196.50863647460938,315.4874572753906
9fbcf9db-53e4-450a-ad35-217b61a7b20d_delivery_6,56,29.900602532171963,214.5276641845703,250.59271240234375,214.7141571044922,248.8470001220703,213.34349060058594,248.89666748046875,212.47828674316406,248.29898071289062,209.736083984375,248.9508514404297,208.06436157226562,255.69000244140625,205.34959411621094,255.98855590820312,205.1949920654297,270.291015625,204.53921508789062,270.7640686035156,205.16070556640625,283.1029357910156,204.22801208496094,283.4886779785156,192.28643798828125,271.8394775390625,190.5104522705078,271.76763916015625,199.41029357910156,292.95745849609375,199.29412841796875,292.5292053222656,197.10531616210938,314.47930908203125,196.5806121826172,315.5582580566406
9fbcf9db-53e4-450a-ad35-217b61a7b20d_delivery_6,57,29.900602532171963,214.98361206054688,250.8712921142578,214.96983337402344,249.06077575683594,213.68667602539062,249.16311645507812,212.328125,248.32623291015625,209.60916137695312,249.12326049804688,208.2716827392578,255.7787322998047,204.9779815673828,256.18670654296875,205.64031982421875,270.3746643066406,204.35067749023438,270.91510009765625,205.17127990722656,283.20361328125,203.88929748535156,283.6510314941406,192.67762756347656,271.8386535644531,190.5458221435547,271.81683349609375,199.54269409179688,292.8991394042969,199.10462951660156,292.59423828125,197.16192626953125,314.4272766113281,196.55316162109375,315.6734924316406
9fbcf9db-53e4-450a-ad35-217b61a7b20d_delivery_6,58,29.900602532171963,215.34048461914062,251.15802001953125,215.09274291992188,249.31552124023438,214.00994873046875,249.45822143554688,211.9693145751953,248.42408752441406,209.68922424316406,249.3394012451172,208.04360961914062,255.8753204345703,205.01577758789062,256.2901916503906,205.64822387695312,270.5145263671875,204.31640625,270.8518981933594,205.3483123779297,283.3909606933594,203.7180938720703,283.84832763671875,192.664306640625,271.9555358886719,190.7477569580078,271.975830078125,199.52462768554688,292.946533203125,199.275146484375,292.80731201171875,197.29812622070312,314.44110107421875,196.6561279296875,315.99713134765625
9fbcf9db-53e4-450a-ad35-217b61a7b20d_delivery_6,59,29.900602532171963,215.39881896972656,251.43304443359375,215.21630859375,249.57891845703125,214.03038024902344,249.70477294921875,212.24693298339844,248.64366149902344,209.67202758789062,249.49362182617188,208.35195922851562,256.11065673828125,205.04092407226562,256.37091064453125,205.9539337158203,270.7785339355469,204.45074462890625,270.7984313964844,205.66351318359375,283.62017822265625,203.6576385498047,284.0789489746094,193.05923461914062,272.0865173339844,190.96363830566406,272.078857421875,199.6278839111328,292.9957275390625,199.32838439941406,292.970703125,197.54933166503906,314.412109375,196.8905792236328,316.1576843261719
9fbcf9db-53e4-450a-ad35-217b61a7b20d_delivery_6,60,29.900602532171963,215.54417419433594,251.4165802001953,215.36117553710938,249.55416870117188,214.1130828857422,249.6882781982422,212.42127990722656,248.67691040039062,209.6216583251953,249.5390625,208.63597106933594,256.228515625,204.9662322998047,256.4489440917969,206.2377166748047,270.9510192871094,204.42681884765625,270.8448486328125,205.8362274169922,283.7335510253906,203.6428985595703,284.17449951171875,193.3682403564453,272.113525390625,191.041259765625,272.1039123535156,199.8003387451172,293.02264404296875,199.39984130859375,293.0661926269531,197.5682830810547,314.45648193359375,196.95724487304688,316.2927551269531
9fbcf9db-53e4-450a-ad35-217b61a7b20d_delivery_6,61,29.900602532171963,215.6580047607422,251.38287353515625,215.40121459960938,249.5382843017578,214.2417755126953,249.67926025390625,212.33445739746094,248.69354248046875,209.74749755859375,249.5838623046875,208.7682342529297,256.248291015625,204.99002075195312,256.4691467285156,206.47061157226562,271.03509521484375,204.3706817626953,270.86181640625,205.85523986816406,283.7681579589844,203.44451904296875,284.1810607910156,193.43716430664062,272.14752197265625,191.05894470214844,272.1370849609375,199.68421936035156,293.0777893066406,199.28184509277344,293.190185546875,197.52362060546875,314.5925598144531,197.09341430664062,316.5373840332031
9fbcf9db-53e4-450a-ad35-217b61a7b20d_delivery_6,62,29.900602532171963,215.8633575439453,251.3063201904297,215.6411590576172,249.50701904296875,214.4616241455078,249.63900756835938,212.62530517578125,248.83311462402344,209.9952392578125,249.70437622070312,208.96746826171875,256.42156982421875,205.20401000976562,256.5480041503906,206.6820526123047,271.1111145019531,204.43296813964844,270.6821594238281,206.0143585205078,283.8651428222656,203.44589233398438,284.1798400878906,193.31781005859375,272.3959655761719,190.9579620361328,272.3309326171875,199.8253631591797,293.24603271484375,199.56764221191406,293.3470764160156,197.58926391601562,314.835205078125,197.39852905273438,316.78192138671875
9fbcf9db-53e4-450a-ad35-217b61a7b20d_delivery_6,63,29.900602532171963,215.9568634033203,251.26454162597656,215.77218627929688,249.51101684570312,214.6122283935547,249.6354217529297,212.8294219970703,248.9491424560547,210.18804931640625,249.8009490966797,209.3031463623047,256.53704833984375,204.9991455078125,256.6211242675781,206.97378540039062,271.06396484375,204.1156463623047,270.5625915527344,205.91983032226562,283.7636413574219,203.1959991455078,284.0775146484375,193.328369140625,272.5196228027344,190.58692932128906,272.3977966308594,200.12344360351562,293.2156066894531,199.47039794921875,293.22314453125,197.64971923828125,314.96044921875,197.45053100585938,316.7099609375
9fbcf9db-53e4-450a-ad35-217b61a7b20d_delivery_6,64,29.900602532171963,216.08535766601562,251.06089782714844,215.8149871826172,249.34347534179688,214.81402587890625,249.48883056640625,212.6741485595703,248.8822021484375,210.38258361816406,249.81520080566406,209.18899536132812,256.43017578125,204.8789520263672,256.68597412109375,206.91627502441406,270.71234130859375,203.8321075439453,270.47296142578125,205.73321533203125,283.4461669921875,203.08229064941406,283.87451171875,193.02734375,272.5097351074219,190.27972412109375,272.43084716796875,200.0854949951172,293.08905029296875,199.45199584960938,293.14825439453125,197.5192413330078,314.9454345703125,197.40805053710938,316.7501220703125
9fbcf9db-53e4-450a-ad35-217b61a7b20d_delivery_6,65,29.900602532171963,216.07568359375,250.9907989501953,215.8042449951172,249.27078247070312,214.814453125,249.42076110839844,212.67864990234375,248.75558471679688,210.43008422851562,249.70330810546875,209.25250244140625,256.23968505859375,204.92654418945312,256.52008056640625,207.0251007080078,270.59832763671875,203.80807495117188,270.4142150878906,205.79884338378906,283.3652038574219,203.03317260742188,283.83843994140625,193.00953674316406,272.298583984375,190.25450134277344,272.22705078125,200.01119995117188,293.0140075683594,199.4043426513672,293.09173583984375,197.638427734375,314.99627685546875,197.4160919189453,316.8248596191406
9fbcf9db-53e4-450a-ad35-217b61a7b20d_delivery_6,66,29.900602532171963,216.0563201904297,250.9207000732422,215.82992553710938,249.1656494140625,214.703369140625,249.33755493164062,212.8346710205078,248.70819091796875,210.16213989257812,249.70094299316406,209.45584106445312,256.3149719238281,204.66891479492188,256.60614013671875,207.06503295898438,270.6060485839844,203.67388916015625,270.4147644042969,205.72930908203125,283.34796142578125,202.94564819335938,283.8564758300781,193.2408905029297,272.2388610839844,190.15087890625,272.16253662109375,200.25706481933594,293.0035400390625,199.37640380859375,293.0235900878906,197.72128295898438,315.1349792480469,197.24000549316406,316.8394775390625
9fbcf9db-53e4-450a-ad35-217b61a7b20d_delivery_6,67,29.900602532171963,215.9266357421875,250.9081573486328,215.71585083007812,249.1142578125,214.51101684570312,249.3085479736328,212.7371826171875,248.61802673339844,209.92807006835938,249.669189453125,209.30101013183594,256.2121887207031,204.5727996826172,256.6022644042969,206.8051300048828,270.51153564453125,203.54701232910156,270.5641174316406,205.60861206054688,283.07672119140625,202.99884033203125,283.63250732421875,193.26756286621094,272.1343994140625,190.21139526367188,272.1002197265625,200.1776885986328,292.8815002441406,199.3548126220703,292.7954406738281,197.64096069335938,315.1915283203125,197.0692138671875,316.6601257324219
9fbcf9db-53e4-450a-ad35-217b61a7b20d_delivery_6,68,29.900602532171963,215.95977783203125,250.76670837402344,215.75872802734375,248.9219970703125,214.4389190673828,249.15650939941406,212.9040069580078,248.32296752929688,209.83639526367188,249.47540283203125,209.40867614746094,255.82034301757812,204.9701385498047,256.3880310058594,206.6804962158203,270.1247863769531,203.7406463623047,270.4995422363281,205.75038146972656,282.6540222167969,203.26791381835938,283.2955322265625,193.4698486328125,271.7813720703125,190.626708984375,271.8426818847656,199.99765014648438,292.7702941894531,199.47479248046875,292.82080078125,197.70420837402344,314.901611328125,197.1288299560547,316.60858154296875
9fbcf9db-53e4-450a-ad35-217b61a7b20d_delivery_6,69,29.900602532171963,216.02334594726562,250.77410888671875,215.71630859375,248.9197235107422,214.52931213378906,249.17393493652344,212.7265167236328,248.2162322998047,210.06661987304688,249.43191528320312,209.30560302734375,255.5737762451172,205.36447143554688,256.22137451171875,206.41900634765625,269.8747253417969,203.6678466796875,270.30059814453125,205.8363494873047,282.4786071777344,203.3759765625,283.002197265625,193.54595947265625,271.5465087890625,190.9727020263672,271.6983947753906,200.33546447753906,292.6919860839844,199.53041076660156,292.8872985839844,198.90968322753906,314.6698913574219,196.98805236816406,316.67498779296875
9fbcf9db-53e4-450a-ad35-217b61a7b20d_delivery_6,70,29.900602532171963,216.1198272705078,250.69447326660156,215.741943359375,248.8697509765625,214.69500732421875,249.1278839111328,212.6431427001953,248.29566955566406,210.3623504638672,249.54441833496094,209.1752166748047,255.69479370117188,205.599853515625,256.38958740234375,206.0789031982422,269.79718017578125,203.3386993408203,270.1559753417969,205.895751953125,282.5232238769531,203.3064727783203,282.9735107421875,193.52203369140625,271.6636962890625,191.04563903808594,271.9172058105469,201.11488342285156,292.6596374511719,199.5657501220703,293.0373229980469,201.2598876953125,314.48931884765625,196.81163024902344,316.8926086425781
9fbcf9db-53e4-450a-ad35-217b61a7b20d_delivery_6,71,29.900602532171963,216.18923950195312,250.5225372314453,215.80352783203125,248.73507690429688,214.85894775390625,248.9747314453125,212.7541046142578,248.1982879638672,210.77685546875,249.3988037109375,209.32403564453125,255.61520385742188,205.95957946777344,256.24554443359375,206.27610778808594,269.7078857421875,203.16357421875,269.87030029296875,206.62376403808594,282.59619140625,203.49481201171875,282.8464050292969,193.74319458007812,271.6574401855469,191.3113250732422,271.96990966796875,202.0447998046875,292.35162353515625,199.80201721191406,292.90631103515625,203.3389129638672,313.8789367675781,196.9394989013672,316.6811218261719
9fbcf9db-53e4-450a-ad35-217b61a7b20d_delivery_6,72,29.900602532171963,216.20437622070312,250.25839233398438,215.9004364013672,248.48458862304688,214.88583374023438,248.71356201171875,213.10231018066406,247.91329956054688,210.90213012695312,249.06114196777344,209.49734497070312,255.16940307617188,206.15695190429688,255.78805541992188,206.15785217285156,269.2182922363281,202.95626831054688,269.35089111328125,207.2123260498047,282.4243469238281,203.7645263671875,282.68939208984375,193.79298400878906,271.36492919921875,191.38133239746094,271.7218933105469,202.4868927001953,292.03607177734375,200.16908264160156,292.8792419433594,203.4608917236328,313.24835205078125,196.9449920654297,316.58636474609375
9fbcf9db-53e4-450a-ad35-217b61a7b20d_delivery_6,73,29.900602532171963,216.31939697265625,250.00625610351562,216.00979614257812,248.23561096191406,214.96847534179688,248.47702026367188,213.18191528320312,247.71359252929688,210.88894653320312,248.88853454589844,209.42691040039062,254.9333038330078,206.1135711669922,255.55645751953125,205.84999084472656,268.9871826171875,202.56301879882812,269.097412109375,207.14125061035156,282.24688720703125,203.5981903076172,282.4693908691406,193.7299041748047,271.2148742675781,191.34097290039062,271.580322265625,202.45176696777344,291.8447570800781,200.187744140625,292.6876525878906,203.23599243164062,313.26824951171875,196.7180633544922,316.5919189453125
9fbcf9db-53e4-450a-ad35-217b61a7b20d_delivery_6,74,29.900602532171963,216.43690490722656,250.02980041503906,216.24952697753906,248.26576232910156,215.1063232421875,248.48410034179688,213.5771026611328,247.7679443359375,211.023193359375,248.8534698486328,209.7752685546875,255.05154418945312,206.080322265625,255.622314453125,206.0852508544922,268.74957275390625,202.40504455566406,268.86224365234375,207.18197631835938,281.60260009765625,203.79623413085938,281.7406311035156,194.2915802001953,271.6822509765625,191.7162322998047,271.977783203125,202.26296997070312,291.9202880859375,200.27113342285156,292.59661865234375,202.10154724121094,313.5531311035156,196.92393493652344,316.57208251953125
9fbcf9db-53e4-450a-ad35-217b61a7b20d_delivery_6,75,29.900602532171963,216.56625366210938,250.0852508544922,216.47743225097656,248.33087158203125,215.23521423339844,248.53466796875,213.903076171875,247.8125,211.0968475341797,248.8180694580078,210.02169799804688,255.0282440185547,206.0111541748047,255.53750610351562,206.12721252441406,268.3305969238281,202.1322784423828,268.4844970703125,207.1759796142578,280.5583190917969,204.1510772705078,280.5718994140625,194.71328735351562,271.97637939453125,192.06625366210938,272.1662292480469,201.4567108154297,291.9990234375,200.15586853027344,292.4643859863281,199.5509490966797,313.8174133300781,196.9036865234375,316.3921813964844
9fbcf9db-53e4-450a-ad35-217b61a7b20d_delivery_6,76,29.900602532171963,216.55918884277344,250.04678344726562,216.56597900390625,248.3020477294922,215.2319793701172,248.48672485351562,214.13031005859375,247.7782745361328,211.03765869140625,248.71092224121094,210.02452087402344,254.85597229003906,205.83966064453125,255.32542419433594,205.7191619873047,267.81463623046875,201.71725463867188,268.0111389160156,206.76803588867188,279.1583251953125,203.94525146484375,279.30865478515625,194.68399047851562,272.02056884765625,192.03575134277344,272.1358947753906,200.35069274902344,292.28253173828125,199.91529846191406,292.6944885253906,197.3923797607422,314.1260070800781,196.7249298095703,316.56109619140625
9fbcf9db-53e4-450a-ad35-217b61a7b20d_delivery_6,77,29.900602532171963,216.8719482421875,250.30062866210938,216.75062561035156,248.55294799804688,215.65576171875,248.74142456054688,214.05709838867188,247.9183349609375,211.5461883544922,248.86660766601562,210.249755859375,254.8759307861328,205.95225524902344,255.43955993652344,205.95828247070312,267.6263732910156,201.34803771972656,268.1107177734375,206.7709503173828,277.9870300292969,203.9508056640625,278.4635314941406,195.2728729248047,272.055908203125,192.5719757080078,272.1994934082031,200.0373992919922,292.42486572265625,199.6222686767578,292.74432373046875,197.3537139892578,314.39752197265625,196.70941162109375,316.5580139160156
9fbcf9db-53e4-450a-ad35-217b61a7b20d_delivery_6,78,29.900602532171963,217.08969116210938,250.6613006591797,216.93629455566406,248.90301513671875,215.9805450439453,249.0672149658203,214.15243530273438,248.20225524902344,211.9620819091797,249.0797882080078,210.53346252441406,255.12103271484375,205.9578399658203,255.69522094726562,206.26870727539062,267.60552978515625,201.13189697265625,268.2560729980469,207.0742645263672,277.3596496582031,204.28231811523438,278.1758117675781,195.97386169433594,272.213134765625,193.0951690673828,272.3623352050781,200.419921875,292.55255126953125,199.76539611816406,292.7943115234375,197.50814819335938,314.5199279785156,196.85057067871094,316.4789733886719
9fbcf9db-53e4-450a-ad35-217b61a7b20d_delivery_6,79,29.900602532171963,217.07325744628906,250.8007049560547,216.97682189941406,249.012939453125,215.87200927734375,249.1784210205078,214.39501953125,248.37969970703125,211.73744201660156,249.24208068847656,210.69264221191406,255.2943878173828,205.7760467529297,255.81556701660156,206.0383758544922,267.7839660644531,200.70140075683594,268.482177734375,207.12232971191406,277.2083740234375,203.99539184570312,278.6129455566406,196.2255859375,271.99493408203125,193.1212921142578,272.14752197265625,200.6944580078125,292.6639709472656,199.8826446533203,292.8714599609375,197.7576141357422,314.526611328125,196.90447998046875,316.3628234863281
9fbcf9db-53e4-450a-ad35-217b61a7b20d_delivery_6,80,29.900602532171963,217.09909057617188,250.87918090820312,217.05972290039062,249.06512451171875,215.8317413330078,249.2659912109375,214.81033325195312,248.4492645263672,211.71604919433594,249.3929443359375,211.43785095214844,255.3847198486328,205.72320556640625,255.9946746826172,206.78109741210938,267.7959289550781,200.7287139892578,268.83050537109375,207.72833251953125,276.79046630859375,203.84890747070312,279.2892761230469,196.87338256835938,271.8605041503906,193.2246551513672,272.0481872558594,201.6475830078125,292.64935302734375,200.47926330566406,292.9015197753906,198.78172302246094,314.30352783203125,197.49839782714844,316.1836242675781
9fbcf9db-53e4-450a-ad35-217b61a7b20d_delivery_6,81,29.900602532171963,217.32041931152344,251.18905639648438,217.27398681640625,249.36109924316406,216.05271911621094,249.56646728515625,215.03070068359375,248.7870330810547,211.98529052734375,249.74383544921875,211.96583557128906,255.82260131835938,205.79908752441406,256.442138671875,207.61363220214844,268.2784423828125,200.78509521484375,269.46478271484375,208.30825805664062,277.20867919921875,204.1761016845703,280.204345703125,197.5417938232422,272.0048828125,193.5933074951172,272.1971130371094,202.48280334472656,292.47723388671875,200.9751739501953,292.6085205078125,199.60426330566406,314.3587646484375,198.08433532714844,315.97711181640625
9fbcf9db-53e4-450a-ad35-217b61a7b20d_delivery_6,82,29.900602532171963,217.16802978515625,251.20494079589844,217.25392150878906,249.4094696044922,215.85606384277344,249.59201049804688,215.2987823486328,249.0980987548828,211.85586547851562,249.98455810546875,212.42941284179688,256.4627685546875,205.63519287109375,256.86834716796875,208.52903747558594,268.6880798339844,200.86293029785156,269.78271484375,209.3692626953125,276.67864990234375,204.21194458007812,280.68505859375,197.92202758789062,272.5744934082031,193.5523223876953,272.6631164550781,203.08111572265625,292.6351318359375,201.20606994628906,292.6295471191406,200.1480255126953,314.4427795410156,198.4661865234375,315.96112060546875
9fbcf9db-53e4-450a-ad35-217b61a7b20d_delivery_6,83,29.900602532171963,217.1789093017578,251.52313232421875,217.3399200439453,249.75091552734375,215.83677673339844,249.9185333251953,215.5598907470703,249.56607055664062,211.82321166992188,250.40525817871094,212.76856994628906,257.0157775878906,205.55908203125,257.3905944824219,209.16195678710938,269.00439453125,200.99014282226562,270.22613525390625,210.03834533691406,276.35577392578125,204.47035217285156,280.9216613769531,198.25096130371094,273.0779113769531,193.57992553710938,273.17962646484375,203.733154296875,292.7743225097656,201.4506072998047,292.83843994140625,200.9719696044922,314.3873291015625,198.92202758789062,316.0153503417969
9fbcf9db-53e4-450a-ad35-217b61a7b20d_delivery_6,84,29.900602532171963,217.25880432128906,251.7608642578125,217.44677734375,250.01751708984375,215.92161560058594,250.1682891845703,215.74716186523438,249.90277099609375,211.9355010986328,250.68841552734375,213.17486572265625,257.404052734375,205.5452117919922,257.6717529296875,210.0594940185547,269.31591796875,201.2062225341797,270.3496398925781,210.97264099121094,276.00921630859375,204.74554443359375,280.373291015625,198.64151000976562,273.365234375,193.6749725341797,273.44183349609375,204.27365112304688,292.6718444824219,201.61900329589844,292.7767028808594,201.6107635498047,314.2456359863281,199.2225341796875,315.9534912109375
9fbcf9db-53e4-450a-ad35-217b61a7b20d_delivery_6,85,29.900602532171963,216.8931121826172,252.26718139648438,217.290771484375,250.5378875732422,215.6187286376953,250.62681579589844,215.9075927734375,250.51107788085938,211.85507202148438,251.1241455078125,213.1662139892578,257.96380615234375,205.33460998535156,258.2135009765625,210.13967895507812,270.06976318359375,201.0474853515625,271.29278564453125,211.60618591308594,275.9886779785156,205.43959045410156,279.9832763671875,198.72491455078125,273.7395935058594,193.64044189453125,273.8328552246094,204.0281219482422,292.76873779296875,201.45599365234375,292.9018249511719,201.14967346191406,314.38763427734375,199.2505340576172,316.00665283203125
9fbcf9db-53e4-450a-ad35-217b61a7b20d_delivery_6,86,29.900602532171963,216.60812377929688,252.81822204589844,217.10313415527344,251.10948181152344,215.37013244628906,251.18746948242188,215.9419403076172,251.07913208007812,211.7554473876953,251.64239501953125,213.38922119140625,258.3232421875,205.18052673339844,258.69769287109375,210.79409790039062,270.3061218261719,201.24032592773438,271.86944580078125,212.43959045410156,275.87042236328125,206.00460815429688,279.4678649902344,199.17941284179688,273.8812561035156,193.83636474609375,274.03033447265625,204.13815307617188,292.8277282714844,201.31480407714844,293.06353759765625,201.27093505859375,314.38311767578125,199.349853515625,315.9581604003906
9fbcf9db-53e4-450a-ad35-217b61a7b20d_delivery_6,87,29.900602532171963,216.18714904785156,253.71084594726562,216.76718139648438,251.98861694335938,215.04550170898438,252.09141540527344,215.91964721679688,251.81982421875,211.6946258544922,252.4329376220703,213.7432861328125,258.673583984375,205.01400756835938,259.4502868652344,211.25778198242188,270.98004150390625,201.3193817138672,273.00848388671875,212.4659881591797,277.11505126953125,206.8824920654297,278.7682189941406,199.70303344726562,274.04864501953125,193.96975708007812,274.3502502441406,204.3126983642578,293.1243896484375,201.01454162597656,293.4931945800781,201.5797882080078,314.6145935058594,199.3550567626953,316.01397705078125
9fbcf9db-53e4-450a-ad35-217b61a7b20d_delivery_6,88,29.900602532171963,215.73602294921875,254.2916717529297,216.5032958984375,252.5935821533203,214.60958862304688,252.6829833984375,216.1326446533203,252.50042724609375,211.45262145996094,253.039794921875,214.38279724121094,259.2222900390625,204.7174835205078,260.12542724609375,212.10137939453125,271.79107666015625,201.37037658691406,274.1118469238281,213.1049041748047,277.0390625,207.79391479492188,277.7065734863281,200.40480041503906,274.41229248046875,194.0200653076172,274.74822998046875,204.5952911376953,293.5250244140625,200.468505859375,294.025634765625,201.33482360839844,314.78411865234375,198.998291015625,316.2194519042969
9fbcf9db-53e4-450a-ad35-217b61a7b20d_delivery_6,89,29.900602532171963,214.60130310058594,255.07765197753906,215.7338104248047,253.392578125,213.5299530029297,253.42649841308594,216.30601501464844,253.31448364257812,210.86622619628906,253.67845153808594,215.14743041992188,259.85040283203125,204.45565795898438,260.7610168457031,213.47447204589844,272.5122985839844,202.34092712402344,275.2205810546875,214.4639892578125,276.36572265625,209.63832092285156,277.2148132324219,201.35154724121094,275.0300598144531,194.1851348876953,275.3101501464844,205.24855041503906,294.30194091796875,199.87008666992188,294.6719665527344,201.22125244140625,315.37109375,198.5990753173828,316.5328063964844
9fbcf9db-53e4-450a-ad35-217b61a7b20d_delivery_6,90,29.900602532171963,213.76812744140625,255.44357299804688,215.01913452148438,253.79556274414062,212.6901092529297,253.79208374023438,215.97885131835938,253.76678466796875,210.21038818359375,254.00975036621094,215.35646057128906,260.27581787109375,204.23728942871094,261.0118408203125,214.68406677246094,272.78948974609375,203.74880981445312,275.2612609863281,215.48751831054688,275.33489990234375,211.12437438964844,276.1142578125,201.90830993652344,275.72235107421875,194.3102569580078,275.90447998046875,206.00498962402344,294.8247985839844,199.32376098632812,295.0474548339844,201.7658233642578,315.66070556640625,198.0764923095703,316.643798828125
9fbcf9db-53e4-450a-ad35-217b61a7b20d_delivery_6,91,29.900602532171963,212.5017852783203,255.70816040039062,214.0712432861328,254.0803985595703,211.3979034423828,253.99441528320312,215.7756805419922,254.213134765625,209.151611328125,254.20457458496094,215.37120056152344,260.9405517578125,203.7311248779297,261.4197692871094,215.05545043945312,273.53363037109375,205.19883728027344,275.59930419921875,216.40184020996094,274.0085144042969,213.45919799804688,274.3646240234375,202.43194580078125,277.02008056640625,194.2662811279297,277.1348571777344,207.0771484375,295.8619079589844,198.64869689941406,296.056396484375,202.1635284423828,316.18927001953125,197.55123901367188,317.22625732421875
9fbcf9db-53e4-450a-ad35-217b61a7b20d_delivery_6,92,29.900602532171963,211.10797119140625,255.34889221191406,212.91319274902344,253.84295654296875,210.08514404296875,253.59605407714844,215.26441955566406,254.3134765625,208.153564453125,253.8498992919922,215.2593536376953,261.36358642578125,203.28005981445312,261.17645263671875,215.45782470703125,273.569091796875,206.6494598388672,274.6228942871094,217.87718200683594,272.1872863769531,215.5760498046875,273.17877197265625,203.3055419921875,278.2440490722656,194.70912170410156,278.1438903808594,208.546875,296.8232421875,198.2714080810547,297.0140380859375,203.04638671875,316.5047607421875,197.58425903320312,317.8653869628906
9fbcf9db-53e4-450a-ad35-217b61a7b20d_delivery_6,93,29.900602532171963,209.8697509765625,254.7421875,211.84063720703125,253.3234100341797,208.88449096679688,252.9273681640625,214.47061157226562,254.00924682617188,207.0208740234375,253.10073852539062,214.5950164794922,261.39227294921875,202.14080810546875,260.3478698730469,215.32789611816406,273.3743591308594,206.81063842773438,272.71533203125,218.2916259765625,270.82330322265625,216.15615844726562,271.31451416015625,203.84104919433594,279.11383056640625,194.76380920410156,278.7630920410156,209.52328491210938,297.49078369140625,197.8852081298828,297.4835510253906,203.81690979003906,316.7469482421875,197.52920532226562,318.0174560546875
9fbcf9db-53e4-450a-ad35-217b61a7b20d_delivery_6,94,29.900602532171963,209.48289489746094,253.51304626464844,211.38565063476562,252.15887451171875,208.4224090576172,251.6800994873047,213.7697296142578,252.8664093017578,206.17369079589844,251.6335906982422,214.0470733642578,260.6213073730469,200.7321014404297,258.490966796875,214.8943634033203,272.9192810058594,204.74322509765625,269.57830810546875,218.03900146484375,269.8016357421875,215.1102752685547,268.64947509765625,204.42405700683594,279.2920227050781,194.80970764160156,278.68292236328125,209.8468475341797,297.563720703125,197.38270568847656,297.6236572265625,204.38108825683594,316.39093017578125,197.59303283691406,318.025146484375
9fbcf9db-53e4-450a-ad35-217b61a7b20d_delivery_6,95,29.900602532171963,209.3541717529297,252.10276794433594,211.24066162109375,250.8087615966797,208.2592315673828,250.25811767578125,213.6050262451172,251.5845947265625,205.84600830078125,250.06582641601562,214.3179931640625,259.83184814453125,199.7939910888672,256.447998046875,214.714111328125,272.6911926269531,201.32598876953125,265.492431640625,217.49774169921875,269.0485534667969,210.58262634277344,264.5388488769531,205.33534240722656,279.40087890625,195.03501892089844,278.4502258300781,210.29620361328125,297.9524841308594,196.55821228027344,298.1650085449219,204.98104858398438,316.01519775390625,197.72898864746094,318.2735290527344
9fbcf9db-53e4-450a-ad35-217b61a7b20d_delivery_6,96,29.900602532171963,209.18630981445312,250.6742706298828,211.0481414794922,249.52450561523438,208.24710083007812,248.8534393310547,213.47642517089844,250.24118041992188,205.9488983154297,248.34237670898438,214.6891326904297,258.46942138671875,199.1685028076172,253.79981994628906,214.1586151123047,271.53582763671875,197.91619873046875,261.1920166015625,214.4163360595703,267.1062927246094,206.07058715820312,261.6648864746094,205.95591735839844,278.89453125,195.08067321777344,277.4278564453125,209.89834594726562,297.9854431152344,195.54002380371094,297.9608154296875,204.87733459472656,315.777587890625,196.95034790039062,318.1742248535156
9fbcf9db-53e4-450a-ad35-217b61a7b20d_delivery_6,97,29.900602532171963,209.66481018066406,249.36436462402344,211.52047729492188,248.24159240722656,208.8143310546875,247.5007781982422,213.8997344970703,248.65065002441406,206.48255920410156,246.55801391601562,214.80068969726562,256.5392761230469,199.1980743408203,251.05699157714844,212.03257751464844,269.64837646484375,193.8788299560547,256.49102783203125,209.56094360351562,264.360595703125,197.46934509277344,256.1367492675781,205.8767852783203,277.2824401855469,195.03614807128906,275.459716796875,208.40963745117188,296.6564636230469,194.5108184814453,296.3255310058594,204.35089111328125,315.0221862792969,195.42721557617188,317.3185729980469
9fbcf9db-53e4-450a-ad35-217b61a7b20d_delivery_6,98,29.900602532171963,209.62911987304688,247.3447723388672,211.4244842529297,246.2543182373047,209.1055908203125,245.58795166015625,214.15040588378906,246.67819213867188,207.6400909423828,244.78846740722656,215.22235107421875,254.36036682128906,200.59974670410156,249.1396942138672,209.9156494140625,266.97998046875,192.60736083984375,254.13990783691406,205.247802734375,260.65313720703125,193.380615234375,252.6000518798828,205.86016845703125,275.62310791015625,195.62319946289062,273.6747131347656,206.85552978515625,295.6098937988281,193.32904052734375,295.03106689453125,203.96426391601562,314.72760009765625,194.12188720703125,316.5627136230469
9fbcf9db-53e4-450a-ad35-217b61a7b20d_delivery_6,99,29.900602532171963,209.6297607421875,245.79151916503906,211.5834503173828,244.73680114746094,209.42007446289062,244.081298828125,214.95574951171875,245.4756622314453,208.79608154296875,243.6895294189453,215.51278686523438,252.91494750976562,202.48719787597656,248.47021484375,207.20574951171875,264.0775146484375,192.75086975097656,253.17733764648438,200.7574920654297,256.7987060546875,190.22128295898438,249.6815185546875,205.41041564941406,274.5230407714844,196.00035095214844,272.579833984375,205.32989501953125,295.1080322265625,191.9432373046875,294.3168029785156,203.92559814453125,314.916259765625,192.28111267089844,316.1148986816406
9fbcf9db-53e4-450a-ad35-217b61a7b20d_delivery_6,100,29.900602532171963,209.28578186035156,244.2552032470703,211.29019165039062,243.2878875732422,209.47653198242188,242.67044067382812,215.14991760253906,244.4332733154297,209.80487060546875,242.7673797607422,215.2155303955078,251.61013793945312,204.05662536621094,247.83106994628906,204.5963897705078,261.1774597167969,193.83287048339844,252.3090362548828,197.146484375,253.4678497314453,190.9906768798828,247.80459594726562,204.98818969726562,273.4505615234375,196.54222106933594,271.484130859375,203.62425231933594,294.4259948730469,190.73350524902344,293.1775817871094,203.8833465576172,315.4040222167969,190.3648223876953,315.4862060546875
9fbcf9db-53e4-450a-ad35-217b61a7b20d_delivery_6,101,29.900602532171963,209.04954528808594,242.66128540039062,211.0614471435547,241.6603240966797,209.46009826660156,241.17686462402344,215.27577209472656,243.38226318359375,210.61061096191406,242.06129455566406,214.79983520507812,250.78656005859375,205.83099365234375,247.9986114501953,202.31689453125,259.4072265625,195.34136962890625,253.0736083984375,195.72048950195312,252.01182556152344,191.5814208984375,247.29888916015625,204.51434326171875,272.61126708984375,197.28309631347656,270.7912902832031,202.1794891357422,293.73590087890625,189.41661071777344,292.32049560546875,204.23126220703125,315.7217102050781,188.70162963867188,314.8506774902344
9fbcf9db-53e4-450a-ad35-217b61a7b20d_delivery_6,102,29.900602532171963,208.38116455078125,241.67999267578125,210.34469604492188,240.61312866210938,208.89784240722656,240.26275634765625,214.8487548828125,242.74209594726562,210.836669921875,241.71725463867188,214.10336303710938,250.7152862548828,207.77291870117188,248.61767578125,201.57440185546875,258.64459228515625,199.2699737548828,254.72537231445312,195.26405334472656,252.44309997558594,195.86524963378906,249.96273803710938,204.07229614257812,272.8492736816406,198.36009216308594,271.0746765136719,200.67567443847656,293.76861572265625,187.91270446777344,292.0728759765625,204.31626892089844,316.08099365234375,187.1123809814453,314.243408203125
9fbcf9db-53e4-450a-ad35-217b61a7b20d_delivery_6,103,29.900602532171963,207.7332305908203,241.70736694335938,209.6614227294922,240.57977294921875,208.46945190429688,240.19049072265625,214.4992218017578,242.76063537597656,211.1411590576172,241.57723999023438,213.4306640625,251.15036010742188,210.02667236328125,249.0360107421875,201.699462890625,259.2406005859375,206.31517028808594,255.37326049804688,195.3807373046875,254.75331115722656,205.6558380126953,253.07608032226562,203.9396514892578,273.5079040527344,199.7523193359375,271.678955078125,199.4636993408203,293.53863525390625,187.17369079589844,291.79632568359375,204.2969970703125,315.3406066894531,185.87232971191406,313.4016418457031
9fbcf9db-53e4-450a-ad35-217b61a7b20d_delivery_6,104,29.900602532171963,207.10812377929688,241.6231231689453,208.83042907714844,240.41671752929688,208.07342529296875,240.12081909179688,213.49710083007812,242.6053009033203,211.6336669921875,241.57711791992188,212.8126220703125,251.57444763183594,211.32220458984375,249.4131317138672,202.02125549316406,260.9519958496094,208.2933349609375,256.90374755859375,194.85459899902344,257.987060546875,206.2469482421875,256.2298278808594,204.00221252441406,274.4117736816406,201.046630859375,272.37603759765625,198.66453552246094,293.1003723144531,186.33770751953125,290.9358825683594,204.2587432861328,315.2445068359375,184.48196411132812,312.3710632324219
9fbcf9db-53e4-450a-ad35-217b61a7b20d_delivery_6,105,29.900602532171963,206.4767303466797,241.88026428222656,208.10751342773438,240.57186889648438,207.65182495117188,240.32772827148438,212.7098388671875,242.6039276123047,212.02369689941406,241.6551055908203,211.79791259765625,251.82354736328125,213.11683654785156,249.8834991455078,201.87326049804688,262.3279113769531,213.87738037109375,259.209716796875,193.4092254638672,261.1113586425781,213.07215881347656,260.1714782714844,203.74021911621094,275.0758972167969,202.3696746826172,272.8912048339844,197.93441772460938,292.89947509765625,185.5291748046875,290.1126708984375,203.84548950195312,315.3401794433594,183.2736358642578,311.11810302734375
9fbcf9db-53e4-450a-ad35-217b61a7b20d_delivery_6,106,29.900602532171963,205.844970703125,242.23353576660156,207.3448486328125,240.85157775878906,207.2650146484375,240.6099090576172,211.81439208984375,242.6717529296875,212.47103881835938,241.6592559814453,210.8092041015625,252.16941833496094,214.7873077392578,250.04931640625,201.71768188476562,263.3717346191406,218.8379669189453,260.2699890136719,191.86204528808594,263.6540832519531,219.8638916015625,263.1907958984375,203.51522827148438,275.80865478515625,203.64935302734375,273.31085205078125,197.6649627685547,293.080810546875,185.447265625,289.4875183105469,203.52012634277344,315.41754150390625,182.56454467773438,309.8185119628906
9fbcf9db-53e4-450a-ad35-217b61a7b20d_delivery_6,107,29.900602532171963,205.62818908691406,242.16275024414062,207.00721740722656,240.79443359375,207.2871551513672,240.5531768798828,211.32327270507812,242.73501586914062,213.1621551513672,241.65966796875,210.5114288330078,252.5115966796875,215.73129272460938,250.19642639160156,201.62530517578125,264.6663513183594,222.45352172851562,261.80767822265625,190.6095428466797,265.5372314453125,227.26893615722656,266.2344970703125,203.625732421875,276.3658447265625,204.2910919189453,273.5590515136719,197.94175720214844,293.5398864746094,185.16448974609375,289.0435791015625,203.6968536376953,316.11749267578125,181.98878479003906,308.8705139160156
9fbcf9db-53e4-450a-ad35-217b61a7b20d_delivery_6,108,29.900602532171963,205.6009521484375,242.07186889648438,206.9063262939453,240.69407653808594,207.260009765625,240.529296875,210.9640655517578,242.74424743652344,213.4558563232422,241.82269287109375,210.27862548828125,252.7218017578125,215.951904296875,250.3227081298828,200.9806671142578,265.27264404296875,221.46255493164062,263.0494384765625,189.11302185058594,266.9285888671875,225.9275665283203,268.16314697265625,203.65179443359375,276.97674560546875,204.63978576660156,273.8355712890625,198.093505859375,294.2489318847656,184.65921020507812,288.60064697265625,204.0978240966797,317.68292236328125,181.3199920654297,308.2756652832031
9fbcf9db-53e4-450a-ad35-217b61a7b20d_delivery_6,109,29.900602532171963,205.40293884277344,242.36317443847656,206.56663513183594,240.95697021484375,207.21768188476562,240.81455993652344,210.42808532714844,242.86166381835938,213.97174072265625,241.96786499023438,209.54380798339844,252.71865844726562,217.35232543945312,250.4225311279297,200.41677856445312,265.0335998535156,225.4856414794922,263.4125061035156,188.166015625,267.86444091796875,233.9391632080078,270.518798828125,203.5337677001953,277.1406555175781,205.76287841796875,273.972412109375,198.0088653564453,294.806640625,185.39395141601562,288.99224853515625,203.59408569335938,317.6653137207031,181.74856567382812,308.0481262207031
9fbcf9db-53e4-450a-ad35-217b61a7b20d_delivery_6,110,29.900602532171963,205.72842407226562,242.53834533691406,206.79026794433594,241.065673828125,207.59402465820312,240.97300720214844,210.4467315673828,242.87977600097656,214.7046356201172,242.09637451171875,209.35174560546875,252.77587890625,218.4969482421875,250.80343627929688,200.13552856445312,265.0421142578125,226.27854919433594,264.07000732421875,187.5586700439453,268.5304870605469,235.17674255371094,272.97802734375,203.7475128173828,277.2292175292969,207.1449432373047,274.34820556640625,197.45147705078125,294.8494873046875,187.5605010986328,290.01629638671875,202.45709228515625,316.7724914550781,184.1598358154297,308.9151611328125
9fbcf9db-53e4-450a-ad35-217b61a7b20d_delivery_6,111,29.900602532171963,206.25653076171875,242.59707641601562,207.23159790039062,241.0564422607422,208.16305541992188,241.03652954101562,210.6385040283203,242.75341796875,215.50254821777344,242.15109252929688,209.17041015625,252.57606506347656,219.50721740722656,251.0530242919922,199.94171142578125,264.7555847167969,226.90101623535156,264.5290222167969,187.211669921875,268.85491943359375,235.68341064453125,274.4724426269531,204.2943878173828,277.0286560058594,208.70620727539062,274.49908447265625,197.09320068359375,294.55780029296875,189.366943359375,290.57818603515625,202.39808654785156,316.047607421875,186.19204711914062,309.54339599609375
9fbcf9db-53e4-450a-ad35-217b61a7b20d_delivery_6,112,29.900602532171963,206.77586364746094,242.6324462890625,207.6477813720703,240.98899841308594,208.71527099609375,241.0548858642578,210.7530059814453,242.45193481445312,216.312744140625,242.05752563476562,208.7281494140625,252.20423889160156,220.71688842773438,251.18978881835938,199.3024139404297,264.149169921875,227.29171752929688,264.4168395996094,186.53941345214844,268.7169189453125,235.75997924804688,275.1195068359375,204.74722290039062,276.6426086425781,210.603271484375,274.5972595214844,196.69284057617188,293.9857177734375,192.2378692626953,291.5362243652344,201.6820068359375,314.5883483886719,189.21505737304688,310.6800537109375
9fbcf9db-53e4-450a-ad35-217b61a7b20d_delivery_6,113,29.900602532171963,207.33383178710938,242.723388671875,208.1775360107422,240.98855590820312,209.34754943847656,241.11367797851562,211.17384338378906,242.21250915527344,217.242919921875,241.9434814453125,208.51162719726562,251.82086181640625,221.91183471679688,251.11912536621094,198.9004669189453,263.66668701171875,227.7753143310547,264.05914306640625,186.07322692871094,268.4273376464844,235.87948608398438,275.3930969238281,205.4156036376953,276.1226501464844,212.5355224609375,274.479248046875,196.68190002441406,293.64373779296875,195.319091796875,292.5193176269531,201.8623504638672,313.5511169433594,192.8105010986328,311.88165283203125
9fbcf9db-53e4-450a-ad35-217b61a7b20d_delivery_6,114,29.900602532171963,208.01089477539062,242.3971405029297,208.91404724121094,240.6264190673828,210.01492309570312,240.7591552734375,211.87380981445312,241.93402099609375,217.9808349609375,241.6617431640625,208.65953063964844,251.7255096435547,222.7724151611328,251.01966857910156,198.5227813720703,263.3146667480469,228.29486083984375,263.99822998046875,186.05667114257812,267.79644775390625,235.90687561035156,275.5067138671875,206.26829528808594,275.7974853515625,214.154541015625,274.24151611328125,197.06459045410156,293.7853088378906,198.2274932861328,292.3348693847656,202.50949096679688,313.7340087890625,197.43423461914062,311.4905090332031
9fbcf9db-53e4-450a-ad35-217b61a7b20d_delivery_6,115,29.900602532171963,208.45144653320312,242.145751953125,209.3574676513672,240.34385681152344,210.48260498046875,240.44131469726562,212.2191162109375,241.70831298828125,218.58956909179688,241.3245391845703,208.9326934814453,251.76901245117188,223.4073486328125,250.7838134765625,198.14915466308594,262.959228515625,228.71640014648438,263.7120361328125,186.02674865722656,267.0372619628906,235.8304443359375,275.4942626953125,207.31790161132812,275.7320861816406,215.564697265625,274.0057373046875,198.5082244873047,294.1339111328125,200.67286682128906,291.5826110839844,204.1453094482422,314.5597229003906,201.26268005371094,310.5103454589844
9fbcf9db-53e4-450a-ad35-217b61a7b20d_delivery_6,116,29.900602532171963,208.97601318359375,242.07339477539062,209.92184448242188,240.24835205078125,211.0413818359375,240.32102966308594,212.80828857421875,241.5494842529297,219.29376220703125,241.11204528808594,209.3494873046875,251.6694793701172,224.28541564941406,250.62599182128906,198.0951690673828,262.7362365722656,229.31515502929688,263.60052490234375,186.5134735107422,266.3033447265625,235.6964569091797,275.5181579589844,208.05943298339844,275.78948974609375,216.9021759033203,274.1202087402344,199.1779327392578,294.4482116699219,203.55397033691406,291.68243408203125,204.84915161132812,314.8771057128906,206.5409698486328,310.6968688964844
9fbcf9db-53e4-450a-ad35-217b61a7b20d_delivery_6,117,29.900602532171963,209.52194213867188,242.1205596923828,210.51388549804688,240.29205322265625,211.6640167236328,240.32376098632812,213.4077911376953,241.58071899414062,220.09332275390625,241.04518127441406,209.88821411132812,251.7488250732422,225.09092712402344,250.52420043945312,198.578857421875,262.5834045410156,229.99143981933594,263.5696105957031,187.48875427246094,265.5688171386719,235.6769256591797,275.5587463378906,209.0840301513672,276.0252380371094,218.37274169921875,274.2497863769531,200.19334411621094,295.3291931152344,206.03038024902344,291.5644226074219,206.15614318847656,315.7810363769531,211.8020477294922,309.9732666015625
9fbcf9db-53e4-450a-ad35-217b61a7b20d_delivery_6,118,29.900602532171963,211.0244598388672,242.20204162597656,211.84788513183594,240.39735412597656,213.06759643554688,240.39295959472656,213.9318084716797,241.67335510253906,221.12188720703125,241.14027404785156,210.63662719726562,251.76686096191406,225.74485778808594,250.61343383789062,199.28973388671875,262.0797119140625,230.47506713867188,263.7231140136719,188.9740753173828,264.9693603515625,235.736083984375,275.68695068359375,209.85018920898438,276.0933837890625,219.43588256835938,274.34832763671875,201.28948974609375,296.01055908203125,209.24710083007812,291.6260070800781,206.2734375,316.0747985839844,217.75978088378906,309.38470458984375
9fbcf9db-53e4-450a-ad35-217b61a7b20d_delivery_6,119,29.900602532171963,212.16635131835938,242.223388671875,212.94126892089844,240.43728637695312,214.1654815673828,240.43072509765625,214.83663940429688,241.63084411621094,222.132080078125,241.1429443359375,211.74400329589844,251.57778930664062,226.59970092773438,250.62307739257812,200.4334259033203,261.5495910644531,231.19427490234375,263.66021728515625,190.69625854492188,264.37481689453125,235.93247985839844,275.7059020996094,210.96249389648438,276.0533447265625,220.72042846679688,274.5177001953125,202.3897247314453,296.11651611328125,212.60267639160156,292.172119140625,206.67601013183594,315.7102355957031,223.02467346191406,309.87841796875
9fbcf9db-53e4-450a-ad35-217b61a7b20d_delivery_6,120,29.900602532171963,213.99696350097656,242.2716522216797,214.55348205566406,240.51380920410156,215.81689453125,240.4730987548828,215.56004333496094,241.6435089111328,223.1756591796875,241.1730194091797,212.6693572998047,251.42575073242188,227.466796875,250.60479736328125,201.97996520996094,261.2259216308594,231.94639587402344,263.92926025390625,193.40460205078125,263.9590759277344,236.28924560546875,275.8652648925781,211.9833221435547,276.0615539550781,222.02203369140625,274.61309814453125,203.36546325683594,296.59100341796875,215.35890197753906,292.5798645019531,207.0580596923828,315.5826416015625,227.35623168945312,309.70452880859375
9fbcf9db-53e4-450a-ad35-217b61a7b20d_delivery_6,121,29.900602532171963,215.12281799316406,242.29623413085938,215.64120483398438,240.57374572753906,216.90687561035156,240.5203094482422,216.43002319335938,241.7196044921875,224.19354248046875,241.235595703125,213.62168884277344,251.40377807617188,228.40118408203125,250.62632751464844,203.3579864501953,260.8770446777344,232.85365295410156,264.0128173828125,196.04978942871094,263.71002197265625,236.9675750732422,276.02777099609375,213.11720275878906,276.12664794921875,223.4374542236328,274.7310791015625,204.60897827148438,297.0367126464844,218.70860290527344,292.7811279296875,207.09841918945312,315.2836608886719,231.3201904296875,309.0402526855469
9fbcf9db-53e4-450a-ad35-217b61a7b20d_delivery_6,122,29.900602532171963,216.8788299560547,242.2406463623047,217.2355194091797,240.5385284423828,218.50775146484375,240.45213317871094,217.36672973632812,241.70550537109375,225.3783721923828,241.19113159179688,214.77503967285156,251.4286651611328,229.44869995117188,250.63922119140625,204.98057556152344,260.9329528808594,233.99954223632812,264.2070617675781,199.35736083984375,263.686279296875,237.81825256347656,276.1554260253906,214.4971466064453,276.0859069824219,225.02334594726562,274.7860412597656,206.2802734375,297.1387634277344,222.443603515625,293.13287353515625,207.03717041015625,315.279052734375,234.92745971679688,309.6860656738281
9fbcf9db-53e4-450a-ad35-217b61a7b20d_delivery_6,123,29.900602532171963,217.29132080078125,242.12710571289062,217.7890167236328,240.4405975341797,218.91526794433594,240.3236083984375,218.46511840820312,241.68167114257812,226.012939453125,241.0408935546875,215.72535705566406,251.66424560546875,230.39950561523438,250.61158752441406,206.54319763183594,261.6131896972656,235.38890075683594,264.31982421875,202.99197387695312,263.3285827636719,238.73057556152344,276.42279052734375,216.17767333984375,276.27880859375,226.94692993164062,275.005615234375,207.59588623046875,297.0412292480469,225.62234497070312,293.5399169921875,207.33009338378906,315.4032287597656,237.54861450195312,310.6199035644531
9fbcf9db-53e4-450a-ad35-217b61a7b20d_delivery_6,124,29.900602532171963,218.46597290039062,242.33131408691406,218.87997436523438,240.6477508544922,219.96353149414062,240.47946166992188,219.29920959472656,241.84210205078125,226.86351013183594,241.0741729736328,216.47195434570312,251.91004943847656,231.45184326171875,250.62261962890625,208.37977600097656,262.4572448730469,236.89793395996094,264.52093505859375,207.72592163085938,263.2908935546875,239.85400390625,276.575927734375,217.80348205566406,276.600341796875,228.98545837402344,275.4333190917969,209.02407836914062,297.1000671386719,228.73300170898438,294.3719177246094,207.48219299316406,315.671875,239.42018127441406,312.1780700683594
9fbcf9db-53e4-450a-ad35-217b61a7b20d_delivery_6,125,29.900602532171963,219.04965209960938,242.49423217773438,219.56973266601562,240.8149871826172,220.576904296875,240.59132385253906,220.55885314941406,241.99559020996094,227.92172241210938,241.02598571777344,217.81875610351562,252.2505340576172,232.98193359375,250.61517333984375,210.34950256347656,263.4252014160156,238.7100830078125,264.5303955078125,211.75912475585938,262.97021484375,241.0506591796875,276.80615234375,219.59120178222656,276.8718566894531,231.12100219726562,275.8159484863281,210.42076110839844,296.9743957519531,231.892578125,295.41552734375,207.4180450439453,315.5810852050781,241.16448974609375,314.35308837890625
9fbcf9db-53e4-450a-ad35-217b61a7b20d_delivery_6,126,29.900602532171963,220.15032958984375,242.72647094726562,220.6690673828125,241.03048706054688,221.62240600585938,240.74893188476562,221.7736358642578,242.1723175048828,229.01686096191406,241.01834106445312,219.2664337158203,252.68663024902344,234.3456268310547,250.64952087402344,212.59547424316406,264.5139465332031,240.4823455810547,264.5166320800781,215.44082641601562,263.09698486328125,242.33731079101562,276.84881591796875,221.6643829345703,277.071044921875,233.30946350097656,276.0376281738281,212.23757934570312,296.7554016113281,234.34544372558594,295.9260559082031,207.645751953125,315.5987243652344,242.24188232421875,315.857177734375
9fbcf9db-53e4-450a-ad35-217b61a7b20d_delivery_6,127,29.900602532171963,220.7793426513672,243.01206970214844,221.3711395263672,241.2994842529297,222.3062286376953,240.99978637695312,222.86131286621094,242.3684539794922,230.01771545410156,241.11810302734375,220.56459045410156,252.91064453125,235.71092224121094,250.7361602783203,214.8199005126953,265.17694091796875,242.1097412109375,264.3638610839844,218.60311889648438,263.88153076171875,243.7642822265625,276.7283935546875,223.4544677734375,277.3179626464844,235.19821166992188,276.3878173828125,213.9716339111328,296.5669250488281,236.28036499023438,296.45062255859375,208.3851318359375,315.0436096191406,242.78536987304688,316.6756591796875
9fbcf9db-53e4-450a-ad35-217b61a7b20d_delivery_6,128,29.900602532171963,221.92764282226562,243.1715545654297,222.49058532714844,241.4556884765625,223.4311981201172,241.15550231933594,223.9512939453125,242.44606018066406,231.15675354003906,241.1904754638672,221.9501953125,252.88674926757812,237.0631103515625,250.79888916015625,217.5639190673828,265.5528564453125,243.87884521484375,264.3180847167969,222.15467834472656,265.2208557128906,245.43568420410156,276.5384216308594,225.16053771972656,277.3819885253906,236.9017333984375,276.60809326171875,215.7715606689453,296.44866943359375,237.80648803710938,296.91107177734375,209.5975799560547,314.5914001464844,243.14830017089844,317.22967529296875
9fbcf9db-53e4-450a-ad35-217b61a7b20d_delivery_6,129,29.900602532171963,222.72018432617188,243.0973358154297,223.3760986328125,241.37681579589844,224.2510528564453,241.09495544433594,225.22589111328125,242.32337951660156,232.09063720703125,241.09756469726562,223.42889404296875,252.737548828125,238.14942932128906,250.7635498046875,219.7161102294922,265.6303405761719,245.35647583007812,264.1842956542969,223.94891357421875,265.8443908691406,246.96835327148438,276.2840881347656,226.72164916992188,277.1649475097656,238.128173828125,276.4961242675781,217.42481994628906,296.24322509765625,238.70240783691406,297.06732177734375,211.3847198486328,314.01239013671875,243.3939971923828,317.2985534667969
9fbcf9db-53e4-450a-ad35-217b61a7b20d_delivery_6,130,29.900602532171963,223.59628295898438,242.99510192871094,224.31619262695312,241.2557373046875,225.1055145263672,241.04490661621094,226.37576293945312,242.0887451171875,232.83570861816406,241.03903198242188,224.3975067138672,252.251953125,238.93353271484375,250.6573028564453,221.35601806640625,265.1706237792969,246.6290283203125,263.65966796875,225.38888549804688,267.0613708496094,248.63906860351562,275.5281677246094,228.0994415283203,276.6722106933594,239.2047882080078,276.2407531738281,219.1408233642578,295.6221923828125,239.40695190429688,296.96343994140625,213.78541564941406,313.2750549316406,243.43698120117188,317.0745544433594
9fbcf9db-53e4-450a-ad35-217b61a7b20d_delivery_6,131,29.900602532171963,224.8172149658203,242.74984741210938,225.47862243652344,241.0059814453125,226.2823028564453,240.83262634277344,227.29864501953125,241.77207946777344,233.84959411621094,240.84979248046875,225.1436767578125,251.6473388671875,239.98858642578125,250.3168182373047,222.8524169921875,264.7985534667969,247.8837432861328,263.0311584472656,227.1073455810547,268.14178466796875,250.26370239257812,274.8438415527344,229.2818145751953,276.2132263183594,240.4783477783203,275.9725341796875,220.4705352783203,295.1414794921875,240.12208557128906,296.92620849609375,216.3465576171875,313.0296936035156,243.66830444335938,317.2981872558594
9fbcf9db-53e4-450a-ad35-217b61a7b20d_delivery_6,132,29.900602532171963,226.49114990234375,242.35000610351562,226.93116760253906,240.595703125,227.85252380371094,240.41842651367188,227.9605255126953,241.35250854492188,234.86598205566406,240.4776153564453,225.58242797851562,251.2082061767578,240.9835662841797,249.83441162109375,223.86106872558594,264.64306640625,249.22628784179688,262.3793029785156,228.61094665527344,268.9921875,251.8208465576172,274.3287048339844,230.03677368164062,275.73748779296875,241.4558563232422,275.4921569824219,221.6409454345703,294.8756408691406,240.5040283203125,296.6506652832031,218.9446563720703,313.2496337890625,244.0306854248047,317.4340515136719
9fbcf9db-53e4-450a-ad35-217b61a7b20d_delivery_6,133,29.900602532171963,227.4166717529297,241.96307373046875,227.8311004638672,240.1562957763672,228.85269165039062,239.9838104248047,228.6631317138672,240.8656005859375,235.90386962890625,239.9888916015625,226.01246643066406,250.71315002441406,242.13577270507812,249.19725036621094,224.23377990722656,264.3819580078125,250.38099670410156,261.4324035644531,228.6322021484375,269.36956787109375,253.05523681640625,273.3042907714844,230.61749267578125,275.1276550292969,242.31427001953125,274.8240661621094,222.76486206054688,294.39056396484375,240.66690063476562,296.0033264160156,221.31724548339844,313.1839904785156,244.15811157226562,317.2732849121094
9fbcf9db-53e4-450a-ad35-217b61a7b20d_delivery_6,134,29.900602532171963,228.09071350097656,241.4730682373047,228.49298095703125,239.63775634765625,229.6520233154297,239.4681854248047,229.18675231933594,240.3794403076172,236.89010620117188,239.4832763671875,226.26339721679688,250.2001953125,243.2500762939453,248.5165557861328,224.59286499023438,264.059814453125,251.46902465820312,260.3529357910156,229.01339721679688,270.007568359375,254.07391357421875,272.2286071777344,231.10865783691406,274.61798095703125,243.22659301757812,274.2304992675781,223.89772033691406,293.9514465332031,241.10086059570312,295.2654113769531,223.4635009765625,313.2840270996094,244.45166015625,317.03558349609375
9fbcf9db-53e4-450a-ad35-217b61a7b20d_delivery_6,135,29.900602532171963,229.46534729003906,241.04129028320312,229.6600799560547,239.1799774169922,231.0013885498047,238.98472595214844,229.55519104003906,239.92828369140625,237.8741455078125,239.0081787109375,226.56201171875,249.82981872558594,244.22116088867188,247.931396484375,225.02992248535156,264.0586242675781,252.34559631347656,259.6746826171875,229.34368896484375,270.70208740234375,254.91015625,271.4239807128906,231.45831298828125,274.2773132324219,243.90570068359375,273.7636413574219,224.86080932617188,293.73797607421875,241.35440063476562,294.6352844238281,225.4390106201172,313.6737060546875,244.75518798828125,316.984130859375
9fbcf9db-53e4-450a-ad35-217b61a7b20d_delivery_6,136,29.900602532171963,230.72396850585938,240.61300659179688,230.68295288085938,238.7371368408203,232.1450958251953,238.5260467529297,229.78033447265625,239.5051727294922,238.41905212402344,238.60533142089844,226.83250427246094,249.53915405273438,244.70440673828125,247.57044982910156,225.2880096435547,263.8198547363281,252.9644775390625,259.2104187011719,229.2763214111328,271.0968322753906,255.51553344726562,270.79888916015625,231.68666076660156,273.9986267089844,244.0795440673828,273.42169189453125,225.84730529785156,293.50531005859375,241.3372802734375,294.234619140625,227.44622802734375,313.7495422363281,244.8451690673828,316.9069519042969
9fbcf9db-53e4-450a-ad35-217b61a7b20d_delivery_6,137,29.900602532171963,230.81312561035156,240.40501403808594,230.88751220703125,238.5167236328125,232.29409790039062,238.33770751953125,230.42771911621094,239.27264404296875,238.87588500976562,238.4192657470703,227.4585418701172,249.23841857910156,245.2158660888672,247.35916137695312,225.62107849121094,263.5384826660156,253.4281463623047,259.018310546875,229.176513671875,271.1683654785156,256.0315246582031,270.4353942871094,232.27297973632812,273.74908447265625,244.4818115234375,273.1949462890625,226.69725036621094,293.2358093261719,241.68853759765625,294.02545166015625,229.13381958007812,313.8132019042969,245.08766174316406,316.88739013671875
9fbcf9db-53e4-450a-ad35-217b61a7b20d_delivery_6,138,29.900602532171963,231.36630249023438,240.0876922607422,231.34463500976562,238.21170043945312,232.71900939941406,238.02835083007812,230.69198608398438,239.0017547607422,239.07484436035156,238.17173767089844,227.79432678222656,248.97792053222656,245.5142059326172,247.19580078125,225.88174438476562,263.3216857910156,253.64793395996094,258.8346862792969,228.9881134033203,271.48370361328125,256.5386657714844,270.3785095214844,232.74746704101562,273.53070068359375,244.8775634765625,273.0917663574219,227.41111755371094,292.8139953613281,242.06231689453125,293.954833984375,230.5765838623047,313.3814392089844,245.11923217773438,316.824462890625
9fbcf9db-53e4-450a-ad35-217b61a7b20d_delivery_6,139,29.900602532171963,231.7903289794922,239.9365692138672,231.65794372558594,238.04527282714844,233.00624084472656,237.85769653320312,230.77264404296875,238.79513549804688,239.13414001464844,237.9896697998047,228.04132080078125,248.834228515625,245.6807861328125,247.14231872558594,226.00881958007812,263.37298583984375,253.74319458007812,258.85235595703125,228.18972778320312,272.2903137207031,256.84088134765625,270.4444885253906,233.05795288085938,273.3858642578125,245.07659912109375,273.04449462890625,227.99526977539062,292.64007568359375,242.2021942138672,294.0981140136719,231.79193115234375,313.09002685546875,245.00564575195312,316.82403564453125
9fbcf9db-53e4-450a-ad35-217b61a7b20d_delivery_6,140,29.900602532171963,231.43020629882812,239.9452667236328,231.38235473632812,238.05264282226562,232.69187927246094,237.87474060058594,230.97511291503906,238.789306640625,239.1878662109375,237.9705047607422,228.39927673339844,248.8182373046875,245.8679962158203,247.15415954589844,226.22984313964844,263.45965576171875,253.887451171875,258.8710632324219,227.45668029785156,273.0006408691406,257.011474609375,270.57550048828125,233.56961059570312,273.45379638671875,245.43167114257812,273.1430969238281,228.5670623779297,292.80780029296875,242.53921508789062,294.3900451660156,232.8872833251953,313.2026062011719,245.1648712158203,316.85736083984375
9fbcf9db-53e4-450a-ad35-217b61a7b20d_delivery_6,141,29.900602532171963,231.24630737304688,239.91180419921875,231.24732971191406,237.9982147216797,232.5428466796875,237.82418823242188,231.1088409423828,238.70327758789062,239.2667999267578,237.8561248779297,228.66209411621094,248.77464294433594,246.08941650390625,247.05296325683594,226.17942810058594,263.538330078125,253.9036407470703,258.8087158203125,226.6805419921875,273.8010559082031,257.09808349609375,270.5233154296875,233.8735809326172,273.4903259277344,245.6574249267578,273.1141052246094,229.07635498046875,293.07012939453125,242.77037048339844,294.5221252441406,233.4221954345703,313.4412841796875,245.12513732910156,316.779052734375
9fbcf9db-53e4-450a-ad35-217b61a7b20d_delivery_6,142,29.900602532171963,231.0413055419922,239.72593688964844,231.0404510498047,237.79977416992188,232.33180236816406,237.63197326660156,230.985595703125,238.48919677734375,239.12001037597656,237.64088439941406,228.58265686035156,248.6297607421875,246.10133361816406,246.89453125,225.76161193847656,263.5754699707031,253.70407104492188,258.6819763183594,225.4810333251953,274.5473937988281,256.8414611816406,270.3559265136719,233.77040100097656,273.58184814453125,245.58938598632812,273.1924743652344,229.17019653320312,293.2875671386719,242.84051513671875,294.81842041015625,233.3981170654297,313.4488525390625,244.9842529296875,316.8822326660156
9fbcf9db-53e4-450a-ad35-217b61a7b20d_delivery_6,143,29.900602532171963,230.9500274658203,239.6897430419922,230.97337341308594,237.75709533691406,232.30917358398438,237.59580993652344,231.01344299316406,238.43603515625,239.20883178710938,237.568359375,228.68287658691406,248.6049041748047,246.2253875732422,246.73069763183594,225.3822479248047,263.74017333984375,253.70220947265625,258.6293640136719,224.3545684814453,275.4044189453125,256.4915771484375,270.2991943359375,233.86087036132812,273.8785095214844,245.6098175048828,273.3144226074219,229.53903198242188,294.03546142578125,242.7842254638672,295.1034240722656,233.8087615966797,314.53448486328125,245.14781188964844,317.267333984375
9fbcf9db-53e4-450a-ad35-217b61a7b20d_delivery_6,144,29.900602532171963,230.73020935058594,239.85726928710938,230.78604125976562,237.9327392578125,232.1798553466797,237.77894592285156,231.0098114013672,238.55819702148438,239.25379943847656,237.66995239257812,228.78720092773438,248.570556640625,246.32498168945312,246.58648681640625,225.00732421875,263.8977355957031,253.75408935546875,258.7785949707031,223.470947265625,276.1871337890625,256.1140441894531,270.6042785644531,233.9186248779297,274.1171875,245.55677795410156,273.3733215332031,230.13758850097656,294.8397216796875,242.78346252441406,295.36773681640625,234.35154724121094,315.70001220703125,245.27883911132812,317.5928649902344
9fbcf9db-53e4-450a-ad35-217b61a7b20d_delivery_6,145,29.900602532171963,230.63465881347656,239.77426147460938,230.68983459472656,237.8356475830078,232.09915161132812,237.6915740966797,230.90087890625,238.44369506835938,239.1679229736328,237.56405639648438,228.685791015625,248.4597930908203,246.3341827392578,246.44735717773438,224.5213165283203,263.89239501953125,253.6510009765625,258.79046630859375,222.92727661132812,276.5133972167969,255.84249877929688,270.625732421875,233.7254638671875,274.1517639160156,245.37815856933594,273.33978271484375,230.26129150390625,295.1034851074219,242.63772583007812,295.498291015625,234.28024291992188,315.9737854003906,245.15817260742188,317.7721252441406
9fbcf9db-53e4-450a-ad35-217b61a7b20d_delivery_6,146,29.900602532171963,230.01402282714844,239.775390625,230.19003295898438,237.84910583496094,231.585693359375,237.72496032714844,230.89910888671875,238.4501953125,239.06541442871094,237.57504272460938,228.71426391601562,248.36192321777344,246.32627868652344,246.35650634765625,224.27777099609375,263.96490478515625,253.6898193359375,258.9185485839844,222.27792358398438,276.81756591796875,255.6214599609375,270.87591552734375,233.67642211914062,274.2708435058594,245.27816772460938,273.42974853515625,230.30499267578125,295.47357177734375,242.65823364257812,295.7922668457031,234.41258239746094,316.5688171386719,245.3416748046875,318.1740417480469
