frame_no,batsman_detected,distance_to_bat,x0,y0,x1,y1,x2,y2,x3,y3,x4,y4,x5,y5,x6,y6,x7,y7,x8,y8,x9,y9,x10,y10,x11,y11,x12,y12,x13,y13,x14,y14,x15,y15,x16,y16
0,1,,166.14727783203125,260.06439208984375,168.43336486816406,257.7370910644531,164.04696655273438,258.0016784667969,172.49786376953125,258.7024841308594,162.41920471191406,259.22314453125,174.8993377685547,270.4691162109375,166.17242431640625,270.7127685546875,175.9309844970703,287.5429382324219,170.07077026367188,285.2923278808594,170.9098358154297,298.31890869140625,166.4769287109375,295.829833984375,180.4816131591797,295.17010498046875,174.3681182861328,295.2847595214844,172.37338256835938,316.3555908203125,167.76307678222656,317.0263977050781,180.08120727539062,338.620361328125,172.6526641845703,339.09283447265625
1,1,,166.3761444091797,260.27923583984375,168.6405029296875,257.97210693359375,164.29037475585938,258.22802734375,172.64657592773438,258.9454040527344,162.63009643554688,259.43023681640625,175.04586791992188,270.5921325683594,166.265869140625,270.8675537109375,176.02041625976562,287.4769287109375,170.18118286132812,285.4206237792969,171.22373962402344,298.5658874511719,166.68820190429688,296.0994873046875,180.67062377929688,295.2749938964844,174.50238037109375,295.3888854980469,172.54248046875,316.4027099609375,167.82232666015625,317.11083984375,180.14825439453125,338.766357421875,172.81434631347656,339.2242431640625
2,1,,166.73306274414062,260.6636047363281,168.98403930664062,258.3592834472656,164.62657165527344,258.61199951171875,172.87103271484375,259.3017883300781,162.8987579345703,259.78839111328125,175.0982208251953,270.8836364746094,166.60643005371094,271.2498474121094,176.08753967285156,287.6110534667969,170.61544799804688,285.8207092285156,171.3587188720703,298.7720642089844,166.9582061767578,296.5873107910156,180.95797729492188,295.6640930175781,174.97659301757812,295.8515319824219,172.83509826660156,316.8443603515625,168.14828491210938,317.6061096191406,180.50526428222656,339.1949462890625,173.18267822265625,339.71356201171875
3,1,,167.28538513183594,261.04425048828125,169.4854736328125,258.7586669921875,165.20237731933594,259.0130615234375,173.28485107421875,259.6372375488281,163.49566650390625,260.1412658691406,175.5125732421875,271.0987548828125,167.26011657714844,271.593505859375,176.49574279785156,287.4879150390625,171.3447265625,286.1108703613281,171.9591522216797,298.83074951171875,167.5317840576172,297.06536865234375,181.48388671875,296.1747131347656,175.6511993408203,296.4096374511719,173.3775177001953,317.28173828125,168.56422424316406,318.0377197265625,180.8757781982422,339.6297302246094,173.75621032714844,340.1513977050781
4,1,,168.14659118652344,262.0032653808594,170.31776428222656,259.7668151855469,166.10580444335938,259.9760437011719,173.96380615234375,260.65625,164.33059692382812,261.0340270996094,176.13465881347656,271.8496398925781,167.7998046875,272.42755126953125,177.27227783203125,287.6595458984375,171.88442993164062,286.89825439453125,173.02264404296875,299.30267333984375,168.43447875976562,298.03533935546875,182.08499145507812,296.861328125,176.1591796875,297.1418151855469,174.36331176757812,318.11328125,169.2412567138672,318.9608459472656,181.73904418945312,340.5052490234375,174.21182250976562,341.0042419433594
5,1,,169.16549682617188,262.937744140625,171.34036254882812,260.7243347167969,167.10047912597656,260.8822326660156,174.8480682373047,261.6814880371094,165.1951446533203,261.92852783203125,176.9313201904297,272.945068359375,168.54957580566406,273.3724365234375,178.19493103027344,288.6968688964844,172.79612731933594,287.76519775390625,173.52342224121094,300.02264404296875,169.3799591064453,298.82196044921875,182.97988891601562,297.8812255859375,177.02076721191406,298.1367492675781,175.37734985351562,319.12677001953125,170.3811492919922,319.94677734375,182.63275146484375,341.5075378417969,174.96051025390625,341.9815368652344
6,1,,170.34388732910156,263.9667053222656,172.5050048828125,261.7568054199219,168.2565460205078,261.9007263183594,175.89334106445312,262.7384033203125,166.28079223632812,262.9635314941406,177.87863159179688,274.0059814453125,169.67098999023438,274.5269470214844,179.371826171875,289.4809265136719,174.0564422607422,288.9756164550781,174.32882690429688,300.6619873046875,170.41171264648438,300.0757751464844,183.98532104492188,299.00537109375,178.13978576660156,299.31097412109375,176.5607147216797,320.3138427734375,171.76747131347656,321.1264343261719,183.84336853027344,342.6875305175781,175.8485565185547,343.0939025878906
7,1,,171.24990844726562,264.4730529785156,173.36419677734375,262.2726745605469,169.1919708251953,262.4287414550781,176.7583770751953,263.2318115234375,167.3048553466797,263.50079345703125,178.9542694091797,274.4901123046875,170.65966796875,275.0859069824219,180.5001678466797,289.84051513671875,174.99571228027344,289.5634460449219,175.1802520751953,300.93731689453125,171.30511474609375,300.4551086425781,184.87106323242188,299.5924377441406,178.95130920410156,299.90228271484375,177.62571716308594,320.8524169921875,172.80282592773438,321.5496520996094,184.6943817138672,343.2848815917969,176.59793090820312,343.50299072265625
8,1,,171.9438018798828,265.0203552246094,174.0285186767578,262.8423767089844,169.8596649169922,262.99298095703125,177.27732849121094,263.8742980957031,167.8191680908203,264.1151428222656,179.52175903320312,275.073486328125,170.8360137939453,275.65582275390625,181.26239013671875,290.2703857421875,175.17918395996094,290.0262756347656,175.8136749267578,301.39404296875,171.891357421875,300.7906494140625,185.2744140625,299.9440002441406,179.09161376953125,300.25714111328125,178.19754028320312,321.2579345703125,173.41131591796875,322.03948974609375,185.34808349609375,343.8033752441406,177.02810668945312,344.0340270996094
9,1,,171.8711395263672,264.9194641113281,173.9361114501953,262.7399597167969,169.79673767089844,262.9097900390625,177.19471740722656,263.8463134765625,167.807861328125,264.14208984375,179.5457305908203,275.1675720214844,170.8130645751953,275.8356018066406,181.2073211669922,290.3406066894531,175.07061767578125,290.2524108886719,175.5746307373047,301.4988098144531,171.67811584472656,300.97235107421875,185.1854248046875,300.09466552734375,178.9701385498047,300.4203796386719,178.00424194335938,321.30670166015625,173.24234008789062,322.0921630859375,185.18768310546875,343.9134521484375,176.91648864746094,344.1263732910156
10,1,,171.40426635742188,264.5312805175781,173.43649291992188,262.38751220703125,169.3992156982422,262.54730224609375,176.67117309570312,263.4812316894531,167.48475646972656,263.7537536621094,179.1128387451172,274.7052307128906,170.2743682861328,275.4239196777344,180.83717346191406,289.65625,174.40347290039062,289.8238525390625,175.4154510498047,301.0142822265625,171.14186096191406,300.720458984375,184.49571228027344,299.7788391113281,178.21246337890625,300.1168212890625,177.51515197753906,320.94891357421875,172.5790252685547,321.7695617675781,184.56370544433594,343.4932556152344,176.3338623046875,343.746337890625
11,1,,170.87200927734375,264.1280212402344,172.8989715576172,262.0285339355469,168.92250061035156,262.1510009765625,176.12644958496094,263.14093017578125,167.02818298339844,263.3046569824219,178.66143798828125,274.3309631347656,169.50379943847656,274.8440856933594,180.31651306152344,289.3897705078125,173.4739990234375,289.1178894042969,175.1874237060547,300.7078552246094,170.76795959472656,299.9650573730469,183.8743896484375,299.3309020996094,177.37615966796875,299.6104736328125,177.08782958984375,320.5263366699219,171.8214569091797,321.3562927246094,183.93275451660156,343.03924560546875,175.7647705078125,343.3570861816406
12,1,,170.55126953125,264.0516357421875,172.6320343017578,261.9931945800781,168.63536071777344,262.0532531738281,175.86758422851562,263.2442932128906,166.6770782470703,263.23211669921875,178.3573455810547,274.4216613769531,168.7902374267578,274.7888488769531,180.1385040283203,289.37811279296875,172.6931915283203,288.96917724609375,175.2580108642578,300.74560546875,170.29202270507812,299.9417419433594,183.38726806640625,299.2126770019531,176.6273956298828,299.43707275390625,176.85548400878906,320.4212341308594,171.3660888671875,321.3248291015625,183.621826171875,342.8998718261719,175.32034301757812,343.3033142089844
13,1,,170.8369903564453,264.3027648925781,172.95767211914062,262.24468994140625,168.93309020996094,262.2880859375,176.2642822265625,263.52117919921875,167.01815795898438,263.4713134765625,178.6770782470703,274.7385559082031,169.20681762695312,275.10736083984375,180.41354370117188,289.7708740234375,173.1532440185547,289.3829650878906,175.57154846191406,301.2560729980469,170.3689727783203,300.43768310546875,183.76461791992188,299.56634521484375,177.05743408203125,299.7907409667969,177.38023376464844,320.70074462890625,171.80789184570312,321.5743713378906,184.017822265625,343.136962890625,175.55963134765625,343.5146179199219
14,1,,171.78466796875,264.6962585449219,173.92105102539062,262.6392822265625,169.83926391601562,262.6678771972656,177.18991088867188,263.8772277832031,167.8282470703125,263.7943115234375,179.46347045898438,275.1067199707031,170.0610809326172,275.3573913574219,181.2768096923828,290.3056335449219,174.0612335205078,289.5998229980469,176.54931640625,301.7099609375,171.0829315185547,300.7145690917969,184.5673065185547,300.01068115234375,177.92889404296875,300.2254333496094,178.547119140625,321.1240539550781,172.9989776611328,321.9609069824219,184.9602813720703,343.3835144042969,176.6182861328125,343.7835388183594
15,1,,172.53887939453125,265.41839599609375,174.7308807373047,263.33306884765625,170.53526306152344,263.3697204589844,178.10276794433594,264.5719909667969,168.49635314941406,264.5159606933594,180.3301239013672,275.879150390625,170.9467315673828,276.0984191894531,182.10948181152344,291.45611572265625,174.9621124267578,290.54010009765625,177.38612365722656,302.819580078125,171.77120971679688,301.59521484375,185.54481506347656,300.7331848144531,178.93467712402344,300.9457702636719,179.5087890625,321.88916015625,173.99220275878906,322.67266845703125,185.9462127685547,344.1014404296875,177.5719757080078,344.4396667480469
16,1,,172.92564392089844,265.6710510253906,175.12449645996094,263.5703125,170.87709045410156,263.6214599609375,178.4937744140625,264.8443908691406,168.79156494140625,264.8353576660156,180.70590209960938,276.240478515625,171.3531036376953,276.5101318359375,182.43710327148438,291.8831481933594,175.4684600830078,291.0534362792969,177.61647033691406,303.19635009765625,172.0046844482422,302.0831298828125,185.91241455078125,301.16839599609375,179.3157501220703,301.39013671875,179.9830322265625,322.1953430175781,174.39512634277344,322.9262390136719,186.43556213378906,344.35113525390625,178.0588836669922,344.60150146484375
17,1,,172.55174255371094,265.216796875,174.72662353515625,263.0987243652344,170.47227478027344,263.1757507324219,178.10081481933594,264.3670654296875,168.4184112548828,264.4346923828125,180.35671997070312,275.97802734375,171.23464965820312,276.1224365234375,181.8251953125,291.9585266113281,175.3689422607422,290.63189697265625,176.8264923095703,303.04736328125,171.68360900878906,301.707763671875,185.64822387695312,300.97821044921875,179.21136474609375,301.1404113769531,179.5338897705078,321.97052001953125,173.93655395507812,322.54437255859375,185.85955810546875,344.0301513671875,177.8701171875,344.2067565917969
18,1,,171.48165893554688,264.37384033203125,173.67276000976562,262.240234375,169.36181640625,262.3349914550781,177.07823181152344,263.5669860839844,167.29208374023438,263.6831359863281,179.3065948486328,275.3865661621094,170.248046875,275.4082336425781,180.57009887695312,291.65460205078125,174.39959716796875,289.8864440917969,175.34732055664062,302.3507385253906,170.63662719726562,300.9032897949219,184.6593475341797,300.4159851074219,178.2648162841797,300.5221862792969,178.41334533691406,321.3829650878906,172.75393676757812,321.8394470214844,184.68328857421875,343.3744201660156,176.94847106933594,343.4880676269531
19,1,,170.11561584472656,263.5032958984375,172.3142547607422,261.3399963378906,167.96067810058594,261.4693908691406,175.7706298828125,262.6221008300781,165.8922576904297,262.831298828125,178.04098510742188,274.5144958496094,168.97633361816406,274.5385437011719,179.09225463867188,291.0087585449219,173.1752471923828,289.04156494140625,173.5847930908203,301.529052734375,169.24740600585938,299.8790283203125,183.3295440673828,299.6353759765625,176.9177703857422,299.7170715332031,176.88690185546875,320.4180908203125,171.1188201904297,320.81353759765625,183.11724853515625,342.45013427734375,175.46212768554688,342.5134582519531
20,1,,169.2329559326172,262.7467346191406,171.38096618652344,260.5570373535156,167.0547637939453,260.7373352050781,174.77244567871094,261.73504638671875,164.97308349609375,262.0848388671875,177.07200622558594,273.640869140625,168.12814331054688,273.7425842285156,178.00994873046875,290.086181640625,172.29112243652344,288.10296630859375,172.42608642578125,300.37646484375,168.2915496826172,298.7576904296875,182.3213348388672,298.89141845703125,175.99197387695312,298.9944763183594,175.7446746826172,319.6434631347656,169.95738220214844,320.00836181640625,181.94662475585938,341.6295471191406,174.52757263183594,341.7093505859375
21,1,,168.93643188476562,262.5304260253906,171.08306884765625,260.3179626464844,166.7587432861328,260.5228576660156,174.49818420410156,261.3940124511719,164.68203735351562,261.8066101074219,176.84336853027344,273.2667541503906,167.8018341064453,273.41693115234375,177.73336791992188,289.8252868652344,171.80447387695312,287.8016052246094,171.97483825683594,300.00445556640625,167.9309844970703,298.2274475097656,182.0095977783203,298.6526794433594,175.6348876953125,298.7729797363281,175.15496826171875,319.30584716796875,169.4588623046875,319.7528381347656,181.62802124023438,341.23419189453125,174.33135986328125,341.4494934082031
22,1,,169.5853729248047,263.1558837890625,171.69190979003906,260.92376708984375,167.35887145996094,261.164794921875,174.97911071777344,261.9114685058594,165.12570190429688,262.40594482421875,177.34487915039062,273.5939025878906,168.08213806152344,273.91131591796875,178.32069396972656,290.07000732421875,171.99197387695312,288.4039306640625,172.60015869140625,300.3554992675781,168.45094299316406,298.59820556640625,182.3801727294922,298.9427795410156,175.86195373535156,299.13140869140625,175.49826049804688,319.52606201171875,169.8604278564453,320.1214904785156,182.31399536132812,341.47357177734375,174.76222229003906,341.7339782714844
23,1,,170.5605926513672,264.1506042480469,172.6270294189453,261.90380859375,168.34349060058594,262.1739807128906,175.9131317138672,262.7753601074219,166.17340087890625,263.36279296875,178.3940887451172,274.32147216796875,169.1589813232422,274.8053283691406,179.47836303710938,290.6759338378906,172.9149627685547,289.340087890625,173.5900421142578,301.1279296875,169.3165740966797,299.2698974609375,183.10853576660156,299.72637939453125,176.619140625,299.9727478027344,176.29978942871094,320.1878967285156,170.78573608398438,320.781005859375,183.40621948242188,342.1107482910156,175.7577667236328,342.3286437988281
24,1,,171.56289672851562,264.9554443359375,173.61712646484375,262.7110595703125,169.35238647460938,262.9805603027344,176.8553466796875,263.64801025390625,167.1598663330078,264.23095703125,179.39376831054688,275.15118408203125,170.02362060546875,275.7262878417969,180.5709228515625,291.3885498046875,173.65248107910156,290.31488037109375,174.67477416992188,301.89892578125,170.33909606933594,300.06976318359375,184.1072998046875,300.3961486816406,177.54380798339844,300.67779541015625,177.083251953125,320.8769226074219,171.64337158203125,321.5709228515625,184.4798583984375,342.9302978515625,176.90640258789062,343.19158935546875
25,1,,172.05125427246094,265.6816711425781,174.10072326660156,263.4744873046875,169.88027954101562,263.7163391113281,177.3098907470703,264.4851989746094,167.71493530273438,265.0063781738281,179.86129760742188,275.8917541503906,170.39930725097656,276.4923400878906,181.14981079101562,291.9750671386719,173.93087768554688,291.05133056640625,175.24037170410156,302.6361083984375,170.7552032470703,300.6380615234375,184.42686462402344,300.9292297363281,177.81167602539062,301.2320861816406,177.3948516845703,321.44183349609375,172.11294555664062,322.15167236328125,185.00424194335938,343.4886169433594,177.405517578125,343.7269592285156
26,1,,171.9342498779297,265.7080383300781,173.98422241210938,263.5298767089844,169.79466247558594,263.74761962890625,177.1588134765625,264.6811828613281,167.65565490722656,265.142578125,179.66017150878906,276.1582336425781,170.27407836914062,276.7336730957031,180.99169921875,292.23046875,173.65684509277344,291.2072448730469,175.05767822265625,303.0688781738281,170.3356170654297,300.6108703613281,184.18655395507812,300.9971008300781,177.63946533203125,301.28680419921875,176.97145080566406,321.5047607421875,171.8553924560547,322.21533203125,184.65713500976562,343.5740051269531,177.20489501953125,343.7817687988281
27,1,,171.4170684814453,265.25543212890625,173.47842407226562,263.1075134277344,169.31851196289062,263.3091125488281,176.69418334960938,264.3250427246094,167.2744140625,264.7606506347656,179.1778564453125,275.8550109863281,169.88148498535156,276.4297790527344,180.514404296875,291.81591796875,173.17308044433594,290.77398681640625,174.60777282714844,302.80853271484375,169.76295471191406,300.26348876953125,183.6002197265625,300.8550720214844,177.12844848632812,301.15777587890625,176.27362060546875,321.2178955078125,171.30596923828125,321.9244384765625,184.00201416015625,343.2116394042969,176.70388793945312,343.47216796875
28,1,,170.69459533691406,264.7871398925781,172.689453125,262.6585388183594,168.60531616210938,262.8720397949219,175.76898193359375,263.8844909667969,166.48257446289062,264.3356018066406,178.3869171142578,275.50738525390625,168.79408264160156,275.9904479980469,179.76419067382812,291.5340576171875,172.03834533691406,290.1935119628906,174.15066528320312,302.28131103515625,169.10748291015625,299.73321533203125,182.89186096191406,300.4744567871094,176.2333526611328,300.7638244628906,175.31053161621094,320.8128662109375,170.2810516357422,321.6336669921875,183.08364868164062,342.66485595703125,175.8372039794922,343.13470458984375
29,1,,170.13336181640625,264.5650634765625,172.0782012939453,262.4539489746094,168.07958984375,262.68377685546875,175.145751953125,263.6662292480469,166.0237274169922,264.1670837402344,177.9435272216797,275.4530944824219,168.2110137939453,275.8211669921875,179.34510803222656,291.6528015136719,171.35047912597656,289.8355712890625,173.64678955078125,302.204833984375,168.62124633789062,299.3307800292969,182.36944580078125,300.4621887207031,175.62274169921875,300.72314453125,174.6492156982422,320.7972412109375,169.6416015625,321.5755615234375,182.60604858398438,342.2839050292969,175.30075073242188,342.83502197265625
30,1,,169.97157287597656,264.5572509765625,171.91456604003906,262.4485778808594,167.92620849609375,262.6811218261719,174.9976806640625,263.7408752441406,165.8743438720703,264.24664306640625,177.8860626220703,275.6806945800781,167.94412231445312,275.99713134765625,179.38265991210938,291.9505615234375,170.84515380859375,289.93170166015625,173.61349487304688,302.50341796875,168.4398193359375,299.4247741699219,182.26368713378906,300.7054443359375,175.39381408691406,300.9482116699219,174.45176696777344,320.90789794921875,169.406005859375,321.67645263671875,182.65542602539062,342.2525634765625,175.1887664794922,342.800537109375
31,1,,170.39939880371094,265.38238525390625,172.31561279296875,263.24859619140625,168.28775024414062,263.5306701660156,175.37828063964844,264.5255126953125,166.1593017578125,265.17535400390625,178.45626831054688,276.4491271972656,168.29649353027344,276.916015625,180.29502868652344,292.6384582519531,171.3489532470703,290.86859130859375,174.22552490234375,303.27923583984375,169.10824584960938,300.461669921875,182.65769958496094,301.577880859375,175.66134643554688,301.86529541015625,174.96160888671875,321.68365478515625,169.79197692871094,322.4361877441406,183.39715576171875,342.9291687011719,175.77093505859375,343.42572021484375
32,1,,170.9785919189453,266.86572265625,172.89378356933594,264.68865966796875,168.83364868164062,265.00579833984375,175.98736572265625,265.9199523925781,166.68211364746094,266.6623229980469,179.24888610839844,277.7924499511719,168.90878295898438,278.4431457519531,181.4785919189453,293.9988098144531,172.11717224121094,292.60272216796875,174.86045837402344,304.6355895996094,170.0105743408203,302.1925048828125,183.4882049560547,302.84124755859375,176.3847198486328,303.1855773925781,175.63401794433594,322.88629150390625,170.351806640625,323.7958679199219,184.50128173828125,344.0998229980469,176.7335205078125,344.7580871582031
33,1,,171.8414764404297,268.2934265136719,173.77586364746094,266.10028076171875,169.6542205810547,266.4228515625,176.851806640625,267.33514404296875,167.42800903320312,268.0964050292969,180.12391662597656,279.0541076660156,169.81137084960938,279.87835693359375,182.59164428710938,295.1224670410156,173.20118713378906,294.1648864746094,175.76473999023438,306.1112060546875,171.07369995117188,303.7696228027344,184.4579315185547,304.1305847167969,177.37950134277344,304.52069091796875,176.34954833984375,324.0518493652344,171.02967834472656,325.037109375,185.61614990234375,345.3439636230469,177.83021545410156,345.97894287109375
34,1,,172.3375701904297,269.5242004394531,174.27891540527344,267.326171875,170.1232147216797,267.6323547363281,177.2844696044922,268.595458984375,167.80955505371094,269.3130798339844,180.4959259033203,280.155517578125,170.31134033203125,281.11724853515625,183.21499633789062,296.0318603515625,173.80455017089844,295.5351257324219,176.22486877441406,307.35784912109375,171.53651428222656,305.22467041015625,185.03060913085938,305.0903015136719,178.0558319091797,305.5289001464844,176.77137756347656,324.78497314453125,171.58544921875,325.87713623046875,186.35232543945312,346.1684875488281,178.5913543701172,346.8256530761719
35,1,,172.14813232421875,270.245849609375,174.09364318847656,268.02252197265625,169.912353515625,268.3514099121094,177.15403747558594,269.206787109375,167.6105194091797,269.96728515625,180.43258666992188,280.59246826171875,170.328369140625,281.6306457519531,183.2485809326172,296.4226379394531,174.02096557617188,296.0283508300781,176.1697235107422,308.12957763671875,171.6021270751953,306.1560363769531,185.1194305419922,305.4243469238281,178.1985321044922,305.8918151855469,176.6639862060547,324.767822265625,171.46139526367188,326.0736389160156,186.5938262939453,346.189208984375,178.8105926513672,347.1218566894531
36,1,,171.32472229003906,270.3348388671875,173.2530975341797,268.0748596191406,169.06112670898438,268.4357604980469,176.33290100097656,269.1301574707031,166.7910614013672,269.96478271484375,179.5697784423828,280.5304870605469,169.81626892089844,281.5198059082031,182.0911407470703,296.5398864746094,173.67953491210938,295.7699279785156,175.2937469482422,308.2442321777344,170.92684936523438,306.2415466308594,184.84788513183594,304.9060363769531,178.10678100585938,305.4041748046875,176.064208984375,324.0967102050781,170.66746520996094,325.56512451171875,186.04617309570312,345.2366027832031,177.9658660888672,346.55181884765625
37,1,,170.1387939453125,269.9279479980469,172.07579040527344,267.6533203125,167.83641052246094,268.0174865722656,175.13600158691406,268.7050476074219,165.5260772705078,269.52850341796875,178.1973114013672,280.14013671875,168.802978515625,280.8695068359375,180.4470672607422,296.2202453613281,172.73828125,294.6654357910156,174.0780487060547,307.6741943359375,169.72471618652344,305.2381286621094,184.12181091308594,303.8680419921875,177.58770751953125,304.2879333496094,175.08827209472656,322.864990234375,169.53265380859375,324.2223205566406,185.07382202148438,343.7850341796875,176.9047393798828,345.0280456542969
38,1,,168.90353393554688,269.57208251953125,170.83786010742188,267.2863464355469,166.60101318359375,267.66241455078125,173.9446258544922,268.28533935546875,164.3589324951172,269.137939453125,177.0492706298828,279.6708679199219,167.8489990234375,280.3495788574219,179.35377502441406,295.7791442871094,171.78890991210938,293.9540710449219,173.02940368652344,306.71771240234375,168.61370849609375,304.3945617675781,183.38528442382812,302.82086181640625,176.9437713623047,303.275634765625,174.3675079345703,321.5299987792969,168.52206420898438,323.02093505859375,184.68319702148438,341.9933776855469,175.92776489257812,343.548095703125
39,1,,168.28274536132812,269.7008972167969,170.20094299316406,267.39691162109375,165.95516967773438,267.80438232421875,173.30294799804688,268.31927490234375,163.68724060058594,269.2503356933594,176.4849090576172,279.57623291015625,167.36663818359375,280.2895812988281,178.8300018310547,295.8352966308594,171.35520935058594,293.91497802734375,172.2391815185547,306.1189880371094,168.07835388183594,303.7104797363281,183.09225463867188,302.60113525390625,176.62835693359375,303.05889892578125,174.0869598388672,320.8395690917969,167.45681762695312,322.3722229003906,185.08848571777344,341.1305847167969,175.3218231201172,342.7408752441406
40,1,,168.3656768798828,270.8565368652344,170.27610778808594,268.53546142578125,166.0401153564453,268.93988037109375,173.39627075195312,269.4197082519531,163.7781982421875,270.3173522949219,176.72889709472656,280.6751708984375,167.61862182617188,281.2465515136719,179.16021728515625,296.98046875,171.82249450683594,294.72003173828125,172.2228240966797,306.23577880859375,168.35565185546875,303.7279968261719,184.1483612060547,303.2318115234375,177.5471954345703,303.6130676269531,175.01812744140625,321.0883483886719,167.4916534423828,322.6143798828125,186.6920928955078,341.2623596191406,175.51622009277344,342.8512878417969
41,1,,169.3380584716797,272.7015686035156,171.2109375,270.40606689453125,167.0218505859375,270.802490234375,174.28736877441406,271.3031921386719,164.69422912597656,272.1639709472656,177.90492248535156,282.3076171875,168.4578399658203,282.9001159667969,180.42359924316406,298.3941955566406,172.5289306640625,296.426513671875,172.9144287109375,306.57867431640625,169.18606567382812,304.39678955078125,185.6988525390625,304.7995910644531,178.74862670898438,305.1298828125,176.7948455810547,322.2906188964844,168.2455291748047,323.679931640625,189.41407775878906,342.4671630859375,176.62136840820312,343.6888732910156
42,1,,170.8175506591797,274.96038818359375,172.6602020263672,272.6928405761719,168.52394104003906,273.046142578125,175.65650939941406,273.62017822265625,166.08566284179688,274.3570861816406,179.55410766601562,284.5517578125,169.55029296875,285.11407470703125,182.27674865722656,300.6492614746094,173.40206909179688,298.8779602050781,174.0392608642578,307.55316162109375,170.4816131591797,305.4300231933594,187.5960693359375,306.90576171875,180.15187072753906,307.2178955078125,179.101806640625,324.0996398925781,169.50379943847656,325.4823303222656,192.54103088378906,344.17138671875,177.7770233154297,345.2840576171875
43,1,,172.2284698486328,276.8708801269531,174.0634765625,274.642822265625,169.94924926757812,274.9588623046875,177.00074768066406,275.525634765625,167.48362731933594,276.1850280761719,180.8997344970703,286.252685546875,170.95712280273438,286.6515808105469,183.30615234375,302.3460998535156,174.63076782226562,300.3045349121094,174.41822814941406,308.30633544921875,171.32814025878906,306.0124816894531,189.28167724609375,308.7362976074219,181.7258758544922,308.9682922363281,181.41717529296875,325.95672607421875,170.67628479003906,326.9047546386719,195.21713256835938,345.9681701660156,178.91026306152344,346.54339599609375
44,1,,173.3661346435547,278.2666931152344,175.13182067871094,276.0279846191406,171.03179931640625,276.3784484863281,177.86471557617188,276.8766784667969,168.34873962402344,277.6135559082031,181.71400451660156,287.4924011230469,171.81919860839844,287.8192443847656,184.14381408691406,303.2669982910156,175.59559631347656,301.0206298828125,174.78041076660156,308.45477294921875,171.81283569335938,306.3136291503906,190.4579315185547,309.789306640625,182.8182373046875,309.91571044921875,182.76339721679688,327.0486145019531,171.10105895996094,327.7551574707031,196.80555725097656,346.8863830566406,179.27825927734375,347.0361328125
45,1,,173.92041015625,278.4831237792969,175.60809326171875,276.2761535644531,171.5176544189453,276.62860107421875,178.03457641601562,277.08355712890625,168.50257873535156,277.82635498046875,181.7346649169922,287.5198974609375,171.71624755859375,287.6468811035156,183.905029296875,303.205810546875,175.19406127929688,300.58209228515625,174.16932678222656,307.5246887207031,171.34603881835938,305.4400329589844,190.33766174316406,309.9606018066406,182.55621337890625,309.9515380859375,182.90541076660156,327.3181457519531,170.52359008789062,327.6667785644531,197.02096557617188,346.8880615234375,178.6453857421875,346.51617431640625
46,1,,173.62564086914062,277.89093017578125,175.313232421875,275.75030517578125,171.23358154296875,276.0569763183594,177.60072326660156,276.4754333496094,168.1415557861328,277.11724853515625,181.1082000732422,286.7250671386719,171.22702026367188,286.4824523925781,182.91140747070312,302.4606628417969,174.4591064453125,298.9714050292969,173.00234985351562,306.0041809082031,170.39022827148438,303.70733642578125,189.7021942138672,309.38336181640625,181.9549560546875,309.2569885253906,182.28634643554688,326.94146728515625,169.19546508789062,326.9347839355469,196.45437622070312,346.0009765625,177.48585510253906,345.35064697265625
47,1,,173.22694396972656,277.1936340332031,174.8228759765625,275.0832824707031,170.84556579589844,275.4183044433594,176.9407501220703,275.6563720703125,167.66757202148438,276.3701171875,180.48074340820312,285.64654541015625,170.52345275878906,285.253173828125,182.1548614501953,301.34002685546875,173.2450714111328,297.3239440917969,171.78424072265625,304.4957580566406,168.5960235595703,302.0743408203125,188.77450561523438,308.6600646972656,180.9198455810547,308.3971252441406,181.4151153564453,325.9988098144531,167.6407470703125,325.8582458496094,195.5774688720703,344.8902893066406,175.8468475341797,344.1161193847656
48,1,,173.22470092773438,276.8896484375,174.75009155273438,274.7882385253906,170.87779235839844,275.1536560058594,176.6915740966797,275.4410400390625,167.5353240966797,276.1919250488281,180.2144775390625,285.3657531738281,169.71173095703125,285.2257385253906,181.79666137695312,299.97918701171875,171.55035400390625,296.7703552246094,171.61863708496094,303.0704650878906,167.38108825683594,301.0710754394531,188.27561950683594,308.2142333984375,180.0374298095703,307.96527099609375,180.60508728027344,325.0677490234375,166.3192138671875,325.129638671875,194.8119659423828,344.0820007324219,174.10891723632812,343.2683410644531
49,1,,173.1248321533203,277.0311279296875,174.70059204101562,274.9581604003906,170.8597869873047,275.3291320800781,176.84381103515625,275.62591552734375,167.71343994140625,276.4282531738281,180.58267211914062,285.4210510253906,169.5039825439453,285.7142028808594,182.4319610595703,299.1297912597656,170.45452880859375,297.1712951660156,172.88063049316406,301.83587646484375,167.00782775878906,300.7965087890625,187.95372009277344,308.7189636230469,179.3760986328125,308.6883544921875,180.5064239501953,325.2857360839844,165.83746337890625,325.5577697753906,194.72586059570312,344.0162048339844,173.27000427246094,343.4914855957031
50,1,,173.79861450195312,277.7786865234375,175.3579559326172,275.7044982910156,171.56643676757812,276.09979248046875,177.34861755371094,276.4254150390625,168.3687286376953,277.38848876953125,181.2895965576172,285.8992004394531,169.73841857910156,287.3822937011719,184.87559509277344,297.57537841796875,170.63340759277344,298.82489013671875,175.84658813476562,300.07562255859375,168.14971923828125,300.8400573730469,188.30242919921875,309.9088439941406,179.51341247558594,310.4217834472656,181.28359985351562,326.37530517578125,166.31544494628906,327.0872802734375,195.31007385253906,344.77288818359375,173.94622802734375,344.6470642089844
51,1,,174.47702026367188,278.87188720703125,175.95286560058594,276.7091064453125,172.296630859375,277.2703552246094,177.97171020507812,277.29058837890625,169.1952362060547,278.7661437988281,182.48709106445312,286.2850341796875,170.14207458496094,289.513427734375,188.5811767578125,295.3054504394531,169.9831085205078,301.0738525390625,179.8610382080078,298.05963134765625,166.74522399902344,303.1878967285156,188.8380889892578,310.9040222167969,179.79013061523438,311.9881286621094,182.06039428710938,327.0915222167969,167.6524200439453,328.4340515136719,196.04298400878906,345.82818603515625,174.90382385253906,346.0628356933594
52,1,,174.6050567626953,279.43731689453125,176.0047149658203,277.2398986816406,172.4093780517578,277.9501953125,178.07386779785156,277.64080810546875,169.36444091796875,279.5799865722656,183.11891174316406,285.8067932128906,170.4387664794922,290.6258544921875,191.771240234375,292.13836669921875,171.3911590576172,302.2821350097656,184.287109375,295.62548828125,169.29287719726562,304.3058776855469,189.1729278564453,311.11383056640625,180.02064514160156,312.7665100097656,182.9363250732422,327.999755859375,168.9491729736328,329.6620788574219,196.7600860595703,346.835205078125,175.7257537841797,347.0176086425781
53,1,,173.49984741210938,279.21868896484375,174.7648468017578,277.0027770996094,171.26222229003906,277.8102722167969,176.8780517578125,277.11865234375,168.29525756835938,279.3372497558594,182.6063995361328,284.4571838378906,169.745849609375,289.9666748046875,193.86460876464844,289.5250244140625,172.6158905029297,301.3529357910156,188.43870544433594,293.7777404785156,172.3960418701172,302.8960266113281,188.54380798339844,309.58038330078125,179.33181762695312,311.5421142578125,183.6817169189453,327.607666015625,170.41700744628906,329.430908203125,196.72857666015625,346.9120178222656,176.06411743164062,347.0476989746094
54,1,,171.36349487304688,278.02557373046875,172.43804931640625,275.8916015625,169.1811065673828,276.7098388671875,174.459228515625,275.9749450683594,166.3904266357422,278.1669616699219,180.40916442871094,282.7190856933594,168.09689331054688,288.1308288574219,192.80023193359375,286.6189880371094,172.96368408203125,298.57427978515625,190.54525756835938,291.2125549316406,175.8139190673828,299.9902038574219,186.92076110839844,306.9220886230469,177.9499053955078,308.9456481933594,184.18968200683594,326.37884521484375,171.5746612548828,327.927734375,195.91452026367188,346.31512451171875,175.17300415039062,345.9385681152344
55,1,,168.46311950683594,276.79241943359375,169.33624267578125,274.6812438964844,166.2532501220703,275.576171875,171.48146057128906,274.4779357910156,163.6425323486328,276.76239013671875,177.70899963378906,280.8442687988281,165.8982391357422,285.6103820800781,190.1986846923828,284.6244812011719,172.2134552001953,294.6902770996094,190.7764129638672,289.15765380859375,177.1442413330078,296.4966125488281,184.58599853515625,304.22686767578125,175.8118133544922,306.1061096191406,183.86036682128906,324.55963134765625,171.8979949951172,325.9599914550781,194.44317626953125,344.9108581542969,173.12159729003906,344.4912109375
56,1,,165.67478942871094,275.2155456542969,166.34375,273.2151794433594,163.4466552734375,274.0135192871094,168.18341064453125,273.1635437011719,160.67991638183594,275.06842041015625,174.05126953125,279.5474548339844,163.24032592773438,283.020751953125,186.2551727294922,283.1383361816406,171.75711059570312,290.0387878417969,189.9043426513672,286.8145446777344,180.86837768554688,290.246337890625,182.17666625976562,301.8593444824219,173.79849243164062,303.533203125,183.60423278808594,322.9309997558594,172.0043182373047,324.1654052734375,193.12611389160156,343.5163879394531,171.1350860595703,343.1948547363281
57,1,,163.13694763183594,273.82464599609375,163.77980041503906,271.8844299316406,160.865478515625,272.6098937988281,165.60577392578125,272.1095886230469,158.04342651367188,273.7042236328125,170.82827758789062,278.8843688964844,160.7973175048828,281.1652526855469,182.14283752441406,282.3084411621094,170.03091430664062,285.7854919433594,188.5487518310547,284.0935974121094,181.79823303222656,284.1537170410156,180.0417938232422,300.3110046386719,172.0029296875,301.9013366699219,183.2998504638672,321.3570251464844,172.04058837890625,322.84197998046875,192.2537078857422,341.9385070800781,169.86898803710938,342.4573974609375
58,1,,162.4420928955078,272.864990234375,162.8159637451172,271.0902404785156,160.31443786621094,271.65496826171875,163.8870391845703,271.7513427734375,157.1812744140625,272.88360595703125,168.52590942382812,279.1308288574219,159.29261779785156,280.22821044921875,179.1696319580078,282.53509521484375,168.9744110107422,283.20916748046875,186.55857849121094,281.03021240234375,182.15443420410156,280.1369323730469,178.80511474609375,300.52435302734375,171.13092041015625,301.9895935058594,183.51779174804688,321.0197448730469,171.69839477539062,322.7584533691406,192.4392547607422,341.09185791015625,169.36495971679688,342.6919860839844
59,1,,163.05667114257812,272.742919921875,163.22808837890625,271.0008544921875,160.9261474609375,271.4979248046875,163.6813201904297,271.74847412109375,157.25088500976562,272.7075500488281,167.89697265625,279.5108337402344,158.7498016357422,280.0165100097656,178.43606567382812,283.2215881347656,168.78211975097656,281.82965087890625,185.2578125,279.1497497558594,181.1041717529297,277.2376708984375,178.7188720703125,300.9439392089844,171.00613403320312,302.4758605957031,184.63218688964844,320.62725830078125,172.01580810546875,323.2286682128906,193.9387969970703,340.291259765625,169.9159393310547,343.8210754394531
60,1,,163.8776397705078,272.3307800292969,163.9762725830078,270.60809326171875,161.76588439941406,271.0811767578125,164.13246154785156,271.5962829589844,157.91470336914062,272.508056640625,167.98828125,279.8230895996094,158.98805236816406,280.1133728027344,177.999267578125,283.9256896972656,169.1398468017578,281.421875,184.12876892089844,277.8193359375,180.6709747314453,275.6729431152344,179.02862548828125,300.9685974121094,171.29843139648438,302.6995849609375,186.4209442138672,320.0748291015625,172.59066772460938,323.4395751953125,196.22178649902344,339.4856262207031,170.9997100830078,344.71966552734375
61,1,,165.24737548828125,271.7820129394531,165.26856994628906,270.04949951171875,163.09864807128906,270.5985107421875,165.22866821289062,271.0137023925781,159.0703887939453,272.18975830078125,168.9563446044922,279.026611328125,159.82601928710938,279.98370361328125,178.44786071777344,282.8637390136719,169.3987579345703,281.2003173828125,182.5886993408203,276.1867370605469,179.32403564453125,274.6843566894531,179.4215850830078,300.6218566894531,171.50132751464844,302.8243103027344,188.7371826171875,319.2471923828125,173.0966796875,323.7486572265625,198.87864685058594,338.25885009765625,171.939453125,345.45135498046875
62,1,,166.81565856933594,271.19287109375,166.55934143066406,269.4365539550781,164.74978637695312,269.96783447265625,165.78787231445312,270.27801513671875,160.3871307373047,271.5002746582031,169.24819946289062,278.50897216796875,160.45187377929688,279.77484130859375,177.58935546875,283.7643737792969,169.0359344482422,282.2203674316406,180.2408905029297,276.7680358886719,176.7691192626953,275.16546630859375,179.3408660888672,299.82733154296875,171.6038055419922,302.4023132324219,190.30691528320312,317.8916320800781,173.64999389648438,323.3699951171875,201.0722198486328,336.4379577636719,172.7510986328125,345.5458984375
63,1,,167.3875732421875,270.2134704589844,167.07537841796875,268.3007507324219,165.16839599609375,269.0262756347656,166.09634399414062,268.6833801269531,160.5346221923828,270.47479248046875,168.8894500732422,276.9141540527344,159.84085083007812,278.8928527832031,174.29592895507812,281.85797119140625,164.19952392578125,281.2218933105469,173.5962371826172,276.98590087890625,166.73936462402344,276.039794921875,178.69435119628906,298.63970947265625,170.8779754638672,301.7332763671875,191.5874786376953,316.0705261230469,173.757568359375,323.210205078125,201.9833221435547,334.5731201171875,172.62307739257812,345.99285888671875
64,1,,167.15228271484375,269.0872802734375,166.81222534179688,267.0733642578125,164.94558715820312,267.81005859375,165.5680694580078,267.2126159667969,160.15164184570312,269.0594482421875,167.84426879882812,275.55523681640625,159.26048278808594,278.143798828125,173.18038940429688,281.8194885253906,162.51759338378906,281.1363830566406,172.62368774414062,280.2006530761719,163.51556396484375,276.02960205078125,177.9484405517578,297.796630859375,170.4581298828125,301.5058898925781,192.3996124267578,314.09515380859375,173.1741943359375,322.8968811035156,203.08021545410156,331.6836242675781,172.29287719726562,345.6744689941406
65,1,,166.92715454101562,267.731689453125,166.36846923828125,265.7445983886719,164.78863525390625,266.5145263671875,164.55458068847656,265.62933349609375,159.8424835205078,267.6425476074219,166.5490264892578,274.056884765625,157.6790313720703,276.8210754394531,171.55596923828125,280.5486755371094,156.88914489746094,278.975830078125,170.89761352539062,281.85113525390625,154.48387145996094,275.26409912109375,176.84608459472656,296.7633056640625,169.5058135986328,300.88232421875,192.35736083984375,311.8111877441406,172.6026153564453,322.60595703125,202.82852172851562,329.3003845214844,171.1974334716797,345.6180725097656
66,1,,166.4256134033203,266.9463195800781,165.84970092773438,264.93231201171875,164.4099884033203,265.5697326660156,163.64852905273438,264.75238037109375,159.31192016601562,266.4052734375,164.78208923339844,273.66058349609375,156.86363220214844,275.9560241699219,169.76687622070312,282.1501159667969,156.38006591796875,278.12982177734375,170.0155029296875,285.4722900390625,152.8773651123047,274.3608093261719,175.85601806640625,296.2462158203125,169.1177215576172,300.5180969238281,192.28594970703125,310.0947265625,171.99163818359375,322.03240966796875,202.65817260742188,327.06640625,170.73684692382812,345.4431457519531
67,1,,165.95199584960938,266.54620361328125,165.467041015625,264.5782165527344,164.0205535888672,265.1310119628906,163.27085876464844,264.3939208984375,158.95938110351562,265.8235168457031,163.92710876464844,273.0350036621094,156.41909790039062,275.32818603515625,169.4683074951172,281.1726989746094,156.56675720214844,276.7032165527344,169.02793884277344,285.38653564453125,152.45249938964844,273.43157958984375,175.3882598876953,295.8905334472656,168.8295440673828,300.3477783203125,192.9074249267578,308.9493713378906,171.4215087890625,321.875244140625,202.8744659423828,325.5392761230469,170.47592163085938,345.6180114746094
68,1,,165.2635040283203,266.7091369628906,165.0684356689453,264.789306640625,163.4208221435547,265.1498107910156,163.32330322265625,264.8249816894531,158.60205078125,265.7433166503906,163.70387268066406,273.2830505371094,157.0989532470703,275.62469482421875,171.55255126953125,282.1784362792969,161.29331970214844,277.6750183105469,172.21929931640625,284.8801574707031,159.38800048828125,272.3986511230469,175.38851928710938,296.09954833984375,169.25149536132812,300.6594543457031,193.2593231201172,308.7088623046875,171.64697265625,321.8089904785156,203.8843536376953,324.5601806640625,171.22225952148438,345.4538879394531
69,1,,165.34312438964844,266.88165283203125,165.2792205810547,265.005859375,163.4393310546875,265.3617858886719,163.9097442626953,265.204345703125,158.8209228515625,266.1428527832031,164.30628967285156,273.3290710449219,157.87974548339844,275.78509521484375,171.21371459960938,280.40155029296875,162.28314208984375,277.22052001953125,169.7349090576172,280.31634521484375,159.78091430664062,271.8099365234375,175.507080078125,295.8544921875,169.39022827148438,300.26007080078125,193.2779541015625,308.5753479003906,172.34230041503906,321.38555908203125,203.98870849609375,325.0930480957031,172.03407287597656,345.678955078125
70,1,,165.70631408691406,267.28729248046875,165.81192016601562,265.4419860839844,163.83135986328125,265.665283203125,164.6290283203125,265.88690185546875,159.14869689941406,266.4508056640625,164.6480255126953,273.6221923828125,159.08897399902344,276.20867919921875,171.1802215576172,280.0113830566406,167.18801879882812,278.4737243652344,168.67425537109375,277.5674743652344,166.650390625,271.88958740234375,175.8807830810547,296.05712890625,169.9810028076172,300.3299865722656,193.8910675048828,309.2696228027344,172.95147705078125,320.988525390625,204.01722717285156,325.67681884765625,173.3037872314453,345.4497985839844
71,1,,165.3573760986328,267.4920959472656,165.62596130371094,265.6770324707031,163.34942626953125,265.9178161621094,164.96083068847656,266.1893310546875,158.82093811035156,266.7729797363281,165.23731994628906,273.5644226074219,158.99366760253906,276.0061340332031,170.82167053222656,279.1156921386719,166.9057159423828,278.11663818359375,167.21197509765625,274.41864013671875,167.12945556640625,271.57684326171875,175.9053497314453,295.8570861816406,169.6198272705078,299.9439392089844,194.209228515625,309.24578857421875,173.99700927734375,320.59429931640625,202.0220489501953,326.2310791015625,173.81373596191406,345.5281677246094
72,1,,165.22613525390625,267.11944580078125,165.3903350830078,265.2639465332031,163.26234436035156,265.54302978515625,164.3617401123047,265.76068115234375,158.9195556640625,266.4875183105469,164.3522186279297,273.04888916015625,158.88845825195312,276.0923767089844,168.3668212890625,277.4553527832031,165.63003540039062,279.7349853515625,165.54498291015625,271.98602294921875,165.4166259765625,275.48944091796875,174.66094970703125,295.732666015625,169.03121948242188,299.81439208984375,192.89332580566406,309.26690673828125,174.4158935546875,320.2323303222656,198.03684997558594,327.1800231933594,173.53871154785156,345.64862060546875
73,1,,164.88290405273438,266.13983154296875,164.80931091308594,264.3247375488281,162.982421875,264.60400390625,163.18862915039062,264.855224609375,158.6048583984375,265.629638671875,163.31768798828125,272.2102355957031,158.16026306152344,275.2850646972656,166.95758056640625,275.1312561035156,164.27096557617188,278.50982666015625,164.16995239257812,269.82037353515625,163.7283172607422,274.5809326171875,172.9084930419922,295.5108947753906,167.8255615234375,299.2017822265625,190.32589721679688,309.79901123046875,174.59701538085938,319.210693359375,191.86849975585938,328.6594543457031,173.19020080566406,344.3402404785156
74,1,,164.08486938476562,265.2670593261719,163.7928009033203,263.4581298828125,162.26759338378906,263.6875,161.42433166503906,263.9632873535156,157.87567138671875,264.6272277832031,161.39376831054688,271.72650146484375,157.24327087402344,274.4677429199219,165.02853393554688,274.64739990234375,163.37432861328125,278.017822265625,162.94078063964844,269.3492126464844,162.46485900878906,274.087890625,170.97247314453125,295.7467956542969,166.9149932861328,298.9881896972656,187.55674743652344,310.9582824707031,174.19017028808594,318.7546691894531,184.9416046142578,329.9950866699219,172.2060546875,342.9236755371094
75,1,,163.08998107910156,264.5480041503906,162.5635223388672,262.7129821777344,161.37657165527344,262.8567810058594,159.2115478515625,263.26055908203125,157.16632080078125,263.74505615234375,158.0252685546875,271.5114440917969,157.4283905029297,273.72930908203125,161.32183837890625,275.1767883300781,163.3267364501953,277.95733642578125,160.967529296875,269.2486267089844,161.799560546875,273.2027587890625,167.4376678466797,295.9855651855469,166.18405151367188,298.6919250488281,182.56942749023438,312.2702331542969,174.6146697998047,318.63531494140625,177.181396484375,331.4985046386719,170.84988403320312,342.04644775390625
76,1,,162.54046630859375,263.7823486328125,161.79896545410156,261.91815185546875,160.805908203125,262.0684509277344,157.6670684814453,262.666259765625,156.40673828125,263.2325439453125,155.56832885742188,271.5430603027344,157.75924682617188,273.6799621582031,159.0570068359375,275.8326416015625,164.38014221191406,278.8829040527344,159.80508422851562,269.23236083984375,161.71572875976562,272.69500732421875,164.3180389404297,296.5520324707031,165.351806640625,298.7991638183594,176.66590881347656,314.0108947753906,174.5075225830078,318.6474914550781,169.7879638671875,333.48974609375,170.22280883789062,341.1651611328125
77,1,,161.6920166015625,263.6937561035156,160.8236541748047,261.8885498046875,159.96823120117188,261.9627685546875,156.24610900878906,262.9209899902344,155.7809295654297,263.2777404785156,153.8188018798828,272.35321044921875,158.40887451171875,273.4670104980469,156.7732391357422,278.4552001953125,166.45919799804688,278.1922607421875,157.92715454101562,271.181640625,163.98512268066406,268.1346740722656,162.0968017578125,297.3843688964844,165.00682067871094,298.9981689453125,172.66238403320312,316.1872863769531,174.63558959960938,319.2919616699219,163.5731964111328,335.16156005859375,170.23150634765625,340.5828857421875
78,1,,161.50340270996094,264.1418762207031,160.5240020751953,262.3335876464844,159.77175903320312,262.4057312011719,155.49850463867188,263.5172424316406,155.8442840576172,263.8538513183594,152.4656982421875,273.1429748535156,159.48565673828125,273.9365234375,153.53770446777344,281.8252868652344,168.04844665527344,280.409423828125,156.97412109375,274.9863586425781,167.01417541503906,269.390869140625,160.3317413330078,297.9935607910156,165.01564025878906,299.4755554199219,169.91799926757812,317.3717956542969,174.60037231445312,320.2279052734375,158.76942443847656,336.1290588378906,170.63623046875,341.2886047363281
79,1,,161.4627227783203,264.56732177734375,160.43475341796875,262.80047607421875,159.66183471679688,262.83984375,155.15011596679688,264.17791748046875,155.88491821289062,264.43597412109375,151.3498992919922,273.96417236328125,160.35400390625,274.4329528808594,151.4440155029297,284.32672119140625,168.6416778564453,282.5603942871094,157.90756225585938,277.70074462890625,169.8483428955078,271.26416015625,158.04637145996094,298.91778564453125,164.42910766601562,300.1813049316406,166.1453399658203,318.8630065917969,175.32696533203125,321.22381591796875,153.9905242919922,337.92620849609375,171.05149841308594,342.224365234375
80,1,,161.7415008544922,265.09136962890625,160.62945556640625,263.3208923339844,159.88818359375,263.372802734375,155.0948944091797,264.69793701171875,156.15972900390625,265.0275573730469,151.25950622558594,274.5690612792969,160.58360290527344,275.09893798828125,150.2576141357422,286.0099792480469,168.71778869628906,284.72454833984375,158.34417724609375,280.465576171875,171.6978302001953,273.8463439941406,156.54901123046875,300.0279541015625,163.3419647216797,301.2195129394531,164.14109802246094,320.2012634277344,174.79742431640625,322.1484680175781,150.90359497070312,339.7858581542969,171.90036010742188,343.2464294433594
81,1,,161.9375,265.5256652832031,160.59751892089844,263.8139953613281,160.24273681640625,263.7707214355469,154.30320739746094,265.1134948730469,156.70921325683594,265.26214599609375,150.1192626953125,274.99468994140625,160.5508575439453,275.3120422363281,146.98855590820312,287.19769287109375,167.99156188964844,286.4504089355469,157.26864624023438,283.0454406738281,172.91375732421875,277.2601013183594,154.4192352294922,300.5897521972656,162.05189514160156,301.600341796875,162.14407348632812,321.56005859375,173.65086364746094,322.8456726074219,148.48826599121094,341.6305236816406,171.97621154785156,343.9131774902344
82,1,,161.88677978515625,265.8431091308594,160.47866821289062,264.16497802734375,160.1173095703125,264.08837890625,153.90701293945312,265.37188720703125,156.29579162597656,265.4920959472656,149.15272521972656,275.25830078125,160.00425720214844,275.2908630371094,145.51956176757812,288.150390625,166.85482788085938,287.4729309082031,158.05606079101562,285.60394287109375,173.5706787109375,280.3096618652344,151.88198852539062,301.2661437988281,159.9922332763672,302.01324462890625,159.4737091064453,322.50799560546875,172.3382110595703,322.7718505859375,146.25123596191406,343.44921875,171.2981414794922,344.00146484375
83,1,,161.51690673828125,266.1559753417969,160.0410614013672,264.50360107421875,159.65365600585938,264.421875,153.25917053222656,265.7087707519531,155.51040649414062,265.86346435546875,147.57180786132812,275.73089599609375,159.24290466308594,275.4919128417969,143.28306579589844,288.7345886230469,165.1636199951172,288.2168884277344,156.89926147460938,287.4032897949219,172.8756561279297,283.16156005859375,148.72174072265625,302.0397033691406,157.4552459716797,302.4805908203125,156.2440948486328,323.4358825683594,170.82102966308594,322.63323974609375,144.4620819091797,344.8670349121094,168.9145050048828,343.5628356933594
84,1,,161.02169799804688,266.7086486816406,159.49990844726562,265.06317138671875,159.19871520996094,265.01971435546875,152.5186004638672,266.2320556640625,154.8297119140625,266.5330810546875,146.0458984375,276.14453125,158.0395965576172,276.092041015625,140.1035919189453,288.81268310546875,162.9585723876953,289.1025695800781,152.9248809814453,289.5284118652344,170.92050170898438,285.88421630859375,145.6725616455078,302.5495910644531,154.45045471191406,302.8931579589844,154.208740234375,323.7369079589844,168.536865234375,322.0716857910156,143.3775177001953,345.33837890625,165.8852081298828,342.48675537109375
85,1,,160.10862731933594,267.3396301269531,158.67160034179688,265.7336730957031,158.24508666992188,265.75640869140625,152.03904724121094,266.993896484375,153.79908752441406,267.4620361328125,145.23951721191406,276.6802978515625,156.78509521484375,276.9213562011719,137.9673309326172,288.4556884765625,159.57749938964844,289.8993835449219,149.3456573486328,291.2922058105469,167.7926483154297,288.74749755859375,143.4501953125,302.8916931152344,151.7643280029297,303.1673889160156,152.15438842773438,323.947021484375,166.23519897460938,321.60565185546875,142.3256072998047,345.34332275390625,161.31756591796875,341.2083740234375
86,1,,159.4009246826172,268.5149841308594,158.1140594482422,266.896484375,157.533203125,266.97723388671875,151.91502380371094,268.1882629394531,153.14105224609375,268.783935546875,144.69915771484375,277.7842712402344,155.86219787597656,278.35845947265625,136.6357421875,288.4939880371094,155.7062225341797,291.3587951660156,146.692626953125,293.363525390625,163.86862182617188,291.96636962890625,141.73875427246094,304.1151123046875,149.63290405273438,304.30963134765625,151.14401245117188,324.7440490722656,164.5230255126953,321.5148620605469,142.16363525390625,345.3062744140625,156.28160095214844,339.4509582519531
87,1,,159.05929565429688,270.0843200683594,158.00709533691406,268.3570556640625,157.11227416992188,268.55596923828125,152.4940185546875,269.52508544921875,152.63192749023438,270.38995361328125,144.85670471191406,279.0829162597656,154.98802185058594,280.301025390625,135.75868225097656,288.61248779296875,152.73683166503906,293.2757263183594,143.54867553710938,295.6814270019531,160.8246612548828,295.59613037109375,140.7464599609375,305.2609558105469,147.7456817626953,305.54998779296875,150.76010131835938,325.69915771484375,163.194091796875,322.1063232421875,142.14735412597656,345.4916076660156,151.8449249267578,338.6715087890625
88,1,,158.98443603515625,271.89154052734375,158.0829315185547,270.0830078125,157.10008239746094,270.3462829589844,153.03158569335938,271.07708740234375,152.7731170654297,272.11212158203125,145.43646240234375,280.4942932128906,154.39353942871094,282.39007568359375,135.542724609375,289.317626953125,150.2161407470703,295.70068359375,141.4904327392578,297.6907958984375,158.3272247314453,298.7408752441406,140.09886169433594,306.26593017578125,146.11863708496094,306.7501525878906,150.9163055419922,326.5447998046875,161.80770874023438,323.0948791503906,142.493896484375,345.5390319824219,148.1090545654297,338.8289794921875
89,1,,159.12876892089844,273.8561096191406,158.34762573242188,271.9786376953125,157.2891387939453,272.2558898925781,153.758056640625,272.7438049316406,153.08018493652344,273.7860412597656,146.70794677734375,282.1997985839844,153.70884704589844,284.0155944824219,137.889404296875,291.70831298828125,147.73287963867188,297.8102111816406,143.76950073242188,300.34625244140625,155.9103546142578,301.99578857421875,140.20152282714844,307.2752380371094,144.94032287597656,307.8055114746094,151.74493408203125,327.4724426269531,160.77273559570312,324.5225524902344,142.79161071777344,345.4813537597656,145.2833251953125,339.9389343261719
90,1,,159.20361328125,275.630615234375,158.46139526367188,273.6812744140625,157.44219970703125,273.9584045410156,154.00352478027344,274.27655029296875,153.31260681152344,275.3287353515625,147.25587463378906,283.8592834472656,153.1624755859375,285.6102294921875,140.1783447265625,294.6263732910156,147.282958984375,300.21881103515625,146.78782653808594,302.9315490722656,156.3098907470703,304.2621154785156,139.79751586914062,308.01409912109375,143.79930114746094,308.6158447265625,152.62303161621094,328.0711975097656,160.2192840576172,325.5638732910156,143.3214569091797,345.5240478515625,143.74790954589844,341.0068359375
91,1,,158.76161193847656,276.94805908203125,158.14451599121094,274.92108154296875,156.94654846191406,275.2451171875,154.24282836914062,275.38140869140625,152.8260498046875,276.5482482910156,148.32351684570312,285.14154052734375,152.17088317871094,286.8439636230469,143.05149841308594,297.30670166015625,147.58407592773438,301.99420166015625,149.7216033935547,305.2066650390625,156.80877685546875,306.14813232421875,139.93421936035156,308.11572265625,142.56809997558594,308.8505859375,153.10292053222656,327.8309020996094,159.07589721679688,326.30914306640625,143.5418701171875,345.4790954589844,143.05126953125,342.978759765625
92,1,,157.1552276611328,277.55438232421875,156.84361267089844,275.4857177734375,155.32310485839844,275.8507995605469,153.9215545654297,275.9471435546875,151.55807495117188,277.20538330078125,148.8664093017578,285.70184326171875,150.6023406982422,287.2542724609375,145.22386169433594,299.43988037109375,146.52029418945312,303.1201477050781,152.6161651611328,306.5984191894531,156.0377197265625,307.3988342285156,139.69635009765625,307.69049072265625,140.98558044433594,308.47796630859375,153.0386199951172,327.1398010253906,157.4272918701172,326.3144226074219,143.95774841308594,345.4186096191406,142.53208923339844,344.4315490722656
93,1,,154.8573455810547,277.4813232421875,154.814208984375,275.39154052734375,153.02464294433594,275.77301025390625,152.84803771972656,275.81939697265625,149.52719116210938,277.0605163574219,149.3146514892578,285.6912841796875,148.221435546875,287.0800476074219,147.9623260498047,300.0308532714844,145.11805725097656,303.1975402832031,155.72686767578125,306.5453186035156,154.40919494628906,308.2735290527344,140.69912719726562,307.0626220703125,140.24205017089844,307.8441162109375,152.25021362304688,326.2729187011719,155.2087860107422,325.8075866699219,144.15805053710938,345.0926513671875,142.58920288085938,344.82318115234375
94,1,,152.08126831054688,277.0462341308594,152.33876037597656,274.9660949707031,150.16778564453125,275.3973388671875,151.30650329589844,275.5174560546875,146.8475799560547,276.8357238769531,149.18310546875,285.35467529296875,145.81591796875,287.0811462402344,149.13414001464844,298.92779541015625,144.1528778076172,302.7909851074219,155.77175903320312,305.46148681640625,152.48727416992188,308.06903076171875,142.12841796875,306.55218505859375,140.16897583007812,307.43792724609375,150.57037353515625,325.6573486328125,152.34506225585938,325.556884765625,144.5654754638672,344.93780517578125,142.83270263671875,344.99676513671875
95,1,,149.08367919921875,276.8653259277344,149.74131774902344,274.7364196777344,147.0087890625,275.28314208984375,150.0829315185547,275.2367858886719,143.8560333251953,276.76275634765625,149.70286560058594,284.9512023925781,142.84967041015625,287.18695068359375,150.759521484375,297.1156311035156,141.85963439941406,302.3287353515625,156.1676483154297,303.37249755859375,149.27276611328125,308.4054260253906,144.1024169921875,306.3345947265625,139.8732147216797,307.35906982421875,149.51698303222656,325.1910400390625,149.44691467285156,325.3861083984375,144.73709106445312,345.08856201171875,143.15643310546875,345.2062072753906
96,1,,146.23995971679688,276.9429016113281,147.23248291015625,274.7966003417969,144.06834411621094,275.42852783203125,148.61798095703125,275.3622741699219,141.1728515625,277.050537109375,149.80197143554688,284.7723693847656,140.17311096191406,287.6556396484375,152.6908721923828,295.56256103515625,139.7568817138672,302.3352355957031,157.5545196533203,300.88629150390625,147.1739959716797,308.3387756347656,145.79344177246094,306.4581604003906,139.8107452392578,307.8410949707031,149.20826721191406,324.6311340332031,147.1307830810547,325.966064453125,145.05245971679688,343.8773193359375,143.5868682861328,345.5206298828125
97,1,,144.32266235351562,277.6248474121094,145.38845825195312,275.4969482421875,142.16822814941406,276.1518249511719,147.1157989501953,276.0272521972656,139.35386657714844,277.7431945800781,149.97805786132812,285.09930419921875,137.7555389404297,288.8450012207031,154.86813354492188,293.7359924316406,137.93096923828125,302.84991455078125,159.39886474609375,298.5610046386719,144.78126525878906,308.46075439453125,147.8362579345703,307.2794494628906,140.16905212402344,309.10577392578125,149.69290161132812,324.88519287109375,145.3445587158203,327.2909851074219,145.4622344970703,343.113037109375,143.7147216796875,345.88812255859375
98,1,,142.91278076171875,278.5579833984375,144.16433715820312,276.43804931640625,140.65518188476562,277.12890625,146.38853454589844,277.040283203125,137.88673400878906,278.83343505859375,150.2392578125,285.7287292480469,136.14141845703125,289.9964904785156,156.71392822265625,292.88287353515625,136.26329040527344,303.0243225097656,161.6663818359375,297.1855773925781,141.82431030273438,307.7792663574219,148.83596801757812,308.2882385253906,139.99839782714844,310.4782409667969,150.7466583251953,325.5726623535156,144.28395080566406,329.29742431640625,145.82662963867188,342.1107482910156,144.14500427246094,346.8554382324219
99,1,,141.87254333496094,279.5329895019531,143.26914978027344,277.3846435546875,139.57481384277344,278.1144714355469,145.8866424560547,277.9302978515625,136.89268493652344,279.82672119140625,150.3553924560547,286.0781555175781,134.7963409423828,291.11614990234375,158.07089233398438,292.19842529296875,135.48663330078125,304.4110107421875,163.75726318359375,295.91571044921875,142.1484375,307.9716796875,148.9949188232422,308.8724365234375,139.18539428710938,311.4983215332031,152.08505249023438,325.86749267578125,143.72247314453125,330.5185852050781,146.17681884765625,341.5883483886719,144.6808319091797,347.51348876953125
100,1,,141.114013671875,279.9371337890625,142.63938903808594,277.8182373046875,138.8100128173828,278.5074157714844,145.42874145507812,278.4071044921875,136.08657836914062,280.2065124511719,150.1553497314453,286.0393981933594,133.62469482421875,291.5375061035156,158.82960510253906,291.21783447265625,134.75218200683594,304.9753112792969,165.3873748779297,295.0635681152344,142.3949432373047,307.7050476074219,148.8599395751953,308.7777099609375,138.38938903808594,311.7349853515625,152.8125762939453,325.7981262207031,142.7568817138672,331.2174987792969,147.0057373046875,340.93572998046875,145.07691955566406,347.9193115234375
101,1,,140.7221221923828,279.8330383300781,142.27671813964844,277.715087890625,138.4849395751953,278.3080139160156,144.9135284423828,278.1854553222656,135.60537719726562,279.7361755371094,149.36102294921875,285.6091003417969,132.60499572753906,291.102783203125,158.55459594726562,290.21954345703125,133.48927307128906,304.5453186035156,166.20310974121094,294.6895751953125,142.2734375,306.8806457519531,148.04827880859375,308.59759521484375,137.37353515625,311.5810241699219,152.75389099121094,325.5901184082031,141.5087890625,330.5928955078125,148.26101684570312,341.6981506347656,144.8496551513672,347.7320861816406
102,1,,140.13897705078125,278.9081726074219,141.75369262695312,276.8122863769531,137.9361572265625,277.3011474609375,144.30288696289062,277.3397216796875,134.92979431152344,278.60443115234375,148.48773193359375,284.9080505371094,131.6697540283203,290.0707702636719,158.34317016601562,289.42669677734375,132.07298278808594,303.5700988769531,166.81529235839844,294.49462890625,142.08203125,305.74749755859375,147.25340270996094,308.3199462890625,136.57119750976562,311.185791015625,151.67295837402344,325.5583801269531,140.11990356445312,330.1065673828125,148.92823791503906,342.2566833496094,144.41522216796875,347.552978515625
103,1,,139.2130126953125,277.7098388671875,140.9073486328125,275.57379150390625,137.0741424560547,275.9842224121094,143.55166625976562,276.0920715332031,134.07057189941406,277.13751220703125,147.49951171875,284.1913757324219,130.58883666992188,289.005615234375,157.716796875,289.2271423339844,130.33966064453125,302.9916076660156,166.51344299316406,294.8213806152344,142.5621337890625,304.9984130859375,146.1844024658203,307.949462890625,135.47911071777344,310.638671875,150.1969451904297,325.0606994628906,138.92587280273438,328.8111267089844,149.07647705078125,343.3539123535156,143.23104858398438,347.2803649902344
104,1,,138.3318328857422,276.639892578125,140.08367919921875,274.44805908203125,136.2215118408203,274.7833251953125,142.84544372558594,274.96368408203125,133.24755859375,275.7781982421875,146.70623779296875,283.96160888671875,129.62660217285156,287.9976501464844,157.11703491210938,289.70166015625,128.0087432861328,301.5691223144531,166.11264038085938,295.8258972167969,141.04185485839844,304.0119323730469,145.33787536621094,308.0895690917969,134.63922119140625,310.4637145996094,148.6959991455078,325.2204895019531,137.99266052246094,328.3177490234375,148.60205078125,344.4179382324219,141.97462463378906,347.54266357421875
105,1,,137.54818725585938,275.76617431640625,139.33021545410156,273.5390319824219,135.45401000976562,273.8163146972656,142.13304138183594,274.12945556640625,132.48348999023438,274.74932861328125,145.8984832763672,284.1626892089844,128.68202209472656,287.3670349121094,156.31272888183594,290.77203369140625,125.51502990722656,300.3889465332031,164.97047424316406,297.3846435546875,138.93374633789062,303.2194519042969,144.56365966796875,309.0549621582031,133.94049072265625,311.0991516113281,147.1275634765625,326.2913818359375,137.4151611328125,328.7519226074219,147.664794921875,346.0091247558594,141.00831604003906,348.38232421875
106,1,,137.15301513671875,275.4656677246094,138.9364776611328,273.2704772949219,135.00364685058594,273.45880126953125,141.53323364257812,274.1098327636719,131.7990264892578,274.4881896972656,145.39744567871094,284.7832946777344,127.81468200683594,287.15167236328125,155.27044677734375,291.8944396972656,123.22341918945312,300.1291198730469,163.8023681640625,299.3251037597656,136.0559539794922,303.4156494140625,143.8894500732422,309.7745361328125,133.1409149169922,311.2016906738281,145.72811889648438,327.5984802246094,136.50318908691406,327.99200439453125,145.94577026367188,347.9779357910156,139.96688842773438,347.1048583984375
107,1,,136.76087951660156,275.86297607421875,138.52926635742188,273.693359375,134.60275268554688,273.86328125,141.06263732910156,274.63653564453125,131.3762969970703,274.9460144042969,145.0633087158203,285.7323913574219,127.2037582397461,287.4712219238281,154.37391662597656,293.7650146484375,121.20032501220703,300.2741394042969,162.31346130371094,302.15899658203125,133.34213256835938,304.40557861328125,143.57138061523438,310.56549072265625,132.77622985839844,311.6623840332031,144.76670837402344,329.2735290527344,136.52197265625,328.7156982421875,144.82151794433594,349.7293395996094,139.7783966064453,347.5110168457031
108,1,,136.30990600585938,276.6071472167969,138.0960235595703,274.4466552734375,134.14218139648438,274.5926818847656,140.60177612304688,275.38189697265625,130.86715698242188,275.63482666015625,144.8053741455078,286.5557861328125,126.65230560302734,287.89776611328125,153.76136779785156,295.3118896484375,119.90473937988281,300.5613098144531,160.4293212890625,305.1063537597656,130.5751190185547,305.3684387207031,143.4288330078125,311.3826599121094,132.4724884033203,312.18023681640625,144.49742126464844,331.0737609863281,136.5171661376953,329.4856872558594,144.6080780029297,351.52392578125,139.8778533935547,347.66265869140625
109,1,,135.56512451171875,276.9199523925781,137.4349822998047,274.8090515136719,133.44602966308594,274.9033203125,139.9349822998047,275.876220703125,130.1439666748047,276.0238037109375,144.17535400390625,286.9862365722656,125.82946014404297,288.0670471191406,153.20034790039062,296.13623046875,118.85055541992188,300.51617431640625,157.78823852539062,306.95458984375,127.46797180175781,305.94091796875,143.01876831054688,311.8669738769531,131.88816833496094,312.4092712402344,144.2237091064453,332.2557678222656,136.0467071533203,329.7821960449219,144.9580841064453,352.68658447265625,139.6654510498047,347.3141174316406
110,1,,134.1851043701172,276.6112365722656,136.0906524658203,274.5364990234375,132.1197052001953,274.57666015625,138.5397491455078,275.658203125,128.80245971679688,275.7125244140625,143.02174377441406,286.58782958984375,124.52904510498047,287.60711669921875,152.08990478515625,296.31988525390625,118.14684295654297,300.265380859375,154.59378051757812,308.00872802734375,123.8892822265625,306.0546569824219,142.34585571289062,311.0306396484375,130.99366760253906,311.4129943847656,143.77305603027344,331.85321044921875,134.76211547851562,328.9324035644531,145.2899627685547,352.76593017578125,138.82577514648438,346.5667724609375
111,1,,131.7486572265625,275.6116943359375,133.7384033203125,273.5459289550781,129.77630615234375,273.56231689453125,136.46080017089844,274.5155944824219,126.67503356933594,274.5205383300781,141.3235321044922,285.26104736328125,122.462158203125,286.35858154296875,150.66429138183594,295.7802429199219,116.44947052001953,298.8104553222656,150.529541015625,307.72552490234375,120.05811309814453,304.5177307128906,141.54161071777344,310.3516540527344,129.8571014404297,310.9140319824219,143.02439880371094,331.860595703125,133.48934936523438,329.9813537597656,145.19314575195312,352.7176818847656,137.7855987548828,348.2407531738281
112,1,,128.8203887939453,273.6522521972656,130.8936004638672,271.547607421875,126.86297607421875,271.534912109375,133.82095336914062,272.4173583984375,123.7991714477539,272.38543701171875,138.9945526123047,283.1163024902344,119.8155746459961,284.2730712890625,148.6458740234375,294.3549499511719,114.25718688964844,296.6271057128906,145.99160766601562,306.0430603027344,115.80956268310547,301.8375244140625,139.7639617919922,308.89898681640625,127.68836212158203,309.54168701171875,141.65060424804688,330.2008056640625,130.87635803222656,329.0122375488281,144.9813232421875,351.92169189453125,135.47412109375,348.58502197265625
113,1,,125.7141342163086,271.22210693359375,127.75969696044922,269.133544921875,123.79002380371094,269.1051330566406,130.63572692871094,270.05999755859375,120.71492004394531,270.0255126953125,136.04867553710938,280.79315185546875,116.68912506103516,282.0793762207031,146.1043243408203,292.5814514160156,111.94139099121094,294.3320617675781,141.46444702148438,303.8818054199219,111.90438842773438,299.4661865234375,137.57200622558594,306.85174560546875,125.17988586425781,307.7503356933594,139.9119110107422,327.71905517578125,127.5462646484375,327.99444580078125,144.6344757080078,350.0288391113281,132.79737854003906,349.26031494140625
114,1,,122.51055145263672,269.3831481933594,124.49437713623047,267.2693176269531,120.57853698730469,267.26837158203125,127.41068267822266,268.0465087890625,117.54093933105469,268.1206359863281,133.14031982421875,278.64404296875,113.81986236572266,280.3181457519531,143.22653198242188,291.1138610839844,109.59182739257812,292.7059020996094,137.4361572265625,302.5303955078125,108.18016815185547,297.56903076171875,135.45843505859375,305.0567321777344,122.87947845458984,306.3760681152344,138.26004028320312,325.51031494140625,124.26715087890625,327.5459899902344,144.18438720703125,348.4695739746094,129.5478515625,350.7643737792969
115,1,,119.6440200805664,268.4886169433594,121.61808776855469,266.3283996582031,117.68306732177734,266.40679931640625,124.7809829711914,266.9460144042969,114.77685546875,267.2311096191406,130.65625,277.36846923828125,111.52041625976562,279.5364074707031,140.74778747558594,290.4660339355469,107.01201629638672,291.861572265625,134.50123596191406,301.9125671386719,105.39696502685547,296.5240783691406,133.4378204345703,304.64813232421875,120.82511901855469,306.4978942871094,136.43991088867188,324.52032470703125,121.47807312011719,328.57391357421875,143.2689971923828,346.6277160644531,126.34902954101562,352.3030700683594
116,1,,117.16963958740234,268.4700927734375,119.14619445800781,266.23602294921875,115.21582794189453,266.4421691894531,122.63792419433594,266.8206481933594,112.587646484375,267.4610290527344,128.613037109375,277.31011962890625,109.81739044189453,280.24273681640625,138.88987731933594,290.72430419921875,105.69007873535156,292.6377868652344,132.80894470214844,302.19805908203125,103.42402648925781,297.46484375,131.633544921875,305.07012939453125,119.0608139038086,307.5450439453125,135.16748046875,324.3646545410156,119.15592956542969,330.6994323730469,143.1219482421875,345.261962890625,123.6925048828125,354.7513732910156
117,1,,115.32183837890625,269.22076416015625,117.2426528930664,266.9677734375,113.39399719238281,267.2778625488281,120.8216781616211,267.6048278808594,110.98823547363281,268.5403747558594,126.92152404785156,278.20416259765625,108.35326385498047,281.82415771484375,137.4687042236328,291.74334716796875,104.86107635498047,294.5823974609375,132.4744873046875,303.1332092285156,102.32874298095703,299.62457275390625,129.98828125,306.31585693359375,117.48126983642578,309.36773681640625,134.85089111328125,325.0926818847656,117.4183120727539,333.3901672363281,142.46731567382812,343.75103759765625,122.19800567626953,356.644287109375
118,1,,113.59603881835938,270.3263244628906,115.53030395507812,268.0229797363281,111.60437774658203,268.426513671875,119.31778717041016,268.6456604003906,109.30657958984375,269.8138732910156,125.42549896240234,279.3235168457031,106.94332122802734,283.5816955566406,135.85513305664062,292.7841796875,103.87796783447266,296.7611083984375,132.5543670654297,304.23675537109375,102.01178741455078,302.31475830078125,128.36666870117188,308.3621520996094,115.9294204711914,311.90789794921875,133.5817108154297,326.77911376953125,116.01371765136719,336.6833801269531,140.05752563476562,342.969970703125,120.72601318359375,358.4603576660156
119,1,,111.62389373779297,270.6728210449219,113.57646179199219,268.33563232421875,109.58660888671875,268.84478759765625,117.56647491455078,269.00811767578125,107.39212799072266,270.43365478515625,123.4896011352539,279.8201599121094,105.23487854003906,284.5954284667969,133.56190490722656,292.9717712402344,102.42329406738281,298.2151794433594,132.2913055419922,304.3395080566406,101.77618408203125,304.4954528808594,126.21066284179688,309.7205810546875,113.97950744628906,313.62237548828125,131.278564453125,328.1842956542969,114.66089630126953,338.9086608886719,138.0472869873047,342.7710266113281,120.10388946533203,359.4372863769531
120,1,,109.39299774169922,269.7900085449219,111.3638916015625,267.4041748046875,107.3022232055664,267.9763488769531,115.45077514648438,268.1434326171875,105.14161682128906,269.7351989746094,121.33842468261719,279.353271484375,102.9842529296875,284.3656921386719,131.19000244140625,292.18572998046875,100.51702880859375,298.47918701171875,132.25186157226562,303.52825927734375,100.60899353027344,304.23541259765625,123.54749298095703,309.69891357421875,111.41303253173828,313.6471862792969,128.3656005859375,328.9723205566406,113.25933837890625,339.4615478515625,135.47569274902344,343.6609191894531,119.71878051757812,359.73388671875
121,1,,106.89436340332031,267.908935546875,108.8581771850586,265.5184020996094,104.72559356689453,266.1231689453125,112.93508911132812,266.28955078125,102.50016021728516,267.9427490234375,118.75602722167969,277.719482421875,100.24214935302734,282.6142883300781,128.21780395507812,290.2920227050781,97.7596664428711,297.3200988769531,131.67892456054688,301.67608642578125,99.53665161132812,303.82110595703125,120.45027923583984,308.30029296875,108.45684051513672,312.1175537109375,123.96595001220703,328.61016845703125,111.15734100341797,338.3252868652344,131.35427856445312,344.1690368652344,118.68367004394531,358.8761291503906
122,1,,104.34143829345703,265.358154296875,106.31642150878906,262.94012451171875,102.0636215209961,263.5632019042969,110.31037139892578,263.78607177734375,99.66802978515625,265.4499206542969,116.11865997314453,275.367919921875,97.4354476928711,280.1051025390625,125.21774291992188,287.4715576171875,95.13792419433594,295.6083984375,130.8868408203125,298.7705078125,98.38651275634766,302.032958984375,117.58419799804688,305.9887390136719,105.70420837402344,309.3859558105469,118.6716537475586,327.9006652832031,108.63758087158203,335.4449462890625,126.45048522949219,346.4388732910156,117.06536102294922,357.1242370605469
123,1,,101.83979034423828,262.9224853515625,103.87818908691406,260.48687744140625,99.53849792480469,261.1029357910156,107.89869689941406,261.4521484375,97.13795471191406,263.06298828125,113.5469970703125,273.1944885253906,94.91635131835938,277.71563720703125,122.47249603271484,285.15802001953125,92.27391052246094,293.9202575683594,130.20028686523438,295.7253112792969,96.28299713134766,298.921630859375,114.8996353149414,303.3721008300781,103.33695983886719,306.36236572265625,113.81425476074219,326.5143737792969,106.50660705566406,332.154541015625,122.1556167602539,348.2446594238281,115.73181915283203,355.3720397949219
124,1,,99.9657211303711,261.11712646484375,102.03720092773438,258.7116394042969,97.66706085205078,259.2663879394531,105.94506072998047,259.8556213378906,95.23372650146484,261.27545166015625,111.87273406982422,271.84368896484375,92.60951232910156,275.9264221191406,120.62194061279297,283.1814880371094,90.04120635986328,292.70166015625,130.05047607421875,292.9305114746094,95.01841735839844,296.8330383300781,112.63813781738281,301.8441162109375,100.93099212646484,304.22979736328125,110.13463592529297,326.74761962890625,104.597900390625,329.7124328613281,116.51763153076172,351.012451171875,114.59790802001953,353.5529479980469
125,1,,98.66914367675781,260.6392517089844,100.77588653564453,258.2998962402344,96.40215301513672,258.796142578125,104.59483337402344,259.6652526855469,93.97643280029297,260.8951721191406,110.73643493652344,271.81964111328125,90.97418212890625,275.3865661621094,119.30400085449219,282.3561096191406,88.37911987304688,292.3744812011719,129.837890625,291.16119384765625,94.61540985107422,296.7821350097656,111.12459564208984,301.81378173828125,99.2917709350586,303.6305847167969,107.55924987792969,327.9014587402344,103.08329772949219,328.29876708984375,111.58174133300781,353.6354064941406,113.93499755859375,351.9898986816406
126,1,,97.57582092285156,261.4863586425781,99.72090911865234,259.1539611816406,95.33251953125,259.6454772949219,103.53907775878906,260.6663818359375,92.99444580078125,261.8542175292969,109.90921020507812,273.1393737792969,89.90792846679688,276.3157958984375,118.30062866210938,283.0718688964844,87.43281555175781,293.20184326171875,129.62811279296875,290.9586181640625,94.32083129882812,296.5464782714844,109.75579833984375,303.2059326171875,97.97020721435547,304.476806640625,105.52845001220703,330.2696533203125,102.09953308105469,328.181884765625,106.86324310302734,356.4654846191406,113.72052001953125,350.7585754394531
127,1,,96.29379272460938,263.1081848144531,98.49287414550781,260.7918701171875,94.10610961914062,261.2569885253906,102.46188354492188,262.3498840332031,91.9338150024414,263.4284362792969,109.04310607910156,275.308837890625,88.79186248779297,277.7369384765625,117.2476806640625,284.98516845703125,85.97322845458984,294.0633850097656,129.113525390625,292.201171875,93.3199234008789,296.9643249511719,108.1982421875,305.7877197265625,96.47701263427734,306.4232482910156,103.65139770507812,333.4168701171875,100.88028717041016,329.2239990234375,102.94176483154297,359.2224426269531,113.57620239257812,350.23553466796875
128,1,,94.7317886352539,264.9389343261719,96.90852355957031,262.6764221191406,92.57782745361328,263.13641357421875,100.7647933959961,264.3753662109375,90.4546890258789,265.43011474609375,107.73212432861328,277.6470642089844,87.18648529052734,279.4817199707031,115.91169738769531,287.1571960449219,84.63912963867188,295.31341552734375,127.8128433227539,294.32025146484375,91.95088195800781,298.3333740234375,106.10200500488281,308.2965087890625,94.22216796875,308.3865966796875,101.5095443725586,336.9501953125,98.41211700439453,330.6169128417969,99.9122543334961,362.37567138671875,112.57750701904297,350.0303649902344
129,1,,92.47927856445312,266.2447814941406,94.6671371459961,263.96405029296875,90.30077362060547,264.4675598144531,98.4859848022461,265.71942138671875,88.14764404296875,266.87005615234375,105.3656234741211,279.3515930175781,84.98863220214844,280.879150390625,113.3774642944336,289.4971923828125,82.54877471923828,296.3795471191406,125.32703399658203,297.32232666015625,89.16229248046875,299.1005554199219,103.41893768310547,310.14105224609375,91.65821838378906,309.9620361328125,98.2955093383789,338.6583557128906,94.73027801513672,331.7046813964844,97.08180236816406,363.69696044921875,110.11290740966797,350.2690734863281
130,1,,89.68850708007812,266.8646545410156,91.87983703613281,264.5359802246094,87.50040435791016,265.0921325683594,95.73807525634766,266.2147521972656,85.3556900024414,267.4972229003906,102.47794342041016,280.0540771484375,82.3195571899414,281.51678466796875,110.25818634033203,291.3011779785156,79.92765808105469,296.7645263671875,121.48870086669922,300.09063720703125,85.77377319335938,299.3439025878906,100.3939208984375,311.0935974121094,88.68934631347656,310.958251953125,94.75169372558594,339.4204406738281,90.85127258300781,333.0972595214844,94.51553344726562,364.1183166503906,106.17511749267578,351.7422180175781
131,1,,86.78739929199219,266.5787048339844,88.96871948242188,264.22943115234375,84.57982635498047,264.76800537109375,92.7595443725586,265.8539123535156,82.33616638183594,267.12945556640625,99.373779296875,279.8245544433594,79.48502349853516,281.2729797363281,106.96078491210938,292.42608642578125,77.34980773925781,296.5615234375,116.29177856445312,301.9500732421875,81.44602966308594,299.23333740234375,97.16566467285156,311.42132568359375,85.41238403320312,311.3992004394531,91.63994598388672,339.36199951171875,86.59668731689453,334.32354736328125,92.90217590332031,364.0606689453125,101.33677673339844,353.8453063964844
132,1,,84.3813705444336,265.7557373046875,86.52877044677734,263.38616943359375,82.11670684814453,263.9045104980469,90.02888488769531,265.0190734863281,79.60054016113281,266.3130798339844,96.23787689208984,278.8856201171875,76.94709777832031,280.8246154785156,103.66608428955078,292.83642578125,75.92313385009766,296.52032470703125,110.21404266357422,303.497314453125,77.53030395507812,299.01800537109375,94.16741943359375,310.7908630371094,82.46835327148438,311.2012023925781,89.2384033203125,338.4493713378906,82.95905303955078,335.4940490722656,91.64627075195312,363.630126953125,95.82966613769531,356.83038330078125
133,1,,82.27003479003906,264.7287292480469,84.404541015625,262.301025390625,80.00059509277344,262.7986755371094,87.88175964355469,263.7798767089844,77.39903259277344,265.0873718261719,93.963623046875,277.751220703125,75.00537872314453,279.9607238769531,101.0525894165039,293.0265197753906,74.52528381347656,296.0185546875,103.81961822509766,304.19683837890625,74.0419692993164,298.6219177246094,91.97502899169922,310.5692443847656,80.16146850585938,311.2069091796875,87.9509506225586,338.1176452636719,80.21528625488281,336.67041015625,91.05809020996094,364.0653381347656,90.62190246582031,359.9311828613281
134,1,,80.64362335205078,264.0628662109375,82.78868103027344,261.58697509765625,78.38612365722656,262.017822265625,86.28877258300781,262.9583740234375,75.7557373046875,264.1637268066406,92.2870101928711,276.8847961425781,73.69950866699219,279.19000244140625,99.33425903320312,293.1170349121094,73.62592315673828,295.2868957519531,98.0730972290039,303.9309997558594,70.95223236083984,298.0456237792969,90.51158142089844,310.3656005859375,78.57270812988281,311.1579284667969,87.88371276855469,338.2149353027344,78.41461181640625,338.07843017578125,91.39752960205078,365.1166687011719,85.8585205078125,363.4739074707031
135,1,,79.38800811767578,263.57769775390625,81.49744415283203,261.10528564453125,77.12551879882812,261.49456787109375,84.9857406616211,262.5063171386719,74.54021453857422,263.67059326171875,91.10023498535156,276.490966796875,72.92263793945312,278.7490234375,97.76636505126953,293.3038024902344,73.12298583984375,294.9515686035156,92.94510650634766,303.1509094238281,67.9994888305664,297.67877197265625,89.41289520263672,310.5443115234375,77.3481674194336,311.3091735839844,88.19522094726562,338.6799621582031,76.33269500732422,338.9962463378906,92.05623626708984,366.66943359375,81.6153335571289,366.2417907714844
136,1,,78.11792755126953,263.2221984863281,80.23775482177734,260.7154541015625,75.84156036376953,261.1098327636719,83.81302642822266,262.1014404296875,73.28153991699219,263.30078125,89.91766357421875,275.977783203125,72.01522064208984,278.4135437011719,96.09129333496094,293.321533203125,72.6164779663086,294.9527587890625,88.2977294921875,302.2747802734375,65.7645034790039,297.3858642578125,88.66878509521484,310.19964599609375,76.40913391113281,310.9990234375,88.65018463134766,338.8258056640625,74.73221588134766,339.6937255859375,92.74227905273438,367.88433837890625,77.52330017089844,368.4644775390625
137,1,,76.09575653076172,263.08990478515625,78.27694702148438,260.5825500488281,73.88220977783203,260.9495849609375,82.1999282836914,261.9705505371094,71.5675277709961,263.0931701660156,88.386474609375,275.75592041015625,70.58123016357422,278.01904296875,93.87541961669922,293.21575927734375,70.54126739501953,294.3463439941406,83.81979370117188,300.7082214355469,63.04174041748047,297.0090637207031,87.398193359375,310.0779724121094,74.8392105102539,310.81329345703125,88.2583999633789,338.7462463378906,72.43106079101562,340.0850830078125,93.1937484741211,368.0439758300781,73.23108673095703,369.62628173828125
138,1,,73.88431549072266,262.896728515625,76.08436584472656,260.38641357421875,71.67384338378906,260.76922607421875,80.18213653564453,261.7998046875,69.43535614013672,262.9621276855469,86.20421600341797,275.495361328125,68.69577026367188,277.8657531738281,90.59661865234375,292.68231201171875,68.0600814819336,293.906494140625,79.24142456054688,299.0756530761719,59.907264709472656,296.4060363769531,85.4887466430664,309.8883972167969,72.80812072753906,310.7257995605469,87.1160888671875,338.48846435546875,69.83880615234375,340.3791809082031,93.02579498291016,367.7483215332031,68.85208892822266,370.37921142578125
139,1,,71.4917984008789,262.7142333984375,73.6090087890625,260.2293395996094,69.24835205078125,260.6654357910156,77.66366577148438,261.64031982421875,66.99800109863281,262.9640808105469,83.63147735595703,275.2422180175781,66.3736343383789,277.74334716796875,87.02008819580078,292.4755859375,65.2563705444336,293.8028259277344,74.39176177978516,297.7745361328125,56.55738830566406,296.0810546875,82.79857635498047,309.5623779296875,70.02218627929688,310.587890625,85.1687240600586,337.82403564453125,66.6872329711914,340.2058410644531,92.3095932006836,366.5548095703125,64.71218872070312,370.3247985839844
140,1,,68.76360321044922,263.0038757324219,70.91788482666016,260.5288391113281,66.53146362304688,260.9431457519531,75.04773712158203,261.91558837890625,64.22136688232422,263.2158203125,80.73049926757812,275.4325866699219,63.58821487426758,277.9871826171875,83.34497833251953,292.5956726074219,62.22316360473633,293.9206848144531,69.39229583740234,297.0846252441406,53.2265739440918,296.26300048828125,79.52287292480469,309.7599182128906,66.66383361816406,310.91546630859375,82.818603515625,337.6794738769531,63.69266128540039,340.61474609375,91.2503662109375,365.36956787109375,61.34239959716797,370.20599365234375
141,1,,66.33666229248047,263.7729797363281,68.45759582519531,261.3548278808594,64.14797973632812,261.7679138183594,72.59893798828125,262.7080383300781,61.89528274536133,264.04388427734375,78.14149475097656,276.2349853515625,61.198036193847656,278.64959716796875,80.27831268310547,293.3691101074219,59.323299407958984,294.3514709472656,65.41429901123047,297.0840759277344,50.339698791503906,296.9080505371094,76.22103118896484,310.6644287109375,63.453426361083984,311.90618896484375,80.2590560913086,337.9549255371094,60.95842742919922,341.1053771972656,90.20406341552734,364.41217041015625,59.064666748046875,370.0404968261719
142,1,,64.45216369628906,264.7405090332031,66.55424499511719,262.2717590332031,62.21475601196289,262.7545471191406,70.7099609375,263.56732177734375,59.94230651855469,265.1383972167969,76.23270416259766,277.2394104003906,59.40675735473633,279.887939453125,78.01850128173828,294.4154357910156,57.48613357543945,295.7469482421875,62.925209045410156,297.9353332519531,48.31759262084961,298.3933410644531,73.69451904296875,311.4453430175781,61.036781311035156,312.80291748046875,77.97095489501953,338.61456298828125,58.933204650878906,341.7431335449219,89.05276489257812,364.3238525390625,57.87116241455078,370.1080322265625
143,1,,63.11000442504883,265.83416748046875,65.2334213256836,263.3123474121094,60.80666732788086,263.829833984375,69.4065933227539,264.6500244140625,58.50422286987305,266.3380126953125,74.89769744873047,278.5509948730469,58.13414001464844,281.18768310546875,76.91260528564453,295.9902648925781,56.343650817871094,297.31573486328125,61.9791145324707,299.1921691894531,47.42821502685547,300.4403076171875,71.87866973876953,312.3330078125,59.36503982543945,313.69818115234375,75.92379760742188,339.3767395019531,57.417179107666016,342.53033447265625,87.80574035644531,364.34222412109375,57.667179107666016,370.2784423828125
144,1,,62.16891098022461,266.878173828125,64.35208892822266,264.29351806640625,59.81950378417969,264.8162536621094,68.56140899658203,265.6683654785156,57.46378707885742,267.3537902832031,73.98594665527344,279.79449462890625,57.16346740722656,282.4002990722656,76.24848175048828,297.45465087890625,55.56916046142578,298.7412109375,61.99138259887695,300.9076232910156,47.484928131103516,302.2510070800781,70.97183227539062,313.136962890625,58.58123016357422,314.45220947265625,74.20935821533203,340.1578063964844,56.67072677612305,343.404541015625,86.32499694824219,364.81805419921875,58.22370147705078,370.6958312988281
145,1,,61.35068893432617,267.3352355957031,63.531673431396484,264.6907653808594,58.93616485595703,265.2579345703125,67.73218536376953,266.0811767578125,56.55021286010742,267.8480224609375,73.28893280029297,280.3749084472656,56.30198669433594,282.98651123046875,75.95808410644531,298.3663024902344,54.87644958496094,299.5687561035156,62.773983001708984,302.50445556640625,47.88520050048828,303.5972595214844,70.32173156738281,313.36944580078125,58.00993728637695,314.6405944824219,72.52172088623047,340.5135192871094,56.16302490234375,343.8645324707031,84.12995147705078,365.3847961425781,58.57661437988281,371.17254638671875
146,1,,60.32389450073242,267.0500183105469,62.56269073486328,264.30987548828125,57.82402038574219,264.9092712402344,66.79541015625,265.7460021972656,55.3464469909668,267.56927490234375,72.40055847167969,280.2210388183594,55.063045501708984,283.0209655761719,75.52478790283203,298.25360107421875,53.8453254699707,299.79388427734375,64.3369369506836,303.90802001953125,47.74365997314453,304.1405944824219,69.6197280883789,312.99127197265625,57.301490783691406,314.2679443359375,70.61563873291016,340.5228271484375,55.56904220581055,343.8514404296875,81.12886047363281,366.2311096191406,58.955421447753906,371.5379943847656
147,1,,59.26276779174805,266.1972961425781,61.46590805053711,263.5132751464844,56.76188659667969,264.09783935546875,65.47095489501953,265.0353698730469,54.150569915771484,266.7651062011719,71.14628601074219,279.51434326171875,53.2799072265625,282.2727355957031,74.89383697509766,297.43243408203125,52.162715911865234,299.1004943847656,66.43218231201172,304.72021484375,47.294700622558594,303.5616760253906,68.68632507324219,312.57000732421875,56.29566955566406,313.8703308105469,68.90739440917969,340.5611267089844,55.07841491699219,343.657958984375,77.64682006835938,367.1347351074219,59.019676208496094,371.730224609375
148,1,,57.777488708496094,265.24298095703125,59.950748443603516,262.5973815917969,55.309852600097656,263.1550598144531,63.896278381347656,264.0636291503906,52.67246627807617,265.6717529296875,69.72545623779297,278.5730285644531,51.145416259765625,281.1954650878906,73.84281158447266,296.0771789550781,49.54376220703125,297.8804931640625,68.60015106201172,304.6940002441406,46.0103645324707,302.1696472167969,67.25448608398438,312.2333068847656,54.72122573852539,313.474609375,66.94877624511719,340.62982177734375,54.45279312133789,343.2846374511719,73.27742004394531,368.2581481933594,58.79755401611328,371.9427490234375
149,1,,56.29952621459961,264.27606201171875,58.45561981201172,261.6577453613281,53.86519241333008,262.2211608886719,62.43095779418945,263.11279296875,51.28852081298828,264.6884460449219,68.43226623535156,277.6617736816406,49.19504165649414,280.2485656738281,72.64743041992188,294.68426513671875,47.01890182495117,296.83843994140625,70.76824951171875,304.40985107421875,44.51823425292969,300.5318908691406,65.73606872558594,311.77679443359375,53.06336212158203,312.9428405761719,65.17070007324219,340.7978515625,53.97931671142578,342.75408935546875,68.96026611328125,369.3865966796875,58.311363220214844,371.7081604003906
150,1,,55.303775787353516,263.76043701171875,57.47990036010742,261.120849609375,52.84989929199219,261.6835632324219,61.42427062988281,262.58197021484375,50.19785690307617,264.1072082519531,67.42790222167969,277.26702880859375,47.53181076049805,279.8092956542969,71.88082122802734,293.8531188964844,44.86991500854492,296.36004638671875,73.21350860595703,304.41607666015625,43.278141021728516,299.04107666015625,64.69660949707031,311.5233459472656,51.84125518798828,312.6125793457031,63.92011260986328,341.140380859375,53.63101577758789,342.3046875,65.60688018798828,370.6830139160156,57.8203239440918,371.4964904785156
151,1,,54.71450424194336,263.7460021972656,56.88170623779297,261.1883239746094,52.306087493896484,261.6959228515625,60.71602249145508,262.7342834472656,49.62328338623047,264.0602111816406,66.7571029663086,277.4305114746094,46.333858489990234,279.76904296875,71.2693862915039,293.9471435546875,43.34238052368164,296.4393310546875,75.25575256347656,304.97088623046875,42.72628402709961,297.93695068359375,63.983890533447266,311.76788330078125,50.96926498413086,312.78961181640625,63.02859115600586,341.7559814453125,53.511940002441406,342.2773742675781,62.86785125732422,371.64569091796875,57.3296012878418,371.21331787109375
152,1,,54.35894012451172,264.5952453613281,56.5473747253418,262.0133361816406,51.964508056640625,262.5150146484375,60.47161102294922,263.5095520019531,49.345741271972656,264.7904968261719,66.54153442382812,278.3674621582031,45.77309799194336,280.52105712890625,70.80091094970703,295.217529296875,42.25956726074219,297.3953857421875,75.95926666259766,306.0304870605469,42.2149772644043,297.6770935058594,63.336578369140625,312.5465393066406,50.22734069824219,313.4513244628906,62.035308837890625,342.6195373535156,53.24882507324219,342.8036804199219,61.03924560546875,372.54534912109375,57.175048828125,371.4937438964844
153,1,,54.36687469482422,265.5494384765625,56.57274627685547,262.9063415527344,51.93452072143555,263.4410705566406,60.484825134277344,264.3671875,49.281211853027344,265.7086486816406,66.4859619140625,279.3769836425781,45.56373977661133,281.5509948730469,70.63029479980469,296.8800964355469,41.92460632324219,298.8640441894531,76.50794982910156,307.5965270996094,42.05435562133789,297.7418518066406,63.10780715942383,313.1278991699219,49.942874908447266,314.0358581542969,61.529666900634766,343.1606750488281,52.98552322387695,343.234619140625,60.287803649902344,372.9204406738281,56.810264587402344,371.5354919433594
154,1,,54.132015228271484,266.4981384277344,56.2971305847168,263.88104248046875,51.73781204223633,264.4319152832031,60.18378448486328,265.34344482421875,49.19403076171875,266.720703125,66.2358169555664,280.56634521484375,45.60993957519531,282.64251708984375,70.42277526855469,298.4542236328125,41.97665023803711,300.0091857910156,76.06686401367188,309.6395263671875,41.89139175415039,299.3238830566406,62.641990661621094,314.703125,49.73324203491211,315.5651550292969,60.74140548706055,344.3438415527344,52.81236267089844,344.4747314453125,59.58315658569336,373.45001220703125,56.7535285949707,372.1585388183594
155,1,,53.6325798034668,267.03790283203125,55.73725509643555,264.49432373046875,51.31450653076172,265.0430908203125,59.579368591308594,265.9686584472656,48.861331939697266,267.3472900390625,65.713623046875,281.43426513671875,45.26110076904297,283.1861267089844,69.46265411376953,300.1554870605469,41.505943298339844,300.8976745605469,73.2944564819336,312.5487060546875,41.50037384033203,303.0634460449219,61.82767868041992,315.9473876953125,49.0771484375,316.6614685058594,59.50568389892578,345.1298522949219,52.098270416259766,345.2298889160156,58.6293830871582,373.5963439941406,56.538970947265625,372.4599914550781
156,1,,52.94336700439453,267.1615905761719,55.04058074951172,264.6250305175781,50.69359588623047,265.14727783203125,58.916141510009766,266.1034851074219,48.335899353027344,267.414306640625,65.08345031738281,281.8234558105469,44.58061599731445,283.2004089355469,68.52135467529297,300.60003662109375,40.45969772338867,301.00604248046875,71.79277038574219,312.4954833984375,41.06140899658203,304.3389892578125,61.01465606689453,316.3721618652344,48.241214752197266,316.83111572265625,58.35859680175781,345.2962646484375,50.81208801269531,345.07183837890625,57.59858703613281,373.36700439453125,55.8683967590332,371.9542541503906
157,1,,52.23060607910156,266.7903137207031,54.32169723510742,264.2581787109375,50.05958557128906,264.76226806640625,58.21425247192383,265.8693542480469,47.837615966796875,267.1549987792969,64.56885528564453,281.8580627441406,44.033119201660156,283.0002136230469,67.55038452148438,300.6760559082031,39.56629943847656,300.7749938964844,68.758056640625,310.785888671875,40.76576232910156,303.6944885253906,60.33298110961914,316.6800842285156,47.48649215698242,316.90362548828125,57.465415954589844,345.4801025390625,49.319847106933594,344.75897216796875,56.43924331665039,373.01226806640625,55.1020622253418,371.0115661621094
158,1,,51.67866897583008,266.44537353515625,53.77226257324219,263.9332275390625,49.56856918334961,264.3926696777344,57.62047576904297,265.580322265625,47.3702278137207,266.7566833496094,63.96043014526367,281.5826416015625,43.48359680175781,282.5073547363281,66.67057037353516,300.3788146972656,38.72125244140625,300.3005676269531,67.06546783447266,309.6333312988281,40.56170654296875,302.8902893066406,59.6734619140625,316.8265075683594,46.812191009521484,316.8616027832031,56.7381477355957,345.8419189453125,48.08142852783203,344.6101379394531,55.50497055053711,373.1657409667969,54.265419006347656,370.4130554199219
159,1,,51.401363372802734,266.25677490234375,53.60523986816406,263.6946716308594,49.262638092041016,264.11279296875,57.555477142333984,265.22930908203125,46.95132064819336,266.3187561035156,63.897769927978516,281.01763916015625,42.996341705322266,281.796630859375,65.99224853515625,300.2835998535156,38.08658981323242,300.2059631347656,64.72860717773438,307.5155944824219,39.99224853515625,301.2703857421875,59.639259338378906,316.4290466308594,46.372745513916016,316.2398986816406,56.72672653198242,345.7936706542969,46.86057662963867,343.7906494140625,55.127891540527344,373.1336975097656,53.406211853027344,369.2225036621094
160,1,,51.34709930419922,266.3900146484375,53.67719650268555,263.7674560546875,49.170310974121094,264.15386962890625,57.77485275268555,265.12078857421875,46.78684997558594,266.137939453125,64.09610748291016,280.52679443359375,42.94297409057617,281.3603820800781,66.08336639404297,299.7778625488281,38.08859634399414,300.0840759277344,65.02001190185547,304.486572265625,39.60957336425781,297.6814270019531,59.99946212768555,316.2737731933594,46.437828063964844,315.9505615234375,57.28962326049805,345.9079895019531,46.13604736328125,343.16845703125,55.250648498535156,373.301025390625,52.6651496887207,368.1189880371094
161,1,,51.31808090209961,266.6628723144531,53.71533203125,263.9564514160156,49.04377746582031,264.38897705078125,57.94542694091797,265.10296630859375,46.57290267944336,266.23345947265625,64.33390045166016,280.2831115722656,43.026058197021484,281.26129150390625,66.33506774902344,300.0428466796875,38.459720611572266,300.2247619628906,65.20848846435547,304.5008544921875,39.051422119140625,296.10235595703125,60.27615737915039,316.3798522949219,46.52548599243164,316.0472717285156,57.81656265258789,346.2146911621094,45.752655029296875,343.1592102050781,55.42070007324219,373.8782653808594,51.99285888671875,368.05157470703125
162,1,,51.168155670166016,267.0254211425781,53.66685485839844,264.2987976074219,48.85205841064453,264.68438720703125,58.036556243896484,265.1565856933594,46.26150894165039,266.1720275878906,64.3390121459961,280.0352783203125,42.911251068115234,280.8349914550781,66.70905303955078,300.63909912109375,38.65841293334961,300.34051513671875,64.80927276611328,304.47509765625,38.42398452758789,296.21246337890625,60.36521530151367,316.31915283203125,46.47674560546875,315.9304504394531,58.39871597290039,346.2214050292969,45.767539978027344,343.11676025390625,55.83551788330078,374.32470703125,50.75492477416992,368.58770751953125
163,1,,50.7955436706543,267.1969909667969,53.30521011352539,264.5154724121094,48.52052307128906,264.8553161621094,57.72836685180664,265.1334533691406,45.931068420410156,266.05194091796875,64.25849914550781,279.6753845214844,42.55097961425781,280.31829833984375,66.8002700805664,300.8808288574219,38.676124572753906,300.19964599609375,62.700531005859375,303.6214904785156,37.74531173706055,296.6643981933594,60.2879753112793,315.9493103027344,46.137367248535156,315.5191955566406,58.515933990478516,345.9958190917969,45.74123764038086,343.06878662109375,56.000221252441406,374.560546875,49.26493453979492,369.4200744628906
164,1,,50.153236389160156,266.919677734375,52.66327667236328,264.2977294921875,47.91571044921875,264.5993347167969,57.062679290771484,265.05621337890625,45.3083610534668,265.88409423828125,63.52180862426758,279.5073547363281,41.782752990722656,280.2312927246094,66.4878921508789,300.55340576171875,38.12830352783203,299.84576416015625,62.27372741699219,303.500244140625,37.07719421386719,296.62078857421875,59.63888168334961,315.2874755859375,45.4116096496582,315.01220703125,58.058372497558594,345.5822448730469,45.34086990356445,343.2356262207031,55.89806365966797,374.8485412597656,47.26404571533203,370.7228698730469
165,1,,49.40439987182617,266.4112854003906,51.836299896240234,263.8400573730469,47.13298416137695,264.13665771484375,56.05182647705078,264.8530578613281,44.44811248779297,265.65789794921875,62.52730941772461,279.4145812988281,40.9311408996582,280.15789794921875,66.18721771240234,300.376708984375,37.27279281616211,299.45758056640625,61.446712493896484,302.4378967285156,35.95060348510742,296.32672119140625,58.951499938964844,314.6932067871094,44.813873291015625,314.5664367675781,57.36285400390625,345.1998291015625,45.09368896484375,343.6235656738281,55.314537048339844,374.93536376953125,45.145694732666016,372.17645263671875
166,1,,48.88296127319336,265.8168029785156,51.31403732299805,263.3066101074219,46.62336349487305,263.5248107910156,55.33804702758789,264.6566467285156,43.827945709228516,265.2437438964844,61.5023307800293,279.43914794921875,40.034812927246094,279.9742736816406,65.55982971191406,300.0334777832031,36.1856689453125,299.062255859375,60.69332504272461,299.88330078125,35.05475997924805,296.385986328125,58.1551399230957,314.4611511230469,44.108245849609375,314.4252624511719,56.83738708496094,345.1364440917969,44.6783447265625,344.3074951171875,54.904869079589844,374.97930908203125,43.34876251220703,373.75323486328125
167,1,,48.069095611572266,265.6158447265625,50.44462966918945,263.0625,45.778785705566406,263.3440246582031,54.55712127685547,264.4113464355469,43.01524353027344,265.1031494140625,60.78180694580078,279.55078125,39.07254409790039,280.1134033203125,64.81694793701172,299.124755859375,35.17821502685547,298.630615234375,62.74422836303711,300.59393310546875,35.50056076049805,298.8147888183594,57.899696350097656,314.611572265625,43.64602279663086,314.7299499511719,56.30427551269531,345.4197082519531,44.15913391113281,345.0510559082031,54.575313568115234,375.423583984375,41.95311737060547,375.00335693359375
168,1,,47.60978698730469,265.7157897949219,49.99555969238281,263.14483642578125,45.218223571777344,263.4648132324219,54.13674545288086,264.630859375,42.30354690551758,265.3861999511719,60.114280700683594,279.90911865234375,38.43112564086914,280.7580871582031,64.28768157958984,298.1112060546875,34.98035430908203,298.9434814453125,64.12521362304688,301.4105529785156,36.58208465576172,302.1263732910156,57.79304504394531,315.3488464355469,43.524192810058594,315.6771240234375,56.48664093017578,345.6823425292969,43.96263885498047,345.67462158203125,54.37544250488281,375.4017333984375,41.41090393066406,375.3918151855469
169,1,,47.38841247558594,266.3207702636719,49.77870178222656,263.6803283691406,44.90732955932617,264.0467224121094,53.94353485107422,265.0715637207031,41.882110595703125,265.93115234375,59.982852935791016,280.4494934082031,38.09770202636719,281.56011962890625,64.57634735107422,298.2804260253906,34.78213119506836,299.8103942871094,64.92667388916016,301.46435546875,36.18972396850586,303.4203796386719,58.073246002197266,316.5160827636719,43.648193359375,317.0154113769531,56.841129302978516,346.3915100097656,43.77953338623047,346.85772705078125,54.70317077636719,375.8173522949219,41.132442474365234,376.4662170410156
170,1,,47.23104476928711,267.1842346191406,49.66496658325195,264.5152893066406,44.759342193603516,264.8769226074219,53.90884780883789,265.78216552734375,41.73371505737305,266.6261291503906,59.86091995239258,280.93975830078125,37.895328521728516,282.43182373046875,64.31744384765625,297.9923400878906,34.69285202026367,300.79840087890625,66.34806060791016,302.1982116699219,36.93212127685547,304.8323974609375,58.51151657104492,317.1458435058594,43.99354934692383,317.899658203125,56.96444320678711,346.867919921875,43.48461151123047,347.75830078125,55.22978591918945,376.1807861328125,41.63728332519531,377.3501892089844
171,1,,46.877140045166016,268.1479187011719,49.24588394165039,265.4753723144531,44.413108825683594,265.8712158203125,53.48134994506836,266.5221862792969,41.39523696899414,267.4987487792969,59.82688522338867,281.4446105957031,37.63594436645508,283.3505554199219,64.22148895263672,298.26043701171875,34.755859375,301.7698974609375,65.0074462890625,303.42388916015625,37.239383697509766,305.7748718261719,58.994140625,317.7630310058594,44.2610969543457,318.6802978515625,57.09248733520508,347.4417419433594,43.668296813964844,348.5154724121094,55.57568359375,376.7874755859375,42.147064208984375,378.1498107910156
172,1,,46.742958068847656,268.4482727050781,49.04036331176758,265.84100341796875,44.21086883544922,266.2230529785156,52.92633056640625,267.0383605957031,40.99611282348633,268.00579833984375,59.19392776489258,281.53289794921875,37.31032180786133,283.8492126464844,63.91061019897461,298.25115966796875,34.56545639038086,302.4342346191406,64.7196044921875,302.76708984375,35.86993408203125,304.3030090332031,58.79884338378906,317.62347412109375,44.2988395690918,318.7718505859375,57.075843811035156,347.38385009765625,43.688785552978516,348.9334411621094,55.53554916381836,376.8525695800781,42.6847038269043,378.7932434082031
173,1,,46.148983001708984,268.2951354980469,48.4109992980957,265.68463134765625,43.62984848022461,266.054931640625,52.1689453125,266.9350280761719,40.432334899902344,267.9093322753906,58.63191223144531,281.3708801269531,36.7079963684082,283.6834716796875,63.11909484863281,298.97625732421875,33.37218475341797,302.4438781738281,62.26485061645508,301.6990661621094,34.17875671386719,301.65435791015625,58.5874137878418,317.1604919433594,44.039493560791016,318.3308410644531,56.54464340209961,347.20037841796875,43.03394317626953,349.03839111328125,55.192420959472656,376.8689270019531,42.76381301879883,379.4369812011719
174,1,,45.30792999267578,267.83892822265625,47.54645538330078,265.22454833984375,42.79465866088867,265.55340576171875,51.2028923034668,266.5,39.56166458129883,267.38677978515625,57.66867446899414,280.94891357421875,35.77949142456055,283.09686279296875,61.72909164428711,298.76849365234375,32.09886932373047,301.83380126953125,59.74614334106445,300.9332275390625,33.53912353515625,301.0785217285156,58.179325103759766,316.20947265625,43.62715148925781,317.3703918457031,56.179752349853516,346.35772705078125,42.528297424316406,348.3179626464844,54.66920852661133,376.0400390625,42.746925354003906,379.0918884277344
175,1,,44.39055252075195,266.9461975097656,46.63174819946289,264.3424072265625,41.83030700683594,264.6693420410156,50.25662612915039,265.7236022949219,38.52372741699219,266.552490234375,56.59895324707031,280.2454833984375,34.504005432128906,282.1751403808594,60.6364860534668,298.45025634765625,30.796903610229492,300.7903137207031,58.73253631591797,299.6559143066406,33.13460159301758,300.24072265625,57.29206085205078,315.5341796875,42.6329460144043,316.834716796875,56.94181442260742,345.13104248046875,42.11341094970703,347.8483581542969,53.58191680908203,374.1814270019531,42.498783111572266,378.6958923339844
176,1,,44.040550231933594,266.39141845703125,46.2479362487793,263.7702331542969,41.38774108886719,264.1103515625,49.739112854003906,265.15496826171875,37.90604782104492,265.9453125,55.64104080200195,279.5322265625,33.69415283203125,281.4971923828125,58.998775482177734,297.8403015136719,29.97392463684082,300.2914733886719,58.6440315246582,298.5838928222656,33.879878997802734,299.7392578125,56.76146697998047,314.7376403808594,42.14643859863281,316.3594665527344,58.23102951049805,343.6379089355469,41.95550537109375,347.3895263671875,52.939361572265625,372.2449951171875,42.25533676147461,378.4473876953125
177,1,,44.197105407714844,266.33990478515625,46.3301887512207,263.6929931640625,41.49646759033203,264.01092529296875,49.521480560302734,265.06280517578125,37.74395751953125,265.7536315917969,54.9409294128418,279.339599609375,33.277652740478516,281.2532043457031,57.75248718261719,297.75732421875,29.677053451538086,300.1119689941406,57.183509826660156,297.8340148925781,35.46428298950195,299.6319274902344,56.533485412597656,314.3565673828125,41.988136291503906,316.230224609375,59.928035736083984,342.619873046875,42.33884048461914,347.2473449707031,52.9644889831543,370.6126708984375,42.27610397338867,378.28887939453125
178,1,,44.81689453125,266.4028015136719,46.920738220214844,263.7943420410156,42.067630767822266,264.0338134765625,49.82856369018555,265.2770690917969,38.047550201416016,265.6947021484375,54.687442779541016,279.42913818359375,33.32461166381836,281.1703186035156,57.613372802734375,297.56951904296875,30.181644439697266,299.8808898925781,59.742591857910156,298.2298278808594,37.623313903808594,299.5721740722656,56.909263610839844,314.062255859375,42.50334167480469,316.1383361816406,62.01707458496094,342.0977478027344,43.18666076660156,347.2565002441406,53.68275833129883,370.19232177734375,42.61290740966797,378.701904296875
179,1,,45.86576461791992,266.78985595703125,47.90085220336914,264.2706298828125,43.100467681884766,264.4444580078125,50.46742248535156,265.8268127441406,38.854713439941406,265.9530029296875,54.66706466674805,279.7692565917969,33.738746643066406,281.1759033203125,57.873836517333984,298.1121520996094,31.236963272094727,299.924560546875,64.000244140625,299.5887451171875,40.9426155090332,299.0559387207031,57.216880798339844,314.4066162109375,43.07270431518555,316.66607666015625,64.3662338256836,342.1041259765625,44.33991622924805,347.72381591796875,54.545654296875,370.519775390625,43.29187774658203,379.5241394042969
180,1,,47.087249755859375,267.3503723144531,49.02165222167969,264.8794250488281,44.31071090698242,264.9581298828125,51.088871002197266,266.4322204589844,39.69612121582031,266.27392578125,54.72052001953125,280.1730041503906,34.371429443359375,281.3297424316406,58.0678825378418,298.89794921875,32.70721435546875,300.39349365234375,65.99114227294922,301.3140563964844,43.81709671020508,298.2572326660156,57.81657409667969,314.7275695800781,43.91506576538086,316.9727478027344,66.06688690185547,342.7929992675781,45.345455169677734,348.0067138671875,56.3870964050293,372.40673828125,43.754852294921875,380.4033508300781
181,1,,48.05097961425781,267.5354309082031,49.902191162109375,265.1280212402344,45.300960540771484,265.1030578613281,51.543601989746094,266.7940673828125,40.29494857788086,266.3926086425781,54.9804801940918,280.27630615234375,34.69669723510742,281.3032531738281,59.80021667480469,298.2242736816406,34.20418167114258,299.9818420410156,67.83027648925781,301.26214599609375,46.5196418762207,297.5157165527344,58.223175048828125,314.7518310546875,44.229042053222656,316.88519287109375,67.22328186035156,343.3291931152344,45.81451416015625,347.9491882324219,58.97996520996094,374.00067138671875,44.18388748168945,380.74029541015625
182,1,,48.48561096191406,267.2564392089844,50.39402770996094,264.79827880859375,45.74118423461914,264.71142578125,51.970916748046875,266.3774719238281,40.551082611083984,265.85699462890625,55.26618194580078,280.049560546875,35.03759765625,280.995361328125,60.67445755004883,298.2159423828125,35.83361053466797,299.5952453613281,70.10624694824219,302.8078918457031,48.908233642578125,295.3944396972656,58.43830871582031,315.12860107421875,44.35618209838867,317.1589660644531,68.03936767578125,344.0380859375,45.401119232177734,347.79266357421875,61.41970443725586,375.50054931640625,44.12294387817383,381.2526550292969
183,1,,48.82522201538086,266.9521484375,50.65129470825195,264.4172058105469,45.9590950012207,264.3893737792969,52.03651428222656,265.76422119140625,40.52113723754883,265.4355773925781,54.861061096191406,279.66400146484375,35.21122741699219,280.5997619628906,59.856197357177734,298.3303527832031,37.234046936035156,299.13519287109375,70.79850769042969,304.0352783203125,50.76270294189453,293.1122131347656,57.94913864135742,314.97271728515625,44.05497360229492,317.0624694824219,68.47936248779297,343.9836730957031,44.98648452758789,347.41595458984375,64.01582336425781,376.2058410644531,43.75693893432617,381.2256164550781
184,1,,49.108741760253906,266.4546813964844,50.8967399597168,263.8231201171875,46.080474853515625,263.85784912109375,52.19963836669922,264.93316650390625,40.38782501220703,264.8663024902344,54.56138229370117,278.9532775878906,35.51252746582031,280.0796203613281,58.594635009765625,296.98687744140625,38.52178955078125,298.6776123046875,68.35625457763672,300.7817077636719,52.441776275634766,291.2930603027344,57.665794372558594,314.37982177734375,43.864707946777344,316.4423828125,68.44146728515625,343.8490295410156,44.295997619628906,346.75201416015625,67.04222869873047,376.60577392578125,43.244632720947266,380.9718017578125
185,1,,49.56204605102539,265.9651794433594,51.35774230957031,263.2253723144531,46.43228530883789,263.31317138671875,52.63390350341797,264.055419921875,40.605316162109375,264.2109680175781,54.35993957519531,278.30328369140625,36.10553741455078,279.6422424316406,57.46344757080078,295.67578125,39.90089416503906,298.34906005859375,66.15644073486328,297.7119445800781,54.26240158081055,290.1163635253906,57.394248962402344,314.0246276855469,43.80573654174805,316.099365234375,68.22176361083984,343.7601623535156,43.713809967041016,346.3350524902344,70.1108169555664,376.5582275390625,42.611881256103516,380.9489440917969
186,1,,50.210697174072266,265.79449462890625,52.102508544921875,262.9370422363281,47.033897399902344,263.03924560546875,53.38159942626953,263.5152587890625,41.20077133178711,263.7476501464844,54.09580612182617,278.1887512207031,37.380428314208984,279.4100341796875,55.54015350341797,296.5433349609375,41.3508415222168,298.6196594238281,65.55699920654297,298.5726013183594,56.11874771118164,289.3963928222656,57.42021560668945,314.5831604003906,44.617431640625,316.6159973144531,68.34849548339844,344.2613830566406,43.550926208496094,346.3367004394531,72.81732940673828,376.6959533691406,42.41645050048828,381.30242919921875
187,1,,51.476593017578125,266.0538024902344,53.37992477416992,263.1807556152344,48.233489990234375,263.3363952636719,54.590476989746094,263.6505126953125,42.337554931640625,264.02569580078125,54.32154083251953,278.1674499511719,39.02523422241211,279.39178466796875,54.51359176635742,296.6845397949219,43.073638916015625,299.05670166015625,63.99904251098633,297.4764404296875,58.55483627319336,290.2656555175781,57.94835662841797,314.77496337890625,45.81231689453125,316.8039855957031,68.59465026855469,344.4429016113281,44.097835540771484,346.586181640625,75.7359619140625,376.77337646484375,42.63761901855469,381.61273193359375
188,1,,52.90510559082031,266.48382568359375,54.90431213378906,263.59271240234375,49.68354034423828,263.7544250488281,56.12908935546875,264.0547180175781,43.7715950012207,264.4448547363281,55.117069244384766,278.38433837890625,40.96466064453125,279.6576843261719,54.666534423828125,296.6136474609375,44.909576416015625,299.7635192871094,63.53421401977539,295.92828369140625,60.99526596069336,292.0946350097656,58.910247802734375,315.4709167480469,47.311439514160156,317.41015625,69.11284637451172,345.2330017089844,44.77098083496094,347.193603515625,78.32284545898438,376.98638916015625,43.022361755371094,382.1085510253906
189,1,,54.65070724487305,267.0075988769531,56.64621353149414,264.07330322265625,51.49628448486328,264.27545166015625,57.71128845214844,264.5147399902344,45.54483413696289,264.9750061035156,56.10323715209961,278.81427001953125,43.03367614746094,280.08538818359375,55.377906799316406,297.89410400390625,46.8265266418457,300.64410400390625,65.07696533203125,299.0123291015625,63.516441345214844,294.3143005371094,60.01936340332031,315.9922790527344,49.0310173034668,317.8985290527344,69.7898941040039,345.98876953125,45.73800277709961,347.8516540527344,80.24212646484375,377.3821105957031,43.4212646484375,382.56146240234375
190,1,,56.34239196777344,267.54705810546875,58.301666259765625,264.58673095703125,53.219905853271484,264.8446960449219,59.26788330078125,265.02996826171875,47.23762893676758,265.61407470703125,57.333858489990234,279.3293762207031,45.133522033691406,280.44671630859375,56.391727447509766,299.1874694824219,48.799686431884766,301.14520263671875,67.16651153564453,302.7091369628906,65.88371276855469,297.1216735839844,61.13450241088867,316.3398742675781,50.70463562011719,318.0916748046875,70.404541015625,346.6210632324219,46.86612319946289,348.138671875,81.32817840576172,377.9335632324219,43.85145568847656,382.6720886230469
191,1,,57.963932037353516,267.8757019042969,59.79522705078125,264.8880920410156,54.8195686340332,265.2538757324219,60.62781524658203,265.2558898925781,48.78171920776367,266.0708923339844,58.699485778808594,279.6026611328125,46.86164093017578,280.6756896972656,57.65301513671875,299.68963623046875,50.36433792114258,301.6597900390625,68.4397201538086,304.7384033203125,67.80098724365234,300.17230224609375,62.511192321777344,316.3773498535156,52.359127044677734,318.0007629394531,70.90278625488281,347.0989990234375,48.1098747253418,348.3338928222656,81.50680541992188,378.43798828125,43.74467086791992,382.5105895996094
192,1,,59.78739929199219,267.9091796875,61.28765869140625,264.91265869140625,56.80818557739258,265.37017822265625,61.483238220214844,265.1963806152344,50.723445892333984,266.16619873046875,59.78276443481445,279.66656494140625,48.44784164428711,280.6717529296875,59.22160339355469,299.92681884765625,51.58421325683594,302.00994873046875,70.00755310058594,306.47406005859375,69.15213012695312,303.1852722167969,63.77028274536133,316.5369567871094,54.08740234375,318.0320739746094,71.48741912841797,347.5133361816406,49.52049255371094,348.34515380859375,81.2403793334961,378.74053955078125,43.71786880493164,382.0421142578125
193,1,,61.44959259033203,267.8999328613281,62.7217903137207,264.9012145996094,58.579322814941406,265.4214782714844,62.53776168823242,265.08831787109375,52.494651794433594,266.1478576660156,61.19627380371094,279.7730712890625,50.053367614746094,280.6747131347656,61.466575622558594,300.2628479003906,52.84146499633789,302.34326171875,71.7708511352539,309.22283935546875,70.3897933959961,306.7408142089844,65.1612319946289,316.7445373535156,55.80705642700195,318.0840759277344,72.06925201416016,347.7979431152344,51.256988525390625,348.2494812011719,80.79850006103516,378.7772521972656,43.73676681518555,381.36480712890625
194,1,,63.32931900024414,267.8471374511719,64.34400939941406,264.962158203125,60.57659912109375,265.4194641113281,63.65871047973633,265.18792724609375,54.40616989135742,266.0958557128906,62.6624641418457,279.7716369628906,51.89067840576172,280.5585021972656,64.09086608886719,300.3160400390625,54.01144790649414,302.3675537109375,73.90251159667969,311.3486328125,70.40626525878906,310.15435791015625,66.90116119384766,316.7740173339844,57.98347854614258,317.9678039550781,72.56597137451172,347.84832763671875,53.60805892944336,348.000244140625,80.47765350341797,378.5022277832031,43.93684768676758,380.2480163574219
195,1,,65.64950561523438,268.0895080566406,66.56380462646484,265.17767333984375,63.0151252746582,265.67938232421875,65.59319305419922,265.176513671875,56.68877029418945,266.12554931640625,64.79910278320312,279.7010803222656,54.268062591552734,280.5397644042969,66.9552001953125,300.10321044921875,55.14912414550781,302.3651123046875,75.85367584228516,312.9036865234375,69.69792175292969,313.2229309082031,69.30068969726562,317.5138854980469,60.84903335571289,318.5901794433594,74.0430908203125,348.27337646484375,56.35023880004883,348.2588195800781,80.5699234008789,378.5262145996094,44.85483169555664,379.6703186035156
196,1,,66.85860443115234,268.1226806640625,67.62342071533203,265.23590087890625,64.32804870605469,265.7549133300781,66.341552734375,265.1915588378906,57.98004913330078,266.153564453125,65.7161865234375,279.67144775390625,55.43981170654297,280.5263366699219,68.45263671875,300.0687255859375,55.8151969909668,302.4484558105469,76.73763275146484,313.5015563964844,69.3484115600586,314.9053955078125,70.27000427246094,317.75054931640625,62.10192108154297,318.78729248046875,74.59364318847656,348.33990478515625,57.6883544921875,348.3382568359375,80.7816390991211,378.3981018066406,45.34711837768555,379.21966552734375
197,1,,67.82379150390625,268.2928771972656,68.72924041748047,265.4482421875,65.22476196289062,265.9016418457031,67.72811889648438,265.4052734375,58.80497741699219,266.2275390625,67.08729553222656,279.85614013671875,56.7246208190918,280.584716796875,70.28650665283203,300.2080993652344,56.47242736816406,302.2803649902344,78.25284576416016,314.8141784667969,68.71640014648438,316.6781005859375,71.57530975341797,317.8597106933594,63.48470687866211,318.77850341796875,75.17857360839844,348.4206237792969,59.3291015625,348.3372497558594,81.07879638671875,378.343994140625,45.88493728637695,378.7064208984375
