video_id,frame_no,left_wrist_speed,right_wrist_speed,wrist_speed_max,left_elbow_speed,right_elbow_speed,elbow_speed_max,left_elbow_angle,right_elbow_angle,left_elbow_joint_angle,right_elbow_joint_angle,left_arm_length,right_arm_length,left_forearm_length,right_forearm_length,left_shoulder_wrist_dist,right_shoulder_wrist_dist,left_wrist_height_rel,right_wrist_height_rel,bat_arm_wrist_speed,bat_arm_elbow_speed,bat_arm_elbow_angle,bat_arm_extension,arm_activity_score,shoulder_line_angle,hip_line_angle,hip_shoulder_separation,trunk_lean,shoulder_rotation_change,left_shoulder_speed,right_shoulder_speed,shoulder_speed_max,body_center_x,body_center_y,body_center_speed,upper_body_rotation,lower_body_rotation,left_knee_speed,right_knee_speed,knee_speed_max,left_ankle_speed,right_ankle_speed,ankle_speed_max,left_knee_angle,right_knee_angle,front_knee_angle,back_knee_angle,left_hip_speed,right_hip_speed,hip_speed_max,head_movement,head_speed,left_eye_speed,right_eye_speed,eye_separation,head_orientation_angle,left_ear_speed,right_ear_speed,ear_separation,wrist_height_change,pose_activity_score,impact_like_frame_flag
008330cf-9d1e-41b5-8bcf-7a233788ad3a_delivery_14,0,0.0,0.0,0.0,0.0,0.0,0.0,101.48511438038783,96.34270489811288,155.5626826289465,167.01041379369858,31.00723057915319,24.062961490405293,9.043628441024078,8.414684023045968,31.00723057915319,24.062961490405293,-29.419403076171875,-24.050628662109375,0.0,0.0,167.01041379369858,24.062961490405293,0.0,-177.27467114361346,177.1208412386084,354.39551238222185,-131.6298361176275,0.0,0.0,0.0,0.0,254.38109588623047,379.76727294921875,0.0,-177.27467114361346,177.1208412386084,0.0,0.0,0.0,0.0,0.0,0.0,127.39592358743161,141.76557640299393,141.76557640299393,127.39592358743161,0.0,0.0,0.0,0.0,0.0,0.0,0.0,5.539892827671329,172.59567787418342,0.0,0.0,13.046361358185976,0.0,0.0,0
008330cf-9d1e-41b5-8bcf-7a233788ad3a_delivery_14,1,10.320556036130492,22.892655387610283,22.892655387610283,6.218192671157809,21.639557395771796,21.639557395771796,101.16834728918666,96.08423213321794,156.20202954642946,164.3954865478482,30.94008081643375,24.414233700914934,8.978431988609863,8.545460521450835,30.94008081643375,24.414233700914934,-29.443603515625,-24.412506103515625,22.892655387610283,21.639557395771796,164.3954865478482,24.414233700914934,14.709002145973626,-177.5357039046037,176.97070452379978,354.50640842840346,-131.5931972337681,-0.26103276099024697,9.713900989319274,17.469150395852097,17.469150395852097,254.21217346191406,379.7688217163086,10.137406512237439,-177.5357039046037,176.97070452379978,7.076226936411137,8.859691801707584,8.859691801707584,8.160917761922514,14.220794933108767,14.220794933108767,127.02217277644759,141.24612489390026,141.24612489390026,127.02217277644759,6.040152337377271,11.142967428193606,11.142967428193606,10.303220273340822,10.303220273340822,10.383506495456624,11.034538858143843,5.504520830716163,172.52796580759897,7.776549673581742,5.541781272537059,12.996643635241973,-0.130523681640625,11.97956367288022,0
008330cf-9d1e-41b5-8bcf-7a233788ad3a_delivery_14,2,2.591660590520896,6.753425183683816,6.753425183683816,2.9983094891913624,6.965455175021747,6.965455175021747,100.88420275075165,95.64627007388238,155.44031057041335,163.74740192633465,30.89414225803805,24.339934083388222,8.989997359360196,8.422182558622469,30.89414225803805,24.339934083388222,-29.41009521484375,-24.33990478515625,6.753425183683816,6.965455175021747,163.74740192633465,24.339934083388222,5.703603472481483,-177.51679393208158,177.03470902964506,354.55150296172667,-131.5447925226503,0.018909972522124008,5.868605864539926,9.044164531931148,9.044164531931148,254.0980567932129,379.83382415771484,7.881153974773155,-177.51679393208158,177.03470902964506,6.896863621173063,6.601615655483007,6.896863621173063,2.894993180485235,9.326737944543822,9.326737944543822,126.89838207209397,140.88635340505692,140.88635340505692,126.89838207209397,8.042156076907542,9.278427350488215,9.278427350488215,1.6350110422164839,1.6350110422164839,2.826529240059382,1.1900524342201828,5.475448610609616,172.60336239399973,6.417266286170052,3.0470144452565537,12.941396723373346,0.014190673828125,6.438534555330815,0
008330cf-9d1e-41b5-8bcf-7a233788ad3a_delivery_14,3,6.037925897609137,34.68989205180183,34.68989205180183,8.78208051993847,39.39774605527102,39.39774605527102,100.36451660433666,96.0020073045679,154.7505862837884,161.05396053567557,30.751239446582225,24.45247546908571,9.049873209825927,8.262256543317902,30.751239446582225,24.45247546908571,-29.315673828125,-24.4521484375,34.68989205180183,39.39774605527102,161.05396053567557,24.45247546908571,20.332345234769704,-178.11420432668444,176.84617735570077,354.9603816823852,-131.3370356302298,-0.5974103946028606,9.883922707786924,23.20250417621086,23.20250417621086,254.06050872802734,380.03324127197266,12.177240395170061,-178.11420432668444,176.84617735570077,19.42709858043772,12.040765321216682,19.42709858043772,13.533227696382646,12.121596662706613,13.533227696382646,126.33571343242929,140.85685424805806,140.85685424805806,126.33571343242929,18.9368132243345,11.008317760367618,18.9368132243345,5.457571686197457,5.457571686197457,8.116442515912114,8.013575502480231,5.362352073688796,172.3938286460463,18.137769830592088,15.94680340891075,12.658750501410145,-0.2353363037109375,17.421824221172002,0
008330cf-9d1e-41b5-8bcf-7a233788ad3a_delivery_14,4,18.020560030314105,25.51667418161307,25.51667418161307,16.8475542070659,28.37650098909891,28.37650098909891,99.6111447730889,95.34835263642883,152.9527259346141,159.73331776496198,30.87508552037552,24.414183170554445,9.283446415118016,8.081099208524751,30.87508552037552,24.414183170554445,-29.451019287109375,-24.40850830078125,25.51667418161307,28.37650098909891,159.73331776496198,24.414183170554445,19.13458745172689,-178.47346687873662,176.63557305277106,355.1090399315077,-131.19004197016034,-0.35926255205217217,10.867913477586812,15.178321824682554,15.178321824682554,253.9063949584961,380.1989212036133,13.578758810657007,-178.47346687873662,176.63557305277106,7.73998673137278,10.12411958602809,10.12411958602809,18.318172667614206,17.706510472710455,18.318172667614206,126.82853503606768,141.56202560366046,141.56202560366046,126.82853503606768,17.85718197776782,15.712833839214765,17.85718197776782,30.759646730409447,30.759646730409447,31.428613910232393,30.9424709567574,5.319892455372839,172.34204394361464,26.550914038434513,25.31489122849004,12.566637279453708,-0.2490692138671875,16.855527498755787,0
008330cf-9d1e-41b5-8bcf-7a233788ad3a_delivery_14,5,26.30762423943234,28.92896700407226,28.92896700407226,22.031035670331487,32.30533572337593,32.30533572337593,98.91323225519722,94.40135961727236,150.93781382407792,160.95962746865592,31.147862717584207,23.83388522849702,9.579914330862255,7.547155501526385,31.147862717584207,23.83388522849702,-29.705352783203125,-23.825408935546875,28.92896700407226,32.30533572337593,160.95962746865592,23.83388522849702,23.24777128653159,-178.77055042936462,176.54752679847272,355.3180772278373,-131.0553021161951,-0.2970835506280025,9.909916473519791,20.003748608457748,20.003748608457748,253.90063095092773,380.35101318359375,9.133542959502945,-178.77055042936462,176.54752679847272,12.581805863509539,18.776286753339935,18.776286753339935,23.091222910892927,21.8236314427799,23.091222910892927,127.48752508470068,142.40282803112802,142.40282803112802,127.48752508470068,13.256767698360141,6.427752285250012,13.256767698360141,12.496961130294673,12.496961130294673,12.29955609199113,13.979936166564388,5.317370109985179,171.95665098994263,14.731426407641619,18.405486481714416,12.525815870804662,-0.0346832275390625,19.620341222776833,0
008330cf-9d1e-41b5-8bcf-7a233788ad3a_delivery_14,6,19.396003112359786,13.362544524813536,19.396003112359786,20.11648614625594,36.723525201623495,36.723525201623495,98.30540077179118,94.08658382393659,149.92396325250067,162.49164940271726,31.22122264272612,23.33371629750159,9.944656096503556,7.074852332972784,31.22122264272612,23.33371629750159,-29.777740478515625,-23.32904052734375,13.362544524813536,36.723525201623495,162.49164940271726,23.33371629750159,23.4251867387872,-179.55521712198902,176.24579626780024,355.80101338978926,-130.83629649666932,-0.7846666926243984,15.294093868991057,35.65846757867937,35.65846757867937,253.96503448486328,380.61795806884766,16.47890117900213,-179.55521712198902,176.24579626780024,18.26953816717274,26.87905283825588,26.87905283825588,17.767257841261316,15.412734532384844,17.767257841261316,128.3001463019534,143.53353015970185,143.53353015970185,128.3001463019534,15.847305773372845,12.162670706070045,15.847305773372845,11.102215214939111,11.102215214939111,14.426493742309072,11.8112647107682,5.238074263492263,171.5739726808274,18.77401526863096,20.617087985264774,12.306951627351241,-0.1373748779296875,20.574140024270072,0
008330cf-9d1e-41b5-8bcf-7a233788ad3a_delivery_14,7,16.102453381178805,4.6255730117545335,16.102453381178805,15.269179354727687,22.360223951345038,22.360223951345038,98.34920210388886,93.87920271525878,151.43114397217596,165.001761440185,31.39889216101267,23.160732631469745,10.252896688444352,6.9347709835196225,31.39889216101267,23.160732631469745,-29.973052978515625,-23.15960693359375,4.6255730117545335,22.360223951345038,165.001761440185,23.160732631469745,14.835649389616231,179.53146337777275,175.82476689448296,3.7066964832897895,-130.299194951235,359.08668049976177,8.78671093618637,21.869755702504957,21.869755702504957,254.0016975402832,380.7836151123047,10.181581701553679,179.53146337777275,175.82476689448296,16.768804660538972,17.74282612983315,17.74282612983315,7.836812355175936,13.135643903184947,13.135643903184947,128.9741937231189,143.6915852985516,143.6915852985516,128.9741937231189,14.929496648831412,15.728317700977872,15.728317700977872,17.102675396916354,17.102675396916354,17.477319244295177,18.071476653909727,5.173618749109564,171.0130712188215,9.74302417871841,18.30389447758409,12.166686889588117,-0.13482666015625,14.596316478019974,0
008330cf-9d1e-41b5-8bcf-7a233788ad3a_delivery_14,8,11.616110302239758,14.48607178011884,14.48607178011884,24.055411940925534,22.440250235472014,24.055411940925534,98.5927898115898,93.14470618286964,153.73414091755564,164.43869800122692,31.483511089666642,23.352771881827753,10.534113989239946,7.197493377020042,31.483511089666642,23.352771881827753,-30.0904541015625,-23.34368896484375,14.48607178011884,22.440250235472014,164.43869800122692,23.352771881827753,19.105497066785606,179.3063110062375,175.70415183303143,3.6021591732060756,-130.12950191168133,-0.2251523715352448,6.9922457059605625,35.04289243599693,35.04289243599693,253.73102951049805,380.79566955566406,16.25880185949091,179.3063110062375,175.70415183303143,13.817374263410159,33.02828920103095,33.02828920103095,7.100980240689892,9.908633560075469,9.908633560075469,129.52068749476425,142.96832096252945,142.96832096252945,129.52068749476425,3.462031072992137,33.144058304417555,33.144058304417555,43.62230160046574,43.62230160046574,37.64931861851196,34.82160363589543,5.0984178577967425,171.28937713838158,14.985878958977345,17.3720292915529,12.098749873820248,-0.114410400390625,17.92452908694415,0
008330cf-9d1e-41b5-8bcf-7a233788ad3a_delivery_14,9,33.6505996196379,19.710733733067663,33.6505996196379,42.79468310275352,22.270598882104537,42.79468310275352,98.49580939634325,93.56382548253936,155.66317208403092,163.67019801789388,31.0008871327937,23.425336944972152,10.617947205738291,7.590400047402409,31.0008871327937,23.425336944972152,-29.707305908203125,-23.41546630859375,19.710733733067663,22.270598882104537,163.67019801789388,23.425336944972152,23.350380998528767,178.487612859414,175.42756231672607,3.0600505426879465,-130.07658166413944,-0.8186981468234933,3.5526326852125933,18.123037968396414,18.123037968396414,253.5624237060547,380.8535690307617,10.697937860991729,178.487612859414,175.42756231672607,3.730961268210402,9.682199590179138,9.682199590179138,23.74494583716715,34.22441649832951,34.22441649832951,129.45981667959632,142.20598937492028,142.20598937492028,129.45981667959632,8.789225945878854,15.433146996043694,15.433146996043694,34.58988315753562,34.58988315753562,32.68887589928071,32.48873644722048,5.095530567796834,171.24760242620516,17.444749494163794,14.683547047904625,12.095567920429021,0.091644287109375,19.642265177248447,0
008330cf-9d1e-41b5-8bcf-7a233788ad3a_delivery_14,10,8.395747282850575,27.400203629105352,27.400203629105352,36.1396836273181,22.90586580014549,36.1396836273181,98.77830517900179,93.75129487394288,158.09258659884455,163.29223777668136,30.8571917831306,23.59330363895462,10.981018627999779,7.975230064783599,30.8571917831306,23.59330363895462,-29.6004638671875,-23.581329345703125,27.400203629105352,22.90586580014549,163.29223777668136,23.59330363895462,20.188658863267808,177.8720052565749,175.0530363917138,2.8189688648611195,-129.91098645217642,-0.6156076028391055,2.4395411418111355,23.850911698376194,23.850911698376194,253.32046508789062,380.97901916503906,16.35544057012938,177.8720052565749,175.0530363917138,5.183239976233674,21.28596735257877,21.28596735257877,16.402733027417028,16.757362676778367,16.757362676778367,129.53685773121276,141.49803738447713,141.49803738447713,129.53685773121276,12.388322482989258,26.927753891165104,26.927753891165104,29.51877477134803,29.51877477134803,27.330020245967475,27.68631887091213,5.095126206582539,171.3146042440323,11.777558078813449,11.940543330418143,12.115637354205916,-0.14410400390625,18.339777715564086,0
008330cf-9d1e-41b5-8bcf-7a233788ad3a_delivery_14,11,7.577235410495864,30.858279324877667,30.858279324877667,41.12567104577033,26.35610741678006,41.12567104577033,98.71600577924009,93.8667263076716,160.24110332141768,164.15391965756615,30.761525916210402,23.816032051994156,11.388170072455267,8.446767226548909,30.761525916210402,23.816032051994156,-29.58380126953125,-23.8056640625,30.858279324877667,26.35610741678006,164.15391965756615,23.816032051994156,23.88586239869988,177.31556665009938,174.64182073830233,2.673745911797056,-129.9281719978875,-0.556438606475524,14.48444038484974,22.91344080942563,22.91344080942563,253.04681777954102,380.98814392089844,16.43061399999472,177.31556665009938,174.64182073830233,25.957566760990996,29.936785304238935,29.936785304238935,17.902628667713333,13.93269995800016,17.902628667713333,128.26546666913526,140.2526707707681,140.2526707707681,128.26546666913526,11.68493480415771,18.579093359570102,18.579093359570102,36.99286183797453,36.99286183797453,35.231582119602194,36.26754405130517,5.169447016696324,171.482146114794,17.87550255301648,21.400843468582195,12.291219600233386,-0.0899810791015625,21.775740270572545,0
008330cf-9d1e-41b5-8bcf-7a233788ad3a_delivery_14,12,2.847575046011251,30.261597338571075,30.261597338571075,28.760249255743908,28.590931195855443,28.760249255743908,98.07004616376527,94.36021529622047,160.98167224228757,162.18215659705635,30.622504732860424,24.09623413111234,11.785173060592001,8.900766704652996,30.622504732860424,24.09623413111234,-29.540740966796875,-24.07958984375,30.261597338571075,28.590931195855443,162.18215659705635,24.09623413111234,22.274360170533743,176.72926343580514,174.16513914987013,2.5641242859350086,-130.35366881940612,-0.5863032142942473,19.13776740825604,24.048040778764744,24.048040778764744,252.79144287109375,381.00438690185547,15.355933763852311,176.72926343580514,174.16513914987013,24.130228739667913,11.445906416629205,24.130228739667913,9.21517010685951,9.445178691599454,9.445178691599454,127.29110637808064,140.43747937926136,140.43747937926136,127.29110637808064,13.879739812413735,11.017773682622133,13.879739812413735,38.35483263738634,38.35483263738634,36.58387292895948,37.80705797441256,5.232875237967308,171.66112481145788,14.699801089152508,20.56221409423274,12.41103137232451,-0.2421722412109375,17.731679872749538,0
008330cf-9d1e-41b5-8bcf-7a233788ad3a_delivery_14,13,10.566286068680103,26.432901064955047,26.432901064955047,18.095377622988053,12.754887150686944,18.095377622988053,97.29037943075609,94.5432878297959,161.13818535786086,162.28495774897473,30.7277950443395,24.28695959000229,12.16359615707739,9.180616479204476,30.7277950443395,24.28695959000229,-29.729766845703125,-24.271240234375,26.432901064955047,12.754887150686944,162.28495774897473,24.28695959000229,17.903507642654215,175.66902169734155,173.42207332973925,2.2469483676023003,-130.52248594228487,-1.0602417384635885,24.214574940075327,15.35701900853982,24.214574940075327,252.60276794433594,381.10205078125,12.749262331269213,175.66902169734155,173.42207332973925,16.95927642115121,21.689510839254122,21.689510839254122,1.8239989242267676,12.547908441177805,12.547908441177805,126.74376125270295,141.30477750478835,141.30477750478835,126.74376125270295,14.52505528073278,9.461133220062898,14.52505528073278,29.594691714655063,29.594691714655063,26.762746803992556,16.904589170356942,5.387461085549605,171.02312143430555,9.981925239054261,19.533703851969957,12.70604064709157,-0.2799224853515625,15.368994081877572,0
008330cf-9d1e-41b5-8bcf-7a233788ad3a_delivery_14,14,36.123273291676384,17.268226970629996,36.123273291676384,12.601510925259152,15.17103858272956,15.17103858272956,96.77770251045578,94.21359832381393,161.25705856017797,162.64174562794358,31.28642965967787,24.52905401769819,12.617332748264985,9.276908071790853,31.28642965967787,24.52905401769819,-30.327362060546875,-24.5098876953125,17.268226970629996,15.17103858272956,162.64174562794358,24.52905401769819,20.286735897294513,175.6135150940777,173.1626997403093,2.450815353768405,-130.62328021530217,-0.055506603263836496,21.55959259542005,18.99677301805194,21.55959259542005,252.36877822875977,381.11592864990234,14.066322801794056,175.6135150940777,173.1626997403093,26.485464418658196,18.25485640118173,26.485464418658196,7.883319655221521,16.04367570732337,16.04367570732337,125.66824245887429,141.66782575693819,141.66782575693819,125.66824245887429,9.670689697457869,9.557480705913685,9.670689697457869,5.9496717223398825,5.9496717223398825,6.905799888174219,7.017795105076482,5.473095481422028,170.87749521135538,11.220693215839688,22.419038131233577,12.915284269236972,-0.36273193359375,17.467991830793622,0
008330cf-9d1e-41b5-8bcf-7a233788ad3a_delivery_14,15,6.233245243174194,7.535122340774759,7.535122340774759,14.503447699705662,17.627903026178455,17.627903026178455,96.28550242887273,94.06382822036231,161.35986388373553,163.53003012162478,31.328579665854758,24.516121518021944,12.530521738838587,9.040853088677423,31.328579665854758,24.516121518021944,-30.446258544921875,-24.502105712890625,7.535122340774759,17.627903026178455,163.53003012162478,24.516121518021944,12.323118157472827,175.01846876333724,172.81302498636785,2.205443776969389,-131.07883243329232,-0.5950463307404732,22.08481417121514,5.954176463788754,22.08481417121514,252.36488723754883,381.1127166748047,0.30277601874434235,175.01846876333724,172.81302498636785,24.47040508845076,24.57399725961476,24.57399725961476,2.977232849424318,15.85292622306136,15.85292622306136,124.4578777825126,141.99610372703228,141.99610372703228,124.4578777825126,2.658295935183125,18.263177263647442,18.263177263647442,21.11089057297048,21.11089057297048,23.414003188944392,22.94568862998115,5.574005097212317,170.65892100226284,16.334124601755853,20.154055491743588,13.082226722132345,-0.082122802734375,13.561228630351563,0
008330cf-9d1e-41b5-8bcf-7a233788ad3a_delivery_14,16,16.13572189721046,15.456958793113957,16.13572189721046,39.07734901800893,18.99960770466057,39.07734901800893,96.6265462392448,93.42574802446926,161.12159476824567,162.9759971961989,31.28134412752011,24.53047704849442,11.946665742285605,8.698799385324557,31.28134412752011,24.53047704849442,-30.388153076171875,-24.506500244140625,15.456958793113957,18.99960770466057,162.9759971961989,24.53047704849442,18.120105335270697,175.2865831100869,172.94852413701872,2.338058973068172,-131.5280884602517,0.2681143467496554,13.319894655187538,5.7310999434427305,13.319894655187538,252.38556671142578,381.0124282836914,6.1448862363267,175.2865831100869,172.94852413701872,8.988523026858267,21.139499741051193,21.139499741051193,7.702125415059578,12.129263759976888,12.129263759976888,124.47605826137722,142.60581046909113,142.60581046909113,124.47605826137722,9.76381226562586,16.72834917065946,16.72834917065946,14.235196832767269,14.235196832767269,15.985954936585701,18.443607826935676,5.6521172363598255,170.66533188807284,15.513897692841129,20.318028014760646,13.213324900327134,0.0776519775390625,15.431017115904622,0
008330cf-9d1e-41b5-8bcf-7a233788ad3a_delivery_14,17,15.664110516279186,13.775260264089608,15.664110516279186,36.095184186392395,17.006502464735195,36.095184186392395,96.831326757567,92.63993892279743,160.60690997175976,162.89229212949243,31.19303081004913,24.478107258549112,11.342704403298109,8.283654034162339,31.19303081004913,24.478107258549112,-30.2969970703125,-24.442901611328125,13.775260264089608,17.006502464735195,162.89229212949243,24.478107258549112,17.47032589503929,175.5508339218263,173.14703684372313,2.4037970781031675,-131.8738436680567,0.26425081173940157,13.822986144046503,8.457911794692858,13.822986144046503,252.3672103881836,380.9327087402344,4.909129269493344,175.5508339218263,173.14703684372313,19.656716408817925,22.74778231199393,22.74778231199393,13.528004937221322,19.321089766731482,19.321089766731482,123.84510424174064,141.86254797616138,141.86254797616138,123.84510424174064,5.85048734297655,11.688726478125886,11.688726478125886,11.494529346029292,11.494529346029292,13.449573068381627,15.930851308311203,5.737434416988389,170.67350414048826,15.520551355789065,21.164812669597072,13.369609058865969,0.151763916015625,16.467896884675238,0
008330cf-9d1e-41b5-8bcf-7a233788ad3a_delivery_14,18,25.952063085303084,32.06044979571281,32.06044979571281,41.904807810086666,30.82309228244002,41.904807810086666,97.7120917290602,92.33033188393615,160.47467394170513,163.52721013150324,31.11801751261042,24.075554788908033,10.79177046669865,7.614042585655437,31.11801751261042,24.075554788908033,-30.144683837890625,-24.0465087890625,32.06044979571281,30.82309228244002,163.52721013150324,24.075554788908033,27.259839167163047,175.8990724135311,173.5077373609964,2.3913350525346857,-132.10490972129287,0.34823849170479093,8.360788650223286,24.457833379212385,24.457833379212385,252.54992294311523,380.8752670288086,11.493604787305683,175.8990724135311,173.5077373609964,12.80625298118117,21.714797773839855,21.714797773839855,14.515414292715677,28.566883292008768,28.566883292008768,123.43645107708483,141.19076923097808,141.19076923097808,123.43645107708483,6.1465062937699555,24.565265329224307,24.565265329224307,18.78633005907885,18.78633005907885,15.806570337640613,16.689282761253484,5.748431570899024,170.77903266092213,5.226098435343173,6.957744553997892,13.31691098263757,0.2741546630859375,22.6561795804765,0
008330cf-9d1e-41b5-8bcf-7a233788ad3a_delivery_14,19,37.655250641281775,36.734360535858514,37.655250641281775,9.7345352063633,65.19252563251182,65.19252563251182,97.5535853486686,91.28276677829962,159.05691041720382,171.23732154127276,30.638959399773743,23.647787875870776,10.252869594850957,7.16097245883152,30.638959399773743,23.647787875870776,-29.67327880859375,-23.64111328125,36.734360535858514,65.19252563251182,171.23732154127276,23.647787875870776,34.94648289171956,175.8282177540771,173.64803817516213,2.1801795789149594,-132.23613295139975,-0.0708546594539996,14.945861522858012,45.41636381144394,45.41636381144394,252.87731552124023,380.7132568359375,21.92064146606795,175.8282177540771,173.64803817516213,16.79361304232174,3.7829136708222055,16.79361304232174,33.54608270819908,14.642204972965379,33.54608270819908,122.33696558843478,139.6080090813832,139.6080090813832,122.33696558843478,8.715886173335786,42.71889840538677,42.71889840538677,44.500876349265475,44.500876349265475,38.762960041338296,34.83150297827004,5.6617447196817015,171.05357582426274,14.179032749853725,13.699316613039514,13.04923437465652,0.6098175048828125,27.48987469361236,0
008330cf-9d1e-41b5-8bcf-7a233788ad3a_delivery_14,20,46.16869774130495,48.17497191804301,48.17497191804301,19.8039742512063,80.13015683411315,80.13015683411315,97.11866947685607,89.40673978666138,154.80042228853563,178.18676811448898,30.238832779680227,23.27274926380752,9.656917778247704,6.818501165104611,30.238832779680227,23.27274926380752,-29.217529296875,-23.272735595703125,48.17497191804301,80.13015683411315,178.18676811448898,23.27274926380752,44.033933395373964,176.78412870290416,174.64728750224882,2.13684120065534,-132.19081912650879,0.9559109488270678,21.200028727580925,48.725770899995425,48.725770899995425,253.1046257019043,380.4990921020508,18.74151863788375,176.78412870290416,174.64728750224882,24.641394028224116,16.622799798218466,24.641394028224116,38.221480199629355,43.22070231487685,43.22070231487685,121.18101622155186,137.7441887657843,137.7441887657843,121.18101622155186,4.062164804752308,38.36812438394069,38.36812438394069,30.304259512661545,30.304259512661545,26.774667178556502,20.789012403561355,5.564977777882192,171.42549970026812,12.081881539337719,11.794121923245443,12.737466321740527,0.69232177734375,35.778355491823795,0
008330cf-9d1e-41b5-8bcf-7a233788ad3a_delivery_14,21,27.669533070487432,27.071417342702723,27.669533070487432,2.761812519568694,63.833358966385134,63.833358966385134,96.73608075826313,87.96891197084969,151.9371373474545,167.07358570615173,30.2284466812682,23.032382772473763,9.69006633001628,6.860731165215687,30.2284466812682,23.032382772473763,-29.141754150390625,-23.021148681640625,27.071417342702723,63.833358966385134,167.07358570615173,23.032382772473763,28.619822774789494,176.8007470680009,175.17769215893438,1.623054909066525,-131.96030899638419,0.016618365096746857,12.962158800651698,37.42065594894125,37.42065594894125,253.28253936767578,380.4151611328125,11.804939574262601,176.8007470680009,175.17769215893438,22.116748476261627,28.000331902986094,28.000331902986094,41.617598367295,39.43168264708555,41.617598367295,120.17161454345046,135.54560592111733,135.54560592111733,120.17161454345046,6.218170018005548,23.345567162843686,23.345567162843686,30.22548498078274,30.22548498078274,27.284626839691096,21.386656173405328,5.465906871198358,171.50215934995316,11.014936319615614,5.982321117480618,12.47029535084131,0.315582275390625,27.704086268601202,0
008330cf-9d1e-41b5-8bcf-7a233788ad3a_delivery_14,22,29.090667306402203,30.665896835402926,30.665896835402926,24.13166098167075,42.43485436922348,42.43485436922348,96.45628987020109,87.99033726292197,151.0626843629684,159.7870265982503,29.932075023392603,22.797521704103072,9.674109555963794,7.0585436028212305,29.932075023392603,22.797521704103072,-28.8499755859375,-22.73828125,30.665896835402926,42.43485436922348,159.7870265982503,22.797521704103072,29.80996321020166,176.26441636941453,175.48247505432002,0.7819413150945138,-131.76211712720962,-0.5363306985863687,14.931049682256297,37.605650086254315,37.605650086254315,253.46991348266602,380.3183288574219,12.65699995380995,176.26441636941453,175.48247505432002,17.50913736782166,14.992636761541826,17.50913736782166,30.3144306405135,39.80143022819301,39.80143022819301,119.61861694941081,134.42297719478222,134.42297719478222,119.61861694941081,5.983409683505134,24.96215055852574,24.96215055852574,35.4696136660462,35.4696136660462,33.052254770470135,23.47003294133529,5.306133355706718,171.46762126484543,13.130935781424675,10.380798174471757,12.078675561724216,0.4388580322265625,26.03524787510924,0
008330cf-9d1e-41b5-8bcf-7a233788ad3a_delivery_14,23,34.362603964901744,20.720473659105373,34.362603964901744,34.81438643776576,17.168464536056298,34.81438643776576,95.75023727134624,87.90283525286945,149.5391430138855,157.50866323343362,29.60729316041059,23.035752372061527,9.785342290591176,7.49074903912079,29.60729316041059,23.035752372061527,-28.54486083984375,-22.946380615234375,20.720473659105373,17.168464536056298,157.50866323343362,23.035752372061527,22.94106208432713,175.68211000419004,175.74062991560095,0.05851991141091162,-131.71479994783027,-0.5823063652244969,19.99404177791571,10.586402130217875,19.99404177791571,253.4010467529297,380.14112854003906,11.408561100611873,175.68211000419004,175.74062991560095,5.579725453639248,8.995815596012743,8.995815596012743,26.778486936982613,30.034531758167176,30.034531758167176,120.53719534476292,135.05232901403457,135.05232901403457,120.53719534476292,11.408395643752419,9.992490405642826,11.408395643752419,21.53365346065105,21.53365346065105,22.332920006143723,16.468523205499764,5.207054647542815,171.49522832302313,17.239186986033744,3.8439030161123675,11.8541496668738,0.2641754150390625,19.20298485834665,0
008330cf-9d1e-41b5-8bcf-7a233788ad3a_delivery_14,24,46.48766007568403,4.787464330406707,46.48766007568403,24.597645326308946,23.703374399564343,24.597645326308946,96.23928872556712,87.52122042118333,148.39216589382085,154.6242386671952,29.850228029045983,23.252647867862432,10.017942671205278,7.484808801932029,29.850228029045983,23.252647867862432,-28.640167236328125,-23.14752197265625,4.787464330406707,23.703374399564343,154.6242386671952,23.252647867862432,21.681344926386895,175.62084332528553,176.75280024183354,1.1319569165480061,-131.02511853091377,-0.061266678904502214,14.870685710515428,15.641239715841902,15.641239715841902,253.07047653198242,379.96373748779297,22.513169646082883,175.62084332528553,176.75280024183354,30.74868469332558,37.063905231534456,37.063905231534456,50.42385521006035,57.24729221194211,57.24729221194211,124.86545125247275,137.35764385171797,137.35764385171797,124.86545125247275,50.0132658662688,35.365375250823675,50.0132658662688,5.120347776060089,5.120347776060089,7.087842674682289,5.522580967730715,5.16632579140966,171.29040243316686,12.401834806387457,1.5047483152973946,11.682216263088678,-0.0261993408203125,32.57920400185636,0
008330cf-9d1e-41b5-8bcf-7a233788ad3a_delivery_14,25,15.254634592306479,15.257721379064488,15.257721379064488,29.07956403710219,20.458265224173388,29.07956403710219,97.10279063221694,88.05952385707184,150.58974396535888,156.2089261342914,30.026357771678327,23.43208013888592,10.214364370709363,7.498783780679879,30.026357771678327,23.43208013888592,-28.757049560546875,-23.325103759765625,15.257721379064488,20.458265224173388,156.2089261342914,23.43208013888592,17.095733084966128,174.82287215599493,176.64702438018637,1.8241522241914367,-130.8167308631885,-0.7979711692906051,11.336842382980485,11.187370894169728,11.336842382980485,252.87474060058594,379.8396682739258,13.906940419803513,174.82287215599493,176.64702438018637,34.1983142908215,22.128465607941937,34.1983142908215,33.780156470513376,8.721675246705548,33.780156470513376,128.10335577722245,139.27422091021813,139.27422091021813,128.10335577722245,16.809382160330184,21.868601117440942,21.868601117440942,6.965029338438844,6.965029338438844,8.190989150064723,5.995287722779001,5.171272339981843,170.80007786131756,11.596642656415536,8.64523636730149,11.691364827795235,-0.03546142578125,20.006749450295857,0
008330cf-9d1e-41b5-8bcf-7a233788ad3a_delivery_14,26,32.73106468929165,25.43170853540296,32.73106468929165,46.32009072819337,25.39312915375828,46.32009072819337,98.04305825021392,87.97172542486393,152.9863526819671,157.75864339825503,29.924075284557386,23.84954890286526,10.135717636823026,7.471458054651895,29.924075284557386,23.84954890286526,-28.632843017578125,-23.76654052734375,25.43170853540296,25.39312915375828,157.75864339825503,23.84954890286526,28.14751185154878,172.9828136337626,175.46035163682467,2.4775380030620795,-130.5914547446346,-1.84005852223234,24.579960751664863,14.429117250981562,24.579960751664863,252.58574295043945,379.6969985961914,19.340839196664938,172.9828136337626,175.46035163682467,20.1462491065111,23.256368448336698,23.256368448336698,35.15380183179002,21.003890597335037,35.15380183179002,130.4383586369537,141.11746083569975,141.11746083569975,130.4383586369537,22.85027407519239,21.313204237080274,22.85027407519239,20.78630877921963,20.78630877921963,15.629170329243372,12.421824891651609,5.204216064637493,170.2279997178612,17.05124483870342,10.651346419070677,11.720553268181561,0.0220794677734375,26.050738283794853,0
008330cf-9d1e-41b5-8bcf-7a233788ad3a_delivery_14,27,73.13377733476052,16.689046759661586,73.13377733476052,45.289947330276505,39.68828930016984,45.289947330276505,99.10002808059835,87.29215922752421,151.25004372880056,153.05958290567625,30.354324581959375,24.425795517920825,10.250608546675805,7.6243837630436495,30.354324581959375,24.425795517920825,-28.794464111328125,-24.316497802734375,16.689046759661586,39.68828930016984,153.05958290567625,24.425795517920825,37.49656803123857,172.59608703516093,175.768324065631,3.1722370304700576,-129.63804614364886,-0.3867265986016548,23.93873098821616,26.239616474346782,26.239616474346782,252.28614044189453,379.5025863647461,21.432596001492804,172.59608703516093,175.768324065631,47.41072311362449,41.69025950853185,47.41072311362449,30.003062201449406,8.284117643333085,30.003062201449406,134.90529698641137,144.46875930703365,144.46875930703365,134.90529698641137,50.17287972121108,26.01290047937773,50.17287972121108,16.08474773870247,16.08474773870247,8.844221262645085,13.024322709748082,5.136830973237842,170.0314863627762,16.630458620031263,12.260186122167958,11.455519072234177,-0.0908660888671875,35.71277923791325,0
008330cf-9d1e-41b5-8bcf-7a233788ad3a_delivery_14,28,47.95806001891984,11.85300458715493,47.95806001891984,41.96994513240104,30.75266340920192,41.96994513240104,100.13278015540025,87.12656719707063,151.73248119652155,147.8791769684594,30.602622503825664,24.753625435025114,10.270732106154693,7.839897909453124,30.602622503825664,24.753625435025114,-28.8865966796875,-24.578399658203125,11.85300458715493,30.75266340920192,147.8791769684594,24.753625435025114,31.772408340272964,171.54957236978728,175.65895542724547,4.109383057458189,-128.6796129424205,-1.0465146653736497,26.578672119320064,31.522104774640002,31.522104774640002,252.05441284179688,379.2333984375,21.314828138918074,171.54957236978728,175.65895542724547,33.031634112521786,14.668277241061679,33.031634112521786,17.55539137336779,7.1538208871361935,17.55539137336779,138.5061149391659,146.21290320679557,146.21290320679557,138.5061149391659,47.94497953626842,24.191312960913287,47.94497953626842,17.495828044519357,17.495828044519357,16.901603507107577,16.748467230032578,5.0467696595934814,169.76301893290236,22.070955836584346,20.332782917918056,11.162770472203722,0.1504974365234375,27.931655512742243,0
008330cf-9d1e-41b5-8bcf-7a233788ad3a_delivery_14,29,42.550742566612925,26.685845628090902,42.550742566612925,60.19867686484885,18.790163708560147,60.19867686484885,101.95878486181749,87.57340529109626,155.18684876031594,147.74497464119918,30.627767968457064,25.167943603432605,10.33108199469609,7.963948399441335,30.627767968457064,25.167943603432605,-28.762969970703125,-24.96417236328125,26.685845628090902,18.790163708560147,147.74497464119918,25.167943603432605,28.61536592629442,169.75596993114135,174.9977666853605,5.241796754219138,-128.89122769497567,-1.7936024386459337,20.179982539292805,3.286784250360884,20.179982539292805,252.12946319580078,379.1611785888672,6.250307580591627,169.75596993114135,174.9977666853605,27.14996060995511,24.585303831839276,27.14996060995511,38.92967014161148,19.08281690740173,38.92967014161148,138.10728587105334,146.35646875974095,146.35646875974095,138.10728587105334,13.542952735978737,15.508756113936235,15.508756113936235,37.14465179366538,37.14465179366538,34.68065762243619,33.820923332205666,5.063310040983953,169.60131717543078,20.050669830518512,19.106400466455714,11.189876037192324,0.0430908203125,25.87430465820742,0
008330cf-9d1e-41b5-8bcf-7a233788ad3a_delivery_14,30,60.83380627497719,35.73670645861978,60.83380627497719,60.73781498418121,17.394540843916047,60.73781498418121,103.48161784966965,89.038912646362,156.7057852314427,147.18649624015424,30.68642732180111,25.405388210010983,10.446745646066042,8.138724947020087,30.68642732180111,25.405388210010983,-28.6060791015625,-25.090087890625,35.73670645861978,17.394540843916047,147.18649624015424,25.405388210010983,37.48246990278139,168.37835992002022,174.0541953220645,5.675835402044271,-128.38647447181089,-1.377610011121135,28.673815674818453,21.518135180175644,28.673815674818453,251.99595642089844,378.92823028564453,16.112232365239706,168.37835992002022,174.0541953220645,23.80545739901751,38.65067365518557,38.65067365518557,23.199356731566063,33.01898355254947,33.01898355254947,138.73052973228883,148.5066391931804,148.5066391931804,138.73052973228883,26.46121158631486,7.367242490175272,26.46121158631486,41.848250826320765,41.848250826320765,40.21664681608752,39.64156074590538,4.978985860851179,169.66817178969325,28.979578004995396,31.21895561456653,10.986358457279719,0.355255126953125,31.449812069291422,0
008330cf-9d1e-41b5-8bcf-7a233788ad3a_delivery_14,31,66.06477944392793,71.51013237198318,71.51013237198318,50.47539884906931,47.119796842383124,50.47539884906931,104.5193629221978,90.199461842192,156.46657729555758,143.8112676931881,30.99811226572552,25.235687309966693,10.893526314476608,8.406913321676212,30.99811226572552,25.235687309966693,-28.620758056640625,-24.725250244140625,71.51013237198318,47.119796842383124,143.8112676931881,25.235687309966693,50.508613297789594,168.5276516850845,174.87814156125512,6.350489876170627,-127.83941460542447,0.14929176506427666,29.17352337590308,38.70804890347098,38.70804890347098,251.9295310974121,378.5524215698242,22.90173418425556,168.5276516850845,174.87814156125512,26.022336201770862,51.13294015244583,51.13294015244583,23.313806863594255,11.334780072430007,23.313806863594255,141.30014725057922,151.7955875611035,151.7955875611035,141.30014725057922,24.860591723173712,18.371337229294813,24.860591723173712,44.62375505379599,44.62375505379599,41.60764680173346,41.46417431104106,4.897795848600484,169.9666347172733,29.499401495499026,35.997856779386865,10.796317367715702,0.674072265625,38.17395600245393,0
008330cf-9d1e-41b5-8bcf-7a233788ad3a_delivery_14,32,50.79787974389844,61.61523506653147,61.61523506653147,68.27664036010727,49.68138863127375,68.27664036010727,105.7723458658145,90.46398907345632,158.76408811515296,141.46782468036614,31.08922898738595,24.943186534746193,11.20949008123128,8.699135195449045,31.08922898738595,24.943186534746193,-28.558837890625,-24.302703857421875,61.61523506653147,49.68138863127375,141.46782468036614,24.943186534746193,48.455538170043106,167.06126693807695,173.01269643538942,5.951429497312461,-127.8720044354445,-1.4663847470075382,36.04114803558234,24.32093718286534,36.04114803558234,251.97900009155273,378.25597381591797,18.035724293183016,167.06126693807695,173.01269643538942,5.614604289234588,51.04519126529932,51.04519126529932,19.623838880208815,60.89857534089377,60.89857534089377,141.63765325731015,153.31573582151378,153.31573582151378,141.63765325731015,14.93488087797943,15.018789682958884,15.018789682958884,53.39957243631742,53.39957243631742,51.551535277377035,53.09710208699381,4.961175661771904,170.0671322931788,35.88820273878285,41.14717257645221,10.989151484248696,0.730224609375,38.15575911306946,0
008330cf-9d1e-41b5-8bcf-7a233788ad3a_delivery_14,33,59.197167637165954,40.69688878954582,59.197167637165954,53.04973370008698,34.858018769124826,53.04973370008698,107.04684628765258,90.24301654800995,159.5272284014663,136.14624970886786,31.40420820577602,24.97244000410708,11.300061247003791,9.046460861631209,31.40420820577602,24.97244000410708,-28.627105712890625,-24.146331787109375,40.69688878954582,34.858018769124826,136.14624970886786,24.97244000410708,43.706513122644786,164.51350813980432,170.44569456171342,5.932186421909108,-127.64397527156399,-2.547758798272639,38.51516780102933,35.92210203891582,38.51516780102933,252.22052764892578,378.0218276977539,20.186810535885648,164.51350813980432,170.44569456171342,17.934381187162334,42.145487591108115,42.145487591108115,39.09640451317405,51.82408022777699,51.82408022777699,141.31930866756719,153.20631459245578,153.20631459245578,141.31930866756719,10.692230363011582,35.131718595714304,35.131718595714304,46.589059633885455,46.589059633885455,47.55659980821073,44.98458658084619,4.921807873477231,169.75914949602353,40.3860372555483,39.79498146845375,10.912853833158222,0.56494140625,38.255281767818,0
008330cf-9d1e-41b5-8bcf-7a233788ad3a_delivery_14,34,51.97550064998013,85.7872690629724,85.7872690629724,35.91456124900275,51.08723793559708,51.08723793559708,107.44978465801992,90.17939891981993,158.520587782071,130.54437850097898,31.511656120270448,24.527239999082365,11.138880202614681,9.172364232132034,31.511656120270448,24.527239999082365,-28.585540771484375,-23.49407958984375,85.7872690629724,51.08723793559708,130.54437850097898,24.527239999082365,51.12178386071212,164.74244365177464,169.8073912740413,5.064947622266658,-127.24702325820736,0.22893551197032025,36.71353373770736,45.25260052901303,45.25260052901303,252.19677352905273,377.60489654541016,25.060479078312575,164.74244365177464,169.8073912740413,22.19011720443237,12.081479855909866,22.19011720443237,10.373478405295282,26.872079986696498,26.872079986696498,143.14041603535148,153.87436168444003,153.87436168444003,143.14041603535148,16.747642689579475,15.592308591887203,16.747642689579475,24.159581492982838,24.159581492982838,28.005727173602825,19.89123311178768,4.716755771655318,169.66285868052304,36.51877075478505,38.217956192367566,10.421559898320218,0.9703369140625,34.21565082483946,0
008330cf-9d1e-41b5-8bcf-7a233788ad3a_delivery_14,35,49.61863470433586,47.67421049952853,49.61863470433586,40.10538284622254,43.58205888064314,43.58205888064314,107.94989064884649,88.78102677311128,158.18578869566124,125.16105584728176,31.76669079892557,24.427690112179917,11.277718200611629,9.546430460075198,31.76669079892557,24.427690112179917,-28.664825439453125,-23.30816650390625,47.67421049952853,43.58205888064314,125.16105584728176,24.427690112179917,42.28718867460923,164.1386997805877,170.58627179266574,6.447572012078041,-127.06833569784801,-0.6037438711869356,36.82674335785306,35.9161017590723,36.82674335785306,252.15937042236328,377.163818359375,26.56395790548495,164.1386997805877,170.58627179266574,45.96567128708045,48.52455675442783,48.52455675442783,15.779807125713617,57.316600115609305,57.316600115609305,145.19809413157225,152.41682068168163,152.41682068168163,145.19809413157225,16.537344303879234,21.019820025049356,21.019820025049356,13.846710450067595,13.846710450067595,16.906416419858825,15.866743946414882,4.721041139075834,169.4429912715275,31.30391205408003,28.237077806375936,10.376536961804298,0.631256103515625,38.23891097161793,0
008330cf-9d1e-41b5-8bcf-7a233788ad3a_delivery_14,36,48.74374428668815,43.16573289197505,48.74374428668815,39.5497904674056,20.802497584680026,39.5497904674056,108.79125301564363,88.68669455360126,158.30343977244976,122.53045316338046,31.756732854828627,24.27342439366982,11.062773307292678,9.478787720965093,31.756732854828627,24.27342439366982,-28.49627685546875,-23.0972900390625,43.16573289197505,20.802497584680026,122.53045316338046,24.27342439366982,35.454200125445034,163.8324779632612,171.39782697063018,7.5653490073689795,-127.04011881467841,-0.30622181732650233,29.959092583293458,30.504342938627964,30.504342938627964,252.15173721313477,376.76139068603516,24.153899379254213,163.8324779632612,171.39782697063018,25.246821979933916,47.98622041713355,47.98622041713355,13.607340762064828,52.82739828323587,52.82739828323587,145.79460740346025,150.2023712717847,150.2023712717847,145.79460740346025,17.09086381341574,22.46565936720379,22.46565936720379,19.355288728313965,19.355288728313965,21.704715295570832,19.759593137290196,4.688583859068282,169.19560540246076,29.04675620558391,26.527593495201767,10.269547456873282,0.6732940673828125,32.662458781304835,0
008330cf-9d1e-41b5-8bcf-7a233788ad3a_delivery_14,37,43.596958375239176,67.0440758999389,67.0440758999389,42.82614320438158,64.51474901628094,64.51474901628094,108.69957848090506,88.91241217468799,157.9142271008322,123.23215622146736,31.65520959347829,24.027947943146476,11.126938822271965,9.267576518839967,31.65520959347829,24.027947943146476,-28.3798828125,-22.88616943359375,67.0440758999389,64.51474901628094,123.23215622146736,24.027947943146476,51.58335568753713,166.71166734447473,172.34491155466347,5.633244210188735,-126.71012881516474,2.8791893812135356,36.930325161196855,54.587882468185256,54.587882468185256,252.00493621826172,376.2235336303711,33.45725248169858,166.71166734447473,172.34491155466347,31.962940741595283,51.19458913080683,51.19458913080683,18.79950922584469,53.45259559579068,53.45259559579068,146.01627113116308,149.2060169558796,149.2060169558796,146.01627113116308,21.546702102992967,23.032184363419145,23.032184363419145,20.68013059425221,20.68013059425221,20.655441019728645,23.353020604240932,4.596794804724488,169.98927686384383,32.33949063020629,42.463968017151814,10.003904598897673,0.9006500244140625,42.45738794047269,0
008330cf-9d1e-41b5-8bcf-7a233788ad3a_delivery_14,38,53.316537335853475,90.15115308396427,90.15115308396427,56.93770760365013,140.58559565204914,140.58559565204914,109.2539397040961,91.11613218597562,158.78852309383973,130.5484974747894,31.378795867939708,23.538391462437332,11.140351727544898,8.560549687297083,31.378795867939708,23.538391462437332,-28.049102783203125,-22.490753173828125,90.15115308396427,140.58559565204914,130.5484974747894,23.538391462437332,76.88038546510803,171.97265210632864,173.71879593897552,1.7461438326468794,-126.7329773233428,5.260984761853905,33.82615301261182,86.46516610251938,86.46516610251938,251.427001953125,375.6282196044922,49.79020113267735,171.97265210632864,173.71879593897552,29.386228657789754,47.488705947242714,47.488705947242714,43.03616551432086,37.901734639989414,43.03616551432086,146.47994291312955,149.4942584522937,149.4942584522937,146.47994291312955,30.695252128096904,53.81268381052238,53.81268381052238,25.70396238111606,25.70396238111606,23.20881552326186,28.759799049919366,4.650584475191141,171.33753540110297,29.135493614088475,46.89384103385821,10.230786535273145,1.0753631591796875,58.63359029071751,0
008330cf-9d1e-41b5-8bcf-7a233788ad3a_delivery_14,39,48.96888082040288,69.94583282471083,69.94583282471083,59.48994624616849,121.64578251140118,121.64578251140118,109.11278982334004,94.54528353450559,159.91998649114834,139.6866737296241,31.265190921652074,23.703895877969167,11.161726231029567,8.37293325502658,31.265190921652074,23.703895877969167,-28.064208984375,-22.57476806640625,69.94583282471083,121.64578251140118,139.6866737296241,23.703895877969167,68.88022724451405,172.58342755891084,172.25288881160458,0.33053874730626376,-127.01736707836483,0.6107754525822031,51.103624753576376,62.127296310824505,62.127296310824505,251.19062042236328,374.85741424560547,48.38198742314818,172.58342755891084,172.25288881160458,42.30841512914431,23.284878287258973,42.30841512914431,12.749965599199868,16.841975017633846,16.841975017633846,146.62633504851178,149.72475472157018,149.72475472157018,146.62633504851178,45.979751782246325,39.4809864251934,45.979751782246325,23.787833023551112,23.787833023551112,22.81491914443209,25.107291876925757,4.739656548441639,171.81884694479496,36.692318853557744,40.661138608336415,10.384815401810307,0.7862396240234375,49.49394464231343,0
008330cf-9d1e-41b5-8bcf-7a233788ad3a_delivery_14,40,46.26520647702293,63.31094150683005,63.31094150683005,51.388833623851504,113.83179850126388,113.83179850126388,108.92315196906883,97.67951463596407,160.97135958887847,148.76946190526218,31.074203351081884,23.751285980961484,11.09309696748648,8.189706650207029,31.074203351081884,23.751285980961484,-28.022064208984375,-22.59161376953125,63.31094150683005,113.83179850126388,148.76946190526218,23.751285980961484,63.314410086871476,174.03728840703363,170.70449850460506,3.3327899024285728,-127.42281398955978,1.4538608481227868,44.47749901811071,60.61218139414975,60.61218139414975,251.05055236816406,374.1576843261719,42.823582190445364,174.03728840703363,170.70449850460506,34.257332931669865,3.7622135403432924,34.257332931669865,21.18330476875328,62.45917836570886,62.45917836570886,146.55132115256066,150.8623436904601,150.8623436904601,146.55132115256066,42.54062779265598,32.73591006892926,42.54062779265598,32.78552968052465,32.78552968052465,26.76756464389089,29.183706358995135,4.685354251512749,173.32345485725747,31.45532547945122,43.978653867075906,10.278745794448728,0.795623779296875,48.06875233244079,0
008330cf-9d1e-41b5-8bcf-7a233788ad3a_delivery_14,41,34.4045824762924,49.589474577399294,49.589474577399294,44.08526325797052,92.72672954536637,92.72672954536637,108.25833463986294,99.99970091795258,161.2840397791329,155.73292310269198,30.983328540239484,24.02265515584874,11.164758523492699,8.471769988502174,30.983328540239484,24.02265515584874,-28.103668212890625,-22.803314208984375,49.589474577399294,92.72672954536637,155.73292310269198,24.02265515584874,52.51520558281695,175.28269613533303,169.1266230086394,6.156073126693627,-127.72678298567413,1.2454077282993978,41.98959258533858,52.295591054534555,52.295591054534555,250.9030532836914,373.49586486816406,40.68996872543369,175.28269613533303,169.1266230086394,25.359187779351114,14.123606477626131,25.359187779351114,37.11003632256447,90.69438857178302,90.69438857178302,147.0590111445724,152.3743901155487,152.3743901155487,147.0590111445724,39.94653816581798,32.787750051928754,39.94653816581798,16.035616504943476,16.035616504943476,15.944665629626645,11.106802715541141,4.565148044405418,174.48370015508132,26.66658735329056,29.330269373237364,9.974537011092359,0.571502685546875,46.25939507216444,0
008330cf-9d1e-41b5-8bcf-7a233788ad3a_delivery_14,42,22.492049623473864,54.176211422653196,54.176211422653196,14.232332417516721,99.32805214277843,99.32805214277843,108.20659630312414,102.61023502459568,160.71579529374495,163.9185951844023,31.01708109267257,24.4175392586521,10.967813193444732,8.447110776915242,31.01708109267257,24.4175392586521,-28.13092041015625,-23.208038330078125,54.176211422653196,99.32805214277843,163.9185951844023,24.4175392586521,44.9923194673892,175.64500816655425,169.87412641377722,5.770881752777029,-128.63172194296195,0.36231203122122224,23.467264825432427,56.25800637248058,56.25800637248058,250.6476593017578,372.96693420410156,35.24738536473151,175.64500816655425,169.87412641377722,18.851799900725986,37.21833966439287,37.21833966439287,9.150200913972206,54.31132458784905,54.31132458784905,147.49133737068416,152.34298248087464,152.34298248087464,147.49133737068416,45.55174122375521,43.85480104343869,45.55174122375521,15.975508209432016,15.975508209432016,13.005221962350081,13.187205823836303,4.555591575826808,174.77356684230338,24.85146777242543,28.330662407344285,10.0232556009201,0.1429901123046875,39.90767701153911,0
008330cf-9d1e-41b5-8bcf-7a233788ad3a_delivery_14,43,7.416656659555538,27.506559904200717,27.506559904200717,17.131876207269162,53.58390309759738,53.58390309759738,107.19188444652754,104.08695973933177,157.7008716628254,168.70139387730106,31.13756993829555,24.835258391452697,10.989659174045192,8.757152081861719,31.13756993829555,24.835258391452697,-28.245880126953125,-23.613250732421875,27.506559904200717,53.58390309759738,168.70139387730106,24.835258391452697,24.251115243230235,177.53752242966362,172.1770720859269,5.360450343736716,-129.52905752273824,1.8925142631093763,8.992597375191439,30.87509821556717,30.87509821556717,250.68590927124023,372.5584716796875,24.618943851575533,177.53752242966362,172.1770720859269,3.2740299821348606,37.49166983761907,37.49166983761907,4.904317609867009,43.66175337177815,43.66175337177815,147.2516966442996,151.6394612806795,151.6394612806795,147.2516966442996,37.109201728089005,41.10290705922085,41.10290705922085,24.721436282361818,24.721436282361818,23.152905504541017,21.93726599128233,4.516508398822113,175.09745253197877,28.18991262315569,20.682532114825808,9.876214574799635,-0.010955810546875,26.087547587340865,0
008330cf-9d1e-41b5-8bcf-7a233788ad3a_delivery_14,44,26.408545033363044,19.925942858797484,26.408545033363044,18.01568128045064,9.688819662247065,18.01568128045064,107.55868447977225,103.8076402317017,156.39823615489755,169.5787227126126,31.22564527995098,25.264369547714708,10.937078321579316,8.977841895359253,31.22564527995098,25.264369547714708,-28.155548095703125,-24.095977783203125,19.925942858797484,9.688819662247065,169.5787227126126,25.264369547714708,15.354170816937179,178.96105712347347,173.65430930505144,5.306747818422025,-130.01906759620235,1.4235346938098417,3.3299948693378214,14.756041197427031,14.756041197427031,250.6808624267578,372.36993408203125,11.318133513284577,178.96105712347347,173.65430930505144,8.37494406393665,32.74535432502894,32.74535432502894,16.242223839789723,40.73578495634508,40.73578495634508,147.26587957989744,151.39839359685112,151.39839359685112,147.26587957989744,18.69809817012399,22.486728664338987,22.486728664338987,19.170045831861824,19.170045831861824,16.45911086443361,18.6690508160206,4.528731487779669,175.7792350469028,10.405124518372615,15.545189584858452,9.92707332396058,-0.134979248046875,19.284013243432202,0
008330cf-9d1e-41b5-8bcf-7a233788ad3a_delivery_14,45,41.41642488212473,35.06465686851775,41.41642488212473,34.233464610222335,27.17367270719538,34.233464610222335,107.55956574158857,103.7747016027378,153.38566278517274,166.17418945517153,31.326880647277793,25.81669480956099,10.979217793794792,9.351222743966801,31.326880647277793,25.81669480956099,-28.012847900390625,-24.447998046875,35.06465686851775,27.17367270719538,166.17418945517153,25.81669480956099,29.91318393215747,-179.58708504869614,175.76067135297245,355.34775640166856,-130.49625846991952,-358.5481421721696,20.653136421512183,20.937748103372424,20.937748103372424,250.81788635253906,372.3832244873047,8.26134990869196,-179.58708504869614,175.76067135297245,25.474691376855656,22.19069601136815,25.474691376855656,33.7316570220909,57.841522159395524,57.841522159395524,147.03553457290712,151.07366377209118,151.07366377209118,147.03553457290712,4.328415931385095,28.814082789615384,28.814082789615384,18.12013812926854,18.12013812926854,21.73320162897539,20.030011349302995,4.437923455685617,175.30539682556562,23.832569897154624,18.966450702528697,9.658850921232853,-0.3114013671875,29.321680740304625,0
008330cf-9d1e-41b5-8bcf-7a233788ad3a_delivery_14,46,49.64424825260508,23.129754810220895,49.64424825260508,64.30538275873982,59.33228108604031,64.30538275873982,107.15775747343864,103.57280464840224,148.39475700265027,161.82140516052152,31.426431810501146,26.037295245217607,10.867759088722767,9.063476897906973,31.426431810501146,26.037295245217607,-27.850433349609375,-24.496856689453125,23.129754810220895,59.33228108604031,161.82140516052152,26.037295245217607,43.204527514780786,-178.0909400385229,177.36085265899322,355.4517926975161,-131.20199316120116,1.496145010173251,32.63510266026861,30.180395520810002,32.63510266026861,251.03696060180664,372.58341217041016,17.808688457492412,-178.0909400385229,177.36085265899322,36.847092117962596,14.491228707408293,36.847092117962596,13.285008982761635,40.00852630523227,40.00852630523227,145.17736836210318,149.82940680263854,149.82940680263854,145.17736836210318,8.539059267864598,35.18103356579748,35.18103356579748,26.12584479528156,26.12584479528156,30.147293536775678,24.214074983301924,4.303079277860847,175.03395541723268,30.164158620951877,19.447774885343136,9.226087432391559,-0.34796142578125,33.96492616964263,0
008330cf-9d1e-41b5-8bcf-7a233788ad3a_delivery_14,47,44.14720209177266,16.010492490029595,44.14720209177266,68.04613642646417,72.40180172805701,72.40180172805701,106.85882699104998,103.86072506099174,144.68578887526485,155.70201391688735,31.358954662213577,26.209273185620667,10.68535298903868,8.99674010869024,31.358954662213577,26.209273185620667,-27.631927490234375,-24.304107666015625,16.010492490029595,72.40180172805701,155.70201391688735,26.209273185620667,52.06532148778212,-175.3158142527124,179.65712874385332,354.97294299656573,-132.03108897228972,2.7751257858104736,45.62456681660729,66.16172937376201,66.16172937376201,251.47954940795898,372.84812927246094,30.947777224328533,-175.3158142527124,179.65712874385332,35.25287878150845,35.21376826445144,35.25287878150845,10.993288152425887,44.809101737714954,44.809101737714954,143.32820571891654,149.13197349854812,149.13197349854812,143.32820571891654,3.366773108572949,61.08853772468342,61.08853772468342,41.7786726459364,41.7786726459364,44.88998021060144,36.17878162056887,4.123441093189572,175.00605094799045,36.85421351577629,32.525377533751865,8.57923981219188,-0.3767852783203125,41.92635639133749,0
008330cf-9d1e-41b5-8bcf-7a233788ad3a_delivery_14,48,65.74606587162617,41.458120897025246,65.74606587162617,71.60039033132281,107.53913358716197,107.53913358716197,106.94884820602726,102.61090794995467,140.50713062883415,147.37700925209737,31.248680214479123,26.025616577377118,10.771044142546868,8.904347843937696,31.248680214479123,26.025616577377118,-27.167388916015625,-23.913909912109375,41.458120897025246,107.53913358716197,147.37700925209737,26.025616577377118,70.92734097514212,-174.06040132691177,177.81153845998415,351.87193978689595,-132.6126380597858,1.2554129258006412,62.41582923163158,76.80450593208498,76.80450593208498,251.67238235473633,373.4891586303711,40.17078494193157,-174.06040132691177,177.81153845998415,45.275032150008755,9.064220533341944,45.275032150008755,60.47520834513931,52.22390317044976,60.47520834513931,140.39309595844614,149.32792949875852,149.32792949875852,140.39309595844614,19.757544445944443,35.78397081350983,35.78397081350983,69.46994565310365,69.46994565310365,69.07737170751234,64.20980608342825,3.9186288900507935,175.18777833236155,57.310850069097164,53.878665563856906,8.12350461482563,-0.5463409423828125,54.01199377577057,0
008330cf-9d1e-41b5-8bcf-7a233788ad3a_delivery_14,49,85.37980182594524,49.45720896033438,85.37980182594524,102.08822261084904,83.32509374768918,102.08822261084904,106.28080601368085,101.93326942813803,133.75250880980593,142.31942050351267,31.316866050311265,25.896872672555396,11.165223818749878,8.855825673574767,31.316866050311265,25.896872672555396,-26.786102294921875,-23.658203125,49.45720896033438,83.32509374768918,142.31942050351267,25.896872672555396,77.34669174421396,-170.81271427252494,176.2646397698874,347.07735404241237,-133.31040979986207,3.24768705438683,78.66461549255446,65.16520782791143,78.66461549255446,251.64926528930664,374.3951721191406,54.38727364625841,-170.81271427252494,176.2646397698874,34.21482295002767,41.972685296937634,41.972685296937634,74.04333916426536,60.70700461723812,74.04333916426536,136.56184433391235,148.5242973543445,148.5242973543445,136.56184433391235,36.691163985225494,40.89382247472859,40.89382247472859,68.0183111797043,68.0183111797043,68.49649794183034,64.37071034252698,3.710972352397534,175.50128350722153,66.01196992611918,56.37172905433871,7.7703080604678805,-0.85302734375,62.71691574614221,0
008330cf-9d1e-41b5-8bcf-7a233788ad3a_delivery_14,50,76.62995662556084,69.28416328992292,76.62995662556084,96.30561317630534,103.54559329775768,103.54559329775768,106.10082230705567,101.06735571982284,129.4490865967402,138.5196288605014,31.425774702249424,25.83029715268489,11.398842173997098,8.468735807319392,31.425774702249424,25.83029715268489,-26.54351806640625,-23.66815185546875,69.28416328992292,103.54559329775768,138.5196288605014,25.83029715268489,80.88209422830472,-168.79655783940387,172.8691200626861,341.66567790209,-133.79076154561758,2.0161564331210684,72.88142055001877,66.6458184302628,72.88142055001877,251.61050033569336,375.35595703125,57.70330431770744,-168.79655783940387,172.8691200626861,26.250928197456762,28.922877175757716,28.922877175757716,53.002096446718916,30.964118210610465,53.002096446718916,133.57348793426175,147.25589265314153,147.25589265314153,133.57348793426175,42.93347826135959,50.69421779104515,50.69421779104515,58.43123000784864,58.43123000784864,58.932505909524764,55.005569402867394,3.496122003586315,175.72037870528308,58.84850188623412,51.5063893495776,7.352982795153417,-1.0289764404296875,59.83835678773141,0
008330cf-9d1e-41b5-8bcf-7a233788ad3a_delivery_14,51,80.83571711590143,61.22361907057368,80.83571711590143,74.82262152097692,47.06901101641629,74.82262152097692,106.70401170095883,100.03739699379076,128.8790645039177,139.15661619528822,31.699676149589337,25.499396887072482,11.792324077919195,8.55173680931388,31.699676149589337,25.499396887072482,-26.42242431640625,-23.52294921875,61.22361907057368,47.06901101641629,139.15661619528822,25.499396887072482,69.63698307296661,-168.7145434752074,172.98949904361984,341.70404251882724,-133.97839596444055,0.08201436419648189,76.7648319454392,77.10609776849213,77.10609776849213,251.24358749389648,376.3916931152344,65.93898558714716,-168.7145434752074,172.98949904361984,34.278472684927124,73.47377455223877,73.47377455223877,84.72208321963339,96.5445893304731,96.5445893304731,131.89855656882563,146.6251792460235,146.6251792460235,131.89855656882563,49.04043649824804,72.32412675749015,72.32412675749015,76.93507192581521,76.93507192581521,74.83654745905315,73.34713017978098,3.5765532121846557,175.88590828952914,68.93221253889295,69.34671389387177,7.899476671180031,-1.0887603759765625,69.01711512340084,0
008330cf-9d1e-41b5-8bcf-7a233788ad3a_delivery_14,52,73.46028233171468,68.10818427375973,73.46028233171468,82.31529691240844,74.99018571950185,82.31529691240844,107.1748519254034,97.3957065424322,126.20903886123736,135.31579969691654,32.0137172252224,25.098224457759,12.2757235975502,8.619789000995578,32.0137172252224,25.098224457759,-26.160614013671875,-23.3724365234375,68.10818427375973,74.99018571950185,135.31579969691654,25.098224457759,76.11544880720571,-171.4883949600886,172.48691466335802,343.9753096234466,-133.90308050169867,-2.77385148488122,71.26877657760274,86.54996702824671,86.54996702824671,250.83985900878906,377.51195526123047,71.45900478676843,-171.4883949600886,172.48691466335802,24.45567518755971,97.83026659431985,97.83026659431985,72.51059139337406,90.27291774164128,90.27291774164128,129.47767339639765,144.4372990588766,144.4372990588766,129.47767339639765,56.49716825220865,87.81965784207972,87.81965784207972,94.88291932391999,94.88291932391999,89.24831134724403,89.60985540241094,3.713649912543822,175.13794107297284,72.8495771868791,81.22220252750607,8.621362692387018,-1.02642822265625,73.83991415453478,0
008330cf-9d1e-41b5-8bcf-7a233788ad3a_delivery_14,53,50.67406365485177,55.30950926444482,55.30950926444482,70.629916651316,78.3929273238711,78.3929273238711,107.16400988712476,94.11264652331805,124.24141681371526,130.18556919960508,32.47459464177308,24.614504755756865,12.67671297045193,8.33993644601421,32.47459464177308,24.614504755756865,-26.2757568359375,-23.2574462890625,55.30950926444482,78.3929273238711,130.18556919960508,24.614504755756865,65.79609719196246,-176.0460403537236,172.9389159012033,348.98495625492694,-133.47625182943614,-4.557645393634999,52.40007386257488,87.3700923947162,87.3700923947162,250.32468795776367,378.31690216064453,57.350566798374004,-176.0460403537236,172.9389159012033,18.361370119574193,143.31279026204353,143.31279026204353,58.36015288839622,85.703572485523,85.703572485523,128.5106851811398,139.944835480997,139.944835480997,128.5106851811398,40.422346725703896,98.56115484654661,98.56115484654661,34.81512877513114,34.81512877513114,36.90236031492504,38.86708871339998,3.7598022891399596,174.5048177802511,45.58795008232569,57.33747402657203,8.973950400717278,-0.876617431640625,69.95816420663017,0
008330cf-9d1e-41b5-8bcf-7a233788ad3a_delivery_14,54,62.716518791259816,42.33812746987484,62.716518791259816,67.44674287566376,65.22171474890364,67.44674287566376,106.99871464223774,89.37758377562939,123.29122689793432,122.81531110663441,33.20829146682902,23.95852978607082,13.32035001801216,8.44454090170309,33.20829146682902,23.95852978607082,-26.6640625,-22.959014892578125,42.33812746987484,65.22171474890364,122.81531110663441,23.95852978607082,60.659205727543906,-178.69430821681152,173.35571433563436,352.05002255244585,-132.6075764600355,-2.6482678630879093,49.76467792388373,76.46745255567765,76.46745255567765,249.82644653320312,379.1429443359375,57.88959871977295,-178.69430821681152,173.35571433563436,31.37129551470219,130.52041254446527,130.52041254446527,39.76574296582238,88.04877491156306,88.04877491156306,128.8145440134197,136.4566234197485,136.4566234197485,128.8145440134197,50.33319774104413,103.24761135142764,103.24761135142764,51.796860528245105,51.796860528245105,50.75224940466993,51.91648925058776,3.9023147037847985,173.6823471103269,44.19856363956393,59.443250065732464,9.555629281161988,-0.82574462890625,67.27018911619068,0
008330cf-9d1e-41b5-8bcf-7a233788ad3a_delivery_14,55,65.34257294060765,54.1075478033836,65.34257294060765,78.48400654664127,53.562548222708266,78.48400654664127,106.36132775110832,83.98854912772767,122.7307723192556,116.93774069656806,34.02541274476541,23.562070564151675,14.07276727720692,8.654299641443346,34.02541274476541,23.562070564151675,-27.27301025390625,-22.94866943359375,54.1075478033836,53.562548222708266,116.93774069656806,23.562070564151675,68.50612429605142,178.42725708349676,173.56712394196106,4.860133141535698,-131.53932768387915,357.12156530030825,57.633518032058255,101.9065522309095,101.9065522309095,249.13490676879883,379.8519058227539,59.43241892621173,178.42725708349676,173.56712394196106,74.60091534136704,147.08260930887505,147.08260930887505,40.46755363384414,132.7763153073928,132.7763153073928,131.64458779065328,134.86908331737988,134.86908331737988,131.64458779065328,40.461407978426834,131.20445360225304,131.20445360225304,54.64632162523098,54.64632162523098,55.79701612631618,55.110005448964955,4.142898258085732,172.72620647445623,45.77603242170868,69.80813724568375,10.44155718674555,-0.97198486328125,81.4691667457056,0
008330cf-9d1e-41b5-8bcf-7a233788ad3a_delivery_14,56,84.28218615731355,102.99638031194083,102.99638031194083,48.17090324678654,98.0686080249257,98.0686080249257,106.62305367851366,81.1134333800308,125.53466367827804,113.33369317476208,35.016844065321024,24.23079450608045,14.350108337575222,8.99262551569733,35.016844065321024,24.23079450608045,-28.2919921875,-23.7825927734375,102.99638031194083,98.0686080249257,113.33369317476208,24.23079450608045,75.18148876705925,176.04555340498894,173.6083356229823,2.437217782006627,-130.98263658368074,-2.3817036785078187,44.28970434639708,73.28115051499185,73.28115051499185,248.8687973022461,380.51807403564453,43.04808181359768,176.04555340498894,173.6083356229823,70.02589537473371,96.35337232017483,96.35337232017483,23.447168832725136,61.641423424461934,61.641423424461934,135.01908067819554,132.02939240460694,132.02939240460694,135.01908067819554,40.68685594201782,76.06388975744169,76.06388975744169,43.60082719107952,43.60082719107952,43.10308476601342,46.226839609499095,4.348382587652419,172.14837620367763,44.31920762699314,61.11441902377025,10.805683044825454,-1.532623291015625,68.27562818782589,0
008330cf-9d1e-41b5-8bcf-7a233788ad3a_delivery_14,57,101.55579136491555,58.961938080140584,101.55579136491555,61.39305355239905,56.282153054707614,61.39305355239905,106.34960441179305,79.19049300094396,128.46329580526466,112.40183881281062,35.72685993235208,24.44161310029517,14.561701993013495,8.895429552546224,35.72685993235208,24.44161310029517,-29.279815673828125,-24.150421142578125,58.961938080140584,56.282153054707614,112.40183881281062,24.44161310029517,66.61793516112444,175.80297490278784,174.43475135886854,1.3682235439192993,-130.34542862543734,-0.24257850220109844,52.45279844575248,69.06187646883126,69.06187646883126,248.5746078491211,381.11363220214844,39.861831351329556,175.80297490278784,174.43475135886854,122.37393006331314,101.17507555737822,122.37393006331314,36.35180379943327,30.897397398344847,36.35180379943327,141.6104889758091,129.4610137396678,129.4610137396678,141.6104889758091,41.94340145846278,79.24106189339378,79.24106189339378,22.08553089106685,22.08553089106685,36.73072206647348,17.627345372241884,3.842844091878287,169.53818409154604,62.12386281733676,42.87226280906702,9.463790721781708,-1.19842529296875,67.64085676142271,0
008330cf-9d1e-41b5-8bcf-7a233788ad3a_delivery_14,58,99.02490267412851,95.55691081385172,99.02490267412851,38.22096314341285,66.7889222731317,66.7889222731317,106.77165086262525,77.65288779288605,133.10048126442456,111.92981652537794,36.159763900831635,25.51397398474441,14.222817951464531,9.779232643254867,36.159763900831635,25.51397398474441,-30.16644287109375,-25.235015869140625,95.55691081385172,66.7889222731317,111.92981652537794,25.51397398474441,61.24340573286548,176.17721375734408,175.67711018758803,0.5001035697560496,-130.52205387613324,0.3742388545562392,37.220768211081776,30.647967281586237,37.220768211081776,248.72819900512695,381.65889739990234,33.99453659097443,176.17721375734408,175.67711018758803,118.34747358768362,9.783241107643931,118.34747358768362,80.95483451796152,48.227350352760965,80.95483451796152,148.88501639907741,129.1947135877918,129.1947135877918,148.88501639907741,43.87747920732748,27.55378847398991,43.87747920732748,76.10911850724474,76.10911850724474,76.10580966071842,73.49179359294169,4.02594506953682,170.1411137492421,63.11675234124773,59.89598448347493,9.655993158144456,-1.5269775390625,58.01705013704669,0
008330cf-9d1e-41b5-8bcf-7a233788ad3a_delivery_14,59,88.63722715311862,115.54908875756024,115.54908875756024,7.665169521522475,79.99611453052606,79.99611453052606,107.61929062963789,76.98311808917815,139.26807214164714,113.04307381086785,36.22403272218754,26.730320910090676,13.863894356455289,10.408290907954825,36.22403272218754,26.730320910090676,-30.692474365234375,-26.47149658203125,115.54908875756024,79.99611453052606,113.04307381086785,26.730320910090676,61.943308222338324,175.73846980875376,176.7030278282688,0.9645580195150387,-130.66798534451257,-0.4387439485903144,37.95343827631593,41.85881109498666,41.85881109498666,248.79642868041992,382.1730194091797,31.12279968302802,175.73846980875376,176.7030278282688,129.86235489402992,2.3061126190378296,129.86235489402992,65.95529278631138,59.81871938505451,65.95529278631138,157.0055924072102,128.73615392067018,128.73615392067018,157.0055924072102,31.82514486553013,20.089760649687797,31.82514486553013,64.72955997263809,64.72955997263809,67.5639348634973,66.50207731496305,4.110250718983957,170.55019641483253,65.55728621114409,65.2284836590508,9.603319408929474,-1.4993896484375,56.79310287780678,0
008330cf-9d1e-41b5-8bcf-7a233788ad3a_delivery_14,60,83.99706408109135,96.66411643898252,96.66411643898252,18.84377188577976,41.42746596269178,41.42746596269178,108.32947691694358,76.71298311926803,144.63318680884746,117.18296121385166,36.15996174144704,27.73812319734179,13.625573715744562,10.836251987430048,36.15996174144704,27.73812319734179,-31.018798828125,-27.52850341796875,96.66411643898252,41.42746596269178,117.18296121385166,27.73812319734179,53.635280178616064,176.75362832461963,178.33225409470253,1.5786257700829083,-131.0274723677968,1.0151585158658634,48.280932163771695,32.59833053937933,48.280932163771695,248.86094665527344,382.66961669921875,30.051097552449946,176.75362832461963,178.33225409470253,100.76168184870032,26.534094330152197,100.76168184870032,24.01176823916217,87.85019914998155,87.85019914998155,162.5084729817408,126.64446493453308,126.64446493453308,162.5084729817408,31.908464911490668,11.525751175672116,31.908464911490668,55.41565067171429,55.41565067171429,59.89629066737692,56.42079688885047,4.14094506457217,171.44292673523705,64.01021258687167,56.19776794982608,9.481398889067192,-1.3494110107421875,50.36697006057128,0
008330cf-9d1e-41b5-8bcf-7a233788ad3a_delivery_14,61,61.03612749765096,91.02499573650911,91.02499573650911,50.309396507913675,14.720148418002141,50.309396507913675,107.09889822853062,75.98746640648108,144.12532908379765,123.03223777266626,35.74012558212672,28.648363252346684,13.575325320828878,11.047410159448882,35.74012558212672,28.648363252346684,-30.964324951171875,-28.545806884765625,91.02499573650911,14.720148418002141,123.03223777266626,28.648363252346684,45.728821143419374,178.36927473754298,179.46302185350487,1.0937471159618894,-130.60945514827574,1.615646412923354,39.840244923298926,17.442013777141455,39.840244923298926,248.64624786376953,383.10143280029297,28.939397268351883,178.36927473754298,179.46302185350487,83.94381466203639,15.970083367681951,83.94381466203639,5.162957814882779,62.78993935646117,62.78993935646117,167.08903868143491,125.96427083274399,125.96427083274399,167.08903868143491,36.887079271284314,33.28052495221919,36.887079271284314,52.33036238083294,52.33036238083294,56.585393650887234,51.02029569182286,4.066278744790964,172.6399854254104,48.81270398157224,36.03251005950349,9.31966181744628,-0.9358062744140625,42.700610523756836,0
008330cf-9d1e-41b5-8bcf-7a233788ad3a_delivery_14,62,58.494102654823415,134.85450710650636,134.85450710650636,25.913726394122953,55.04265195624868,55.04265195624868,106.7561633677273,74.19297654003428,146.13422346555694,126.88944663264242,35.84346367013719,30.13436772765159,13.851551072586403,11.793736814892828,35.84346367013719,30.13436772765159,-31.290985107421875,-30.107177734375,134.85450710650636,55.04265195624868,126.88944663264242,30.13436772765159,56.797236695791504,178.40532922839043,-179.96632472431438,358.37165395270483,-130.9038603335545,0.03605449084744805,31.631600396954635,34.846831666092925,34.846831666092925,248.55482864379883,383.45597076416016,21.971627700310275,178.40532922839043,-179.96632472431438,58.807919400201904,12.278875525952294,58.807919400201904,7.4474106114579355,41.60983988315855,41.60983988315855,169.95339773918948,127.29221731222336,127.29221731222336,169.95339773918948,15.430677999789406,16.71838703406272,16.71838703406272,76.52693244910175,76.52693244910175,79.65212216802688,66.77509891585004,4.724352460316313,174.93883313739778,77.15748016583274,69.00001540666752,10.936426708926009,-1.454681396484375,41.08971088578098,0
008330cf-9d1e-41b5-8bcf-7a233788ad3a_delivery_14,63,93.3428226850065,135.10362156489234,135.10362156489234,70.99560003593187,34.76113599247564,70.99560003593187,105.08596821080289,71.34047172144041,147.9422731467569,131.81313145422845,36.37163009347705,30.882968946827255,15.061548504526892,12.200744471697906,36.37163009347705,30.882968946827255,-32.1787109375,-30.87188720703125,135.10362156489234,34.76113599247564,131.81313145422845,30.882968946827255,70.77597182487214,177.0300396980082,178.71833583168285,1.6882961336746405,-130.61436433116697,-1.3752895303822186,31.444094253857866,59.00855641706864,59.00855641706864,248.33169174194336,384.07503509521484,39.48941122264443,177.0300396980082,178.71833583168285,47.96857312838228,61.14988734637647,61.14988734637647,55.4250633317127,39.97681510698056,55.4250633317127,170.78948136690977,128.04351723506767,128.04351723506767,170.78948136690977,27.99483208364836,60.36936554713192,60.36936554713192,21.806292455138905,21.806292455138905,28.485145665579868,22.70471681528033,4.4912088950522255,173.91592121805007,31.485564085000302,32.53800930702669,10.691638581720614,-1.4538116455078125,59.79503062445543,0
008330cf-9d1e-41b5-8bcf-7a233788ad3a_delivery_14,64,94.450807763509,99.8177157253162,99.8177157253162,67.32569579394895,30.608280719070294,67.32569579394895,102.70995822182276,71.57534543661272,148.9166066854802,139.3550208078011,36.39079437368974,29.663546385185867,15.698336353145645,11.001224084942368,36.39079437368974,29.663546385185867,-32.82427978515625,-29.574310302734375,99.8177157253162,30.608280719070294,139.3550208078011,29.663546385185867,56.624975009428745,176.1182153599148,177.79109649651545,1.6728811366006369,-129.97700827260306,-0.9118243380933961,16.04072665377643,31.50662340095159,31.50662340095159,248.15147399902344,384.5148239135742,28.52149878666418,176.1182153599148,177.79109649651545,37.39972631798155,58.138336129714475,58.138336129714475,45.47014349150653,37.796981667308486,45.47014349150653,170.07757583677667,129.43585592627244,129.43585592627244,170.07757583677667,34.0764432202099,40.84774417395175,40.84774417395175,35.14046620076569,35.14046620076569,34.52333676194159,38.37929872638296,4.342578067683676,172.70730219917237,26.337454254359855,38.26609777708967,10.425581977295586,-0.068450927734375,49.45660208810376,0
008330cf-9d1e-41b5-8bcf-7a233788ad3a_delivery_14,65,117.5216432143371,109.72717064812042,117.5216432143371,64.72466030237905,12.167137603950783,64.72466030237905,101.05258734057385,71.55630183279223,152.03497769083995,149.5809268442813,36.816772565312576,29.381926110906292,16.427237835959605,10.332877483083182,36.816772565312576,29.381926110906292,-33.8572998046875,-29.082489013671875,109.72717064812042,12.167137603950783,149.5809268442813,29.381926110906292,59.1281093556829,174.99386209277623,176.7437238651055,1.7498617723292682,-129.74455142925174,-1.1243532671385879,20.916858645209008,29.71118572010102,29.71118572010102,248.28084182739258,384.93175506591797,26.196656137923753,174.99386209277623,176.7437238651055,39.57602289854712,89.89240648268583,89.89240648268583,60.3798181301034,89.3612237740246,89.3612237740246,169.35822080946846,133.53403390703428,133.53403390703428,169.35822080946846,27.412263275911567,38.372227075834246,38.372227075834246,40.66944650609333,40.66944650609333,37.10707703518319,43.502383444717836,4.301390337998651,170.94777558012055,19.5450153545086,36.110767820243396,10.511049207366348,-0.5859375,58.31355148093368,0
008330cf-9d1e-41b5-8bcf-7a233788ad3a_delivery_14,66,124.68817843414412,96.82573028925962,124.68817843414412,88.97672152809835,14.335397033264295,88.97672152809835,99.37918496258283,69.75790841516105,155.80820536805174,155.2623741524028,37.02214052762013,29.456212743836492,17.40883469217032,10.584014930723228,37.02214052762013,29.456212743836492,-34.680023193359375,-28.85516357421875,96.82573028925962,14.335397033264295,155.2623741524028,29.456212743836492,66.62496653769112,172.55683791782,174.47092258195937,1.9140846641393807,-130.3095441437906,-2.4370241749562354,23.693239904414387,51.23053203696591,51.23053203696591,248.51116561889648,385.2803192138672,25.071266395088806,172.55683791782,174.47092258195937,19.49982035740318,107.87177251581404,107.87177251581404,51.257792847181854,99.45687206231214,99.45687206231214,169.09690554459698,139.14557209686387,139.14557209686387,169.09690554459698,34.662206588658435,34.68116474731955,34.68116474731955,40.35615086458325,40.35615086458325,37.10116772989506,42.553013581702324,4.268299830258026,169.59003154365686,23.717353670488208,38.92959208842343,10.857671297769564,-0.7200164794921875,62.26495236206966,0
008330cf-9d1e-41b5-8bcf-7a233788ad3a_delivery_14,67,125.54283243576229,109.02806812875454,125.54283243576229,88.63367583319497,12.823322826601784,88.63367583319497,97.11554059893075,69.14105552958257,158.5432633772424,163.66522180105167,36.85019493215291,29.23430201134536,18.187926277240166,10.640974256524292,36.85019493215291,29.23430201134536,-35.141357421875,-28.240386962890625,109.02806812875454,12.823322826601784,163.66522180105167,29.23430201134536,66.23111516120547,169.92694071379452,172.33947251374576,2.412531799951239,-130.47277089041683,-2.6298972040254682,10.136495528525561,51.222296214393666,51.222296214393666,248.68462753295898,385.6491165161133,24.457201114418133,169.92694071379452,172.33947251374576,24.126171093005205,129.8722131830581,129.8722131830581,27.911743585928,102.31068299421402,102.31068299421402,169.629942167933,146.1870395587328,146.1870395587328,169.629942167933,8.643864449994988,35.57844957198033,35.57844957198033,58.873473944109115,58.873473944109115,53.31906505649595,63.61507675982319,4.2475436573849095,167.2442783495224,33.96921977777781,59.909714374275275,10.915390261271588,-0.35589599609375,60.48581798711779,0
008330cf-9d1e-41b5-8bcf-7a233788ad3a_delivery_14,68,134.24522378232527,87.24663710133488,134.24522378232527,118.18172923270663,31.693891516935526,118.18172923270663,94.75741352366357,69.30142052693016,160.75735845324965,169.44963944392885,36.024361503732536,29.26553332438436,18.65575965373061,10.716949929423116,36.024361503732536,29.26553332438436,-34.86358642578125,-28.00848388671875,87.24663710133488,31.693891516935526,169.44963944392885,29.26553332438436,72.76667312173701,166.87708169565747,170.1570204675883,3.27993877193083,-130.6650524357653,-3.049859018137056,20.937298708926875,44.295258388192934,44.295258388192934,249.05921936035156,385.7499694824219,23.27960682554584,166.87708169565747,170.1570204675883,25.33618994521848,90.66635780086419,90.66635780086419,28.253368232763393,82.59573549185254,82.59573549185254,170.8043166628458,151.64826155637934,151.64826155637934,170.8043166628458,16.456010035714158,42.14717262622208,42.14717262622208,79.64466463280283,79.64466463280283,75.55392321941632,78.86954120168011,4.3266510717419076,166.50618441592704,43.29681577435003,51.928965325853085,11.22103451384922,0.140411376953125,60.171239405254745,0
008330cf-9d1e-41b5-8bcf-7a233788ad3a_delivery_14,69,128.31133344574002,173.76751446535158,173.76751446535158,138.96511838898613,59.51686538355569,138.96511838898613,92.78462438208193,67.66273251367998,160.7973974245154,170.44145169840326,34.54592666760966,31.369105259790064,19.04471890239454,12.55354632103144,34.54592666760966,31.369105259790064,-33.62884521484375,-29.743377685546875,173.76751446535158,59.51686538355569,170.44145169840326,31.369105259790064,95.87651373236854,164.4440724590823,168.9382617282898,4.49418926920751,-131.89015719022677,-2.433009236575174,29.568269617979336,45.12998109259837,45.12998109259837,249.54027938842773,385.79795837402344,29.011541634277098,164.4440724590823,168.9382617282898,27.261125790423986,110.10163300981338,110.10163300981338,26.981860830781446,41.26490174438107,41.26490174438107,171.3553684279044,157.6509825842336,157.6509825842336,171.3553684279044,56.157383284464125,35.72672754197318,56.157383284464125,64.76914025030277,64.76914025030277,57.84953473153221,68.08172452993927,4.455122485163656,164.67421205509623,36.13558742975765,59.26343104210531,11.678770573611533,-0.55499267578125,72.72939288300402,0
008330cf-9d1e-41b5-8bcf-7a233788ad3a_delivery_14,70,153.00117053195316,38.26137826947466,153.00117053195316,164.24551819079525,59.90121833657393,164.24551819079525,88.80584489270821,66.220752562033,157.51501717467463,169.34639960650918,32.46393350487646,30.98140623216817,19.23995816615237,12.097048325712047,32.46393350487646,30.98140623216817,-31.765533447265625,-29.179046630859375,38.26137826947466,59.90121833657393,169.34639960650918,30.98140623216817,82.97676666217244,160.1900468948908,165.93510945531756,5.74506256042676,-132.69463820139478,-4.254025564191494,25.976974486003147,56.47434015823443,56.47434015823443,249.69452285766602,385.8873596191406,10.698504031236876,160.1900468948908,165.93510945531756,32.33778247308798,52.282907168989816,52.282907168989816,28.873622935370456,41.11249591735719,41.11249591735719,170.8588213537583,160.060121470682,160.060121470682,170.8588213537583,27.946383353910626,28.799072253137396,28.799072253137396,32.06391549400227,32.06391549400227,31.53648471173028,29.862450348450114,4.483601442455234,165.11719199094787,21.53300537968195,28.997031793203007,12.008319168424196,0.9569091796875,59.10107200624066,0
008330cf-9d1e-41b5-8bcf-7a233788ad3a_delivery_14,71,172.35386274524348,68.12732253807225,172.35386274524348,171.88629058180115,95.22661423261452,171.88629058180115,85.02567821804438,66.42256563126607,153.8724942757432,172.24654940815938,30.00852383155968,31.08090088663661,19.230558766853544,11.666510609838506,30.00852383155968,31.08090088663661,-29.4146728515625,-29.07928466796875,68.12732253807225,95.22661423261452,172.24654940815938,31.08090088663661,100.03895042408634,156.29794332473233,164.22999877630772,7.932055451575394,-132.91691410910786,-3.8921035701584685,24.685473993800926,67.95413845298575,67.95413845298575,249.69158172607422,386.1091079711914,13.308217838285309,156.29794332473233,164.22999877630772,7.091399168386389,28.911077883450968,28.911077883450968,15.018317710260071,62.835704816631285,62.835704816631285,171.02443131772887,160.35596778951606,160.35596778951606,171.02443131772887,10.692857843524097,20.024570706816476,20.024570706816476,32.00547464106301,32.00547464106301,29.43528004862341,35.474511296989455,4.559500484070747,164.05297112537653,23.9663750336417,45.32880926169686,12.331032386751538,0.837188720703125,62.06730255613227,0
008330cf-9d1e-41b5-8bcf-7a233788ad3a_delivery_14,72,198.32699780789537,60.04958543902493,198.32699780789537,181.3405501560232,66.21122875652217,181.3405501560232,79.33438743970449,65.72851956368082,147.55154745073384,177.80346514831197,27.0780923131095,30.6669524468788,18.96282833673014,10.995433706467205,27.0780923131095,30.6669524468788,-26.54345703125,-28.1268310546875,60.04958543902493,66.21122875652217,177.80346514831197,30.6669524468788,99.10933519615158,153.43634653000808,162.72370409655863,9.287357566550554,-133.36758494309038,-2.8615967947242495,25.73741756780008,62.9902314496437,62.9902314496437,249.75057220458984,386.31446075439453,12.82153411121964,153.43634653000808,162.72370409655863,47.34702300143405,62.998787742509116,62.998787742509116,32.19229414980522,55.75556950968367,55.75556950968367,170.46728065496373,158.60171652018883,158.60171652018883,170.46728065496373,20.779985027187337,19.12991717026969,20.779985027187337,15.065181351583234,15.065181351583234,15.484106318473872,16.49905640510288,4.614865193935529,163.57537175903684,16.914161760913835,28.87191947265161,12.860145792756775,1.5595550537109375,69.40496564814988,0
008330cf-9d1e-41b5-8bcf-7a233788ad3a_delivery_14,73,182.25879910891737,44.87191453674987,182.25879910891737,128.77265482254927,76.3209506639829,128.77265482254927,73.21990497613218,65.68480536739685,139.91330960202896,175.26389967231208,24.022727450077138,30.562751079222885,18.143421214516327,10.75198897548289,24.022727450077138,30.562751079222885,-23.469451904296875,-27.474365234375,44.87191453674987,76.3209506639829,175.26389967231208,30.562751079222885,86.50015673400914,152.04422208754613,162.12653714108055,10.082315053534415,-134.4926017518874,-1.3921244424619488,16.095227125536972,70.68139414631851,70.68139414631851,249.6939811706543,386.5052795410156,11.943939505740204,152.04422208754613,162.12653714108055,17.287000409501967,30.94454989491721,30.94454989491721,33.05021269368588,24.084267862898614,33.05021269368588,170.11998029206126,157.56214734128605,157.56214734128605,170.11998029206126,26.522851229310294,13.96829657520939,26.522851229310294,15.947981231448459,15.947981231448459,17.093238030740228,14.428796602265693,4.797494842142526,163.81920538138945,25.75790875476178,38.38825083953862,13.447416657975795,1.300384521484375,55.4048432557982,0
008330cf-9d1e-41b5-8bcf-7a233788ad3a_delivery_14,74,123.95478088705535,35.567151501412255,123.95478088705535,95.90583908046912,62.0266347494738,95.90583908046912,67.29988941264072,65.40566438423453,132.598963446858,168.64965180462562,22.175826406614544,29.621730219688764,17.78327198991948,9.742294947235592,22.175826406614544,29.621730219688764,-21.5650634765625,-26.07989501953125,35.567151501412255,62.0266347494738,168.64965180462562,29.621730219688764,64.7312949509279,150.213071403218,159.846414722522,9.633343319304004,-135.55545098387094,-1.8311506843281222,13.326090319234126,57.60727316792278,57.60727316792278,249.7466812133789,386.59642791748047,6.318230141304,150.213071403218,159.846414722522,75.026544701454,52.918852247380386,75.026544701454,62.93598094693987,92.67444757480638,92.67444757480638,171.18229812118417,158.66747957826968,158.66747957826968,171.18229812118417,38.08158898855027,10.555305720103506,38.08158898855027,22.495433194865914,22.495433194865914,29.944889918197973,21.630989295347764,4.903523493342399,164.8728573603735,33.07575605049874,18.605347553951507,14.0038048600955,1.277252197265625,60.048374157066824,0
008330cf-9d1e-41b5-8bcf-7a233788ad3a_delivery_14,75,87.36551119546178,87.63187301881452,87.63187301881452,93.22104462119412,7.271359295820585,93.22104462119412,65.97140770219245,64.86390994524555,127.4957309200369,165.4419200541308,20.059627748673368,30.529818999276664,15.72960339633331,11.04699974401885,20.059627748673368,30.529818999276664,-19.42559814453125,-26.344635009765625,87.63187301881452,7.271359295820585,165.4419200541308,30.529818999276664,63.157961362323455,152.51762984236342,161.59304014126508,9.075410298901659,-136.97285334437566,2.30455843914541,75.59583624516297,27.862143797486873,75.59583624516297,249.9539794921875,386.6807174682617,13.42894134049657,152.51762984236342,161.59304014126508,69.42916857708751,64.1599652988836,69.42916857708751,58.72072620895622,22.25910179991364,58.72072620895622,172.79691118033094,161.06635997525632,161.06635997525632,172.79691118033094,34.03374208434714,43.98254097977519,43.98254097977519,55.600920749392635,55.600920749392635,50.412588948276856,50.606613911170655,5.080246654005387,164.15648610041833,55.63494788014475,64.8309155545329,14.154543351910576,0.206878662109375,55.96108442690868,0
008330cf-9d1e-41b5-8bcf-7a233788ad3a_delivery_14,76,178.87026864108006,165.28178884198036,178.87026864108006,213.53384549550742,90.42090265497791,213.53384549550742,65.82071372251593,64.33980841684219,126.56200676710608,159.40706515065966,20.485198155413748,27.956621666633346,14.76714536825263,10.328574894141843,20.485198155413748,27.956621666633346,-20.094940185546875,-23.412689208984375,165.28178884198036,90.42090265497791,159.40706515065966,27.956621666633346,127.89538977499103,156.5485093469108,163.9836678789565,7.435158532045705,-139.5475261002664,4.030879504547386,108.16794539062049,11.097587625779934,108.16794539062049,250.53359603881836,386.63206481933594,34.90492375842226,156.5485093469108,163.9836678789565,37.74189484141607,62.6288041409998,62.6288041409998,37.85466008792738,43.66172856078146,43.66172856078146,171.5769736090827,162.8040223466692,162.8040223466692,171.5769736090827,68.5760481621768,72.5772400172019,72.5772400172019,50.826202177265415,50.826202177265415,41.42619509044415,41.675140151523316,5.3362157172799956,163.6117540779811,53.600115753425385,56.226591497789144,14.411290849142386,0.31646728515625,90.86772620503747,0
008330cf-9d1e-41b5-8bcf-7a233788ad3a_delivery_14,77,100.53170147018211,114.20377251240558,114.20377251240558,60.316042909022684,40.19818439571755,60.316042909022684,61.714519576772,63.71320424312247,118.0604970728166,159.58738514677503,18.208950932281873,25.501220704604087,13.279230437790742,9.051249180670203,18.208950932281873,25.501220704604087,-17.826019287109375,-21.2901611328125,114.20377251240558,40.19818439571755,159.58738514677503,25.501220704604087,67.86222373724438,157.45891051917354,164.38077618513734,6.921865665963793,-141.50320816584946,0.9104011722627376,57.4987973417397,34.42484379439864,57.4987973417397,250.9685173034668,386.7193908691406,26.62038730441609,157.45891051917354,164.38077618513734,18.04005346970394,48.91173245330087,48.91173245330087,62.203233867339414,74.74538927111497,74.74538927111497,170.58704855811698,163.68002578825275,163.68002578825275,170.58704855811698,46.492703291979424,40.17473976997623,46.492703291979424,50.3256334143487,50.3256334143487,46.454203103516484,44.0635449376427,5.489677468489048,163.8141041739206,57.31613404699081,58.76950995489281,14.428094740682102,1.5243988037109375,58.14509954557343,0
008330cf-9d1e-41b5-8bcf-7a233788ad3a_delivery_14,78,170.22828056101434,143.28532702183426,170.22828056101434,109.86747688465417,54.188728917994105,109.86747688465417,48.82293292420169,64.34058551107074,102.0234874203078,154.2597329261711,15.367196612902045,22.56588446238968,12.324954385838069,7.7300143905896785,15.367196612902045,22.56588446238968,-15.11029052734375,-18.660491943359375,143.28532702183426,54.188728917994105,154.2597329261711,22.56588446238968,88.9667652875011,156.55139955625782,163.85602855773078,7.304629001472961,-141.90980173341293,-0.9075109629157225,15.234894765195097,40.99588357431455,40.99588357431455,251.37260818481445,386.83695220947266,25.254744482793956,156.55139955625782,163.85602855773078,25.432800712588392,26.55118625108781,26.55118625108781,122.70509721196592,47.94581784141626,122.70509721196592,169.37583662482163,163.52589004827485,163.52589004827485,169.37583662482163,15.898416038551916,33.45821791004557,33.45821791004557,48.27355436449251,48.27355436449251,43.51381545380457,47.781067833736834,5.439185741793886,163.2219920430915,35.11635051825292,58.661899015746044,13.991778524856645,2.42779541015625,67.14934397422185,0
008330cf-9d1e-41b5-8bcf-7a233788ad3a_delivery_14,79,190.55640481380073,125.56342676607993,190.55640481380073,97.16129857017589,58.32751660449428,97.16129857017589,34.81882110987209,64.72740761845284,86.05852198927575,149.98378991298952,12.273478939727342,20.12790400967772,10.80168563447742,6.668697435122062,12.273478939727342,20.12790400967772,-12.201202392578125,-16.52545166015625,125.56342676607993,58.32751660449428,149.98378991298952,20.12790400967772,86.04916882891747,156.0652850406729,164.26478144411928,8.199496403446375,-142.04836381541824,-0.4861145155849158,9.747679296302387,34.93868692265159,34.93868692265159,251.6984405517578,386.9333038330078,20.390081509841476,156.0652850406729,164.26478144411928,36.02636561469292,30.483428964188853,36.02636561469292,63.31158860920492,88.07680753409001,88.07680753409001,166.64520255962486,160.55161708509738,160.55161708509738,166.64520255962486,13.042317168491566,30.82170754254365,30.82170754254365,47.26002309904146,47.26002309904146,42.6495530143921,50.569497859076606,5.288785108732856,162.4671307632542,28.377380315475865,57.67341412711746,13.326402085883931,2.38226318359375,64.8381023672264,0
008330cf-9d1e-41b5-8bcf-7a233788ad3a_delivery_14,80,183.28340031101015,161.86285134071497,183.28340031101015,221.30223304892448,90.1253626150534,221.30223304892448,8.372327277073047,68.43262938956421,63.13436129737462,140.31619503439074,10.012916795596922,16.762991570961322,11.169203094647195,5.6499019373607675,10.012916795596922,16.762991570961322,-10.00189208984375,-13.8978271484375,161.86285134071497,90.1253626150534,140.31619503439074,16.762991570961322,125.22555186318128,152.65868123049705,161.6538046727136,8.995123442216538,-141.40532850057488,-3.4066038101758522,46.516968392551966,48.26249547083268,48.26249547083268,252.09908294677734,386.98497772216797,24.241572157959748,152.65868123049705,161.6538046727136,29.117215760437745,81.97850129639909,81.97850129639909,71.15029231273627,102.41924737595664,102.41924737595664,164.44729156361385,159.37296045203905,159.37296045203905,164.44729156361385,7.9955963711097775,63.48096874348527,63.48096874348527,31.025897672074272,31.025897672074272,24.12932329440356,35.171057585584556,5.145797882222603,161.19089594123574,13.715737871982068,35.474359095324324,13.034734668702146,2.6424560546875,92.29126108660103,0
008330cf-9d1e-41b5-8bcf-7a233788ad3a_delivery_14,81,351.2339105492664,75.27795971916923,351.2339105492664,322.8176821722901,40.62861530884532,322.8176821722901,-25.674105293094314,68.44400726695211,26.87617881286306,137.5165711544424,5.6261061748195935,17.029702215155147,10.908392416791665,6.157158753708401,5.6261061748195935,17.029702215155147,-5.61785888671875,-13.831329345703125,75.27795971916923,40.62861530884532,137.5165711544424,17.029702215155147,154.47564609106362,147.4185312819138,157.58512308081046,10.166591798896661,-139.73281082284925,-5.240149948583252,94.60991740380605,42.28579139300452,94.60991740380605,252.14236450195312,386.89917755126953,5.766852825265765,147.4185312819138,157.58512308081046,5.482645227981663,106.23982022112843,106.23982022112843,88.91573125100142,145.52414271074102,145.52414271074102,163.98996005338674,158.32892710850365,158.32892710850365,163.98996005338674,26.842955798598013,60.05342019451818,60.05342019451818,35.85086155226966,35.85086155226966,30.117769689742698,44.786947766566556,4.885831256423807,161.29236520048835,11.719359126163877,43.52474498607375,12.480821025455532,2.87890625,113.32604932919587,0
008330cf-9d1e-41b5-8bcf-7a233788ad3a_delivery_14,82,125.14055357164685,85.51386811685454,125.14055357164685,117.96391039480213,38.9662979410551,117.96391039480213,-30.04855662453784,68.66072265272055,23.055084554108312,136.55058952518937,4.583396248361359,17.960838233439897,10.75766411112488,7.060788595067203,4.583396248361359,17.960838233439897,-4.5506591796875,-14.339508056640625,85.51386811685454,38.9662979410551,136.55058952518937,17.960838233439897,76.97106462708386,145.94508609227373,156.17769511277913,10.232609020505407,-137.99697886069362,-1.4734451896400742,49.788212215298174,44.453545522846326,49.788212215298174,252.08489608764648,386.54410552978516,21.58503683945697,145.94508609227373,156.17769511277913,10.65345697475888,57.09812295347415,57.09812295347415,70.74754680106847,112.84800444562455,112.84800444562455,164.72752975147773,158.81682145205252,158.81682145205252,164.72752975147773,39.00456105350751,9.411991471607674,39.00456105350751,40.33481885644185,40.33481885644185,30.789255617109358,45.270910571854174,4.6427647113216555,161.20859549575889,23.77554023770277,50.515068453647515,11.958017641182627,0.9452667236328125,63.46583928854536,0
008330cf-9d1e-41b5-8bcf-7a233788ad3a_delivery_14,83,38.01626838938395,48.082194347912846,48.082194347912846,43.73507679653053,30.659881965838707,43.73507679653053,-30.274948327905413,68.21572172972995,22.456068304710058,137.8804309077129,4.530087035794658,18.566383578281666,10.83951160232409,7.6104741966650575,4.530087035794658,18.566383578281666,-4.502410888671875,-14.681976318359375,48.082194347912846,30.659881965838707,137.8804309077129,18.566383578281666,37.62005959991135,146.30962449322334,156.2140731241953,9.904448630971956,-137.3724714887955,0.36453840094961265,38.35213873398217,26.8747973658199,38.35213873398217,252.2660369873047,386.20609283447266,23.013113953365025,146.30962449322334,156.2140731241953,16.53752439303817,71.8405911841335,71.8405911841335,19.98376459594272,104.9041666670877,104.9041666670877,165.82782488546707,160.4446813959062,160.4446813959062,165.82782488546707,18.169834168891008,18.117368496322914,18.169834168891008,51.041342386981036,51.041342386981036,48.69302676972406,44.486341805498505,4.713348563269598,161.10395064015572,41.03763912051105,30.665722120813953,12.12877389452462,0.2276153564453125,39.606133925407015,0
008330cf-9d1e-41b5-8bcf-7a233788ad3a_delivery_14,84,39.890646872645156,64.31983459727904,64.31983459727904,76.22314261322457,20.445303198119536,76.22314261322457,-28.013290189236763,67.17472842680931,21.4785845124685,140.90457564212252,4.448269441879141,19.81290055364195,11.148928150002497,8.554705512069221,4.448269441879141,19.81290055364195,-4.43389892578125,-15.47869873046875,64.31983459727904,20.445303198119536,140.90457564212252,19.81290055364195,44.579217215568185,147.55101678930725,156.79122154736524,9.240204758057985,-135.8225542331513,1.2413922960839159,46.0187522159755,20.57762379616534,46.0187522159755,252.21373748779297,386.0835266113281,7.996774786945257,147.55101678930725,156.79122154736524,7.0357716757641535,53.56110967603958,53.56110967603958,37.08986341516305,92.93130058944004,92.93130058944004,167.28490630558215,163.82649782686516,163.82649782686516,167.28490630558215,15.447154801606741,38.917160163812696,38.917160163812696,42.123300447957575,42.123300447957575,45.731862600906794,41.76781713858209,4.841257688530762,161.9999774149916,49.00889969305444,34.843623663250376,12.482563049635443,-0.065460205078125,42.70480530126962,0
008330cf-9d1e-41b5-8bcf-7a233788ad3a_delivery_14,85,49.2218460791106,64.58103787444126,64.58103787444126,68.19522770207736,63.91874113691488,68.19522770207736,-24.68936148058034,65.34817516485776,21.3928553578461,142.92233419530876,4.270077327666465,21.212764145531413,11.223114162542561,8.560914848965387,4.270077327666465,21.212764145531413,-4.226776123046875,-16.547210693359375,64.58103787444126,63.91874113691488,142.92233419530876,21.212764145531413,49.96881325216555,148.11935724709673,157.3546472044073,9.235289957310584,-134.10076844338212,0.5683404577894748,29.92036961649145,23.97565710395783,29.92036961649145,252.05947875976562,386.0409851074219,9.602586509544375,148.11935724709673,157.3546472044073,40.52628761820145,44.57552447398739,44.57552447398739,69.70418072807313,55.86888686425024,69.70418072807313,168.53797933160592,166.56600051625009,166.56600051625009,168.53797933160592,28.08655646352968,36.56020245072112,36.56020245072112,35.86533046840356,35.86533046840356,36.933276998520796,40.85551915536327,4.835559813659871,163.51459151991835,34.78293605832919,43.9607016459675,12.494115401652966,-0.046112060546875,47.92787650931303,0
008330cf-9d1e-41b5-8bcf-7a233788ad3a_delivery_14,86,39.26030435787501,26.60357659889239,39.26030435787501,50.60556977210389,12.438944374922675,50.60556977210389,-24.86618688909602,66.40306642062157,24.560186176324915,146.0100666325005,5.084566144345689,21.779814872319474,11.838109898397015,8.732251267815874,5.084566144345689,21.779814872319474,-5.003082275390625,-17.4967041015625,26.60357659889239,12.438944374922675,146.0100666325005,21.779814872319474,33.198868528976504,148.20694291133367,158.5357354029409,10.328792491607231,-131.95394217801186,0.08758566423693992,36.81059965022061,33.47421641984444,36.81059965022061,251.9125099182129,385.89270782470703,12.528375907682555,148.20694291133367,158.5357354029409,21.62655956427751,103.80744137751238,103.80744137751238,11.564903169989103,185.87927234917456,185.87927234917456,169.23490360799843,165.87770706569017,165.87770706569017,169.23490360799843,34.805968573053555,39.21113101328203,39.21113101328203,43.657103444855956,43.657103444855956,44.626516996206504,42.62281740998293,4.832695871370407,162.9187646099974,46.97535309855465,41.10678796082216,12.532746762585315,-0.33966064453125,49.67404060176235,0
008330cf-9d1e-41b5-8bcf-7a233788ad3a_delivery_14,87,48.54170824293834,41.44861864218541,48.54170824293834,65.08403062671853,28.06194343599836,65.08403062671853,-24.620476942928757,67.06954333841595,27.80398154829137,150.58232980266746,6.2726292717684355,22.88133358228415,12.993545226914593,9.534323020116712,6.2726292717684355,22.88133358228415,-6.18316650390625,-18.802581787109375,41.44861864218541,28.06194343599836,150.58232980266746,22.88133358228415,44.149662992045926,148.76230230501614,159.32883402872878,10.566531723712643,-130.13796472181505,0.5553593936824655,44.56326573654886,37.19841126788605,44.56326573654886,251.95970916748047,385.8023147583008,6.119420798754544,148.76230230501614,159.32883402872878,62.29692711017039,34.33248434959301,62.29692711017039,73.22964405959026,25.796056988505207,73.22964405959026,169.23309647449366,165.52025898541962,165.52025898541962,169.23309647449366,29.6312984625061,26.83239304238979,29.6312984625061,37.4589906725528,37.4589906725528,40.84756887736059,39.12294214672488,4.877234288690132,162.91564258946335,50.53348960413,46.72666350665096,12.691657131239507,-0.6283721923828125,43.084731830419194,0
008330cf-9d1e-41b5-8bcf-7a233788ad3a_delivery_14,88,51.491671668365626,34.61596010243857,51.491671668365626,44.90969497816909,26.405139732608507,44.90969497816909,-22.11647187228357,67.47253782550703,31.981973016164144,153.06240678521692,7.473012729867063,24.143789893524936,13.754250073470777,10.395981096459165,7.473012729867063,24.143789893524936,-7.376129150390625,-20.068756103515625,34.61596010243857,26.405139732608507,153.06240678521692,24.143789893524936,41.054160400698215,149.8544892855139,160.593343960096,10.738854674582115,-127.98188907958587,1.0921869804977575,42.384105211923426,46.51839071068406,46.51839071068406,251.75378799438477,385.57482147216797,18.41395065991017,149.8544892855139,160.593343960096,49.48149447182149,50.044138656759905,50.044138656759905,50.0947033238514,68.60489048344003,68.60489048344003,170.73799738876673,165.91185845458554,165.91185845458554,170.73799738876673,29.70201791907441,47.32619959345362,47.32619959345362,33.5233919594421,33.5233919594421,34.85288166057488,36.107051464616376,4.868803599828321,163.14087218185924,46.34744393346074,48.30364505722019,12.741471687468264,-0.5656280517578125,45.13153390438251,0
008330cf-9d1e-41b5-8bcf-7a233788ad3a_delivery_14,89,53.26757101411754,25.17625949199321,53.26757101411754,61.963979021411404,44.656393615576306,61.963979021411404,-22.702840528907593,68.98959728325818,35.811141066595326,155.21305343257228,8.913372103432609,24.45579173816456,14.926481939080626,10.841602272034166,8.913372103432609,24.45579173816456,-8.744232177734375,-20.80242919921875,25.17625949199321,44.656393615576306,155.21305343257228,24.45579173816456,44.81405434237566,149.52977736405697,161.11167706144525,11.58189969738828,-126.18859740118806,-0.32471192145692385,45.251307706135734,38.56881520501978,45.251307706135734,251.59222412109375,385.2918014526367,19.55645526168833,149.52977736405697,161.11167706144525,31.65127803561412,99.15098912389912,99.15098912389912,16.712837394534056,140.35661150568765,140.35661150568765,171.37186602449006,163.6078786003368,163.6078786003368,171.37186602449006,27.398848481702032,29.633141650544648,29.633141650544648,36.84221749647052,36.84221749647052,37.80992859172739,34.21700855032886,4.823231534898815,161.97919026674077,46.45968186493574,35.509222502800924,12.68896668993189,-0.3662261962890625,51.149002687186304,0
008330cf-9d1e-41b5-8bcf-7a233788ad3a_delivery_14,90,52.34601205456403,43.58955753570663,52.34601205456403,49.65367588132348,76.9847408506279,76.9847408506279,-23.669550797511388,69.61947645888661,38.24227385091948,157.34164453191616,10.15138159508208,24.54749298790354,16.0034077977629,11.382545135746325,10.15138159508208,24.54749298790354,-9.96337890625,-21.1136474609375,43.58955753570663,76.9847408506279,157.34164453191616,24.54749298790354,51.39574191802322,150.51112632337313,162.36485729777894,11.853730974405806,-124.74403531824444,0.9813489593161648,41.924835925379696,43.87562926053754,43.87562926053754,251.18514251708984,384.69213104248047,43.494394075355174,150.51112632337313,162.36485729777894,18.09986680358199,143.73773159429072,143.73773159429072,24.648448127220043,150.57733495611632,150.57733495611632,173.0806699887401,160.67858072844425,160.67858072844425,173.0806699887401,45.21756454549232,79.10820046522217,79.10820046522217,34.37794551532609,34.37794551532609,37.81861150116707,33.77899831037167,4.897598673827125,161.5306734764079,42.14763996507063,32.6531220560815,12.927111608401866,-0.13836669921875,64.14696650000523,0
008330cf-9d1e-41b5-8bcf-7a233788ad3a_delivery_14,91,16.99120255626629,36.25373608795713,36.25373608795713,38.34553810968492,14.55833682048796,38.34553810968492,-21.476413799317147,68.1209274610441,39.03130599352656,159.06380369920447,10.253010674967102,25.631327475751007,16.001408458889863,11.956104438857464,10.253010674967102,25.631327475751007,-10.070098876953125,-21.860382080078125,36.25373608795713,14.55833682048796,159.06380369920447,25.631327475751007,26.69004152964399,151.85154519503106,163.0573119923174,11.205766797286344,-123.94861643035485,1.3404188716579313,19.971684265316522,34.019751338151096,34.019751338151096,250.93780899047852,384.41504669189453,22.288535997828333,151.85154519503106,163.0573119923174,59.98069911732581,72.74516217545579,72.74516217545579,91.70131862774379,122.55696892333448,122.55696892333448,174.68714402795587,163.2692458740907,163.2692458740907,174.68714402795587,22.423565406914886,42.3803184178165,42.3803184178165,23.28728616193153,23.28728616193153,22.888681752751612,28.047601964679014,4.972016704154531,162.9632544810992,20.30305237262516,30.203035174709733,13.10410893918539,-0.119384765625,47.660690153871265,0
008330cf-9d1e-41b5-8bcf-7a233788ad3a_delivery_14,92,5.389101926167681,8.243665235399249,8.243665235399249,22.025359153780858,10.889039482013708,22.025359153780858,-20.37599044763528,67.42205057853153,39.84804841783066,159.82339178502124,10.556383750888616,26.043410329707836,16.272933354245392,11.902324309920427,10.556383750888616,26.043410329707836,-10.34832763671875,-22.170562744140625,8.243665235399249,10.889039482013708,159.82339178502124,26.043410329707836,14.576723881074388,151.98037737865303,163.29759791925338,11.317220540600346,-123.28482261150879,0.12883218362196658,19.073616533316105,21.83956095576873,21.83956095576873,250.55247497558594,383.99027252197266,34.416238800572664,151.98037737865303,163.29759791925338,27.40451343607874,40.46661855949002,40.46661855949002,32.29802123416777,61.643406733587874,61.643406733587874,176.58151802961652,164.42351577220668,164.42351577220668,176.58151802961652,48.00302494865639,53.53377571619055,53.53377571619055,15.175623105335838,15.175623105335838,15.636911120683342,17.799224531866084,5.012875237868967,163.80167375237627,13.372453008786763,19.46500504664817,13.203588864117792,0.0269317626953125,29.234141992884805,0
008330cf-9d1e-41b5-8bcf-7a233788ad3a_delivery_14,93,12.773937147198478,21.385341986268685,21.385341986268685,13.763198632416534,11.244850490426991,13.763198632416534,-19.069841306932567,67.3233417758909,41.519744163256654,160.72241645735673,10.926657883068854,26.765522372770313,16.408612346444517,11.991239939961813,10.926657883068854,26.765522372770313,-10.620269775390625,-22.898529052734375,21.385341986268685,11.244850490426991,160.72241645735673,26.765522372770313,17.696427525778116,152.17629105244552,163.65525592316163,11.478964870716112,-123.09981102522158,0.19591367379248936,21.715092944434293,25.29614395392371,25.29614395392371,250.20184707641602,383.59815979003906,31.566021977145006,152.17629105244552,163.65525592316163,26.209802685380048,40.20856280347234,40.20856280347234,21.306385529925244,78.21883729028782,78.21883729028782,177.50850851239406,167.1566014385737,167.1566014385737,177.50850851239406,38.138003421124345,42.220241022542936,42.220241022542936,33.59505753872779,33.59505753872779,27.02377098935049,34.233043925644296,5.061982427331811,165.07207618067622,10.209293724427628,28.40674594168713,13.305868746075593,-0.195953369140625,29.373366492283452,0
008330cf-9d1e-41b5-8bcf-7a233788ad3a_delivery_14,94,18.78805123594503,50.32034113655851,50.32034113655851,47.48233283225678,38.302425006906205,47.48233283225678,-16.827844614991296,66.62790140278543,42.064237379095964,159.1033195037469,11.032758128376107,27.867633172066423,16.45776141195065,12.276017805296677,11.032758128376107,27.867633172066423,-10.6649169921875,-23.526275634765625,50.32034113655851,38.302425006906205,159.1033195037469,27.867633172066423,30.65914584057521,152.894227423836,164.1683695662992,11.274142142463177,-122.0767341572194,0.7179363713904934,3.542725285055662,25.518999546729066,25.518999546729066,249.79316329956055,383.6417999267578,24.664408126424842,152.894227423836,164.1683695662992,35.202694870623,37.653003667984144,37.653003667984144,40.955516680432744,57.89225988973535,57.89225988973535,178.04123988419957,169.3544423356136,169.3544423356136,178.04123988419957,31.481295698062727,48.432965139585846,48.432965139585846,47.76551742418384,47.76551742418384,36.43306722455285,45.65282254006684,5.104779171201725,166.82498778906077,9.6002306822008,34.34002405502822,13.450595098803918,-0.263092041015625,36.29771758248959,0
008330cf-9d1e-41b5-8bcf-7a233788ad3a_delivery_14,95,29.445826000927756,99.94289967694898,99.94289967694898,65.18711296033202,86.99108115323116,86.99108115323116,-12.535113221347098,65.66149643570031,42.415760191243685,154.8240312834905,10.773173528022761,29.557988651666612,15.933288737765688,12.503090969645246,10.773173528022761,29.557988651666612,-10.32830810546875,-24.2994384765625,99.94289967694898,86.99108115323116,154.8240312834905,29.557988651666612,51.61138572714736,153.33800974959703,164.59052744851846,11.252517698921423,-120.54223982987598,0.4437823257610205,5.3617136356699096,22.739680935774263,22.739680935774263,249.3169174194336,383.79469299316406,30.016024895369227,153.33800974959703,164.59052744851846,38.065051676629615,37.09863647570157,38.065051676629615,49.062486419254725,67.5634227613831,67.5634227613831,178.4179748244746,172.04047057876386,172.04047057876386,178.4179748244746,46.27108956488832,59.660067073729365,59.660067073729365,46.21654847034806,46.21654847034806,35.90239994791604,43.233885467611444,5.106329399927371,168.38783585197461,15.1289095097383,33.73653625623557,13.501257296811444,-0.1121063232421875,50.615755694539224,0
008330cf-9d1e-41b5-8bcf-7a233788ad3a_delivery_14,96,27.297512392070413,17.38638779003767,27.297512392070413,58.988910880961555,52.37609893850347,58.988910880961555,-9.089475448482846,66.18043715410703,43.53848563242397,149.96910186432223,10.959195262043774,29.702652132255714,15.664975373323138,12.063526676618622,10.959195262043774,29.702652132255714,-10.352752685546875,-24.167144775390625,17.38638779003767,52.37609893850347,149.96910186432223,29.702652132255714,33.256306808557476,153.94093928813695,164.96018944352517,11.019250155388221,-119.01432240439031,0.6029295385399109,6.073814062673579,37.41511678709815,37.41511678709815,248.6307258605957,383.9055938720703,41.71246240188479,153.94093928813695,164.96018944352517,18.230383849385348,74.0606629543651,74.0606629543651,18.03991403596973,104.49556390095218,104.49556390095218,179.4555052711091,172.98322434718906,172.98322434718906,179.4555052711091,52.78455511987149,75.73136705396567,75.73136705396567,54.97162918193505,54.97162918193505,43.916889925659945,48.762462724908254,5.0623136627239935,169.89654938051336,20.91758337679029,34.90058746505011,13.478185977208858,0.1349334716796875,45.24002398048787,0
008330cf-9d1e-41b5-8bcf-7a233788ad3a_delivery_14,97,48.626857007397,45.08679314992078,48.626857007397,58.503053992850745,41.72101290776925,58.503053992850745,-5.9835934583832575,66.24082937282469,45.474732758879064,146.81349780670368,11.427405942117039,29.799920952208538,15.369536390776592,11.758326441599529,11.427405942117039,29.799920952208538,-10.559814453125,-24.037506103515625,45.08679314992078,41.72101290776925,146.81349780670368,29.799920952208538,44.2256781062982,155.1532195899262,165.8203662002646,10.667146610338392,-117.15268878932429,1.2122803017892636,12.913650461297205,58.50270111855419,58.50270111855419,247.87725067138672,384.0205841064453,45.739329085788086,155.1532195899262,165.8203662002646,68.90774625979398,109.5082859557486,109.5082859557486,76.17019887494328,110.91423923610328,110.91423923610328,179.38022246446712,171.45481171622401,171.45481171622401,179.38022246446712,59.25723872032878,86.0921100932907,86.0921100932907,60.42666084416873,60.42666084416873,51.78250126893371,57.7481889622269,5.043001831461986,171.6718728741574,35.83964675998051,56.56278172224383,13.67221329428018,0.256561279296875,64.68365731483316,0
008330cf-9d1e-41b5-8bcf-7a233788ad3a_delivery_14,98,63.275732197324814,56.817369899188094,63.275732197324814,70.34297493783018,47.95956652334157,70.34297493783018,-3.4406817393004783,66.20375455461951,45.47884152543203,145.192573728311,11.554363410422516,29.77949837576553,14.797103835001069,11.555153782694848,11.554363410422516,29.77949837576553,-10.248443603515625,-23.909698486328125,56.817369899188094,47.95956652334157,145.192573728311,29.77949837576553,51.2422438078471,156.45880439031998,166.53001287863452,10.07120848831454,-115.0721724924152,1.305584800393774,8.748979344023441,60.3088399453745,60.3088399453745,246.96489715576172,384.06053161621094,54.802498121970906,156.45880439031998,166.53001287863452,77.11946217840698,121.19752187976655,121.19752187976655,54.789747995570295,116.4697367249933,116.4697367249933,179.29477528807118,169.70850098306389,169.70850098306389,179.29477528807118,70.94831364111593,98.11109596647121,98.11109596647121,47.1005225260999,47.1005225260999,41.3082637253151,43.90272380041511,4.97269731925672,173.51271789999495,33.89160162656734,48.48849413611819,13.768398316973908,0.498077392578125,70.5074451027839,0
008330cf-9d1e-41b5-8bcf-7a233788ad3a_delivery_14,99,48.63434168182576,54.732750232130705,54.732750232130705,50.7920879746535,45.05220741324569,50.7920879746535,0.24496675294678436,66.00004056001666,47.63349785795641,143.82840930353828,12.168491986820994,30.011135946012953,13.966833302217376,11.385204988270146,12.168491986820994,30.011135946012953,-10.34686279296875,-23.98736572265625,54.732750232130705,45.05220741324569,143.82840930353828,30.011135946012953,49.21449746240565,157.7123981938816,167.07686776025798,9.364469566376386,-114.50737291346798,1.253593803561614,24.91548132779372,71.16011614478451,71.16011614478451,246.16595077514648,383.57423400878906,56.12752086897789,157.7123981938816,167.07686776025798,28.030030550891393,96.22677612713935,96.22677612713935,46.33552076586795,121.89957257724807,121.89957257724807,179.0422901552504,169.87745674498757,169.87745674498757,179.0422901552504,53.15802033625671,76.7895802808751,76.7895802808751,18.024429814540007,18.024429814540007,15.133614361861495,18.932867864563818,4.957146840329768,174.42337538956565,31.689897663577604,44.510349723313766,13.915033707099651,0.3928985595703125,59.810540451059374,0
008330cf-9d1e-41b5-8bcf-7a233788ad3a_delivery_14,100,56.93690721421028,93.59825700845474,93.59825700845474,21.137895381984748,63.14099016782774,63.14099016782774,1.5455702559460682,66.00839040435302,50.942924489540374,145.516151097883,13.274125272675377,29.640022267493503,13.61571949867621,10.919151985963495,13.274125272675377,29.640022267493503,-10.785491943359375,-23.97003173828125,93.59825700845474,63.14099016782774,145.516151097883,29.640022267493503,54.110911153640764,158.3484463760095,167.0181753832521,8.669729007242609,-114.23036641334375,0.6360481821278938,30.16442379926014,59.68699335010695,59.68699335010695,245.44506454467773,383.19010162353516,49.01856555114551,158.3484463760095,167.0181753832521,45.50822964469591,113.58706648342284,113.58706648342284,55.91065231391812,127.00265226862213,127.00265226862213,177.8985414564231,168.30669957979347,168.30669957979347,177.8985414564231,47.138081133680444,60.381310299985095,60.381310299985095,14.552271341713906,14.552271341713906,16.180327832377404,17.26453493045876,4.937716576366088,175.09267164710513,30.77685287225148,40.27215151825574,14.038741976626026,0.1699371337890625,64.51612158884743,0
008330cf-9d1e-41b5-8bcf-7a233788ad3a_delivery_14,101,41.30122320945431,66.11937755233059,66.11937755233059,30.29315017978672,63.90896007972033,63.90896007972033,3.78732118845107,65.77062528340782,53.5103487409601,148.14674998536145,14.28352028045888,29.508621148926704,13.335796398647998,10.863664030500402,14.28352028045888,29.508621148926704,-11.32147216796875,-24.043548583984375,66.11937755233059,63.90896007972033,148.14674998536145,29.508621148926704,47.54248812651995,158.72867886219493,166.81909278593668,8.09041392374175,-113.76761607120726,0.3802324861854345,32.499153102668004,51.13306463515976,51.13306463515976,244.80170822143555,382.65003204345703,50.40750559544811,158.72867886219493,166.81909278593668,62.5744819816973,87.17137951732369,87.17137951732369,38.67058441042592,115.50843526535282,115.50843526535282,176.33827136827483,168.6426501969127,168.6426501969127,176.33827136827483,57.04997721344126,63.62853630218462,63.62853630218462,17.99708448011985,17.99708448011985,21.23019128330897,22.138280865790783,4.952575818353736,175.13152613625084,27.795863601711545,40.29046747085628,14.28821486051433,0.176910400390625,59.15486028746211,0
008330cf-9d1e-41b5-8bcf-7a233788ad3a_delivery_14,102,41.943265684192085,43.34745095936318,43.34745095936318,20.732545219201356,35.01694202592401,35.01694202592401,4.6804385440905545,66.2249952323038,54.69042549057989,147.84525792904722,14.919930658790111,29.277528071459493,12.687900050709612,10.722545311013857,14.919930658790111,29.277528071459493,-11.195892333984375,-23.978424072265625,43.34745095936318,35.01694202592401,147.84525792904722,29.277528071459493,32.38844588790645,158.65911554101297,166.72260594114536,8.063490400132395,-112.64638503271192,-0.06956332118195974,28.803588844267388,24.486882594490687,28.803588844267388,244.1191749572754,382.7710266113281,41.59719890418421,158.65911554101297,166.72260594114536,48.24227151025259,69.17821278262437,69.17821278262437,51.45530672455944,125.09222398706007,125.09222398706007,175.88889535780226,170.07315168743546,170.07315168743546,175.88889535780226,58.571990846362965,57.618210652592424,58.571990846362965,16.11341993729066,16.11341993729066,15.84384275693813,17.95657625651812,4.979349656341337,174.446555674791,19.995077055511647,24.592691521297265,14.367047320600458,0.1429901123046875,50.37407431924088,0
008330cf-9d1e-41b5-8bcf-7a233788ad3a_delivery_14,103,49.81776803473073,12.165752671263037,49.81776803473073,19.23731990633055,28.82331796989537,28.82331796989537,5.246144047876793,65.84032779302726,57.22524652279007,146.7410081100466,15.704320656422501,29.516560173545987,11.953083183061157,10.802162894387356,15.704320656422501,29.516560173545987,-11.111480712890625,-23.95849609375,12.165752671263037,28.82331796989537,146.7410081100466,29.516560173545987,28.09471585657486,158.5363423782396,166.51201773623245,7.975675357992856,-112.1286610035274,-0.12277316277337036,25.058880602994307,33.46525595423516,33.46525595423516,243.5224494934082,382.9457244873047,37.312348113757665,158.5363423782396,166.51201773623245,58.56112151105348,97.93499073535477,97.93499073535477,40.62499583716294,124.35204143911866,124.35204143911866,175.38124743194882,169.13839385887988,169.13839385887988,175.38124743194882,40.63594180275371,50.37728317488335,50.37728317488335,5.8046257465753825,5.8046257465753825,10.569461276949664,9.675450027762743,5.072941470228842,173.5363499923336,16.470561123988908,25.85377178661731,14.577405341285786,-0.100738525390625,48.42122246998135,0
008330cf-9d1e-41b5-8bcf-7a233788ad3a_delivery_14,104,51.71932904163896,79.67268991249078,79.67268991249078,21.163421218285812,27.992297493019265,27.992297493019265,5.565459108679048,65.99640118061743,60.32642545696075,152.02495872681249,16.456620692167277,29.8658062867985,11.377246529475432,10.95145463557175,16.456620692167277,29.8658062867985,-11.1146240234375,-24.786590576171875,79.67268991249078,27.992297493019265,152.02495872681249,29.8658062867985,36.92219106329665,158.86478074544758,166.84294763009856,7.978166884650989,-111.0770691569021,0.3284383672079798,18.293106864713707,22.692301849631384,22.692301849631384,242.99387741088867,383.22987365722656,36.01226771011573,158.86478074544758,166.84294763009856,50.65121955411563,71.96164464067381,71.96164464067381,42.59759877420211,61.54745469358191,61.54745469358191,176.00072995649074,168.12532872653165,168.12532872653165,176.00072995649074,47.65850259124449,57.27648423915881,57.27648423915881,52.596978477936055,52.596978477936055,46.37833342817041,48.48491401631568,5.108022155391699,173.48722366899094,25.97415951428263,33.25746934576514,14.707222707524588,-0.5816650390625,46.10217090606306,0
008330cf-9d1e-41b5-8bcf-7a233788ad3a_delivery_14,105,66.11432219322239,30.87926938166311,66.11432219322239,38.812578113778606,21.01157860700175,38.812578113778606,6.783013810974982,66.23311417721169,65.44042728259221,152.33945449105858,17.553713098454242,29.747031843064843,11.030596961173574,10.805332336470734,17.553713098454242,29.747031843064843,-11.6636962890625,-24.81280517578125,30.87926938166311,21.01157860700175,152.33945449105858,29.747031843064843,31.819063163751064,159.08689732827114,167.22448174779512,8.13758441952399,-110.20895767625215,0.22211658282355984,17.980769013084352,16.115861673756168,17.980769013084352,242.57423782348633,383.5037384033203,30.070734720249686,159.08689732827114,167.22448174779512,69.76245596823799,53.45930645645418,69.76245596823799,80.32322020615847,44.86454221905661,80.32322020615847,177.28505239047826,167.32583875546365,167.32583875546365,177.28505239047826,43.41691917269755,43.946477428922215,43.946477428922215,49.678668698520696,49.678668698520696,43.62652556792561,45.33448379615133,5.131977789943638,173.19943784869182,24.202716741089187,29.659330896508834,14.801031206464117,-0.460845947265625,43.890608369502786,0
008330cf-9d1e-41b5-8bcf-7a233788ad3a_delivery_14,106,64.14975146368661,40.91830538426347,64.14975146368661,51.44846487473321,48.94236990481954,51.44846487473321,8.064024912599582,66.48141943630279,70.98655929067324,146.47938659089243,18.42052023019254,30.252340967447623,9.977392034883882,11.131635347097706,18.42052023019254,30.252340967447623,-11.55926513671875,-24.70751953125,40.91830538426347,48.94236990481954,146.47938659089243,30.252340967447623,43.08124157779556,159.57918764913597,167.8898390272246,8.310651378088636,-108.93091830564778,0.49229032086483926,27.203337285461757,25.825220553808727,27.203337285461757,242.0972785949707,384.2738265991211,54.35849947644439,159.57918764913597,167.8898390272246,126.41057703595656,79.81464279004936,126.41057703595656,119.02631626206026,30.960811550483527,119.02631626206026,178.73219021957735,165.92992971107884,165.92992971107884,178.73219021957735,86.35813013196429,82.42698305885766,86.35813013196429,12.229533645227221,12.229533645227221,16.177566536104234,15.449503722609098,5.168362859377971,171.9921172674329,19.401225043054186,20.444077886760542,14.82870316679168,-0.2039794921875,65.29040919134542,0
008330cf-9d1e-41b5-8bcf-7a233788ad3a_delivery_14,107,62.762121501344865,98.99956272720955,98.99956272720955,62.38868359473112,95.28212662179128,95.28212662179128,10.36971872113521,66.89830395595038,77.26403436695942,134.1467809590965,19.411394231913775,30.84004721482317,9.445067500040128,11.726794269646097,19.411394231913775,30.84004721482317,-12.137664794921875,-23.989044189453125,98.99956272720955,95.28212662179128,134.1467809590965,30.84004721482317,61.67448728747822,159.2731250366018,167.62760865250328,8.354483615901472,-108.63496050789688,-0.3060626125341628,17.780968243384436,32.83346103640805,32.83346103640805,241.8098487854004,384.70020294189453,30.85762120085926,159.2731250366018,167.62760865250328,52.299126419336716,58.44072537590806,58.44072537590806,24.3537177602413,27.065744751411952,27.065744751411952,178.89536704221936,165.582328311221,165.582328311221,178.89536704221936,32.85654189846832,39.97676514765317,39.97676514765317,29.245855150332115,29.245855150332115,26.443013163036753,25.754944892597415,5.1676915077322185,172.32135267769434,15.97819782130208,13.730600250664178,14.824242493997753,-0.2838134765625,50.419962089824075,0
008330cf-9d1e-41b5-8bcf-7a233788ad3a_delivery_14,108,92.2762209738607,82.66146214862253,92.2762209738607,69.31821250725923,69.13914281302088,69.31821250725923,12.71068489018742,68.08690553636261,85.35661568511578,121.78629175608896,20.63699801368605,30.746971631755013,9.36156565081126,12.526448256775703,20.63699801368605,30.746971631755013,-13.152252197265625,-22.7867431640625,82.66146214862253,69.13914281302088,121.78629175608896,30.746971631755013,59.70884579291789,159.74876063831076,168.1657412540872,8.416980615776453,-107.26235630853913,0.4756356017089445,22.327713681730533,22.53032263301351,22.53032263301351,241.46914291381836,385.74332427978516,65.85177418560097,159.74876063831076,168.1657412540872,136.3096304097836,84.89456598987987,136.3096304097836,81.42812527759027,48.047392773557625,81.42812527759027,178.88693706367414,165.85281262577436,165.85281262577436,178.88693706367414,116.08729699865117,108.36781287033791,116.08729699865117,40.414033155968454,40.414033155968454,38.74672332451522,35.57433481739467,5.173937613231304,173.12347106016765,26.673356272761527,15.100812855770846,14.70036613308974,-0.1875762939453125,77.78232492310899,0
008330cf-9d1e-41b5-8bcf-7a233788ad3a_delivery_14,109,99.09228951735558,172.29690933354703,172.29690933354703,77.9434463175676,95.49044573024598,95.49044573024598,15.112032303127162,69.0437848574136,92.70772369112383,105.93371946252701,21.897641066482667,30.86627139718884,9.444719490796304,14.989530089605276,21.897641066482667,30.86627139718884,-14.259796142578125,-20.333709716796875,172.29690933354703,95.49044573024598,105.93371946252701,30.86627139718884,86.00291916704178,159.836184874257,168.1112058060536,8.275020931796604,-106.23311040681087,0.08742423594623006,29.76305053108815,41.43137357244627,41.43137357244627,240.9848289489746,386.7073516845703,64.7412066350124,159.836184874257,168.1112058060536,48.000706415267565,42.77224192324489,48.000706415267565,25.84431192810195,44.62794371737991,44.62794371737991,178.17447611084114,166.349181544665,166.349181544665,178.17447611084114,93.91808713243512,95.66056204856552,95.66056204856552,21.8160395882671,21.8160395882671,19.414630528782023,22.695149469579757,5.261589121465191,173.92178172696728,1.3657611593175483,3.768549234528232,14.726157703396696,0.1881256103515625,72.2367806806038,0
008330cf-9d1e-41b5-8bcf-7a233788ad3a_delivery_14,110,96.52661441058252,65.60635988018794,96.52661441058252,91.70753235536387,64.30697984688882,91.70753235536387,17.588062916607488,70.56114889800821,99.34585345177882,100.0409705828129,22.963298537274238,29.736845578610943,9.259707047165136,14.952335161324186,22.963298537274238,29.736845578610943,-15.07562255859375,-19.46343994140625,65.60635988018794,64.30697984688882,100.0409705828129,29.736845578610943,64.59060117248548,160.38348279630367,168.3174051944128,7.933922398109132,-105.48347811495098,0.5472979220466812,39.19473092022927,30.20138962166044,39.19473092022927,240.70233535766602,387.5779037475586,54.923234523784586,160.38348279630367,168.3174051944128,33.004379178557386,35.84268674803867,35.84268674803867,38.16989855009341,35.745626695597245,38.16989855009341,177.9190567249385,166.0285931631004,166.0285931631004,177.9190567249385,78.69173525473421,73.60705907863537,78.69173525473421,10.076504663019417,10.076504663019417,8.960002367716035,7.749144167763532,5.360590270453547,174.1997137607265,6.707028596498799,10.028824153727559,14.818404403149318,-0.51373291015625,56.88374937838077,0
008330cf-9d1e-41b5-8bcf-7a233788ad3a_delivery_14,111,116.9282839005269,10.322267212610988,116.9282839005269,70.46178267190955,47.2019706447444,70.46178267190955,19.411789447253256,71.62394152708153,106.36221943610373,97.5673474568262,24.423320062688386,29.561732469535425,9.881516586356785,15.676310695736136,24.423320062688386,29.561732469535425,-16.422943115234375,-18.96649169921875,10.322267212610988,47.2019706447444,97.5673474568262,29.561732469535425,50.43223359019334,160.75728912018351,168.2551542935355,7.4978651733519825,-104.92678027127957,0.37380632387984747,32.26026586104269,25.41883125032554,32.26026586104269,240.31427383422852,387.9673080444336,32.99045145761754,160.75728912018351,168.2551542935355,56.639607520079146,42.5220149756492,56.639607520079146,27.84953737621472,21.24456113371094,27.84953737621472,177.96679833182344,166.5110419462817,166.5110419462817,177.96679833182344,43.49101174271614,36.56065483811631,43.49101174271614,19.36459785719071,19.36459785719071,17.119839524745952,14.602992625430694,5.408644547723965,175.03331192282135,13.813774281623692,7.713752188715473,14.905448795364093,-0.8490142822265625,44.24173242730387,0
008330cf-9d1e-41b5-8bcf-7a233788ad3a_delivery_14,112,103.08134767217209,52.20677314976577,103.08134767217209,52.6800457116416,52.55803377990271,52.6800457116416,20.272034171996804,72.61354125733588,114.13878177399712,99.28942504990829,25.853031262015204,29.313673230444522,10.537384683390524,15.564942452645527,25.853031262015204,29.313673230444522,-17.335174560546875,-19.2359619140625,52.20677314976577,52.55803377990271,99.28942504990829,29.313673230444522,51.75799248335401,161.57980788097845,168.53949591181126,6.959688030832808,-104.25230396993976,0.8225187607949351,34.88425483478164,15.137499751860254,34.88425483478164,239.89197540283203,388.2551803588867,30.669962087147113,161.57980788097845,168.53949591181126,33.03464340062771,14.293718358877323,33.03464340062771,42.52074952668975,9.116919422931053,42.52074952668975,177.54319088927693,167.1332235171395,167.1332235171395,177.54319088927693,43.54903050234803,38.12876336107187,43.54903050234803,15.483227957246985,15.483227957246985,15.754730067227587,13.604196665617282,5.40874770711507,174.64908845059176,5.791540639106426,2.2519381346057195,14.826286372889786,-0.9192047119140625,40.93264828938915,0
008330cf-9d1e-41b5-8bcf-7a233788ad3a_delivery_14,113,85.745203565265,65.68562438992393,85.745203565265,53.96349907102716,16.223066532059914,53.96349907102716,21.87047668464354,71.9692319036074,119.25543787043954,104.83619162119027,27.08214717303988,30.239163046629383,11.099886792631326,15.627617153954832,27.08214717303988,30.239163046629383,-18.408447265625,-20.233001708984375,65.68562438992393,16.223066532059914,104.83619162119027,30.239163046629383,41.64318804275426,161.894224787998,168.3441747455015,6.449949957503492,-103.63692874637964,0.31441690701956304,21.794279065981424,6.447455632268141,21.794279065981424,239.4657096862793,388.0678939819336,27.940202880910366,161.894224787998,168.3441747455015,68.09740395744373,48.551508616951494,68.09740395744373,68.12652164448308,21.123052479266114,68.12652164448308,177.05439693544147,169.28936772369133,169.28936772369133,177.05439693544147,57.643471507880854,48.62214879298375,57.643471507880854,36.46713383754659,36.46713383754659,34.121029593347664,31.962660645213212,5.406173117816556,174.25918733467464,12.804601553409002,12.299345547137095,14.894328730743872,-1.2080535888671875,46.835269604627875,0
008330cf-9d1e-41b5-8bcf-7a233788ad3a_delivery_14,114,79.4838988069542,63.13461265088,79.4838988069542,44.61543425102864,28.89039156588065,44.61543425102864,23.662138217640436,70.7304778023557,123.70215464116225,110.43816102786528,28.29025634103328,31.313177233071624,11.714023265180447,15.39706250370389,28.29025634103328,31.313177233071624,-19.58514404296875,-21.472930908203125,63.13461265088,28.89039156588065,110.43816102786528,31.313177233071624,39.63513554853903,162.4120400554005,168.6973980287514,6.285357973350898,-103.12214666245816,0.517815267402483,7.953619594966892,13.732856421523808,13.732856421523808,239.18111038208008,387.8036651611328,23.304597445299372,162.4120400554005,168.6973980287514,64.73791580799546,53.56141684349905,64.73791580799546,83.83325242710704,18.474575419242704,83.83325242710704,177.6230470322176,169.611462657524,169.611462657524,177.6230470322176,38.77658475194231,40.951877945915065,40.951877945915065,14.191477181347345,14.191477181347345,12.534886370064234,13.660562484831333,5.455908679856304,174.11970773108078,5.82131225775474,6.870132263434923,15.03138209320263,-1.1363372802734375,44.84553637391132,0
008330cf-9d1e-41b5-8bcf-7a233788ad3a_delivery_14,115,62.410920477892624,206.71379847579615,206.71379847579615,33.779004602736606,49.65957285965869,49.65957285965869,25.016358421412562,68.94729242643128,128.07685024522752,113.01936965415246,29.515015493458872,34.53082319436912,12.47808682280687,18.036838940935706,29.515015493458872,34.53082319436912,-20.67083740234375,-22.294189453125,206.71379847579615,49.65957285965869,113.01936965415246,34.53082319436912,64.58144238259068,162.4592139164865,168.5529726925672,6.093758776080705,-102.0297916860737,0.04717386108600863,19.51362347867617,15.411734400783823,19.51362347867617,238.6584701538086,387.84043884277344,31.441012388270796,162.4592139164865,168.5529726925672,69.75056076842455,29.866124601230506,69.75056076842455,63.939659138942524,26.00938839880231,63.939659138942524,177.73121415165573,170.85657660211794,170.85657660211794,177.73121415165573,50.86517443406651,47.57302344496656,50.86517443406651,22.637291745286166,22.637291745286166,20.237668238130556,20.115008005035424,5.452694667479367,174.19456001666344,9.39176041806325,10.583229786276183,15.056499279170053,-0.8187103271484375,56.29104875683142,0
008330cf-9d1e-41b5-8bcf-7a233788ad3a_delivery_14,116,72.48896299435057,45.15008155024547,72.48896299435057,47.3134051461138,16.95285544176791,47.3134051461138,26.855844344807213,68.1866496243986,132.09390422917596,114.84128461408167,30.444144497172363,35.565903396108155,13.1791088428616,18.432624657079938,30.444144497172363,35.565903396108155,-21.748931884765625,-22.92401123046875,45.15008155024547,16.95285544176791,114.84128461408167,35.565903396108155,34.80513466484491,163.25645277094446,169.22534230683635,5.96888953589189,-101.21063217339344,0.7972388544579587,7.868301946878679,19.057200909713032,19.057200909713032,238.3898468017578,388.12432861328125,23.45387596272622,163.25645277094446,169.22534230683635,113.4897776291304,106.46083330231941,113.4897776291304,69.47287249407847,33.9020705513431,69.47287249407847,176.2664422613581,170.4659395088273,170.4659395088273,176.2664422613581,51.241645722196225,42.293385583907366,51.241645722196225,32.31243607785293,32.31243607785293,30.699042213713643,29.731754455843483,5.487245731071835,174.44450271686648,16.610705312265317,20.82676612586075,15.041933229006803,-0.7751922607421875,52.14094943933703,0
008330cf-9d1e-41b5-8bcf-7a233788ad3a_delivery_14,117,70.07562866374109,53.21343605632007,70.07562866374109,52.263175944241524,12.353658973441929,52.263175944241524,29.631472233437943,67.42138383326467,136.46333432461506,116.57137304767352,31.337962137241295,36.907065862946304,13.74883983693227,19.085767787895577,31.337962137241295,36.907065862946304,-23.0015869140625,-23.6602783203125,53.21343605632007,12.353658973441929,116.57137304767352,36.907065862946304,37.56736753117506,164.1030262318861,169.67049164637902,5.567465414492915,-100.41895097460834,0.8465734609416415,5.988973727618546,31.509331821687166,31.509331821687166,238.09494018554688,388.17491149902344,17.955688235233268,164.1030262318861,169.67049164637902,77.21360033601489,109.09812664370519,109.09812664370519,53.64504216563363,50.29336393607148,53.64504216563363,175.5099219525841,169.4684734669496,169.4684734669496,175.5099219525841,32.89382780318775,38.83071346513068,38.83071346513068,20.97648879669071,20.97648879669071,23.283174648117313,20.770562688717433,5.597989557070089,175.51414231247182,19.502564342714,24.968040080602115,15.263149980171336,-0.7365264892578125,48.9482399613995,0
008330cf-9d1e-41b5-8bcf-7a233788ad3a_delivery_14,118,66.54572445317274,17.009606258310892,66.54572445317274,35.13201224426238,10.453769237836577,35.13201224426238,31.688647710703886,67.51546034170487,139.01848046292278,117.09460122374647,32.300119074349645,37.45700493538235,14.422680416753847,19.489735107969505,32.300119074349645,37.45700493538235,-24.27203369140625,-24.0369873046875,17.009606258310892,10.453769237836577,117.09460122374647,37.45700493538235,25.855436137110697,164.27195094911164,169.4873184520667,5.215367502955047,-99.93820928687363,0.16892471722553637,9.744005873763692,16.247498755317906,16.247498755317906,237.9067268371582,388.2622299194336,12.450926873741393,164.27195094911164,169.4873184520667,48.94269115539903,80.94170198379838,80.94170198379838,41.1954722712562,37.301325364112714,41.1954722712562,177.07498303559848,167.01466234651213,167.01466234651213,177.07498303559848,23.85832218670055,30.813923833274472,30.813923833274472,69.4941253000642,69.4941253000642,67.2693107102049,62.11872966706413,5.662450823800763,174.93443833139435,46.11751907438376,38.01154472970208,15.305278823519059,-0.6396636962890625,34.848837801433795,0
008330cf-9d1e-41b5-8bcf-7a233788ad3a_delivery_14,119,70.76447165249472,40.32884563019396,70.76447165249472,41.2930633863971,28.082544281682644,41.2930633863971,33.9809523688367,67.8053867483536,142.375720172327,119.76147508685773,33.450300872704,38.169973730804436,15.205967574084095,19.88462954441386,33.450300872704,38.169973730804436,-25.65924072265625,-25.000579833984375,40.32884563019396,28.082544281682644,119.76147508685773,38.169973730804436,35.49355853868618,164.42923327111268,169.11741795164812,4.688184680535443,-98.85548013878582,0.15728232200103776,13.909777595118975,18.58264868622968,18.58264868622968,237.5666961669922,388.5342102050781,26.129659467140446,164.42923327111268,169.11741795164812,60.47410776817389,120.78747276881234,120.78747276881234,40.516703860513374,42.97944953460902,42.97944953460902,177.7200075773736,165.85141767385747,165.85141767385747,177.7200075773736,55.732905828589395,62.225000497759254,62.225000497759254,67.81563346864417,67.81563346864417,67.52188102641813,64.32037557435822,5.6916675592935135,174.4826147017364,53.37963886981453,47.94772063731797,15.30404396719737,-0.925079345703125,49.63974929088119,0
008330cf-9d1e-41b5-8bcf-7a233788ad3a_delivery_14,120,52.92397175982799,52.16271638807502,52.92397175982799,37.23161551892163,37.09111528002509,37.23161551892163,36.62288963585629,68.70585226465158,146.072006156265,122.03353851986216,34.37221411927923,38.84636566341146,15.87022368790476,19.978681898949496,34.37221411927923,38.84636566341146,-26.921234130859375,-26.422393798828125,52.16271638807502,37.09111528002509,122.03353851986216,38.84636566341146,41.3236079889593,165.21708445405343,169.43070279074428,4.213618336690843,-97.84707460457078,0.7878511829407557,23.120726340483234,45.411502646422846,45.411502646422846,237.2604637145996,388.3624267578125,21.070821797070046,165.21708445405343,169.43070279074428,30.761487766585326,72.2711023495218,72.2711023495218,46.59604877232861,37.34774596007693,46.59604877232861,176.85964773797332,165.70590487178566,165.70590487178566,176.85964773797332,33.02122510760693,39.14794520895759,39.14794520895759,45.20287181085768,45.20287181085768,41.430808218277015,49.555191890605656,5.716103086152411,175.83248085256002,39.93093651875779,53.26678328830128,15.338710756951395,-0.7828521728515625,42.25726692490275,0
008330cf-9d1e-41b5-8bcf-7a233788ad3a_delivery_14,121,45.8827371798524,50.87133379661386,50.87133379661386,24.438337382510014,30.51418935957486,30.51418935957486,39.13454308726471,69.80429882923859,149.64271768129848,124.35193005339492,35.51806969883596,39.88169111224461,16.53165705307922,20.444943875799705,35.51806969883596,39.88169111224461,-28.26861572265625,-28.085052490234375,50.87133379661386,30.51418935957486,124.35193005339492,39.88169111224461,39.54185904871714,165.5984194144364,169.44346978616102,3.845050371724625,-96.80870047707533,0.3813349603829579,36.16949940177151,49.37505717198022,49.37505717198022,237.05037689208984,388.05081939697266,22.55243420137531,165.5984194144364,169.44346978616102,75.88040078555316,30.85356100078995,75.88040078555316,47.76382985347283,11.119235687271408,47.76382985347283,178.66273954098207,165.77141141483773,165.77141141483773,178.66273954098207,32.01105225317697,26.793099809429844,32.01105225317697,49.672408473138056,49.672408473138056,45.035626459894246,51.130314056529166,5.705965550082412,176.92003411123707,46.25380706811112,58.11087011680909,15.348220000795834,-0.7951812744140625,38.47269447349975,0
008330cf-9d1e-41b5-8bcf-7a233788ad3a_delivery_14,122,40.17840648090507,81.24970685512478,81.24970685512478,20.392091625519125,64.07588916405538,64.07588916405538,41.22635985514383,71.34080605380682,152.0725954384116,127.85257432591791,36.483939506031966,40.50052608844884,17.127895720288492,20.558304382781486,36.483939506031966,40.50052608844884,-29.489166259765625,-29.961395263671875,81.24970685512478,64.07588916405538,127.85257432591791,40.50052608844884,49.74472744363188,166.42121682095816,170.06316362621712,3.6419468052589536,-95.89133143837704,0.8227974065217722,33.08669235008306,59.48557818610383,59.48557818610383,236.84711456298828,387.80751037597656,19.025515237211497,166.42121682095816,170.06316362621712,63.64470759580827,38.60451512171315,63.64470759580827,42.859646245759514,33.699659793135744,42.859646245759514,179.96983816727447,165.2430299905234,165.2430299905234,179.96983816727447,35.40529006279998,27.942465190581707,35.40529006279998,72.97146796979482,72.97146796979482,71.19857832903232,72.27500899733197,5.663527892323923,177.073774091399,62.051809180714024,67.19803074544275,15.186018992165469,-0.7777252197265625,45.05205405596579,0
008330cf-9d1e-41b5-8bcf-7a233788ad3a_delivery_14,123,30.585359971338733,102.9056429549775,102.9056429549775,28.03591811634085,56.73024378345624,56.73024378345624,43.6333954158987,73.3175208039347,156.08231205484947,130.6519461458519,37.35417496947004,41.25334601731426,17.642450070373055,20.582869989771286,37.35417496947004,41.25334601731426,-30.475860595703125,-32.0936279296875,102.9056429549775,56.73024378345624,130.6519461458519,41.25334601731426,52.60717792896821,167.5709270769791,171.06737236825563,3.4964452912765296,-94.97522663136472,1.1497102560209385,31.66499194080804,65.72091080688789,65.72091080688789,236.62197875976562,387.4956588745117,23.08130845160513,167.5709270769791,171.06737236825563,67.37918145447979,27.557593554216577,67.37918145447979,56.26126676298731,10.585395072638942,56.26126676298731,179.71458134930157,165.0016618816939,165.0016618816939,179.71458134930157,35.23317321940496,28.99697406354989,35.23317321940496,23.978169820169025,23.978169820169025,26.33511170878323,31.141703983060463,5.72202662146818,177.79868197092134,49.721247265277604,60.69253850387967,15.316998307234575,-0.7519683837890625,45.1380543084239,0
008330cf-9d1e-41b5-8bcf-7a233788ad3a_delivery_14,124,35.68877309656886,137.12556173391533,137.12556173391533,18.503323876981117,70.83466860621334,70.83466860621334,45.24379235904734,75.8829043870051,159.05457277565802,133.37620189295302,38.184530967091064,41.65152490138216,18.365844621188185,20.408743601581516,38.184530967091064,41.65152490138216,-31.334014892578125,-34.12677001953125,137.12556173391533,70.83466860621334,133.37620189295302,41.65152490138216,57.82993507917778,168.7778745217901,172.2681889165135,3.4903143947234128,-94.54212419766077,1.206947444810993,25.22308307920029,59.60420008218771,59.60420008218771,236.56785583496094,386.9502410888672,32.891099316787546,168.7778745217901,172.2681889165135,65.00079095592618,15.017577173402374,65.00079095592618,87.68960282828948,24.475397449877228,87.68960282828948,178.85301336184926,165.34648410268036,165.34648410268036,178.85301336184926,16.16736106277002,37.551356897908484,37.551356897908484,63.00662235616395,63.00662235616395,63.63158155381737,68.28562829408588,5.734208403734732,178.56973282044657,61.63484906211066,75.02430959179136,15.322878523877481,-0.752349853515625,49.406808070270046,0
008330cf-9d1e-41b5-8bcf-7a233788ad3a_delivery_14,125,47.337114719771236,145.0936424095694,145.0936424095694,10.989030990910457,72.4208534688169,72.4208534688169,47.076800951423344,78.57097657257088,161.78790467896175,135.93936651700517,39.098950101283194,41.78161653893014,19.08020553644925,20.137276198615062,39.098950101283194,41.78161653893014,-32.35699462890625,-35.809417724609375,145.0936424095694,72.4208534688169,135.93936651700517,41.78161653893014,59.14130751516351,169.7670301368767,173.35813353753156,3.591103400654845,-94.52276491857604,0.9891556150866165,28.50662485068553,50.500578651227556,50.500578651227556,236.76055526733398,386.37842559814453,36.210559663275816,169.7670301368767,173.35813353753156,30.165831373390134,55.44962518533529,55.44962518533529,95.51236463346532,32.77014811660068,95.51236463346532,179.97717909010711,163.73808856740442,163.73808856740442,179.97717909010711,25.195814864343017,44.49979374441151,44.49979374441151,85.58684012850077,85.58684012850077,88.03208510486105,84.25239822225195,5.743629817842265,177.9431392289052,75.68989186993629,73.37772197383731,15.29219747126368,-0.7527618408203125,53.203451917377244,0
008330cf-9d1e-41b5-8bcf-7a233788ad3a_delivery_14,126,31.638772328381794,165.52694306743862,165.52694306743862,5.797169514823473,68.01007714223913,68.01007714223913,48.38625553424709,80.95054447290778,164.01711947520997,139.63798070769766,39.79523070267042,42.321503430963574,19.608871840223397,19.946493932192496,39.79523070267042,42.321503430963574,-33.06304931640625,-37.76849365234375,165.52694306743862,68.01007714223913,139.63798070769766,42.321503430963574,57.507018628672064,170.67379359384114,174.2466114919993,3.5728178981581493,-94.49263361456619,0.906763456964427,25.873878723204975,48.195270995944405,48.195270995944405,236.81415557861328,385.7096633911133,40.26089939669262,170.67379359384114,174.2466114919993,48.19516883972165,33.548430802766134,48.19516883972165,77.28069828234247,21.12281881859582,77.28069828234247,179.9779996496626,162.38950239381228,162.38950239381228,179.9779996496626,37.02416388283208,53.46135241515631,53.46135241515631,91.93838082606963,91.93838082606963,94.19327472545496,90.81735227629838,5.781825064397711,177.49639134181513,76.10750020676515,75.71625738856018,15.295236730087094,-0.7449951171875,51.3062287344539,0
008330cf-9d1e-41b5-8bcf-7a233788ad3a_delivery_14,127,24.532519551182677,163.78959564355864,163.78959564355864,2.732109771772729,59.164698245796764,59.164698245796764,49.04859258059403,83.49838061556916,164.98211790452368,142.98559655938095,40.34519797002335,43.081909846665305,19.982741296668774,19.980255953928328,40.34519797002335,43.081909846665305,-33.613067626953125,-39.740631103515625,163.78959564355864,59.164698245796764,142.98559655938095,43.081909846665305,50.904052416403175,171.3284625256302,174.88220421510755,3.553741689477363,-94.38636618578764,0.6546689317890468,18.21680871057236,36.98858257553587,36.98858257553587,236.88291549682617,385.12696075439453,35.210409477754105,171.3284625256302,174.88220421510755,17.52338718195615,69.45237462872916,69.45237462872916,54.58407383397129,37.16574713215138,54.58407383397129,179.30225847022712,162.32599611129237,162.32599611129237,179.30225847022712,36.97115209721758,50.16407731252344,50.16407731252344,71.9204412608019,71.9204412608019,76.5433893173085,74.1995808692425,5.81747449010499,177.25328802480598,69.13715613899363,71.21174702562186,15.385811324434865,-0.8203887939453125,47.607093890414006,0
008330cf-9d1e-41b5-8bcf-7a233788ad3a_delivery_14,128,17.063147334990546,183.3747760762061,183.3747760762061,7.143718921792696,70.83721486058427,70.83721486058427,50.18398991152651,86.35565074727485,166.70999844630109,146.74287852947168,40.70768417145612,43.72117154370472,20.308903780041152,20.003387436535128,40.70768417145612,43.72117154370472,-34.050872802734375,-41.539764404296875,183.3747760762061,70.83721486058427,146.74287852947168,43.72117154370472,57.92099010440302,172.0671823294918,175.62119801779443,3.554015688302627,-94.04818470013637,0.7387198038616134,25.957719561406332,43.14936387143811,43.14936387143811,236.96829223632812,384.4446334838867,41.26553223310914,172.0671823294918,175.62119801779443,15.319663099296667,60.64954058994423,60.64954058994423,40.16936725816274,44.280690436335384,44.280690436335384,178.8875495872289,162.18303305090993,162.18303305090993,178.8875495872289,43.42270086967294,57.97563507172707,57.97563507172707,90.68877322915326,90.68877322915326,90.84253209625167,92.22927851354397,5.821939525174528,177.505235324618,70.42347983079975,76.51838658244932,15.36935238205874,-0.59783935546875,50.77862816262976,0
008330cf-9d1e-41b5-8bcf-7a233788ad3a_delivery_14,129,23.58682481924842,190.70650390962115,190.70650390962115,16.349681804451414,82.64736343033637,82.64736343033637,51.75097535724242,89.14634265016178,169.14645923068943,151.032499520438,40.68752768027374,44.27135734934161,20.302392381940937,20.097982697950812,40.68752768027374,44.27135734934161,-34.178375244140625,-43.038238525390625,190.70650390962115,82.64736343033637,151.032499520438,44.27135734934161,67.31899845291812,172.85294246330844,176.41013417173346,3.557191708425023,-93.51158557991192,0.7857601338166376,36.862532148536424,53.761084605314934,53.761084605314934,237.0574188232422,383.98314666748047,28.20541926126537,172.85294246330844,176.41013417173346,14.671948807894418,27.841733319854825,27.841733319854825,30.498349129599774,24.53247402667897,30.498349129599774,178.3946819524311,161.5598147915357,161.5598147915357,178.3946819524311,6.404710670014127,22.547247507586953,22.547247507586953,67.48765270522921,67.48765270522921,69.85590428083744,70.04355549767489,5.867449263494364,177.80495526149522,64.9298767893375,67.79754183674,15.482550140844543,-0.120361328125,44.20087118159481,0
008330cf-9d1e-41b5-8bcf-7a233788ad3a_delivery_14,130,23.519948409487313,189.0250742046419,189.0250742046419,18.3104303328015,74.72376281800716,74.72376281800716,51.70473315909706,92.0149966127672,169.51461621434797,154.82891832050257,40.94254201090655,45.016874859281174,20.302786057843605,20.428462332071682,40.94254201090655,45.016874859281174,-34.29144287109375,-44.4486083984375,189.0250742046419,74.72376281800716,154.82891832050257,45.016874859281174,62.896799479622224,173.09138009067559,176.44831211400356,3.356932023327971,-93.22397342150367,0.2384376273671478,30.940158580767662,40.86142253202782,40.86142253202782,236.98670959472656,383.70423889160156,17.266667267375116,173.09138009067559,176.44831211400356,12.150829971972833,7.4444988963068415,12.150829971972833,20.197360771649713,37.34144507639243,37.34144507639243,177.97532478886487,162.93288893936713,162.93288893936713,177.97532478886487,19.436463820606335,1.5029117448673661,19.436463820606335,109.6429819072145,109.6429819072145,109.92179086333287,105.42112933093144,5.902564855915525,177.15885988257617,83.24217240728696,79.46731945506004,15.517769555632974,-0.191619873046875,39.62119226329407,0
008330cf-9d1e-41b5-8bcf-7a233788ad3a_delivery_14,131,30.156098242246408,205.4113632309486,205.4113632309486,21.095839145331514,82.19137563843265,82.19137563843265,51.5198494890398,95.30083014934658,169.82828159634786,158.21276528818782,41.06279609941036,45.354246645496694,20.271483923017726,20.472226802326638,41.06279609941036,45.354246645496694,-34.2501220703125,-45.223968505859375,205.4113632309486,82.19137563843265,158.21276528818782,45.354246645496694,67.24349903879529,173.36952704118661,176.64044774576504,3.2709207045784296,-92.97214735209583,0.27814695051102944,25.11918558341316,39.48713239239943,39.48713239239943,237.02453994750977,383.53271484375,10.540480106411037,173.36952704118661,176.64044774576504,4.889987002654512,20.157147408156494,20.157147408156494,15.328620714461692,43.699407869781936,43.699407869781936,177.21178085477513,164.79225679439773,164.79225679439773,177.21178085477513,17.57154567004065,11.644375572421318,17.57154567004065,78.73264955708804,78.73264955708804,80.20934305932944,79.00838225807058,5.913439782294702,176.99414377023194,70.2116230600311,72.50081749665455,15.495434838902122,0.138031005859375,43.06267320585736,0
008330cf-9d1e-41b5-8bcf-7a233788ad3a_delivery_14,132,32.74547298064384,203.22226110401854,203.22226110401854,29.942128572205206,88.98081807053829,88.98081807053829,51.66508924625583,97.95085350259473,170.61806368850625,162.67204227403562,41.361173076413785,45.934596294820935,20.460811501355735,20.907028353016948,41.361173076413785,45.934596294820935,-34.40679931640625,-45.934417724609375,203.22226110401854,88.98081807053829,162.67204227403562,45.934596294820935,73.57909451531064,173.77899261239108,176.96368921846476,3.184696606073686,-92.56127310199503,0.40946557120446414,35.92535023557406,50.65853612888394,50.65853612888394,237.00399780273438,383.29557037353516,14.28425497193093,173.77899261239108,176.96368921846476,49.3550174142962,51.201059768184784,51.201059768184784,20.351785461799924,30.435885997459646,30.435885997459646,177.62906279720846,165.20982040633274,165.20982040633274,177.62906279720846,22.472623820476382,11.210130306343226,22.472623820476382,88.5769923896584,88.5769923896584,87.74277834172862,86.59243276801475,5.950630936581752,176.93585398686463,72.16606983540895,71.90738033578187,15.524134315333384,0.278167724609375,52.208422488368676,0
008330cf-9d1e-41b5-8bcf-7a233788ad3a_delivery_14,133,29.189528447527586,200.17951683772108,200.17951683772108,33.48966347571219,80.76632479531773,80.76632479531773,51.520875799314446,100.5265324897796,170.75043322285077,166.42767458314538,41.74947418059602,46.84024255390131,20.64547560168614,21.477544048730277,41.74947418059602,46.84024255390131,-34.644378662109375,-46.705352783203125,200.17951683772108,80.76632479531773,166.42767458314538,46.84024255390131,71.96954363000087,173.89715583172506,177.01972816303953,3.1225723313144726,-92.4827409677719,0.11816321933397944,41.85682239106919,46.335405832657415,46.335405832657415,236.96454620361328,382.9516143798828,20.77601943868118,173.89715583172506,177.01972816303953,19.629624859723066,19.15581979847051,19.629624859723066,18.469746504677993,34.75839438092292,34.75839438092292,177.03629637438053,166.1457795872442,166.1457795872442,177.03629637438053,9.892548311633417,3.6299501914593693,9.892548311633417,76.95468735084788,76.95468735084788,74.68857160209238,75.26434097738867,5.914444826163233,176.8785994823713,58.17118616409035,62.289845961049714,15.41192561506582,0.2203369140625,44.77944548557437,0
008330cf-9d1e-41b5-8bcf-7a233788ad3a_delivery_14,134,26.272811279560933,157.34931943642997,157.34931943642997,31.254335372359087,74.44462393406585,74.44462393406585,51.03810657830664,102.17067787395676,170.493850916246,169.29541210079057,42.371022546872794,47.0275946817387,20.924552933079344,21.527249743308786,42.371022546872794,47.0275946817387,-35.009429931640625,-46.647125244140625,157.34931943642997,74.44462393406585,169.29541210079057,47.0275946817387,63.840013709387925,174.18844724236746,177.01783851309702,2.829391270729559,-92.33156803513943,0.29129141064240116,43.213259214028916,50.50573301988277,50.50573301988277,236.76709365844727,382.38558197021484,35.974798856002586,174.18844724236746,177.01783851309702,18.957692994876382,28.932385731255035,28.932385731255035,14.686887623712138,58.063571456960226,58.063571456960226,176.6788840380934,166.5822124675412,166.5822124675412,176.6788840380934,29.51275533870989,24.82427001132994,29.51275533870989,75.75080934473155,75.75080934473155,74.41650299181373,74.87631970072205,5.881437034074279,176.81640168165794,62.784250299182325,67.44018988444242,15.313057992521731,0.602996826171875,46.50147045109759,0
008330cf-9d1e-41b5-8bcf-7a233788ad3a_delivery_14,135,35.78619464484419,163.862356551308,163.862356551308,39.41153318505711,71.85929246277207,71.85929246277207,51.28872205897253,103.26321942256776,171.40602008357365,173.13388328128363,42.59714159713925,47.97479130134083,21.16346484599737,22.2624563011199,42.59714159713925,47.97479130134083,-35.12493896484375,-47.23382568359375,163.862356551308,71.85929246277207,173.13388328128363,47.97479130134083,67.89465857654284,174.66635381312773,177.4340698710663,2.7677160579385713,-92.06804211378737,0.4779065707602683,40.48994644743324,55.95862816784236,55.95862816784236,236.5290985107422,381.8909454345703,32.94017552138278,174.66635381312773,177.4340698710663,30.24776019182012,56.24516038228416,56.24516038228416,36.97930987834513,69.75307311009608,69.75307311009608,176.02629033579427,166.13968499295495,166.13968499295495,176.02629033579427,15.448408711128156,30.582833864066348,30.582833864066348,44.69928464706581,44.69928464706581,45.27123252983388,48.56698533015706,5.924538211746611,177.48317942466326,44.255947413495804,53.4469545350772,15.3854388223511,0.4300384521484375,53.88537479974975,0
008330cf-9d1e-41b5-8bcf-7a233788ad3a_delivery_14,136,24.931188773953732,172.68823205752707,172.68823205752707,39.06426658578975,79.72202948209498,79.72202948209498,51.56468901986669,104.41270640250613,171.97448961821343,176.63002542579858,43.042758331761206,49.08252915081648,21.50176080019478,23.22248450659681,43.042758331761206,49.08252915081648,-35.499847412109375,-47.85919189453125,172.68823205752707,79.72202948209498,176.63002542579858,49.08252915081648,70.66020148212264,175.044078579412,177.75287747609715,2.7087988966851526,-91.82038267542781,0.377724766284274,46.91659015478165,60.63890183858868,60.63890183858868,236.20178985595703,381.2724380493164,41.99315693029667,175.044078579412,177.75287747609715,6.006038466420536,47.27413852741104,47.27413852741104,24.68614032499326,64.08001232990615,64.08001232990615,175.93442205765328,165.90840167370956,165.90840167370956,175.93442205765328,27.14369317845591,40.12036281583405,40.12036281583405,44.29352905693804,44.29352905693804,44.7031462259998,45.054852489217524,6.027917254059089,177.84425841096387,37.997659691726,42.06847004140859,15.61817924978443,0.3563385009765625,52.77263287797974,0
008330cf-9d1e-41b5-8bcf-7a233788ad3a_delivery_14,137,34.763188453424746,179.170112280453,179.170112280453,41.31494192494331,94.75136334381746,94.75136334381746,51.78667701424308,106.35230518615593,172.35503587194285,178.47952337154814,43.1529538722009,49.58740940084553,21.64570628050901,23.627855260842736,43.1529538722009,49.58740940084553,-35.611572265625,-47.754241943359375,179.170112280453,94.75136334381746,178.47952337154814,49.58740940084553,74.34464713392491,175.37110711993708,177.95882607340897,2.5877189534718923,-91.85955435950915,0.32702854052507746,41.56977486089542,54.49850194001555,54.49850194001555,236.01165390014648,380.70250701904297,36.05443544725345,175.37110711993708,177.95882607340897,12.626602917029707,22.163222183262064,22.163222183262064,20.654774537217712,67.27524003638482,67.27524003638482,175.5182624609524,166.6933067937146,166.6933067937146,175.5182624609524,21.463285662578688,29.264773808896965,29.264773808896965,33.34651629275349,33.34651629275349,34.37856064949748,36.70139451793356,6.101043963653052,178.38912413289484,34.314316421442996,41.05394511604738,15.779625402790955,0.7572479248046875,51.62631516240995,0
008330cf-9d1e-41b5-8bcf-7a233788ad3a_delivery_14,138,30.614956003957367,177.3832961688587,177.3832961688587,36.36729826607481,103.20320476438013,103.20320476438013,51.70396662666465,108.58160507089349,172.1556862031954,179.57243736952682,43.16979442880654,49.80431243604028,21.731692805903922,24.006577322660572,43.16979442880654,49.80431243604028,-35.638519287109375,-47.26483154296875,177.3832961688587,103.20320476438013,179.57243736952682,49.80431243604028,71.09177578029367,175.72819966735395,178.0898811220504,2.361681454696452,-91.93389149677778,0.3570925474168689,32.09895386370879,46.88294561478223,46.88294561478223,235.8153533935547,380.27681732177734,28.1307560560716,175.72819966735395,178.0898811220504,15.04318369166633,10.065392899162632,15.04318369166633,10.71993917306028,49.280563182535886,49.280563182535886,174.91744000743574,167.57911061733793,167.57911061733793,174.91744000743574,14.60851444142323,21.00863510987266,21.00863510987266,34.04759144101511,34.04759144101511,32.26571950861905,37.66942802976969,6.114655708642437,179.24190594967445,31.67137028782864,43.66019279601241,15.828975079357232,0.839141845703125,45.60640693162358,0
008330cf-9d1e-41b5-8bcf-7a233788ad3a_delivery_14,139,27.659425768411193,189.19089734486406,189.19089734486406,31.66775067897897,93.06899339062306,93.06899339062306,51.67659678434597,110.96218223448376,172.114056179555,179.34794394907692,43.19550556969899,51.012016159367924,21.799270140083664,24.93261100834354,43.19550556969899,51.012016159367924,-35.66119384765625,-47.53363037109375,189.19089734486406,93.06899339062306,179.34794394907692,51.012016159367924,67.56798021067287,175.7663672204089,178.0532032864299,2.2868360660209817,-92.20693222556326,0.038167553054961445,29.170372833561316,34.65044124759861,34.65044124759861,235.6908950805664,379.98352813720703,19.11931515814914,175.7663672204089,178.0532032864299,14.171488457023914,16.75836435485807,16.75836435485807,22.350506460456497,55.34247266243799,55.34247266243799,174.19553503154924,168.70167999651343,168.70167999651343,174.19553503154924,7.519963635893354,7.244832031415533,7.519963635893354,26.843888998274277,26.843888998274277,24.876813734087044,29.02687781480392,6.071955317725377,179.79035887635715,19.512842563183845,27.4777668226394,15.75266960640685,0.3239898681640625,44.06629240551021,0
008330cf-9d1e-41b5-8bcf-7a233788ad3a_delivery_14,140,16.010538444160442,182.30811896474574,182.30811896474574,19.8664653479605,101.99844231934287,101.99844231934287,51.801114440233455,113.68833212980466,172.13616136968946,178.98774997491626,43.27911093354689,51.22427830211131,21.853374579382134,25.047449980426457,43.27911093354689,51.22427830211131,-35.7794189453125,-46.72882080078125,182.30811896474574,101.99844231934287,178.98774997491626,51.22427830211131,62.483518811790674,175.91483919685933,178.06930342785137,2.1544642309920334,-92.39129178633527,0.14847197645042343,22.829487187900195,31.888060606634255,31.888060606634255,235.59628677368164,379.63512420654297,21.664743360570284,175.91483919685933,178.06930342785137,22.06008266420238,16.845271714594436,22.06008266420238,19.63736173255736,38.65383221201836,38.65383221201836,172.82201692020118,170.35919244552363,170.35919244552363,172.82201692020118,17.39213112925113,17.98511029896238,17.98511029896238,16.944858336397612,16.944858336397612,13.763138960669934,16.80959754304685,6.029680166983908,-179.53311587927482,12.69956886942374,19.660998522420385,15.697526140486435,0.7512969970703125,42.2895752185275,0
008330cf-9d1e-41b5-8bcf-7a233788ad3a_delivery_14,141,24.501388067034288,173.66703253338568,173.66703253338568,18.754279847446202,90.49657365000812,90.49657365000812,51.991190152815186,115.71948330143859,172.57872566675226,177.83388129341066,43.179652276422914,51.11222972341476,21.790938268964236,24.795563598706867,43.179652276422914,51.11222972341476,-35.682769775390625,-45.634063720703125,173.66703253338568,90.49657365000812,177.83388129341066,51.11222972341476,60.19061674861705,176.00315230150915,177.9785040100016,1.9753517084924397,-92.75635987519382,0.08831310464981357,18.7234355190885,35.000990874739465,35.000990874739465,235.50410079956055,379.3812942504883,16.205713574366317,176.00315230150915,177.9785040100016,35.46710186689142,12.708142960603748,35.46710186689142,17.12942817124363,70.00129150279109,70.00129150279109,171.04232660605106,172.12749940226783,172.12749940226783,171.04232660605106,17.2056873804129,11.797383857005475,17.2056873804129,17.295270513223947,17.295270513223947,14.35334576073713,14.442053359982634,6.04271746862308,-178.7414666160959,9.53439561291176,16.468764200089854,15.75631061295319,0.912506103515625,43.78772801922088,0
008330cf-9d1e-41b5-8bcf-7a233788ad3a_delivery_14,142,16.68330037837317,153.4250519050583,153.4250519050583,10.838543788300733,71.80493353251552,71.80493353251552,52.186549753535,117.61363920216677,173.3401837846949,176.54958797569742,43.61147611186515,50.921979617328574,21.784658317645007,24.491700328316835,43.61147611186515,50.921979617328574,-35.94464111328125,-44.41949462890625,153.4250519050583,71.80493353251552,176.54958797569742,50.921979617328574,47.809341110995064,175.91814799666952,177.64160466795195,1.7234566712824346,-93.00621163987864,-0.08500430483962873,14.853060959281759,19.251156102440895,19.251156102440895,235.40692520141602,379.1609344482422,14.452436281825877,175.91814799666952,177.64160466795195,34.511401108887696,35.844836013971246,35.844836013971246,31.559538746437536,62.52795377077026,62.52795377077026,168.98404897712493,174.6209735334508,174.6209735334508,168.98404897712493,18.19194262558569,11.50652301498146,18.19194262558569,6.2654508621776195,6.2654508621776195,3.7059580223965503,6.318483449346853,5.959601058361979,-178.22495827278166,10.649639699007315,8.402609557603046,15.704024720986931,0.6710968017578125,40.08318682888368,0
008330cf-9d1e-41b5-8bcf-7a233788ad3a_delivery_14,143,22.81897839578292,154.6095004003119,154.6095004003119,19.617812558181722,71.51261984175264,71.51261984175264,52.36537956669384,119.35068059121285,174.7064521766981,175.02994545148064,43.853804530464004,50.778113039565284,21.602146101349167,24.39095182991397,43.853804530464004,50.778113039565284,-35.909820556640625,-43.185943603515625,154.6095004003119,71.51261984175264,175.02994545148064,50.778113039565284,49.78135430914093,176.16651300802377,177.59480713130282,1.428294123279045,-93.17084216726835,0.24836501135425237,6.6488333813444225,23.480381277471974,23.480381277471974,235.23677825927734,379.02465057373047,13.08201041933813,176.16651300802377,177.59480713130282,28.191313095826544,30.434447894301435,30.434447894301435,35.634858876495166,58.679119216984155,58.679119216984155,166.9369861732634,177.2227288472888,177.2227288472888,166.9369861732634,11.335808537874694,14.334398243010527,14.334398243010527,4.676154445704112,4.676154445704112,6.380264162039692,4.847281706882504,5.95951632931423,-177.9422293941084,9.944189419779946,12.75613989407991,15.83588082035835,0.733673095703125,39.774839309944845,0
008330cf-9d1e-41b5-8bcf-7a233788ad3a_delivery_14,144,20.315437034947255,162.54202913305787,162.54202913305787,17.89607147907001,71.4329453146361,71.4329453146361,52.96997517053256,120.89999602318696,176.93371749390215,172.9344667134705,43.90868585414178,50.58902543549142,21.434316816142708,24.24684631154001,43.90868585414178,50.58902543549142,-35.731719970703125,-41.801544189453125,162.54202913305787,71.4329453146361,172.9344667134705,50.58902543549142,51.31856574254012,176.32181697811149,177.5925779828051,1.270761004693611,-93.52740288637523,0.15530397008771502,6.416273738833875,29.30863775469563,29.30863775469563,235.08610916137695,378.9505386352539,10.07622312239306,176.32181697811149,177.5925779828051,36.25046932204717,28.688215933093062,36.25046932204717,26.63599266151556,59.463338331547014,59.463338331547014,164.74406666471268,179.96118983779814,179.96118983779814,164.74406666471268,7.899685386295536,9.186501591140644,9.186501591140644,47.76643298042396,47.76643298042396,39.932391669454155,43.480406326921845,6.115334306691276,-177.434965729183,23.53578661558203,35.95850376059587,16.253757006733096,0.85943603515625,39.66963314007331,0
008330cf-9d1e-41b5-8bcf-7a233788ad3a_delivery_14,145,21.329362511341905,145.8417587412662,145.8417587412662,21.398803621685012,61.104951605928285,61.104951605928285,53.2488904222744,122.52643543140391,179.03807609316075,171.05684876610692,43.90852867005103,50.4283350404727,21.294663179561272,24.149500376350307,43.90852867005103,50.4283350404727,-35.39410400390625,-40.38177490234375,145.8417587412662,61.104951605928285,171.05684876610692,50.4283350404727,47.489781194763744,176.3697116029623,177.44972879141048,1.0800171884481813,-93.79783705793076,0.047894624850812306,13.239036856468827,22.024773831892254,22.024773831892254,234.92903518676758,379.0600280761719,11.48996081907085,176.3697116029623,177.44972879141048,37.430335063407774,34.161318102167606,37.430335063407774,25.09233621492382,62.90392549660645,62.90392549660645,162.24218163246383,176.98594410017054,176.98594410017054,162.24218163246383,3.617111217912761,9.54925492644022,9.54925492644022,29.663688635302055,29.663688635302055,27.20548684883252,28.16239761150686,6.258256218543892,-177.38199174652664,23.997015164715794,31.74438285926148,16.672404096931608,0.746490478515625,38.141080682503436,0
008330cf-9d1e-41b5-8bcf-7a233788ad3a_delivery_14,146,6.717548066503247,121.29887624604781,121.29887624604781,28.393070942015616,64.10764552299052,64.10764552299052,52.922934782961846,124.7854080184282,179.92414354425998,171.002478019365,43.86155239609,49.88998488251897,21.316144847612755,23.922202610642646,43.86155239609,49.88998488251897,-35.0108642578125,-38.724609375,121.29887624604781,64.10764552299052,171.002478019365,49.88998488251897,46.28700299913424,176.74846662246838,177.258784951925,0.5103183294566236,-94.05249780605311,0.37875501950608736,36.83539137585694,20.369485841391295,36.83539137585694,234.72972869873047,379.4606018066406,26.84937856081496,176.74846662246838,177.258784951925,56.93696120020748,38.68242225751331,56.93696120020748,25.751981470732357,73.35346089313641,73.35346089313641,158.54018466519372,173.46240395628786,173.46240395628786,158.54018466519372,25.621392544704044,27.69564922385328,27.69564922385328,15.953973519457907,15.953973519457907,13.21728813718127,18.399079682029047,6.157355894580311,-176.91057086573363,19.367642724614058,9.868689147293471,16.480171999190343,0.647979736328125,43.813657132079356,0
008330cf-9d1e-41b5-8bcf-7a233788ad3a_delivery_14,147,0.9800512272583628,114.844268389107,114.844268389107,32.116589280577664,60.63012057310146,60.63012057310146,52.65343178268633,126.7321078562505,178.94690765710658,170.68565986296989,43.51175050108945,49.53328316206456,21.336058927607425,23.87329159125768,43.51175050108945,49.53328316206456,-34.351715087890625,-37.26611328125,114.844268389107,60.63012057310146,170.68565986296989,49.53328316206456,47.1596886882842,177.33523522116957,177.34846745998766,0.013232238818090991,-94.38526750573136,0.5867685987011839,43.59420759909672,30.792895060563964,43.59420759909672,234.51972579956055,380.02406311035156,36.085225547284175,177.33523522116957,177.34846745998766,71.19482580776526,36.08745236902253,71.19482580776526,29.02128791417361,79.75447111795113,79.75447111795113,154.6153798180106,170.51023470560153,170.51023470560153,154.6153798180106,38.19206206989789,37.724715445205945,38.19206206989789,28.474927173577317,28.474927173577317,29.74627147334815,28.97301291198201,6.122699059185471,-176.69542032404848,35.8126303999344,30.02605671439972,16.36806919393477,0.5560455322265625,47.911078904476796,0
008330cf-9d1e-41b5-8bcf-7a233788ad3a_delivery_14,148,5.9061451343428715,96.66668276972771,96.66668276972771,33.05177885569313,50.94939003581843,50.94939003581843,52.31863185882147,128.5979286196453,178.15169783010717,170.52420720599832,43.20454811972944,49.038272558875796,21.537246217986535,23.69246894295917,43.20454811972944,49.038272558875796,-33.764007568359375,-35.770751953125,96.66668276972771,50.94939003581843,170.52420720599832,49.038272558875796,44.106796166790254,177.6973945375338,177.13454263195757,0.562851905576224,-94.82853767277184,0.3621593163642274,43.98872797230156,34.07805223285783,43.98872797230156,234.38289642333984,380.75160217285156,44.424811744693095,177.6973945375338,177.13454263195757,90.26566829660383,61.43885222016949,90.26566829660383,31.750751740658476,76.74932795828788,76.74932795828788,150.24871172633567,167.61633213477208,167.61633213477208,150.24871172633567,51.48324615484123,55.8126820730111,55.8126820730111,45.39336327973001,45.39336327973001,44.54334945267528,45.321905394100156,6.079478824449103,-176.67247723504175,43.35780578620186,41.39852311845466,16.24639009595155,0.477508544921875,52.678442120359456,0
008330cf-9d1e-41b5-8bcf-7a233788ad3a_delivery_14,149,14.240136405720312,70.33663941006606,70.33663941006606,29.7101940255058,47.01724019026778,47.01724019026778,51.361890150802715,131.06575463396692,178.4232411158629,171.8942362659535,42.83152280768599,48.53580184538812,21.491430032862826,23.485346223644267,42.83152280768599,48.53580184538812,-33.08349609375,-34.333221435546875,70.33663941006606,47.01724019026778,171.8942362659535,48.53580184538812,42.9359686592505,178.14977429404988,176.7787218683608,1.3710524256890722,-94.99857400248179,0.45237975651608053,57.62528520899028,38.68631671495274,57.62528520899028,234.23431015014648,381.62622833251953,53.23804929234885,178.14977429404988,176.7787218683608,102.93569526844283,71.48236280024958,102.93569526844283,45.312048530389475,64.63400397189757,64.63400397189757,144.5087582868743,164.5495386017088,164.5495386017088,144.5087582868743,56.10934437808611,62.50560576270579,62.50560576270579,51.205767542517265,51.205767542517265,31.712380141618194,65.22649524280301,5.440099126253233,-176.35720216402802,49.34516681841783,71.7845419567147,14.70079221636869,0.2935638427734375,55.04957272227285,0
008330cf-9d1e-41b5-8bcf-7a233788ad3a_delivery_14,150,20.095115214184368,64.3296944822865,64.3296944822865,31.604713659628505,39.423459398518936,39.423459398518936,50.41401227341373,133.1459544950082,178.8054067286527,172.86285494473606,42.27559677643728,47.81883413188949,21.359744234458592,23.208021250796545,42.27559677643728,47.81883413188949,-32.294921875,-32.853912353515625,64.3296944822865,39.423459398518936,172.86285494473606,47.81883413188949,42.40955500870644,178.65651810018605,176.40867799484428,2.2478401053417656,-95.2930012329143,0.5067438061361713,59.23844868261841,39.7658986150019,59.23844868261841,234.0575408935547,382.5158996582031,54.43253138903535,178.65651810018605,176.40867799484428,114.18837343430532,83.78454384904546,114.18837343430532,75.02356044258556,49.51014014344478,75.02356044258556,138.51704546463148,160.97707506668038,160.97707506668038,138.51704546463148,57.26506458575329,64.44259343567327,64.44259343567327,38.162609354703925,38.162609354703925,31.84474747139317,47.63542837074051,4.9757243009913354,-175.36791613181495,46.56441728713817,50.1503418974534,13.571407094237879,0.366943359375,58.2226338285872,0
008330cf-9d1e-41b5-8bcf-7a233788ad3a_delivery_14,151,25.1323423931253,57.96341074974863,57.96341074974863,29.8578114708736,23.507282502585934,29.8578114708736,50.153315647240674,134.36850183872332,178.10165441551803,172.24799436921612,41.73569489170776,47.759149246929056,20.972852767491503,23.179190412930804,41.73569489170776,47.759149246929056,-31.593475341796875,-31.881439208984375,57.96341074974863,23.507282502585934,172.24799436921612,47.759149246929056,33.55453120903058,178.69728527188846,175.8423412456057,2.854944026282766,-95.52483361709628,0.04076717170241295,36.752822451932396,28.11351768591761,36.752822451932396,233.9759178161621,383.11519622802734,36.295623205035504,178.69728527188846,175.8423412456057,115.80741524758805,68.97657107959449,115.80741524758805,116.347630146271,16.865117759614968,116.347630146271,134.00172067534206,159.8562174768108,159.8562174768108,134.00172067534206,37.323265932367356,48.64196468976516,48.64196468976516,61.6981358516572,61.6981358516572,46.57838669061605,79.27685916316491,4.34168042652786,-175.15339802609552,40.736831840866905,81.86800750848353,11.96981108749142,0.353668212890625,50.44076267578203,0
008330cf-9d1e-41b5-8bcf-7a233788ad3a_delivery_14,152,32.74972069136258,36.82619847688659,36.82619847688659,40.78190810408125,16.547201402753203,40.78190810408125,50.49359860644221,135.5342032944339,176.8686638849062,172.46435934325078,41.23208182445767,47.74599163292925,20.785191868051818,23.225348538006404,41.23208182445767,47.74599163292925,-31.078399658203125,-31.20343017578125,36.82619847688659,16.547201402753203,172.46435934325078,47.74599163292925,30.312308621553758,178.64180225604338,175.14924373715417,3.4925585188892114,-95.6955425897745,-0.05548301584508408,31.020095784039267,23.948727270199676,31.020095784039267,233.89759063720703,383.6534423828125,32.640194490347135,178.64180225604338,175.14924373715417,99.08778807888763,68.05950469497024,99.08778807888763,71.38017706139036,24.065133654346457,71.38017706139036,129.3769436721794,158.34060089962603,158.34060089962603,129.3769436721794,34.893088447798846,48.22370507471583,48.22370507471583,50.70600238941188,50.70600238941188,35.64103644606955,68.57573136689298,3.6785832190323884,-173.76807109061184,34.292569127546706,73.08348826769031,10.387189596979042,0.209014892578125,43.96527072845266,0
008330cf-9d1e-41b5-8bcf-7a233788ad3a_delivery_14,153,37.26797389914618,24.514108952234004,37.26797389914618,39.68174505175097,9.903651282165011,39.68174505175097,51.2611598120822,136.08022580887936,175.4397388481217,171.97498727153013,40.70341667953527,47.49314567144426,20.557060984619834,23.029153077882995,40.70341667953527,47.49314567144426,-30.700531005859375,-30.552276611328125,24.514108952234004,9.903651282165011,171.97498727153013,47.49314567144426,25.099984895652913,178.53628584909023,174.49186826243977,4.044417586650468,-95.85288020792258,-0.1055164069531429,20.94458123862639,18.287848949994927,20.94458123862639,233.8575210571289,384.06835174560547,25.014417669150802,178.53628584909023,174.49186826243977,93.78254366876547,59.747938162667594,93.78254366876547,72.87051933599489,25.715520667570072,72.87051933599489,125.67539997928328,156.6281907816217,156.6281907816217,125.67539997928328,26.500080656288652,39.64880482741585,39.64880482741585,37.45196099978823,37.45196099978823,24.49045252944385,49.61568964945842,3.2485995761823245,-172.2249557166404,11.3261693745398,50.963726642960324,9.38655787357678,0.2344207763671875,39.072109724384994,0
008330cf-9d1e-41b5-8bcf-7a233788ad3a_delivery_14,154,46.656285334169624,21.642082465731402,46.656285334169624,45.85718869117242,14.51408778055131,45.85718869117242,52.34036908614972,135.8892402409002,173.88105851311636,170.6172872087396,40.10300733855356,47.02713894607362,20.402534447545108,22.715131140832867,40.10300733855356,47.02713894607362,-30.372283935546875,-29.97259521484375,21.642082465731402,14.51408778055131,170.6172872087396,47.02713894607362,26.142417065629207,178.29059838203588,173.7638758370438,4.526722544992083,-96.17225009576465,-0.24568746705435274,14.137340485416393,14.047517636734108,14.137340485416393,233.87777709960938,384.3341369628906,15.9959386224652,178.29059838203588,173.7638758370438,78.09499174071281,55.91787150168053,78.09499174071281,104.56099970046672,26.957088371483042,104.56099970046672,124.03838295205425,154.602782459094,154.602782459094,124.03838295205425,16.97354394453776,30.50885563019275,30.50885563019275,22.555640724590383,22.555640724590383,23.642318276985442,13.811145832307483,3.5683822845442346,-172.45169313527538,30.65154067139175,18.04121109990468,10.192980787326562,0.2824859619140625,39.155654440237406,0
008330cf-9d1e-41b5-8bcf-7a233788ad3a_delivery_14,155,53.97122127313522,35.527878827254824,53.97122127313522,38.859097206597106,24.88675484726971,38.859097206597106,53.63959305182305,135.44451760181843,172.80459638837877,169.6143972563674,39.51936365069507,46.64522810611223,20.15257888843193,22.386644297679045,39.51936365069507,46.64522810611223,-30.26361083984375,-29.72784423828125,35.527878827254824,24.88675484726971,169.6143972563674,46.64522810611223,29.614790436117705,178.01129469228758,173.07481989949667,4.936474792790904,-96.38199722747915,-0.27930368974830344,9.550054478173625,14.893735984275727,14.893735984275727,234.0562858581543,384.4361572265625,12.338303918118735,178.01129469228758,173.07481989949667,74.23465939806653,39.55633856121644,74.23465939806653,105.61896587124005,37.400336824514184,105.61896587124005,123.31867349176254,153.99167454139345,153.99167454139345,123.31867349176254,17.696310012769583,29.28633553239393,29.28633553239393,39.240120612328695,39.240120612328695,39.562637346112496,36.20610165509399,3.6265143191680145,-172.40462381801936,34.518495738928685,24.3209138606152,10.395378572118409,0.23809814453125,40.12347406807557,0
008330cf-9d1e-41b5-8bcf-7a233788ad3a_delivery_14,156,60.46299746724825,43.83021543917229,60.46299746724825,42.38129237298139,26.900315458369615,42.38129237298139,55.63009968610955,134.92975993665087,171.1269168689884,169.60632263031377,38.68334216450674,46.425752329528976,19.863377273073347,22.184740640237898,38.68334216450674,46.425752329528976,-30.09967041015625,-29.919189453125,43.83021543917229,26.900315458369615,169.60632263031377,46.425752329528976,33.5185081132539,177.95162983393288,172.74492225089264,5.206707583040242,-96.55191883941019,-0.059664858354693706,10.455688083648038,17.080539858103823,17.080539858103823,234.34761810302734,384.47045135498047,17.603465136083727,177.95162983393288,172.74492225089264,62.55557554104285,50.96057372091688,62.55557554104285,78.86295235336759,45.35006567090002,78.86295235336759,122.99891847450047,152.528491168442,152.528491168442,122.99891847450047,24.29129756886933,24.767725048167335,24.767725048167335,20.82329423899248,20.82329423899248,30.319677282067296,8.419653391259644,3.9946545902103088,-172.04743441184988,51.715186611829914,18.114339465278842,11.442271971039562,0.0723114013671875,40.65826988189895,0
008330cf-9d1e-41b5-8bcf-7a233788ad3a_delivery_14,157,66.67202951301297,64.34768138982045,66.67202951301297,26.883985441277883,45.733979840367766,45.733979840367766,56.97125305074911,133.8765785170279,170.8779127772988,168.89240787968208,37.636640003304585,46.15125296346369,19.29313476616677,21.878574364803402,37.636640003304585,46.15125296346369,-29.78289794921875,-30.20697021484375,64.34768138982045,45.733979840367766,168.89240787968208,46.15125296346369,41.68841477450015,178.07169985476668,172.6540582928435,5.417641561923176,-96.6768194081689,0.12007002083379348,16.956645409453326,29.536167053068546,29.536167053068546,234.7646255493164,384.3813018798828,25.589948113370514,178.07169985476668,172.6540582928435,78.69897589196658,47.0312160049786,78.69897589196658,142.75826437724493,32.57225765544634,142.75826437724493,123.81788528132161,151.71795433104185,151.71795433104185,123.81788528132161,29.881719958734763,27.168731037416197,29.881719958734763,23.66396922437086,23.66396922437086,42.242037743941744,13.888606979870723,4.497805641960004,-171.9936801600287,69.8827392459556,24.16553648446307,12.667612927117453,0.1566009521484375,50.686804464399025,0
008330cf-9d1e-41b5-8bcf-7a233788ad3a_delivery_14,158,74.32689327233336,73.97636994996566,74.32689327233336,33.210642510924046,53.49594954621198,53.49594954621198,59.16608939250549,132.5864105061672,170.08356200214413,168.42018650308106,36.814049511859615,46.27747470471597,18.743575257952646,21.7138042493002,36.814049511859615,46.27747470471597,-29.834442138671875,-30.971160888671875,73.97636994996566,53.49594954621198,168.42018650308106,46.27747470471597,52.91088313542423,177.99881078978737,172.56729070409122,5.43152008569615,-96.59016294229004,-0.07288906497930725,33.09984664928191,49.35559688382844,49.35559688382844,235.22265243530273,384.0068359375,35.50288296106669,177.99881078978737,172.56729070409122,59.016781762885195,34.88168290462146,59.016781762885195,151.7952813617474,23.10060712785115,151.7952813617474,125.91066105596606,151.43204043176465,151.43204043176465,125.91066105596606,30.333702421528905,31.940133344096367,31.940133344096367,15.840450282479052,15.840450282479052,26.80408441024323,11.668740804891469,4.766544250744738,-172.08721552986734,49.49106045478757,20.203881990215294,13.243260918071712,0.0565643310546875,54.04445731127299,0
008330cf-9d1e-41b5-8bcf-7a233788ad3a_delivery_14,159,83.48952479706527,86.3048327383354,86.3048327383354,34.1563478800862,55.17959286007834,55.17959286007834,61.55551255252419,131.5662310578575,168.99644243310436,169.26098713140524,35.809126170051584,46.98095168130151,18.01597749699907,21.89418168659288,35.809126170051584,46.98095168130151,-29.70281982421875,-32.311065673828125,86.3048327383354,55.17959286007834,169.26098713140524,46.98095168130151,59.77641675135072,178.00601687014603,172.54451261637598,5.461504253770045,-96.34119265676377,0.0072060803586566635,36.35588292379489,63.17231930874424,63.17231930874424,235.7464256286621,383.5312805175781,42.45409393879924,178.00601687014603,172.54451261637598,56.80294040663511,22.0116937657651,56.80294040663511,165.38438218964515,22.07094056486946,165.38438218964515,128.54414613039637,152.02875083346854,152.02875083346854,128.54414613039637,33.59503336703099,39.52925077112389,39.52925077112389,50.87860984369046,50.87860984369046,53.50791590807754,52.968993015652316,4.775312484231586,-172.1376935988491,54.646281179994546,54.41576481670036,13.258729384713241,-0.08502197265625,58.17106179776451,0
008330cf-9d1e-41b5-8bcf-7a233788ad3a_delivery_14,160,73.87323515526124,100.23627359449027,100.23627359449027,32.25255714236397,48.56830307392171,48.56830307392171,63.99683966303176,130.76937303981197,168.13975697973072,171.0063537603345,34.97177621627593,47.841307567931295,17.493804214108565,22.10553671865501,34.97177621627593,47.841307567931295,-29.688720703125,-33.881103515625,100.23627359449027,48.56830307392171,171.0063537603345,47.841307567931295,57.34945137144138,178.11146934254626,172.51812591413912,5.593343428407138,-96.12767229785344,0.10545247240023059,29.88168066163013,59.284658600981004,59.284658600981004,236.2890739440918,383.24774169921875,36.74148430647185,178.11146934254626,172.51812591413912,56.630390854521416,30.661148455132334,56.630390854521416,176.8254046505695,36.007496742732776,176.8254046505695,131.33172449226782,152.34348478950815,152.34348478950815,131.33172449226782,26.15694323121606,33.74467355349583,33.74467355349583,32.845031396739465,32.845031396739465,41.81535291109729,33.089673306424416,4.911063882166144,-171.50696185831856,53.30823633253035,42.94640284735791,13.47013180060987,-0.384307861328125,58.676897143026345,0
008330cf-9d1e-41b5-8bcf-7a233788ad3a_delivery_14,161,83.27452685888248,106.77086386341745,106.77086386341745,37.54005507466989,66.82484142008019,66.82484142008019,65.69135997943471,129.87124661509802,168.66628352744172,172.40005757662237,34.36599071969303,48.5556443550937,16.96722403414877,22.369686806470217,34.36599071969303,48.5556443550937,-29.798736572265625,-35.29998779296875,106.77086386341745,66.82484142008019,172.40005757662237,48.5556443550937,66.13350976390467,177.83965081783583,172.07231774903528,5.7673330688005535,-95.81494734303551,-0.2718185247104259,33.092159492925006,69.29861187345294,69.29861187345294,236.72268295288086,382.8171844482422,36.669612411369904,177.83965081783583,172.07231774903528,49.38117425516155,31.16427522631587,49.38117425516155,176.94506595639075,27.002277757769388,176.94506595639075,134.20888455638732,152.443130524138,152.443130524138,134.20888455638732,24.840758717261423,36.882074602166064,36.882074602166064,74.01120707228861,74.01120707228861,66.92247214160344,76.62170738278442,4.743895528884626,-172.12771263099523,49.27870062194905,68.22914497734726,13.11101222762262,-0.2611236572265625,61.918057091541094,0
008330cf-9d1e-41b5-8bcf-7a233788ad3a_delivery_14,162,89.17452707131595,110.31501828590585,110.31501828590585,39.09740610273984,81.53097258371973,81.53097258371973,68.3180053354281,128.848010171238,167.5810497058,173.05777611585654,33.796686163139725,49.42265322771191,16.262175195333796,22.647449368500478,33.796686163139725,49.42265322771191,-29.94482421875,-36.714874267578125,110.31501828590585,81.53097258371973,173.05777611585654,49.42265322771191,74.9908372436111,177.1447982880837,171.46109000583095,5.683708282252752,-95.66827544607204,-0.6948525297521257,44.90566534152879,84.92143407645634,84.92143407645634,237.3904914855957,382.38978576660156,47.57968618747105,177.1447982880837,171.46109000583095,46.66330518277035,37.4115748032513,46.66330518277035,166.80136905328456,21.49480633678989,166.80136905328456,137.16995822385843,152.6587504295003,152.6587504295003,137.16995822385843,26.4202385053519,56.731998774407415,56.731998774407415,72.71213281857156,72.71213281857156,70.6157034012868,83.4461743445009,4.49143524549667,-173.53868016195642,51.4162193426308,80.97156665843164,12.524076331987324,-0.1671295166015625,67.12235967646016,0
008330cf-9d1e-41b5-8bcf-7a233788ad3a_delivery_14,163,103.1093771068364,122.01915191137462,122.01915191137462,34.68155786312531,86.38407890369362,86.38407890369362,70.63045377220317,128.26052058036814,167.6819082952692,174.41566661743042,32.881667534813104,50.5995185744285,15.335852523133529,23.250914619294914,32.881667534813104,50.5995185744285,-29.781494140625,-38.29010009765625,122.01915191137462,86.38407890369362,174.41566661743042,50.5995185744285,77.65487439086216,176.4256841097339,170.6487618312733,5.776922278460603,-95.7841117481756,-0.7191141783497983,28.154602592889177,91.5804779672538,91.5804779672538,238.26824188232422,382.16722869873047,54.34032691248178,176.4256841097339,170.6487618312733,50.85034660153767,35.897234115758614,50.85034660153767,149.244111638362,26.883144549827612,149.244111638362,139.64968113752803,153.7181596096313,153.7181596096313,139.64968113752803,35.47616037239517,78.64333587427934,78.64333587427934,107.7558158939386,107.7558158939386,100.8183822803819,117.26605246292011,4.18555685552581,-175.15372077345708,64.57439674609417,100.40270890069448,11.873915503767673,-0.369659423828125,70.24363162477779,0
008330cf-9d1e-41b5-8bcf-7a233788ad3a_delivery_14,164,105.2174378300298,130.71280603974617,130.71280603974617,43.032288282067114,76.5595767620991,76.5595767620991,73.86040944763276,128.46055285699924,167.67768210197775,177.08730273291923,32.18300686630565,51.502148799400835,14.71934309482508,23.54244786363306,32.18300686630565,51.502148799400835,-29.893768310546875,-39.5731201171875,130.71280603974617,76.5595767620991,177.08730273291923,51.502148799400835,78.69313978293427,175.86256845349126,169.86294134469495,5.999627108796318,-95.96283825253626,-0.563115656242644,17.887366477531593,98.74936330613191,98.74936330613191,239.32587432861328,382.3717727661133,64.64423189301088,175.86256845349126,169.86294134469495,57.177449345833246,59.305253062325285,59.305253062325285,141.47176780757403,8.587975499385626,141.47176780757403,141.1830224471491,153.604709780241,153.604709780241,141.1830224471491,55.000726364793636,96.05920242086685,96.05920242086685,91.6966435169762,91.6966435169762,81.71340373501238,100.00521926331434,3.8587604127286066,-176.83915956156892,49.00770223170972,108.98371245500596,10.819873987058712,-0.6266021728515625,74.14676776653202,0
008330cf-9d1e-41b5-8bcf-7a233788ad3a_delivery_14,165,119.8661334136483,142.09394803500913,142.09394803500913,64.607524391316,100.84308330639088,100.84308330639088,78.00549564566816,128.00239659989506,166.07641745087636,178.6609093951997,31.581266708680307,52.52670325391932,13.967676194419296,23.997953293672147,31.581266708680307,52.52670325391932,-30.017852783203125,-41.0426025390625,142.09394803500913,100.84308330639088,178.6609093951997,52.52670325391932,93.34234271837575,174.92874707306785,169.22476696391607,5.703980109151786,-95.72395150608612,-0.9338213804234101,24.392253402715756,108.25111376117437,108.25111376117437,240.19222259521484,382.1440734863281,53.75495013437323,174.92874707306785,169.22476696391607,28.419616171945506,29.167962369721838,29.167962369721838,114.3042516009721,14.426057025690804,114.3042516009721,143.7352396758133,154.19664497834034,154.19664497834034,143.7352396758133,22.510903915295465,73.77042926983158,73.77042926983158,86.74553979239292,86.74553979239292,73.6188451705065,103.4608522652385,3.32770800933962,-179.7756342970507,36.30844226575085,114.5769977215972,9.423474489072177,-0.5206451416015625,70.22110638864264,0
008330cf-9d1e-41b5-8bcf-7a233788ad3a_delivery_14,166,68.58800014221778,167.98338801876542,167.98338801876542,37.54010738343031,103.20270038616216,103.20270038616216,81.45666153584557,127.56331288425916,166.70267978321564,178.9475337066587,31.706742976292084,53.36379434060962,13.707728424079942,24.34653823025527,31.706742976292084,53.36379434060962,-30.73114013671875,-42.571563720703125,167.98338801876542,103.20270038616216,178.9475337066587,53.36379434060962,92.35101450447668,175.1081911274837,169.99585470394425,5.11233642353946,-95.24141617251146,0.17944405441585332,69.73382177502883,107.05806932125559,107.05806932125559,241.47961807250977,382.33619689941406,78.11173230404334,175.1081911274837,169.99585470394425,78.81170081777621,12.124475659901266,78.81170081777621,132.5220657869929,22.153255267075306,132.5220657869929,146.35162832235665,155.76009947755537,155.76009947755537,146.35162832235665,69.66351671844866,71.63923328739887,71.63923328739887,44.09820140302655,44.09820140302655,57.59927459765993,50.11488560325551,3.4498273414101686,-179.32081152612463,75.714162958913,71.34989934466579,9.500844660861455,-1.1148834228515625,78.41836121370444,0
008330cf-9d1e-41b5-8bcf-7a233788ad3a_delivery_14,167,86.5330393816955,181.49666532413096,181.49666532413096,54.48858084266348,94.85732651984422,94.85732651984422,84.63334298612232,127.1901394183202,166.14140279561167,175.81722933413417,32.00551301062962,54.23303334001074,13.864255630618004,24.7868013198622,32.00551301062962,54.23303334001074,-31.38262939453125,-44.272674560546875,181.49666532413096,94.85732651984422,175.81722933413417,54.23303334001074,96.00092770378545,176.59369034675544,170.99141935300116,5.602270993754274,-94.73227777194722,1.4854992192717305,61.235611346419965,97.39434280795851,97.39434280795851,242.49552536010742,382.78063201904297,66.54286550728754,176.59369034675544,170.99141935300116,71.93690957230216,30.3481909804928,71.93690957230216,149.09776195956465,36.95043760495407,149.09776195956465,149.56909467724566,156.60320007219843,156.60320007219843,149.56909467724566,59.231096782417694,62.2179918983606,62.2179918983606,72.44218828767221,72.44218828767221,70.35556699702698,63.80733619333505,3.55083068967593,-178.6328901750423,72.02161703898534,77.29269276542486,9.415252641380718,-1.498138427734375,82.14899625173372,0
008330cf-9d1e-41b5-8bcf-7a233788ad3a_delivery_14,168,149.94935092821544,215.5062063678201,215.5062063678201,95.5863297995482,99.53034431135326,99.53034431135326,89.3486027778017,127.85186136086038,162.5692301694724,170.6534959195021,33.39645274211437,54.74613107215116,14.84683631120603,24.835897712775584,33.39645274211437,54.74613107215116,-33.046295166015625,-45.5850830078125,215.5062063678201,99.53034431135326,170.6534959195021,54.74613107215116,125.0179893070275,177.4987702988461,171.85511441111834,5.6436558877277605,-93.56200503192952,0.9050799520906594,56.588384308079405,132.94732012714857,132.94732012714857,243.41857528686523,383.36534881591797,65.57042364311651,177.4987702988461,171.85511441111834,104.49742196027402,29.444797477162876,104.49742196027402,175.87304214302029,33.24307909469691,175.87304214302029,152.86231709164053,157.19840689824807,157.19840689824807,152.86231709164053,49.835377468843205,55.072163631705244,55.072163631705244,95.8596785436586,95.8596785436586,89.39252470851997,98.2562470218805,3.391993090758558,-177.9835139871726,76.11756628671256,115.39271609909284,8.746834780959558,-1.9964752197265625,99.83948480148895,0
008330cf-9d1e-41b5-8bcf-7a233788ad3a_delivery_14,169,217.61773257975673,215.40078547189336,217.61773257975673,97.56514494002808,126.8488856589724,126.8488856589724,94.10911560949606,127.77279187428475,161.77873345233672,167.0764718374979,35.97985384309227,55.16321419251662,16.587236750661223,25.11133331001943,35.97985384309227,55.16321419251662,-35.884185791015625,-46.817047119140625,215.40078547189336,126.8488856589724,167.0764718374979,55.16321419251662,140.6213310510907,179.25354622565342,173.3479588978839,5.905587327769524,-92.32201489047212,1.7547759268073264,50.273424665659384,136.02201299023423,136.02201299023423,244.37495040893555,383.5661392211914,58.64300338014264,179.25354622565342,173.3479588978839,95.00305850896791,11.508855584299383,95.00305850896791,178.57831500904098,11.020471428097615,178.57831500904098,157.46181537505777,158.82558282593538,158.82558282593538,157.46181537505777,27.538294170842345,48.613185446671764,48.613185446671764,127.08238528719447,127.08238528719447,116.63262848179023,129.08929189897952,3.183913058557902,-177.52959045762037,94.51830042446812,122.75001205835163,8.278085692763588,-2.21466064453125,101.33251387120536,0
008330cf-9d1e-41b5-8bcf-7a233788ad3a_delivery_14,170,243.70618491289824,216.32522195063933,243.70618491289824,104.9408295449733,117.20675689683753,117.20675689683753,96.57851230802197,127.79195948510502,160.7710797831508,163.30509468076875,39.28682065555884,55.28870317341677,18.86249930636624,24.888926512167657,39.28682065555884,55.28870317341677,-39.24884033203125,-47.70599365234375,216.32522195063933,117.20675689683753,163.30509468076875,55.28870317341677,150.3840743377201,-178.62067570635793,174.76866965240055,353.3893453587585,-91.24793198028983,-357.8742219320113,85.71493927428973,134.41051344668261,134.41051344668261,245.6695442199707,384.09989166259766,84.03208303831659,-178.62067570635793,174.76866965240055,89.15921357169086,31.317941864356378,89.15921357169086,165.75820910121087,35.76757910240071,165.75820910121087,161.36016786835273,159.54898201854564,159.54898201854564,161.36016786835273,64.12788933442624,69.92679146640901,69.92679146640901,149.2064739290046,149.2064739290046,141.69735279903287,138.5684235905976,3.2366262634128327,-177.60337315112812,127.43949177447762,124.98985803670257,8.318118772914348,-2.5181884765625,113.19683920556791,0
008330cf-9d1e-41b5-8bcf-7a233788ad3a_delivery_14,171,226.34287177303736,224.81258561748996,226.34287177303736,107.3294842725799,125.30460857149023,125.30460857149023,99.49039097199532,128.0010131688588,156.75944180905773,159.29354974809453,42.13517929191358,55.617332948823915,20.956825468314243,25.05366013543512,42.13517929191358,55.617332948823915,-42.113739013671875,-48.720916748046875,224.81258561748996,125.30460857149023,159.29354974809453,55.617332948823915,151.03883389697654,-176.2854157929496,175.74492023823598,352.0303360311856,-90.19005219505685,2.335259913408322,78.48824348236552,143.95520966489627,143.95520966489627,246.90068435668945,384.6765441894531,81.58302445075661,-176.2854157929496,175.74492023823598,65.02747998838352,43.43599855844394,65.02747998838352,144.2050518422394,24.57039081828648,144.2050518422394,165.2244652989558,159.4942760227132,159.4942760227132,165.2244652989558,47.90266780796873,75.37756220753592,75.37756220753592,152.04061830115572,152.04061830115572,137.63908148950878,147.642424555791,3.076374004474648,-178.84100807999405,116.40725905622868,149.5336684813347,7.771015066257918,-2.53216552734375,108.89601288372643,0
008330cf-9d1e-41b5-8bcf-7a233788ad3a_delivery_14,172,223.65854231795723,253.83677728869654,253.83677728869654,86.40622081434503,142.9608120685876,142.9608120685876,103.85487189011123,128.24942747036027,153.26551741134892,154.80031295218956,45.392185052301066,55.17219967190236,23.288313065966264,24.684645185332695,45.392185052301066,55.17219967190236,-45.390380859375,-49.041229248046875,253.83677728869654,142.9608120685876,154.80031295218956,55.17219967190236,160.2378023102425,-176.37388418249506,175.97543290441672,352.3493170869118,-88.97544780101161,-0.08846838954545433,95.56468628358411,158.9997750882846,158.9997750882846,248.4441795349121,385.2729263305664,99.29832286419402,-176.37388418249506,175.97543290441672,54.25127601615063,30.40948353883273,54.25127601615063,113.99326065318115,13.964269091328621,113.99326065318115,167.6636729312665,161.37129893865793,161.37129893865793,167.6636729312665,65.99668126574689,84.39771162633632,84.39771162633632,144.95428544482039,144.95428544482039,136.6712056238754,149.7170912647979,2.87767206886134,179.02837053710812,126.75331968405129,163.92354752221297,7.190275970812759,-2.28692626953125,110.36995800441927,0
008330cf-9d1e-41b5-8bcf-7a233788ad3a_delivery_14,173,202.32728275623865,249.39238657998857,249.39238657998857,124.6644500058323,160.5816099076596,160.5816099076596,104.23727206423297,127.11340721126412,152.66443009206878,152.55212981647762,47.41617554960234,54.18835429022796,24.710872831815518,24.228360329446076,47.41617554960234,54.18835429022796,-47.415069580078125,-49.0230712890625,249.39238657998857,160.5816099076596,152.55212981647762,54.18835429022796,162.82282534506925,-174.43470122924535,177.05769482592794,351.4923960551733,-88.26206779739647,1.9391829532497127,121.1522963999728,118.81892642072364,121.1522963999728,250.0644302368164,385.74308013916016,101.24144960051355,-174.43470122924535,177.05769482592794,39.439340425634015,25.637579725649186,39.439340425634015,83.94577025962228,1.4032769925764819,83.94577025962228,170.4353531941858,162.78636025929725,162.78636025929725,170.4353531941858,87.32165321621557,79.73477150724119,87.32165321621557,118.09459785157046,118.09459785157046,119.89280005375386,119.70714323967809,2.8807390461054085,179.0470097541774,124.45371347865105,130.37044138668577,7.068543644730163,-1.500335693359375,107.86827868311288,0
008330cf-9d1e-41b5-8bcf-7a233788ad3a_delivery_14,174,158.66683465389366,257.48728320518575,257.48728320518575,106.25620873036121,174.20578835012202,174.20578835012202,105.33611414701788,125.05906121780035,150.2024842372132,151.08514015035408,48.30742468047445,53.47216623786997,25.349811919953964,23.741757692174374,48.30742468047445,53.47216623786997,-48.30706787109375,-49.343658447265625,257.48728320518575,174.20578835012202,151.08514015035408,53.47216623786997,155.55129992385477,-174.37712932091776,177.10715339757556,351.4842827184933,-87.01310549308248,0.05757190832758852,128.86333340374375,107.82835119982225,128.86333340374375,251.43587493896484,386.1435241699219,85.73650676440042,-174.37712932091776,177.10715339757556,67.66329911594143,17.0463414878007,67.66329911594143,73.2968468602825,25.20614576308033,73.2968468602825,170.05374021146162,165.15379298501125,165.15379298501125,170.05374021146162,67.33327840496761,39.471482071298325,67.33327840496761,100.58716247791978,100.58716247791978,115.2165740452699,99.6460419737242,3.117167684455024,-178.69851890097965,144.6086262246976,107.30343284237432,7.653994572158001,-1.138427734375,101.94376610387496,0
008330cf-9d1e-41b5-8bcf-7a233788ad3a_delivery_14,175,88.55722087770907,265.6135970854104,265.6135970854104,42.19185750190659,171.605876430243,171.605876430243,109.39075375138522,124.0714584880737,148.39916133106425,148.13035826393627,48.874775244897364,52.80281714662769,25.498720154174535,23.564058752258557,48.874775244897364,52.80281714662769,-48.78228759765625,-49.477264404296875,265.6135970854104,171.605876430243,148.13035826393627,52.80281714662769,136.7304045828244,-174.84577054783477,176.90098456540466,351.74675511323943,-85.90622001574269,-0.4686412269170148,114.30761345609356,138.10626214558377,138.10626214558377,252.96660614013672,386.6866683959961,97.46990084164291,-174.84577054783477,176.90098456540466,107.37725941069411,19.82683710395466,107.37725941069411,72.07252534903806,42.22202917773711,72.07252534903806,167.801759214519,166.8958363590108,166.8958363590108,167.801759214519,73.9958595031607,63.78362510367976,73.9958595031607,123.17736634401156,123.17736634401156,129.40111254389782,132.60342511904273,3.0221726860921487,-177.46968405603081,134.05852567312306,147.11698146871703,7.376116120866555,-0.9742584228515625,99.97171359543421,0
008330cf-9d1e-41b5-8bcf-7a233788ad3a_delivery_14,176,86.17798789059987,274.38703304295075,274.38703304295075,44.00930220201423,181.06682382794003,181.06682382794003,113.85924057323048,122.8185767199693,145.75647017594454,145.21773860918836,49.051363147077154,51.694792892938466,25.398238215905696,22.998582906150663,49.051363147077154,51.694792892938466,-48.694091796875,-49.132080078125,274.38703304295075,181.06682382794003,145.21773860918836,51.694792892938466,138.19718540700538,-174.78921737722345,177.30137865305372,352.0905960302772,-84.58548892329625,0.05655317061132337,105.00336024891205,138.5386052296153,138.5386052296153,254.3275909423828,387.1186065673828,85.6868078937631,-174.78921737722345,177.30137865305372,67.57309720607822,42.59496128954504,67.57309720607822,38.98855729534054,30.328899170668535,38.98855729534054,166.47372994313852,167.35263780144354,167.35263780144354,166.47372994313852,48.24686953829339,52.64709051343712,52.64709051343712,104.69478263466196,104.69478263466196,117.71193433252083,108.22958916666937,3.116000009192515,-174.535141999938,138.37496611712282,127.67025391881356,7.475502486233449,-0.5022125244140625,92.46354895461626,0
008330cf-9d1e-41b5-8bcf-7a233788ad3a_delivery_14,177,40.19923763632646,265.207910774496,265.207910774496,67.53984611298591,174.3897283831283,174.3897283831283,115.0271324927599,121.46764943750745,145.55323254047835,142.84178951502182,48.84365260790588,51.45127162280911,25.138061062352815,23.2940245885817,48.84365260790588,51.45127162280911,-48.3560791015625,-49.556610107421875,265.207910774496,174.3897283831283,142.84178951502182,51.45127162280911,129.04845767306028,-173.68454973684445,177.9211028490893,351.60565258593374,-83.01213016998649,1.1046676403790059,97.85993587639487,129.09408725503027,129.09408725503027,255.42338943481445,387.4480743408203,68.66647603871829,-173.68454973684445,177.9211028490893,62.60104385171611,76.93352226047969,76.93352226047969,35.98916116524306,22.34672088478248,35.98916116524306,164.71356199929687,166.00209389663527,166.00209389663527,164.71356199929687,19.92868276099692,40.87564946622542,40.87564946622542,145.42345518502216,145.42345518502216,148.31430207850684,149.10800855038283,3.0555923158763325,-172.79485004379416,138.7655830907982,140.66968611887683,7.3574135332564055,-0.8352813720703125,86.08046053565045,0
008330cf-9d1e-41b5-8bcf-7a233788ad3a_delivery_14,178,64.27398305675705,257.99586243877263,257.99586243877263,86.43403934739045,170.03095838034847,170.03095838034847,116.44034856960502,120.51223500582489,145.53132584177172,140.25961874723845,49.26290020257775,51.6788292337555,25.051865170818726,23.681433426039053,49.26290020257775,51.6788292337555,-48.556640625,-50.255767822265625,257.99586243877263,170.03095838034847,140.25961874723845,51.6788292337555,140.66989396805627,-172.55383072905866,178.64336992797294,351.1972006570316,-80.71907005789186,1.1307190077857854,122.1343751759123,143.15014540915675,143.15014540915675,256.63027572631836,387.7162170410156,74.19087231340797,-172.55383072905866,178.64336992797294,102.33930575610813,99.78158164830218,102.33930575610813,40.043418999769635,12.797918761952689,40.043418999769635,161.02332654817235,163.09548604576565,163.09548604576565,161.02332654817235,14.639226406521447,27.39171029833553,27.39171029833553,168.33217650163965,168.33217650163965,169.54311099641444,167.46702459668396,3.083035263970013,-172.18663446338797,163.77290954185503,157.4930036619672,7.452310243506349,-1.131072998046875,95.08437713994392,0
008330cf-9d1e-41b5-8bcf-7a233788ad3a_delivery_14,179,41.84035683082607,132.77679375645832,132.77679375645832,32.28218085390956,81.14850613429552,81.14850613429552,117.69726285765967,120.8022033065693,145.57318375398376,137.8635359364307,49.446276847987846,51.617436021414676,24.948743876446986,23.89154747647514,49.446276847987846,51.617436021414676,-48.517425537109375,-50.3524169921875,132.77679375645832,81.14850613429552,137.8635359364307,51.617436021414676,72.49001197586301,-171.98029327074943,179.17576399713164,351.15605726788107,-79.82694777222603,0.5735374583092323,55.08361416722573,91.80862011246289,91.80862011246289,257.3881301879883,388.03890228271484,49.42951579108222,-171.98029327074943,179.17576399713164,45.79178106326205,73.90467707253825,73.90467707253825,29.142141893641416,7.545605430079016,29.142141893641416,159.84854775859722,160.9468403686634,160.9468403686634,159.84854775859722,16.371494837642306,38.568387415823295,38.568387415823295,91.76026555769457,91.76026555769457,87.86628087001502,95.25781244870713,2.9578611054787123,-172.21550503925354,72.54253697869076,97.33720340693942,7.030260422065706,-0.5615234375,53.85534663068037,0
008330cf-9d1e-41b5-8bcf-7a233788ad3a_delivery_14,180,129.33598195340306,147.20846874358512,147.20846874358512,86.88068165103755,96.69906073794562,96.69906073794562,116.93440381332711,119.98385962625005,144.41762058764348,136.82581416534714,48.835549386670316,51.58812375565344,24.812863539131964,24.215433646320736,48.835549386670316,51.58812375565344,-48.131866455078125,-50.59686279296875,147.20846874358512,96.69906073794562,136.82581416534714,51.58812375565344,99.32435248065751,-169.5531396703975,-179.28815705979076,9.73501738939325,-78.58852135197,2.4271536003519145,67.37504839886935,68.44687339910438,68.44687339910438,257.90871810913086,388.2632141113281,34.01694479595852,-169.5531396703975,-179.28815705979076,17.819200742348873,53.05890325674151,53.05890325674151,11.736492916914468,20.172010490681426,20.172010490681426,160.48294417057681,158.81191512269828,158.81191512269828,160.48294417057681,7.714245602404185,20.830323110466328,20.830323110466328,71.11551101242691,71.11551101242691,76.84131887980305,63.66757053192615,3.1814113148506142,-171.4910570044034,88.28651585583992,61.07001287557918,7.476468847312549,-0.4631805419921875,60.60644091695849,0
