video_id,frame_no,left_wrist_speed,right_wrist_speed,wrist_speed_max,left_elbow_speed,right_elbow_speed,elbow_speed_max,left_elbow_angle,right_elbow_angle,left_elbow_joint_angle,right_elbow_joint_angle,left_arm_length,right_arm_length,left_forearm_length,right_forearm_length,left_shoulder_wrist_dist,right_shoulder_wrist_dist,left_wrist_height_rel,right_wrist_height_rel,bat_arm_wrist_speed,bat_arm_elbow_speed,bat_arm_elbow_angle,bat_arm_extension,arm_activity_score,shoulder_line_angle,hip_line_angle,hip_shoulder_separation,trunk_lean,shoulder_rotation_change,left_shoulder_speed,right_shoulder_speed,shoulder_speed_max,body_center_x,body_center_y,body_center_speed,upper_body_rotation,lower_body_rotation,left_knee_speed,right_knee_speed,knee_speed_max,left_ankle_speed,right_ankle_speed,ankle_speed_max,left_knee_angle,right_knee_angle,front_knee_angle,back_knee_angle,left_hip_speed,right_hip_speed,hip_speed_max,head_movement,head_speed,left_eye_speed,right_eye_speed,eye_separation,head_orientation_angle,left_ear_speed,right_ear_speed,ear_separation,wrist_height_change,pose_activity_score,impact_like_frame_flag
1bb571ba-dc23-4fcb-9e77-70746e566ce1_delivery_2,0,0.0,0.0,0.0,0.0,0.0,0.0,73.07497686151613,96.5646848360991,163.34358496894515,166.7488607016321,23.879955531742667,22.964807993187332,11.04681328908182,10.464447572742541,23.879955531742667,22.964807993187332,-23.565704345703125,-22.41522216796875,0.0,0.0,166.7488607016321,22.964807993187332,0.0,178.3914408613501,-179.3646263018542,357.7560671632043,-87.07617249437767,0.0,0.0,0.0,0.0,344.67691802978516,313.4003219604492,0.0,178.3914408613501,-179.3646263018542,0.0,0.0,0.0,0.0,0.0,0.0,178.43665125593148,176.52732781721954,176.52732781721954,178.43665125593148,0.0,0.0,0.0,0.0,0.0,0.0,0.0,1.60810636892286,179.44980692881725,0.0,0.0,4.7869074651268075,0.0,0.0,0
1bb571ba-dc23-4fcb-9e77-70746e566ce1_delivery_2,1,0.41880807051254526,1.510085564896041,1.510085564896041,0.31070058261281197,0.4822377060432716,0.4822377060432716,73.06928056409487,96.66705878876077,163.35615048489294,166.8615259372206,23.880192199869366,23.01375644057716,11.044541509784016,10.499028703242775,23.880192199869366,23.01375644057716,-23.5650634765625,-22.45782470703125,1.510085564896041,0.4822377060432716,166.8615259372206,23.01375644057716,0.6145704189426867,178.34947671851023,-179.4004080141516,357.7498847326618,-87.08828157012312,-0.041964142839873375,0.25702674588112207,0.708563843710329,0.708563843710329,344.69432067871094,313.41857147216797,0.7542686900131739,178.34947671851023,-179.4004080141516,1.8280757640133065,2.2308382407437004,2.2308382407437004,2.5233393676702893,3.565709106844194,3.565709106844194,178.36869319905125,176.52328017229453,176.52328017229453,178.36869319905125,1.043847440048434,1.281879697205356,1.281879697205356,0.0767850576507414,0.0767850576507414,0.17181303936910394,0.05404913630953404,1.600765169941653,179.40031201851332,0.13443197123682557,0.47392335325212087,4.767567650784649,-0.0237274169921875,1.3467593441817833,0
1bb571ba-dc23-4fcb-9e77-70746e566ce1_delivery_2,2,0.28215437255968,0.9320878918596768,0.9320878918596768,0.35683130927266266,0.4507957359282055,0.4507957359282055,73.08645041043644,96.71363178410664,163.34976713627194,166.8789558383814,23.889932803454542,23.043771099627204,11.043024333731994,10.516331206525384,23.889932803454542,23.043771099627204,-23.57574462890625,-22.4835205078125,0.9320878918596768,0.4507957359282055,166.8789558383814,23.043771099627204,0.42908418677889565,178.32248458704768,-179.44380084075763,357.7662854278053,-87.1153552016166,-0.026992131462549196,0.15962784253509066,0.3930079685180587,0.3930079685180587,344.7083435058594,313.4318084716797,0.5767946282407433,178.32248458704768,-179.44380084075763,1.3440519250274054,2.0092809817969597,2.0092809817969597,1.9233013576343723,3.122388264782519,3.122388264782519,178.27667733129098,176.52824751270572,176.52824751270572,178.27667733129098,0.8121186989207682,1.0826002152317529,1.0826002152317529,0.0925506258464975,0.0925506258464975,0.11974937012343938,0.0959541895336794,1.5971688323337851,179.38363404527846,0.10794786019335345,0.3050769452423839,4.756981224362271,-0.01947021484375,1.0723538803389292,0
1bb571ba-dc23-4fcb-9e77-70746e566ce1_delivery_2,3,0.6168428478429424,1.2058535865496962,1.2058535865496962,0.8945014853554907,0.46944793265544177,0.8945014853554907,73.29553562530344,96.82487839019228,163.62521850340238,166.95183509222096,23.91985384836115,23.103344934826872,11.042297057628092,10.551519051409688,23.91985384836115,23.103344934826872,-23.610382080078125,-22.534271240234375,1.2058535865496962,0.46944793265544177,166.95183509222096,23.103344934826872,0.8528801503775455,178.28694166899777,-179.51016199748827,357.797103666486,-87.09157388743284,-0.03554291804991294,0.6932402298219511,1.2373948200397509,1.2373948200397509,344.7294158935547,313.4505615234375,0.8437495407934724,178.28694166899777,-179.51016199748827,2.9285341104053044,4.106214874544464,4.106214874544464,3.6478626946146298,5.903421162841995,5.903421162841995,178.19156282233203,176.4507762189778,176.4507762189778,178.19156282233203,1.4166351753123045,1.80642989367344,1.80642989367344,0.07343482374947104,0.07343482374947104,0.2283315264582057,0.0555693747229703,1.5886040201743448,179.2570270808687,0.3166310629780476,0.6172088061022799,4.735350049680035,-0.028717041015625,2.077198234471451,0
1bb571ba-dc23-4fcb-9e77-70746e566ce1_delivery_2,4,0.3745757532004982,0.7621923865068301,0.7621923865068301,1.2769835909013534,1.515120418482896,1.515120418482896,73.47467647810949,96.99206178441186,163.9630888272591,166.97572659384392,23.945072966500803,23.163038026101628,11.05167106618138,10.591922222595443,23.945072966500803,23.163038026101628,-23.637054443359375,-22.577789306640625,0.7621923865068301,1.515120418482896,166.97572659384392,23.163038026101628,1.2263006762129285,178.26465383212317,-179.51515227550476,357.7798061076279,-87.02472208246995,-0.022287836874596678,0.6835686841391585,2.7453632240468346,2.7453632240468346,344.75616455078125,313.4538879394531,0.8062453014622265,178.26465383212317,-179.51515227550476,2.366669670076428,2.9516690848490925,2.9516690848490925,3.7982392016355218,4.218711905708088,4.218711905708088,178.01177579892868,176.72490419685786,176.72490419685786,178.01177579892868,1.01518046120031,1.526729258051754,1.526729258051754,0.29878070191835054,0.29878070191835054,0.401308638135899,0.424616023097535,1.5697219450458972,179.078757023157,0.21240365297334182,1.4072707473587411,4.686485463362345,-0.0135040283203125,1.93625030323323,0
1bb571ba-dc23-4fcb-9e77-70746e566ce1_delivery_2,5,1.3360098733437178,0.4889025938844938,1.3360098733437178,0.4653647264570547,1.3859845717886545,1.3859845717886545,73.49282188273222,97.15109505799042,163.67579756418652,166.97931926690552,23.95134574720794,23.207150980062337,11.056391829149524,10.624287612476785,23.95134574720794,23.207150980062337,-23.653045654296875,-22.6058349609375,0.4889025938844938,1.3859845717886545,166.97931926690552,23.207150980062337,1.1177968443087976,178.287853442328,-179.43098187087455,357.71883531320253,-86.95999191842081,0.02319961020481287,0.5304209650209765,2.5000983353578876,2.5000983353578876,344.79095458984375,313.4571075439453,1.045055761278926,178.287853442328,-179.43098187087455,1.3088953327334165,1.6137465564970888,1.6137465564970888,2.2309387115817936,1.0148705725996465,2.2309387115817936,177.98291886190253,176.84145460399398,176.84145460399398,177.98291886190253,0.6753647239722291,1.3757685802032729,1.3757685802032729,0.4638187553041423,0.4638187553041423,0.3720435363473949,0.49736360777815086,1.5549510092718646,178.9451678483969,0.2522278345656826,1.2988935102230428,4.651043972179985,-0.0115814208984375,1.243863795286686,0
1bb571ba-dc23-4fcb-9e77-70746e566ce1_delivery_2,6,2.4104895161377438,2.469478077803365,2.469478077803365,0.6453292688219779,2.641345674777672,2.641345674777672,73.5147162684457,97.08065519593802,163.17239319234378,166.69200145886754,23.92734696043319,23.161376052457705,11.043196369379993,10.586350507263173,23.92734696043319,23.161376052457705,-23.645233154296875,-22.556793212890625,2.469478077803365,2.641345674777672,166.69200145886754,23.161376052457705,1.8482060408370444,178.28520815892014,-179.35591443035042,357.6411225892706,-86.85981509513968,-0.00264528340784409,0.7504250434333373,2.1721686640481725,2.1721686640481725,344.8177490234375,313.4641342163086,0.8285520704497621,178.28520815892014,-179.35591443035042,1.022504462400397,1.6887199726056632,1.6887199726056632,1.2339132845035063,1.5907915591812765,1.5907915591812765,177.98903266615636,176.97301528047234,176.97301528047234,177.98903266615636,0.7586245655497864,0.7719307431827033,0.7719307431827033,0.6578889434888938,0.6578889434888938,0.6523128769473642,0.5766463130502967,1.5608280024747319,178.85502118490547,1.0224637169567814,0.6383293023589518,4.666367954737746,0.0313873291015625,1.5129767360371336,0
1bb571ba-dc23-4fcb-9e77-70746e566ce1_delivery_2,7,2.202133774999034,2.5038863525702926,2.5038863525702926,0.7126350252078046,2.9004089539163136,2.9004089539163136,73.52526469283724,97.01460465446084,162.7035170734663,166.30212689828997,23.897212506874713,23.110136752578015,11.030980701408136,10.552198131867625,23.897212506874713,23.110136752578015,-23.629364013671875,-22.497528076171875,2.5038863525702926,2.9004089539163136,166.30212689828997,23.110136752578015,1.919800024625598,178.27556903586589,-179.25410933325588,357.52967836912177,-86.72686140181634,-0.009639123054256515,0.7819501263932144,2.417785914666929,2.417785914666929,344.8417053222656,313.4679870605469,0.7257678136377823,178.27556903586589,-179.25410933325588,1.1760303564794043,1.0548134091684414,1.1760303564794043,1.3359634090048207,1.250325092597114,1.3359634090048207,178.00125651868754,177.0619665513239,177.0619665513239,178.00125651868754,0.9527568263851354,0.4846601061289573,0.9527568263851354,0.6831571669609557,0.6831571669609557,0.6357840528124779,0.6605685149296727,1.5641693629996372,178.72441194527192,0.9275943945913611,0.7685675244869703,4.675606277864094,0.0438232421875,1.481112445626455,0
1bb571ba-dc23-4fcb-9e77-70746e566ce1_delivery_2,8,2.0068952978276746,2.8402670393437295,2.8402670393437295,2.098466557679944,2.4018997203430077,2.4018997203430077,73.70808424186319,96.9310015689579,162.27686786385436,165.94302060680997,23.84533970437783,23.034728312148,10.976965743129542,10.50322697075532,23.84533970437783,23.034728312148,-23.599395751953125,-22.417877197265625,2.8402670393437295,2.4018997203430077,165.94302060680997,23.034728312148,2.286098773553562,178.41474017957583,-179.0738511379985,357.48859131757433,-86.57590943701388,0.13917114370994454,2.643672093048395,1.7253919330786227,2.643672093048395,344.88124084472656,313.47096252441406,1.185896270376113,178.41474017957583,-179.0738511379985,0.34497768248711586,2.298886657708732,2.298886657708732,2.093786274126088,4.848967574562292,4.848967574562292,178.34114359821777,176.95087110659279,176.95087110659279,178.34114359821777,0.5324114710896805,0.5029511649070342,0.5324114710896805,2.026599329645016,2.026599329645016,2.4250103671095697,1.5429339928012311,1.5936534249857057,178.68107032053064,3.0619639738235134,0.8034126186707786,4.752688350334719,0.043975830078125,2.0282144555168595,0
1bb571ba-dc23-4fcb-9e77-70746e566ce1_delivery_2,9,1.9774155552834924,2.3052788182198984,2.3052788182198984,2.900780096764155,1.176876723494459,2.900780096764155,73.90169117199846,96.81787115374587,161.75202653275207,165.69906541048852,23.802689043636356,22.965250587870493,10.914266552055247,10.449748223562544,23.802689043636356,22.965250587870493,-23.58001708984375,-22.3519287109375,2.3052788182198984,1.176876723494459,165.69906541048852,22.965250587870493,1.9709364472103887,178.54825097635896,-178.94427799304597,357.49252896940493,-86.482181401664,0.13351079678312772,3.1014846281772854,0.36378286132304155,3.1014846281772854,344.91832733154297,313.4731979370117,1.1113118168455995,178.54825097635896,-178.94427799304597,0.15705194877624792,1.3954819956423339,1.3954819956423339,1.8058952158064774,2.7604652184447054,2.7604652184447054,178.68704397572913,176.86958265040514,176.86958265040514,178.68704397572913,1.43445773760522,0.5558474189364081,1.43445773760522,1.8967631690852804,1.8967631690852804,2.3354548002738706,1.303235256913349,1.6286979917800173,178.67938659141086,2.9935264761957727,0.15143104094468088,4.850112449652623,0.0338287353515625,1.6612348515394768,0
1bb571ba-dc23-4fcb-9e77-70746e566ce1_delivery_2,10,1.381178492286735,2.8860091760613433,2.8860091760613433,1.389219373558711,1.0755990928787051,1.389219373558711,74.2474738825447,96.75951055172432,161.84721406764004,165.54549706834038,23.751317538891225,22.876013750149884,10.840687941636595,10.387793866074015,23.751317538891225,22.876013750149884,-23.543914794921875,-22.265411376953125,2.8860091760613433,1.0755990928787051,165.54549706834038,22.876013750149884,1.5711423045992874,178.6187392387578,-178.94904489912324,357.56778413788106,-86.3603825726516,0.07048826239883965,2.432348676647244,0.26249901616298815,2.432348676647244,344.93741607666016,313.45394134521484,0.8110254044450799,178.6187392387578,-178.94904489912324,2.132174228497286,1.5007482091743032,2.132174228497286,3.3885393449740193,1.3735158454134555,3.3885393449740193,178.94765779200463,177.0517481887,177.0517481887,178.94765779200463,1.2973770973545764,1.4922949162951902,1.4922949162951902,2.0286540258216514,2.0286540258216514,2.5095358269722134,1.3180698801798802,1.669222911037971,178.65382523347722,3.213940983419091,0.1988114580630993,4.961924081701033,0.06103515625,1.717625289108713,0
1bb571ba-dc23-4fcb-9e77-70746e566ce1_delivery_2,11,0.30059902603483846,1.0855443848326998,1.0855443848326998,1.424359517175227,1.7695960221085825,1.7695960221085825,74.58991302711067,96.68082183871861,162.11078628660448,165.14436309076711,23.74448669542955,22.877807606216543,10.795871038760128,10.41299669053456,23.74448669542955,22.877807606216543,-23.547698974609375,-22.256622314453125,1.0855443848326998,1.7695960221085825,165.14436309076711,22.877807606216543,1.307181821633787,178.73802284412798,-178.9163159474278,357.6543387915558,-86.2750317638838,0.11928360537018534,2.1384023285616958,1.124589651089679,2.1384023285616958,344.9709167480469,313.4184265136719,1.460324144752736,178.73802284412798,-178.9163159474278,2.0398245253841547,1.5371071322306724,2.0398245253841547,2.7931216454107926,1.0676475671622538,2.7931216454107926,179.19087624770668,177.12021334490976,177.12021334490976,179.19087624770668,1.932081080830647,1.816708397900829,1.932081080830647,1.5358281100585125,1.5358281100585125,1.7857884912764863,1.2087288181626712,1.6888996554474551,178.62808808271643,2.4334213457608542,0.7019031536254009,5.019865352369396,0.0152740478515625,1.585798439893506,0
1bb571ba-dc23-4fcb-9e77-70746e566ce1_delivery_2,12,0.8064048278074907,0.1992468518680348,0.8064048278074907,2.3286950171339638,1.2973928322126083,2.3286950171339638,74.96916635961622,96.62177671055906,162.35122338105538,164.8318863666682,23.7268107936734,22.875690848847167,10.742260122443852,10.429302784614341,23.7268107936734,22.875690848847167,-23.542755126953125,-22.24615478515625,0.1992468518680348,1.2973928322126083,164.8318863666682,22.875690848847167,1.3733131009082185,178.85089423634338,-178.8610888440762,357.7119830804196,-86.19176395527457,0.11287139221539633,2.7115845843413666,0.8965544920858464,2.7115845843413666,345.0124969482422,313.41210174560547,1.258016422696842,178.85089423634338,-178.8610888440762,1.479031419714214,1.275924144472622,1.479031419714214,2.608901650311777,1.565636452801556,2.608901650311777,179.39426744998985,177.1288719947933,177.1288719947933,179.39426744998985,1.5933277952352953,1.0214873779907003,1.5933277952352953,1.3864606275350335,1.3864606275350335,1.6531028037711268,1.0488737725483597,1.7095117469160086,178.53618063361952,2.480007177149064,0.7446355742783501,5.080697025231298,-0.0094451904296875,1.482015620497956,0
1bb571ba-dc23-4fcb-9e77-70746e566ce1_delivery_2,13,0.44468243221314896,1.1761610696378344,1.1761610696378344,0.3888635063532631,3.463721266118632,3.463721266118632,75.05395866187865,96.4226415346208,162.40146216583165,164.21545603858013,23.7407856466875,22.906736375263304,10.750134774830117,10.463232453044196,23.7407856466875,22.906736375263304,-23.559906005859375,-22.2681884765625,1.1761610696378344,3.463721266118632,164.21545603858013,22.906736375263304,1.3811621233447708,178.72700484982252,-178.95337255525905,357.6803774050816,-86.1554358369939,-0.12388938652085812,0.669486229339959,2.1440582364057885,2.1440582364057885,345.04647064208984,313.3902053833008,1.2089655204214667,178.72700484982252,-178.95337255525905,0.7409955917394623,1.344839327966981,1.344839327966981,1.737147520427675,3.232667016112013,3.232667016112013,179.29355689735024,177.34337896555817,177.34337896555817,179.29355689735024,1.2682786115169051,1.6425462361156353,1.6425462361156353,0.20947067391893365,0.20947067391893365,0.18746741624470534,0.26207968331869397,1.7050546907232493,178.38360236443907,0.6217235659247833,0.924903312607061,5.066904378798526,-0.0110015869140625,1.5211205869956081,0
1bb571ba-dc23-4fcb-9e77-70746e566ce1_delivery_2,14,1.0670460712392642,1.6018476721326567,1.6018476721326567,1.9711247597017298,3.9948739221367338,3.9948739221367338,75.15503187627594,96.18441460219157,162.60238464712086,163.52545410147607,23.755715072045053,22.91295771119287,10.774974024321542,10.482731838647343,23.755715072045053,22.91295771119287,-23.576080322265625,-22.266815185546875,1.6018476721326567,3.9948739221367338,163.52545410147607,22.91295771119287,2.1092694594983348,178.55299089281465,-179.05313050926566,357.6061214020803,-86.09180634851067,-0.17401395700787248,1.511683770584818,2.509040561194805,2.509040561194805,345.07286071777344,313.3660888671875,1.0693143033059351,178.55299089281465,-179.05313050926566,1.471943669775298,3.0457542296148166,3.0457542296148166,6.573037586670993,7.108610013352028,7.108610013352028,178.85903595928522,177.51520413225322,177.51520413225322,178.85903595928522,0.8104158105310417,1.2625951700859603,1.2625951700859603,0.417596684130712,0.417596684130712,0.3194435439400261,0.3629757227658895,1.7031728952130287,178.19899437073636,0.6438459437126206,0.5538042349217766,5.0612192765423,0.027252197265625,2.743997769751678,0
1bb571ba-dc23-4fcb-9e77-70746e566ce1_delivery_2,15,0.5976346046270405,2.324704695664693,2.324704695664693,1.793403105833861,3.9918145177650044,3.9918145177650044,75.24918532699509,95.91247300246646,162.82543707407592,162.90444018584125,23.782990574601598,22.987973177343733,10.80785609970754,10.532799277211005,23.782990574601598,22.987973177343733,-23.603729248046875,-22.33837890625,2.324704695664693,3.9918145177650044,162.90444018584125,22.987973177343733,2.0523279773928094,178.35700823478476,-179.12155430177245,357.4785625365572,-86.05403144449377,-0.1959826580298909,1.4125190188078915,2.193891921658364,2.193891921658364,345.09737396240234,313.3671569824219,0.7339144232242074,178.35700823478476,-179.12155430177245,3.6203037515219156,4.08364949695602,4.08364949695602,7.956868717278781,7.143420966340899,7.956868717278781,178.38383754987873,177.4983550007556,177.4983550007556,178.38383754987873,0.8675071922180674,1.6289905561606353,1.6289905561606353,0.4992030321686224,0.4992030321686224,0.4964514101362306,0.35630202002340483,1.695469726191419,178.02055231361527,0.552868360499309,0.6821245394463982,5.038421683447525,-0.02032470703125,3.134559045402765,0
1bb571ba-dc23-4fcb-9e77-70746e566ce1_delivery_2,16,1.997109210502312,2.253668134308472,2.253668134308472,3.68507107744579,2.742664041564951,3.68507107744579,75.10420108295351,95.7007674039944,162.75596393229128,162.60936338466155,23.78816141342623,23.004947543179668,10.864714418952863,10.538625938940097,23.78816141342623,23.004947543179668,-23.605010986328125,-22.362701416015625,2.253668134308472,2.742664041564951,162.60936338466155,23.004947543179668,2.371947772443206,178.07261875772818,-179.25323567601308,357.32585443374126,-86.02653427858753,-0.28438947705657824,2.0961837703198842,1.4569904005178267,2.0961837703198842,345.10215759277344,313.3608703613281,0.23628789424069538,178.07261875772818,-179.25323567601308,3.166701917502656,3.919948158542674,3.919948158542674,7.692657212916087,6.705205564682657,7.692657212916087,177.95149025206635,177.5895819778883,177.5895819778883,177.95149025206635,1.0204051812083963,1.2822404005930341,1.2822404005930341,0.3281465444891511,0.3281465444891511,0.308613852900426,0.35431337695911885,1.6947450748473116,177.8689751811367,0.5352817944568994,0.1749273801760113,5.032102963088036,0.0281219482421875,3.168237089175395,0
1bb571ba-dc23-4fcb-9e77-70746e566ce1_delivery_2,17,3.3481571578451317,3.7933177789433614,3.7933177789433614,3.524220944824108,4.72422297255615,4.72422297255615,75.07628714527857,95.49095628735141,162.74159223318372,162.39379600328365,23.772452277173453,23.09703430228796,10.870015517382978,10.625138608820773,23.772452277173453,23.09703430228796,-23.588775634765625,-22.459869384765625,3.7933177789433614,4.72422297255615,162.39379600328365,23.09703430228796,3.6639028280667905,177.87784503503116,-179.29728017200688,357.17512520703804,-86.05143288987915,-0.19477372269702187,2.9679606213888996,3.6255374928430917,3.6255374928430917,345.1350326538086,313.3051528930664,1.9350453709007354,177.87784503503116,-179.29728017200688,2.1538298635593254,0.7578377426290721,2.1538298635593254,5.251188374265109,4.0799909357762365,5.251188374265109,178.20233510723497,177.42451293754075,177.42451293754075,178.20233510723497,1.4801346360910952,3.0091381869042304,3.0091381869042304,2.140556210621919,2.140556210621919,1.8297197680717463,1.534144805021037,1.712535595447785,177.69596410628355,0.2899377145587602,0.6289905246207402,5.046143576232348,0.02850341796875,3.226294725635485,0
1bb571ba-dc23-4fcb-9e77-70746e566ce1_delivery_2,18,2.8728819531210323,4.452657842771753,4.452657842771753,2.260803386101377,1.688283001497365,2.260803386101377,74.99686186878445,95.408250466573,162.59872454299537,162.90288485078432,23.719387602360126,23.129333110125316,10.85319429073442,10.652172524566211,23.719387602360126,23.129333110125316,-23.535552978515625,-22.5191650390625,4.452657842771753,1.688283001497365,162.90288485078432,23.129333110125316,2.314781394943113,177.767110079386,-179.31539473042722,357.0825048098132,-86.1689210026008,-0.11073495564517088,1.5516191597089974,1.062443026458153,1.5516191597089974,345.15587615966797,313.2878875732422,0.8095604821690746,177.767110079386,-179.31539473042722,1.352699852002023,0.39437836898761125,1.352699852002023,5.3261103556187015,4.246250987179324,5.3261103556187015,178.46997830398547,177.298592601343,177.298592601343,178.46997830398547,0.739290048605547,2.0926685199574333,2.0926685199574333,1.7325730240363604,1.7325730240363604,1.5869467897136256,1.360649691494015,1.7286016566747338,177.64551247615276,0.6613230230757853,1.1715553842728132,5.065199312090344,0.0211639404296875,2.336673875167443,0
1bb571ba-dc23-4fcb-9e77-70746e566ce1_delivery_2,19,2.398119990123075,4.840055485965233,4.840055485965233,1.0412435558392994,1.159559014294898,1.159559014294898,74.91542561812143,95.34117475598002,162.3582779067814,163.55995846069214,23.637758924205205,23.149349006894532,10.818267753696567,10.676694899162305,23.637758924205205,23.149349006894532,-23.455902099609375,-22.57037353515625,4.840055485965233,1.159559014294898,163.55995846069214,23.149349006894532,1.790350537040821,177.78376457194955,-179.22575068522835,357.0095152571779,-86.3233854855329,0.016654492563560552,0.7163504933734579,0.586774682648963,0.7163504933734579,345.1907501220703,313.2489318847656,1.563908194676168,177.78376457194955,-179.22575068522835,3.6309523272949114,6.078566614362756,6.078566614362756,4.062866980524385,6.744873339569121,6.744873339569121,179.13708431630445,176.96752804971806,176.96752804971806,179.13708431630445,2.9943936717637247,3.734570108765443,3.734570108765443,2.1920727041884835,2.1920727041884835,2.0396711346709737,1.9067605685514366,1.7362406980047012,177.6185838882532,1.291262987591573,1.5187690282181079,5.063747150195193,0.00518798828125,3.1656938553771057,0
1bb571ba-dc23-4fcb-9e77-70746e566ce1_delivery_2,20,2.6638496320394545,5.691979282796757,5.691979282796757,2.0346482109356296,2.915333138882761,2.915333138882761,74.9536514364377,95.31439171357718,162.17557905534667,164.41415925077342,23.53697323779547,23.05271215166286,10.81361191553845,10.642603382987918,23.53697323779547,23.05271215166286,-23.363433837890625,-22.511505126953125,5.691979282796757,2.915333138882761,164.41415925077342,23.05271215166286,2.419310202152217,177.9405650127719,-179.01905449715846,356.95961950993035,-86.3797953795716,0.15680044082236577,0.9091679363069262,0.30088301195177364,0.9091679363069262,345.2178726196289,313.19327545166016,1.8518992386589133,177.9405650127719,-179.01905449715846,4.31714631567202,7.801860114354278,7.801860114354278,4.838068429395626,10.458505983727548,10.458505983727548,179.47479335328458,176.7843609428417,176.7843609428417,179.47479335328458,3.446300515344091,3.975745483167742,3.975745483167742,2.040480646001586,2.040480646001586,1.8396222391202361,1.3935729804333987,1.7649570138819826,177.5443139735113,0.7566658848949336,1.3626763766456285,5.127761006963586,0.07147216796875,4.11279067121455,0
1bb571ba-dc23-4fcb-9e77-70746e566ce1_delivery_2,21,1.9937594726520695,5.362898553393006,5.362898553393006,2.1055974745130612,2.088994993084673,2.1055974745130612,75.29445785417128,95.31492555226227,162.49787529959377,165.57903958449475,23.489532526547908,23.033708025059614,10.758357107142887,10.639336627822129,23.489532526547908,23.033708025059614,-23.324859619140625,-22.5369873046875,5.362898553393006,2.088994993084673,165.57903958449475,23.033708025059614,2.2032775478113313,178.13675848200666,-178.84284470923996,356.9796031912466,-86.60096754212594,0.19619346923474268,0.6361561421704095,1.0322586510547684,1.0322586510547684,345.26026916503906,313.13922119140625,2.054815892615257,178.13675848200666,-178.84284470923996,3.942427268622517,7.221436441502148,7.221436441502148,5.9642644604232915,7.069481420292527,7.069481420292527,179.8147134069105,176.32584362444885,176.32584362444885,179.8147134069105,4.34471754923375,4.202543492624597,4.34471754923375,1.9063908409157446,1.9063908409157446,1.586845713769974,1.1173393423825468,1.791218431028881,177.3106485081347,0.2621941133322661,1.742100809905679,5.176969504530159,0.007720947265625,3.830377993297235,0
1bb571ba-dc23-4fcb-9e77-70746e566ce1_delivery_2,22,0.3357273775748538,5.635474232402369,5.635474232402369,0.46911590566420364,3.007639644534705,3.007639644534705,75.66944617983474,95.33036433970778,162.97520764932995,166.80870412315434,23.466258360088773,22.891525324449642,10.77717180173669,10.521572235265305,23.466258360088773,22.891525324449642,-23.31060791015625,-22.443756103515625,5.635474232402369,3.007639644534705,166.80870412315434,22.891525324449642,2.4521549650189844,178.27167963122906,-178.78249821400465,357.0541778452337,-86.67120574081702,0.13492114922240717,2.657025462065466,2.607947167872311,2.657025462065466,345.2766876220703,313.11436462402344,0.8910376194369648,178.27167963122906,-178.78249821400465,3.950878122373871,3.888772303272985,3.950878122373871,2.9655518597147377,5.515667230552121,5.515667230552121,179.82503227561904,176.41373057627627,176.41373057627627,179.82503227561904,3.321458110641007,2.185038293058576,3.321458110641007,0.3554497672600784,0.3554497672600784,0.5670051320881032,0.35071585770115987,1.8007085885326612,177.079842523701,1.110744422027137,0.99499062100686,5.225504690179208,0.0413818359375,3.045024642477267,0
1bb571ba-dc23-4fcb-9e77-70746e566ce1_delivery_2,23,0.4342563609902258,4.302689669892851,4.302689669892851,0.849124602527566,1.828594387375225,1.828594387375225,76.09012320243477,95.24810716687429,163.56352131510292,167.2211735018258,23.47108248712124,22.79711501418084,10.805670620441816,10.460708772932533,23.47108248712124,22.79711501418084,-23.32366943359375,-22.3726806640625,4.302689669892851,1.828594387375225,167.2211735018258,22.79711501418084,1.7557484008109474,178.38004775201688,-178.6739037718267,357.0539515238436,-86.6397939887057,0.10836812078781577,2.3972903051780614,0.7225350789017552,2.3972903051780614,345.30397033691406,313.08274841308594,1.2491006278141261,178.38004775201688,-178.6739037718267,2.7904522363870776,3.5627756960703385,3.5627756960703385,2.01411937282583,5.688378342833154,5.688378342833154,179.3629076381273,176.31099688756353,176.31099688756353,179.3629076381273,2.1386431195397444,1.8567154466866085,2.1386431195397444,0.5361955299336782,0.5361955299336782,0.32389503536975234,0.36166028071328316,1.819291857299572,176.7555018645507,1.3407028670075023,0.9857916780883215,5.2874710117334836,0.039093017578125,2.38213121826737,0
1bb571ba-dc23-4fcb-9e77-70746e566ce1_delivery_2,24,0.8583476354339207,2.7008692531667564,2.7008692531667564,0.7112586864161982,0.36009831521446756,0.7112586864161982,76.50486805437525,95.13396781873456,164.0956472511402,167.61410171354194,23.493358832655307,22.770235013998462,10.826525370688255,10.418817919013902,23.493358832655307,22.770235013998462,-23.354156494140625,-22.369415283203125,2.7008692531667564,0.36009831521446756,167.61410171354194,22.770235013998462,1.3014430132504293,178.40090788513336,-178.64892085402948,357.0498287391629,-86.63736530918423,0.020860133116485713,2.1312142333057427,1.0468699559654897,2.1312142333057427,345.3202590942383,313.10377502441406,0.7955695587251124,178.40090788513336,-178.64892085402948,4.189067395936755,1.9760588979166294,4.189067395936755,4.45080766612974,2.529572798505879,4.45080766612974,178.63464317645523,176.4117559007839,176.4117559007839,178.63464317645523,2.156114995957668,1.4702583470904627,2.156114995957668,0.46305193167161,0.46305193167161,0.6768842285879885,0.3691036344181527,1.84710620753683,176.51424718763434,1.6589690077292822,1.5704542293642394,5.370040336391269,-0.011260986328125,2.0483781817533093,0
1bb571ba-dc23-4fcb-9e77-70746e566ce1_delivery_2,25,1.5601643916764956,5.257450708713449,5.257450708713449,0.9972307270822058,2.1785392612745493,2.1785392612745493,76.71060855495561,94.71258324514072,164.46611941265508,167.60795320930936,23.57754583704849,22.71590494375288,10.850792906156022,10.346200526395181,23.57754583704849,22.71590494375288,-23.439208984375,-22.348297119140625,5.257450708713449,2.1785392612745493,167.60795320930936,22.71590494375288,2.0620807317837686,178.43537846706383,-178.634882000723,357.07026046778685,-86.73001529526783,0.034470581930463595,1.074364339272185,1.3047349626837257,1.3047349626837257,345.3346862792969,313.1038284301758,0.43153628211925826,178.43537846706383,-178.634882000723,3.7544128316321017,2.9045738312181784,3.7544128316321017,6.837707184865896,6.160046269385877,6.837707184865896,178.25267662005675,176.2275595319966,176.2275595319966,178.25267662005675,1.8560125455815666,1.1457938258784377,1.8560125455815666,0.4131463942336656,0.4131463942336656,0.34014581172623626,0.15753929409518402,1.8485474065487277,176.33026352294544,0.8926752713500362,0.6415401743462433,5.371356883452585,0.004638671875,2.919252573272056,0
1bb571ba-dc23-4fcb-9e77-70746e566ce1_delivery_2,26,1.1892533672677899,5.262210973140894,5.262210973140894,0.16970506358165502,2.812806431386868,2.812806431386868,76.83708038890867,94.35607988969092,164.6346919516058,167.37127499622324,23.62805495401386,22.615673393339,10.894522226207808,10.249552545615646,23.62805495401386,22.615673393339,-23.492279052734375,-22.2691650390625,5.262210973140894,2.812806431386868,167.37127499622324,22.615673393339,1.856463680245163,178.50198515452817,-178.57290170655537,357.07488686108354,-86.6542606449304,0.0666066874643434,0.8106625296692787,0.8941437164244935,0.8941437164244935,345.3360061645508,313.1138229370117,0.3015425044787735,178.50198515452817,-178.57290170655537,3.425887511888842,2.5934957354989803,3.425887511888842,4.9311284911203686,3.7589636017174723,4.9311284911203686,177.49311644031954,176.45668076602257,176.45668076602257,177.49311644031954,1.3333866301084873,1.3221218046848806,1.3333866301084873,0.3109431892025665,0.3109431892025665,0.1368674810037233,0.18602176817369745,1.849551394821699,176.28868049586958,0.7574550251526623,0.835373424827215,5.382371479277859,0.03277587890625,2.3753138213741676,0
1bb571ba-dc23-4fcb-9e77-70746e566ce1_delivery_2,27,0.8752340147081188,4.153191416637364,4.153191416637364,0.4751428239086437,2.6760515480331253,2.6760515480331253,76.76372231690073,93.89130009147851,164.60428868151783,167.08680974996219,23.683494397824365,22.585768189619507,10.916749164325735,10.205044198322026,23.683494397824365,22.585768189619507,-23.544647216796875,-22.263763427734375,4.153191416637364,2.6760515480331253,167.08680974996219,22.585768189619507,1.7719314427785928,178.55297342658898,-178.54199203387796,357.09496546046694,-86.73084247665638,0.05098827206080614,1.3671062848749553,1.084862568509349,1.3671062848749553,345.3250427246094,313.12801361083984,0.5363793038639957,178.55297342658898,-178.54199203387796,4.242350154338395,3.744105501041387,4.242350154338395,6.0426323921174365,5.322069314328555,6.0426323921174365,177.2972117121524,176.59936347308428,176.59936347308428,177.2972117121524,1.7874047281204355,1.6789843135751084,1.7874047281204355,0.8248141635536101,0.8248141635536101,0.9007856903114475,0.37510924533638096,1.8689443256974743,176.43411193248306,0.41715748680817893,1.2113812654268774,5.415163141932457,0.0059051513671875,2.7874279216827396,0
1bb571ba-dc23-4fcb-9e77-70746e566ce1_delivery_2,28,0.5404057965085962,4.2770156481255075,4.2770156481255075,0.46761886678597137,2.4240645979847244,2.4240645979847244,76.71419773349932,93.5536494005242,164.64084944135377,166.99748744788127,23.72805581491966,22.560945835046102,10.933702146908335,10.161171935068952,23.72805581491966,22.560945835046102,-23.58587646484375,-22.25994873046875,4.2770156481255075,2.4240645979847244,166.99748744788127,22.560945835046102,1.7567302265928708,178.7102189684201,-178.43559153403407,357.1458105024542,-86.78947081223227,0.1572455418311165,1.1997217083520086,1.6315547418004157,1.6315547418004157,345.32110595703125,313.1197052001953,0.27499993313112453,178.7102189684201,-178.43559153403407,2.4724856233531938,0.986598975121308,2.4724856233531938,1.6848907166123446,2.6585600691058513,2.6585600691058513,177.15767309499978,176.89552951741112,176.89552951741112,177.15767309499978,0.8780398501382091,0.5548751979501996,0.8780398501382091,1.5433932203683272,1.5433932203683272,1.314659705464258,1.7878545238987673,1.853324527054275,176.66678029214975,0.8120468759541254,1.9999753239961144,5.368415966962522,0.0200958251953125,1.647985982653194,0
1bb571ba-dc23-4fcb-9e77-70746e566ce1_delivery_2,29,0.4324277754960416,5.682211138302781,5.682211138302781,0.7979011525945047,3.2079093221025357,3.2079093221025357,76.7588578733748,93.18682859021358,164.71614612805672,166.77216488540935,23.745606800238622,22.444241214033298,10.922956802106741,10.078284912633444,23.745606800238622,22.444241214033298,-23.603271484375,-22.1627197265625,5.682211138302781,3.2079093221025357,166.77216488540935,22.444241214033298,1.9225205794347768,178.8599328159475,-178.3561389892729,357.2160718052204,-86.7957560998634,0.14971384752740846,0.35355532537157996,1.061118762741217,1.061118762741217,345.3200988769531,313.11376190185547,0.18030480663843917,178.8599328159475,-178.3561389892729,0.9786607926258751,0.6716762254296454,0.9786607926258751,0.10382845125538998,3.3794668821155045,3.3794668821155045,177.18875358868684,177.24968813408725,177.24968813408725,177.18875358868684,0.4045789587003074,0.09391354486070526,0.4045789587003074,1.7485927556398355,1.7485927556398355,1.9589589930909395,1.4761351523516122,1.8790671037829763,176.7134268534415,1.551002821020304,1.4271714050915605,5.418470958469406,0.0599822998046875,1.4306040276330074,0
1bb571ba-dc23-4fcb-9e77-70746e566ce1_delivery_2,30,1.4516494968796527,2.056895039156778,2.056895039156778,1.8078901095390059,3.1122041353718055,3.1122041353718055,76.45768098586309,92.9503709807183,163.91030217376138,166.22525741105636,23.702353313802714,22.47789779075527,10.871399742061369,10.112422743310338,23.702353313802714,22.47789779075527,-23.56195068359375,-22.19500732421875,2.056895039156778,3.1122041353718055,166.22525741105636,22.47789779075527,1.8056961351067364,178.79655779085326,-178.4012061771523,357.1977639680056,-86.89284421383002,-0.06337502509424553,0.850242038997724,1.5552959906954522,1.5552959906954522,345.35099029541016,313.1447296142578,1.3083438091266935,178.79655779085326,-178.4012061771523,0.9728334931887958,1.6579699658020264,1.6579699658020264,3.894451773565423,4.949072960057278,4.949072960057278,177.7265076126595,177.64645502602303,177.64645502602303,177.7265076126595,1.4814437439397432,2.3916697308702775,2.3916697308702775,1.855415364264277,1.855415364264277,2.2039995062509643,1.6064209708768762,1.9040006409606467,176.81629839568504,1.3461376441970512,0.26740496502261013,5.455119120976116,-0.0184783935546875,2.181801539838663,0
1bb571ba-dc23-4fcb-9e77-70746e566ce1_delivery_2,31,1.0524571737169672,2.0464249216955115,2.0464249216955115,2.140548230791928,2.9769176564329367,2.9769176564329367,76.11094830736795,92.64533606230462,163.08467004059267,165.63267117080565,23.654761709078993,22.504979182707622,10.817637262591486,10.144291545011946,23.654761709078993,22.504979182707622,-23.514495849609375,-22.2237548828125,2.0464249216955115,2.9769176564329367,165.63267117080565,22.504979182707622,1.7936800751227766,178.80560059598434,-178.4333182642538,357.2389188602382,-87.00854505031545,0.009042805131088016,1.3673168458744036,1.178415622224912,1.3673168458744036,345.37229919433594,313.178955078125,1.2059234823626137,178.80560059598434,-178.4333182642538,0.6688592881166145,1.3951066727482955,1.3951066727482955,3.141208877985437,4.463513752477217,4.463513752477217,178.26510615761705,177.94512932366752,177.94512932366752,178.26510615761705,1.371652496190063,2.0920106448149434,2.0920106448149434,1.8112942353482548,1.8112942353482548,2.386210341513633,1.6121647681856683,1.937562229374229,177.12272313620852,1.7970623506276737,0.14574486944882584,5.513362719948913,-0.0244598388671875,1.9912026819224362,0
1bb571ba-dc23-4fcb-9e77-70746e566ce1_delivery_2,32,1.5932796830750637,1.3189903001837504,1.5932796830750637,2.366016843851678,3.786166892619991,3.786166892619991,75.59600382743399,92.37077850958772,162.41610211420067,164.79999713205467,23.686709784925,22.54298112136357,10.837976469441362,10.184159494074239,23.686709784925,22.54298112136357,-23.536376953125,-22.254669189453125,1.3189903001837504,3.786166892619991,164.79999713205467,22.54298112136357,2.04521446599516,178.73488646270496,-178.46896150382275,357.20384796652775,-87.06960883408176,-0.07071413327938103,1.2937684531854248,1.913064623055052,1.913064623055052,345.3948516845703,313.1920166015625,0.779538193057332,178.73488646270496,-178.46896150382275,1.2621456740079071,1.2647895285118003,1.2647895285118003,3.9671322160904197,4.618685603580909,4.618685603580909,178.82128911834354,178.09575329253235,178.09575329253235,178.82128911834354,0.5456847898411729,2.2032476171437896,2.2032476171437896,0.9058202986007591,0.9058202986007591,1.1225621471797418,1.123196228033646,1.9484438000717117,177.2861529800801,0.4779046776994233,0.4796276462557315,5.517358095119846,-0.0310211181640625,2.1777476854289133,0
1bb571ba-dc23-4fcb-9e77-70746e566ce1_delivery_2,33,1.7251772604740878,1.1675158135272412,1.7251772604740878,3.4297635232338264,1.3167125654657537,3.4297635232338264,75.07757527027927,92.1668800159509,161.58004872032984,164.4876265375314,23.687349734189073,22.531567054157446,10.842276987417605,10.20514884253462,23.687349734189073,22.531567054157446,-23.530059814453125,-22.2464599609375,1.1675158135272412,1.3167125654657537,164.4876265375314,22.531567054157446,1.665935499701928,178.6649394974107,-178.58625607725165,357.25119557466235,-87.1542526130494,-0.06994696529426392,0.9899133308704523,1.3665305046402068,1.3665305046402068,345.4043426513672,313.2334671020508,1.271916686533709,178.6649394974107,-178.58625607725165,0.9594706868706646,2.3374101777774023,2.3374101777774023,5.398126017332489,6.100287059650789,6.100287059650789,179.41224562255485,178.19099477201104,178.19099477201104,179.41224562255485,1.313466035005944,1.8133583185227409,1.8133583185227409,3.706780279371834,3.706780279371834,4.246617622496818,2.352392627306576,2.018370383716001,177.53979845761273,3.2073742072984976,2.1803623185978456,5.660829496952499,-0.031158447265625,2.326477607780966,0
1bb571ba-dc23-4fcb-9e77-70746e566ce1_delivery_2,34,2.4940869125702245,3.362034100160387,3.362034100160387,3.654379073805394,1.841911765277552,3.654379073805394,74.46370640253993,92.05427082126339,160.69759786774932,164.1127107291825,23.736470510824287,22.626693627804386,10.88266253119869,10.28801337652413,23.736470510824287,22.626693627804386,-23.56854248046875,-22.335357666015625,3.362034100160387,1.841911765277552,164.1127107291825,22.626693627804386,2.162084121531693,178.6020909653204,-178.6726230822515,357.27471404757193,-87.23507803645586,-0.06284853209029961,0.7960427826689751,0.8240500947076271,0.8240500947076271,345.41812896728516,313.2570343017578,0.8166752579715006,178.6020909653204,-178.6726230822515,0.28426532843646357,1.4321323787009617,1.4321323787009617,5.015726123189408,4.208552477399147,5.015726123189408,179.93012026958178,178.23404138038708,178.23404138038708,179.93012026958178,0.8952068212476049,1.8189933258886541,1.8189933258886541,3.127750556055125,3.127750556055125,3.307816759610759,2.8907618264924864,2.026958942873639,177.85843800934052,2.323947041802297,1.8093689489646763,5.659985411789279,-0.078399658203125,2.218948432004366,0
1bb571ba-dc23-4fcb-9e77-70746e566ce1_delivery_2,35,3.181270534833792,1.0831457649288583,3.181270534833792,2.009890485573529,0.4092018736485898,2.009890485573529,74.21808261053555,92.0684756771936,160.63872826755352,164.0224089286248,23.800148174651618,22.672600737702208,10.943252638272984,10.328421254911913,23.800148174651618,22.672600737702208,-23.622039794921875,-22.376373291015625,1.0831457649288583,0.4092018736485898,164.0224089286248,22.672600737702208,1.2706037012368367,178.6026170295335,-178.72247004768076,357.3250870772142,-87.19374505855959,0.000526064213090649,0.36404044726868817,0.5760731011675644,0.5760731011675644,345.4213562011719,313.26463317871094,0.24693978146369122,178.6026170295335,-178.72247004768076,0.8215416790690929,1.9618963429348366,1.9618963429348366,2.664933861907748,3.7370783958801566,3.7370783958801566,179.94301440058706,178.47494949646952,178.47494949646952,179.94301440058706,0.7123198491210164,0.8172881480355519,0.8172881480355519,2.5146042333421756,2.5146042333421756,2.775228798966243,2.3048407053254745,2.039670473796315,178.12140621185145,2.013195793562316,1.0598282236454293,5.685526547793655,-0.0385284423828125,1.528223373697452,0
1bb571ba-dc23-4fcb-9e77-70746e566ce1_delivery_2,36,3.1147498786872654,0.9834916303326545,3.1147498786872654,2.0954291810326833,1.1000538912425804,2.0954291810326833,74.06127942520342,92.14128198186152,160.6443126717782,163.9116396391025,23.873466794363143,22.72414530848681,11.010541094447117,10.376956076534533,23.873466794363143,22.72414530848681,-23.688018798828125,-22.41827392578125,0.9834916303326545,1.1000538912425804,163.9116396391025,22.72414530848681,1.6606068348987957,178.55178127455017,-178.74971164366997,357.3014929182201,-87.1236669061432,-0.05083575498332493,1.0617981692014318,1.608118258896159,1.608118258896159,345.44628143310547,313.27392578125,0.7956694424516491,178.55178127455017,-178.74971164366997,1.5707171033646687,2.107291472778268,2.107291472778268,3.1671653743345742,3.34855419470674,3.34855419470674,179.94853999689838,178.6071180633949,178.6071180633949,179.94853999689838,0.9494738022750726,1.2160221454261368,1.2160221454261368,2.4536146535614702,2.4536146535614702,2.452933844126959,2.346333392931808,2.0430785055291376,178.1579359421564,1.549802204512629,1.5369824493241369,5.686669158722591,-0.0388336181640625,1.860238758523186,0
1bb571ba-dc23-4fcb-9e77-70746e566ce1_delivery_2,37,1.8266132102393864,2.311865597523646,2.311865597523646,3.187911077721025,1.8575560201128172,3.187911077721025,74.1935058107938,92.27211103770678,160.5190150345517,164.05809648085182,23.86934142876515,22.742595585610147,10.98409788840638,10.393758609123946,23.86934142876515,22.742595585610147,-23.6925048828125,-22.431793212890625,2.311865597523646,1.8575560201128172,164.05809648085182,22.742595585610147,2.277687675570775,178.58592138006827,-178.743989202353,357.32991058242123,-87.03328326884488,0.0341401055181052,2.9071759991643944,1.5750041486633828,2.9071759991643944,345.46180725097656,313.3207778930664,1.4763409219488932,178.58592138006827,-178.743989202353,1.5386371978656246,0.70709709946599,1.5386371978656246,1.2804560403343184,1.3033928486533697,1.3033928486533697,179.85362479146912,178.72310774250357,178.72310774250357,179.85362479146912,1.4433523021932118,1.5173757100592273,1.5173757100592273,2.9222599465424803,2.9222599465424803,2.845203435004708,2.3975021410468575,2.059677810585745,178.0640644569093,2.02062910174311,1.3504018475415984,5.721134807755672,-0.0626983642578125,1.7880364376663664,0
1bb571ba-dc23-4fcb-9e77-70746e566ce1_delivery_2,38,1.2520588935234458,2.2631813450651546,2.2631813450651546,1.5158164876720346,1.321542502982784,1.5158164876720346,74.28617752403707,92.35292283000003,160.47863309786544,163.93149110048276,23.901345652277346,22.8118100268145,10.989130211822149,10.431086986788591,23.901345652277346,22.8118100268145,-23.72943115234375,-22.490753173828125,2.2631813450651546,1.321542502982784,163.93149110048276,22.8118100268145,1.447789323045,178.57096866430223,-178.7344942985292,357.3054629628314,-86.95896461579972,-0.014952715766042957,1.4002952140777338,0.9338414949488482,1.4002952140777338,345.4838409423828,313.336181640625,0.8041359725036313,178.57096866430223,-178.7344942985292,1.3769853943769936,1.3060023294641827,1.3769853943769936,1.8504168740211246,2.8902397778615216,2.8902397778615216,179.70570467952203,178.82379921148183,178.82379921148183,179.70570467952203,0.8789480169375099,0.7296242277041194,0.8789480169375099,1.7062545316890378,1.7062545316890378,1.8083325060323925,1.3728787243428455,2.006725325169685,177.91879627022522,1.2555345765210528,2.6902945997216423,5.599584694007313,-0.0537109375,1.4765793798862878,0
1bb571ba-dc23-4fcb-9e77-70746e566ce1_delivery_2,39,1.4454483596842742,0.6552721692936637,1.4454483596842742,0.9969114977171026,0.6332890987977362,0.9969114977171026,74.42488172658665,92.43657453300176,160.5092364718193,163.99935305587377,23.875469254350524,22.845150136121173,10.9771318241357,10.461833215433343,23.875469254350524,22.845150136121173,-23.709930419921875,-22.519317626953125,0.6552721692936637,0.6332890987977362,163.99935305587377,22.845150136121173,0.9778483836540993,178.5397300153347,-178.7768468394533,357.31657685478797,-86.92521241699887,-0.03123864896753048,1.457034149084584,0.679135027347235,1.457034149084584,345.5020446777344,313.31800079345703,0.7695471281041456,178.5397300153347,-178.7768468394533,1.0170025806019645,0.6898955832243268,1.0170025806019645,0.6481025583871274,2.0614468805103305,2.0614468805103305,179.61324967899122,178.84977740302517,178.84977740302517,179.61324967899122,0.8542798229406467,0.32367243458858624,0.8542798229406467,1.4668870051059872,1.4668870051059872,1.2968002348950876,1.4747557943034941,1.9993505284845532,177.90674049850566,1.0767449899658987,1.406904195726316,5.586508370452409,0.018829345703125,0.9551241801814649,0
1bb571ba-dc23-4fcb-9e77-70746e566ce1_delivery_2,40,0.5035381170408895,2.1990884028140423,2.1990884028140423,0.5246138103115587,1.2621172863566272,1.2621172863566272,74.7048202447611,92.71676326010551,160.75593455765767,163.99342628107436,23.8816556520117,22.939522650350654,10.958878978609272,10.558742226000554,23.8816556520117,22.939522650350654,-23.72357177734375,-22.590423583984375,2.1990884028140423,1.2621172863566272,163.99342628107436,22.939522650350654,1.4283480397532136,178.6204631602611,-178.7052407737835,357.32570393404455,-86.78839352496054,0.08073314492639838,1.5196386207601997,2.5610920012359633,2.5610920012359633,345.5358200073242,313.28450775146484,1.422762723596535,178.6204631602611,-178.7052407737835,1.4276130072794126,1.4934201371448632,1.4934201371448632,2.2948196337656492,1.8771393351063341,2.2948196337656492,179.51578530748625,178.68954176377662,178.68954176377662,179.51578530748625,1.0830849909074531,1.412118131418387,1.412118131418387,1.1002545961080443,1.1002545961080443,0.5483922203462399,1.2620387218534046,1.974352547529452,177.7118323187034,0.6279590528625227,2.0819548926187728,5.526628126198167,-0.015716552734375,1.5131902895117817,0
1bb571ba-dc23-4fcb-9e77-70746e566ce1_delivery_2,41,0.729234130191641,4.230243970745984,4.230243970745984,0.1379891407256414,3.3239127772865324,3.3239127772865324,75.05104023831684,93.16036757266671,161.00286532458892,164.37988295558182,23.873071406119408,23.010253410946465,10.949896395990407,10.615922868154058,23.873071406119408,23.010253410946465,-23.726043701171875,-22.63970947265625,4.230243970745984,3.3239127772865324,164.37988295558182,23.010253410946465,1.8883247305873958,178.66451639223922,-178.72917817807212,357.39369457031137,-86.60715355218022,0.044053231978125496,2.272859673266468,0.635708691308106,2.272859673266468,345.5287551879883,313.26685333251953,0.5687757235440902,178.66451639223922,-178.72917817807212,0.5022971777156254,0.8537924910412265,0.8537924910412265,2.647542973312507,1.059105070883369,2.647542973312507,179.11727216974913,179.011094902549,179.011094902549,179.11727216974913,0.8459353317936175,2.277611895770565,2.277611895770565,0.9966544521529636,0.9966544521529636,0.6027268916174477,1.086761069096859,1.9584074409276382,177.56183341356225,1.0539959072430025,1.3440209276771797,5.510637412544659,-0.0113677978515625,1.6263527770034403,0
1bb571ba-dc23-4fcb-9e77-70746e566ce1_delivery_2,42,3.072696885801333,3.231265435169258,3.231265435169258,4.23360255255383,3.452006048432631,4.23360255255383,75.09561421031417,93.58215207772645,161.18937420852254,164.44308955508308,23.882712814016475,23.190379839620412,10.984258143751653,10.787010877329815,23.882712814016475,23.190379839620412,-23.7349853515625,-22.78350830078125,3.231265435169258,3.452006048432631,164.44308955508308,23.190379839620412,3.685979082124677,178.68549627332567,-178.72599369504272,357.4114899683684,-86.52021831917006,0.020979881086446994,3.351201106744863,4.7751024640461495,4.7751024640461495,345.55860900878906,313.1569519042969,3.406399672241353,178.68549627332567,-178.72599369504272,2.075652559662173,1.2856600912289726,2.075652559662173,1.0472869383147936,1.022803076947377,1.0472869383147936,178.99716113052187,178.84817630650932,178.84817630650932,178.99716113052187,3.2711381171391714,3.463194159956727,3.463194159956727,0.4258896193083201,0.4258896193083201,1.0402956554387468,1.1155967083140381,1.8869228538937781,177.63450188339453,1.2425344585649238,3.690147367943004,5.347116208045846,0.038604736328125,2.8568007863331064,0
1bb571ba-dc23-4fcb-9e77-70746e566ce1_delivery_2,43,1.4416757472545962,4.050224765908492,4.050224765908492,2.573196060599789,2.568073439286884,2.573196060599789,75.22290661621224,94.01533008524106,161.4795010600237,164.55844319860418,23.901709615750185,23.28949617369905,11.020552759328174,10.883525396553003,23.901709615750185,23.28949617369905,-23.75482177734375,-22.848876953125,4.050224765908492,2.568073439286884,164.55844319860418,23.28949617369905,2.525076399199328,178.6818437473914,-178.7510000208621,357.4328437682535,-86.38222805083369,-0.0036525259342568006,2.0654905467644444,2.4517978353817638,2.4517978353817638,345.56288146972656,313.09371185302734,1.895892966987428,178.6818437473914,-178.7510000208621,1.168975444899607,0.9878278733769741,1.168975444899607,3.531203015823811,0.17566176824908156,3.531203015823811,178.5812750008258,179.0973382600045,179.0973382600045,178.5812750008258,2.188701376308487,1.787724723988492,2.188701376308487,0.5309681368869963,0.5309681368869963,0.645014145811042,0.9127078103685335,1.8633679243837435,177.52756635598686,0.31585511991044835,1.2392902670979047,5.306392272585998,0.0235443115234375,2.082546049820202,0
1bb571ba-dc23-4fcb-9e77-70746e566ce1_delivery_2,44,1.1027267006846284,3.911702183113944,3.911702183113944,0.750452801566994,1.8594374629527815,1.8594374629527815,75.32547013347512,94.42349549530273,161.72759770109835,164.6609098965199,23.944434988521838,23.356186192862285,11.064990813295372,10.950637261460255,23.944434988521838,23.356186192862285,-23.797821044921875,-22.883392333984375,3.911702183113944,1.8594374629527815,164.6609098965199,23.356186192862285,1.6712386280664038,178.691585540219,-178.7671833538956,357.4587688941146,-86.23031173832926,0.00974179282758314,1.1044202335469773,1.2986923865330955,1.2986923865330955,345.563720703125,313.0679397583008,0.7712809334691745,178.691585540219,-178.7671833538956,0.6105825409930792,1.3788104151025466,1.3788104151025466,3.2566859884745507,0.8329556326184773,3.2566859884745507,178.2395360294073,179.41688578003937,179.41688578003937,178.2395360294073,1.4631104446810586,1.115321444289221,1.4631104446810586,0.42358258661582526,0.42358258661582526,0.6418907541262029,0.10457212019653,1.8397909602814533,177.3541099512362,0.2847002751385464,1.1097973216406014,5.265063858076434,-0.0162811279296875,1.5570748528797795,0
1bb571ba-dc23-4fcb-9e77-70746e566ce1_delivery_2,45,1.5835739395915063,3.414632435091293,3.414632435091293,2.1674405142747495,2.447883604146791,2.447883604146791,75.53872677252315,94.81217383867393,162.03856171600864,164.90883000324033,23.924493517806834,23.392390490199265,11.0875464728344,10.969529622528611,23.924493517806834,23.392390490199265,-23.78253173828125,-22.895965576171875,3.414632435091293,2.447883604146791,164.90883000324033,23.392390490199265,1.9845484157464715,178.5237145743032,-178.88680569957663,357.4105202738798,-86.12538417584868,-0.16787096591579598,2.1602360284912376,0.13352397288325257,2.1602360284912376,345.5751266479492,313.0551986694336,0.5114985241050417,178.5237145743032,-178.88680569957663,0.38534312866109305,1.3927323642577458,1.3927323642577458,3.3039568205326626,1.2127441331771727,3.3039568205326626,178.05928802568064,179.59454253816153,179.59454253816153,178.05928802568064,0.5285892900314066,0.9034757509315601,0.9034757509315601,0.33410777426925586,0.33410777426925586,0.4186200176772093,0.573259493592849,1.8376058794717343,177.2042610057501,1.2013145755451773,0.5843043290341986,5.284447747341841,0.0182037353515625,1.636177665172539,0
1bb571ba-dc23-4fcb-9e77-70746e566ce1_delivery_2,46,1.406668166470401,1.946249532922393,1.946249532922393,1.6722577804014436,0.7100457473472718,1.6722577804014436,75.68927542717695,95.03768527021256,162.31529001978694,165.0281234095691,23.909900967367548,23.456622337132863,11.093600402288462,11.005529485097796,23.909900967367548,23.456622337132863,-23.769683837890625,-22.944061279296875,1.946249532922393,0.7100457473472718,165.0281234095691,23.456622337132863,1.3399200685467074,178.37031734250417,-178.95167146152033,357.3219888040245,-86.15145854483191,-0.1533972317990333,1.2546011423020018,1.0496980418367339,1.2546011423020018,345.6106414794922,313.03892517089844,1.168499428521717,178.37031734250417,-178.95167146152033,0.5586614681218351,0.30366573891352516,0.5586614681218351,2.9312544387835286,2.754474952767114,2.9312544387835286,178.28686198017698,179.26138518833406,179.26138518833406,178.28686198017698,1.2664101031660464,1.3298415547920863,1.3298415547920863,0.45042591287409495,0.45042591287409495,0.4473697264361824,0.5687570450495651,1.8341620463799526,177.12169432881208,0.6867773349520696,0.8233824707856612,5.280887657988228,0.001373291015625,1.4319857223186985,0
1bb571ba-dc23-4fcb-9e77-70746e566ce1_delivery_2,47,0.1581173831401128,1.6199471682645894,1.6199471682645894,0.21564278048104626,3.6212838494072956,3.6212838494072956,76.025139325496,95.28995902735136,162.64243766628374,165.45021072236273,23.87253009332302,23.421591412445473,11.082633382033704,10.94365240342496,23.87253009332302,23.421591412445473,-23.74114990234375,-22.907135009765625,1.6199471682645894,3.6212838494072956,165.45021072236273,23.421591412445473,1.7095143636979557,178.2413952370768,-179.0455346013439,357.2869298384207,-86.11396146146201,-0.12892210542736393,2.538495881734353,2.1035991191603385,2.538495881734353,345.61962127685547,313.08190155029297,1.313233238024572,178.2413952370768,-179.0455346013439,1.8899575410505856,1.8740040082152394,1.8899575410505856,1.925409165025677,1.4526263850556176,1.925409165025677,178.23938818959456,179.42890457088302,179.42890457088302,178.23938818959456,1.799032533965848,2.0170796681043046,2.0170796681043046,1.4710538130327404,1.4710538130327404,1.8096436219559402,0.9541869504731358,1.8744106260496538,177.02663187293905,2.690194713968954,0.9797172349618217,5.402360277571259,-0.0057830810546875,1.767932956967084,0
1bb571ba-dc23-4fcb-9e77-70746e566ce1_delivery_2,48,1.3322503928958986,2.507334690800119,2.507334690800119,2.1842482149752245,4.2206440836689145,4.2206440836689145,76.40689746347094,95.58763927247603,162.9299122029132,165.954204978621,23.766553857183897,23.401075762446546,10.999342608264206,10.896733370425107,23.766553857183897,23.401075762446546,-23.6455078125,-22.8831787109375,2.507334690800119,4.2206440836689145,165.954204978621,23.401075762446546,2.9760223748411954,178.12680984571114,-179.10690602947005,357.2337158751812,-86.05959368718146,-0.11458539136566515,4.632699177712038,2.978957688994979,4.632699177712038,345.6626739501953,313.1546630859375,2.528821272654685,178.12680984571114,-179.10690602947005,2.1461687832624743,2.087474157565169,2.1461687832624743,2.5357240378804917,1.993138556254875,2.5357240378804917,178.6270911402528,179.12962889704949,179.12962889704949,178.6270911402528,3.2209662544252935,2.1598543316476526,3.2209662544252935,4.0578880652209115,4.0578880652209115,4.620575224075223,2.877462567299435,1.939821742476822,176.96631976597925,5.093686165485442,1.491074130598915,5.572372015998046,-0.0210113525390625,2.6666216975069275,0
1bb571ba-dc23-4fcb-9e77-70746e566ce1_delivery_2,49,1.2181061409684355,1.9508472650339141,1.9508472650339141,2.501420605123343,2.8997250016975302,2.8997250016975302,76.86505368932247,96.02258014784023,163.2568728119729,166.4851084680897,23.688087438480775,23.408895547263583,10.918493739354243,10.86903156236939,23.688087438480775,23.408895547263583,-23.578857421875,-22.875732421875,1.9508472650339141,2.8997250016975302,166.4851084680897,23.408895547263583,2.61721027608352,178.0667110936597,-179.10132341950955,357.16803451316923,-85.91456064127436,-0.06009875205143089,4.957882190638202,2.175280453039694,4.957882190638202,345.73008728027344,313.2002716064453,2.4345329446818673,178.0667110936597,-179.10132341950955,1.2213397446725365,0.7187628994616767,1.2213397446725365,3.8714712696559315,3.540479375794642,3.8714712696559315,178.93665497030688,178.86570048049134,178.86570048049134,178.93665497030688,2.5646226214837426,1.0655195367694557,2.5646226214837426,3.082783004626766,3.082783004626766,3.0965663451060275,2.6337568616666496,1.9613450987908938,176.73447088550384,3.903163627451158,2.131858447176062,5.642566822924705,-0.0177001953125,2.390454758694925,0
1bb571ba-dc23-4fcb-9e77-70746e566ce1_delivery_2,50,1.9693739265760517,1.3777222245111465,1.9693739265760517,3.579949112471367,2.8208239622179905,3.579949112471367,76.99949462947046,96.24091852165736,163.14306075168116,167.04041286425658,23.656378729383704,23.388132044111124,10.89267567999932,10.82848640109888,23.656378729383704,23.388132044111124,-23.55419921875,-22.85986328125,1.3777222245111465,2.8208239622179905,167.04041286425658,23.388132044111124,2.6707801931834396,178.08339981852316,-179.09177645472778,357.17517627325094,-85.91053163747483,0.016688724863456628,4.321335775157689,1.9554761581663935,4.321335775157689,345.78462982177734,313.25618743896484,2.3364147953761165,178.08339981852316,-179.09177645472778,1.4780981964163251,1.297357187668872,1.4780981964163251,0.9212624274976261,0.8920052987977801,0.9212624274976261,179.18129934148502,178.79548083891504,178.79548083891504,179.18129934148502,3.4972510315318397,1.4843675438330812,3.4972510315318397,2.8998642186582053,2.8998642186582053,3.1140370127671364,2.6507987823125245,1.9795901394732287,176.73628964281178,3.6390429288170485,2.0632900048374836,5.704937825898742,-0.040618896484375,2.132918570403847,0
1bb571ba-dc23-4fcb-9e77-70746e566ce1_delivery_2,51,2.3627526519953643,0.817683621244799,2.3627526519953643,2.2278691336280843,0.6856650989796711,2.2278691336280843,77.14558634017428,96.39917519788868,163.3164845435376,167.3251567282027,23.652406671079675,23.387206868179398,10.890338578769487,10.82494094581614,23.652406671079675,23.387206868179398,-23.5528564453125,-22.856597900390625,0.817683621244799,0.6856650989796711,167.3251567282027,23.387206868179398,1.728705274733746,178.07447129730667,-179.10141216320827,357.1758834605149,-85.88950859774087,-0.008928521216489571,3.2011501871372947,1.0771109554172635,3.2011501871372947,345.8429412841797,313.2948226928711,2.0922632587874035,178.07447129730667,-179.10141216320827,1.3281936092342999,1.7192612000516063,1.7192612000516063,0.775132654895182,1.4108383060857381,1.4108383060857381,179.32479207938064,178.75691298029236,178.75691298029236,179.32479207938064,2.8377434301122197,1.7435219506184243,2.8377434301122197,2.8491530614090577,2.8491530614090577,3.0048008786391787,2.5701898163373342,1.997310357252229,176.71003401171802,3.300881800008929,1.8772558509339103,5.759579359757193,-0.0230865478515625,1.682243566616662,0
1bb571ba-dc23-4fcb-9e77-70746e566ce1_delivery_2,52,2.4042663554255124,0.8897119120879277,2.4042663554255124,2.332821745258631,0.7290901469191085,2.332821745258631,77.29376385780971,96.55455388751817,163.48768213825534,167.6078370947838,23.637812074669554,23.37927514656007,10.884388382772984,10.822885027649841,23.637812074669554,23.37927514656007,-23.541046142578125,-22.846435546875,0.8897119120879277,0.7290901469191085,167.6078370947838,23.37927514656007,1.8405940377201357,178.08968040996027,-179.1047000059732,357.19438041593344,-85.8623830559089,0.015209112653593593,3.399663534907587,1.288010531722047,3.399663534907587,345.90035247802734,313.34588623046875,2.298204267050257,178.08968040996027,-179.1047000059732,1.7946132364978082,2.3059083693371893,2.3059083693371893,1.330237484544177,1.8703901586507572,1.8703901586507572,179.49025738342743,178.66817910279502,178.66817910279502,179.49025738342743,3.075331418945242,2.0275313923881053,3.075331418945242,4.308706540723537,4.308706540723537,4.533511381116324,3.9608758404870703,2.0170579818650696,176.75530275109378,4.142074487844495,2.7770200460354117,5.809166365844414,-0.026580810546875,1.9539646905570078,0
1bb571ba-dc23-4fcb-9e77-70746e566ce1_delivery_2,53,1.0050736462630077,0.9723027469976832,1.0050736462630077,0.5592428420839161,1.9186506453937717,1.9186506453937717,77.39997154101648,96.68486223388645,163.6408130276751,167.64522811107327,23.67055813542273,23.42517182828224,10.9223035270318,10.865279351202549,23.67055813542273,23.42517182828224,-23.575653076171875,-22.88043212890625,0.9723027469976832,1.9186506453937717,167.64522811107327,23.42517182828224,1.4036431308036612,178.14681046052618,-179.07614207010857,357.22295253063476,-85.83934159968466,0.05713005056591669,1.217872177372151,2.748716726711437,2.748716726711437,345.9583511352539,313.35414123535156,1.7522888721402403,178.14681046052618,-179.07614207010857,0.8691384902086059,1.3470187823588922,1.3470187823588922,1.2826429037591325,2.087242433666378,2.087242433666378,179.523913133323,178.6128192285031,178.6128192285031,179.523913133323,1.4715159375324263,2.16941597388027,2.16941597388027,2.938647893179824,2.938647893179824,2.9230000568541366,3.47148132494558,1.9988187800228658,176.99112058006116,2.531462825899921,3.924467275150016,5.7606755629646225,-0.0195465087890625,1.470736108852306,0
1bb571ba-dc23-4fcb-9e77-70746e566ce1_delivery_2,54,0.6732869769528108,1.024608387878194,1.024608387878194,5.093734830663537,2.262491476836588,5.093734830663537,76.9820977982556,96.42562261453472,163.11307348803507,167.48584084795456,23.80962882637706,23.533377001133736,11.095631025996996,10.94855681817854,23.80962882637706,23.533377001133736,-23.710205078125,-23.00091552734375,1.024608387878194,2.262491476836588,167.48584084795456,23.533377001133736,2.6678976523125826,178.0261653632789,-179.18046209357814,357.20662745685706,-86.03045817195917,-0.12064509724729078,3.8854247788042744,3.0678394627400927,3.8854247788042744,345.9693298339844,313.3018035888672,1.5995492335919914,178.0261653632789,-179.18046209357814,1.8391916729523026,2.2710960074762063,2.2710960074762063,3.8504025377818043,3.0974227158169145,3.8504025377818043,179.60262850519817,178.48096823437868,178.48096823437868,179.60262850519817,1.2381662678858003,1.7004732980368562,1.7004732980368562,5.67940011465634,5.67940011465634,5.962866139285462,4.71931748568596,2.0427513959698325,177.45779899515838,3.1777311041685916,2.064090253152545,5.835303740467123,-0.0144500732421875,2.500344867818782,0
1bb571ba-dc23-4fcb-9e77-70746e566ce1_delivery_2,55,0.8473092514094603,1.54566197521264,1.54566197521264,3.366466442332712,1.9266397447244434,3.366466442332712,76.67937266851689,96.29603627161407,162.9094106517621,167.55280520449543,23.898508956275634,23.662340501742005,11.18206456913252,11.041419036543111,23.898508956275634,23.662340501742005,-23.791778564453125,-23.139373779296875,1.54566197521264,1.9266397447244434,167.55280520449543,23.662340501742005,2.40041143824836,177.96822890174525,-179.31863916548926,357.28686806723454,-86.22482692493578,-0.05793646153364307,3.801617031961864,2.914774183849039,3.801617031961864,345.97389221191406,313.2522659301758,1.4879979933628615,177.96822890174525,-179.31863916548926,1.4242466102694595,2.711078744782641,2.711078744782641,3.266236519776972,4.5025600686446285,4.5025600686446285,179.99038783763223,178.40862693961552,178.40862693961552,179.99038783763223,0.6414135290011392,2.015776780932311,2.015776780932311,6.068023381520582,6.068023381520582,6.58350764590141,5.371890953202169,2.0931246494399423,178.1050409326252,3.6919464340273898,2.6331954101987995,5.913455998884241,-0.00799560546875,2.413648406908109,0
1bb571ba-dc23-4fcb-9e77-70746e566ce1_delivery_2,56,0.21321023220119653,0.32349347096031544,0.32349347096031544,3.140596735084654,1.566281080112309,3.140596735084654,76.39348331990763,96.13086715793378,162.4842934963929,167.62071036575543,23.9783225535487,23.736505084993496,11.27947818395701,11.079552311720441,23.9783225535487,23.736505084993496,-23.869232177734375,-23.228607177734375,0.32349347096031544,1.566281080112309,167.62071036575543,23.736505084993496,1.7893113880744085,178.0153217741817,-179.40720364060354,357.42252541478524,-86.31564466632207,0.047092872436451216,2.4454084093363506,3.046878400751625,3.046878400751625,345.9541473388672,313.2062301635742,1.498291125759957,178.0153217741817,-179.40720364060354,1.1262118375963224,2.3205750228176885,2.3205750228176885,2.3624756269748275,3.72325619907773,3.72325619907773,179.9458087063744,178.6273083024754,178.6273083024754,179.9458087063744,0.5286964696310987,0.42881036482178153,0.5286964696310987,7.973673736282968,7.973673736282968,8.672732911511215,6.899531670298989,2.1612495450307003,178.82762520227627,5.54049611810481,2.851083154551533,6.045108007791529,-0.0003204345703125,1.7688244874471586,0
1bb571ba-dc23-4fcb-9e77-70746e566ce1_delivery_2,57,2.1397999408851653,3.2934959822580727,3.2934959822580727,3.6590329664429264,2.9662800447714837,3.6590329664429264,76.00606452976537,95.95927621803546,162.0415896873862,167.85163602417975,24.023453125153864,23.778531151120024,11.329447772389656,11.095598894504983,24.023453125153864,23.778531151120024,-23.907440185546875,-23.293304443359375,3.2934959822580727,2.9662800447714837,167.85163602417975,23.778531151120024,3.1702790099858427,178.09835461601003,-179.4816092445079,357.5799638605179,-86.55513507760485,0.08303284182832726,3.339502348771737,3.623562776785674,3.623562776785674,345.9773254394531,313.13597106933594,2.2129309574660647,178.09835461601003,-179.4816092445079,2.027607212822491,1.3661353345383556,2.027607212822491,2.424309839180738,2.7925201766921903,2.7925201766921903,179.0569402791443,178.37075344412784,178.37075344412784,179.0569402791443,2.1252007138633715,2.591105294436172,2.591105294436172,7.263794693706442,7.263794693706442,8.394312621176196,6.214878880171657,2.2451019701415023,179.6339525053339,5.725616806813522,3.1035390291315377,6.204441114705335,0.0604095458984375,2.6957127192873647,0
1bb571ba-dc23-4fcb-9e77-70746e566ce1_delivery_2,58,1.162427972963308,2.9459534979234863,2.9459534979234863,5.279047667073734,0.9788821314787975,5.279047667073734,75.54358721343496,95.7059113547531,160.5602896426512,168.07303223138442,23.987586361493456,23.7422636768105,11.32411548118211,11.049792071178077,23.987586361493456,23.7422636768105,-23.880462646484375,-23.288055419921875,2.9459534979234863,0.9788821314787975,168.07303223138442,23.7422636768105,2.475103115910875,178.3011807396375,-179.51268884888287,357.81386958852033,-86.68267217549239,0.20282612362746022,2.0810832401280326,2.4032241858978916,2.4032241858978916,346.00267028808594,313.15612030029297,0.968470685728861,178.3011807396375,-179.51268884888287,2.7345483755984428,5.433042184717756,5.433042184717756,3.7709231412987005,10.313759235221918,10.313759235221918,178.8534995756422,179.00281363073643,179.00281363073643,178.8534995756422,3.5061725994706276,1.9053284582808718,3.5061725994706276,10.828422800823228,10.828422800823228,12.49335445988682,8.958052922511747,2.3731705437134805,-179.4923450180707,9.56911359129171,2.889034468363587,6.474978697356968,0.03778076171875,3.5428660575044635,0
1bb571ba-dc23-4fcb-9e77-70746e566ce1_delivery_2,59,0.9776522158574437,2.7164316798605195,2.7164316798605195,5.207299573902127,1.303204887146736,5.207299573902127,75.49039266183553,95.66143455662971,159.69852652198207,168.2398865920212,23.843065598416715,23.64339959459777,11.191838421099899,10.955558535936921,23.843065598416715,23.64339959459777,-23.747314453125,-23.20263671875,2.7164316798605195,1.303204887146736,168.2398865920212,23.64339959459777,2.707581331227619,178.6237589621041,-179.46538278695567,358.08914174905976,-86.68504058619006,0.3225782224666034,4.586174512996521,1.4547251176023699,4.586174512996521,346.0577392578125,313.24959564208984,3.245078669644876,178.6237589621041,-179.46538278695567,3.072141338406442,5.990217865993846,5.990217865993846,2.87222756352767,11.302423921706326,11.302423921706326,178.63106746384858,179.63434913451658,179.63434913451658,178.63106746384858,4.3523605603527376,3.130127002879202,4.3523605603527376,8.981449305516474,8.981449305516474,10.643530408845654,8.241035722532317,2.4653661149075847,-178.68992543930665,9.636114877804546,4.018286391771785,6.671892826720393,0.0295257568359375,3.913748853352662,0
1bb571ba-dc23-4fcb-9e77-70746e566ce1_delivery_2,60,0.8330461576565671,3.0998486211141882,3.0998486211141882,4.974823386002687,1.3334912965057133,4.974823386002687,75.48658841577257,95.57988941200607,158.82945085834353,168.18173800798883,23.739378609468233,23.51931857768602,11.108743006214402,10.835827243867293,23.739378609468233,23.51931857768602,-23.65667724609375,-23.087646484375,3.0998486211141882,1.3334912965057133,168.18173800798883,23.51931857768602,2.6805368397598834,178.9092342233021,-179.38350555146258,358.29273977476464,-86.59870447779976,0.2854752611980018,4.705596404759127,1.1364151725210199,4.705596404759127,346.10607147216797,313.3302917480469,2.8135327066123486,178.9092342233021,-179.38350555146258,2.9755478035359624,4.697780399957122,4.697780399957122,5.434025157000353,8.298554895147316,8.298554895147316,178.75498877681483,179.7312696510869,179.7312696510869,178.75498877681483,3.7115250547088547,2.729914299814814,3.7115250547088547,9.302096042935633,9.302096042935633,10.549636120317349,8.250378936082637,2.5497769005808966,-178.1597964857306,9.137051443659182,4.05532671431437,6.85548738357533,0.0380401611328125,3.660880720726978,0
1bb571ba-dc23-4fcb-9e77-70746e566ce1_delivery_2,61,0.7898382636658813,2.9404124150326854,2.9404124150326854,5.132756636130994,2.0184801697739694,5.132756636130994,75.29391224868812,95.43078975526679,157.78372005759888,168.00255783059208,23.629578044214142,23.416320488349395,10.998955193944372,10.740470241354153,23.629578044214142,23.416320488349395,-23.554473876953125,-22.99371337890625,2.9404124150326854,2.0184801697739694,168.00255783059208,23.416320488349395,2.604903739152987,179.13559129627626,-179.3117073155646,358.4472986118409,-86.64393133136493,0.2263570729741673,3.432098487960245,1.3158364623541483,3.432098487960245,346.1675033569336,313.3893585205078,2.549080708653186,179.13559129627626,-179.3117073155646,1.0759398924638832,1.507290984508251,1.507290984508251,1.5174723532622345,2.5760961043130832,2.5760961043130832,178.33578355972034,179.5113360068409,179.5113360068409,178.33578355972034,3.312263291546042,2.217830322332427,3.312263291546042,9.55547662382503,9.55547662382503,10.175761099160688,8.21463300788003,2.620657792554317,-177.88112611200322,7.022719252740202,3.692730055595492,6.977349033330754,0.03802490234375,2.319692948611987,0
1bb571ba-dc23-4fcb-9e77-70746e566ce1_delivery_2,62,1.954261817896465,0.2000960597848157,1.954261817896465,5.309959592813759,2.604990623785902,5.309959592813759,75.24578956146868,95.24519928313624,156.7779110395682,167.54580101737977,23.557610608696024,23.349556512346023,10.939538556117638,10.671810101864,23.557610608696024,23.349556512346023,-23.494232177734375,-22.92816162109375,0.2000960597848157,2.604990623785902,167.54580101737977,23.349556512346023,2.7723200282178087,179.30700389485563,-179.2517539730462,358.5587578679018,-86.54221503909773,0.17141259857936575,4.426422506686187,2.138189568339723,4.426422506686187,346.1891555786133,313.4739303588867,2.611228225379895,179.30700389485563,-179.2517539730462,2.9261451457946466,3.259852798598783,3.259852798598783,3.252462066259468,3.23068093051305,3.252462066259468,178.83376782345246,178.7985378928164,178.7985378928164,178.83376782345246,2.927100624017262,2.6871007551954094,2.927100624017262,8.55739832148865,8.55739832148865,9.005609831706058,7.325913704083277,2.681357992056248,-177.7170265276129,6.518028938988542,3.160703088412777,7.09441727609286,-0.023162841796875,2.9097718741404557,0
1bb571ba-dc23-4fcb-9e77-70746e566ce1_delivery_2,63,0.18405620679636114,1.6669325402470845,1.6669325402470845,0.7914438316734284,2.3046239677068394,2.3046239677068394,75.24239361213257,95.16613112823168,156.88225786399903,167.07214902856984,23.600380875084927,23.357238319066322,10.953985427529206,10.672229493435253,23.600380875084927,23.357238319066322,-23.535247802734375,-22.925506591796875,1.6669325402470845,2.3046239677068394,167.07214902856984,23.357238319066322,1.452302449087554,179.33732939311173,-179.20280800697844,358.5401374000902,-86.62906424826433,0.03032549825610431,1.51539234138072,2.2513658067208913,2.2513658067208913,346.22413635253906,313.4254608154297,1.7879125754317435,179.33732939311173,-179.20280800697844,1.212177173855978,2.6836286536728204,2.6836286536728204,2.987065810996228,5.960396200419382,5.960396200419382,178.6266216141369,179.0312440695714,179.0312440695714,178.6266216141369,1.5722123405102832,2.825803169275028,2.825803169275028,2.953171340690365,2.953171340690365,2.6168714254089047,2.370939234073597,2.6886660430805605,-177.8123984364527,1.298562457542822,1.2839891857017205,7.08734971078481,0.0302886962890625,2.16292483693792,0
1bb571ba-dc23-4fcb-9e77-70746e566ce1_delivery_2,64,0.7246216741717268,1.921062639685956,1.921062639685956,1.4719337634194325,2.099777262849392,2.099777262849392,75.23499383416834,95.12473290421593,156.99160703217285,166.87500195242072,23.634755414827058,23.36410300999762,10.975212938012396,10.68146697124851,23.634755414827058,23.36410300999762,-23.5679931640625,-22.928314208984375,1.921062639685956,2.099777262849392,166.87500195242072,23.36410300999762,1.6763970930224945,179.38807161865748,-179.14879815944428,358.53686977810173,-86.72154197556573,0.05074222554574703,1.7494388422732354,2.091548375735224,2.091548375735224,346.24700927734375,313.34935760498047,2.376921952651491,179.38807161865748,-179.14879815944428,3.319806895417313,5.351936824061408,5.351936824061408,4.276888820987089,8.772677912834263,8.772677912834263,178.50809456245318,179.29857819029743,179.29857819029743,178.50809456245318,2.731234373324567,3.3494891792276897,3.3494891792276897,3.7939266211522993,3.7939266211522993,3.2071844279105393,3.0296568776751247,2.694888100348162,-177.95769465512453,1.1543671763935759,1.1413109039957976,7.078484356425729,0.0437774658203125,3.1550347136656076,0
1bb571ba-dc23-4fcb-9e77-70746e566ce1_delivery_2,65,0.8385631195323653,1.9621755679996762,1.9621755679996762,1.6819221494485184,2.165936290387571,2.165936290387571,75.13101098606857,94.99782649016922,156.9980541942093,166.69774893727484,23.66636333147576,23.368349837988664,11.001979901198071,10.692056338902063,23.66636333147576,23.368349837988664,-23.596527099609375,-22.935821533203125,1.9621755679996762,2.165936290387571,166.69774893727484,23.368349837988664,1.8049514591049067,179.4741271589388,-179.08212268396295,358.55624984290176,-86.86555164578546,0.08605554028133611,1.893193864485632,2.2879177627756775,2.2879177627756775,346.2516326904297,313.2712860107422,2.3393003977734548,179.4741271589388,-179.08212268396295,3.2511347581427184,5.142435724484633,5.142435724484633,5.050693892511291,9.229665264894079,9.229665264894079,178.42847564377843,179.56497941813763,179.56497941813763,178.42847564377843,2.8009446031893948,3.1570864959396925,3.1570864959396925,3.165114626311846,3.165114626311846,2.7620047999604314,2.391389087088469,2.7072766352432285,-178.00000360274962,0.7133899453072604,0.6143577731208499,7.085667031566546,0.0457000732421875,3.2884724578159372,0
1bb571ba-dc23-4fcb-9e77-70746e566ce1_delivery_2,66,0.9124800078143308,0.8076066548197247,0.9124800078143308,0.9671360770472035,1.1234395250474585,1.1234395250474585,75.14032489387186,95.13930475173528,157.05981530670428,166.63376063416365,23.673404352924678,23.39369360520837,11.014508573327463,10.706944874497196,23.673404352924678,23.39369360520837,-23.603271484375,-22.9471435546875,0.8076066548197247,1.1234395250474585,166.63376063416365,23.39369360520837,1.1329423247538863,179.552138394193,-178.94744623097046,358.4995846251635,-86.8934065473515,0.07801123525419484,0.9055291148872678,2.081462568907333,2.081462568907333,346.30062103271484,313.23240661621094,1.8706927439994891,179.552138394193,-178.94744623097046,1.2516448909509832,3.355084674096524,3.355084674096524,2.356996871571094,3.8506111427943286,3.8506111427943286,178.6763170616906,179.812352800464,179.812352800464,178.6763170616906,1.7066200146048984,2.833143448727554,2.833143448727554,1.1304358760496662,1.1304358760496662,1.3625699772694262,1.2455414345059062,2.7123004720804404,-177.9004970544286,1.5465474256729477,1.5175044747821773,7.0924068059681655,0.017486572265625,1.845979582605725,0
1bb571ba-dc23-4fcb-9e77-70746e566ce1_delivery_2,67,0.8619178682354781,0.5221757006264507,0.8619178682354781,0.9911410620918641,0.9572923673762165,0.9911410620918641,75.23343261706678,95.37842277710513,157.17798946632303,166.63653992740353,23.667518682115123,23.38185306023552,11.002822185186547,10.684585078664801,23.667518682115123,23.38185306023552,-23.59844970703125,-22.917236328125,0.5221757006264507,0.9572923673762165,166.63653992740353,23.38185306023552,1.1624230496724135,179.57689372461778,-178.8452481408723,358.42214186549006,-86.88351673964087,0.024755330424767408,1.2888253849320437,2.3531859147724283,2.3531859147724283,346.3568344116211,313.21956634521484,1.724711979411515,179.57689372461778,-178.8452481408723,1.4758150641763599,3.593183457992454,3.593183457992454,1.9572951916878103,3.519296569807791,3.519296569807791,178.79152109476362,179.89031530840927,179.89031530840927,178.79152109476362,1.6216385202301027,2.7209392811491773,2.7209392811491773,1.0594543220995498,1.0594543220995498,1.0546016860191711,1.2083358275374212,2.706591756416402,-177.9529544176921,1.3299314637420765,1.8165205714558925,7.0740098112742835,-0.0028839111328125,1.821892198589848,0
1bb571ba-dc23-4fcb-9e77-70746e566ce1_delivery_2,68,2.4500779560491277,1.3836304412203975,2.4500779560491277,2.033404934569046,2.1097526113315452,2.1097526113315452,75.17944228626571,95.45183392020097,157.2970984704611,166.687062214016,23.664442178993927,23.37419843823354,10.986739804841017,10.660636544066266,23.664442178993927,23.37419843823354,-23.591552734375,-22.90655517578125,1.3836304412203975,2.1097526113315452,166.687062214016,23.37419843823354,1.901017465504375,179.5814922774331,-178.85488569373013,358.4363779711632,-86.9042587967969,0.004598552815338053,1.758902744880226,1.6703361049759073,1.758902744880226,346.3724899291992,313.2517852783203,1.0714509091456665,179.5814922774331,-178.85488569373013,0.4947533479282069,1.3914062635730886,1.3914062635730886,3.4673366737565496,3.254383525179652,3.4673366737565496,179.03949858954184,179.57708060409152,179.57708060409152,179.03949858954184,0.6790522064884299,0.69893565213961,0.69893565213961,2.3609959642981133,2.3609959642981133,2.7991158288883553,2.1348923910001063,2.734632988237307,-177.89525633356615,2.11957625391215,0.8961487300136657,7.124121018369582,-0.04736328125,1.7826643718409823,0
1bb571ba-dc23-4fcb-9e77-70746e566ce1_delivery_2,69,3.122324618724733,2.185719251079074,3.122324618724733,3.1449664000793276,3.1027105302689635,3.1449664000793276,75.13881592305361,95.58080759021544,157.44617128575342,166.68989270119775,23.621036535405576,23.36252242036168,10.941363489488953,10.632742584879455,23.621036535405576,23.36252242036168,-23.544036865234375,-22.8857421875,2.185719251079074,3.1027105302689635,166.68989270119775,23.36252242036168,2.929006242465759,179.6369768081935,-178.79624985302056,358.43322666121406,-86.92041580861574,0.0554845307603955,3.255959670068987,2.76235698457347,3.255959670068987,346.40714263916016,313.32625579833984,2.4568431346638095,179.6369768081935,-178.79624985302056,2.3639557733847476,1.5856112802117357,2.3639557733847476,2.260628499787207,1.3664649557784405,2.260628499787207,179.1166016935417,179.43592341012504,179.43592341012504,179.1166016935417,2.1582988801305003,1.799988232546845,2.1582988801305003,1.1622175723681574,1.1622175723681574,1.6984476579034686,1.4532695388304018,2.7613038875421627,-177.72358818687428,2.376563257575196,0.6576229199132378,7.180650830435004,-0.0615692138671875,2.4257487563861693,0
1bb571ba-dc23-4fcb-9e77-70746e566ce1_delivery_2,70,2.4183157187561273,2.1536199815980086,2.4183157187561273,3.4506520256742594,3.559614808162373,3.559614808162373,75.2637270391067,95.81782404011281,157.70553705831355,166.90043851221742,23.517150750695276,23.312073764447195,10.865704829686896,10.58574458189284,23.517150750695276,23.312073764447195,-23.440032958984375,-22.825653076171875,2.1536199815980086,3.559614808162373,166.90043851221742,23.312073764447195,3.3699540014381952,179.70875322480836,-178.75006431985486,358.45881754466325,-86.90636360389595,0.07177641661485268,4.791618380523867,3.845903093914535,4.791618380523867,346.4514465332031,313.4214859008789,3.141609035911664,179.70875322480836,-178.75006431985486,3.038004898586529,1.933067769847274,3.038004898586529,4.697948008810341,3.2347211746619218,4.697948008810341,179.13370691896304,179.25693134307357,179.25693134307357,179.13370691896304,2.5840974089289217,1.7124902192902678,2.5840974089289217,1.93738951228285,1.93738951228285,2.6494369026395796,2.2184766142005627,2.785171937430182,-177.5634051345913,3.5855666527739447,1.8582623729253815,7.235180639041634,-0.052734375,3.118337790729535,0
1bb571ba-dc23-4fcb-9e77-70746e566ce1_delivery_2,71,1.82593773765003,1.726550076534463,1.82593773765003,2.7734448071120283,2.7979926184585846,2.7979926184585846,75.44021395126978,95.94170714897697,158.0572372593387,167.21031398489356,23.43877068134751,23.263845724370288,10.806942385411437,10.555314177116564,23.43877068134751,23.263845724370288,-23.36199951171875,-22.77996826171875,1.726550076534463,2.7979926184585846,167.21031398489356,23.263845724370288,2.693406955409683,179.78463469880094,-178.7650569371024,358.54969163590334,-86.9084130754079,0.07588147399258105,3.852293419129411,3.1842230735735777,3.852293419129411,346.4642791748047,313.50157165527344,2.4260124922818043,179.78463469880094,-178.7650569371024,2.2643775755090005,2.2358659413936706,2.2643775755090005,4.1734073818759905,4.708434727977178,4.708434727977178,179.0946678328057,179.1294916109682,179.1294916109682,179.0946678328057,2.0698544208450627,1.629472063800046,2.0698544208450627,1.4762985568520743,1.4762985568520743,2.032255200514914,1.5405043729296808,2.8081500337248673,-177.43128133070164,2.913614342502751,1.1548943367021458,7.292491203085652,-0.0469970703125,2.7701544869882535,0
1bb571ba-dc23-4fcb-9e77-70746e566ce1_delivery_2,72,2.9165211518857728,1.3789901861334475,2.9165211518857728,0.9642546547963082,2.120381194923307,2.120381194923307,75.53921225019533,96.03622021741452,158.57668588721404,167.65239604228123,23.404463329811993,23.272192551086274,10.785868149476684,10.566641904041731,23.404463329811993,23.272192551086274,-23.323394775390625,-22.79620361328125,1.3789901861334475,2.120381194923307,167.65239604228123,23.272192551086274,1.8751452672504587,179.9203098830074,-178.7578757693396,358.678185652347,-86.98568788352237,0.13567518420646252,2.157326756912988,1.7133976588509285,2.157326756912988,346.4788818359375,313.53855895996094,1.1894321030884525,179.9203098830074,-178.7578757693396,2.1735583649731067,1.4060365860493076,2.1735583649731067,5.268508047194159,5.502803665250385,5.502803665250385,179.17147444358068,179.37443485867982,179.37443485867982,179.17147444358068,2.1360996130293235,0.9137351827102358,2.1360996130293235,1.515698849137853,1.515698849137853,1.9623844830485244,1.6985693183943333,2.8369467533151793,-177.13651752173482,2.7991633079075715,0.5766802686309418,7.368177588673507,-0.031036376953125,2.3876344218924395,0
1bb571ba-dc23-4fcb-9e77-70746e566ce1_delivery_2,73,1.8388187814584476,1.1850199583570737,1.8388187814584476,0.24931718591614685,1.53422084054182,1.53422084054182,75.65106843725019,96.15363186994932,158.94852259888873,168.0130626490325,23.348762121747544,23.29354314729185,10.760063473326364,10.586145988132124,23.348762121747544,23.29354314729185,-23.26617431640625,-22.82025146484375,1.1850199583570737,1.53422084054182,168.0130626490325,23.29354314729185,1.2408288686749194,-179.94688729537208,-178.70199137314128,1.2448959222307963,-87.03685056267729,-359.86719717837946,1.782368610125288,0.8552278356507403,1.782368610125288,346.49967193603516,313.5504150390625,0.7158669274860274,-179.94688729537208,-178.70199137314128,1.6836111252659882,1.182792084005785,1.6836111252659882,2.176245513588303,3.315811901669641,3.315811901669641,179.16612841652758,179.912709357072,179.912709357072,179.16612841652758,1.6445882918181727,0.3837559678611938,1.6445882918181727,0.9979678233195126,0.9979678233195126,1.0245904968965243,1.2856597671808565,2.844426457806756,-176.8350368616516,2.0823526691787633,1.2084047825053656,7.397458639364861,-0.01019287109375,1.48598150802155,0
1bb571ba-dc23-4fcb-9e77-70746e566ce1_delivery_2,74,0.9619953596153522,1.126822420841735,1.126822420841735,0.33321626256626763,3.013831863483398,3.013831863483398,75.81630609845027,96.35430910917802,159.31513959389787,168.67468997094207,23.31042511642117,23.3102917189591,10.752523685062739,10.607599385563319,23.31042511642117,23.3102917189591,-23.22845458984375,-22.843841552734375,1.126822420841735,3.013831863483398,168.67468997094207,23.3102917189591,1.4258323109705253,-179.84405901788097,-178.68933944981623,1.1547195680647349,-87.02613043460279,0.10282827749111334,1.423957867183999,1.695170092132401,1.695170092132401,346.4891662597656,313.55831146240234,0.39310402555859447,-179.84405901788097,-178.68933944981623,1.614202414563226,1.561929017204147,1.614202414563226,3.537547066905081,2.851320013992882,3.537547066905081,179.23817340939152,179.79433934233262,179.79433934233262,179.23817340939152,0.6178382597296758,1.3593725911013534,1.3593725911013534,0.8633667272098344,0.8633667272098344,1.0433256657021115,1.1702250067302244,2.845994842261209,-176.63739965711207,1.49332221634303,0.9618533006839175,7.415060501050057,-0.008880615234375,1.6747669357766266,0
1bb571ba-dc23-4fcb-9e77-70746e566ce1_delivery_2,75,0.8030018160658846,1.3098171106269128,1.3098171106269128,0.1908918723067762,1.4759158401630272,1.4759158401630272,75.98950692647742,96.55989168753746,159.64795207489365,169.1048551893489,23.3243806500878,23.37310628727244,10.765887519185258,10.6516433957882,23.3243806500878,23.37310628727244,-23.243499755859375,-22.903778076171875,1.3098171106269128,1.4759158401630272,169.1048551893489,23.37310628727244,0.918189905141023,-179.76071633177781,-178.61698948704216,1.143726844735653,-86.94860783565089,0.08334268610315121,1.0969154817774707,0.6325973099060667,1.0969154817774707,346.49037170410156,313.5533142089844,0.15376074561949474,-179.76071633177781,-178.61698948704216,1.3852253694114458,1.3799134471803327,1.3852253694114458,2.6143361516110732,1.2715566381979064,2.6143361516110732,179.5813012108828,179.6516225604015,179.6516225604015,179.5813012108828,0.2596505642497743,0.8459899965468543,0.8459899965468543,1.0940460884160619,1.0940460884160619,0.7501740632938457,0.8670710204351166,2.8308249995893675,-176.50550226189372,0.5413678332375589,1.3252521969401603,7.393139166625409,-0.025299072265625,1.1054842998369603,0
1bb571ba-dc23-4fcb-9e77-70746e566ce1_delivery_2,76,0.6516994608936926,0.8652610616940839,0.8652610616940839,0.27827538400925717,1.4021591257566872,1.4021591257566872,76.1812851326374,96.7628735199963,159.99264388923135,169.49137400588754,23.336398912932793,23.41819158868418,10.770100748913176,10.679202505178077,23.336398912932793,23.41819158868418,-23.256805419921875,-22.9453125,0.8652610616940839,1.4021591257566872,169.49137400588754,23.41819158868418,0.8070722990863209,-179.68017768925836,-178.54714118773254,1.1330365015258224,-86.87589174180677,0.08053864251945697,1.0284019457387938,0.6166368164254111,1.0284019457387938,346.4922637939453,313.55169677734375,0.0744546050599835,-179.68017768925836,-178.54714118773254,1.6154634845926434,0.23003845378211385,1.6154634845926434,3.4823991917863166,2.213428236779021,3.4823991917863166,179.927877180095,179.70794742739344,179.70794742739344,179.927877180095,0.4310594610456559,0.7652597558779922,0.7652597558779922,1.8185956752375234,1.8185956752375234,1.517301027004458,1.3875137407754365,2.8101050658903084,-176.4017747716082,0.5497193365516229,1.425528718182203,7.359709167309477,-0.0156097412109375,1.1316735315318056,0
1bb571ba-dc23-4fcb-9e77-70746e566ce1_delivery_2,77,0.7379662471777023,0.8266466601186775,0.8266466601186775,0.3994835856993753,1.8286148923057193,1.8286148923057193,76.34467737278534,96.9180697810236,160.0747800730491,169.94051286643506,23.338156191996294,23.458957401845623,10.762404189547986,10.703624553447389,23.338156191996294,23.458957401845623,-23.262542724609375,-22.9888916015625,0.8266466601186775,1.8286148923057193,169.94051286643506,23.458957401845623,0.9091068978760983,-179.62041863812033,-178.54915984429613,1.0712587938241995,-86.79469705757359,0.05975905113803037,0.742949602663501,0.9189803992916157,0.9189803992916157,346.47399139404297,313.5542907714844,0.5520279338687134,-179.62041863812033,-178.54915984429613,2.0832031918571117,2.18900458021575,2.18900458021575,3.153098062179861,4.66900555146894,4.66900555146894,179.83203680343976,179.88883961782864,179.88883961782864,179.83203680343976,0.7664913109471674,1.7557119368280143,1.7557119368280143,1.6191358239104388,1.6191358239104388,1.3163818797324311,1.3445567712259585,2.7871575505076835,-176.29793076834713,0.5367205145304549,1.394713625043398,7.3216244241811275,-0.01153564453125,1.6725963350627862,0
1bb571ba-dc23-4fcb-9e77-70746e566ce1_delivery_2,78,0.7247826401475478,1.2280670809131136,1.2280670809131136,1.3391025113150792,3.5910372340786183,3.5910372340786183,76.68474335007562,97.03764019313749,160.36724310057969,170.56204939424615,23.301393387876338,23.455534217352273,10.730444987313795,10.704567823520934,23.301393387876338,23.455534217352273,-23.232269287109375,-22.99847412109375,1.2280670809131136,3.5910372340786183,170.56204939424615,23.455534217352273,1.990917045318322,-179.52908600507007,-178.59859942824755,0.930486576822517,-86.71603767873219,0.09133263305025707,2.1620402195742936,2.9004725858812805,2.9004725858812805,346.4393081665039,313.5907669067383,1.505523698711212,-179.52908600507007,-178.59859942824755,2.297723805386415,3.5560130838379016,3.5560130838379016,3.7128112075726105,6.242447767491958,6.242447767491958,179.61543941031195,179.77977338828381,179.77977338828381,179.61543941031195,1.2639176481337167,3.459182541426476,3.459182541426476,1.9444889429922296,1.9444889429922296,1.807900479445702,2.010353709196648,2.785011211654186,-176.1472108758637,1.3402568748585448,1.203380419802733,7.330474425681286,-0.01800537109375,2.7064665271465844,0
1bb571ba-dc23-4fcb-9e77-70746e566ce1_delivery_2,79,0.34261708470501745,0.554008817209849,0.554008817209849,1.9370084244369983,4.114280311479488,4.114280311479488,76.93246622461945,97.15502256778345,160.48345667847772,171.29335408735446,23.24032701517045,23.408709926891913,10.673373855432969,10.66825490476609,23.24032701517045,23.408709926891913,-23.176666259765625,-22.969940185546875,0.554008817209849,4.114280311479488,171.29335408735446,23.408709926891913,2.192275302735968,-179.4235759235686,-178.6286489170655,0.7949270065030873,-86.69878397769665,0.10551008150147823,2.6358966835449666,3.5698404950394855,3.5698404950394855,346.41258239746094,313.60581970214844,0.9174738872125554,-179.4235759235686,-178.6286489170655,1.1113473836229666,1.2678081278840165,1.2678081278840165,4.251494383497285,5.374720336143626,5.374720336143626,179.24231810307043,179.63710542131207,179.63710542131207,179.24231810307043,1.04783576501125,2.64231190100409,2.64231190100409,3.5242650387326,3.5242650387326,3.495170223551884,3.225191639570952,2.79634213033184,-176.11521575732652,1.899695367821105,1.2869608103227155,7.354767555012239,-0.0059967041015625,2.4040974761315863,0
1bb571ba-dc23-4fcb-9e77-70746e566ce1_delivery_2,80,1.325990753807296,0.5363376992707983,1.325990753807296,1.4065058548679599,4.311037724430927,4.311037724430927,77.01679963609898,97.34803551819671,160.59775142298875,172.14879678249207,23.19058342563947,23.373416640185155,10.632084287088864,10.639978427723996,23.19058342563947,23.373416640185155,-23.12762451171875,-22.950714111328125,0.5363376992707983,4.311037724430927,172.14879678249207,23.373416640185155,2.1292582887471494,-179.3149198585801,-178.6700165642077,0.6449032943723978,-86.69043248052007,0.10865606498848024,2.0631595615962377,3.132518138509677,3.132518138509677,346.3879928588867,313.60888671875,0.7411998315869451,-179.3149198585801,-178.6700165642077,1.0107365156143047,0.9925137807796695,1.0107365156143047,1.3238732942498417,3.7439313556548406,3.7439313556548406,179.11187355087753,179.68148864429116,179.68148864429116,179.11187355087753,1.0437292951786645,2.316355793973639,2.316355793973639,1.7674970976146787,1.7674970976146787,1.9737090474423253,2.026459534655263,2.802039126649572,-175.93296732621812,1.5071782089674766,1.342535006100529,7.377109207035274,0.0054931640625,1.9338908139944884,0
1bb571ba-dc23-4fcb-9e77-70746e566ce1_delivery_2,81,1.3219409183562585,0.41259342249353703,1.3219409183562585,1.4731839848635213,3.816811220203283,3.816811220203283,77.10808299562505,97.54883268395804,160.7012799452078,172.89145464072402,23.116092029747723,23.303652182827367,10.586409739574586,10.585583404701596,23.116092029747723,23.303652182827367,-23.054412841796875,-22.89306640625,0.41259342249353703,3.816811220203283,172.89145464072402,23.303652182827367,2.1186274086202084,-179.3021721631115,-178.74351999627171,0.5586521668397779,-86.66102292824816,0.012747695468618758,2.6483546658452854,3.038880239959366,3.038880239959366,346.3734893798828,313.63098907470703,0.7907321484988198,-179.3021721631115,-178.74351999627171,1.435508434407327,0.9846888672116174,1.435508434407327,0.7173896061567777,2.51192129670454,2.51192129670454,178.9787041023531,179.77006049814963,179.77006049814963,178.9787041023531,1.0260301287129256,1.9687296597545092,1.9687296597545092,2.016033044726168,2.016033044726168,2.2590107589157418,2.088176955945047,2.809469989772827,-175.85576309803514,1.8032319245023394,1.2280752227673235,7.397773745630316,0.0054931640625,1.779669370389079,0
1bb571ba-dc23-4fcb-9e77-70746e566ce1_delivery_2,82,2.078101450081779,2.388306108794795,2.388306108794795,1.2806206644807114,4.867804087945016,4.867804087945016,77.07198925629737,98.19853817486091,160.74972245291664,174.07994620240603,23.143949717788903,23.30174216505772,10.610704915245263,10.613794173723486,23.143949717788903,23.30174216505772,-23.080780029296875,-22.88201904296875,2.388306108794795,4.867804087945016,174.07994620240603,23.30174216505772,2.204189092119634,-179.3993488945673,-178.79414441967492,0.605204474892389,-86.64128820809792,-0.09717673145581784,1.0723537639572172,1.5379484774582866,1.5379484774582866,346.3725128173828,313.629150390625,0.062272873789487086,-179.3993488945673,-178.79414441967492,3.4539259018918926,0.36468418734746755,3.4539259018918926,3.5645114176362362,2.8340181182214654,3.5645114176362362,179.21677988142525,179.94710602986055,179.94710602986055,179.21677988142525,1.286281789170619,1.1419550047720293,1.286281789170619,1.0957264226296113,1.0957264226296113,1.527408308291378,1.589060034095251,2.8127386260129663,-175.77207782039687,0.4619547766098117,0.9081684271386428,7.384562319381175,-0.0420684814453125,2.155875914313126,0
1bb571ba-dc23-4fcb-9e77-70746e566ce1_delivery_2,83,2.91191112808149,1.666639847062395,2.91191112808149,2.336151299160503,1.4507170386898727,2.336151299160503,76.87850831328971,98.76900429333705,160.5715434669065,174.6879693871288,23.20913153397232,23.32331804904788,10.652178671307537,10.660845841029895,23.20913153397232,23.32331804904788,-23.142578125,-22.87957763671875,1.666639847062395,1.4507170386898727,174.6879693871288,23.32331804904788,1.9294916635958368,-179.51509865085637,-178.73988398257296,0.7752146682834109,-86.60460631308665,-0.11574975628906259,0.7619797287666566,2.4495509398141024,2.4495509398141024,346.4173049926758,313.6150131225586,1.4049320086086736,-179.51509865085637,-178.73988398257296,2.763756229700792,1.422640666651653,2.763756229700792,3.9663801192269452,1.8215233347508777,3.9663801192269452,179.5629243673878,179.78981596803598,179.78981596803598,179.5629243673878,1.3524559033003498,2.241075520098182,2.241075520098182,0.9293340620284899,0.9293340620284899,1.2172603759064056,1.0609063344506893,2.805730824384907,-175.8146139320433,0.469496740349786,0.8687256776245127,7.348210768762641,-0.0457611083984375,2.0953984796086513,0
1bb571ba-dc23-4fcb-9e77-70746e566ce1_delivery_2,84,2.8078187176993237,0.29849611160298395,2.8078187176993237,1.5429339928012311,1.225122295675744,1.5429339928012311,76.72002695804096,99.23230662241016,160.51556392668158,175.0799182700379,23.317562205729363,23.36263573882429,10.721000868793798,10.709285852984692,23.317562205729363,23.36263573882429,-23.24700927734375,-22.894805908203125,0.29849611160298395,1.225122295675744,175.0799182700379,23.36263573882429,1.7667012815708676,-179.6423073969778,-178.71311096062269,0.9291964363551131,-86.60929865009676,-0.12720874612142552,1.0646198622595295,3.6612167093863923,3.6612167093863923,346.482177734375,313.60730743408203,1.9540574311933447,-179.6423073969778,-178.71311096062269,1.0635169196521064,1.657248130801713,1.657248130801713,5.294351735610173,1.5831826828026772,5.294351735610173,179.90398453684963,179.5382238174989,179.5382238174989,179.90398453684963,0.8390056701706327,3.0788896520712328,3.0788896520712328,3.2893053969844757,3.2893053969844757,2.9623116283450064,2.4624653046033806,2.7851131525824893,-175.69417798212882,0.9775375777616313,0.9124498733581553,7.292386381259425,-0.0396728515625,2.009700206711145,0
1bb571ba-dc23-4fcb-9e77-70746e566ce1_delivery_2,85,2.3501017477544357,0.8721182527724518,2.3501017477544357,0.660651130494826,1.0663930585478887,1.0663930585478887,76.77384965451,99.63971027665464,160.69713828609466,175.5700450340555,23.419501560786927,23.38283901074889,10.772259697846959,10.74736911448425,23.419501560786927,23.38283901074889,-23.347930908203125,-22.899139404296875,0.8721182527724518,1.0663930585478887,175.5700450340555,23.38283901074889,1.2657280949150758,-179.82821954927297,-178.7658136083026,1.0624059409703648,-86.65013052225231,-0.18591215229517388,0.8819499057224669,1.7631544741983867,1.7631544741983867,346.52467346191406,313.60484313964844,1.2732303823772784,-179.82821954927297,-178.7658136083026,1.0244534578806075,2.412552795173687,2.412552795173687,4.382806262200063,2.795359904410471,4.382806262200063,179.4874203933387,179.34829255596244,179.34829255596244,179.4874203933387,1.1585403445578841,1.9041692172035656,1.9041692172035656,1.4446376410503596,1.4446376410503596,1.5542549709920304,1.479137046476939,2.7857781603002407,-175.83241308166248,0.8987298329571103,0.5304586649673043,7.277468228900834,-0.046112060546875,1.7726875459097278,0
1bb571ba-dc23-4fcb-9e77-70746e566ce1_delivery_2,86,2.4162835687598316,0.9211190617823604,2.4162835687598316,0.6570962559153574,2.4439271350640643,2.4439271350640643,76.80949537984083,100.07555915297365,160.8318226644251,176.2798027815195,23.538225215498535,23.43817235341877,10.830803541409033,10.81686736977237,23.538225215498535,23.43817235341877,-23.46563720703125,-22.943572998046875,0.9211190617823604,2.4439271350640643,176.2798027815195,23.43817235341877,1.5001369588940225,-179.908605501661,-178.7795234067087,1.129082094952281,-86.71488642741872,-0.08038595238801349,1.2891744500688125,1.2732212817737096,1.2891744500688125,346.5608367919922,313.57989501953125,1.3141149206889882,-179.908605501661,-178.7795234067087,1.2373254604192758,1.9716218142584125,1.9716218142584125,5.664672712766857,2.5218932948634816,5.664672712766857,178.92766525267663,179.11122615721396,179.11122615721396,178.92766525267663,1.4035694602172932,1.7389666185675674,1.7389666185675674,1.5686946789818421,1.5686946789818421,1.5403388540919514,1.6240878518929385,2.789531931553873,-175.8524859404372,0.8329881427421514,0.7104082631165323,7.274583053379938,-0.0482025146484375,1.9615725928714187,0
1bb571ba-dc23-4fcb-9e77-70746e566ce1_delivery_2,87,2.4683235217066644,1.0213327903823568,2.4683235217066644,1.6693481085185435,0.24760014193072383,1.6693481085185435,76.78984040291736,100.10433303705926,160.89193751602244,176.44309079065235,23.50127752380052,23.4083836122413,10.796192986124874,10.794302578801945,23.50127752380052,23.4083836122413,-23.426849365234375,-22.91839599609375,1.0213327903823568,0.24760014193072383,176.44309079065235,23.4083836122413,1.1752228424700417,-179.90693414304926,-178.75882883927972,1.1481053037695403,-86.74471131969594,0.0016713586117305113,1.5732467740630722,0.07148571821888862,1.5732467740630722,346.5934143066406,313.5857925415039,0.9902683947642783,-179.90693414304926,-178.75882883927972,1.4722756356649789,0.8581170539971086,1.4722756356649789,2.3464969202763095,1.3228331349138975,2.3464969202763095,178.76836337691714,179.0130506220816,179.0130506220816,178.76836337691714,1.6944033736567343,0.693651170612017,1.6944033736567343,0.27555073463687335,0.27555073463687335,0.2173381825603879,0.3804544891595719,2.7974558627002604,-175.94007842988137,0.5997104716311767,0.45186651115629833,7.301150481328081,0.0293731689453125,1.2865928619951077,0
1bb571ba-dc23-4fcb-9e77-70746e566ce1_delivery_2,88,3.215649410908052,0.8603256634492702,3.215649410908052,1.8014976099558855,2.1854630588492143,2.1854630588492143,76.71984858510665,100.25732747255431,160.95521368560733,177.05311265454586,23.44504896409961,23.371950897490642,10.746546118715823,10.757990428954978,23.44504896409961,23.371950897490642,-23.366943359375,-22.89349365234375,0.8603256634492702,2.1854630588492143,177.05311265454586,23.371950897490642,1.7710902873285193,-179.9281248246773,-178.8189367431084,1.1091880815689024,-86.7708559743147,-0.02119068162804183,1.3541260098236243,1.2094799709850703,1.3541260098236243,346.6014099121094,313.5887680053711,0.25518079633169344,-179.9281248246773,-178.8189367431084,1.0524488608240403,1.2139084891726657,1.2139084891726657,1.5244954558460582,2.2280037709010756,2.2280037709010756,178.70332296711533,179.0606256945356,179.0606256945356,178.70332296711533,1.241606014936502,0.5075333889797622,1.241606014936502,0.0858240362092824,0.0858240362092824,0.12465525085984205,0.21550556685915767,2.799039101019459,-175.9956089519144,0.1953509562982057,0.3127920381161044,7.315494886017896,0.0412139892578125,1.5328781420526016,0
1bb571ba-dc23-4fcb-9e77-70746e566ce1_delivery_2,89,3.8800732335668595,1.3664951391332745,3.8800732335668595,4.299779233821575,3.3923745188737557,4.299779233821575,76.42132437864058,100.47163531956903,160.33703064499397,177.81746154547756,23.352974306281194,23.323133621830447,10.675675239483299,10.721264728122206,23.352974306281194,23.323133621830447,-23.2734375,-22.856964111328125,1.3664951391332745,3.3923745188737557,177.81746154547756,23.323133621830447,2.8677170812134363,-179.8852597129469,-178.79253256191373,1.0927271510331593,-86.705227510016,0.04286511173040708,2.30680577881153,1.9607745830736212,2.30680577881153,346.59300994873047,313.5918960571289,0.26810796269598447,-179.8852597129469,-178.79253256191373,0.24848194450757335,0.9604640886254101,0.9604640886254101,1.2153878174993968,1.5883457022146528,1.5883457022146528,178.70045402376854,179.0683103852684,179.0683103852684,178.70045402376854,0.6914343706692672,1.947245944814467,1.947245944814467,1.2629732565097793,1.2629732565097793,1.032581074071782,0.7526701354548724,2.8093774569899006,-176.1045726316677,0.5873154607971992,0.43717838702967177,7.344998108665459,0.0691986083984375,1.9881385296342822,0
1bb571ba-dc23-4fcb-9e77-70746e566ce1_delivery_2,90,3.8210906676394814,1.5772435463044179,3.8210906676394814,4.9454060437727145,1.6019103512599329,4.9454060437727145,75.89915721151905,100.53929173188683,159.41822214347738,178.1448233610722,23.26436373252962,23.26063093082905,10.616152180349516,10.6785416956844,23.26436373252962,23.26063093082905,-23.180389404296875,-22.802459716796875,1.5772435463044179,1.6019103512599329,178.1448233610722,23.26063093082905,2.43236004525549,-179.84798406158643,-178.74542386393296,1.1025601976534745,-86.70368587478482,0.03727565136045996,1.4963269392341476,1.1521827233222444,1.4963269392341476,346.5973129272461,313.60790252685547,0.495769731904472,-179.84798406158643,-178.74542386393296,0.8141435447496691,0.5425194111147832,0.8141435447496691,1.7750880820047314,3.390321014439353,3.390321014439353,178.59752616032407,178.91319651510108,178.91319651510108,178.59752616032407,1.1456061906437158,0.8233824707856612,1.1456061906437158,1.2604799548926444,1.2604799548926444,1.0552114600253724,0.7617495104364893,2.8192185561477046,-176.15300267772423,0.20202929984782184,0.37409495978925283,7.3619177541166145,0.0671234130859375,1.9237684154392376,0
1bb571ba-dc23-4fcb-9e77-70746e566ce1_delivery_2,91,3.3297423179405348,0.9171134392656304,3.3297423179405348,3.3386882308551873,1.0170005323470943,3.3386882308551873,75.54292464216921,100.59911117952322,158.90300029036766,178.36932951627367,23.19822077066681,23.227084706220797,10.569706810687597,10.65529479839354,23.19822077066681,23.227084706220797,-23.10931396484375,-22.7730712890625,0.9171134392656304,1.0170005323470943,178.36932951627367,23.227084706220797,1.6902333742748405,-179.84460196682144,-178.73154471275978,1.1130572540616583,-86.68734287290457,0.003382094764987187,0.9402035126333669,0.5986522126072292,0.9402035126333669,346.5989303588867,313.61759185791016,0.29382898990595047,-179.84460196682144,-178.73154471275978,0.724193790742656,0.37011358828890933,0.724193790742656,0.9897761207529825,0.4345249035904464,0.9897761207529825,178.56254570748519,178.90742806596742,178.90742806596742,178.56254570748519,0.7063325045641509,0.7168202566141875,0.7168202566141875,0.674793255856924,0.674793255856924,0.5764027857213809,0.4492459974672125,2.823466956884,-176.17245467164113,0.2034349238573137,0.11075573136432697,7.370474668140138,0.05078125,1.1735967841835313,0
1bb571ba-dc23-4fcb-9e77-70746e566ce1_delivery_2,92,2.158276681606549,1.3591347445728044,2.158276681606549,3.465601090021507,1.3020701490435753,3.465601090021507,75.21310982869174,100.65323070286028,158.27292702910543,178.64646706530937,23.15759285083459,23.177977704443798,10.5380599653751,10.619904354374402,23.15759285083459,23.177977704443798,-23.066314697265625,-22.73077392578125,1.3591347445728044,1.3020701490435753,178.64646706530937,23.177977704443798,1.7365241455133835,-179.78901749777,-178.68471568071018,1.1043018170598202,-86.665582080649,0.0555844690514391,1.2249859238325385,0.9090762840033282,1.2249859238325385,346.59849548339844,313.6280288696289,0.31245362923358927,-179.78901749777,-178.68471568071018,0.14536992007618654,0.9461564903119123,0.9461564903119123,2.048316344121417,2.6555823738595015,2.6555823738595015,178.5746901043964,178.85297746998646,178.85297746998646,178.5746901043964,0.7550189176905974,0.8425777586830259,0.8425777586830259,1.0727196740113476,1.0727196740113476,0.8961431512480739,0.6291150352341704,2.8324031462330974,-176.20805877226647,0.23783168551395095,0.3273495358170829,7.387903595627439,0.0384368896484375,1.484347223151912,0
