video_id,frame_no,left_wrist_speed,right_wrist_speed,wrist_speed_max,left_elbow_speed,right_elbow_speed,elbow_speed_max,left_elbow_angle,right_elbow_angle,left_elbow_joint_angle,right_elbow_joint_angle,left_arm_length,right_arm_length,left_forearm_length,right_forearm_length,left_shoulder_wrist_dist,right_shoulder_wrist_dist,left_wrist_height_rel,right_wrist_height_rel,bat_arm_wrist_speed,bat_arm_elbow_speed,bat_arm_elbow_angle,bat_arm_extension,arm_activity_score,shoulder_line_angle,hip_line_angle,hip_shoulder_separation,trunk_lean,shoulder_rotation_change,left_shoulder_speed,right_shoulder_speed,shoulder_speed_max,body_center_x,body_center_y,body_center_speed,upper_body_rotation,lower_body_rotation,left_knee_speed,right_knee_speed,knee_speed_max,left_ankle_speed,right_ankle_speed,ankle_speed_max,left_knee_angle,right_knee_angle,front_knee_angle,back_knee_angle,left_hip_speed,right_hip_speed,hip_speed_max,head_movement,head_speed,left_eye_speed,right_eye_speed,eye_separation,head_orientation_angle,left_ear_speed,right_ear_speed,ear_separation,wrist_height_change,pose_activity_score,impact_like_frame_flag
4af4f6b5-b557-4bf1-9cb5-76fc669915e8_delivery_15,0,0.0,0.0,0.0,0.0,0.0,0.0,104.70880803568029,99.56131530416035,142.81245299128517,168.19012036506382,22.55541240163558,27.316279573705458,9.573544712925639,11.606623639520977,22.55541240163558,27.316279573705458,-22.555328369140625,-27.229339599609375,0.0,0.0,168.19012036506382,27.316279573705458,0.0,69.50553640812828,47.81998008893803,21.685556319190248,-50.57634622570735,0.0,0.0,0.0,0.0,168.06390380859375,439.8421936035156,0.0,69.50553640812828,47.81998008893803,0.0,0.0,0.0,0.0,0.0,0.0,166.01207514189397,156.65592188546026,156.65592188546026,166.01207514189397,0.0,0.0,0.0,0.0,0.0,0.0,0.0,1.0312243278019075,175.32007027878785,0.0,0.0,1.8925598275158337,0.0,0.0,0
4af4f6b5-b557-4bf1-9cb5-76fc669915e8_delivery_15,1,10.571867505694831,4.0856432329154995,10.571867505694831,8.909800340059926,1.7372156373972722,8.909800340059926,105.24211663898718,99.65604170937452,142.6976664148335,168.07450486310864,22.81010486431608,27.418539583982263,9.822107390828132,11.685190682744384,22.81010486431608,27.418539583982263,-22.81005859375,-27.330078125,4.0856432329154995,1.7372156373972722,168.07450486310864,27.418539583982263,5.295645828203825,61.46687198559727,38.818935161777596,22.647936823819677,-50.647629927706355,-8.038664422531006,4.857784992597617,1.6115632605578019,4.857784992597617,167.95718383789062,439.92784118652344,4.092025765799575,61.46687198559727,38.818935161777596,4.9613971965957475,4.884253946613597,4.9613971965957475,1.7947117218903825,3.5747390855930194,3.5747390855930194,165.93820687064022,156.61946561770625,156.61946561770625,165.93820687064022,8.220600361540523,5.633777201759331,8.220600361540523,1.4118909579817422,1.4118909579817422,1.3048511852136873,0.7145296822220644,1.0092219382268344,174.3583649843033,1.8270150320066443,2.057862262385468,1.8641875570641435,-0.1829071044921875,5.070279540267962,0
4af4f6b5-b557-4bf1-9cb5-76fc669915e8_delivery_15,2,6.364275413697194,0.952868876256902,6.364275413697194,1.4582364423397058,0.4466438973029342,1.4582364423397058,105.45601634353856,99.53554263860931,141.59054484585204,168.1546339991585,22.60443803462098,27.365522263911426,9.723599239660444,11.652198125821322,22.60443803462098,27.365522263911426,-22.60443115234375,-27.280364990234375,0.952868876256902,0.4466438973029342,168.1546339991585,27.365522263911426,1.9317517089082694,64.78928199480828,43.443387189838646,21.34589480496963,-50.60683247173646,3.322410009211005,0.7326154297348465,1.635870194118034,1.635870194118034,167.97583389282227,439.8887405395508,1.295469194008399,64.78928199480828,43.443387189838646,1.6217308457112394,1.3064395812892264,1.6217308457112394,4.055500178963129,2.3130079373595938,4.055500178963129,165.80445362490187,156.50794543030784,156.50794543030784,165.80445362490187,3.8577537334223,2.601712809097983,3.8577537334223,1.5683355904917438,1.5683355904917438,1.6264671565511741,2.155853516513768,1.0263528742323016,174.62225693515538,1.2687523031700623,1.9296692286134922,1.8798690112338077,0.1128692626953125,2.278887944941091,0
4af4f6b5-b557-4bf1-9cb5-76fc669915e8_delivery_15,3,6.960853287112131,4.450790608507782,6.960853287112131,3.841307983778908,1.1637330526564609,3.841307983778908,105.3727496484647,99.50465945659782,142.43188646095797,168.3093372840834,22.797807200898895,27.47329496046118,9.818249725235006,11.759809253469857,22.797807200898895,27.47329496046118,-22.7977294921875,-27.38751220703125,4.450790608507782,1.1637330526564609,168.3093372840834,27.47329496046118,3.3846148764931976,68.7961622995265,46.81729553567684,21.97886676384966,-50.474704950035196,4.006880304718223,2.661427552930365,1.2295767739735368,2.661427552930365,168.0119400024414,439.8854217529297,1.0842739269379027,68.7961622995265,46.81729553567684,0.49925359604663516,1.518762394567154,1.518762394567154,3.465816131971103,0.6112569187138717,3.465816131971103,165.7687741892739,156.76211730897174,156.76211730897174,165.7687741892739,2.285155024167671,1.472195228492295,2.285155024167671,1.2426990650766025,1.2426990650766025,1.5525775900286218,1.77847973790002,1.0343201143888492,174.19840411849745,1.2105680152265277,1.9944481764621123,1.905489168621257,-0.190093994140625,2.513344046076493,0
4af4f6b5-b557-4bf1-9cb5-76fc669915e8_delivery_15,4,1.5572644418821173,1.182548121952147,1.5572644418821173,7.089969733182715,2.846077421218829,7.089969733182715,105.93569027829928,99.60229459733438,140.8906477495629,168.41548761263277,22.852860487505723,27.50758448491861,9.988295922067646,11.87994208777739,22.852860487505723,27.50758448491861,-22.85284423828125,-27.417938232421875,1.182548121952147,2.846077421218829,168.41548761263277,27.50758448491861,2.7090573784643452,63.46573926619125,45.212501661548025,18.253237604643225,-50.448809989194174,-5.330423033335251,2.954775953184779,0.6237085993654807,2.954775953184779,168.01210021972656,439.8255157470703,1.7914442605842005,63.46573926619125,45.212501661548025,1.8317913259884642,4.981836767860586,4.981836767860586,3.1729127795477936,4.209113079333187,4.209113079333187,165.5586949393968,155.90545413514178,155.90545413514178,165.5586949393968,4.146043686102333,3.535212531881329,4.146043686102333,2.4734570549339274,2.4734570549339274,2.997005745627836,3.7737929652807765,1.0646309228366877,174.3525698292344,2.9998149198530935,3.446989119717307,1.9237621139321137,-0.0387420654296875,3.1776045367916463,0
4af4f6b5-b557-4bf1-9cb5-76fc669915e8_delivery_15,5,11.3178038343754,0.5725698011223038,11.3178038343754,1.6791127191116324,4.656431845477362,4.656431845477362,106.53900656969864,99.65698126077501,139.03161006490896,167.9360006827775,22.419922367580796,27.420719447171248,9.72744953916679,11.744004391524465,22.419922367580796,27.420719447171248,-22.419921875,-27.33538818359375,0.5725698011223038,4.656431845477362,167.9360006827775,27.420719447171248,4.075413464548993,71.0322724662833,53.82079673045766,17.211475735825644,-50.522289745329175,7.566533200092053,3.3376152357969984,2.88894735141026,3.3376152357969984,168.084228515625,439.8403778076172,2.202247247886839,71.0322724662833,53.82079673045766,4.0961193919399,3.3860252171596086,4.0961193919399,1.8598581558710632,2.834171373731698,2.834171373731698,165.51933740148195,155.38501143190874,155.38501143190874,165.51933740148195,5.79937949173455,2.396009088055134,5.79937949173455,6.771158400114891,6.771158400114891,5.740754463290998,7.951179199157446,1.1932567159727505,175.22625804113193,3.6230151413834855,6.619957524157452,2.2102148693562684,0.1941986083984375,3.735336958815493,0
4af4f6b5-b557-4bf1-9cb5-76fc669915e8_delivery_15,6,8.053592813875337,4.656487023005236,8.053592813875337,7.272720951132508,2.1815149172423416,7.272720951132508,105.71857150783832,99.76298141067358,138.87695779953427,167.9637748585339,22.126810646243438,27.460062062623226,9.48397792607966,11.823055644984752,22.126810646243438,27.460062062623226,-22.1253662109375,-27.37115478515625,4.656487023005236,2.1815149172423416,167.9637748585339,27.460062062623226,5.041679089254379,69.62159230190127,53.534320749614054,16.08727155228722,-50.35497772132274,-1.410680164382029,4.8335613214157,3.2521975088551454,4.8335613214157,168.12630081176758,439.8472137451172,1.274635224828877,69.62159230190127,53.534320749614054,7.289315134403962,6.933993789974078,7.289315134403962,3.16209135534048,6.947650924152808,6.947650924152808,164.8548628256116,154.71148548426518,154.71148548426518,164.8548628256116,4.708174838731847,4.766095629313439,4.766095629313439,3.981761482475438,3.981761482475438,5.54031040408859,2.749446064895075,1.0826059827623895,175.14401139119667,9.034077268565492,3.092980768763264,1.8569195235524543,-0.0044403076171875,5.338116350620241,0
4af4f6b5-b557-4bf1-9cb5-76fc669915e8_delivery_15,7,23.284916686938963,10.683217811006124,23.284916686938963,5.536340875088021,1.1736662190167395,5.536340875088021,105.84266206213937,99.89007564335337,140.50253187537504,168.2445005038519,22.804163268576378,27.749086421672388,10.004827082112458,12.130329932209136,22.804163268576378,27.749086421672388,-22.8037109375,-27.652557373046875,10.683217811006124,1.1736662190167395,168.2445005038519,27.749086421672388,7.606804109531972,66.95539827323506,51.296788783400544,15.658609489834518,-50.34614824126322,-2.6661940286662116,2.7386397682264727,2.2240432969155175,2.7386397682264727,168.1437530517578,439.91126251220703,1.985154426737177,66.95539827323506,51.296788783400544,4.394840292968495,4.242532214415778,4.394840292968495,5.035134581094204,3.298125681659851,5.035134581094204,164.6158818790541,153.98270227237842,153.98270227237842,164.6158818790541,1.654970568729498,1.7771905978401217,1.7771905978401217,2.902467131345601,2.902467131345601,1.919038101726225,3.3589464540905163,1.131323579936213,175.38460476737177,1.0689168950052161,2.548140751997166,1.9539229835307919,-0.558990478515625,5.503634882824982,0
4af4f6b5-b557-4bf1-9cb5-76fc669915e8_delivery_15,8,25.365837146218148,10.985751317457469,25.365837146218148,16.358393956829268,1.5720679826099007,16.358393956829268,106.71713615437024,100.19124276362902,140.46463993078618,168.2178314188956,23.531135125920926,28.052473687797452,10.696648950868873,12.451790826148573,23.531135125920926,28.052473687797452,-23.531097412109375,-27.94610595703125,10.985751317457469,1.5720679826099007,168.2178314188956,28.052473687797452,11.241770294317478,51.49135802184462,38.23393158429744,13.257426437547181,-50.69324005009075,-15.464040251390443,9.264602951899382,3.9039684108906956,9.264602951899382,168.10528564453125,439.9889221191406,2.5916312490521,51.49135802184462,38.23393158429744,0.3171354547476071,4.155797920859123,4.155797920859123,3.41230543163948,1.6709367501545218,3.41230543163948,164.4322465741121,153.58407225828842,153.58407225828842,164.4322465741121,4.1727481001472,6.074211835134173,6.074211835134173,4.894657716310621,4.894657716310621,5.063617686107921,4.570373281322894,1.0735347932932748,174.85762477044614,5.3191828680129305,3.001353851877271,1.7847446037073316,-0.5544281005859375,7.271146438215582,0
4af4f6b5-b557-4bf1-9cb5-76fc669915e8_delivery_15,9,39.62989886798249,12.144908590110568,39.62989886798249,8.992520793842909,0.5263461584016991,8.992520793842909,107.17600247144335,100.14537841871994,142.67008899498742,168.39163762030174,24.7404445509168,28.37198213579587,11.65607876342662,12.856149973204415,24.7404445509168,28.37198213579587,-24.73919677734375,-28.2677001953125,12.144908590110568,0.5263461584016991,168.39163762030174,28.37198213579587,11.133043548867555,49.939301869531576,38.23811659903781,11.701185270493767,-50.756013580109006,-1.5520561523130425,2.9584779855841528,2.5461088972835118,2.9584779855841528,168.09380340576172,440.04686737060547,1.7664957971185646,49.939301869531576,38.23811659903781,1.793419331190743,2.020467017058045,2.020467017058045,4.333544237518073,1.8471638981823961,4.333544237518073,164.0857501673539,153.7448365888569,153.7448365888569,164.0857501673539,0.8263182094562571,1.9218823146413886,1.9218823146413886,7.573909537164722,7.573909537164722,7.3655101376814605,7.336147761595979,1.076474765896934,174.9499822919679,4.945190517882372,4.808918026094081,1.7974234646439553,-0.8401641845703125,6.628421358437685,0
4af4f6b5-b557-4bf1-9cb5-76fc669915e8_delivery_15,10,43.945680914764395,9.912262734001423,43.945680914764395,15.600480405106792,2.128356480350418,15.600480405106792,108.33349463450034,100.46713226767925,143.65543875099505,168.48331482018378,26.014136297863647,28.6592994779013,12.59523395782554,13.207751788735811,26.014136297863647,28.6592994779013,-26.00323486328125,-28.541900634765625,9.912262734001423,2.128356480350418,168.48331482018378,28.6592994779013,13.253366241157066,43.95192883086477,34.04021252587521,9.911716304989561,-50.8622884990737,-5.987373038666803,3.353936284665253,4.579480628054117,4.579480628054117,168.13884353637695,440.1886901855469,4.4498255444693875,43.95192883086477,34.04021252587521,2.526964343536452,2.498397123593646,2.526964343536452,1.5680585644147962,3.765375882024125,3.765375882024125,163.70524628634556,154.02518896468604,154.02518896468604,163.70524628634556,6.181554397110803,6.149018311059241,6.181554397110803,2.448580601013081,2.448580601013081,1.5735866441648974,3.1279049701510964,1.2196586150346846,175.42619306453912,8.1999905457669,2.0866883695825806,2.0827027058624425,-0.8531951904296875,8.51746383905679,0
4af4f6b5-b557-4bf1-9cb5-76fc669915e8_delivery_15,11,33.923014803706785,2.1701257355475962,33.923014803706785,21.87652752574556,1.632363293304766,21.87652752574556,110.8355944734245,100.80309490216901,142.01951749595673,168.07025901563895,27.007512657437267,28.696376982358355,13.380198492341458,13.210500684148647,27.007512657437267,28.696376982358355,-26.9683837890625,-28.57171630859375,2.1701257355475962,1.632363293304766,168.07025901563895,28.696376982358355,10.992302053458909,41.66713246469706,34.38632875612578,7.280803708571284,-51.25823338292066,-2.2847963661677113,1.7612936733528126,4.5904872890959485,4.5904872890959485,168.2802963256836,440.2143783569336,4.299210777330026,41.66713246469706,34.38632875612578,1.7203209763037897,4.654510240135133,4.654510240135133,9.711260833198383,3.0539504070266745,9.711260833198383,163.24253913039217,154.28775555192993,154.28775555192993,163.24253913039217,5.17308035816784,7.550372317260373,7.550372317260373,4.940936218009053,4.940936218009053,6.426022622754897,7.165490658182293,1.5105212188868256,176.48226161622748,15.866648791950702,7.222267589499415,2.746411724998806,-0.4614715576171875,8.151442287737138,0
4af4f6b5-b557-4bf1-9cb5-76fc669915e8_delivery_15,12,18.767982667173357,3.4800588827790055,18.767982667173357,18.553385043569328,0.8811621902140753,18.553385043569328,112.31472556602932,101.81205777289594,140.6425183496096,166.64019335982385,27.24802287688455,28.574650639584295,13.530036365582422,13.114861695981908,27.24802287688455,28.574650639584295,-27.182952880859375,-28.432159423828125,3.4800588827790055,0.8811621902140753,166.64019335982385,28.574650639584295,9.030553517114077,35.0902434050978,29.462562306139308,5.627681098958494,-51.73641122320184,-6.57688905959926,5.114188425604117,7.386543893344579,7.386543893344579,168.38928985595703,440.2874984741211,3.9248709638980306,35.0902434050978,29.462562306139308,3.2771747275616945,5.673878835556088,5.673878835556088,6.845653468796271,5.690658949961666,6.845653468796271,162.37498336083513,154.61882786996674,154.61882786996674,162.37498336083513,3.5357793036077454,10.644458033681392,10.644458033681392,3.003530345073483,3.003530345073483,3.3742907248355256,2.731833125115355,1.5197932666661773,175.73228650261373,2.123984995756764,2.9103990179691306,2.707367485324539,-0.0469818115234375,7.487577035154111,0
4af4f6b5-b557-4bf1-9cb5-76fc669915e8_delivery_15,13,20.0317390221931,9.801556365755609,20.0317390221931,17.897057525388284,10.595385798999015,17.897057525388284,113.70429039644698,103.12540105550273,139.52670531543495,164.7561764812907,27.246789562614882,28.385404817554278,13.499597826923608,13.105667142576252,27.246789562614882,28.385404817554278,-27.1453857421875,-28.221893310546875,9.801556365755609,10.595385798999015,164.7561764812907,28.385404817554278,11.702939417712988,28.57437687355539,24.594839328535418,3.979537545019973,-52.023201086344244,-6.515866531542411,6.110518694243332,5.781379099698597,6.110518694243332,168.41749954223633,440.23326873779297,1.8279850236619866,28.57437687355539,24.594839328535418,5.001118955761399,8.921144474168647,8.921144474168647,7.311501332070995,2.9788070925653236,7.311501332070995,160.81909418555975,153.93423060993786,153.93423060993786,160.81909418555975,1.3394770242793004,5.881165376329997,5.881165376329997,4.465001175905673,4.465001175905673,4.497000740990665,4.902630480446379,1.5033017618775097,175.78568716371575,2.6822604300623225,5.149660481130984,2.6014279484768275,0.2087860107421875,8.470904230121132,0
4af4f6b5-b557-4bf1-9cb5-76fc669915e8_delivery_15,14,11.995187325740757,16.59847204550114,16.59847204550114,8.81291956362808,17.013018236449433,17.013018236449433,114.85123156156381,105.12150864927806,137.96024101554596,160.92447249782168,26.97719480878304,27.973824609035535,13.380088712305076,12.925603107655474,26.97719480878304,27.973824609035535,-26.8551025390625,-27.797515869140625,16.59847204550114,17.013018236449433,160.92447249782168,27.973824609035535,10.490151704740464,28.515910981106497,24.318391232354976,4.197519748751521,-52.523917677771195,-0.05846589244889344,4.344139205369876,4.177173851753497,4.344139205369876,168.5555763244629,440.2109680175781,4.182575417216173,28.515910981106497,24.318391232354976,7.107342377778686,7.662501726439205,7.662501726439205,8.640177107371947,2.0798539430997898,8.640177107371947,159.72564021985417,153.36618239209582,153.36618239209582,159.72564021985417,6.536373854162895,5.8391241402630145,6.536373854162895,13.10213460556978,13.10213460556978,12.803238494307863,12.425522717378172,1.514458769947524,175.52500840808003,9.00441672292102,8.139028406399305,2.633681734868201,0.47015380859375,8.400523614796525,0
4af4f6b5-b557-4bf1-9cb5-76fc669915e8_delivery_15,15,15.731665093743617,20.23644467241441,20.23644467241441,16.64001408206619,20.96031890814629,20.96031890814629,114.69425881254566,106.85535187527753,138.4076315371887,156.46465456226727,26.75894377978321,27.486276976924675,13.298745972414562,12.734859770021503,26.75894377978321,27.486276976924675,-26.638824462890625,-27.325836181640625,20.23644467241441,20.96031890814629,156.46465456226727,27.486276976924675,15.3382200059809,34.66650861043178,28.551205169354102,6.115303441077675,-52.78373504599438,6.150597629325279,11.156230546387864,7.304646733127029,11.156230546387864,168.69832229614258,440.0616226196289,6.1779719125003325,34.66650861043178,28.551205169354102,2.733610371997909,2.406999018839709,2.733610371997909,11.071196106841834,2.6376601071545647,11.071196106841834,159.2590508424286,152.9822035093238,152.9822035093238,159.2590508424286,10.0974495871821,4.205073476803421,10.0974495871821,5.752818520310256,5.752818520310256,5.058582964019282,7.579684287565206,1.4145258792512985,175.5987822772345,2.608457773507605,8.168532053227823,2.4497334087473184,0.525604248046875,10.431775725392079,0
4af4f6b5-b557-4bf1-9cb5-76fc669915e8_delivery_15,16,13.965765548470266,19.40044568958493,19.40044568958493,27.944390867725083,18.467922575203474,27.944390867725083,114.31224068667953,108.24157906420136,140.7094898488181,153.10257054603412,26.551149831357833,26.82017730823845,13.047679120407782,12.45966273450517,26.551149831357833,26.82017730823845,-26.39678955078125,-26.6678466796875,19.40044568958493,18.467922575203474,153.10257054603412,26.82017730823845,18.42501494774619,66.46183301355296,51.381338455172234,15.080494558380728,-52.442021624974466,31.795324403121185,23.074193295641553,7.697371709851842,23.074193295641553,168.85823440551758,440.1290283203125,5.189503162162235,66.46183301355296,51.381338455172234,5.917032048883819,2.4876525012276223,5.917032048883819,8.858134759424793,5.103213383343482,8.858134759424793,159.9487200181241,152.81071278667352,152.81071278667352,159.9487200181241,11.956955728625848,7.647042708165116,11.956955728625848,12.885553498597428,12.885553498597428,11.116500125087821,10.888325273885625,1.415735193058118,174.45205702870166,8.955807531989207,3.0066893495859164,2.6491869784930953,0.3937835693359375,12.710010068012318,0
4af4f6b5-b557-4bf1-9cb5-76fc669915e8_delivery_15,17,25.69742452839933,17.739073451041996,25.69742452839933,44.49643833071224,16.971305001737676,44.49643833071224,113.56910092743347,108.76196285085547,144.0461248291876,150.3509553160946,26.299865255297245,26.24075050204882,12.66046245494342,12.105704051319668,26.299865255297245,26.24075050204882,-26.09527587890625,-26.116851806640625,17.739073451041996,16.971305001737676,150.3509553160946,26.24075050204882,25.926914153706548,147.63794004930688,155.30072607139942,7.662786022092547,-52.084334771089175,81.17610703575392,37.34847495054937,13.308768659798696,37.34847495054937,169.20549392700195,440.1083297729492,10.402929593854916,147.63794004930688,155.30072607139942,15.150897835973025,5.557309457715747,15.150897835973025,12.652335246263444,4.328773114967045,12.652335246263444,160.2087462916493,152.42617282769646,152.42617282769646,160.2087462916493,25.185558125109203,8.674884223790535,25.185558125109203,7.245164864650952,7.245164864650952,8.741995967986641,5.9841585992545605,1.5157934263012813,174.62353777622624,15.323464098145239,2.62410091151788,3.0852987883912335,0.3980255126953125,18.92593691050486,0
4af4f6b5-b557-4bf1-9cb5-76fc669915e8_delivery_15,18,62.37754428767675,11.570492609944642,62.37754428767675,71.75819604337137,13.577686262620734,71.75819604337137,111.58628612851099,109.05456000394778,147.51581473190612,147.7966537865454,25.32124406325887,25.714382059671795,11.978257693332202,11.817953389453418,25.32124406325887,25.714382059671795,-25.1395263671875,-25.62127685546875,11.570492609944642,13.577686262620734,147.7966537865454,25.714382059671795,37.20097466620728,167.8986023294074,174.86211414509052,6.96351181568312,-51.84684248897161,20.26066228010052,51.12813026306746,12.793798530562691,51.12813026306746,169.74689865112305,440.3151550292969,17.331399944559237,167.8986023294074,174.86211414509052,25.186121833391535,2.0712050736451615,25.186121833391535,19.466022350840397,4.907430204600745,19.466022350840397,160.42684861669318,151.52780882660895,151.52780882660895,160.42684861669318,34.913184333622794,9.051684572477653,34.913184333622794,9.913728337556538,9.913728337556538,13.721668484845209,6.615777229688079,1.8087187887557328,175.34979670915882,27.771053260067372,2.2680761715738806,4.054059198840638,0.5698394775390625,26.566791363818496,0
4af4f6b5-b557-4bf1-9cb5-76fc669915e8_delivery_15,19,26.623995902501598,5.575517968289354,26.623995902501598,42.31371525254736,11.01003288537494,42.31371525254736,110.62919062494252,109.55049544952772,150.9502705307768,145.81540011090294,25.005928988849774,25.570844351144025,11.706026081571524,11.926173614850297,25.005928988849774,25.570844351144025,-24.79254150390625,-25.49688720703125,5.575517968289354,11.01003288537494,145.81540011090294,25.570844351144025,20.875680570603656,173.51567709481486,178.70452490801566,5.188847813200795,-51.99872230137654,5.617074765407466,33.01266052726592,6.718160887642762,33.01266052726592,170.18048858642578,440.4098205566406,13.27157231583026,173.51567709481486,178.70452490801566,21.116506995861627,7.172314913007184,21.116506995861627,8.63318273554248,6.040641567665043,8.63318273554248,159.77065872511355,150.1656733567635,150.1656733567635,159.77065872511355,26.44599813128168,2.77067042778318,26.44599813128168,5.343761477451753,5.343761477451753,8.439863164972232,4.415779727732395,1.9550935269343597,176.73476736382372,18.48992438038831,2.2329293719650396,4.558598155123324,0.199249267578125,16.452783182896926,0
4af4f6b5-b557-4bf1-9cb5-76fc669915e8_delivery_15,20,44.406256387817365,4.892499780903764,44.406256387817365,46.81170948624161,7.13339146069702,46.81170948624161,109.29099927912891,109.78217584853437,153.90390359364997,145.11865321851474,23.66477437236432,25.316267415622335,10.776881698585811,11.915643362982625,23.66477437236432,25.316267415622335,-23.449432373046875,-25.24932861328125,4.892499780903764,7.13339146069702,145.11865321851474,25.316267415622335,24.263238927161648,176.85255443160054,-179.34065494461356,356.1932093762141,-51.80749151273797,3.336877336785676,33.36563122304164,8.969945224268498,33.36563122304164,170.57717514038086,440.6249313354492,13.494454161944198,176.85255443160054,-179.34065494461356,26.390337618935398,12.912410197934136,26.390337618935398,9.852514795947501,8.374954732170542,9.852514795947501,158.02398731129648,148.22390416056518,148.22390416056518,158.02398731129648,25.10618606636285,3.202129518130278,25.10618606636285,3.2190036654582315,3.2190036654582315,4.5123391082974695,3.2162730365286434,2.1238626783745334,178.8012204506018,18.024209637903617,2.9365301073624543,5.069149202939366,0.523284912109375,19.284830541037554,0
4af4f6b5-b557-4bf1-9cb5-76fc669915e8_delivery_15,21,52.41430295736452,4.319710584765132,52.41430295736452,29.237382973935,8.204748916474685,29.237382973935,108.04251504546194,110.08054705383036,153.24830256414404,143.2832587999346,21.972938160698483,25.356991439794932,9.610908862876682,12.011697838966652,21.972938160698483,25.356991439794932,-21.82342529296875,-25.30615234375,4.319710584765132,8.204748916474685,143.2832587999346,25.356991439794932,19.5070634097248,179.23719001720403,-178.4361498194328,357.67333983663684,-51.85962043109269,2.3846355856034904,18.02654053197437,4.839694493835095,18.02654053197437,170.87525939941406,440.68017578125,9.06574974225643,179.23719001720403,-178.4361498194328,26.900264722667913,18.143157517548605,26.900264722667913,11.536030313037513,14.462802277711443,14.462802277711443,155.45227332455676,145.783687142071,145.783687142071,155.45227332455676,18.846290082716596,6.547640942410023,18.846290082716596,19.99996663250013,19.99996663250013,19.86026045521019,17.490524327579784,2.2453713304840845,-178.13851804719607,22.315722747321924,9.470028008228189,5.360560329365888,0.6036376953125,17.789880526203408,0
4af4f6b5-b557-4bf1-9cb5-76fc669915e8_delivery_15,22,22.557419239437298,14.933789909739831,22.557419239437298,25.38476702538271,16.28464202169885,25.38476702538271,107.15436385624187,109.64200554284191,152.64542990214267,139.62297469446466,20.856472045399087,24.759670798511564,8.578143732462708,11.616403033869778,20.856472045399087,24.759670798511564,-20.732086181640625,-24.745361328125,14.933789909739831,16.28464202169885,139.62297469446466,24.759670798511564,19.48496755816264,-178.7754338849199,-177.68623556104586,1.0891983238740295,-51.23939414238595,-358.0126239021239,22.486629536203253,15.26255761651391,22.486629536203253,170.8851432800293,441.0523376464844,11.13310635427035,-178.7754338849199,-177.68623556104586,15.721089370055417,11.030229142726185,15.721089370055417,8.06851388303047,9.614654912681472,9.614654912681472,153.54462531764275,143.81316241626143,143.81316241626143,153.54462531764275,9.016244224419875,7.933728307119998,9.016244224419875,16.09364375010911,16.09364375010911,12.90700830866281,13.76532172627669,2.4430807536160164,-176.07916398736938,18.567749276022994,9.428046849169423,5.8464745868187515,0.2785491943359375,14.857855432417438,0
4af4f6b5-b557-4bf1-9cb5-76fc669915e8_delivery_15,23,5.955939769223043,31.007646569348122,31.007646569348122,34.248449677393,24.50710776364659,34.248449677393,107.74910770213489,109.02687439045765,148.8231647566114,132.63353077559873,20.206668250241464,23.775180775299088,7.527459332880818,10.816782294494693,20.206668250241464,23.775180775299088,-20.071533203125,-23.774169921875,31.007646569348122,24.50710776364659,132.63353077559873,23.775180775299088,21.378456308193112,-177.46575465177764,-177.76604470192842,0.30029005015077814,-51.152368893298686,1.3096792331422478,18.524136744136438,14.027457325411493,18.524136744136438,170.86492156982422,441.3808059692383,9.841160741784213,-177.46575465177764,-177.76604470192842,13.831194163506595,13.368560759247988,13.831194163506595,15.869699067897896,16.375283393281784,16.375283393281784,152.14887291970274,142.63359641234285,142.63359641234285,152.14887291970274,5.84756237550132,4.816155350865456,5.84756237550132,29.08957851174302,29.08957851174302,26.76826895190827,25.45464534030088,2.5169218825477553,-174.34771476727468,22.708108718348665,16.113984995851393,5.942580741291101,0.2952728271484375,16.53159941328831,0
4af4f6b5-b557-4bf1-9cb5-76fc669915e8_delivery_15,24,30.410553006191584,25.318391282115904,30.410553006191584,39.23341295178895,30.91382505316432,39.23341295178895,105.13286916039799,106.8600093909991,150.38416817204558,128.67282639905955,18.79548618269785,22.559821853256683,6.182048532547856,9.854824943479551,18.79548618269785,22.559821853256683,-18.699981689453125,-22.5272216796875,25.318391282115904,30.91382505316432,128.67282639905955,22.559821853256683,29.908140791340973,-177.8463674528411,-177.98628552129549,0.13991806845439214,-50.49516180153476,-0.3806128010634495,27.344508378584838,26.228154076200234,27.344508378584838,170.98273086547852,441.9625930786133,17.75095685043048,-177.8463674528411,-177.98628552129549,9.40914282502667,10.08609342273777,10.08609342273777,16.872787732406433,28.50157510565165,28.50157510565165,152.51148381674682,142.79489452625756,142.79489452625756,152.51148381674682,14.518067186281204,10.16122368551069,14.518067186281204,29.24002008866892,29.24002008866892,26.745971473006183,27.65965033389593,2.6065899368690957,-174.15380784950784,24.300962149385164,23.328045093797726,6.16266799010399,0.4806671142578125,22.416477892138357,0
4af4f6b5-b557-4bf1-9cb5-76fc669915e8_delivery_15,25,10.079861307077563,45.11667560285676,45.11667560285676,33.59416239995906,28.570436701222295,33.59416239995906,104.01400545235656,105.11093309765874,147.7509986953171,118.83032833424143,18.113220322825313,20.920486268542664,5.179448220841614,8.90674371026721,18.113220322825313,20.920486268542664,-18.03759765625,-20.773834228515625,45.11667560285676,28.570436701222295,118.83032833424143,20.920486268542664,26.727053610726916,-178.1705728158132,-178.5626585547943,0.392085738981109,-50.41534576993593,-0.32420536297209424,20.798475266487184,22.202710386758632,22.202710386758632,171.0475311279297,442.53224182128906,17.14472082327875,-178.1705728158132,-178.5626585547943,6.088116735164675,2.2896667943367524,6.088116735164675,17.73212936591606,29.349861706728884,29.349861706728884,155.36590709378555,144.873797517514,144.873797517514,155.36590709378555,14.03233174658684,13.869603386739575,14.03233174658684,18.154232710383116,18.154232710383116,17.528950598042055,17.983142537915167,2.590194913567931,-174.4911543329113,17.502497915865966,18.532908364160303,6.129575773128297,0.50054931640625,20.310335949986186,0
4af4f6b5-b557-4bf1-9cb5-76fc669915e8_delivery_15,26,21.21976273940568,45.84001980446165,45.84001980446165,41.2026419144481,24.02100482101612,41.2026419144481,104.00489767762866,102.84549091859799,146.89969465970933,109.06969844801236,17.952071099212514,19.627292683673968,4.511747036159905,8.590713128207438,17.952071099212514,19.627292683673968,-17.849884033203125,-19.227081298828125,45.84001980446165,24.02100482101612,109.06969844801236,19.627292683673968,30.357986973978957,-176.91493794704732,-177.4602742685096,0.5453363214622868,-50.03065529830304,1.255634868765867,29.66958726600303,20.194905298539204,29.66958726600303,171.23602676391602,443.09478759765625,17.741712207465902,-176.91493794704732,-177.4602742685096,1.6796313946347659,14.429070327428565,14.429070327428565,23.417502802407007,29.096778348738923,29.096778348738923,158.7617334892838,148.36926943755924,148.36926943755924,158.7617334892838,20.15375203423408,9.632794852293594,20.15375203423408,13.956905273692529,13.956905273692529,13.925338661377749,12.471381016748559,2.731431784790672,-173.8324050772861,20.545768352550922,14.874668366086537,6.510896509776069,0.1257171630859375,23.379787633634226,0
4af4f6b5-b557-4bf1-9cb5-76fc669915e8_delivery_15,27,18.994327281328946,30.143374495097817,30.143374495097817,35.82641111414751,5.604035453090303,35.82641111414751,103.49483401678202,102.46403573078007,141.12953222086077,102.43162459091897,16.963743853021864,18.397089173382604,3.445868940011737,8.363774580895242,16.963743853021864,18.397089173382604,-16.865447998046875,-17.85888671875,30.143374495097817,5.604035453090303,102.43162459091897,18.397089173382604,22.441995257197235,-174.7397193633745,-176.28300878920592,1.543289425831432,-49.878014493970035,2.17521858367283,30.221185123050333,13.862638076468476,30.221185123050333,171.515625,443.67724609375,19.320786870025685,-174.7397193633745,-176.28300878920592,10.658625244293606,11.168299211118194,11.168299211118194,19.744356078515327,18.07734077148857,19.744356078515327,160.71801234470203,151.19896681272783,151.19896681272783,160.71801234470203,22.93138049633486,13.349853256026295,22.93138049633486,26.95952698231575,26.95952698231575,28.362791369428923,26.567438514584985,2.7987662145554815,-172.81341730469185,29.982172068715116,23.818941397908343,6.713750389955859,0.515869140625,19.215152216746684,0
4af4f6b5-b557-4bf1-9cb5-76fc669915e8_delivery_15,28,21.312937978510174,31.106263763320946,31.106263763320946,34.859317098132486,38.47703291919182,38.47703291919182,102.17243573280743,98.05796173554828,139.189499822451,102.44902978593989,16.30921990900732,17.92378321540618,2.815748180498235,8.020582587118138,16.30921990900732,17.92378321540618,-16.228759765625,-17.060760498046875,31.106263763320946,38.47703291919182,102.44902978593989,17.92378321540618,29.399266700335016,-174.4681251175668,-176.3597231534552,1.8915980358883928,-48.53527300114056,0.27159424580767677,28.672509307435277,21.967539135419372,28.672509307435277,171.61542129516602,444.2223434448242,16.571602912126412,-174.4681251175668,-176.3597231534552,11.694901781613954,17.87110528956893,17.87110528956893,20.506099052456936,18.069573460231144,20.506099052456936,160.80045880289128,154.56965440256437,154.56965440256437,160.80045880289128,11.03220992613146,11.285165698313245,11.285165698313245,20.382900240235983,20.382900240235983,21.02173944168763,19.59805889346501,2.8865037887738723,-172.12518732908794,24.466744475598922,20.192029479589102,6.963297318770427,-0.064208984375,22.237887950860483,0
4af4f6b5-b557-4bf1-9cb5-76fc669915e8_delivery_15,29,14.92585284779234,40.8299034173339,40.8299034173339,15.505935346527156,39.29330668129264,39.29330668129264,103.06681558254093,94.18909805783319,128.9025425013434,102.31946908540074,16.18968291035592,18.152667603894834,3.0334654927617573,8.13472852522426,16.18968291035592,18.152667603894834,-16.135650634765625,-16.857421875,40.8299034173339,39.29330668129264,102.31946908540074,18.152667603894834,23.38509801336913,-174.5144384180441,-176.50874502808725,1.9943066100431395,-47.68703015513708,-0.046313300477294206,14.512447542532954,15.243142244735788,15.243142244735788,171.5944938659668,444.56676483154297,10.318622056893123,-174.5144384180441,-176.50874502808725,7.977232554232629,20.42999223940019,20.42999223940019,12.004076457330795,4.366794110588978,12.004076457330795,160.1295812988965,157.58786672255795,157.58786672255795,160.1295812988965,5.9151748854618225,7.224958734976981,7.224958734976981,24.630602253163282,24.630602253163282,25.99511226018237,23.26243296587471,2.940342952851535,-170.64599909268583,25.275827902860488,18.6541870258184,7.088245074546709,-0.34490966796875,16.519068088517184,0
4af4f6b5-b557-4bf1-9cb5-76fc669915e8_delivery_15,30,30.98126556736967,46.21811171483677,46.21811171483677,7.840705140523326,37.19878255826591,37.19878255826591,102.62181211069932,90.70842338858128,132.65151152960308,113.1639786197668,16.94334043293562,19.382561656331482,3.801075114685054,8.20805113071548,16.94334043293562,19.382561656331482,-16.91815185546875,-17.94512939453125,46.21811171483677,37.19878255826591,113.1639786197668,19.382561656331482,23.42395361097243,-173.85686264923922,-176.21075493100398,2.3538922817647574,-47.27702013677001,0.6575757688048895,7.259170022398471,11.045686662440394,11.045686662440394,171.6548080444336,444.69371795654297,4.203090650042624,-173.85686264923922,-176.21075493100398,4.39779803327909,10.76096868825979,10.76096868825979,6.739509961612928,7.7672459903498146,7.7672459903498146,159.60759605589988,159.40458405643548,159.40458405643548,159.60759605589988,3.830854359478147,3.889113554743034,3.889113554743034,30.597161875937143,30.597161875937143,31.318390244726285,31.257201550058756,2.8158254625168557,-169.2660414686134,21.4670735086036,22.41544199298721,6.742078829237776,-1.115447998046875,14.827434354463113,0
4af4f6b5-b557-4bf1-9cb5-76fc669915e8_delivery_15,31,32.10241423460021,22.82962362292559,32.10241423460021,6.508095945268306,39.725015150294986,39.725015150294986,101.59906108653087,88.60152342914901,138.63976107303654,126.31305979457377,17.766398773609684,20.13791767690221,4.6113041056793485,8.406542729724313,17.766398773609684,20.13791767690221,-17.75836181640625,-18.79345703125,22.82962362292559,39.725015150294986,126.31305979457377,20.13791767690221,21.71527358497761,-170.42193884530644,-174.65942933812812,4.237490492821678,-48.14306339968574,3.434923803932776,12.92107488757265,16.205417669203914,16.205417669203914,171.78083038330078,444.87901306152344,6.701191557798587,-170.42193884530644,-174.65942933812812,21.169606969932445,23.36621394333058,23.36621394333058,3.239167515026085,14.954792023848023,14.954792023848023,160.27910826831672,161.93733116539306,161.93733116539306,160.27910826831672,12.83419134418845,16.436863081765143,16.436863081765143,35.732685937566565,35.732685937566565,37.21998563412098,36.74772902920769,2.6274910417290993,-166.87208032023904,23.14488194033352,22.131626236761416,6.292954081265025,-0.858184814453125,18.5243730323297,0
4af4f6b5-b557-4bf1-9cb5-76fc669915e8_delivery_15,32,34.56290881936878,22.38252537299202,34.56290881936878,28.775338073538638,56.406626511730565,56.406626511730565,99.73993882523897,88.37987363573924,145.54905949415277,137.4715066497567,19.179783534496167,21.00014887555462,6.360421633619947,9.540747657605463,19.179783534496167,21.00014887555462,-19.176422119140625,-19.7950439453125,22.38252537299202,56.406626511730565,137.4715066497567,21.00014887555462,35.30183702985664,-164.87399226645465,-172.18203221754743,7.3080399510927805,-50.117910118859086,5.547946578851793,37.584150347512704,32.09947305399716,37.584150347512704,171.86071395874023,444.67053985595703,6.676227540539153,-164.87399226645465,-172.18203221754743,23.088390337119918,12.805091315786935,23.088390337119918,14.579761587546836,3.9816302035397926,14.579761587546836,161.65283997584615,164.09994702537153,164.09994702537153,161.65283997584615,11.499116181124432,31.173286407464257,31.173286407464257,34.94997375747946,34.94997375747946,35.82730567894163,39.620719964080735,2.235032689226982,-162.94811685330723,19.025797847908503,31.99412624862406,5.165031039679281,-0.741851806640625,25.744858184310164,0
4af4f6b5-b557-4bf1-9cb5-76fc669915e8_delivery_15,33,19.555218331650316,33.34807915657739,33.34807915657739,61.16660267974606,84.22668216395292,84.22668216395292,98.17370181069231,91.55311373980935,151.63284680295592,145.29489442626468,20.76763434778286,21.40448029350603,8.065401309908921,10.525252008127023,20.76763434778286,21.40448029350603,-20.748504638671875,-20.703369140625,33.34807915657739,84.22668216395292,145.29489442626468,21.40448029350603,52.97238203725572,-157.831092901965,-168.28744015886892,10.45634725690391,-52.87140731187963,7.042899364489642,61.234180036212024,58.30352985539562,61.234180036212024,171.85598754882812,443.58238220214844,32.5407306344029,-157.831092901965,-168.28744015886892,32.02555547784066,12.544088253860577,32.02555547784066,8.414172295155971,8.46566008874921,8.46566008874921,165.5188316178869,167.4289753615732,167.4289753615732,165.5188316178869,21.34311424491095,29.31750308251272,29.31750308251272,25.287380401383917,25.287380401383917,16.73062414996029,31.7336888954414,1.4388675337230887,-156.25800241850703,44.83354839301768,46.3170914255207,2.9469488149340246,0.47430419921875,35.82869880554704,0
4af4f6b5-b557-4bf1-9cb5-76fc669915e8_delivery_15,34,24.466412568500726,54.80804054042329,54.80804054042329,15.938978031485535,85.9446723303196,85.9446723303196,98.32356217910282,94.29748477303295,159.43829717728389,150.79469692639157,21.043918466256567,20.686047284849717,8.24379779908158,11.255668781923811,21.043918466256567,20.686047284849717,-21.043365478515625,-20.29913330078125,54.80804054042329,85.9446723303196,150.79469692639157,20.686047284849717,37.68595176417044,-149.2192519202837,-163.09575901968356,13.876507099399845,-52.95740969029988,8.611840981681297,11.086637299330395,33.870969814963104,33.870969814963104,172.13636779785156,442.9462585449219,20.788572994190538,-149.2192519202837,-163.09575901968356,8.791973340158005,10.912901913909735,10.912901913909735,10.294740139737929,10.746414707940456,10.746414707940456,168.64925336986067,169.83163889113175,169.83163889113175,168.64925336986067,15.182364722759848,23.478914003892793,23.478914003892793,29.02730923243953,29.02730923243953,30.912232973773015,32.94807309534801,1.175898038016111,-148.16074724434174,12.672806606501519,25.787359802368226,2.3559772336913913,0.7378692626953125,25.460251617785115,0
4af4f6b5-b557-4bf1-9cb5-76fc669915e8_delivery_15,35,38.93825606850217,77.80708974895074,77.80708974895074,15.536244607600223,73.9834265880557,73.9834265880557,98.15194854437043,97.82326532504662,164.76240513016577,148.5122444515465,19.8846376233704,18.638509545974213,7.651606469773414,11.080616869345276,19.8846376233704,18.638509545974213,-19.867950439453125,-18.340057373046875,77.80708974895074,73.9834265880557,148.5122444515465,18.638509545974213,38.44479043682038,-142.1201959240495,-158.64291188102857,16.522715956979056,-53.96386993398135,7.099055996234199,8.26315755226704,16.140568055546375,16.140568055546375,172.15249252319336,442.88545989990234,1.8809878030018126,-142.1201959240495,-158.64291188102857,10.349664068959168,16.055426596992376,16.055426596992376,5.42006052339121,10.942767511512438,10.942767511512438,169.05234862845606,172.07802777171605,172.07802777171605,169.05234862845606,6.954117992183757,6.166648072112736,6.954117992183757,29.840571954834957,29.840571954834957,32.677227890350615,29.47340252321934,1.1362379345978493,-140.6227821719969,24.376240076999714,15.831816343491337,2.3626010840607936,1.7355499267578125,23.87978561550616,0
4af4f6b5-b557-4bf1-9cb5-76fc669915e8_delivery_15,36,32.0390717853798,28.629839733819768,32.0390717853798,14.27788470736187,38.681227447600804,38.681227447600804,92.53742128126835,93.4329094778476,167.6168943939033,150.58244580303693,19.43237968987836,18.33743971771446,7.116686825945943,10.142441171322101,19.43237968987836,18.33743971771446,-19.420928955078125,-17.9144287109375,28.629839733819768,38.681227447600804,150.58244580303693,18.33743971771446,25.55434122850058,-139.4933102933215,-157.10415452783948,17.61084423451797,-53.0371741947952,2.6268856307279975,26.396372293347174,13.301651403494063,26.396372293347174,171.7546157836914,442.7710189819336,12.380555023713631,-139.4933102933215,-157.10415452783948,17.906826133099447,10.156867237233088,17.906826133099447,3.1325099116269537,6.818682825337407,6.818682825337407,169.79482387255752,172.48485481696028,172.48485481696028,169.79482387255752,29.937319305927094,5.892259615471031,29.937319305927094,12.79383426896429,12.79383426896429,5.859679869735666,19.45905577881663,0.7001472853040062,-121.79810626539123,24.25729267039091,25.841309773188655,1.2175609821819107,0.4887847900390625,18.930876033308213,0
4af4f6b5-b557-4bf1-9cb5-76fc669915e8_delivery_15,37,147.46448549364226,42.330298177409745,147.46448549364226,71.1112211125887,58.19142998623163,71.1112211125887,92.55157177819126,91.64296278845133,169.59682030926956,151.30977430564073,14.79282342256178,18.12860260147054,4.4129525979299595,8.998492884933809,14.79282342256178,18.12860260147054,-14.79217529296875,-17.722991943359375,42.330298177409745,58.19142998623163,151.30977430564073,18.12860260147054,63.406770117648925,-161.77855304133504,-170.07835491704378,8.299801875708738,-51.62958998092066,-22.28524274801353,18.824268484153933,42.51891745186727,42.51891745186727,171.37741088867188,442.66785430908203,11.694259637090779,-161.77855304133504,-170.07835491704378,9.317868160456417,18.630655288436348,18.630655288436348,10.147332137092082,5.952696574106417,10.147332137092082,170.1730662582839,173.2370807548888,173.2370807548888,170.1730662582839,19.016672991140595,31.93646023918306,31.93646023918306,42.15316168931679,42.15316168931679,41.46241705376016,43.57918737315254,0.6515657273905567,-127.0502344858525,27.367532711775645,38.49489244883714,1.046618803122586,2.1613006591796875,39.62019217469237,0
4af4f6b5-b557-4bf1-9cb5-76fc669915e8_delivery_15,38,101.34920816159743,57.824808281674315,101.34920816159743,22.284681904824218,45.02467590598368,45.02467590598368,90.64998137750337,86.62008109684359,162.2006507934487,139.57604368697136,10.938350286002644,15.900193645020712,1.3271965569178874,6.600968586093931,10.938350286002644,15.900193645020712,-10.934722900390625,-15.03424072265625,57.824808281674315,45.02467590598368,139.57604368697136,15.900193645020712,46.22984589144253,-168.35769120956107,-173.48119701212016,5.1235058025590945,-51.165325678521725,-6.579138168226024,18.30329464929593,32.5924064452796,32.5924064452796,171.2686309814453,443.2218475341797,16.88304313969994,-168.35769120956107,-173.48119701212016,12.339109236904523,5.349051868415761,12.339109236904523,3.02096923524504,2.607656882729442,3.02096923524504,168.4979169926475,172.2159696434963,172.2159696434963,168.4979169926475,12.346346457646298,18.867939307673637,18.867939307673637,32.4642544486413,32.4642544486413,30.00794298747523,34.26229317900999,0.8840217896425017,-142.81936887930792,26.003389431877732,35.008153329890554,1.6523274101442538,2.5634918212890625,27.65917902810582,0
4af4f6b5-b557-4bf1-9cb5-76fc669915e8_delivery_15,39,116.73389651193301,101.37626358851267,116.73389651193301,30.541447993694234,17.93416206436843,30.541447993694234,88.19116972116753,83.08148559524142,44.13467532276181,108.54212088748224,7.877221808342835,13.479893997853063,2.1964988780013512,5.319634124909885,7.877221808342835,13.479893997853063,-7.6751708984375,-11.802276611328125,101.37626358851267,17.93416206436843,108.54212088748224,13.479893997853063,50.84993774049405,-173.370459624549,-177.677970315076,4.30751069052701,-53.62910859579008,-5.0127684149879315,29.191150190709106,9.32270609374685,29.191150190709106,170.97220611572266,443.3595962524414,9.774695130224911,-173.370459624549,-177.677970315076,11.155662574326756,19.55710184203665,19.55710184203665,2.7850864221202567,11.61069363643048,11.61069363643048,165.92295897910049,170.87006997024287,170.87006997024287,165.92295897910049,13.54653231847471,21.688888082651385,21.688888082651385,43.89876805233858,43.89876805233858,45.72617741765369,44.07328860699227,0.7901259736693161,-142.87937157230712,40.294057497370176,31.894535629075733,1.3074385035358906,3.535308837890625,32.120299276583715,0
4af4f6b5-b557-4bf1-9cb5-76fc669915e8_delivery_15,40,73.58930619171109,49.47621707389281,73.58930619171109,50.90263670479758,26.984431427098986,50.90263670479758,85.92311599104033,79.54302413888627,53.63702392026831,102.2006750750058,7.599879005346125,13.825352229971013,3.385799848855245,5.6143704028550605,7.599879005346125,13.825352229971013,-6.882171630859375,-11.48291015625,49.47621707389281,26.984431427098986,102.2006750750058,13.825352229971013,44.83713232756248,178.32821770386082,176.41186069874442,1.9163570051163958,-55.6150106785938,351.6986773284098,46.55792068404182,21.5122818838326,46.55792068404182,170.89366912841797,442.7588882446289,18.116536122006398,178.32821770386082,176.41186069874442,19.775742678127653,18.371137043265325,19.775742678127653,16.128612370952325,12.153565623528104,16.128612370952325,163.98766652085666,169.1886313871152,169.1886313871152,163.98766652085666,9.629995419432923,6.906888660251146,9.629995419432923,77.9508043221564,77.9508043221564,79.67202388375145,76.47539770676974,0.5074983287479718,-137.26996709138916,71.36716033306898,57.51829332987204,0.48485447456874936,1.6495361328125,29.332394646744362,0
4af4f6b5-b557-4bf1-9cb5-76fc669915e8_delivery_15,41,108.11030026858391,165.58703829569149,165.58703829569149,67.06869661914945,99.09064848858036,99.09064848858036,86.57126180614998,76.93931841324715,33.68279657887218,82.66117539313095,4.966528671069278,10.565713164643727,4.232822179485111,5.913107414820859,4.966528671069278,10.565713164643727,-4.228485107421875,-7.2359619140625,165.58703829569149,99.09064848858036,82.66117539313095,10.565713164643727,86.45231145742177,-178.45310975296277,177.56800350209505,356.0211132550578,-58.8159963079967,-356.7813274568236,37.545198753132105,41.31198631939327,41.31198631939327,171.37779235839844,442.2579803466797,20.83192384384748,-178.45310975296277,177.56800350209505,42.113752343065954,13.371322287473875,42.113752343065954,19.250092837256666,5.47450949462063,19.250092837256666,161.3010525475627,168.0522211864999,168.0522211864999,161.3010525475627,40.25319830875495,10.702297020438076,40.25319830875495,83.28062418149658,83.28062418149658,83.28585297017902,84.5625104503666,0.7906955454050071,-152.02949676690267,62.4709345498488,70.06947023328021,1.4486863802490597,4.5592498779296875,54.15658675301173,0
4af4f6b5-b557-4bf1-9cb5-76fc669915e8_delivery_15,42,26.811964626568177,236.02929824636573,236.02929824636573,28.40349312366014,133.62566030402584,133.62566030402584,81.01294536405139,62.144404366857756,37.47999881373358,67.94392237306396,6.492652210311293,9.149538160144749,4.399631258845677,7.830591096441887,6.492652210311293,9.149538160144749,-5.424224853515625,-1.534942626953125,236.02929824636573,133.62566030402584,67.94392237306396,9.149538160144749,87.08790679533483,-170.6799129567346,179.60671675924422,350.28662971597885,-61.87888803161106,7.773196796228177,36.362738578212976,61.294285893176,61.294285893176,171.89439010620117,441.58426666259766,25.387955771473848,-170.6799129567346,179.60671675924422,24.04261287605449,12.630247277066694,24.04261287605449,8.802935961586408,3.0390522987590005,8.802935961586408,159.03220148116972,168.38143523486005,168.38143523486005,159.03220148116972,18.512362584877202,27.860465335163838,27.860465335163838,134.89284322300577,134.89284322300577,134.31694494162105,133.48577189290597,0.8429892237203646,-155.0343570988818,102.07322105858664,101.71407646030075,1.5612704118709952,3.8273468017578125,51.451259758793036,0
4af4f6b5-b557-4bf1-9cb5-76fc669915e8_delivery_15,43,21.75407829113298,166.84390038863762,166.84390038863762,31.06169504024044,124.31846848044033,124.31846848044033,79.22775882460328,49.932762723097376,40.38032715739441,71.57614792967338,7.20048542678669,9.053976119072155,3.8113573641934435,8.672729233134184,7.20048542678669,9.053976119072155,-6.18316650390625,2.40533447265625,166.84390038863762,124.31846848044033,71.57614792967338,9.053976119072155,69.87475465111724,-163.31500678615754,-176.80381767648402,13.488810890326477,-64.20415371977836,7.364906170577058,26.56187187444981,48.70851383180225,48.70851383180225,172.4884490966797,440.79090118408203,29.638837224966537,-163.31500678615754,-176.80381767648402,36.40347371672629,16.178164272558227,36.40347371672629,27.444827305435645,2.599435968263709,27.444827305435645,158.80537382175547,169.9851546716577,169.9851546716577,158.80537382175547,38.966297656510804,26.953718309418235,38.966297656510804,88.20778554996423,88.20778554996423,88.24837927550175,88.74197394518167,1.0023292525449792,-157.24292602904103,64.61495833956258,69.31651458037443,2.223866157964105,2.728759765625,47.31620376130136,0
4af4f6b5-b557-4bf1-9cb5-76fc669915e8_delivery_15,44,47.18240300453976,121.15323208230568,121.15323208230568,56.83891712440009,105.36663040358472,105.36663040358472,75.25037471434538,31.434910730797224,29.42146220452687,83.37411002165344,5.891441705436057,9.391654421215405,3.571032767087051,8.65270200644539,5.891441705436057,9.391654421215405,-4.992279052734375,5.359161376953125,121.15323208230568,105.36663040358472,83.37411002165344,9.391654421215405,65.01124447488546,-159.59765454759273,-173.52732820657798,13.929673658985251,-64.88043602110366,3.717352238564814,27.84166838067801,31.68461585380452,31.68461585380452,173.15505599975586,440.2129364013672,26.383660039295513,-159.59765454759273,-173.52732820657798,19.05277355339293,19.37984282631723,19.37984282631723,21.615482062088084,5.96667088665193,21.615482062088084,160.31617802968682,171.81446330780446,171.81446330780446,160.31617802968682,31.091915069848678,24.811564086138784,31.091915069848678,50.016017856143016,50.016017856143016,48.436701939639036,49.60101624538521,1.223851938275499,-160.42983570118034,32.70543392931942,34.658847086758456,2.8996840359650875,2.7649993896484375,42.66547627781252,0
4af4f6b5-b557-4bf1-9cb5-76fc669915e8_delivery_15,45,58.598644666527065,178.1451542153421,178.1451542153421,41.2330415008121,102.16725771853119,102.16725771853119,72.34126599035032,-5.756990574296869,16.136219546948922,109.35771300778268,3.472746705642085,12.271881364285813,4.960155666804801,10.512503655270596,3.472746705642085,12.271881364285813,-2.619049072265625,10.593109130859375,178.1451542153421,102.16725771853119,109.35771300778268,12.271881364285813,71.9675058892877,-156.2037400713371,-170.50470247406867,14.300962402731557,-64.72251192818273,3.393914476255617,35.886460062029855,15.774477172483833,35.886460062029855,173.74188613891602,440.0308837890625,18.373724628957806,-156.2037400713371,-170.50470247406867,19.91809086369588,16.578002771881785,19.91809086369588,19.37978044846993,8.456394954920718,19.37978044846993,161.2338199895334,174.08350717406765,174.08350717406765,161.2338199895334,29.98503243355131,16.86168237371905,29.98503243355131,31.418344750203016,31.418344750203016,28.369628637118257,32.43782617072634,1.5963436102569946,-162.7015815086985,19.857599304454173,19.90059654159925,3.9917156769766096,3.851043701171875,45.24866826516372,0
4af4f6b5-b557-4bf1-9cb5-76fc669915e8_delivery_15,46,57.55535484164287,102.96496991841484,102.96496991841484,35.78763255733781,70.33529229622143,70.33529229622143,69.60882598072028,-35.19586537286325,11.614770843898546,133.2967248642203,1.6868593396238891,14.132557729766528,5.8400468151683995,11.17467741414349,1.6868593396238891,14.132557729766528,-0.724090576171875,13.307830810546875,102.96496991841484,70.33529229622143,133.2967248642203,14.132557729766528,48.9933687511646,-154.993185677333,-169.4570677130877,14.463882035754693,-65.23118579900253,1.210554394004106,14.553992785351443,12.762970108019191,14.553992785351443,174.17002868652344,439.69969177246094,16.18679581892893,-154.993185677333,-169.4570677130877,25.028723930575243,17.337102096444998,25.028723930575243,49.41363832834114,9.080665011487152,49.41363832834114,163.61866133944153,176.47512727982064,176.47512727982064,163.61866133944153,26.02968839655345,20.032968302796387,26.02968839655345,16.473459831490906,16.473459831490906,12.379112182318568,16.409686185147837,1.7829712973478602,-163.83664752368855,7.150271132712347,9.406983539467404,4.532609195170423,2.5231170654296875,36.74024988109883,0
4af4f6b5-b557-4bf1-9cb5-76fc669915e8_delivery_15,47,128.81023912910388,63.18970696763933,128.81023912910388,71.7720933388557,62.36902412430437,71.7720933388557,71.98535517591381,-64.16947342923692,5.239606875040555,161.23400588135317,3.3319876988095425,14.972773263622635,7.695031595019738,10.925687899393616,3.3319876988095425,14.972773263622635,3.314697265625,14.63165283203125,63.18970696763933,62.36902412430437,161.23400588135317,14.972773263622635,56.2776334266079,-155.99743039674232,-169.93881880698052,13.941388410238204,-65.95469287761934,-1.0042447194093143,8.006741145226488,3.5179958545176166,8.006741145226488,174.4685935974121,439.6246871948242,9.205751433001618,-155.99743039674232,-169.93881880698052,20.5793991158538,6.527307928199195,20.5793991158538,57.86229702660373,8.034806178711769,57.86229702660373,167.01191547239526,177.9227159758558,177.9227159758558,167.01191547239526,22.085955449021974,11.35172745737232,22.085955449021974,14.691086247669636,14.691086247669636,12.006203380895762,12.416158902079998,1.8078033211292885,-163.5045687583711,13.144473383001088,11.053095572416789,4.614863711848014,2.6370697021484375,38.67560780961752,0
4af4f6b5-b557-4bf1-9cb5-76fc669915e8_delivery_15,48,81.65190611769403,43.59423518726595,81.65190611769403,34.05178617745886,32.168601026250876,34.05178617745886,65.62837114285173,-75.75806202210441,6.540261843293223,170.73759060667274,6.010662371557163,15.37788672350208,9.324102397112037,10.941350051889794,6.010662371557163,15.37788672350208,5.8271484375,15.240447998046875,43.59423518726595,32.168601026250876,170.73759060667274,15.37788672350208,33.33345176878383,-156.94026315486613,-170.23905558203668,13.298792427170554,-67.04636184068512,-0.9428327581238136,1.6577773208626259,6.876404783170629,6.876404783170629,174.607421875,439.7070770263672,4.827586285068823,-156.94026315486613,-170.23905558203668,7.935943756010596,6.62290151201956,7.935943756010596,28.978077906649318,4.847006981157601,28.978077906649318,169.93857954994297,178.34680270870223,178.34680270870223,169.93857954994297,14.24141651735858,8.912129371274279,14.24141651735858,6.441451890450276,6.441451890450276,4.421118105550768,5.289519291505617,1.8236002905599202,-162.58131166482386,3.8493080192456013,2.829151662387781,4.64985200265759,1.529937744140625,22.628182221431075,0
4af4f6b5-b557-4bf1-9cb5-76fc669915e8_delivery_15,49,60.79504537240171,20.909343760800404,60.79504537240171,15.35341115577441,29.395878299585917,29.395878299585917,66.1784178048535,-69.90942592182452,2.535957772063321,162.79675487497622,7.08708032580488,14.778768037258036,10.719183166406786,11.533134719307016,7.08708032580488,14.778768037258036,6.66033935546875,14.67645263671875,20.909343760800404,29.395878299585917,162.79675487497622,14.778768037258036,26.89140164973706,-159.0278130924293,-171.46687978286363,12.439066690434316,-69.35280410688749,-2.087549937563182,23.59482598611067,11.299905323749256,23.59482598611067,174.6612892150879,439.4950485229492,6.541956335919675,-159.0278130924293,-171.46687978286363,8.331819966218308,8.126760140067985,8.331819966218308,26.268443608330276,5.589338930366554,26.268443608330276,172.14114589543385,179.03132430578864,179.03132430578864,172.14114589543385,13.236146292038171,15.403480394360589,15.403480394360589,22.358046202528907,22.358046202528907,23.626606553911294,22.047423820364003,1.6955961079326178,-162.33189731652712,27.58474257274925,20.749118294918826,4.375900462841811,0.5809478759765625,19.85869993581702,0
4af4f6b5-b557-4bf1-9cb5-76fc669915e8_delivery_15,50,67.56663241677745,43.41695684660888,67.56663241677745,16.071264736431488,49.73956281670586,49.73956281670586,72.95182629214443,-63.766169275465174,7.548995670317204,153.08802308859384,8.548066495045731,13.689175642632904,12.335018885366667,12.156124892051077,8.548066495045731,13.689175642632904,7.549163818359375,13.67578125,43.41695684660888,49.73956281670586,153.08802308859384,13.689175642632904,32.714588561495425,-161.7997857885038,-172.1145686847284,10.314782896224585,-71.19452371171366,-2.7719726960744993,17.35897359868693,2.134140953761946,17.35897359868693,174.94495010375977,439.4497299194336,8.590210822495784,-161.7997857885038,-172.1145686847284,15.737950703444913,18.11847817165165,18.11847817165165,20.887880800629425,6.347968470662464,20.887880800629425,176.02169766265277,178.65170291183603,178.65170291183603,176.02169766265277,16.215474588920074,21.754589152593994,21.754589152593994,6.7164965084350925,6.7164965084350925,5.381390594243407,6.682756612077912,1.5916056524719921,-163.03248053417462,8.017798246676838,1.2367387760942423,4.158848550069672,0.2293548583984375,24.612489438072927,0
4af4f6b5-b557-4bf1-9cb5-76fc669915e8_delivery_15,51,33.50252451567778,34.58298132159387,34.58298132159387,24.04827573692671,30.041905351400725,30.041905351400725,80.43639762656566,-49.99270309881638,17.634855301329136,138.16723809984595,8.307331240943952,12.58267878801488,12.643182107339063,12.113630563173796,8.307331240943952,12.58267878801488,6.6328125,12.582672119140625,34.58298132159387,30.041905351400725,138.16723809984595,12.58267878801488,22.0671343079965,-162.4570012098088,-171.95770681457745,9.500705604768655,-71.98078816991068,-0.6572154213049828,6.88544729171799,3.3416716306619145,6.88544729171799,175.1406364440918,439.4649200439453,5.869436568550264,-162.4570012098088,-171.95770681457745,10.08302082353367,14.102604861918644,14.102604861918644,13.448994532634279,1.2746127181745068,13.448994532634279,176.5927567239849,177.6305975480758,177.6305975480758,176.5927567239849,11.690198244752741,9.838306424577206,11.690198244752741,16.568025812681988,16.568025812681988,16.04796159380325,16.419334406992512,1.5517381675999953,-162.84242736883238,5.070055206161731,5.545296160767457,4.137910881058622,-0.867919921875,16.0700452877975,0
4af4f6b5-b557-4bf1-9cb5-76fc669915e8_delivery_15,52,81.09999930950104,144.05125812745115,144.05125812745115,39.42068897919716,81.18632164958859,81.18632164958859,81.72202442886272,67.97737293309167,17.25124113815669,25.29519781751995,5.1912205278437265,8.232304460959776,10.960434898883396,10.24913555154821,5.1912205278437265,8.232304460959776,3.5374755859375,8.104339599609375,144.05125812745115,81.18632164958859,25.29519781751995,8.232304460959776,63.47881314244239,-163.16601893299233,-171.94523124018068,8.779212307188345,-72.56945045119109,-0.7090177231835355,20.807789662894805,14.306821126021637,20.807789662894805,175.23906326293945,439.2452392578125,7.198610631527871,-163.16601893299233,-171.94523124018068,18.601627528811136,26.93677948970538,26.93677948970538,22.884670217778055,19.959925739084884,22.884670217778055,177.46863361990418,176.3284787054056,176.3284787054056,177.46863361990418,8.679542932996906,18.473824571474545,18.473824571474545,20.01707435705952,20.01707435705952,16.040505181711808,20.969689348094093,1.2835028445680094,-162.4400403241302,9.334236558800832,14.792795297443647,3.3331422405995275,-3.522613525390625,41.36743744454211,0
4af4f6b5-b557-4bf1-9cb5-76fc669915e8_delivery_15,53,11.21323248386877,167.0546523030646,167.0546523030646,66.46378494281218,83.56985946550066,83.56985946550066,90.188544121226,74.39881512478347,18.610016229439342,29.53205525958645,4.150948587638656,4.546809216607009,9.621250313272641,8.016930646284003,4.150948587638656,4.546809216607009,2.803497314453125,3.228912353515625,167.0546523030646,83.56985946550066,29.53205525958645,4.546809216607009,65.39913190353955,-167.16109389922326,-173.82356918823055,6.66247528900729,-73.18870421141814,-3.9950749662309306,41.72005117019928,22.373211055791838,41.72005117019928,175.1875457763672,438.9160461425781,9.96405728102493,-167.16109389922326,-173.82356918823055,25.65596233260659,30.95267467729245,30.95267467729245,25.316171096528205,25.071956178602672,25.316171096528205,178.35197394164248,174.97523196905345,174.97523196905345,178.35197394164248,21.254439497734793,21.071314535927424,21.254439497734793,22.14142824589071,22.14142824589071,21.011648380348337,24.95348333026908,0.9191778179714006,-162.28873745377646,14.588923325513337,22.64043138565488,2.1567985732650525,-2.4277801513671875,45.14310914499413,0
4af4f6b5-b557-4bf1-9cb5-76fc669915e8_delivery_15,54,51.48343723703385,101.92722141092754,101.92722141092754,27.81642196784795,33.99935559648776,33.99935559648776,100.52411680708414,82.3598549669221,25.048584498388053,37.746147949033066,3.483554194172173,4.100168357354026,8.165978306448059,6.633022419901851,3.483554194172173,4.100168357354026,1.0506591796875,-0.024078369140625,101.92722141092754,33.99935559648776,37.746147949033066,4.100168357354026,39.97689067642896,-167.0264062542808,-173.51639680562133,6.489990551340526,-72.38197769420823,0.13468764494245988,13.812015822451773,10.822892023824862,13.812015822451773,175.41893005371094,438.84178924560547,7.266939108129301,-167.0264062542808,-173.51639680562133,1.4511030724918468,6.3229921218802945,6.3229921218802945,3.021526209874265,5.340496289675515,5.340496289675515,179.00096400761757,173.687626670182,173.687626670182,179.00096400761757,3.8490888657285045,3.1157556328588,3.8490888657285045,23.474787829535355,23.474787829535355,26.522875160940735,23.65517012531251,1.0649126514442635,-161.71173345217255,31.273679732588864,21.79326771324228,2.4575818177763233,-2.4402313232421875,21.91352552092358,0
4af4f6b5-b557-4bf1-9cb5-76fc669915e8_delivery_15,55,21.859304361351334,33.18499799633753,33.18499799633753,14.181927027607033,39.97414813549092,39.97414813549092,106.97877328051821,92.71514321415592,33.96009229339003,34.440129056396046,4.6606463293928355,3.6086801074756494,8.25952927987167,6.195783027974778,4.6606463293928355,3.6086801074756494,0.71759033203125,-1.027923583984375,33.18499799633753,39.97414813549092,34.440129056396046,3.6086801074756494,23.9173866058365,-165.2381290037926,-172.82284077329024,7.5847117694976305,-72.10247146900085,1.7882772504881927,20.585243079940593,13.71869903429161,20.585243079940593,175.56548690795898,438.69141387939453,6.279276662231564,-165.2381290037926,-172.82284077329024,17.93419503594803,9.747866001112952,17.93419503594803,18.398343637563077,9.409536804442377,18.398343637563077,178.65035341125957,173.4841519447164,173.4841519447164,178.65035341125957,12.843298303741157,10.05390252245827,12.843298303741157,10.48864905228629,10.48864905228629,12.99141287963699,8.430410679125966,1.269170249450561,-159.34914155773603,22.74506182818085,6.984073903149222,3.0280678962804193,-0.5250396728515625,18.490955161690405,0
4af4f6b5-b557-4bf1-9cb5-76fc669915e8_delivery_15,56,42.433953022127106,36.3771593115013,42.433953022127106,18.640023780556547,30.844566419121453,30.844566419121453,113.29713610624468,100.63382733088653,43.168116711136854,31.094257854646347,6.326291310999424,3.3943398733646863,9.025763098502866,5.6972044252497955,6.326291310999424,3.3943398733646863,1.178619384765625,-2.206329345703125,36.3771593115013,30.844566419121453,31.094257854646347,3.3943398733646863,25.552111719149213,-163.89322322073957,-172.0436054957587,8.150382275019126,-72.19287320232328,1.3449057830530364,10.95862128943198,14.058346492156877,14.058346492156877,175.68476486206055,438.4349899291992,8.457136982802773,-163.89322322073957,-172.0436054957587,9.938429733430077,8.225980440117223,9.938429733430077,14.980070211604248,4.767268120795651,14.980070211604248,179.0763547568436,173.8300373436101,173.8300373436101,179.0763547568436,9.635769006809548,8.031180659184129,9.635769006809548,7.670823782920845,7.670823782920845,6.213858824952049,8.988313652067077,1.4004621982905336,-156.26252780945003,14.680277597761076,16.58352605773024,3.316026716909429,-0.05169677734375,17.407614040569676,0
4af4f6b5-b557-4bf1-9cb5-76fc669915e8_delivery_15,57,54.397648448002485,135.91642973753952,135.91642973753952,24.60439443424717,111.37092155623064,111.37092155623064,121.20697819313247,126.503064637547,60.128381676549665,3.2890986636836907,9.64279243142667,0.38484963992039684,10.328226420964365,5.540709785043101,9.64279243142667,0.38484963992039684,1.58367919921875,0.014739990234375,135.91642973753952,111.37092155623064,3.2890986636836907,0.38484963992039684,66.9015284289142,-159.56647276639492,-169.74671990374583,10.180247137350904,-71.76537356792198,4.326750454344648,48.97568769791463,26.144088699550757,48.97568769791463,176.0587615966797,438.48534393310547,11.284965284634808,-159.56647276639492,-169.74671990374583,26.67167257405824,23.191123567885526,26.67167257405824,21.156522182238735,19.791077557953678,21.156522182238735,178.65132288204063,174.91054098028658,174.91054098028658,178.65132288204063,30.05007088971453,13.277611377889594,30.05007088971453,8.799967131071117,8.799967131071117,19.01551872324434,4.988423549112984,1.9034552670660907,-156.002161515852,44.29823998082878,5.341029840907523,4.808940576097171,1.3353729248046875,44.62893739360212,0
4af4f6b5-b557-4bf1-9cb5-76fc669915e8_delivery_15,58,39.41864181872162,151.76343927372625,151.76343927372625,61.8624473511096,106.90984618644335,106.90984618644335,123.67534497134295,150.61510585055674,69.58007321315964,41.52423375033929,12.939336041991421,4.537183306864917,12.534163602603924,6.13706212582506,12.939336041991421,4.537183306864917,1.99749755859375,2.559600830078125,151.76343927372625,106.90984618644335,41.52423375033929,4.537183306864917,75.86311231435391,-158.01050150263322,-168.94496191094063,10.934460408307416,-70.54489226431866,1.5559712637617054,69.40873235436676,25.81556690175589,69.40873235436676,176.49291610717773,438.66368103027344,14.035664287839662,-158.01050150263322,-168.94496191094063,34.277261278628686,30.671187219002153,34.277261278628686,27.432481463671987,24.281278001855327,27.432481463671987,177.90687872152637,176.0943386587303,176.0943386587303,177.90687872152637,35.31146561074871,23.022379841423966,35.31146561074871,14.967821948321477,14.967821948321477,28.868468454743276,9.744585979936705,2.5440374253376508,-155.72117310165245,58.580203051996115,6.890418097083271,6.71883741007614,1.1978302001953125,52.514560608454524,0
4af4f6b5-b557-4bf1-9cb5-76fc669915e8_delivery_15,59,37.801222803702274,116.66489645042277,116.66489645042277,14.156224584587342,99.4050330087458,99.4050330087458,126.23982087738678,166.47507273536792,74.8424305692417,62.2190567677329,14.90059874581677,7.732502999838294,13.892765905629433,6.404470155864385,14.90059874581677,7.732502999838294,2.68682861328125,4.278594970703125,116.66489645042277,99.4050330087458,62.2190567677329,7.732502999838294,52.06993468766111,-157.10143023447444,-168.6244712682077,11.523041033733278,-70.80671490900305,0.9090712681587831,23.20128971420405,21.190941564304424,23.20128971420405,176.5517120361328,438.7271499633789,2.587229904937439,-157.10143023447444,-168.6244712682077,13.28142242959517,8.160002888728036,13.28142242959517,1.5860007813507389,4.873156682383868,4.873156682383868,177.07624316114683,176.9054837369141,176.9054837369141,177.07624316114683,15.360981129655672,7.536782596996021,15.360981129655672,10.575328651668213,10.575328651668213,11.686612079875086,8.799577542336934,2.639725796227155,-154.2079841764632,13.540172650800901,2.849146131709355,7.107898800460802,1.1343231201171875,30.268162886223013,0
4af4f6b5-b557-4bf1-9cb5-76fc669915e8_delivery_15,60,36.41372284363747,11.739567744807479,36.41372284363747,25.80393610029328,35.73038020426793,35.73038020426793,126.82941056481664,168.89031365820992,76.6370857722562,53.85338939496021,15.360573173077587,7.415384030506736,13.619094748442308,5.908963577516253,15.360573173077587,7.415384030506736,1.72332763671875,3.58837890625,11.739567744807479,35.73038020426793,53.85338939496021,7.415384030506736,20.503624986717444,-155.78082452171017,-168.30116875631694,12.520344234606767,-71.11315010766637,1.3206057127642623,2.7954513648744688,10.538691662424043,10.538691662424043,176.54053115844727,438.6781311035156,1.5035156281994362,-155.78082452171017,-168.30116875631694,7.128539320632337,1.4029546444286294,7.128539320632337,2.7316742472980846,6.42772885229981,6.42772885229981,176.14327377961632,177.4206490706367,177.4206490706367,176.14327377961632,2.421181952459016,0.43082647347896286,2.421181952459016,17.121400283053063,17.121400283053063,15.000880419727153,18.124419461561335,2.5515630070026063,-152.69037026473896,8.294579686051708,16.47537637221034,6.879808963141709,-0.7069854736328125,11.963721284241794,0
4af4f6b5-b557-4bf1-9cb5-76fc669915e8_delivery_15,61,56.58477943407645,24.40430095464275,56.58477943407645,19.745317767554162,30.78905784706751,30.78905784706751,125.26787922595017,170.02809662090544,74.79176417555752,40.40502922472894,14.47004661910389,6.898471256008944,12.372258123950497,5.737255883354229,14.47004661910389,6.898471256008944,0.218353271484375,2.656494140625,24.40430095464275,30.78905784706751,40.40502922472894,6.898471256008944,24.289692543056244,-155.84555187817298,-168.67417850901236,12.82862663083938,-70.9136790591241,-0.0647273564628108,10.383642090259764,3.8310571647368317,10.383642090259764,176.66767120361328,438.63977813720703,3.971236732741697,-155.84555187817298,-168.67417850901236,6.631446752015346,3.3436021329118084,6.631446752015346,6.358958620702455,4.168625684410811,6.358958620702455,175.8360069526939,177.03365793971088,177.03365793971088,175.8360069526939,4.351929133299903,0.22085158527251914,4.351929133299903,16.5670449218256,16.5670449218256,12.732051275645086,15.20776929502676,2.436666223779926,-153.15510877688772,8.832070940111686,11.969534017953789,6.653650505254951,-1.1564788818359375,14.234464097245857,0
4af4f6b5-b557-4bf1-9cb5-76fc669915e8_delivery_15,62,106.47824291160443,37.3025488138203,106.47824291160443,35.50248596238097,25.079829975890558,35.50248596238097,119.01366130339356,166.98895197383257,67.1956517230095,32.28312912352318,11.72452175365043,6.14573756248739,9.894543825183714,5.8189366898931985,11.72452175365043,6.14573756248739,-2.01837158203125,1.834442138671875,37.3025488138203,25.079829975890558,32.28312912352318,6.14573756248739,36.457783062021974,-157.3630301860918,-169.94807595926565,12.585045773173846,-70.75304392540534,-1.5174783079188217,5.504186031536788,8.87940467689878,8.87940467689878,176.68542098999023,438.61570739746094,0.8943566368763277,-157.3630301860918,-169.94807595926565,8.840212797091745,3.41299632481433,8.840212797091745,3.367525857029724,3.2447317127473245,3.367525857029724,174.88130689196126,176.61465390701161,176.61465390701161,174.88130689196126,6.935726041351321,2.238555245861934,6.935726041351321,19.776468884628102,19.776468884628102,18.466648278632075,18.523989432580994,2.2923224326638216,-153.87022694857856,13.663050374545781,10.031789698249192,6.265978775016532,-1.5823974609375,20.56553719591902,0
4af4f6b5-b557-4bf1-9cb5-76fc669915e8_delivery_15,63,95.31999067191194,58.36142562389196,95.31999067191194,26.821333008736275,29.56423205538594,29.56423205538594,113.7686982120171,164.77355409413823,62.92275302399372,22.328546449388426,10.26091805753279,4.541736144590743,7.569151858662485,6.631907193763471,10.26091805753279,4.541736144590743,-4.364654541015625,1.438690185546875,58.36142562389196,29.56423205538594,22.328546449388426,4.541736144590743,38.709862432270775,-158.37955232286046,-170.83091884253906,12.4513665196786,-70.70375148006572,-1.016522136768657,6.135800376251593,16.05639285744699,16.05639285744699,176.67135620117188,438.88883209228516,8.17838262279825,-158.37955232286046,-170.83091884253906,4.476782545596438,7.546282485327206,7.546282485327206,7.9923971586803155,3.5269813619235078,7.9923971586803155,174.54059676021137,176.47036636202336,176.47036636202336,174.54059676021137,6.533574740339934,11.101686875767165,11.101686875767165,19.42292319824046,19.42292319824046,15.699092992039361,15.579675599324858,2.1020965684717807,-155.8046632309745,12.176931539344531,3.5630706659308764,5.814049586890859,-1.6631927490234375,22.786406646771606,0
4af4f6b5-b557-4bf1-9cb5-76fc669915e8_delivery_15,64,67.45835635935144,85.58183966077867,85.58183966077867,21.682321757597848,43.98841059623925,43.98841059623925,110.79876488881082,158.60454797553518,66.89230783588879,4.499745913683629,10.839734255005723,4.11391402016291,6.284442621938545,6.114816393147701,10.839734255005723,4.11391402016291,-6.519927978515625,-1.043853759765625,85.58183966077867,43.98841059623925,4.499745913683629,4.11391402016291,39.29170993086736,-159.08955490538142,-171.19292035188926,12.103365446507837,-70.66509428686037,-0.710002582520957,6.341104385248652,10.698226825988325,10.698226825988325,176.6116600036621,439.029052734375,4.557362621574153,-159.08955490538142,-171.19292035188926,7.047537244646473,4.8993754972806665,7.047537244646473,9.516204144524918,0.9673372031695089,9.516204144524918,173.84314442734222,175.92460218961244,175.92460218961244,173.84314442734222,4.315927531259649,3.8745772778377114,4.315927531259649,10.564774255927963,10.564774255927963,10.801417171994723,9.062884145936447,2.0595165788759453,-157.4088704189143,9.636653137168796,3.8263728925453364,5.687211046556105,-2.5259246826171875,22.197601540326925,0
4af4f6b5-b557-4bf1-9cb5-76fc669915e8_delivery_15,65,80.02293613074228,82.94973173461432,82.94973173461432,37.01802690811275,47.9411504480461,47.9411504480461,105.47166575627976,151.822906460127,65.76747915535762,12.81178606541415,10.770304223764349,5.138077641371415,4.790668659193419,5.659586798829055,10.770304223764349,5.138077641371415,-8.32244873046875,-3.458984375,82.94973173461432,47.9411504480461,12.81178606541415,5.138077641371415,44.07928464131377,-160.84686065548001,-172.0075246003254,11.160663944845396,-70.47549822825884,-1.7573057500985954,4.312311407518818,12.231551218848361,12.231551218848361,176.57944869995117,439.10999298095703,2.605076954170344,-160.84686065548001,-172.0075246003254,3.7263053230227716,3.748715937569679,3.748715937569679,4.3471912161973965,0.6746499880469861,4.3471912161973965,173.75619417961542,175.75797732804782,175.75797732804782,173.75619417961542,2.5718837669492776,3.308494518014,3.308494518014,5.076674641962097,5.076674641962097,6.489919072348435,5.674172692301307,2.1277865486552914,-158.4634996322083,5.178759415198469,7.964244810678182,5.905163787611879,-2.2940521240234375,23.571079049806897,0
4af4f6b5-b557-4bf1-9cb5-76fc669915e8_delivery_15,66,39.24231607511023,81.46067093099738,81.46067093099738,9.658409432077198,58.937629415868656,58.937629415868656,102.86472056632607,144.52597805786942,63.43250198113084,28.14931735745177,10.738981105236372,6.555781300049916,3.7921337152359804,5.684033734559863,10.738981105236372,6.555781300049916,-9.178375244140625,-5.655517578125,81.46067093099738,58.937629415868656,28.14931735745177,6.555781300049916,37.24614188000184,-162.91103808927218,-173.3623769248578,10.45133883558563,-71.3187976986928,-2.0641774337921674,9.977649045037857,24.200176380919682,24.200176380919682,176.33005905151367,439.3023376464844,9.418223165173881,-162.91103808927218,-173.3623769248578,4.626083657217879,1.1597941676404158,4.626083657217879,2.283652645339139,1.798273743298164,2.283652645339139,173.5048471601582,175.5377410940395,175.5377410940395,173.5048471601582,1.325133708989623,6.471568970403856,6.471568970403856,9.43289038706107,9.43289038706107,11.035000254152644,10.818556038907639,2.148787939632152,-158.881603343356,10.603585885012373,12.998623006001193,6.015365987568352,-1.8212738037109375,20.095113181075007,0
4af4f6b5-b557-4bf1-9cb5-76fc669915e8_delivery_15,67,18.527152950888123,88.37181904654176,88.37181904654176,23.903256698685514,62.28637830951412,62.28637830951412,101.45828566653391,139.25620675733285,61.543210902719174,41.756666312505374,10.960957400934097,8.86056327294917,4.426263497796131,5.3172981195912365,10.960957400934097,8.86056327294917,-9.269622802734375,-7.98406982421875,88.37181904654176,62.28637830951412,41.756666312505374,8.86056327294917,38.38448428624524,-163.64715743723207,-173.71002423160448,10.062866794372411,-72.55609232223567,-0.7361193479598853,10.64200861439706,26.576290097444865,26.576290097444865,176.0481185913086,439.64794921875,13.337978649595453,-163.64715743723207,-173.71002423160448,1.9532747991593493,4.056476066491679,4.056476066491679,4.835137647075688,3.56671787680264,4.835137647075688,173.19471440934214,174.9135391100119,174.9135391100119,173.19471440934214,12.407407301649886,13.75011108728959,13.75011108728959,18.88326425229378,18.88326425229378,16.19950897798119,21.58476943271667,2.3364614159608017,-158.1890017154724,8.210698137025625,22.12668468676117,6.473859619009237,-1.4937744140625,22.57300254132835,0
4af4f6b5-b557-4bf1-9cb5-76fc669915e8_delivery_15,68,11.718216950005889,118.41486154563606,118.41486154563606,13.631761031927747,27.364679816448614,27.364679816448614,99.47803463739976,137.9631866507232,58.83061948604277,78.71965663609478,10.822173250938697,12.490245608070458,4.4863584041871105,4.256016333401599,10.822173250938697,12.490245608070458,-9.348236083984375,-10.98272705078125,118.41486154563606,27.364679816448614,78.71965663609478,12.490245608070458,32.55015139169592,-163.17599491321351,-173.0906715369212,9.914676623707692,-73.7517350531154,0.47116252401855263,6.067304701398738,18.104084304758498,18.104084304758498,175.92950439453125,439.7836685180664,5.390138538897016,-163.17599491321351,-173.0906715369212,2.9820792857919214,5.067137170117791,5.067137170117791,7.60213082456849,5.206698066424519,7.60213082456849,173.47027955428,174.47504173714472,174.47504173714472,173.47027955428,11.33013722989214,5.011266795081789,11.33013722989214,44.71962579503978,44.71962579503978,36.320415972027575,45.16150466379629,2.63591276530604,-158.76855700966317,12.51281771146734,32.194502593595914,7.1349197590863955,-1.57476806640625,19.375029810171014,0
4af4f6b5-b557-4bf1-9cb5-76fc669915e8_delivery_15,69,39.62814493513928,59.54247829248895,59.54247829248895,30.66585719429186,5.2332207373595905,30.66585719429186,94.13402289826246,136.14446437270098,62.20962882518787,105.27938880105478,10.902096047762305,14.023739036033449,3.7554298957245575,4.268238496235006,10.902096047762305,14.023739036033449,-10.117034912109375,-12.25701904296875,59.54247829248895,5.2332207373595905,105.27938880105478,14.023739036033449,27.1926092309985,-164.215170652685,-173.6250972553805,9.409926602695492,-75.4510099926619,-1.0391757394714887,8.059878619177978,20.02607560753332,20.02607560753332,175.79681396484375,439.9241409301758,5.778487388048955,-164.215170652685,-173.6250972553805,2.483985641772855,8.340327952644435,8.340327952644435,7.029294109532071,3.530028072138709,7.029294109532071,173.68834694510795,174.7396921399592,174.7396921399592,173.68834694510795,13.448176921933875,12.167128968824871,13.448176921933875,37.794887793232014,37.794887793232014,33.77695626830819,38.92690736544454,2.825171853596736,-159.47589993606485,20.574167167786584,31.896749582550576,7.5342207847557185,-0.9319305419921875,17.51288308773648,0
4af4f6b5-b557-4bf1-9cb5-76fc669915e8_delivery_15,70,35.31134375842198,64.81925550855433,64.81925550855433,10.113566278663999,8.162215374562473,10.113566278663999,91.13359621533981,135.23882717924178,80.52400391790218,126.2477368426206,11.781779305626042,15.554441687574597,4.034734931989342,5.243538129394564,11.781779305626042,15.554441687574597,-11.008392333984375,-13.54278564453125,64.81925550855433,8.162215374562473,126.2477368426206,15.554441687574597,26.457467735759312,-165.12704920358158,-174.14874223968616,9.02169303610458,-77.29860097994296,-0.9118785508965743,18.601306825778746,21.737118668574375,21.737118668574375,175.50740432739258,440.2368392944336,12.741348683472664,-165.12704920358158,-174.14874223968616,3.148927210032123,11.359563799630532,11.359563799630532,9.884682136810886,6.441726941879496,9.884682136810886,174.17345635413935,175.35366862054366,175.35366862054366,174.17345635413935,13.298297609082425,16.03258585796922,16.03258585796922,51.39277682193935,51.39277682193935,46.61721369725604,51.42795814900969,2.9983624003379745,-161.04389640317564,27.878253577250973,39.2992109763617,7.907259536174196,-1.228759765625,18.242549164163382,0
4af4f6b5-b557-4bf1-9cb5-76fc669915e8_delivery_15,71,60.557884306860686,71.66716511358749,71.66716511358749,15.838305942077449,11.602484040055677,15.838305942077449,89.7454430313984,135.72465089066299,99.766518817382,142.74161339091825,13.42898076840993,17.39934197467941,5.26712381281764,6.774507282887213,13.42898076840993,17.39934197467941,-12.40814208984375,-14.740875244140625,71.66716511358749,11.602484040055677,142.74161339091825,17.39934197467941,32.158925246612284,-165.56503128460352,-174.12998487908965,8.564953594486127,-78.92766367272905,-0.4379820810219428,19.567278769434,13.720433307658395,19.567278769434,175.2747344970703,440.37493896484375,8.091089434225989,-165.56503128460352,-174.12998487908965,5.9057218358482055,4.938877443868774,5.9057218358482055,1.0298750694752166,7.731601588939193,7.731601588939193,174.14322492504553,176.6571534515519,176.6571534515519,174.14322492504553,9.450754090841748,10.615303870326658,10.615303870326658,46.98920738407476,46.98920738407476,42.3800082430368,46.22994612203136,3.135161501444041,-161.90393879483943,27.729216106372572,33.42958417106935,8.10277175892455,-1.2553558349609375,19.385473781581123,0
4af4f6b5-b557-4bf1-9cb5-76fc669915e8_delivery_15,72,61.70738700033178,45.06678856165193,61.70738700033178,22.414891499874628,15.643395523084255,22.414891499874628,89.91692993251704,135.43365131826457,115.64348405925999,147.00048007908936,15.665931486297186,18.98295646640073,6.738131925407208,8.618724130811092,15.665931486297186,18.98295646640073,-14.4490966796875,-16.25152587890625,45.06678856165193,15.643395523084255,147.00048007908936,18.98295646640073,30.21657610374051,-166.24954634511144,-174.50806741063866,8.25852106552722,-80.0321759486751,-0.6845150605079198,22.38882244120711,14.078171596293375,22.38882244120711,175.0410499572754,440.19458770751953,8.827298240176454,-166.24954634511144,-174.50806741063866,3.411657210786798,9.375564194262864,9.375564194262864,1.7002660639067673,5.987111502400839,5.987111502400839,174.58042455358103,178.2095495910151,178.2095495910151,174.58042455358103,2.317766755221232,3.2459807431802776,3.2459807431802776,33.65639555243882,33.65639555243882,34.60254690153188,33.72015952089694,3.144140050526397,-163.34699145545696,31.096695216032384,28.45363693833978,8.103112725454261,-1.34368896484375,17.27815025768349,0
4af4f6b5-b557-4bf1-9cb5-76fc669915e8_delivery_15,73,63.04109195223048,39.89525859253768,63.04109195223048,20.997873467078097,15.213604596456129,20.997873467078097,90.59626852091617,132.7506231736047,127.56440924524841,148.94706496635388,18.161635047183168,20.114242668539024,8.354376294922423,9.46092892096325,18.161635047183168,20.114242668539024,-16.8414306640625,-17.6416015625,39.89525859253768,15.213604596456129,148.94706496635388,20.114242668539024,29.439716645931572,-168.27621572607015,-175.8562558940236,7.580040167953456,-80.57332489267233,-2.026669380958708,24.054830152342145,13.435641114944916,24.054830152342145,174.6744041442871,440.0400848388672,11.897952628092218,-168.27621572607015,-175.8562558940236,0.8298363390528612,9.784320805619947,9.784320805619947,3.164135504949042,8.343514376674237,8.343514376674237,173.52366895113138,178.03802646718566,178.03802646718566,173.52366895113138,8.196500442728519,10.500711828289239,10.500711828289239,27.708398744394778,27.708398744394778,31.0169538275241,26.542902917359093,3.0048005034214,-164.3735332801508,33.9788366097152,22.02833019983569,7.740105335508542,-1.5164947509765625,18.12144326440861,0
4af4f6b5-b557-4bf1-9cb5-76fc669915e8_delivery_15,74,56.16179411294996,32.22189144286822,56.16179411294996,16.59704182148338,14.054884942052352,16.59704182148338,90.89786167781836,131.15490369064221,137.3734894076403,149.60991540197702,20.119722087276564,21.121234844873285,9.107905012706102,10.153347786575164,20.119722087276564,21.121234844873285,-19.05194091796875,-18.80572509765625,32.22189144286822,14.054884942052352,149.60991540197702,21.121234844873285,24.39936335534873,-168.9679111061658,-176.26458752105512,7.296676414889333,-80.9867462233398,-0.6916953800956378,15.5017388321791,11.858828980559363,15.5017388321791,174.38779830932617,439.7714080810547,11.747804420522664,-168.9679111061658,-176.26458752105512,11.756843297990343,5.654120881206735,11.756843297990343,7.964194354193886,2.966716355311108,7.964194354193886,174.04832963734344,177.27637148460292,177.27637148460292,174.04832963734344,12.26066488159716,9.05737427255377,12.26066488159716,23.44135879745699,23.44135879745699,26.83717307164151,23.66241854790938,2.9518968553901246,-166.3645097010622,27.49679505370782,21.338115148206104,7.641620830048472,-1.4520721435546875,16.338007847912113,0
4af4f6b5-b557-4bf1-9cb5-76fc669915e8_delivery_15,75,55.273997192601776,17.24633033756265,55.273997192601776,10.607336104962053,13.14733145388238,13.14733145388238,91.32063441685979,129.16203897270321,151.00631042193558,150.34616116392337,21.867256220155788,21.880755221948046,9.514624478751827,10.495010852862933,21.867256220155788,21.880755221948046,-21.263427734375,-19.760040283203125,17.24633033756265,13.14733145388238,150.34616116392337,21.880755221948046,23.223045363182536,-170.34777739176835,-177.00296632908433,6.655188937315984,-81.48240353692889,-1.37986628560256,23.860130175685033,19.203146914401323,23.860130175685033,174.15923690795898,439.16988372802734,19.242843220436484,-170.34777739176835,-177.00296632908433,7.021404252351331,7.402299603170541,7.402299603170541,5.956727838655332,4.448331866401791,5.956727838655332,173.17285530560443,176.29272558184326,176.29272558184326,173.17285530560443,19.75238863167882,17.286502269507785,19.75238863167882,35.310621011672914,35.310621011672914,37.374339229231715,35.893759487353755,2.955773649956649,-168.49139111739908,36.00686371180557,30.49020653211313,7.627509998208235,-0.9793853759765625,16.767160553405066,0
4af4f6b5-b557-4bf1-9cb5-76fc669915e8_delivery_15,76,59.94312808421542,20.888653526509895,59.94312808421542,7.368161398980838,6.850952389573238,7.368161398980838,89.8381797328932,126.8113177267401,159.9813740796111,151.0779311021731,23.25703896206749,22.718264402266836,9.93304261108606,11.102026297091424,23.25703896206749,22.718264402266836,-23.016632080078125,-20.890380859375,20.888653526509895,6.850952389573238,151.0779311021731,22.718264402266836,22.34205829654123,-171.34440512707528,-177.50592786650208,6.1615227394268,-81.71070871084936,-0.9966277353069302,19.638684684549506,19.362769695418486,19.638684684549506,173.9159393310547,438.6679916381836,16.6791523397806,-171.34440512707528,-177.50592786650208,8.957704178683233,4.1931284537731095,8.957704178683233,22.525386614105063,5.15612292464789,22.525386614105063,171.66384044292337,174.88656631055608,174.88656631055608,171.66384044292337,15.326208893809866,15.500458044717249,15.500458044717249,29.319820316261684,29.319820316261684,32.535075776295116,31.877134302442336,3.0236841538657138,-171.2028376091585,32.043144111956835,29.679853024032877,7.765601265801939,-0.900848388671875,17.14261324074865,0
4af4f6b5-b557-4bf1-9cb5-76fc669915e8_delivery_15,77,69.5548661364333,25.322344377373646,69.5548661364333,10.076550457914864,13.504849809884416,13.504849809884416,87.92479079807771,125.28247661880893,169.31395383289305,151.70112229083603,24.489765684290912,23.49002150468232,10.60556806250873,11.636994080145081,24.489765684290912,23.49002150468232,-24.46588134765625,-21.825439453125,25.322344377373646,13.504849809884416,151.70112229083603,23.49002150468232,24.698500318589698,-172.5931010886984,-178.04349637896397,5.450395290265561,-82.47056856253687,-1.2486959616231275,13.973770567912643,15.758620562019324,15.758620562019324,173.76638793945312,438.2624282836914,12.926315180186043,-172.5931010886984,-178.04349637896397,11.550216866658397,13.890446913348676,13.890446913348676,17.855310377926788,7.70061496037751,17.855310377926788,169.9480137959653,173.47490992777435,173.47490992777435,169.9480137959653,17.431704517799254,14.379580020236917,17.431704517799254,35.25740625623496,35.25740625623496,37.09485019613144,37.376945095809226,3.091648283940441,-173.9991348761325,31.30716376971229,30.130796192519426,7.851816738636117,-0.9066162109375,19.249906297323815,0
4af4f6b5-b557-4bf1-9cb5-76fc669915e8_delivery_15,78,77.35219167222778,24.094690993268607,77.35219167222778,17.11578117389088,16.622452673708032,17.11578117389088,85.03763400507945,123.19863379943818,176.23795603636881,153.6885260276426,25.779375486777337,24.084923828353787,11.358846279656568,11.963799831366428,25.779375486777337,24.084923828353787,-25.736480712890625,-22.562744140625,24.094690993268607,16.622452673708032,153.6885260276426,24.084923828353787,27.761782264111087,-173.42276034903384,-178.42946159949247,5.006701250458633,-83.83756086153186,-0.8296592603354327,9.539082439270013,21.846494632301226,21.846494632301226,173.62557983398438,437.9426727294922,10.448087707458102,-173.42276034903384,-178.42946159949247,9.193128157150293,13.66225587606083,13.66225587606083,25.321884711848437,10.172084061328569,25.321884711848437,168.28435399236707,173.40586114182534,173.40586114182534,168.28435399236707,17.383967474784342,13.197703083910975,17.383967474784342,30.718469658950617,30.718469658950617,31.44178776388179,34.793396766616986,3.277029432495835,-175.9799787583981,26.311360849905004,34.18118165659663,8.239762359490058,-0.8344573974609375,21.2918097458125,0
4af4f6b5-b557-4bf1-9cb5-76fc669915e8_delivery_15,79,77.49537956851009,27.30834789157068,77.49537956851009,17.47376900276048,14.47294590646438,17.47376900276048,82.50373582644615,121.6147562826069,176.91290107610277,155.91054777168986,26.80202681709974,24.70351933758201,12.223252985783278,12.389577384538125,26.80202681709974,24.70351933758201,-26.47906494140625,-23.242706298828125,27.30834789157068,14.47294590646438,155.91054777168986,24.70351933758201,27.360160330776363,-174.7486649046787,-179.30223647114585,4.553571566467156,-84.73348385798191,-1.325904555644854,9.373309554107648,18.037210061244902,18.037210061244902,173.46736907958984,437.78380584716797,6.704755214334859,-174.7486649046787,-179.30223647114585,11.489834589725396,3.048552764565741,11.489834589725396,18.37403440153024,2.781102799103903,18.37403440153024,165.3262882264194,173.6517235433437,173.6517235433437,165.3262882264194,9.647331692767303,4.314804278276771,9.647331692767303,44.66047369313974,44.66047369313974,42.76861680040252,46.20593670676897,3.4304304232038545,-177.93012277420712,29.04362967030432,34.18168339090671,8.492859498358241,-0.5914459228515625,17.818051875885626,0
4af4f6b5-b557-4bf1-9cb5-76fc669915e8_delivery_15,80,71.6513591241653,24.39331691508536,71.6513591241653,23.93436736254117,15.662434721521867,23.93436736254117,78.6997840475913,120.73951374347057,173.95781130251726,156.90002075334613,27.542999772044528,25.239026628448556,12.917388329747785,12.720296114985228,27.542999772044528,25.239026628448556,-26.709686279296875,-23.815521240234375,24.39331691508536,15.662434721521867,156.90002075334613,25.239026628448556,25.989934074962818,-175.39446008553355,-179.56352547590086,4.169065390367308,-85.42250015535446,-0.6457951808548614,5.918561647375497,14.379564679087713,14.379564679087713,173.28720092773438,437.80770111083984,5.434953544000602,-175.39446008553355,-179.56352547590086,3.508810748354369,4.734717773775742,4.734717773775742,30.62845994014537,4.665398578697671,30.62845994014537,162.75437487303162,173.00081312133415,173.00081312133415,162.75437487303162,0.50467409904879,2.2738518848076206,2.2738518848076206,11.051644693196483,11.051644693196483,13.99462472543304,15.312925502446172,3.5352915723465412,-179.55881919833752,16.32557372649522,19.70097050433523,8.664868170126669,-0.4178009033203125,16.854626456217208,0
4af4f6b5-b557-4bf1-9cb5-76fc669915e8_delivery_15,81,67.92140181002515,12.613580505998733,67.92140181002515,22.894040178485835,15.36523976745525,22.894040178485835,74.92623617233555,119.77752247981199,171.60374709296602,157.87735985444016,28.188557518170118,25.33125901567685,13.530266318574036,12.598263111615783,28.188557518170118,25.33125901567685,-26.637908935546875,-23.95367431640625,12.613580505998733,15.36523976745525,157.87735985444016,25.33125901567685,23.349080161857362,-176.10853727318758,-179.98917877875067,3.8806415055630907,-86.52765016238314,-0.7140771876540271,7.362376252267806,13.937842456911403,13.937842456911403,173.18009567260742,437.8751983642578,3.785847551874575,-176.10853727318758,-179.98917877875067,4.3449790335364895,5.625116582255476,5.625116582255476,17.606523422607882,5.291194132739214,17.606523422607882,160.9213087532014,172.93219467134486,172.93219467134486,160.9213087532014,4.794816656012205,5.8251201085569555,5.8251201085569555,14.632983321304586,14.632983321304586,16.755613221894414,17.243697794261248,3.581839995136466,179.36390811806595,17.797792077192806,18.588200786701037,8.729456024935711,-0.0501556396484375,15.2985192422377,0
4af4f6b5-b557-4bf1-9cb5-76fc669915e8_delivery_15,82,59.75817191789107,20.608658699385686,59.75817191789107,18.559695243233516,11.257336069265238,18.559695243233516,71.6354897277291,118.57983223454718,169.2482047859955,159.36632844856956,28.605431343767425,25.763608223943148,13.966107594113586,12.925805073859093,28.605431343767425,25.763608223943148,-26.214874267578125,-24.44696044921875,20.608658699385686,11.257336069265238,159.36632844856956,25.763608223943148,22.548580032230827,-176.8407292622821,179.30218958624434,356.14291884852645,-87.54303131886141,-0.732191989094531,10.161299777457085,14.94631848615236,14.94631848615236,172.99060440063477,437.97461700439453,6.399138129150464,-176.8407292622821,179.30218958624434,8.081491512035896,13.270876921483707,13.270876921483707,21.594211583381984,11.769917743402633,21.594211583381984,158.49294278692096,172.9175137035733,172.9175137035733,158.49294278692096,4.855488823958683,8.940416193194766,8.940416193194766,9.357866842216398,9.357866842216398,13.885998588824448,12.47015664007078,3.5471847134807644,177.9395841925658,20.003554993394324,17.318507703138394,8.655312817552934,-0.004638671875,16.983656914236885,0
4af4f6b5-b557-4bf1-9cb5-76fc669915e8_delivery_15,83,58.692392239750916,5.56532105050725,58.692392239750916,22.872959219051157,2.8264930181340167,22.872959219051157,68.34066734316006,117.798084714914,167.25968143732882,160.37495342892197,28.723824504973727,25.893758022240842,14.27835316521668,13.105244289643798,28.723824504973727,25.893758022240842,-25.3726806640625,-24.6248779296875,5.56532105050725,2.8264930181340167,160.37495342892197,25.893758022240842,18.713454646570906,-177.41942123300606,178.80195534124374,356.2213765742498,-88.43892508838564,-0.578691970723952,13.889806915089098,8.433755436892994,13.889806915089098,172.849365234375,437.9555206298828,4.262066996555606,-177.41942123300606,178.80195534124374,1.7742960399842749,9.598499021934861,9.598499021934861,14.867441568505724,7.356739742479478,14.867441568505724,157.17982307475324,173.0485849138551,173.0485849138551,157.17982307475324,2.3974709338951543,6.298856009450942,6.298856009450942,5.130544452647857,5.130544452647857,9.872162716889981,8.009263280415354,3.477813855133535,176.4799285505767,17.439760426121477,11.874401366962271,8.486014777460245,0.49285888671875,12.88116926630632,0
4af4f6b5-b557-4bf1-9cb5-76fc669915e8_delivery_15,84,28.0591731367357,1.5176079127845663,28.0591731367357,11.529871156977165,1.0828187907243165,11.529871156977165,66.44105114461927,117.1949090120121,166.81984522520483,160.70130522938223,28.77579778177563,25.936521212403463,14.38458948179679,13.116335856879706,28.77579778177563,25.936521212403463,-24.89447021484375,-24.726043701171875,1.5176079127845663,1.0828187907243165,160.70130522938223,25.936521212403463,9.11064736468986,-177.5594673643985,178.76939924001965,356.3288666044182,-88.99607980179434,-0.14004613139243816,7.792537230570342,4.681875960347081,7.792537230570342,172.77881622314453,437.9825973510742,2.2597546777289055,-177.5594673643985,178.76939924001965,4.178527344015662,6.568857745271533,6.568857745271533,11.609105375480734,4.244657009657964,11.609105375480734,156.60958671111413,173.0250127813376,173.0250127813376,156.60958671111413,4.104288992539197,5.241241780266773,5.241241780266773,4.046013716361279,4.046013716361279,0.7653859190493137,2.396034288613065,3.412085443429429,175.76894284883016,8.221805235932724,2.9362333252388764,8.330397238675879,0.273468017578125,7.550880202947586,0
4af4f6b5-b557-4bf1-9cb5-76fc669915e8_delivery_15,85,27.93309548054988,10.40232650349511,27.93309548054988,12.110874396782782,3.9154289729488516,12.110874396782782,65.18037057129285,116.30412747641742,165.37579002399968,161.19275242124903,28.792667698558297,26.203107227151545,14.540558064630796,13.34358409094044,28.792667698558297,26.203107227151545,-24.378875732421875,-25.07745361328125,10.40232650349511,3.9154289729488516,161.19275242124903,26.203107227151545,11.916860620720508,-178.1479727035097,178.0062320716981,356.1542047752078,-89.86803877453325,-0.5885053391112081,9.86424923227439,7.275189138272021,9.86424923227439,172.7135353088379,438.0191421508789,2.2372457801281387,-178.1479727035097,178.0062320716981,4.594246840936057,10.09602594583896,10.09602594583896,6.908933433743876,4.1184122533237275,6.908933433743876,155.74326183908653,173.36153454396472,173.36153454396472,155.74326183908653,4.2447995535517675,8.471582936719397,8.471582936719397,4.525811618161101,4.525811618161101,0.20042214506432207,2.8071442595413356,3.32561101671136,174.89584751856157,10.658271078405097,4.691818774950832,8.145308166207212,0.177642822265625,9.1612637240364,0
