video_id,frame_no,left_wrist_speed,right_wrist_speed,wrist_speed_max,left_elbow_speed,right_elbow_speed,elbow_speed_max,left_elbow_angle,right_elbow_angle,left_elbow_joint_angle,right_elbow_joint_angle,left_arm_length,right_arm_length,left_forearm_length,right_forearm_length,left_shoulder_wrist_dist,right_shoulder_wrist_dist,left_wrist_height_rel,right_wrist_height_rel,bat_arm_wrist_speed,bat_arm_elbow_speed,bat_arm_elbow_angle,bat_arm_extension,arm_activity_score,shoulder_line_angle,hip_line_angle,hip_shoulder_separation,trunk_lean,shoulder_rotation_change,left_shoulder_speed,right_shoulder_speed,shoulder_speed_max,body_center_x,body_center_y,body_center_speed,upper_body_rotation,lower_body_rotation,left_knee_speed,right_knee_speed,knee_speed_max,left_ankle_speed,right_ankle_speed,ankle_speed_max,left_knee_angle,right_knee_angle,front_knee_angle,back_knee_angle,left_hip_speed,right_hip_speed,hip_speed_max,head_movement,head_speed,left_eye_speed,right_eye_speed,eye_separation,head_orientation_angle,left_ear_speed,right_ear_speed,ear_separation,wrist_height_change,pose_activity_score,impact_like_frame_flag
9d43c8ca-67d4-49a5-b3ca-7930ad933230_delivery_3,0,0.0,0.0,0.0,0.0,0.0,0.0,87.63098653989003,81.43392796789618,172.1490402642498,171.78238648164145,34.18113991056096,24.578967642943127,15.235453119795887,9.222948887450586,34.18113991056096,24.578967642943127,-34.174591064453125,-24.466156005859375,0.0,0.0,171.78238648164145,24.578967642943127,0.0,168.59288682368017,173.3363528577886,4.7434660341084225,-121.90294134447112,0.0,0.0,0.0,0.0,285.7927780151367,343.51226806640625,0.0,168.59288682368017,173.3363528577886,0.0,0.0,0.0,0.0,0.0,0.0,122.40210791135311,130.0944314109188,130.0944314109188,122.40210791135311,0.0,0.0,0.0,0.0,0.0,0.0,0.0,4.322774310070847,163.44236276206234,0.0,0.0,9.924797571302252,0.0,0.0,0
9d43c8ca-67d4-49a5-b3ca-7930ad933230_delivery_3,1,2.574808710525128,34.32748321063812,34.32748321063812,5.398319031727254,8.950769700041828,8.950769700041828,87.59776205671228,80.83902368797521,172.25827055321557,172.76611894067582,34.22732159822938,25.759451065602097,15.331449403504344,10.086973249871338,34.22732159822938,25.759451065602097,-34.22149658203125,-25.6021728515625,34.32748321063812,8.950769700041828,172.76611894067582,25.759451065602097,9.87262695828381,168.5140031399494,173.22258443907495,4.708581299125541,-121.74749295754702,-0.0788836837307656,3.839254258716603,4.145126838053932,4.145126838053932,285.80865478515625,343.44774627685547,1.9938669541420653,168.5140031399494,173.22258443907495,3.1129933881323195,3.840016922110742,3.840016922110742,5.855530523367291,3.7001621051416507,5.855530523367291,121.77764364782054,129.94058419951395,129.94058419951395,121.77764364782054,0.15577350273675783,0.6345785902894057,0.6345785902894057,9.987151806035287,9.987151806035287,10.388826006481034,10.470343108490901,4.339143466610443,163.81819643229105,8.58298124523561,9.172007205432946,9.957462310626607,-0.4635162353515625,6.3779013984567525,0
9d43c8ca-67d4-49a5-b3ca-7930ad933230_delivery_3,2,5.959128065539279,4.938479212681824,5.959128065539279,3.125241850543763,2.6696332901619466,3.125241850543763,87.86038405756868,81.17125357500943,172.10847819552836,172.12728064696225,34.21636191510589,25.828032670581525,15.304288144886732,10.123723726766094,34.21636191510589,25.828032670581525,-34.2064208984375,-25.698028564453125,4.938479212681824,2.6696332901619466,172.12728064696225,25.828032670581525,4.283673361815436,168.6089724684909,173.25371423466433,4.644741766173439,-121.54951638943021,0.09496932854148099,3.838928027527101,5.1706297244387045,5.1706297244387045,285.8545150756836,343.3678436279297,2.7645007576452145,168.6089724684909,173.25371423466433,1.95532646706071,1.0368015838948168,1.95532646706071,2.3305763299760387,1.6787825424293643,2.3305763299760387,121.45440026364338,129.844784616761,129.844784616761,121.45440026364338,0.7597286252890031,1.5054141151410751,1.5054141151410751,11.633908293296914,11.633908293296914,12.098016836144371,11.89179473679325,4.372555535388348,164.22131298020196,9.702022981673675,9.365414454380849,10.015159792192577,0.090576171875,2.9140558195569692,0
9d43c8ca-67d4-49a5-b3ca-7930ad933230_delivery_3,3,12.271792089156508,14.795360778233043,14.795360778233043,10.503685714233303,11.730366750973202,11.730366750973202,88.43567292655564,81.25347803879121,172.24869154085147,171.73212377490844,34.1689145574775,26.594612901178802,15.311533442622386,10.769388238071807,34.1689145574775,26.594612901178802,-34.150115966796875,-26.476226806640625,14.795360778233043,11.730366750973202,171.73212377490844,26.594612901178802,12.045420517882219,168.76326461298214,173.44813338807376,4.684868775091616,-121.1553631170805,0.15429214449125084,8.599663553147561,14.37165422154969,14.37165422154969,286.0020751953125,343.1559066772461,7.749233261655699,168.76326461298214,173.44813338807376,3.00944044290707,4.679284079238349,4.679284079238349,2.901811666894672,4.688506337302246,4.688506337302246,121.32385006827872,129.91922086863227,129.91922086863227,121.32385006827872,2.7650203898327863,6.6306535259776975,6.6306535259776975,19.287118227597936,19.287118227597936,19.39236391265948,19.620215600591777,4.394808512100313,164.7165466953013,16.14035582834408,17.270143488989987,10.03280838378649,-0.0471038818359375,8.07893662912051,0
9d43c8ca-67d4-49a5-b3ca-7930ad933230_delivery_3,4,18.122646906665768,77.6582592469056,77.6582592469056,12.078310318052303,36.96988477280777,36.96988477280777,89.04169168424254,82.11149268863068,172.19411762977836,171.90441025703558,33.97443497920857,24.491714970541732,15.15968043086335,9.414673308040168,33.97443497920857,24.491714970541732,-33.941680908203125,-24.406341552734375,77.6582592469056,36.96988477280777,171.90441025703558,24.491714970541732,28.62499711350482,169.77251502068842,173.82134799672278,4.048832976034362,-120.70502720729692,1.0092504077062756,11.943337025994635,14.97754441060285,14.97754441060285,286.0743713378906,342.85581970214844,9.262382178323822,169.77251502068842,173.82134799672278,1.8113707084289155,3.2964218888629326,3.2964218888629326,1.6656570041569263,4.242398954823911,4.242398954823911,121.65922676378143,130.2605228526028,130.2605228526028,121.65922676378143,4.841974984604313,5.65109131009412,5.65109131009412,18.758760639097506,18.758760639097506,19.28033406516062,20.259691562803138,4.381276786504813,165.17244204949776,18.176674241687333,20.292295179169404,10.003901133495022,1.5662078857421875,16.104908127666665,0
9d43c8ca-67d4-49a5-b3ca-7930ad933230_delivery_3,5,37.282671991042115,15.41990451523589,37.282671991042115,19.356722452103426,18.417455932828926,19.356722452103426,89.89442595679934,81.34440487011187,171.72170883285256,169.9570613348317,33.29771214391455,25.344505571169087,14.651732164056625,10.115239327052572,33.29771214391455,25.344505571169087,-33.234649658203125,-25.26055908203125,15.41990451523589,18.417455932828926,169.9570613348317,25.344505571169087,20.412722354594653,169.44700776799883,174.22535187120965,4.778344103210827,-120.11824675721137,-0.32550725268959013,15.503806896150312,16.495772340207242,16.495772340207242,286.2185287475586,342.4980926513672,11.573181449762874,169.44700776799883,174.22535187120965,4.469683338408338,9.740861231011916,9.740861231011916,7.319412459626055,10.1344386977544,10.1344386977544,121.81078494814223,129.42450072916057,129.42450072916057,121.81078494814223,6.828048958145526,8.24390348704046,8.24390348704046,21.367449915738337,21.367449915738337,21.97603969292087,21.94043969250335,4.4035351668668445,165.48588785710373,20.817991859261213,20.35827448701566,10.03784150299068,0.3945465087890625,14.101056858296218,0
9d43c8ca-67d4-49a5-b3ca-7930ad933230_delivery_3,6,23.611677411875615,17.034463343873977,23.611677411875615,13.399197290735565,16.742778700814046,16.742778700814046,90.95461952121337,81.3184817326753,171.46339350172076,168.6801903924507,33.14171082007684,25.2628073855915,14.440537359134607,10.157586803948663,33.14171082007684,25.2628073855915,-33.032012939453125,-25.1964111328125,17.034463343873977,16.742778700814046,168.6801903924507,25.2628073855915,16.996298640193228,169.52472618273418,174.5455914836865,5.020865300952323,-119.37019446181749,0.07771841473535801,17.40473662481224,13.784938469047908,17.40473662481224,286.2494201660156,342.1834487915039,9.486950129237398,169.52472618273418,174.5455914836865,11.011567069487821,12.897523111595854,12.897523111595854,1.6456094994039978,6.953135945623858,6.953135945623858,122.55326709746245,129.26119054830076,129.26119054830076,122.55326709746245,4.335542209060698,7.281850985557326,7.281850985557326,19.812943320377293,19.812943320377293,21.25000501943687,19.121485694394206,4.50605822948247,165.52113683605032,21.674998948297794,15.657276845244358,10.28353709999021,0.6133270263671875,12.175251721824077,0
9d43c8ca-67d4-49a5-b3ca-7930ad933230_delivery_3,7,16.214061103239715,30.18199075785464,30.18199075785464,13.103379785011612,10.930805324116452,13.103379785011612,91.66901645837716,81.16147638294215,170.6471840643828,168.1303051436141,33.36050124312229,26.824688021379202,14.5522070776888,11.507738498552104,33.36050124312229,26.824688021379202,-33.193572998046875,-26.766448974609375,30.18199075785464,10.930805324116452,168.1303051436141,26.824688021379202,17.665366587435944,169.8471790573154,174.8848589717967,5.037679914481288,-118.58474415490521,0.3224528745812165,18.547487734231343,17.01447482016193,18.547487734231343,286.27953338623047,341.7913818359375,11.79944952360345,169.8471790573154,174.8848589717967,9.82078258912016,8.737663465142814,9.82078258912016,2.9276118049381705,2.6099602975947724,2.9276118049381705,123.80186588706225,130.16007651736993,130.16007651736993,123.80186588706225,6.507418715636633,8.736584411400315,8.736584411400315,19.377532219886042,19.377532219886042,20.324955006847414,19.650200091617773,4.548496691343386,165.63929596807262,22.062033368347446,19.608880270850538,10.398398942798877,-0.30560302734375,12.111018400704047,0
9d43c8ca-67d4-49a5-b3ca-7930ad933230_delivery_3,8,19.40571400980391,32.70378227362918,32.70378227362918,13.415777176042631,25.66592650487313,25.66592650487313,92.00275883994279,83.16660307008374,168.6149462656373,169.16939533938753,33.52025543965288,26.721175224348094,14.625942890186803,11.37428719048622,33.52025543965288,26.721175224348094,-33.274383544921875,-26.700653076171875,32.70378227362918,25.66592650487313,169.16939533938753,26.721175224348094,21.36876103729446,170.62917630684422,174.93946383681768,4.310287529973465,-117.75987077948263,0.7819972495288141,18.55515382717824,18.466212432239644,18.55515382717824,286.1806869506836,341.3490295410156,13.601076961192273,170.62917630684422,174.93946383681768,14.28090177106629,11.724717787587924,14.28090177106629,2.834011426938245,5.038419882391284,5.038419882391284,125.77309421257686,133.0292408589322,133.0292408589322,125.77309421257686,10.391948440153216,14.787897202637346,14.787897202637346,23.790742893185726,23.790742893185726,24.291959560988165,25.259610825931155,4.564012551295552,166.32325991882337,23.196542132892716,25.32312395499315,10.452013409335887,0.56793212890625,15.605871894545087,0
9d43c8ca-67d4-49a5-b3ca-7930ad933230_delivery_3,9,21.50770116737647,100.78589433713105,100.78589433713105,14.00399129707868,30.294260601258497,30.294260601258497,92.22189392068854,82.63086836594921,165.68917792308935,167.87262173636447,33.81753970173706,30.554363649057667,14.812076715968404,13.888074187565444,33.81753970173706,30.554363649057667,-33.4515380859375,-30.537750244140625,100.78589433713105,30.294260601258497,167.87262173636447,30.554363649057667,33.81985988672448,170.00902099089097,174.88074607379963,4.871725082908654,-116.64701033657724,-0.6201553159532409,20.561971956598704,15.765339960903464,20.561971956598704,286.19659423828125,340.9304962158203,12.568046242241769,170.00902099089097,174.88074607379963,15.367272282919432,13.788649947211256,15.367272282919432,2.789971252726012,6.011078086577024,6.011078086577024,127.56663798018765,135.60472156703744,135.60472156703744,127.56663798018765,10.642012720299313,12.29160515711022,12.29160515711022,25.13345546664495,25.13345546664495,25.556057338146775,25.566724017885782,4.599593693611319,166.6406091177121,25.00933567160873,25.071657269211975,10.523680047045163,-1.4657745361328125,21.984145730599177,0
9d43c8ca-67d4-49a5-b3ca-7930ad933230_delivery_3,10,14.045553143828373,41.37265690567457,41.37265690567457,20.720919901647374,21.944398106486236,21.944398106486236,91.90491278707633,83.34818597028016,163.87678755032528,166.6583060630198,34.09325512724718,29.887249111271867,15.082585950634368,13.292839275715187,34.09325512724718,29.887249111271867,-33.67706298828125,-29.884613037109375,41.37265690567457,21.944398106486236,166.6583060630198,29.887249111271867,23.89902488458023,170.01335834704668,174.66756424062552,4.6542058935788475,-115.68928932946618,0.004337356155701855,21.68417893467054,23.62644231517428,23.62644231517428,286.29457092285156,340.37967681884766,16.787941208307203,170.01335834704668,174.66756424062552,12.205133952397075,18.659283746926317,18.659283746926317,1.7168842550635344,6.0594807187839015,6.0594807187839015,129.6655928989275,138.9994848511077,138.9994848511077,129.6655928989275,13.275524080996126,12.230148194621608,13.275524080996126,27.8604206797592,27.8604206797592,27.05053173778329,27.678361317691916,4.577141547518347,166.75484279438538,24.45915939723303,26.554574564643406,10.430249372851023,0.905364990234375,17.295050354689163,0
9d43c8ca-67d4-49a5-b3ca-7930ad933230_delivery_3,11,42.92501274585722,49.228869605862876,49.228869605862876,35.01343968369098,31.09029240978578,35.01343968369098,91.25785762199597,84.00641113365697,160.58119469981213,164.8323360738289,33.50844925606774,29.072135426172416,14.949467975672343,12.696124317402221,33.50844925606774,29.072135426172416,-33.02069091796875,-29.070709228515625,49.228869605862876,31.09029240978578,164.8323360738289,29.072135426172416,35.43265916317993,169.9958857587977,174.58259628190123,4.586710523103534,-114.38861273471032,-0.017472588248978127,24.165141522019507,30.173199011863225,30.173199011863225,286.4150085449219,339.74169921875,19.482006982450883,169.9958857587977,174.58259628190123,13.557509333500862,23.91510123676108,23.91510123676108,0.26987288334182397,6.495196301981256,6.495196301981256,132.57272175785462,143.05195773035075,143.05195773035075,132.57272175785462,16.635308461906384,14.719695389911063,16.635308461906384,28.040069091151917,28.040069091151917,26.205283498168203,29.140686636643288,4.437316208419844,167.09434375826382,24.043128407607934,32.08960835360067,10.075676653993407,1.530303955078125,24.015719882206838,0
9d43c8ca-67d4-49a5-b3ca-7930ad933230_delivery_3,12,62.828599169775245,69.0501516549999,69.0501516549999,38.649386676520606,34.10183213812436,38.649386676520606,90.4788925174002,83.27252608389398,156.47051357679868,160.46702655871218,32.214631117869736,27.48336516806184,14.279506083243243,11.372798587980196,32.214631117869736,27.48336516806184,-31.657470703125,-27.477081298828125,69.0501516549999,34.10183213812436,160.46702655871218,27.48336516806184,42.556543204415185,169.4275087007181,174.50476735166595,5.07725865094784,-113.285216499143,-0.5683770580795908,23.87070623819869,26.838583348872305,26.838583348872305,286.6050567626953,339.1552734375,18.497958375812434,169.4275087007181,174.50476735166595,15.510470115581665,21.288814449812918,21.288814449812918,4.501942936645219,2.5377700148743885,4.501942936645219,135.14873301581164,146.32970981052998,146.32970981052998,135.14873301581164,14.345127193031612,13.96691593401956,14.345127193031612,26.558022459836724,26.558022459836724,25.22291358556963,27.291382288964204,4.327225113548588,167.31573343501202,23.020290704738628,28.944239151996044,9.7929757165846,2.189422607421875,27.290858322538043,0
9d43c8ca-67d4-49a5-b3ca-7930ad933230_delivery_3,13,69.7037625069111,45.66021055985883,69.7037625069111,45.641764703586134,47.778634074320884,47.778634074320884,89.26877064960183,81.18527287070542,152.4835348315421,154.7481853781009,30.71385317934589,26.82913112164918,13.584172326727249,11.098767489209017,30.71385317934589,26.82913112164918,-30.143463134765625,-26.821685791015625,45.66021055985883,47.778634074320884,154.7481853781009,26.82913112164918,43.98564386004937,168.17134182080116,174.4193518658123,6.248010045011142,-112.26238737322981,-1.2561668799169468,24.743310260586036,30.386181055033234,30.386181055033234,286.8835678100586,338.5851364135742,19.040328713470956,168.17134182080116,174.4193518658123,10.645703612672593,16.781691003054476,16.781691003054476,1.8799441408239308,4.670858774690621,4.670858774690621,136.9590799462597,148.23378097814367,148.23378097814367,136.9590799462597,11.786570166931034,13.870390531133179,13.870390531133179,24.815551289968866,24.815551289968866,24.28741550488797,25.181202060855075,4.278243518498009,167.39388074699232,23.764635088432716,26.459127270959264,9.64787057068135,1.830078125,26.962418449133498,0
9d43c8ca-67d4-49a5-b3ca-7930ad933230_delivery_3,14,73.7487405683525,63.11436617325196,73.7487405683525,49.69785989332001,34.94770379681646,49.69785989332001,87.76926148192867,80.41967295664223,148.76260210708088,151.4626837293027,29.00773654256978,25.37317503489417,12.87253002530679,10.116340393380034,29.00773654256978,25.37317503489417,-28.467620849609375,-25.3656005859375,63.11436617325196,34.94770379681646,151.4626837293027,25.37317503489417,44.51562312689877,166.54058769502254,173.5780982262649,7.037510531242361,-111.42450145855987,-1.6307541257786227,22.564819353469293,23.020248976182383,23.020248976182383,287.0450973510742,338.0746765136719,16.066033039286552,166.54058769502254,173.5780982262649,10.482562463817363,17.77643611563175,17.77643611563175,4.64872238420886,6.0768386065222035,6.0768386065222035,138.6683897300928,150.50527390149594,150.50527390149594,138.6683897300928,12.185058849257626,10.61798938359416,12.185058849257626,22.104471826127632,22.104471826127632,20.867511611264433,22.49452937876806,4.191597496222002,167.6132207654786,19.12051112788813,24.060117229729176,9.440406261285593,2.224609375,27.40677888036871,0
9d43c8ca-67d4-49a5-b3ca-7930ad933230_delivery_3,15,54.72495078847254,46.13496346254989,54.72495078847254,35.51480444575773,22.108725517724704,35.51480444575773,86.1925464284685,80.11651207883241,143.7792150525433,148.14166057881212,27.76928907442546,24.35156283894524,12.369729902368407,9.440804902399213,27.76928907442546,24.35156283894524,-27.21630859375,-24.33782958984375,46.13496346254989,22.108725517724704,148.14166057881212,24.35156283894524,31.946039456412066,166.37445278281464,173.3997763152481,7.025323532433447,-110.68121459035655,-0.16613491220789456,17.697351450011823,15.495441073955686,17.697351450011823,287.0424041748047,337.67618560791016,11.957836348218583,166.37445278281464,173.3997763152481,10.115340256996342,15.96728577997182,15.96728577997182,3.847255991726411,8.374119761703438,8.374119761703438,140.2355342213714,152.9077851652598,152.9077851652598,140.2355342213714,9.32179004337031,9.285834990898264,9.32179004337031,17.953708945717292,17.953708945717292,17.473473959000977,18.750783805833517,4.164529510311335,168.09884328695577,17.11579043398834,19.893914992079115,9.402135187642234,1.6696929931640625,20.715655296928247,0
9d43c8ca-67d4-49a5-b3ca-7930ad933230_delivery_3,16,44.84333806240577,20.45229113209726,44.84333806240577,29.02845322067483,12.299100125606211,29.02845322067483,84.65417659641263,79.05315280946735,139.24381589580275,144.32013295143005,26.749112684429598,23.99816757626084,11.94824902215099,9.167733502356386,26.749112684429598,23.99816757626084,-26.20196533203125,-23.984588623046875,20.45229113209726,12.299100125606211,144.32013295143005,23.99816757626084,21.820411234537033,165.80560021935938,173.1635327099618,7.357932490602423,-110.33914016303903,-0.5688525634552661,14.451424928260487,9.847859938177631,14.451424928260487,287.05628204345703,337.3286361694336,10.437267630274896,165.80560021935938,173.1635327099618,11.055248345809773,11.326760734662024,11.326760734662024,3.4561693588031455,3.613837520019992,3.613837520019992,141.5815414185997,154.60858821214367,154.60858821214367,141.5815414185997,9.705940562393687,9.390126536029456,9.705940562393687,15.247895798470195,15.247895798470195,15.330353333349198,15.856059187557339,4.165009843963064,168.36353604951537,14.389846434473913,15.129699850715728,9.410679085390521,1.071746826171875,14.95587920541169,0
9d43c8ca-67d4-49a5-b3ca-7930ad933230_delivery_3,17,27.993863872291108,34.08141867027046,34.08141867027046,22.3691079538094,15.350456256980035,22.3691079538094,83.42966187167131,78.84575294124093,136.02054396155305,141.82783450510973,26.233522195186506,23.22325154891801,11.838616310873398,8.640494432075053,26.233522195186506,23.22325154891801,-25.689208984375,-23.207061767578125,34.08141867027046,15.350456256980035,141.82783450510973,23.22325154891801,20.540869074748354,165.69860743109962,173.1168117466976,7.41820431559799,-109.86517907385291,-0.10699278825975966,12.627575312655859,10.822792382483238,12.627575312655859,287.0340881347656,336.99864959716797,9.924316186056863,165.69860743109962,173.1168117466976,9.171452214204914,9.719881860222072,9.719881860222072,1.8664432843442116,4.2128680989710565,4.2128680989710565,143.10144996187412,156.21740512710704,156.21740512710704,143.10144996187412,9.257877476706712,9.560227955270657,9.560227955270657,12.96982659922345,12.96982659922345,12.784539072269974,13.1311146498117,4.146266107883351,168.38984901675926,12.196099206903716,12.676846676379249,9.365325227402158,1.0229034423828125,13.919497111517478,0
9d43c8ca-67d4-49a5-b3ca-7930ad933230_delivery_3,18,14.756100537506407,27.053535424311633,27.053535424311633,14.37835394031136,11.15624302084908,14.37835394031136,82.8562894914348,78.30089101483884,133.90238890876242,139.1234061618253,26.053723094798226,22.581426823820273,11.818412568977058,8.190263562617345,26.053723094798226,22.581426823820273,-25.49066162109375,-22.567230224609375,27.053535424311633,11.15624302084908,139.1234061618253,22.581426823820273,14.318899824909186,166.14835105195075,173.47903048614185,7.330679434191097,-109.42271616100346,0.4497436208511374,10.72685954966121,7.842306476815422,10.72685954966121,287.0288543701172,336.7501754760742,7.457645880562934,166.14835105195075,173.47903048614185,10.747191805492161,6.860634392939403,10.747191805492161,2.2251819756457505,4.779400593319151,4.779400593319151,144.67716363792715,157.37028455037674,157.37028455037674,144.67716363792715,6.970057084611836,9.628897942378968,9.628897942378968,9.02513191275109,9.02513191275109,8.605885429457311,9.042394246795773,4.1066522041528755,168.2145168376981,9.095914284566412,9.364421392649737,9.28485421568936,0.6805419921875,10.593730228653532,0
9d43c8ca-67d4-49a5-b3ca-7930ad933230_delivery_3,19,6.14236665324055,12.595929561628704,12.595929561628704,8.313522737445943,8.8230742734068,8.8230742734068,82.63696856010237,77.73800512436368,133.3265007410643,137.80985266045246,26.068588085651044,22.33248828072804,11.85225475244832,8.091922430785718,26.068588085651044,22.33248828072804,-25.503570556640625,-22.321197509765625,12.595929561628704,8.8230742734068,137.80985266045246,22.33248828072804,7.95302884521148,167.21185049439492,174.2326016415882,7.020751147193266,-109.07979245466728,1.0634994424441686,6.571730166954101,5.2715496785927805,6.571730166954101,287.0216293334961,336.63867950439453,3.352689813112764,167.21185049439492,174.2326016415882,9.299150660579391,6.196709529027117,9.299150660579391,2.407572333626023,6.183059729824374,6.183059729824374,146.22211297499925,158.190337669713,158.190337669713,146.22211297499925,2.3054790420761813,6.599685763784632,6.599685763784632,6.347367857349028,6.347367857349028,6.5643395743475565,6.703879136648255,4.113799116101839,168.41757192181274,6.440644101221671,6.7084200534811975,9.31125687186121,0.23846435546875,6.72581917751555,0
9d43c8ca-67d4-49a5-b3ca-7930ad933230_delivery_3,20,8.287481252969412,9.87853415056112,9.87853415056112,6.512524914621489,13.351831269399268,13.351831269399268,82.48771684475118,77.03507163148356,133.98921769307557,136.51414448965565,26.166338443330833,22.33462859720809,11.922852097608999,8.173506189430327,26.166338443330833,22.33462859720809,-25.629608154296875,-22.32568359375,9.87853415056112,13.351831269399268,136.51414448965565,22.33462859720809,8.482566545232377,167.5175755954649,174.54083070936352,7.023255113898614,-108.75247019803908,0.3057251010699815,4.987092803899545,7.877934879943434,7.877934879943434,287.12854766845703,336.5637435913086,3.9178450190012097,167.5175755954649,174.54083070936352,7.256007709151059,3.9068242200094434,7.256007709151059,0.9150176077534177,3.2115996572848395,3.2115996572848395,147.2837720259969,158.60287762998743,158.60287762998743,147.2837720259969,0.8114767814219231,2.219916249492102,2.219916249492102,5.334081850662635,5.334081850662635,5.30450373937474,6.894593932740735,4.0639933909731605,168.68812681498383,6.034745260020533,9.952309128230576,9.193134001389929,0.0441131591796875,5.76802012470892,0
9d43c8ca-67d4-49a5-b3ca-7930ad933230_delivery_3,21,17.956060183345862,18.526681802246177,18.526681802246177,4.928555913449724,19.688046422150407,19.688046422150407,82.28391016002365,75.97162971410104,136.74709936366872,137.6177402072392,26.342203603685196,22.47669511271296,11.956666351884714,8.496244691516425,26.342203603685196,22.47669511271296,-25.9090576171875,-22.474853515625,18.526681802246177,19.688046422150407,137.6177402072392,22.47669511271296,11.911682963758762,167.8921419166481,174.7547754543951,6.862633537747001,-108.86674147472586,0.3745663211831811,1.2135864562291971,9.157167005131196,9.157167005131196,287.32543182373047,336.52552032470703,6.018233018747159,167.8921419166481,174.7547754543951,6.171611255576958,7.8225625816051885,7.8225625816051885,1.6219989281277036,12.425647526891318,12.425647526891318,147.82859354234074,158.02389819506578,158.02389819506578,147.82859354234074,4.606948777590273,10.05399232974831,10.05399232974831,3.165291235297982,3.165291235297982,5.625231171852372,3.773009863056768,4.117873595331035,169.1741490443585,9.588651404255899,4.583318985246038,9.340892488965494,-0.1315765380859375,9.514404931841028,0
9d43c8ca-67d4-49a5-b3ca-7930ad933230_delivery_3,22,23.06446408680488,19.52678482693543,23.06446408680488,8.474971313763348,10.356225000518574,10.356225000518574,81.8236319195023,75.36938039714316,140.3625128384394,141.15169117447695,26.50996630078785,22.938151916395924,12.026006320242926,8.982571678432445,26.50996630078785,22.938151916395924,-26.208770751953125,-22.93756103515625,19.52678482693543,10.356225000518574,141.15169117447695,22.938151916395924,10.96047614390912,167.7839065701461,174.32268965799452,6.538783087848429,-109.29935042813982,-0.10823534650199917,2.0093033722359475,2.331108263196539,2.331108263196539,287.4575958251953,336.50028228759766,4.0375221989049495,167.7839065701461,174.32268965799452,4.755969320289881,9.807836963430503,9.807836963430503,1.8242378243505117,12.621741006206388,12.621741006206388,148.01169215313075,157.70824948053308,157.70824948053308,148.01169215313075,6.261723356448518,9.363010732633315,9.363010732633315,3.6181318233838855,3.6181318233838855,5.8076418345872645,3.2081983049886613,4.207240788369451,169.47189567533462,8.245872746359424,2.184934999665723,9.576409435379365,-0.3294219970703125,9.199781338901154,0
9d43c8ca-67d4-49a5-b3ca-7930ad933230_delivery_3,23,17.45380113622206,24.022246375557053,24.022246375557053,4.27699376872616,4.016209590660411,4.27699376872616,81.60852974213024,75.0803178115473,143.2492132541122,144.99964379971814,26.7247093904223,23.6856891176294,12.10932388487149,9.618457349724329,26.7247093904223,23.6856891176294,-26.505767822265625,-23.6781005859375,24.022246375557053,4.016209590660411,144.99964379971814,23.6856891176294,8.961629532449786,167.7386221085924,173.9132609471793,6.174638838586901,-109.7433277101189,-0.0452844615536776,1.9143209757852309,2.0862053477478084,2.0862053477478084,287.54051208496094,336.50609588623047,2.494186095022705,167.7386221085924,173.9132609471793,3.5123484181245876,7.571300814463662,7.571300814463662,1.7925277740391061,13.413435155557554,13.413435155557554,148.07700687607175,157.2205992714378,157.2205992714378,148.07700687607175,6.246172876287833,7.342434750090323,7.342434750090323,3.7577275632643667,3.7577275632643667,4.897518404691303,3.5709833763263092,4.289756886541197,169.54943337530284,5.732319222825577,3.905727863995346,9.806982817023513,-0.481781005859375,7.803999748605147,0
9d43c8ca-67d4-49a5-b3ca-7930ad933230_delivery_3,24,17.885762961316782,20.115676222188952,20.115676222188952,5.555912306659695,6.438202862211649,6.438202862211649,81.3582224093205,74.9140877783787,146.31816882009568,148.34047483247016,26.971800876913388,24.386567747986604,12.196021798777908,10.258186914292365,26.971800876913388,24.386567747986604,-26.829833984375,-24.36639404296875,20.115676222188952,6.438202862211649,148.34047483247016,24.386567747986604,9.685602108738832,167.59108822184947,173.43564842926133,5.84456020741186,-110.40600694448146,-0.14753388674293433,4.3798970002347835,3.738161299821127,4.3798970002347835,287.65088653564453,336.43692779541016,3.9086207041276158,167.59108822184947,173.43564842926133,3.198003615676945,6.6768112491165015,6.6768112491165015,1.5857588886041092,11.646488340763034,11.646488340763034,147.9134019431657,156.55727512981377,156.55727512981377,147.9134019431657,8.723449823498692,9.909896145076145,9.909896145076145,4.605771277883182,4.605771277883182,5.474780242403703,3.134808776942607,4.379758608321095,169.5400727872978,4.299524376906819,3.1010157934352205,10.039617375891893,-0.402679443359375,8.3211683929307,0
9d43c8ca-67d4-49a5-b3ca-7930ad933230_delivery_3,25,16.05948820222395,14.698500358787411,16.05948820222395,2.68899227223137,5.605643040634288,5.605643040634288,81.37287686159787,75.05522220556087,149.13347836924416,150.80967680707238,27.31883894876523,24.877253730152262,12.358060548105309,10.73667699732098,27.31883894876523,24.877253730152262,-27.22332763671875,-24.847686767578125,14.698500358787411,5.605643040634288,150.80967680707238,24.877253730152262,7.435119136400395,167.17882534510073,172.9307972178711,5.751971872770355,-111.03282878472152,-0.4122628767487413,2.7394719451447407,2.8186189993806163,2.8186189993806163,287.7601852416992,336.4068145751953,3.4019407784362943,167.17882534510073,172.9307972178711,1.849878769335023,2.880275710804141,2.880275710804141,2.706861706009445,10.280320034438061,10.280320034438061,147.48429621483845,155.50001194125727,155.50001194125727,147.48429621483845,8.74579918009429,8.77257124872468,8.77257124872468,5.864235627521356,5.864235627521356,6.106284568344015,3.959899318402259,4.496717849343012,169.26346756678103,3.9800605980520936,5.976756150096811,10.327424290221641,-0.395172119140625,6.6538684556506675,0
9d43c8ca-67d4-49a5-b3ca-7930ad933230_delivery_3,26,8.5697353634494,9.79419180981306,9.79419180981306,2.872212420308886,9.889849779046127,9.889849779046127,81.71405459765829,76.16722214874798,150.83887301453586,153.44104300888478,27.601667999479766,25.24131789389391,12.427706657863165,10.922590813915868,27.601667999479766,25.24131789389391,-27.520782470703125,-25.213775634765625,9.79419180981306,9.889849779046127,153.44104300888478,25.24131789389391,5.900963941086528,167.1430799832611,172.68285482170174,5.53977483844065,-111.28316172399983,-0.03574536183964483,2.0604260280281212,2.219368245873572,2.219368245873572,287.8065414428711,336.3516159057617,2.162967969521672,167.1430799832611,172.68285482170174,2.6725512936931297,2.6633820295905575,2.6725512936931297,3.157989092284211,2.9663904411901623,3.157989092284211,147.3662019948899,155.7172629366246,155.7172629366246,147.3662019948899,4.396914483495024,3.380527123843832,4.396914483495024,3.9743735017201813,3.9743735017201813,2.8858514857746647,2.883349327267306,4.501143374096672,169.00082316013945,1.5443952248063173,0.10058193862212862,10.330842578202274,-0.2717132568359375,4.553628175884675,0
9d43c8ca-67d4-49a5-b3ca-7930ad933230_delivery_3,27,1.4219236423395805,3.6874658463784185,3.6874658463784185,7.734622872247653,7.6823909091437095,7.734622872247653,82.87559995689556,77.96765300439539,152.6276716337258,155.11780356804144,27.647413437077503,25.324595830907292,12.251804275382328,10.752248018752647,27.647413437077503,25.324595830907292,-27.55712890625,-25.312896728515625,3.6874658463784185,7.6823909091437095,155.11780356804144,25.324595830907292,5.479126881145761,167.2489651874583,172.77193468894936,5.522969501491048,-111.01268216188949,0.10588520419722158,3.3076926014573726,9.040665415307831,9.040665415307831,287.9305114746094,336.3248977661133,3.805397927014872,167.2489651874583,172.77193468894936,3.2949969777046886,5.167693784692929,5.167693784692929,1.2323910918787184,6.731262135112191,6.731262135112191,147.45975136159802,156.29190431498532,156.29190431498532,147.45975136159802,0.813924338345917,3.3789788481186407,3.3789788481186407,2.6978502440687517,2.6978502440687517,2.3186496223960407,4.673083236665379,4.394325053675736,168.94657203223477,3.23063979314512,10.406829938376019,10.048907675812845,-0.04864501953125,4.457834038560637,0
9d43c8ca-67d4-49a5-b3ca-7930ad933230_delivery_3,28,2.9731974532152505,5.5469313650552605,5.5469313650552605,5.829525015685317,8.973587271685082,8.973587271685082,83.73229324098982,79.0245420580607,154.74877130057504,155.56505684366874,27.660159547943906,25.313915699223713,12.14797625271693,10.583839654021052,27.660159547943906,25.313915699223713,-27.57373046875,-25.3099365234375,5.5469313650552605,8.973587271685082,155.56505684366874,25.313915699223713,6.652700600699769,166.73478682451432,172.61354489895234,5.878758074438025,-110.81689420378032,-0.5141783629439942,1.4776306448997443,15.11533185365796,15.11533185365796,288.1449508666992,336.29711151123047,6.488502478685179,166.73478682451432,172.61354489895234,2.2552826676898077,8.317814319382867,8.317814319382867,1.3826323373875045,5.8557352427645295,5.8557352427645295,147.2726128622818,156.69544375537566,156.69544375537566,147.2726128622818,0.9387181097869997,9.245811195164219,9.245811195164219,2.1951580898645244,2.1951580898645244,2.6082314361752212,3.9835259030289922,4.277836123524295,168.85167185247107,3.0260119795456584,11.346766251987203,9.723451509439563,0.004913330078125,5.659349789697878,0
9d43c8ca-67d4-49a5-b3ca-7930ad933230_delivery_3,29,4.172262768601628,10.631788149309164,10.631788149309164,5.120661361193593,15.075705860462948,15.075705860462948,84.64124702175081,79.70075527811218,156.4994607436884,155.23338724707685,27.792665158303883,25.248883278634224,12.135206361042885,10.359032138790012,27.792665158303883,25.248883278634224,-27.700469970703125,-25.248260498046875,10.631788149309164,15.075705860462948,155.23338724707685,25.248883278634224,9.448128405477082,165.99963498074047,172.51380038050775,6.514165399767279,-110.46255684171356,-0.7351518437738491,3.1924617264516844,18.49589056684347,18.49589056684347,288.4050750732422,336.2880172729492,7.810346367600234,165.99963498074047,172.51380038050775,2.3158882483891343,10.155417228529531,10.155417228529531,1.7119833758292173,8.593381109437686,8.593381109437686,146.84792935771068,156.88228296306826,156.88228296306826,146.84792935771068,0.4197717433031966,9.975476929153992,9.975476929153992,2.455737979122973,2.455737979122973,2.2705562234176013,4.3962838161697375,4.1730897788800965,168.63394346750056,3.6527332478604935,11.848726272482038,9.418611541784733,-0.0266876220703125,7.488390755625436,0
9d43c8ca-67d4-49a5-b3ca-7930ad933230_delivery_3,30,4.012165273882627,5.391387784826231,5.391387784826231,5.619200117348885,8.468819166808053,8.468819166808053,85.68171643540393,80.70223747208756,157.98457573192633,155.60903005131067,27.891917615376496,25.29232394029846,12.129809313132906,10.269135633406687,27.891917615376496,25.29232394029846,-27.783050537109375,-25.291839599609375,5.391387784826231,8.468819166808053,155.60903005131067,25.29232394029846,7.141428032450022,165.94339146074563,172.8788781628984,6.935486702152758,-109.86218766158808,-0.05624351999483679,3.8639334900151936,15.493062361819138,15.493062361819138,288.56375885009766,336.2919006347656,4.763068318095836,165.94339146074563,172.8788781628984,1.7152423250112763,13.045470311711185,13.045470311711185,3.0642384564615144,10.319563612769453,10.319563612769453,147.1421376479627,157.7797012354474,157.7797012354474,147.1421376479627,4.4466383289669515,4.032521501697015,4.4466383289669515,4.393644388773344,4.393644388773344,3.58652807353686,6.2791807789831005,4.062187572533245,168.57897567276135,4.078328220101951,12.765945449524741,9.111380925950588,-0.0465545654296875,6.62268689427646,0
9d43c8ca-67d4-49a5-b3ca-7930ad933230_delivery_3,31,3.993599209227722,3.855800100019888,3.993599209227722,3.8008500842999604,4.198629994021944,4.198629994021944,86.776672160141,82.45105570385701,159.06284486024612,156.6989258378008,27.991739164877515,25.260902821366372,12.135197999770417,10.108441864368526,27.991739164877515,25.260902821366372,-27.8538818359375,-25.251556396484375,3.855800100019888,4.198629994021944,156.6989258378008,25.260902821366372,5.729416104167057,165.63719601173472,172.96428029019737,7.3270842784626495,-109.40879816184852,-0.30619544901091444,6.097763629266924,12.4298536081659,12.4298536081659,288.74315643310547,336.2785186767578,5.398160230580083,165.63719601173472,172.96428029019737,3.4994701612136505,12.027978277945515,12.027978277945515,2.2449949449566127,7.450901465316928,7.450901465316928,147.52281275410877,158.65231491322987,158.65231491322987,147.52281275410877,0.9823041042649912,4.094968044165304,4.094968044165304,5.55037872185412,5.55037872185412,5.111744914613643,7.012467047063213,3.9715904619058544,168.30627494299995,5.636076743306955,12.111181580517483,8.858214117756093,-0.0107574462890625,5.389759468572112,0
9d43c8ca-67d4-49a5-b3ca-7930ad933230_delivery_3,32,4.875626974111444,8.16445154276345,8.16445154276345,4.310589405026144,8.81355652521409,8.81355652521409,86.65860032475362,81.66073521958721,159.55010000487817,156.06451969781125,28.121869463424744,25.43485028478431,12.317838074315569,10.376758804454791,28.121869463424744,25.43485028478431,-27.99420166015625,-25.42938232421875,8.16445154276345,8.81355652521409,156.06451969781125,25.43485028478431,5.044378453501447,165.3246125115195,173.25691641023468,7.93230389871519,-109.32899805013142,-0.31258350021522574,1.9927619584154705,2.1092843154780816,2.1092843154780816,288.78717041015625,336.278076171875,1.3207993087455745,165.3246125115195,173.25691641023468,9.076495169381001,7.628944702590569,9.076495169381001,6.623257147140037,14.180296389090678,14.180296389090678,148.3178788652608,158.64156235776045,158.64156235776045,148.3178788652608,1.707913649179809,1.5180542255809726,1.707913649179809,6.09919549722622,6.09919549722622,7.16360708427063,3.8839947413835327,4.095239766446351,168.31334133707335,6.540222691067063,2.0911346878735224,9.144619739630658,-0.119659423828125,5.916769333664313,0
9d43c8ca-67d4-49a5-b3ca-7930ad933230_delivery_3,33,9.74378461461077,12.009228947409131,12.009228947409131,13.161908088388303,13.46956966822301,13.46956966822301,85.70234269286797,80.13510153831677,158.67312012099728,154.93134102596972,28.201918703739395,25.375469856954318,12.527279483464088,10.555547926095635,28.201918703739395,25.375469856954318,-28.094635009765625,-25.375152587890625,12.009228947409131,13.46956966822301,154.93134102596972,25.375469856954318,8.93384886290174,164.41732299097922,173.0771803950406,8.659857404061398,-109.28984591878523,-0.9072895205402745,5.084411689802441,0.13419016897678324,5.084411689802441,288.83721923828125,336.2418670654297,1.8536493301829722,164.41732299097922,173.0771803950406,12.873948613797626,3.345525008724238,12.873948613797626,11.569335921247609,10.565388963525656,11.569335921247609,149.1974691547588,158.31599754042534,158.31599754042534,149.1974691547588,2.786955935180035,0.3236402374013008,2.786955935180035,7.613965670163949,7.613965670163949,8.227079114902656,3.4892728241547255,4.256025402127115,167.76538807947244,6.412265136070211,6.028330793487219,9.520950051256067,0.044586181640625,7.922323988107242,0
9d43c8ca-67d4-49a5-b3ca-7930ad933230_delivery_3,34,9.479195697713164,9.594063072842449,9.594063072842449,11.45291499908044,14.840320939322813,14.840320939322813,84.9058053420848,78.75770741915942,157.4821372790263,153.9593780966384,28.14690826674015,25.238929144486285,12.52868405212595,10.767519485286972,28.14690826674015,25.238929144486285,-28.051422119140625,-25.2381591796875,9.594063072842449,14.840320939322813,153.9593780966384,25.238929144486285,9.071962318966301,164.76165243366594,173.44181235686068,8.680159923194736,-109.36531155553863,0.34432944268672827,5.224659269989635,3.84061993484931,5.224659269989635,288.8766326904297,336.13871002197266,3.313687422662195,164.76165243366594,173.44181235686068,18.046888068001625,5.749530879559504,18.046888068001625,9.497421447045127,4.28292379942585,9.497421447045127,150.94130329818722,158.97777615457022,158.97777615457022,150.94130329818722,5.395445985438558,3.4347938284099193,5.395445985438558,8.563610705831731,8.563610705831731,8.657254664235557,3.9998707825208464,4.406889366138287,167.26212332981325,5.927598559817567,5.53157791559554,9.87997320470722,0.1876678466796875,8.403231493473198,0
9d43c8ca-67d4-49a5-b3ca-7930ad933230_delivery_3,35,11.181502423533152,18.36214490946247,18.36214490946247,14.314495122022398,15.105081350863207,15.105081350863207,84.10475732974753,77.77974278867399,156.06209095497545,153.17070182414594,28.044691092736226,24.933062864499934,12.567453103636288,10.661464173097048,28.044691092736226,24.933062864499934,-27.955108642578125,-24.92852783203125,18.36214490946247,15.105081350863207,153.17070182414594,24.933062864499934,12.069323015032351,164.29684820027074,173.17720546488047,8.880357264609728,-109.65461876834303,-0.46480423339519916,7.501053523392412,5.951660760920463,7.501053523392412,289.1107406616211,335.95091247558594,9.00585826532177,164.29684820027074,173.17720546488047,16.42403731438807,14.364619207015695,16.42403731438807,2.5568984738624074,4.173303069807254,4.173303069807254,152.5999738644448,160.764476332362,160.764476332362,152.5999738644448,12.077703317556239,10.556187694973708,12.077703317556239,8.14469499895417,8.14469499895417,8.061137731222896,5.705453371269581,4.483735722343636,166.94736246656754,7.059426248856522,3.146998446312164,10.064376569164718,0.3505401611328125,11.047390597316456,0
9d43c8ca-67d4-49a5-b3ca-7930ad933230_delivery_3,36,10.524459647721446,21.17039499964426,21.17039499964426,14.904839996663029,24.289463272405705,24.289463272405705,82.95609517801763,75.7724822303075,154.36241769547158,150.64299229097318,27.911769772803233,24.850073550575413,12.666066930956667,10.700738462759588,27.911769772803233,24.850073550575413,-27.833953857421875,-24.834320068359375,21.17039499964426,24.289463272405705,150.64299229097318,24.850073550575413,14.030740400977004,163.41991408036003,173.02627697638144,9.606362896021409,-109.96195793632519,-0.8769341199107146,4.714679968777416,8.580604520650176,8.580604520650176,289.3611831665039,335.8013610839844,8.752982282846233,163.41991408036003,173.02627697638144,13.06830717890902,15.714604200985093,15.714604200985093,3.5958434853000716,1.6104062267974488,3.5958434853000716,153.9303523258583,162.2950167342157,162.2950167342157,153.9303523258583,10.20163522908355,12.282504500462188,12.282504500462188,9.679125085767827,9.679125085767827,9.235416070854246,7.631085570801474,4.542151491787145,166.9802805131699,5.748219800600027,3.019522061636345,10.182917263923034,0.213775634765625,11.721478602283282,0
9d43c8ca-67d4-49a5-b3ca-7930ad933230_delivery_3,37,7.668038671257356,29.215491334783984,29.215491334783984,14.401165286137617,17.112023088201088,17.112023088201088,82.09429341218744,74.96335167024671,152.437268219037,148.94990214621558,27.891581854181034,24.0958351994672,12.749760671555196,10.188972664086625,27.891581854181034,24.0958351994672,-27.8128662109375,-24.074005126953125,29.215491334783984,17.112023088201088,148.94990214621558,24.0958351994672,14.289444159262365,162.92278232357583,172.73749481733637,9.814712493760538,-110.27879703779142,-0.4971317567841993,7.586719517134714,9.753227058059421,9.753227058059421,289.6964111328125,335.6432189941406,11.122351972882031,162.92278232357583,172.73749481733637,13.608304145909592,16.780675298649374,16.780675298649374,6.019549962908518,4.048669828655637,6.019549962908518,154.68447671183912,163.88701595877475,163.88701595877475,154.68447671183912,13.283209431380909,13.997366772696775,13.997366772696775,7.678205610968995,7.678205610968995,5.901826425600215,6.093228812414604,4.5250105977140125,166.62524143684084,4.52815711331678,4.157156761743505,10.12561634427174,0.5092926025390625,12.789536699647917,0
9d43c8ca-67d4-49a5-b3ca-7930ad933230_delivery_3,38,4.193376131731799,115.84215236303416,115.84215236303416,8.098501814219215,32.240751060052595,32.240751060052595,82.11172610364775,75.62510483631618,151.49779317240228,142.12219291836055,27.88795076268205,20.41258045951357,12.741182652074603,7.651592794791283,27.88795076268205,20.41258045951357,-27.79400634765625,-20.409027099609375,115.84215236303416,32.240751060052595,142.12219291836055,20.41258045951357,29.68115183417322,163.5844539115301,172.74708535902874,9.162631447498654,-110.29459798045934,0.6616715879542596,8.471154791611177,9.240974844390394,9.240974844390394,289.9547576904297,335.4931335449219,8.965481118834122,163.5844539115301,172.74708535902874,15.012473330353226,18.206905662712522,18.206905662712522,2.4958529648082477,1.9945260839532395,2.4958529648082477,156.0559742692496,166.3182060485436,166.3182060485436,156.0559742692496,9.603370678930242,8.694154520270546,9.603370678930242,8.618867932231984,8.618867932231984,7.247266911006959,8.061010815454518,4.493063755922192,166.59237711598152,4.811568344489201,7.133181495753508,10.037943360182393,1.980743408203125,19.507849520505612,0
9d43c8ca-67d4-49a5-b3ca-7930ad933230_delivery_3,39,8.078985959345813,130.09640807443665,130.09640807443665,11.860468318955487,30.259074858148896,30.259074858148896,81.92585537059941,76.93430279213263,150.93826652758767,124.86879527527522,27.86957392777453,16.20311658456344,12.83982590239491,4.986540243730018,27.86957392777453,16.20311658456344,-27.76947021484375,-16.197113037109375,130.09640807443665,30.259074858148896,124.86879527527522,16.20311658456344,33.73531453334307,162.67446381634727,171.70725450179876,9.032790685451488,-109.98611450165657,-0.9099900951828204,9.354336612530837,12.762613376640754,12.762613376640754,290.2273483276367,335.41314697265625,8.524530659421144,162.67446381634727,171.70725450179876,14.19089011839972,17.39209949603449,17.39209949603449,3.0105292198707123,1.9064140849790931,3.0105292198707123,157.41675178752917,168.64329695962851,168.64329695962851,157.41675178752917,5.330091702226057,7.33646930446367,7.33646930446367,5.787546350693135,5.787546350693135,5.1248792897596465,7.11483328097357,4.422574579873467,166.64334450970333,5.285362071023461,10.299116697570815,9.872709444450905,2.252288818359375,20.964865093836014,0
9d43c8ca-67d4-49a5-b3ca-7930ad933230_delivery_3,40,7.115672428523427,48.03368354033336,48.03368354033336,11.640530866568465,9.763357230281464,11.640530866568465,81.54313740810453,76.97781927483229,150.07961118839793,111.47453214302715,27.83802669652208,14.609241729303132,12.94617894386897,4.254827262742565,27.83802669652208,14.609241729303132,-27.73394775390625,-14.592987060546875,48.03368354033336,9.763357230281464,111.47453214302715,14.609241729303132,15.034301513302387,162.20363987409954,171.28769784164595,9.084057967546414,-109.70820577130422,-0.4708239422477334,7.994409445278093,5.65815556882951,7.994409445278093,290.38526153564453,335.4150695800781,4.738871309048477,162.20363987409954,171.28769784164595,12.040535193819117,3.8168120357849666,12.040535193819117,6.969418795237696,3.0500382398415935,6.969418795237696,158.3433330269928,169.2273549392824,169.2273549392824,158.3433330269928,3.870084747727405,2.4499007644315536,3.870084747727405,5.698096978499569,5.698096978499569,6.59399760534466,7.096354965476263,4.401943202316024,166.8403826612908,8.301117725135896,8.947459104647056,9.835045173209663,0.8531494140625,10.200216571388054,0
9d43c8ca-67d4-49a5-b3ca-7930ad933230_delivery_3,41,3.7665028221610193,15.911463164406523,15.911463164406523,8.784990332560405,4.455584394697804,8.784990332560405,81.49258854741326,77.10856852382182,149.38479116940692,105.4625206328217,27.869323441574632,14.079928218214462,13.031768103361069,4.160753976053738,27.869323441574632,14.079928218214462,-27.751556396484375,-14.05126953125,15.911463164406523,4.455584394697804,105.4625206328217,14.079928218214462,7.727711425188904,162.3408216192306,171.3608512772054,9.020029657974789,-109.41176170642699,0.13718174513107328,8.386846853098284,5.060880984209388,8.386846853098284,290.53814697265625,335.4509735107422,4.712459777082081,162.3408216192306,171.3608512772054,12.752778432783122,5.219635350661643,12.752778432783122,7.744277017896042,1.8651855018447836,7.744277017896042,159.33564280038945,169.97833843481493,169.97833843481493,159.33564280038945,4.345676398294454,2.4242809099010327,4.345676398294454,5.176015691602637,5.176015691602637,5.942562949569131,5.837749339211728,4.401967201994058,166.9652498202833,7.865543563838909,7.195005779815044,9.848940214051003,0.2588043212890625,6.726508513542874,0
9d43c8ca-67d4-49a5-b3ca-7930ad933230_delivery_3,42,2.7566808318236773,22.1744391381847,22.1744391381847,5.954166771071285,13.737116802660042,13.737116802660042,81.513632883007,76.5091140769511,149.04154825794456,109.0545468858564,27.863892381611684,14.676221639029162,13.106167298850135,4.487029822464525,27.863892381611684,14.676221639029162,-27.73486328125,-14.65179443359375,22.1744391381847,13.737116802660042,109.0545468858564,14.676221639029162,9.636513664439372,161.79588932524837,171.017156639166,9.221267313917622,-109.23043879165937,-0.5449322939822423,6.362983242077827,6.833695200818701,6.833695200818701,290.6928939819336,335.4969177246094,4.84385026726841,161.79588932524837,171.017156639166,11.02217160067157,7.2574164473863005,11.02217160067157,5.904990338833065,1.5116637558116215,5.904990338833065,160.31095889381817,170.86916871384992,170.86916871384992,160.31095889381817,3.4193912143574074,2.9867473888396567,3.4193912143574074,8.0248188356645,8.0248188356645,7.960463361181703,7.562085170091919,4.41453553266648,167.02292868457832,7.72928345687673,7.127992321270183,9.872382225441525,-0.3506011962890625,7.493455227711322,0
9d43c8ca-67d4-49a5-b3ca-7930ad933230_delivery_3,43,2.886471239181031,116.39265210325934,116.39265210325934,4.006978335167119,36.88957539109945,36.88957539109945,81.49341325715714,75.37958414778166,149.20945412456265,130.44894251650135,27.807658050379818,18.380653936560275,13.208610408137819,6.310584506209254,27.807658050379818,18.380653936560275,-27.676544189453125,-18.3798828125,116.39265210325934,36.88957539109945,130.44894251650135,18.380653936560275,28.268785571229387,161.78856275971305,171.2931610325338,9.504598272820743,-109.18544236401168,-0.007326565535322516,4.076518666307966,5.36051769236142,5.36051769236142,290.8110885620117,335.5317687988281,3.697645935608163,161.78856275971305,171.2931610325338,11.506433666104623,7.020156471847996,11.506433666104623,6.813254087672519,1.7181969134220652,6.813254087672519,161.34507946316145,171.68299001216442,171.68299001216442,161.34507946316145,2.9046863936568474,2.8287670477431743,2.9046863936568474,5.546567385970937,5.546567385970937,6.351208162866551,7.240103698714984,4.371202980671835,167.75138835626987,7.941800947319072,8.791602387898006,9.781698483487208,-1.9006805419921875,16.867017333985295,0
9d43c8ca-67d4-49a5-b3ca-7930ad933230_delivery_3,44,6.948547554417211,134.91077313749318,134.91077313749318,5.979662980464651,39.71133194058753,39.71133194058753,81.787142119362,74.31375067850985,149.11280594067733,142.7255666188089,27.873014554503595,22.71938962233596,13.294355091484292,9.020918490601291,27.873014554503595,22.71938962233596,-27.72235107421875,-22.708526611328125,134.91077313749318,39.71133194058753,142.7255666188089,22.71938962233596,32.90570624906135,163.08026461519623,172.4168593993143,9.336594784118063,-109.38070425068074,1.2917018554831827,7.2485675588193805,2.6353543225861835,7.2485675588193805,290.90110778808594,335.56976318359375,2.931963199435266,163.08026461519623,172.4168593993143,15.42974932335432,5.96822296634351,15.42974932335432,5.162998655709892,4.17478936731236,5.162998655709892,162.83636629631994,172.7253148907053,172.7253148907053,162.83636629631994,5.851981345802989,2.752262710687294,5.851981345802989,5.938988828929097,5.938988828929097,6.449053794722747,6.058415347110429,4.374910959333939,168.48768456478808,7.591835833164431,4.687871518809042,9.799996055564904,-2.321380615234375,19.731186821964876,0
9d43c8ca-67d4-49a5-b3ca-7930ad933230_delivery_3,45,9.318562890095022,60.11680044214173,60.11680044214173,3.8721977132503147,12.222965753749813,12.222965753749813,82.33658785727167,73.564502133382,150.0789165046486,145.91574181444665,28.13717781591657,24.794521061751578,13.448689308549486,10.550665341787123,28.13717781591657,24.794521061751578,-27.976318359375,-24.768218994140625,60.11680044214173,12.222965753749813,145.91574181444665,24.794521061751578,15.544058957775874,164.78417781286706,173.34609043856338,8.561912625696323,-109.34952027735335,1.703913197670829,4.596743701867663,3.137083245550695,4.596743701867663,290.94683837890625,335.5578079223633,1.4183609782286941,164.78417781286706,173.34609043856338,20.27779228775277,13.257520242008267,20.27779228775277,5.519725321032432,4.253892132946229,5.519725321032432,165.13175467320823,174.52635538632128,174.52635538632128,165.13175467320823,3.645194843739116,1.4477318770773884,3.645194843739116,5.178468734434839,5.178468734434839,4.316205560905484,4.517243157113377,4.368693543416067,168.9702124263036,4.17481698678413,2.606492741315231,9.803148696644364,-1.136077880859375,11.80551753760095,0
9d43c8ca-67d4-49a5-b3ca-7930ad933230_delivery_3,46,8.364955100757399,21.803430956174225,21.803430956174225,4.5908987310069795,0.7341787315530044,4.5908987310069795,83.25297088068595,72.91842259003104,151.38053515116005,147.0464598926357,28.424205966460537,25.615592398870124,13.53609436071114,11.208732668374791,28.424205966460537,25.615592398870124,-28.24493408203125,-25.57281494140625,21.803430956174225,0.7341787315530044,147.0464598926357,25.615592398870124,8.390085008278184,166.44303295294011,174.04910640862283,7.6060734556827185,-109.18647315861246,1.658855140073058,8.574207864227551,6.272838665949945,8.574207864227551,290.94449615478516,335.4863052368164,2.1467402893695935,166.44303295294011,174.04910640862283,17.720496844835527,2.1517794883584136,17.720496844835527,7.879467577749644,4.139064119745004,7.879467577749644,167.0146057569558,174.5790346133654,174.5790346133654,167.0146057569558,4.545620301704266,7.6524556680468105,7.6524556680468105,4.213710013079973,4.213710013079973,2.7640941552157603,2.6644968671002993,4.37007022310307,168.89667660796476,1.5459601378291368,0.8200046227427161,9.844428001718653,-0.4849395751953125,7.869116170842396,0
9d43c8ca-67d4-49a5-b3ca-7930ad933230_delivery_3,47,4.513051932506045,3.2230717628641274,4.513051932506045,0.6533168255102657,9.395403041388475,9.395403041388475,84.13778304350856,72.92079425094876,152.67956665368283,147.9874837249421,28.618193009307703,25.765168651303874,13.665490732311943,11.362322930697166,28.618193009307703,25.765168651303874,-28.417022705078125,-25.7154541015625,3.2230717628641274,9.395403041388475,147.9874837249421,25.765168651303874,5.596011857480625,168.10049515170323,174.65062949367933,6.550134341976104,-108.93822110363537,1.6574621987631133,7.767822799500839,8.023404783114001,8.023404783114001,290.89879608154297,335.42183685302734,2.3712589956840406,168.10049515170323,174.65062949367933,13.313789536106096,7.179247614591921,13.313789536106096,6.975504290078932,2.0689814628046634,6.975504290078932,168.36352394249482,174.08253999917406,174.08253999917406,168.36352394249482,2.5179987668826773,8.793217395822376,8.793217395822376,1.0410855568310928,1.0410855568310928,1.137061966635327,2.6881898936909776,4.311947551034299,169.27340540057048,2.9677652994866626,5.1716538084513175,9.772137265779149,-0.0706329345703125,6.202067517597534,0
9d43c8ca-67d4-49a5-b3ca-7930ad933230_delivery_3,48,6.007662191500724,3.6915652394033147,6.007662191500724,3.0253461099049663,7.014982670811526,7.014982670811526,85.25518513792196,73.16166878132361,154.3007924111433,149.07735711981766,28.860772151268392,25.898130452341075,13.756196210865234,11.433928911963003,28.860772151268392,25.898130452341075,-28.63421630859375,-25.843414306640625,3.6915652394033147,7.014982670811526,149.07735711981766,25.898130452341075,5.319842495300484,168.86423878780593,174.84275354948076,5.97851476167483,-108.8744605893494,0.7637436361027028,6.941286224658531,5.2382125355238385,6.941286224658531,290.9193801879883,335.4149169921875,0.6516381858380087,168.86423878780593,174.84275354948076,9.160789999725491,13.196944302288774,13.196944302288774,13.9205846474692,3.047938048520166,13.9205846474692,168.15712906038124,172.3085325156753,172.3085325156753,168.15712906038124,5.14034173641906,4.53607991648358,5.14034173641906,1.6518904541396946,1.6518904541396946,1.4495683596015194,2.178897279463179,4.287557850452986,169.27392441244396,2.298641376775908,2.5620262392412827,9.761165300294552,-0.1435394287109375,6.743477801892431,0
9d43c8ca-67d4-49a5-b3ca-7930ad933230_delivery_3,49,3.9949552593897732,3.9302520259928526,3.9949552593897732,1.3024530636687166,4.821277509294583,4.821277509294583,86.06813041572114,72.9056214270736,155.68756790331156,149.7892576873426,29.032826813678685,26.11240593230304,13.809119943503537,11.64856259748476,29.032826813678685,26.11240593230304,-28.793548583984375,-26.044830322265625,3.9302520259928526,4.821277509294583,149.7892576873426,26.11240593230304,4.032507423815655,169.60083320219016,174.93503746057925,5.334204258389093,-109.00928570851502,0.7365944143842285,5.586775740001134,4.559330944546874,5.586775740001134,290.9865493774414,335.3426513671875,2.9605363818959134,169.60083320219016,174.93503746057925,10.729111968292468,17.98885788163374,17.98885788163374,20.450281169075748,5.520683205337303,20.450281169075748,165.9532874174498,169.25688598093618,169.25688598093618,165.9532874174498,7.254237861723069,2.1205948719717536,7.254237861723069,1.09810027908734,1.09810027908734,1.5623313060717643,2.1484740861535396,4.261439754088936,169.32892572301645,2.494177647553298,2.8760923621238255,9.747808906086405,-0.110015869140625,7.354900958410668,0
9d43c8ca-67d4-49a5-b3ca-7930ad933230_delivery_3,50,4.759629793300269,4.102009461452928,4.759629793300269,8.851026511663427,5.086083837029435,8.851026511663427,86.97739762592187,73.02832516555685,156.73457444013366,150.49040124764545,29.15510198992814,26.162864110653484,13.66660120586399,11.650297123173265,29.15510198992814,26.162864110653484,-28.895782470703125,-26.08917236328125,4.102009461452928,5.086083837029435,150.49040124764545,26.162864110653484,5.2788368388900375,169.67130312778733,174.73297318646073,5.0616700586734,-109.53931869239742,0.07046992559716614,4.780326312212916,4.093945117681253,4.780326312212916,291.10343170166016,335.26680755615234,4.180989880490185,169.67130312778733,174.73297318646073,14.914151085760919,19.245456526626263,19.245456526626263,26.498649593400035,7.607456752415971,26.498649593400035,162.66172939878203,165.78465736262064,165.78465736262064,162.66172939878203,11.913205628153339,6.965059598966787,11.913205628153339,3.0985007799422126,3.0985007799422126,1.6417591103217852,2.466145100778737,4.294023537481769,168.75850634834708,0.6553513497284309,3.6439436006972743,9.836507817539575,-0.14697265625,9.901416684888627,0
9d43c8ca-67d4-49a5-b3ca-7930ad933230_delivery_3,51,3.234155099794418,7.275937062159234,7.275937062159234,6.746242538876195,7.258476706409585,7.258476706409585,87.49171621090774,72.78582215221843,156.95963728378098,150.51453927943658,29.040911280710546,26.097126264080423,13.466108790668951,11.504146652187071,29.040911280710546,26.097126264080423,-28.761962890625,-26.010009765625,7.275937062159234,7.258476706409585,150.51453927943658,26.097126264080423,5.449491272388248,169.49394302591375,174.3814562644235,4.88751323850974,-110.39508650294563,-0.17736010187357465,3.61535631087681,4.566779916213247,4.566779916213247,291.3281555175781,335.23541259765625,6.808801784772826,169.49394302591375,174.3814562644235,10.911666103062169,7.742072457213425,10.911666103062169,34.489437798205934,2.9249703433530607,34.489437798205934,159.28240388765443,163.86003771118533,163.86003771118533,159.28240388765443,14.166245707453353,12.470177452114994,14.166245707453353,4.892343498132094,4.892343498132094,4.524212612511919,4.5213168022728745,4.294035622903057,168.7597838903973,3.9417825611802892,3.7343159592547095,9.843468450501058,-0.0202178955078125,9.616793124644369,0
9d43c8ca-67d4-49a5-b3ca-7930ad933230_delivery_3,52,4.755177210198565,7.353823107968169,7.353823107968169,12.939099309969892,9.582060049249822,12.939099309969892,88.0477152973364,73.18168680648245,157.424338617819,150.69239489702406,29.004220335717562,26.140629996457736,13.194201792301238,11.437116266758155,29.004220335717562,26.140629996457736,-28.7144775390625,-26.061767578125,7.353823107968169,9.582060049249822,150.69239489702406,26.140629996457736,7.832782081192446,169.47944705233323,174.0217470446318,4.542299992298581,-111.32673717732771,-0.014495973580523014,6.074802872561798,6.291729937206434,6.291729937206434,291.56468200683594,335.2353210449219,7.097478585627789,169.47944705233323,174.0217470446318,9.775207899148954,9.978545038507958,9.978545038507958,43.98714073560294,1.7410618194876468,43.98714073560294,155.31278279741394,161.33360992173724,161.33360992173724,155.31278279741394,14.567922398713776,13.054199063722683,14.567922398713776,10.277688831937525,10.277688831937525,9.349748026837663,9.129983576335116,4.281269977189707,168.8107730043895,6.816119569549689,6.467148276038997,9.823898954523692,-0.198455810546875,11.675064120194888,0
9d43c8ca-67d4-49a5-b3ca-7930ad933230_delivery_3,53,11.98243090434978,14.364276286329734,14.364276286329734,17.034442864635135,16.43546423258527,17.034442864635135,88.74384284304877,72.91162390592282,158.07029484593502,150.30873467096325,29.160746496008272,26.213079831088056,13.025876985995861,11.356512269112923,29.160746496008272,26.213079831088056,-28.851837158203125,-26.12506103515625,14.364276286329734,16.43546423258527,150.30873467096325,26.213079831088056,13.056792995576139,168.97652515518357,173.23563443012122,4.259109274937657,-112.32336491897105,-0.5029218971496618,7.786845541532353,10.737298144024555,10.737298144024555,291.8914260864258,335.3359375,10.258983718669374,168.97652515518357,173.23563443012122,11.974111722326652,5.828520123777408,11.974111722326652,44.86254449879045,7.349386462593387,44.86254449879045,152.18842636498727,160.40656278622697,160.40656278622697,152.18842636498727,15.934565710009155,16.172413669859974,16.172413669859974,14.842166045757208,14.842166045757208,13.535974691370047,13.988023141042204,4.249276314550819,168.3441872033498,7.394785715952221,8.918946819607509,9.777539518983867,-0.3775787353515625,15.038525013401156,0
9d43c8ca-67d4-49a5-b3ca-7930ad933230_delivery_3,54,17.119401351663264,22.7412966551541,22.7412966551541,21.969437140647898,22.92235519222986,22.92235519222986,89.83582499833693,71.84683114216126,159.8564760132436,149.65573182195922,29.28015014006182,26.17951546312305,12.881136458007326,11.210576625325789,29.28015014006182,26.17951546312305,-28.95477294921875,-26.051910400390625,22.7412966551541,22.92235519222986,149.65573182195922,26.17951546312305,19.110440549761808,167.9465919306838,172.2964235240228,4.34983159333899,-113.84461120456466,-1.0299332244997572,13.179781888674812,16.73037107020094,16.73037107020094,292.24818420410156,335.5727310180664,12.84877719471389,167.9465919306838,172.2964235240228,21.816289004505737,7.708192778482151,21.816289004505737,48.22552769924682,7.626732643432812,48.22552769924682,150.2179501937209,159.4222324219681,159.4222324219681,150.2179501937209,19.42574857740614,20.788067836736058,20.788067836736058,19.594544191697562,19.594544191697562,17.845068447709483,19.645854873072672,4.281476449133202,167.65785818487493,12.983408416891203,17.127616067692752,9.851909381250476,-0.4968109130859375,20.021100153198383,0
9d43c8ca-67d4-49a5-b3ca-7930ad933230_delivery_3,55,7.473209405274437,16.651027886452933,16.651027886452933,19.9979424944635,20.166164931027698,20.166164931027698,91.6920229132448,71.71758085852063,162.69536659372912,150.95309032216838,28.939720091447956,25.73151141025402,12.52445859626006,10.691058175203601,28.939720091447956,25.73151141025402,-28.576416015625,-25.558685302734375,16.651027886452933,20.166164931027698,150.95309032216838,25.73151141025402,17.002363178622037,166.81876761943744,171.41542041051338,4.59665279107594,-115.44448529465195,-1.1278243112463713,16.576511358554882,21.149322995958766,21.149322995958766,292.63724517822266,335.9109649658203,15.469553467979438,166.81876761943744,171.41542041051338,29.34255881260387,5.120450508672261,29.34255881260387,52.37821218903269,3.8865597528079605,52.37821218903269,149.03013541765358,157.8067683485948,157.8067683485948,149.03013541765358,22.347840550686932,19.79991123342011,22.347840550686932,27.37848999522739,27.37848999522739,25.014168748714567,25.85401940030676,4.271902115052271,167.11886495658925,18.323183567751904,20.62269758123549,9.861585758998862,-0.186859130859375,19.574142676579672,0
9d43c8ca-67d4-49a5-b3ca-7930ad933230_delivery_3,56,26.525852743984142,25.860843610147807,26.525852743984142,29.62122782210561,26.589245605481295,29.62122782210561,92.8248672550914,72.20589537856605,163.74916329603033,152.42263483824428,29.05015513679705,25.871128692157694,12.422280260926241,10.581554703809152,29.05015513679705,25.871128692157694,-28.635040283203125,-25.68487548828125,25.860843610147807,26.589245605481295,152.42263483824428,25.871128692157694,25.6168952081464,167.48302460052386,171.39418667701165,3.911162076487784,-116.9281684652012,0.6642569810864245,23.992790903248412,21.1114105639111,23.992790903248412,293.03343200683594,336.3371276855469,17.46039514599091,167.48302460052386,171.39418667701165,35.801905291917606,15.426648114844598,35.801905291917606,48.385483568494365,2.4664019876444057,48.385483568494365,149.25939714601913,158.51667016811552,158.51667016811552,149.25939714601913,20.526856442534623,19.240649224715604,20.526856442534623,32.772401115954914,32.772401115954914,31.84575632394773,29.706505154293833,4.15477701599457,167.43873702745128,26.598190707928335,22.248562764956738,9.620912396936157,-0.828369140625,24.6291096565858,0
9d43c8ca-67d4-49a5-b3ca-7930ad933230_delivery_3,57,33.490019277743805,35.920841953279115,35.920841953279115,26.39940773886833,28.14944307150353,28.14944307150353,94.3043218944473,72.97066215063529,165.66244322821163,154.9801923628125,29.3809615743734,26.23709424249988,12.652329571521078,10.737148838247908,29.3809615743734,26.23709424249988,-28.8958740234375,-26.03802490234375,35.920841953279115,28.14944307150353,154.9801923628125,26.23709424249988,29.011426434703747,167.68420518796015,171.44327445483162,3.759069266871478,-118.50015461514285,0.20118058743628353,25.43718346588504,24.671663100942663,25.43718346588504,293.5147247314453,336.84303283691406,20.95310651045356,167.68420518796015,171.44327445483162,44.23574642199051,26.05854774727946,44.23574642199051,39.22655629476041,7.118612200023959,39.22655629476041,151.23795660292987,160.21491436336868,160.21491436336868,151.23795660292987,24.388545436884005,22.614079176317002,24.388545436884005,35.330560679465435,35.330560679465435,34.691532758438626,33.61094866799041,4.01375193051973,167.08410763645705,28.64495492677307,27.10011089148668,9.330416747902282,-1.115478515625,28.142553823789825,0
9d43c8ca-67d4-49a5-b3ca-7930ad933230_delivery_3,58,52.313091859109186,40.27746233206668,52.313091859109186,34.676064630915064,24.471578128526165,34.676064630915064,96.4877068657705,73.59876215868267,166.91045161619584,157.06787548255744,30.214270558450075,26.84320474955996,13.236735596519715,11.234525452763329,30.214270558450075,26.84320474955996,-29.533935546875,-26.6422119140625,40.27746233206668,24.471578128526165,157.06787548255744,26.84320474955996,34.085092610106074,169.69982992511726,172.93347442795067,3.233644502833414,-119.99530886103057,2.015624737157111,30.69374599162719,22.078612718392137,30.69374599162719,294.00213623046875,337.4455261230469,23.254414719237293,169.69982992511726,172.93347442795067,46.436520231989334,19.19914233744104,46.436520231989334,37.55450291937097,4.545598809425178,37.55450291937097,153.1539264224145,159.2675828412982,159.2675828412982,153.1539264224145,30.879046793277112,19.94617368832875,30.879046793277112,36.66848079945868,36.66848079945868,36.632087641142206,35.37500947339814,3.8581057965916754,166.8612846332201,32.36875664289755,29.879238810402395,9.008050400345917,-1.4669647216796875,30.255961703372403,0
9d43c8ca-67d4-49a5-b3ca-7930ad933230_delivery_3,59,40.02402641946083,41.76733040834007,41.76733040834007,23.201166180418042,28.709427595729707,28.709427595729707,97.82198931404982,74.04542148464236,167.15582028653304,156.11242355842458,30.878068772060676,27.466268894787856,13.848513563490194,11.78912026070923,30.878068772060676,27.466268894787856,-30.019378662109375,-27.31854248046875,41.76733040834007,28.709427595729707,156.11242355842458,27.466268894787856,30.94714868173585,170.04413360964398,173.76073800482555,3.7166043951815766,-121.23045810483976,0.34430368452672155,26.34320623457128,25.637735251895162,26.34320623457128,294.7222442626953,338.0736312866211,28.673235904284564,170.04413360964398,173.76073800482555,43.862769780529746,23.08198482062846,43.862769780529746,25.54875070711428,9.551212299151057,25.54875070711428,155.65609657595442,159.57327510648506,159.57327510648506,155.65609657595442,35.08688598327587,32.29138414535194,35.08688598327587,37.52403482895704,37.52403482895704,38.20891005238863,37.347203343558604,3.6566272933453274,166.43926294929116,32.18724127895601,31.717369409263014,8.57546847681313,-1.3252410888671875,29.592156652205535,0
9d43c8ca-67d4-49a5-b3ca-7930ad933230_delivery_3,60,44.1386643776982,49.60111626927806,49.60111626927806,24.121646246146202,47.943069278452995,47.943069278452995,98.73931536255948,72.6125514225924,166.3207521880774,151.63288674183588,31.724670974518634,28.313085343353322,14.612063873477258,12.376517471621174,31.724670974518634,28.313085343353322,-30.644744873046875,-28.187408447265625,49.60111626927806,47.943069278452995,151.63288674183588,28.313085343353322,36.41702700315643,169.7123907750985,174.43117710975815,4.718786334659654,-122.23289106823054,-0.33174283454548004,24.61478950077937,28.08287634658374,28.08287634658374,295.4397659301758,338.7182846069336,28.94427541200973,169.7123907750985,174.43117710975815,50.28118120398538,38.40525793361668,50.28118120398538,20.26869423558086,12.30251997611653,20.26869423558086,159.9572756432805,162.17879704114506,162.17879704114506,159.9572756432805,33.560061670089915,32.75513924676743,33.560061670089915,36.641447157727235,36.641447157727235,38.408971830276094,37.258231900478336,3.439330014869242,166.1260237748747,33.35839804045852,32.66557507161347,8.099681481667545,-1.4762115478515625,33.839584690424616,0
9d43c8ca-67d4-49a5-b3ca-7930ad933230_delivery_3,61,2.5499123347951973,37.61992224600621,37.61992224600621,20.205846075599645,51.70885922576592,51.70885922576592,100.41217557880884,70.5698434847096,168.75712203767844,146.20947249370727,31.71617815136082,28.587040516655712,15.225718664487891,12.73317602984249,31.71617815136082,28.587040516655712,-30.520477294921875,-28.47442626953125,37.61992224600621,51.70885922576592,146.20947249370727,28.587040516655712,26.038590972104274,164.05620706877622,173.122346589988,9.066139521211795,-123.29272189335683,-5.656183706322281,10.585511167603324,33.561494782855334,33.561494782855334,296.3511657714844,339.17781829833984,30.628152597128423,164.05620706877622,173.122346589988,49.922605570252045,30.751837340101893,49.922605570252045,27.542758150786053,23.897663173981552,27.542758150786053,163.84978860515798,161.6877235454362,161.6877235454362,163.84978860515798,36.67285537320475,43.50771956338811,43.50771956338811,36.8241067661256,36.8241067661256,36.96062309465106,40.025292787248354,3.2901236370954674,163.1387807677361,26.250047240101463,35.5057940098583,7.749356985455225,-0.5079345703125,30.710582083694998,0
9d43c8ca-67d4-49a5-b3ca-7930ad933230_delivery_3,62,63.183922179278554,38.60413863816415,63.183922179278554,65.89671431851697,45.2167736106079,65.89671431851697,101.31785050664409,69.17741002433932,169.95304360531665,142.61488540644385,30.139878200739457,28.800866193114484,15.31479607374333,13.049712909530477,30.139878200739457,28.800866193114484,-28.9130859375,-28.69757080078125,38.60413863816415,45.2167736106079,142.61488540644385,28.800866193114484,44.96078647420669,155.1048449935232,170.39781449478963,15.292969501266441,-123.97105636032295,-8.95136207525303,22.38117501916743,34.48199507950517,34.48199507950517,297.2473907470703,339.49193572998047,28.497109418201262,155.1048449935232,170.39781449478963,47.94967815823885,28.697163674758983,47.94967815823885,23.90525959804015,25.250401999066508,25.250401999066508,167.58270489962203,160.9438534348325,160.9438534348325,167.58270489962203,34.55395756319605,36.28634358168348,36.28634358168348,43.68820732983344,43.68820732983344,39.93293933680422,47.187273278005954,3.2604189197246347,158.5536185147208,21.364025737257933,40.60767940212766,7.709619880136451,0.4081573486328125,38.86729361835202,0
9d43c8ca-67d4-49a5-b3ca-7930ad933230_delivery_3,63,85.0977747419545,53.981813686066104,85.0977747419545,79.40335812687727,31.579091330314597,79.40335812687727,99.61060964218818,67.24287539682857,171.26308255775712,142.9717131381747,28.504559686278597,27.881528058593027,15.451722294553958,12.365801434317751,28.504559686278597,27.881528058593027,-27.617218017578125,-27.657623291015625,53.981813686066104,31.579091330314597,142.9717131381747,27.881528058593027,50.27506094691275,149.2178352643298,167.32610965283624,18.10827438850643,-124.67223850417005,-5.88700972919338,26.85255439224626,24.735773404017774,26.85255439224626,298.12648010253906,339.47318267822266,26.38493865088928,149.2178352643298,167.32610965283624,51.80724907004476,52.700082768513084,52.700082768513084,23.631425538140938,46.12331432434576,46.12331432434576,171.63653134123388,162.06163901867393,162.06163901867393,171.63653134123388,32.735461124060535,32.157598625753046,32.735461124060535,41.99431090431766,41.99431090431766,39.673523122351,45.36924257723155,3.1646940044111824,154.41322747041394,20.973232956015988,35.92631845905099,7.55215055405637,1.148406982421875,45.067124761027884,0
9d43c8ca-67d4-49a5-b3ca-7930ad933230_delivery_3,64,109.15777023630501,59.97037248758313,109.15777023630501,92.68769903250198,21.36299792919059,92.68769903250198,95.8050571650485,65.18789839546008,170.3412034468774,144.72747340382244,26.139582857246435,26.703141375769505,15.194212952213006,11.12697131066881,26.139582857246435,26.703141375769505,-25.62371826171875,-26.222381591796875,59.97037248758313,21.36299792919059,144.72747340382244,26.703141375769505,54.19905506287043,145.60788952522455,165.44132205657695,19.8334325313524,-124.95318399660619,-3.6099457391052567,27.026563563303483,14.988927128338403,27.026563563303483,298.6949996948242,339.4446792602539,17.081061392831685,145.60788952522455,165.44132205657695,42.9084589367307,29.371807891385036,42.9084589367307,19.330129786033567,51.04356239746646,51.04356239746646,174.82523462361928,160.67396211414066,160.67396211414066,174.82523462361928,24.028277424680365,16.890622334541412,24.028277424680365,38.00065830849146,38.00065830849146,35.7558514066688,40.21406724824162,3.044109915387897,150.30641526329714,17.34822695548183,28.489390810846366,7.348284510028841,1.7606964111328125,42.39726576233835,0
9d43c8ca-67d4-49a5-b3ca-7930ad933230_delivery_3,65,140.08771062965334,95.37604970765221,140.08771062965334,109.39245045886153,13.699770674056476,109.39245045886153,87.4039504954852,64.98055679765592,162.79419895904755,146.13141303051444,23.13842166879424,23.54713777047518,14.173271274772045,8.297867870011748,23.13842166879424,23.54713777047518,-22.921966552734375,-22.8778076171875,95.37604970765221,13.699770674056476,146.13141303051444,23.54713777047518,67.31333844714722,142.79627120480905,162.94929908368493,20.15302787887589,-124.18672726663166,-2.811618320415505,39.0679999272849,6.256049285374801,39.0679999272849,298.9457702636719,339.16477966308594,11.27683519810543,142.79627120480905,162.94929908368493,22.007985563243547,19.15661838132704,22.007985563243547,9.909542802636826,62.44991164735355,62.44991164735355,176.59404419336707,158.81435937848093,158.81435937848093,176.59404419336707,13.763857970662135,2.740759154141526,13.763857970662135,26.797635728235917,26.797635728235917,21.838450701498697,29.16401207584362,3.015531999260814,145.2140456898778,7.779499088777445,21.31064030238056,7.410262085036155,3.4243621826171875,44.49239218352066,0
9d43c8ca-67d4-49a5-b3ca-7930ad933230_delivery_3,66,112.35083168036446,124.65081278722118,124.65081278722118,92.31791655642864,44.22936373822489,92.31791655642864,76.66197750735402,64.93808046249265,147.80158678155098,169.98612752899777,20.52662898687586,20.576926144438424,12.81874354411061,5.353027749646579,20.52662898687586,20.576926144438424,-20.41046142578125,-19.01483154296875,124.65081278722118,44.22936373822489,169.98612752899777,20.576926144438424,72.75706146971152,146.1370136981801,163.56928235214673,17.432268653966617,-122.969264387281,3.340742493371067,38.28946384819414,24.703980207835734,38.28946384819414,298.8247756958008,338.99957275390625,6.144722614203017,146.1370136981801,163.56928235214673,16.161270355909934,19.648752624444693,19.648752624444693,12.755223974685668,66.77506180584531,66.77506180584531,177.53713056774083,158.13386235839533,158.13386235839533,177.53713056774083,5.67450272030409,27.78532905044753,27.78532905044753,13.260354213783318,13.260354213783318,8.396525202932114,11.044152690239883,3.0995859473940968,142.82581633551578,10.021710513928738,5.396134552677522,7.830400557871894,3.488311767578125,48.77854244582553,0
9d43c8ca-67d4-49a5-b3ca-7930ad933230_delivery_3,67,118.67704624183747,160.35887013782457,160.35887013782457,101.5229833965912,60.23949225351927,101.5229833965912,61.71191127288629,62.893146116156466,124.91198506323286,144.21424562125458,17.470256983741567,17.636930166209844,11.24302351327893,4.130919400809359,17.470256983741567,17.636930166209844,-17.43646240234375,-14.4510498046875,160.35887013782457,60.23949225351927,144.21424562125458,17.636930166209844,84.145853255417,151.41223345050508,166.09901817435457,14.686784723849485,-121.38842270076971,5.275219752324972,35.786200191731645,28.290527310997827,35.786200191731645,298.7737274169922,338.9247360229492,2.7183306528080378,151.41223345050508,166.09901817435457,22.201559797874257,21.921731749638997,22.201559797874257,3.6811802877567184,66.78148456067218,66.78148456067218,177.47728131557534,157.00935355048028,157.00935355048028,177.47728131557534,11.718693280277467,25.230509963164202,25.230509963164202,23.77006552501562,23.77006552501562,22.806404218093817,25.30916309646849,3.0268471833565043,143.6269075113387,19.013116600844818,21.675745694754273,7.802507899784874,4.1900787353515625,54.70085659765715,0
9d43c8ca-67d4-49a5-b3ca-7930ad933230_delivery_3,68,207.793166812379,197.57410976934318,207.793166812379,107.69655728600392,56.87756530265167,107.69655728600392,44.93056795306639,59.32488440302534,96.70129738705161,95.38421006277862,11.873782918150443,14.879781073779299,7.767261680447552,6.119883205873949,11.873782918150443,14.879781073779299,-11.836334228515625,-8.567230224609375,197.57410976934318,56.87756530265167,95.38421006277862,14.879781073779299,104.12768571290756,153.46561704169932,167.44388076858147,13.978263726882147,-119.58566959303762,2.0533835911942333,35.27200041036136,19.552714696706236,35.27200041036136,298.79725646972656,338.8318328857422,2.875773082150871,153.46561704169932,167.44388076858147,27.395328686133862,14.12606963003443,27.395328686133862,9.419080755825634,43.74452190611024,43.74452190611024,177.93258349563257,155.5273870222446,155.5273870222446,177.93258349563257,12.926485564273444,21.78517398849747,21.78517398849747,37.699526968921035,37.699526968921035,38.86426464215427,37.505212993378315,3.1266748155871626,144.92876761895366,32.49771908934656,26.24879907417505,8.172401875424551,6.3052825927734375,62.84689790069337,0
9d43c8ca-67d4-49a5-b3ca-7930ad933230_delivery_3,69,194.31899200517225,224.40010917459986,224.40010917459986,85.04973015191075,87.83955883837285,87.83955883837285,32.07295300296369,54.79337650021851,51.60568366806103,81.95543148329708,6.518251217553844,14.153355569452733,4.998344870240717,10.454525741504273,6.518251217553844,14.153355569452733,-6.085906982421875,-1.918426513671875,224.40010917459986,87.83955883837285,81.95543148329708,14.153355569452733,108.66966447743316,157.41819384674366,169.64572627580893,12.227532429065263,-117.41408167706498,3.9525768050443446,32.92195410273993,27.487642591803215,32.92195410273993,298.6586685180664,338.8251724243164,4.163424731633292,157.41819384674366,169.64572627580893,25.781898763849757,14.241732594321599,25.781898763849757,4.236887939365155,22.902060223844895,22.902060223844895,178.7827081740685,154.7130880541401,154.7130880541401,178.7827081740685,17.07760543158092,32.710710296715156,32.710710296715156,58.07116272597903,58.07116272597903,56.68851693841625,57.04232240221241,3.186962394689185,146.7693333815541,38.01371028467914,36.7955016712481,8.403984007097103,6.677825927734375,64.08074017618968,0
9d43c8ca-67d4-49a5-b3ca-7930ad933230_delivery_3,70,171.49228971699094,196.9989052450966,196.9989052450966,71.88063107346237,103.00005873675585,103.00005873675585,21.224562317717158,44.907658745125744,4.37388302065417,90.91170468971049,4.2841429551208305,17.140601320938238,4.354141872406614,14.12143931948712,4.2841429551208305,17.140601320938238,-1.23675537109375,3.139739990234375,196.9989052450966,103.00005873675585,90.91170468971049,17.140601320938238,100.716271847128,161.49366014954796,172.53205695885865,11.038396809310683,-115.61023064443097,4.075466302804301,26.930356729456324,33.99538958100594,33.99538958100594,298.59783935546875,338.69507598876953,4.309472258308233,161.49366014954796,172.53205695885865,28.12961443796622,33.902917033750406,33.902917033750406,23.501668880470593,24.770330203126818,24.770330203126818,179.9212590514584,151.45082971980082,151.45082971980082,179.9212590514584,18.098974245531803,24.115857950683203,24.115857950683203,66.78809601674331,66.78809601674331,68.37023543175266,65.12119242599564,3.458759958218109,149.51976811415193,49.46203083483577,43.520368202505836,9.03389277006187,5.5895843505859375,63.068082819524754,0
9d43c8ca-67d4-49a5-b3ca-7930ad933230_delivery_3,71,210.12837356013097,203.5309546685961,210.12837356013097,87.6985267904428,123.29735480098155,123.29735480098155,2.4722796096914132,24.905733169089366,69.04604149051153,106.57870201845478,8.811381096627196,20.467360076823596,5.655931574627202,16.5430714262047,8.811381096627196,20.467360076823596,4.972747802734375,8.930206298828125,203.5309546685961,123.29735480098155,106.57870201845478,20.467360076823596,109.69824224623257,164.4970773774468,174.59118263054216,10.094105253095364,-114.27791476605701,3.0034172278988365,9.823264067926063,23.710979589317954,23.710979589317954,298.56270599365234,338.71046447753906,1.1509435799972825,164.4970773774468,174.59118263054216,21.070069842109227,32.50485304982657,32.50485304982657,15.496729145936717,46.34660774173113,46.34660774173113,179.22905830037342,149.95674396721355,149.95674396721355,179.22905830037342,17.360327915383262,12.75898851810852,17.360327915383262,75.39277758368115,75.39277758368115,73.36269722327482,73.23475273260163,3.60093147641484,153.23777032950792,42.4037189145703,44.35035165151399,9.238168554646935,6.3270416259765625,66.97725247420756,0
9d43c8ca-67d4-49a5-b3ca-7930ad933230_delivery_3,72,157.5816765396228,207.78303919210578,207.78303919210578,50.715761486209814,123.41973489929958,123.41973489929958,-8.441400571549707,2.187057174735058,101.47452907012621,125.63154775413146,14.024788646172722,25.232784640627493,8.417034283446538,19.11418636609101,14.024788646172722,25.232784640627493,9.824493408203125,14.765533447265625,207.78303919210578,123.41973489929958,125.63154775413146,25.232784640627493,96.42319040791033,167.24152387446821,175.96132945959295,8.719805585124732,-113.29756815584695,2.744446497021414,14.112417908674079,24.926512421549894,24.926512421549894,298.0364761352539,338.4968719482422,17.041813806470895,167.24152387446821,175.96132945959295,5.2203280718094,42.06408165790382,42.06408165790382,12.076469608297558,65.3580216805539,65.3580216805539,177.29071743535704,150.40074363762048,150.40074363762048,177.29071743535704,22.84936534027623,23.709656381595497,23.709656381595497,69.78196306264215,69.78196306264215,67.6451394121983,65.97041805687816,3.7444601650174243,155.69343267376718,35.1964415389372,34.87680125909359,9.532545152789412,5.6929473876953125,62.484755432324846,0
9d43c8ca-67d4-49a5-b3ca-7930ad933230_delivery_3,73,96.48828436776631,128.31062184922197,128.31062184922197,33.63498929122281,96.20367516972061,96.20367516972061,-13.933049366795471,-11.286991679286368,109.62229749438443,137.423119637186,17.027092010745548,27.734642343038526,10.523056497115963,20.018188214842755,17.027092010745548,27.734642343038526,12.953948974609375,18.01898193359375,128.31062184922197,96.20367516972061,137.423119637186,27.734642343038526,67.52020499995776,170.36756410398368,177.27931823229756,6.9117541283138735,-111.76494259110457,3.1260402295154677,17.0687871947604,33.41487212705451,33.41487212705451,297.1398696899414,338.11678314208984,29.222227531396847,170.36756410398368,177.27931823229756,20.63588413059184,44.16083426471224,44.16083426471224,16.156378634229508,82.91812257281902,82.91812257281902,175.82314747458437,154.6110055814429,154.6110055814429,175.82314747458437,37.520194515467786,41.16939720929027,41.16939720929027,71.74808866967464,71.74808866967464,73.01644686271595,70.3596046309874,4.002081502327975,159.22187129974645,45.490988640967146,45.84581417917,10.058745882356007,3.7263336181640625,53.973503443904775,0
9d43c8ca-67d4-49a5-b3ca-7930ad933230_delivery_3,74,63.590147529758276,93.12465844870093,93.12465844870093,39.122408382040106,92.47151072798954,92.47151072798954,-16.889587585369732,-19.80235876770752,115.61704152726965,145.21342586373623,19.067745474933258,29.44714102228795,11.440387232755004,19.899095034776355,19.067745474933258,29.44714102228795,14.529876708984375,19.886322021484375,93.12465844870093,92.47151072798954,145.21342586373623,29.44714102228795,60.03370071996428,172.55271161958095,177.8154178612614,5.262706241680462,-110.64326249561856,2.185147515597265,32.62769180880546,39.26578742249139,39.26578742249139,296.17706298828125,337.4183120727539,35.692814014285496,172.55271161958095,177.8154178612614,26.730947413276898,38.8389270809252,38.8389270809252,8.216212903870368,112.86501669254883,112.86501669254883,174.028486567754,162.75990248304103,162.75990248304103,174.028486567754,41.60474013733903,38.47945361730904,41.60474013733903,68.44436688705427,68.44436688705427,67.99199218532439,66.60333946470908,4.152285659119933,161.60926149121653,42.36220868102003,43.99868114737168,10.436698670181986,2.5947265625,52.24479184708792,0
9d43c8ca-67d4-49a5-b3ca-7930ad933230_delivery_3,75,63.885769630422566,63.33438431020501,63.885769630422566,43.05643439044009,69.18275286431573,69.18275286431573,-19.64962606116004,-23.484332643274893,118.24658409581839,147.97729356291904,20.927715897207072,30.37215876452182,12.139631896789847,19.46662691106626,20.927715897207072,30.37215876452182,16.12042236328125,20.85009765625,63.33438431020501,69.18275286431573,147.97729356291904,30.37215876452182,51.77421617344452,174.51716390461573,177.77962774776728,3.2624638431515507,-109.91560196638426,1.9644522850347812,33.5271412976358,37.658814547647914,37.658814547647914,295.28052520751953,336.7616424560547,33.34700759498463,174.51716390461573,177.77962774776728,23.253306371008968,18.008214324547403,23.253306371008968,2.7562232739120267,125.90458722893995,125.90458722893995,171.9357936130005,174.0548127358452,174.0548127358452,171.9357936130005,36.267050948387656,32.465499578981984,36.267050948387656,63.302862375000444,63.302862375000444,59.78953577011396,67.77587115726821,3.971307829615209,165.01075352342264,31.865488174905458,49.66526495151028,10.215399946028308,2.1169281005859375,45.77501489720376,0
9d43c8ca-67d4-49a5-b3ca-7930ad933230_delivery_3,76,27.89364158382323,38.504705899838235,38.504705899838235,22.108844618186613,50.83742229058196,50.83742229058196,-17.08289816801165,-23.107709190883146,113.14551587089451,147.12554833395058,20.962447253385253,30.12733858806328,12.065988944240363,18.657228604925344,20.962447253385253,30.12733858806328,15.829925537109375,20.450408935546875,38.504705899838235,50.83742229058196,147.12554833395058,30.12733858806328,38.559540107554135,176.23507226365868,177.84081001046496,1.605737746806284,-109.01786443089338,1.7179083590429514,42.28098341373852,49.73164283915628,49.73164283915628,294.29864501953125,335.7951889038086,41.34150088122491,176.23507226365868,177.84081001046496,21.10072028788124,28.77122508602371,28.77122508602371,12.309384826556203,124.99265659210093,124.99265659210093,168.55671488307476,177.56961706447572,177.56961706447572,168.55671488307476,40.031533560633804,39.220605268284906,40.031533560633804,48.773439394932815,48.773439394932815,44.378539138438974,54.34865512067734,3.696917219970911,167.81403708648787,28.769592631562908,48.725763915114584,9.81674794488701,0.922332763671875,41.48194718890047,0
9d43c8ca-67d4-49a5-b3ca-7930ad933230_delivery_3,77,16.54171586467728,22.70290122905489,22.70290122905489,19.49945597662326,38.49838973423411,38.49838973423411,-14.987043856218714,-22.22387922404784,110.59337115842361,147.71999393654707,20.82747267147713,29.227807431191966,11.777466496892322,17.855046722246833,20.82747267147713,29.227807431191966,15.219390869140625,19.277099609375,22.70290122905489,38.49838973423411,147.71999393654707,29.227807431191966,30.01868620800548,177.92649558033932,178.01198011170854,0.08548453136921808,-108.24055302836936,1.6914233166806412,38.96590349368956,43.90375094975381,43.90375094975381,293.3831481933594,334.9490203857422,37.40836500311345,177.92649558033932,178.01198011170854,18.563165597576788,23.82675893484033,23.82675893484033,10.267988877870954,120.75721954569387,120.75721954569387,167.21094719614266,169.7625517075987,169.7625517075987,167.21094719614266,37.499152288790775,35.13313771778623,37.499152288790775,34.87808893950749,34.87808893950749,29.89944536978455,40.30624403964076,3.375977811766226,170.90424057597852,22.672751136661514,42.9341882601983,9.287382043632386,0.2157440185546875,35.51329501754932,0
9d43c8ca-67d4-49a5-b3ca-7930ad933230_delivery_3,78,21.83815308326791,13.899741637948056,21.83815308326791,16.043014000147647,29.13750840744756,29.13750840744756,-11.67241926024416,-21.188550615245504,107.48358627029818,147.92614711326414,20.69621231753995,28.396561432964187,11.474586867817658,16.956496621163932,20.69621231753995,28.396561432964187,14.27197265625,18.129364013671875,13.899741637948056,29.13750840744756,147.92614711326414,28.396561432964187,25.863584655861292,-179.10405482433862,178.93124578456846,358.03530060890705,-107.43378197813468,-357.0305504046779,38.453051477967456,35.81003932838913,38.453051477967456,292.43267822265625,334.43302154541016,32.452776445293864,-179.10405482433862,178.93124578456846,13.728758973552587,28.521356821363348,28.521356821363348,8.878526602637436,114.20044258767759,114.20044258767759,165.82534383068122,163.77905930803388,163.77905930803388,165.82534383068122,39.871291786440395,29.480662895513326,39.871291786440395,24.76010810320425,24.76010810320425,13.94393204827254,34.07790304922758,2.719454884443202,174.99260589273393,15.233187602218093,34.776471397988225,7.996631300951976,-0.2877197265625,32.48854563352936,0
9d43c8ca-67d4-49a5-b3ca-7930ad933230_delivery_3,79,23.70550333750944,22.40288081719489,23.70550333750944,23.486499821350826,17.74569409801435,23.486499821350826,-8.27336294398184,-18.660050230201584,105.34101741074556,146.18023168324981,20.577887220989414,27.69254073632271,11.28970261610238,16.39976840078531,20.577887220989414,27.69254073632271,13.28680419921875,17.013153076171875,22.40288081719489,17.74569409801435,146.18023168324981,27.69254073632271,25.63181235488479,-176.95994664638613,178.98864280841093,355.94858945479706,-106.77930439196133,2.1441081779524893,34.910754162214076,31.53954189302516,34.910754162214076,291.37928009033203,334.0149230957031,34.00819170624271,-176.95994664638613,178.98864280841093,18.24222378624201,38.69623684610408,38.69623684610408,17.38407536559061,89.70476274746792,89.70476274746792,164.6223871975497,160.8631619904453,160.8631619904453,164.6223871975497,39.10142971135027,35.36893052270933,39.10142971135027,21.332137829514053,21.332137829514053,13.10729279693391,29.241441101304027,2.1828307744942603,-179.6972065677904,17.051605578462524,29.724728312023426,6.97957651844747,-0.4958343505859375,32.69071109239775,0
9d43c8ca-67d4-49a5-b3ca-7930ad933230_delivery_3,80,30.104862125722768,6.745994733376282,30.104862125722768,38.770617939901655,12.826576207980315,38.770617939901655,-6.20957859139516,-17.49619710866146,107.81418585920883,145.8190409105852,21.174473690586655,28.100131120224184,11.14252795631054,15.975406099418718,21.174473690586655,28.100131120224184,12.528228759765625,16.56549072265625,6.745994733376282,12.826576207980315,145.8190409105852,28.100131120224184,26.509776080179552,-174.37820653451922,178.81129544140472,353.1895019759239,-106.07830300497388,2.5817401118669068,48.469629442356876,22.140976031739427,48.469629442356876,290.0640411376953,334.0705337524414,39.50179161583309,-174.37820653451922,178.81129544140472,27.650668298948876,56.67282911425134,56.67282911425134,25.876156234360728,57.2392348132419,57.2392348132419,164.08604656095235,162.5351519233282,162.5351519233282,164.08604656095235,51.54507362190369,38.753144752555265,51.54507362190369,5.538026335320984,5.538026335320984,9.854003993813373,7.58624249402244,1.6970058844360674,-171.39821276909456,29.130386613398574,14.313690752919992,5.915529465999687,-0.554443359375,34.732980276361594,0
9d43c8ca-67d4-49a5-b3ca-7930ad933230_delivery_3,81,41.431916893597965,21.54133240086632,41.431916893597965,54.53919714551765,14.727166482233358,54.53919714551765,-3.543333597255261,-16.230979467632412,109.61186909371406,145.17660263932956,22.04994536659959,27.636170762041267,11.156639573998163,15.411998894407514,22.04994536659959,27.636170762041267,11.687347412109375,15.77264404296875,21.54133240086632,14.727166482233358,145.17660263932956,27.636170762041267,35.06146152278789,-170.2491626145883,178.95707238872177,349.2062350033101,-104.87144195183654,4.129043919930922,69.47366671389558,8.655489500616468,69.47366671389558,288.70533752441406,334.25050354003906,41.126881904374024,-170.2491626145883,178.95707238872177,117.26233546432692,67.73645494606451,117.26233546432692,113.31338099775772,139.56287436463174,139.56287436463174,166.46111018073782,161.2858943962598,161.2858943962598,166.46111018073782,86.05515370347375,17.729056110049108,86.05515370347375,11.54761402381708,11.54761402381708,13.480910786139821,5.4326106231047815,1.4464396466610872,-162.43475315696742,26.081087202878635,7.29120638744741,4.990116090455123,-0.9422760009765625,62.66900206025259,0
9d43c8ca-67d4-49a5-b3ca-7930ad933230_delivery_3,82,43.03761385848639,28.190960950184113,43.03761385848639,53.88366546899775,23.360751345325415,53.88366546899775,-0.5530752136504105,-14.162216323022404,110.8547032266243,143.0815441042621,22.317637021093358,27.270259482500435,11.242947425211394,14.633414267353507,22.317637021093358,27.270259482500435,10.695953369140625,14.8388671875,28.190960950184113,23.360751345325415,143.0815441042621,27.270259482500435,32.44594839991901,-166.44951245545894,179.1376036533909,345.58711610884984,-103.27291055546081,3.7996501591293566,45.06767414688996,1.135024629630442,45.06767414688996,287.5712203979492,334.6448287963867,36.02996500069136,-166.44951245545894,179.1376036533909,33.98352249417381,53.76320703998184,53.76320703998184,16.79922877538288,39.875738298403874,39.875738298403874,165.76630565059116,164.12121564770445,164.12121564770445,165.76630565059116,62.69817901860221,38.34166743321783,62.69817901860221,1.981617228446034,1.981617228446034,1.7439719445267672,6.210962726090896,1.327847539445468,-154.2706235642931,12.318612054469384,10.766777468092613,4.49380534105485,-1.11334228515625,36.678102788273044,0
9d43c8ca-67d4-49a5-b3ca-7930ad933230_delivery_3,83,28.74398700347634,29.324572470417717,29.324572470417717,46.0359394378768,23.099828286161184,46.0359394378768,0.014952191461382016,-12.680221925331544,116.09173918003067,142.02543295134342,22.720558746976554,27.651538941302785,11.212006886914272,14.195441487440887,22.720558746976554,27.651538941302785,10.0640869140625,14.28057861328125,29.324572470417717,23.099828286161184,142.02543295134342,27.651538941302785,30.045920611350827,-165.86377924323585,178.19292431381714,344.05670355705297,-102.18292475060197,0.58573321222309,37.72536936998108,15.345827100191816,37.72536936998108,286.44466400146484,334.975830078125,35.23366076947869,-165.86377924323585,178.19292431381714,23.79762778006107,43.233044541998204,43.233044541998204,20.03385991040194,28.81515697357149,28.81515697357149,164.38407329468637,165.60856934159605,165.60856934159605,164.38407329468637,50.08353053947827,39.58337483726286,50.08353053947827,18.192427497123354,18.192427497123354,17.666728803712722,14.74668868859125,1.2528814513152566,-151.46104724748793,22.090240878080895,9.642878401490623,4.112698976239094,-0.864898681640625,32.15184318757323,0
9d43c8ca-67d4-49a5-b3ca-7930ad933230_delivery_3,84,32.18781766687046,10.883468672090157,32.18781766687046,47.25201804557051,28.549318648754312,47.25201804557051,1.6171784187941047,-10.268237549416988,117.2648622534158,137.3399745723862,23.680583335733047,27.694825106328395,11.462668695290391,14.384024798577281,23.680583335733047,27.694825106328395,9.581817626953125,14.21209716796875,10.883468672090157,28.549318648754312,137.3399745723862,27.694825106328395,31.85108729856978,-161.6647000903811,177.98025410182447,339.64495419220555,-99.63836920861479,4.19907915285475,63.888050341930125,8.345850416203112,63.888050341930125,284.6260452270508,335.11436462402344,54.72960947780122,-161.6647000903811,177.98025410182447,130.549659052471,30.55086025144982,130.549659052471,165.56757956347036,17.48204655000941,165.56757956347036,163.4950927771083,165.03392997131334,165.03392997131334,163.4950927771083,103.98141142271845,51.200987431240456,103.98141142271845,29.04717778255163,29.04717778255163,29.361882191121648,25.731359471873123,1.124830624790877,-146.93983428037322,38.157744781659225,16.89500619329795,3.4007984940551537,-0.509674072265625,57.53658900523151,0
9d43c8ca-67d4-49a5-b3ca-7930ad933230_delivery_3,85,28.80189826528,22.38169917798879,28.80189826528,38.759508856553374,35.891253328532336,38.759508856553374,1.5510611977616442,-7.4244895085299065,119.57569402640343,134.14777207186378,24.595734200692355,27.75043107872053,11.448524189703535,14.864556723549601,24.595734200692355,27.75043107872053,9.34442138671875,13.88702392578125,22.38169917798879,35.891253328532336,134.14777207186378,27.75043107872053,33.36633524385904,-158.46333123556946,176.96196328130338,335.42529451687284,-97.12187055801924,3.2013688548116477,60.1759662409925,14.18768559380726,60.1759662409925,282.79493713378906,335.41339111328125,55.67410954132747,-158.46333123556946,176.96196328130338,71.69243768193763,11.218296404177302,71.69243768193763,73.29150852507412,26.62824671999137,73.29150852507412,161.3708114737503,159.67370118477746,159.67370118477746,161.3708114737503,97.76527382917088,56.937500747760694,97.76527382917088,20.32140565649906,20.32140565649906,19.502946760657338,17.553973219453994,1.040785759191047,-144.1371510141387,30.917871869015844,18.98705602838017,2.962102999857034,-0.5280914306640625,44.81093961427218,0
9d43c8ca-67d4-49a5-b3ca-7930ad933230_delivery_3,86,13.138463538130463,27.65368843381085,27.65368843381085,17.794348451913162,18.773093999416307,18.773093999416307,3.5359093167648594,-4.029260422525132,119.96957637478452,131.6889388029295,25.11699179015807,28.460997932370184,11.386800760134145,14.693510164834416,25.11699179015807,28.460997932370184,8.4208984375,12.790740966796875,27.65368843381085,18.773093999416307,131.6889388029295,28.460997932370184,24.865924617903953,-162.65792667713075,176.00329827780874,338.6612249549395,-95.90835269950695,-4.19459544156129,37.7270891141265,34.10886417002643,37.7270891141265,281.33460998535156,335.14989471435547,44.52782919164789,-162.65792667713075,176.00329827780874,17.65967936629016,126.40179120997807,126.40179120997807,67.81889390091013,119.30730429660052,119.30730429660052,161.58836533949037,165.2637416046322,165.2637416046322,161.58836533949037,46.83278364199876,61.42003212990581,61.42003212990581,19.960754098058356,19.960754098058356,26.486685248169078,17.485509031265394,0.7734663487121194,-133.17578805016967,41.855425493118545,23.920155563160357,2.372820011330749,-0.62738037109375,49.05300268775893,0
9d43c8ca-67d4-49a5-b3ca-7930ad933230_delivery_3,87,24.062430874844743,10.52983081499454,24.062430874844743,30.318772765980164,19.940859852884227,30.318772765980164,6.54697577936513,-0.9280306023798505,118.27789359556391,128.775687286598,25.420233439643873,28.74014260677278,11.489556569488206,15.034269150897986,25.420233439643873,28.74014260677278,7.3935546875,12.144256591796875,10.52983081499454,19.940859852884227,128.775687286598,28.74014260677278,25.031245658453575,-163.64563095581386,173.5033938355876,337.1490247914014,-94.90241525792368,-0.9877042786831112,42.58694226132472,22.74863738069305,42.58694226132472,280.0482177734375,334.7682418823242,40.26395856673671,-163.64563095581386,173.5033938355876,62.58486767617894,15.318271952320602,62.58486767617894,58.50586083759111,79.79350643309822,79.79350643309822,162.5399508080697,166.78987265285255,166.78987265285255,162.5399508080697,59.170293307618515,37.30507406571123,59.170293307618515,20.9314766244359,20.9314766244359,27.42462894812039,18.99464133442849,0.5416709239881053,-116.49720113353138,43.27682286088629,19.753817449737525,1.606361813969559,-0.4078369140625,38.572112351936674,0
9d43c8ca-67d4-49a5-b3ca-7930ad933230_delivery_3,88,17.05914092997799,5.40476779428375,17.05914092997799,14.952882119719256,15.638316244829713,15.638316244829713,7.9639581906471575,1.1982361692808676,116.48162043317936,125.4346825723594,26.121344856378293,28.83062219279207,11.44265122866746,15.292544134744324,26.121344856378293,28.83062219279207,6.81396484375,11.913604736328125,5.40476779428375,15.638316244829713,125.4346825723594,28.83062219279207,17.65006339980949,-160.40449350296706,169.2573547034372,329.6618482064042,-93.81399348117907,3.2411374528468,42.11043955779891,10.734833752247328,42.11043955779891,278.8759078979492,334.5662612915039,35.69594234055405,-160.40449350296706,169.2573547034372,75.14441638748717,10.879875165355934,75.14441638748717,77.0934667324635,42.991600355922685,77.0934667324635,163.46698249276372,168.191343952622,168.191343952622,163.46698249276372,60.70802317066723,29.425829508960238,60.70802317066723,6.263928276402808,6.263928276402808,9.740943876797031,4.828158244239624,0.47927322846229214,-98.35866718304003,27.70264496635305,13.517964721689081,1.1878998618063155,-0.2119598388671875,33.511965976642806,0
9d43c8ca-67d4-49a5-b3ca-7930ad933230_delivery_3,89,4.710980831372535,30.0296565391844,30.0296565391844,14.192102545155066,11.217943756928662,14.192102545155066,7.592972375962057,1.8410582442884178,118.043269073435,127.15026512210972,26.353977503878266,29.493793424246764,11.212425597589155,14.93487594269063,26.353977503878266,29.493793424246764,6.581787109375,11.03082275390625,30.0296565391844,11.217943756928662,127.15026512210972,29.493793424246764,15.115116590341593,-166.70908504669214,167.33173186056953,334.04081690726167,-94.231483928762,-6.304591543725081,16.05270195180633,14.487313917602558,16.05270195180633,278.5795593261719,334.6086959838867,8.983269840158247,-166.70908504669214,167.33173186056953,53.52092005891553,6.597327972040666,53.52092005891553,126.3887279960125,74.69086868676125,126.3887279960125,165.2599435661382,172.32849709062316,172.32849709062316,165.2599435661382,7.404984918010738,14.064812585065276,14.064812585065276,8.42921404758502,8.42921404758502,9.568118992440564,7.698925545327614,0.4767293921192074,-88.22819011508822,13.220193009324431,11.476498030272372,1.127339173014887,-0.3289794921875,31.11319514657129,0
9d43c8ca-67d4-49a5-b3ca-7930ad933230_delivery_3,90,0.0,0.0,0.0,0.0,0.0,0.0,0.0,0.0,0.0,0.0,0.0,0.0,0.0,0.0,0.0,0.0,nan,nan,0.0,0.0,0.0,0.0,0.0,0.0,0.0,0.0,0.0,166.70908504669214,0.0,0.0,0.0,0.0,0.0,0.0,0.0,0.0,0.0,0.0,0.0,0.0,0.0,0.0,0.0,0.0,0.0,0.0,0.0,0.0,0.0,0.0,0.0,0.0,0.0,0.0,0.0,0.0,0.0,0.0,nan,0.0,0
