video_id,frame_no,left_wrist_speed,right_wrist_speed,wrist_speed_max,left_elbow_speed,right_elbow_speed,elbow_speed_max,left_elbow_angle,right_elbow_angle,left_elbow_joint_angle,right_elbow_joint_angle,left_arm_length,right_arm_length,left_forearm_length,right_forearm_length,left_shoulder_wrist_dist,right_shoulder_wrist_dist,left_wrist_height_rel,right_wrist_height_rel,bat_arm_wrist_speed,bat_arm_elbow_speed,bat_arm_elbow_angle,bat_arm_extension,arm_activity_score,shoulder_line_angle,hip_line_angle,hip_shoulder_separation,trunk_lean,shoulder_rotation_change,left_shoulder_speed,right_shoulder_speed,shoulder_speed_max,body_center_x,body_center_y,body_center_speed,upper_body_rotation,lower_body_rotation,left_knee_speed,right_knee_speed,knee_speed_max,left_ankle_speed,right_ankle_speed,ankle_speed_max,left_knee_angle,right_knee_angle,front_knee_angle,back_knee_angle,left_hip_speed,right_hip_speed,hip_speed_max,head_movement,head_speed,left_eye_speed,right_eye_speed,eye_separation,head_orientation_angle,left_ear_speed,right_ear_speed,ear_separation,wrist_height_change,pose_activity_score,impact_like_frame_flag
camera2_clip_20260318_200417_649384,0,0.0,0.0,0.0,0.0,0.0,0.0,83.84938176145076,83.34818336038921,160.40057083890468,161.79568361061982,23.069036499039356,18.724351759808187,9.43712876002016,8.763486586310822,23.069036499039356,18.724351759808187,-23.058441162109375,-18.081298828125,0.0,0.0,161.79568361061982,18.724351759808187,0.0,-173.50476252534517,179.04125054941198,352.5460130747572,-112.20195862561854,0.0,0.0,0.0,0.0,198.9072151184082,309.64725494384766,0.0,-173.50476252534517,179.04125054941198,0.0,0.0,0.0,0.0,0.0,0.0,153.04612042792112,157.56757040038698,157.56757040038698,153.04612042792112,0.0,0.0,0.0,0.0,0.0,0.0,0.0,3.791561127996625,-179.31515635478704,0.0,0.0,8.986008121733436,0.0,0.0,0
camera2_clip_20260318_200417_649384,1,2.5801545520930045,6.757549760719085,6.757549760719085,1.2398606585844165,15.814874595288495,15.814874595288495,83.72128447012639,82.66105634376281,160.30528530780268,164.19061635241366,23.155359297134037,18.760693319607604,9.481486890064986,8.500704316113273,23.155359297134037,18.760693319607604,-23.145721435546875,-18.168853759765625,6.757549760719085,15.814874595288495,164.19061635241366,18.760693319607604,5.968083514926978,-174.02851836361316,178.80751272505645,352.83603108866964,-112.22938846471,-0.5237558382679879,1.2643711879775765,8.151690334899294,8.151690334899294,198.99427032470703,309.6714859008789,2.710935890083649,-174.02851836361316,178.80751272505645,2.313203534673121,3.1753809138142617,3.1753809138142617,1.1260409456689497,1.841813712381886,1.841813712381886,152.81239679194067,157.5239836426297,157.5239836426297,152.81239679194067,0.9975845736847029,5.011806490613989,5.011806490613989,0.7592156437278208,0.7592156437278208,1.13134325872035,0.6606004027792225,3.778300203697269,-179.46779331993295,1.2876205344657585,1.4043127067002448,8.911506576485767,-0.15277099609375,4.1895276050332315,0
camera2_clip_20260318_200417_649384,2,2.6533698190374535,24.084829634250646,24.084829634250646,1.4175105014527454,14.180388906171189,14.180388906171189,83.46283217288534,82.36613667198392,160.010598982827,166.18082803512596,23.27016903121558,17.720463689323587,9.522926800604687,7.349065123163628,23.27016903121558,17.720463689323587,-23.26214599609375,-17.24383544921875,24.084829634250646,14.180388906171189,166.18082803512596,17.720463689323587,9.456804800506362,-174.77190044059097,178.40588093825448,353.17778137884545,-112.19026663964557,-0.7433820769778094,2.532807885684388,11.871922056441747,11.871922056441747,199.1167221069336,309.7065963745117,3.821578979461725,-174.77190044059097,178.40588093825448,3.931478051791183,5.532148197356395,5.532148197356395,2.391896442694,3.3568743613826135,3.3568743613826135,152.54352485169255,157.50614557426152,157.50614557426152,152.54352485169255,1.4215689974359842,7.54974591750784,7.54974591750784,4.008790052764621,4.008790052764621,4.300706166006961,3.474021103948722,3.7491540801588967,-179.73836021779047,3.4748421823400792,2.1797141508042084,8.77423144274128,0.3418731689453125,6.743711730933849,0
camera2_clip_20260318_200417_649384,3,3.654350759495311,56.03702774662986,56.03702774662986,1.541865745274278,11.425872692329117,11.425872692329117,83.19797876013175,82.35482790867528,159.74524812233608,168.8817877492359,23.39772040811842,15.597501272167944,9.593548285083129,5.374720236174814,23.39772040811842,15.597501272167944,-23.391143798828125,-15.28680419921875,56.03702774662986,11.425872692329117,168.8817877492359,15.597501272167944,14.787970073451552,-175.59778887768604,177.92092840735268,353.51871728503875,-112.00056008736944,-0.8258884370950739,2.7419396267025635,13.32676387027819,13.32676387027819,199.21846389770508,309.7609176635742,3.4600541890727907,-175.59778887768604,177.92092840735268,4.5346420767315925,4.5801941022239925,4.5801941022239925,2.5674000687235097,2.8534330844690934,2.8534330844690934,152.3575517914436,157.47453747558555,157.47453747558555,152.3575517914436,3.5458676597669383,6.464846200812875,6.464846200812875,6.457010961239366,6.457010961239366,5.6788173741003485,5.548572803039067,3.7449879437803797,-179.8809408530571,3.0972594491678382,2.42947441727547,8.67941211171073,0.8295135498046875,9.43951696945311,0
camera2_clip_20260318_200417_649384,4,2.5717814930537792,22.42440535268654,22.42440535268654,1.2958759174388064,30.47933654541305,30.47933654541305,82.3084864977588,81.2732553754475,158.7810449516642,176.28282937746002,23.58132854066101,14.56577402917755,9.70443150782224,4.049228449711093,23.58132854066101,14.56577402917755,-23.578582763671875,-14.35498046875,22.42440535268654,30.47933654541305,176.28282937746002,14.56577402917755,14.23000520589139,-176.95577325643595,177.32632646760172,354.28209972403766,-111.22220290701422,-1.3579843787499044,6.5783350018627536,22.030296924893406,22.030296924893406,199.28472518920898,309.76757049560547,1.9978330844245966,-176.95577325643595,177.32632646760172,11.361912149682247,10.917451724510173,11.361912149682247,8.002780846881043,5.985629342757118,8.002780846881043,152.542707822931,158.4929336498342,158.4929336498342,152.542707822931,13.146617541923082,5.55677284936515,13.146617541923082,5.665671952317261,5.665671952317261,7.053911540891548,4.593120229806089,3.6643690940055755,179.62685011761798,7.10810714364073,3.3882984235925115,8.363506760492823,0.32867431640625,11.695932974205595,0
camera2_clip_20260318_200417_649384,5,3.0813738911496333,5.177392630035506,5.177392630035506,4.191499882018417,17.307731853609575,17.307731853609575,81.99589490806169,81.17587529972376,158.2991202541388,177.14334644302414,23.634294507384134,14.30015817170275,9.735439692037705,3.644597194116943,23.634294507384134,14.30015817170275,-23.632232666015625,-14.157623291015625,5.177392630035506,17.307731853609575,177.14334644302414,14.30015817170275,7.914586573736659,-177.36544153337613,177.12724369195251,354.4926852253286,-111.2962958232062,-0.40966827694018093,2.2835647561346564,15.445956429472165,15.445956429472165,199.5711669921875,309.7212448120117,8.7049111373184,-177.36544153337613,177.12724369195251,5.888608462433501,4.295364916486139,5.888608462433501,6.533659140747581,3.797521590216561,6.533659140747581,152.0848914568644,157.48833037987302,157.48833037987302,152.0848914568644,5.024399736511893,13.243112086092886,13.243112086092886,6.849471978440331,6.849471978440331,6.975257147026055,5.198838789062116,3.5975167558916072,179.476044159209,2.8773211070984193,4.099660398302974,8.193652587450538,0.08062744140625,7.189182114575709,0
camera2_clip_20260318_200417_649384,6,1.0356455672068723,74.79073877549585,74.79073877549585,1.0382988299653233,7.233531035833687,7.233531035833687,81.57724577899076,83.01549558981144,157.8758283794989,143.9904097327109,23.682092458681552,11.742702107453727,9.727307954541603,1.7634362914786024,23.682092458681552,11.742702107453727,-23.6812744140625,-11.736114501953125,74.79073877549585,7.233531035833687,143.9904097327109,11.742702107453727,17.71681332447361,-178.72266335061425,176.23861362578518,354.9612769763994,-111.2002608542725,-1.357221817238127,4.786314369206956,17.41635136913297,17.41635136913297,199.74557876586914,309.7566604614258,5.33913490370641,-178.72266335061425,176.23861362578518,7.100863734534909,10.039023639783718,10.039023639783718,3.80078596556372,5.246706366896298,5.246706366896298,151.5904259943589,157.7216255541715,157.7216255541715,151.5904259943589,3.2256589577228865,11.993909155597283,11.993909155597283,9.3165389199977,9.3165389199977,8.76964308432698,8.018364827058553,3.5686004633700263,179.0258808691494,4.979632188157205,4.553922760450537,8.024169371742989,1.1313629150390625,12.30898564724504,0
camera2_clip_20260318_200417_649384,7,4.896183933741812,29.972408867004887,29.972408867004887,4.494174901192472,14.594199237122266,14.594199237122266,81.33032853296139,82.03437834914715,157.4201671124152,151.06231773057803,23.576849898891894,12.696594882643257,9.636514097610606,2.4119459431316943,23.576849898891894,12.696594882643257,-23.576385498046875,-12.682586669921875,29.972408867004887,14.594199237122266,151.06231773057803,12.696594882643257,10.662060516308216,-178.2194132324641,176.57083059902988,354.79024383149397,-111.50106223180147,0.503250118150163,2.688814070142239,7.326582088645624,7.326582088645624,199.9628562927246,309.7042236328125,6.705462713661364,-178.2194132324641,176.57083059902988,7.059801203777324,4.319451531392829,7.059801203777324,6.89549634037325,2.6873310621317397,6.89549634037325,151.42532577826825,156.99500269323525,156.99500269323525,151.42532577826825,7.202796753297706,9.890495497185675,9.890495497185675,4.136438077571578,4.136438077571578,3.7651222019957067,3.02732060408204,3.5488260228285182,179.27028245602253,2.41450025237531,1.4909469608794477,8.011398970482135,-0.4036712646484375,8.502311290500652,0
camera2_clip_20260318_200417_649384,8,5.96464237611422,63.66864423877972,63.66864423877972,3.996694667512934,25.60077334891446,25.60077334891446,81.0334883665209,80.62411205463174,156.76660145416693,159.75310483376754,23.389861954856666,14.719248187192607,9.452700510388116,3.7250829647113015,23.389861954856666,14.719248187192607,-23.38970947265625,-14.67681884765625,63.66864423877972,25.60077334891446,159.75310483376754,14.719248187192607,18.276665045570248,-177.74225388069408,176.99830047420497,354.740554354899,-112.03248182842007,0.47715935177001256,1.7652535894491577,8.66398205265099,8.66398205265099,200.2281837463379,309.6406478881836,8.185137729533025,-177.74225388069408,176.99830047420497,6.657439437054726,6.41045579328087,6.657439437054726,6.67418083534916,3.37222240313808,6.67418083534916,151.03966005586915,156.39140429004894,156.39140429004894,151.03966005586915,9.364460146408113,13.519042969990014,13.519042969990014,5.208861182207501,5.208861182207501,5.491944520996405,3.6820806201166056,3.4894687408401897,179.59110930232615,2.735305525621457,2.157965534820437,7.909838849104639,-0.9007568359375,12.97148265488687,0
camera2_clip_20260318_200417_649384,9,3.934926298828474,8.073462783763919,8.073462783763919,3.7426351332276795,4.338253536785027,4.338253536785027,81.49032822496778,80.87928088693218,157.2066369591239,158.66373254922618,23.14817186270204,14.768604198803652,9.228937421032667,3.816607774145066,23.14817186270204,14.768604198803652,-23.147674560546875,-14.737396240234375,8.073462783763919,4.338253536785027,158.66373254922618,14.768604198803652,4.4589402352323075,-177.34527389684587,177.19427848298588,354.5395523798318,-112.71560520943956,0.39697998384821176,3.6023530305824787,3.0620106282062682,3.6023530305824787,200.34656143188477,309.7011947631836,3.988894640991461,-177.34527389684587,177.19427848298588,3.3804994235323282,2.2328968669163056,3.3804994235323282,5.386905183619172,1.306180329780588,5.386905183619172,150.27198554861178,155.52434581249244,155.52434581249244,150.27198554861178,9.574074975075813,6.314310070830929,9.574074975075813,6.7706225099508845,6.7706225099508845,4.261722969963054,5.7015134056331895,3.5390483548882203,-179.95454579421508,3.7206312608161562,2.657579078970197,8.050879307343607,0.00518798828125,4.579042355095749,0
camera2_clip_20260318_200417_649384,10,5.393441827433478,74.47528718115478,74.47528718115478,5.081821215201514,16.057077509690654,16.057077509690654,81.29737913535988,82.76010688543283,156.74916522309996,132.32309720787805,23.070064084689317,12.466423123949214,9.137428896493072,2.561670729226904,23.070064084689317,12.466423123949214,-23.06976318359375,-12.462158203125,74.47528718115478,16.057077509690654,132.32309720787805,12.466423123949214,18.568020892106357,-177.8929976031085,176.78832031014417,354.68131791325266,-112.50612349969411,-0.5477237062626443,6.411994366307221,3.9885032528504976,6.411994366307221,200.2228775024414,309.7997589111328,4.744612217785016,-177.8929976031085,176.78832031014417,11.13557113487484,9.616872578181978,11.13557113487484,8.933155971122664,1.9035822004112526,8.933155971122664,150.47466880819027,156.79065370368642,156.79065370368642,150.47466880819027,8.737482411540578,4.150576104900168,8.737482411540578,6.594439294795567,6.594439294795567,4.692054078577959,6.180116857730165,3.588463972400284,-179.87331132063775,2.38059943644493,3.5554277781047596,8.088779996178427,1.093536376953125,12.990447146139138,0
camera2_clip_20260318_200417_649384,11,1.0719473514974125,19.840687861401566,19.840687861401566,1.537008521238293,10.665834939165276,10.665834939165276,81.30549406414887,83.49827253545914,156.55191275563362,124.24965038967015,23.020340037483958,11.929708612321223,9.074358389612259,2.2278396854817615,23.020340037483958,11.929708612321223,-23.01995849609375,-11.91943359375,19.840687861401566,10.665834939165276,124.24965038967015,11.929708612321223,6.734126142774375,-177.7300266034993,176.90786346197902,354.63789006547836,-112.5267532563551,0.16297099960920036,1.0000481021197332,6.289230081223968,6.289230081223968,200.11816024780273,309.8218536376953,3.210684089853575,-177.7300266034993,176.90786346197902,0.722629652951493,5.02558010684059,5.02558010684059,1.3592162039513997,2.479008165753687,2.479008165753687,150.38118627505943,156.5343530222928,156.5343530222928,150.38118627505943,1.3625953733350862,4.896323111324163,4.896323111324163,3.407384947066454,3.407384947066454,1.6165087172022352,2.6040256541538707,3.6225097160368662,-179.31843374855694,1.724858435848532,2.4973275617538313,8.195706106041918,0.2811279296875,4.6875091225668895,0
camera2_clip_20260318_200417_649384,12,6.901281432119253,85.32805909256153,85.32805909256153,5.159148348562013,33.507912771135985,33.507912771135985,81.25484849247265,86.84322693706638,156.6233167428832,77.31234570935301,23.13026332796399,9.50865864075396,9.19362373718563,2.17188636944903,23.13026332796399,9.50865864075396,-23.1298828125,-9.3721923828125,85.32805909256153,33.507912771135985,77.31234570935301,9.50865864075396,23.798582193059037,-177.71937883828852,176.73749363087376,354.45687246916225,-112.33672524796957,0.010647765210791249,5.538533591469766,6.356557922505686,6.356557922505686,199.8879737854004,309.8726577758789,7.071787690315298,-177.71937883828852,176.73749363087376,11.547733049207968,4.579433454760936,11.547733049207968,7.83057811894605,4.029439311230448,7.83057811894605,149.8446358961356,157.26432636017623,157.26432636017623,149.8446358961356,8.597834710899518,7.856869025270619,8.597834710899518,5.081187810112557,5.081187810112557,3.1767639556752663,4.472763464196536,3.6640788123506325,-179.09326658661783,2.3867167913378906,3.5568363380945107,8.250480499928212,1.189453125,15.60278173572248,0
camera2_clip_20260318_200417_649384,13,5.452647534022619,41.81688957990709,41.81688957990709,4.767871096781569,14.00206481675803,14.00206481675803,81.12687855509496,88.54940980831722,156.76059772168378,58.39250887289709,23.239736692762513,8.306327612577102,9.32876488145114,2.744560902244561,23.239736692762513,8.306327612577102,-23.239532470703125,-8.02728271484375,41.81688957990709,14.00206481675803,58.39250887289709,8.306327612577102,12.71104569435248,-178.52776585664455,176.1850795949679,354.71284545161245,-112.04566672896281,-0.8083870183560293,5.477985870278458,4.748815268367112,5.477985870278458,199.68708038330078,309.9590301513672,6.5602219192020925,-178.52776585664455,176.1850795949679,10.895722574044262,6.106906286669478,10.895722574044262,7.9320621883936235,2.0993762663138713,7.9320621883936235,149.73168802775925,158.14215764237474,158.14215764237474,149.73168802775925,9.293297152561259,7.6561181585603855,9.293297152561259,3.4980582999038066,3.4980582999038066,3.359936082359202,3.8716273667780325,3.723242091167036,-179.29648372623146,2.191905732273877,3.7385147389526927,8.324381116069981,0.5647430419921875,10.020813066054812,0
camera2_clip_20260318_200417_649384,14,2.498481208117461,14.092176892238202,14.092176892238202,1.905772151229417,8.635438426912192,8.635438426912192,80.6833199985886,89.65914262465122,156.4354170653966,55.26967224530873,23.333498150115766,7.954655928287783,9.473031857506045,2.8672127619044296,23.333498150115766,7.954655928287783,-23.33349609375,-7.61151123046875,14.092176892238202,8.635438426912192,55.26967224530873,7.954655928287783,5.200221221332717,-178.6181222813165,176.00062916241635,354.61875144373283,-112.0949843770111,-0.09035642467193838,2.654300563380224,1.4151580861188051,2.654300563380224,199.64249420166016,309.9838333129883,1.530624701788003,-178.6181222813165,176.00062916241635,4.435441258721353,2.136784972022451,4.435441258721353,2.5030149221326012,0.8425722047706563,2.5030149221326012,149.32892969419626,158.23848388746893,158.23848388746893,149.32892969419626,2.0927331015384,1.8028907586644118,2.0927331015384,0.44770246624171717,0.44770246624171717,0.2612964600251405,0.880918583286241,3.743471456860457,-179.36334674432769,0.800751141819518,2.0505501582869026,8.36476624214848,0.16497802734375,3.7512303788205146,0
camera2_clip_20260318_200417_649384,15,2.245739167669527,60.438977226698796,60.438977226698796,3.216632718968357,4.824601691024253,4.824601691024253,80.56939055997745,88.44551686028375,156.8831828314645,92.96246949317354,23.337287529340596,9.521531499697147,9.597837382573037,1.199327437250923,23.337287529340596,9.521531499697147,-23.33721923828125,-9.47491455078125,60.438977226698796,4.824601691024253,92.96246949317354,9.521531499697147,13.84213215696019,-177.58466837589955,176.6588497077855,354.24351808368505,-111.98443756157468,1.033453905416934,0.9855030995261971,11.34133903787401,11.34133903787401,199.45483016967773,309.9813003540039,5.63043375798032,-177.58466837589955,176.6588497077855,3.3708498703282435,6.3642243719107725,6.3642243719107725,1.8093463380302564,3.475634609786245,3.475634609786245,148.93423121220397,158.23443847871002,158.23443847871002,148.93423121220397,2.8296119945801212,9.589363375517294,9.589363375517294,1.4605276178573396,1.4605276178573396,0.9191320029007124,0.8443862582373151,3.7562249142960855,-179.2523833354428,0.7269490332849581,3.4033860873429833,8.452397256185323,-0.889251708984375,9.207651958492837,0
camera2_clip_20260318_200417_649384,16,2.4799094170240426,43.82412000642964,43.82412000642964,4.823757450736094,20.113757880459413,20.113757880459413,80.41322599868461,88.5881128011036,156.83776783471933,176.3265511641597,23.193062886325677,10.972648295397606,9.677508820179778,1.9090186849376192,23.193062886325677,10.972648295397606,-23.1929931640625,-10.971649169921875,43.82412000642964,20.113757880459413,176.3265511641597,10.972648295397606,14.304057835010731,-175.48833828000383,177.83623740044334,353.3245756804472,-111.89805399203752,2.0963300958957234,2.3159938072367856,12.266808448178423,12.266808448178423,199.30845260620117,309.9280090332031,4.6732986600285,-175.48833828000383,177.83623740044334,0.9564624404892613,3.6491610976811963,3.6491610976811963,2.63609262820749,2.9046267583138032,2.9046267583138032,149.01744686169548,158.58363381925727,158.58363381925727,149.01744686169548,1.4122807559012989,8.262393244136275,8.262393244136275,1.5018332424859477,1.5018332424859477,0.4395389473082101,0.6689343312329754,3.7372447918123584,-179.1966483737445,1.1191816260032221,2.2187720177206085,8.478353736923447,-0.5833282470703125,8.803780327899476,0
camera2_clip_20260318_200417_649384,17,3.42227908216068,2.231803485497222,3.42227908216068,4.7716390172450796,23.168532457280968,23.168532457280968,80.28525376234418,90.28085643583337,157.15518435879147,170.79081306069818,23.090482005099123,11.237808566856456,9.721026344561123,2.631865247561462,23.090482005099123,11.237808566856456,-23.09014892578125,-11.231842041015625,2.231803485497222,23.168532457280968,170.79081306069818,11.237808566856456,7.003577368262505,-174.29257716608078,178.4405355911464,352.7331127572272,-111.69011439230806,1.195761113923055,0.34077423243269334,8.086435934958388,8.086435934958388,199.1723403930664,309.8630676269531,4.524326328764787,-174.29257716608078,178.4405355911464,1.358969281546714,2.924951540105374,2.924951540105374,1.4850401721247506,2.088004828390574,2.088004828390574,149.0784230007998,158.87351117672867,158.87351117672867,149.0784230007998,3.6157239570074426,6.971979624311264,6.971979624311264,1.3911822841852763,1.3911822841852763,1.0773640881057833,0.6815539990882745,3.7245208453912735,-179.33991902473122,1.267349128434248,1.3577196425829374,8.486285519204886,0.015167236328125,5.038844467755095,0
camera2_clip_20260318_200417_649384,18,1.7951122285215955,20.55686014391199,20.55686014391199,2.2978069351343686,33.02092051977919,33.02092051977919,80.39383901002735,93.02609435693299,157.95184975983204,159.5474279630697,23.052426175688353,10.826779380807773,9.765791036636777,2.9167718469270256,23.052426175688353,10.826779380807773,-23.05169677734375,-10.817474365234375,20.55686014391199,33.02092051977919,159.5474279630697,10.826779380807773,11.951773957319533,-172.91376888227256,179.09014212275306,352.00391100502566,-111.59365198910837,1.3788082838082119,1.3769532010910337,12.662990715479022,12.662990715479022,198.9703140258789,309.7895202636719,6.449921000767565,-172.91376888227256,179.09014212275306,2.5458000957560234,7.268931108688863,7.268931108688863,1.8623127512064621,2.869313671094995,2.869313671094995,148.92446782651623,158.7904354411587,158.7904354411587,148.92446782651623,3.404133561332111,10.414431640762306,10.414431640762306,0.7172969774293965,0.7172969774293965,1.4578682755413561,1.1193636015510566,3.722544631937079,-179.16857842122616,1.9992948246789175,2.109902037900435,8.538552626591608,0.3080902099609375,8.33963054772983,0
camera2_clip_20260318_200417_649384,19,1.0604182160037676,17.92763043739319,17.92763043739319,3.6586039741563865,24.602502105822776,24.602502105822776,81.04167049344568,94.97830049388075,159.22812030355811,151.95484801683028,23.04441823277354,10.438144424097887,9.779590241078102,3.0620790772837627,23.04441823277354,10.438144424097887,-23.044097900390625,-10.42431640625,17.92763043739319,24.602502105822776,151.95484801683028,10.438144424097887,10.047810683674344,-172.1193282329788,179.46977262390902,351.58910085688785,-111.75963459481169,0.7944406492937617,1.676090604564983,11.361618764104962,11.361618764104962,198.8386001586914,309.6973571777344,4.822687994999102,-172.1193282329788,179.46977262390902,6.100875352089056,5.960296767660101,6.100875352089056,3.1645749259961153,3.1981870486333,3.1981870486333,149.61179891948433,158.83097159535623,158.83097159535623,149.61179891948433,3.491728180802676,8.613453992259728,8.613453992259728,0.19574148036377628,0.19574148036377628,0.2798074593567143,0.2493211425259652,3.73430916459317,-179.07800856550193,0.9891129003469818,2.3593283531807154,8.610768481535619,0.253936767578125,7.567998364123921,0
camera2_clip_20260318_200417_649384,20,4.295977509575834,64.04541633715571,64.04541633715571,5.047144895163205,26.970157196765108,26.970157196765108,81.71395701038622,98.42865274581453,160.56061064977314,142.8577797669323,23.18236685913933,8.60445556020209,9.851470114364476,1.783803064885927,23.18236685913933,8.60445556020209,-23.182281494140625,-8.602447509765625,64.04541633715571,26.970157196765108,142.8577797669323,8.60445556020209,18.06113677993111,-171.87497961039517,179.4237184640308,351.29869807442594,-112.04238537029788,0.24434862258362955,0.47627224838298365,7.531852492543835,7.531852492543835,198.76559829711914,309.61273193359375,3.3528545099644504,-171.87497961039517,179.4237184640308,6.366881395365588,1.552343026812807,6.366881395365588,1.7907425228655551,1.3177097627446057,1.7907425228655551,150.41873272036278,159.08495411375102,159.08495411375102,150.41873272036278,4.007530621813695,4.564033835499648,4.564033835499648,0.22275741688103834,0.22275741688103834,0.468764304896474,0.31584797722101343,3.7378996104731788,-178.9909384452444,1.5629971726512322,1.8014437704176691,8.633115188993107,0.8907623291015625,10.663838487057381,0
camera2_clip_20260318_200417_649384,21,4.219559850050211,53.75881629490237,53.75881629490237,4.33773271023331,28.292242177645075,28.292242177645075,82.65637059726323,94.14976185642844,162.56774589880098,152.24869529004795,23.36219118168787,10.232513051986135,9.901634453318696,2.6329618549219855,23.36219118168787,10.232513051986135,-23.3621826171875,-10.22088623046875,53.75881629490237,28.292242177645075,152.24869529004795,10.232513051986135,15.753034531404891,-172.4144778050496,179.06593993076365,351.48041773581326,-112.4339319326607,-0.5394981946544135,2.724450014437651,1.1854061411607226,2.724450014437651,198.86457443237305,309.5263366699219,3.9413671791979885,-172.4144778050496,179.06593993076365,13.088583450981849,7.93463496988802,13.088583450981849,8.212660216151006,2.4373853999258537,8.212660216151006,151.29530904507396,157.70164919334002,157.70164919334002,151.29530904507396,8.416335126887834,5.430194656096409,8.416335126887834,2.659135576457384,2.659135576457384,2.817720396288695,2.2207064540505934,3.7087506775366528,-178.91369056113766,1.344776679333029,0.11957011432500429,8.601588981203934,-0.896392822265625,11.669833417363357,0
camera2_clip_20260318_200417_649384,22,2.6008084225646013,62.04308239350091,62.04308239350091,8.892011440545835,31.037739708613714,31.037739708613714,83.38465871621506,90.33916805854548,164.67671046996156,156.2819754312139,23.433757722668503,12.052491666576719,9.954529633784107,3.6699844760603093,23.433757722668503,12.052491666576719,-23.43365478515625,-11.97027587890625,62.04308239350091,31.037739708613714,156.2819754312139,12.052491666576719,18.54943827096321,-173.05251690597157,178.87806941838224,351.93058632435384,-111.39150357221607,-0.6380391009219863,3.521999778415715,3.200987882138494,3.521999778415715,198.58166122436523,309.6046371459961,8.806461436743419,-173.05251690597157,178.87806941838224,4.886551724639472,3.396702685367943,4.886551724639472,8.703412672943749,1.7864118645366343,8.703412672943749,153.16131920622885,158.76516994704218,158.76516994704218,153.16131920622885,16.22896256326656,14.815323190530739,16.22896256326656,1.7217144070076427,1.7217144070076427,1.2129079741467261,2.177702455543299,3.738327232147051,-178.710826880359,1.103959806473388,2.4746900551341158,8.65540055174681,-0.955596923828125,13.42616619392203,0
camera2_clip_20260318_200417_649384,23,3.9243961851547864,35.6689241749977,35.6689241749977,8.776393879569385,8.679235735949218,8.776393879569385,83.80918467698837,91.2013672967432,166.0426221763513,163.00214379176452,23.442299399543355,10.854987728025439,9.981299704002907,2.3129663772383364,23.442299399543355,10.854987728025439,-23.441986083984375,-10.845703125,35.6689241749977,8.679235735949218,163.00214379176452,10.854987728025439,11.920630425022829,-174.50409074544947,177.80151934017505,352.3056100856245,-111.35627685879605,-1.451573839477902,5.475630376552804,8.999202197913082,8.999202197913082,198.54206085205078,309.72542572021484,3.813431818495986,-174.50409074544947,177.80151934017505,2.5039174495110315,6.16933689713414,6.16933689713414,7.140979193382237,2.6142460080372967,7.140979193382237,153.69840618642354,158.93095496943812,158.93095496943812,153.69840618642354,5.207241549899022,5.175978209238807,5.207241549899022,5.88258131183719,5.88258131183719,4.36605804148351,5.661150282299336,3.778729849209454,-178.94676915354634,2.4184957509259815,4.66211822464578,8.70625006049465,0.424652099609375,8.361290154778294,0
camera2_clip_20260318_200417_649384,24,2.01722946390202,39.589795992153896,39.589795992153896,8.342838553677211,3.8258551295615364,8.342838553677211,83.93641806894266,92.54546768146578,167.45267782380472,178.3763550112212,23.363092139357807,9.57739009988179,10.011206336814006,1.1798707195288045,23.363092139357807,9.57739009988179,-23.361236572265625,-9.569366455078125,39.589795992153896,3.8258551295615364,178.3763550112212,9.57739009988179,11.099754965567291,-175.50590831593047,176.90540816033135,352.41131647626185,-111.27296373446869,-1.0018175704809948,6.282293947093578,6.540516707015493,6.540516707015493,198.44052124023438,309.80953216552734,3.9554731979673323,-175.50590831593047,176.90540816033135,7.293035151187516,4.165228552046405,7.293035151187516,8.158675320307118,1.558506757954408,8.158675320307118,153.7043696979744,159.02296882677086,159.02296882677086,153.7043696979744,7.080860905290149,2.9462034082147706,7.080860905290149,6.290313621431162,6.290313621431162,5.73149185540376,5.9795881950057295,3.7778229099179343,-179.19555724964363,4.753202152789902,5.176627622984762,8.670259024917378,0.563140869140625,8.150086657367007,0
camera2_clip_20260318_200417_649384,25,0.7998933900125463,115.0557206160522,115.0557206160522,11.911494753222888,60.72791412154422,60.72791412154422,83.7425628409535,87.85365568496738,169.4908458140074,179.0618836683242,23.306986137457987,12.813507169041968,10.080200794435271,3.1876594095494104,23.306986137457987,12.813507169041968,-23.29632568359375,-12.806365966796875,115.0557206160522,60.72791412154422,179.0618836683242,12.813507169041968,36.72195527785818,-176.8489743130472,175.71901105186706,352.56798536491425,-111.61932932753757,-1.3430659971167245,12.783494998646573,19.053213787670686,19.053213787670686,198.54491806030273,309.9594955444336,5.481691340090978,-176.8489743130472,175.71901105186706,18.506189510073042,8.81323619234722,18.506189510073042,12.960775038923682,5.420056728025698,12.960775038923682,151.87015216497224,158.82524148294578,158.82524148294578,151.87015216497224,4.920796208002044,14.368680049474019,14.368680049474019,9.485240365416086,9.485240365416086,7.539549778474453,8.430547432615814,3.816820440302817,-179.0814475734962,4.606692879457356,4.473121287811522,8.703381396464275,-1.80841064453125,23.7767887828329,0
camera2_clip_20260318_200417_649384,26,3.3165759912597625,13.388104165893845,13.388104165893845,12.16941634399143,3.1891833569121126,12.16941634399143,84.11179091370525,86.89923019060461,171.84200549564332,179.30314909853993,23.006730543839435,13.09644991973446,9.930093204209154,3.5313059200877044,23.006730543839435,13.09644991973446,-22.9869384765625,-13.07952880859375,13.388104165893845,3.1891833569121126,179.30314909853993,13.09644991973446,8.019417913038405,-176.2865648004757,175.8760831595304,352.1626479600061,-112.12457460962713,0.5624095125714916,10.992920814360103,5.060306805813171,10.992920814360103,198.44537353515625,310.08753204345703,4.865409727035946,-176.2865648004757,175.8760831595304,2.2639488111704207,0.7650523872617485,2.2639488111704207,4.610964008191759,4.905545872074304,4.905545872074304,152.2128749001229,158.9796241838041,158.9796241838041,152.2128749001229,3.3360900929156108,2.5395024221121663,3.3360900929156108,7.441648658611321,7.441648658611321,6.807611264893994,7.131403043258263,3.8551337659190823,-178.83699631778927,7.091816650319454,7.206633676053318,8.769160696422844,-0.1603546142578125,5.544800922663036,0
camera2_clip_20260318_200417_649384,27,5.724970096313913,11.163098336510659,11.163098336510659,10.165577938843148,6.063108571590348,10.165577938843148,84.91570389956912,85.18900193927074,173.88054147844846,176.79763903045378,22.71181174739206,13.312106417611654,9.716429506957882,3.829328983387123,22.71181174739206,13.312106417611654,-22.690704345703125,-13.28143310546875,11.163098336510659,6.063108571590348,176.79763903045378,13.312106417611654,7.315227029496334,-176.1830608288817,175.8574600585785,352.0405208874602,-113.16933087315152,0.10350397159399449,6.073233029597398,4.701374204122544,6.073233029597398,198.5487060546875,310.17733001708984,4.106964462362915,-176.1830608288817,175.8574600585785,4.908367871181,12.878795297346937,12.878795297346937,4.870829182700006,2.9924286783743232,4.870829182700006,151.01053959812083,156.2368853634872,156.2368853634872,151.01053959812083,9.966752104767991,9.208092615997495,9.966752104767991,9.410290022804176,9.410290022804176,9.260910759139518,9.633677367642239,3.853524062597692,-179.09428148323076,8.070553834386555,8.896400246342788,8.773895447956317,-0.09283447265625,7.393052327278814,0
camera2_clip_20260318_200417_649384,28,26.1556764606755,88.98422743625564,88.98422743625564,17.43618178119684,87.85771663297488,87.85771663297488,86.6176621395844,85.75010023298591,174.75808100445784,172.25706410498668,22.98487477974068,11.002681058032111,9.974369149445982,3.78272816845374,22.98487477974068,11.002681058032111,-22.980560302734375,-10.922882080078125,88.98422743625564,87.85771663297488,172.25706410498668,11.002681058032111,42.56411756505615,-169.47075261952344,179.48623318422784,348.9569858037513,-113.68445098326416,6.7123082093582696,12.038439628268018,22.912463450966037,22.912463450966037,198.48020935058594,310.17742919921875,2.0549032772577234,-169.47075261952344,179.48623318422784,5.418442678935278,23.107299226825194,23.107299226825194,7.780428630317194,4.755429891290762,7.780428630317194,149.87318020748194,152.45090583330523,152.45090583330523,149.87318020748194,11.45121725194751,3.197493141488192,11.45121725194751,18.2565706360796,18.2565706360796,21.504257292506736,19.919108787793803,3.5711909769100685,-179.02952570137035,19.45465817750761,10.901005436631763,8.272413002322113,1.1373443603515625,25.924584684261756,0
camera2_clip_20260318_200417_649384,29,28.771906591265918,27.75287485655864,28.771906591265918,14.604508551566427,45.284386100941504,45.284386100941504,87.78113405630053,82.35948586721537,174.95632954601402,169.23430701715068,23.680023212871703,11.146109601639084,10.41750454614904,4.896073628394028,23.680023212871703,11.146109601639084,-23.680023193359375,-10.8883056640625,27.75287485655864,45.284386100941504,169.23430701715068,11.146109601639084,23.246794210116352,-165.52399820511758,-178.2824106302226,12.758412425105035,-114.17071494780139,3.9467544144058593,4.400275314930761,18.666813845434863,18.666813845434863,198.45934295654297,310.06256103515625,3.50244077236165,-165.52399820511758,-178.2824106302226,7.516627706351155,13.819849439424832,13.819849439424832,5.502305397358788,3.4339270832724944,5.502305397358788,149.87202957316586,150.71164682120337,150.71164682120337,149.87202957316586,8.245875164418749,4.447395433069407,8.245875164418749,21.268711566893828,21.268711566893828,23.001812839136946,21.870524936957935,3.445695073033523,-178.72314247364537,14.945721003278269,9.945107092734524,8.105872264147921,-0.1410675048828125,15.20389545704946,0
camera2_clip_20260318_200417_649384,30,23.034356847460142,203.91599373567044,203.91599373567044,8.003603202554872,126.65222215701411,126.65222215701411,88.51710756995611,90.6168335013063,173.64193522226464,142.6908360145886,24.10865389512549,5.2488788772903545,10.748909205747443,2.4617885556568004,24.10865389512549,5.2488788772903545,-24.10198974609375,-5.048095703125,203.91599373567044,126.65222215701411,142.6908360145886,5.2488788772903545,65.72917604015606,-161.67287729825046,-176.42439421561733,14.751516917366871,-114.25558448671524,3.8511209068671235,2.3433268880396554,30.425553410197136,30.425553410197136,198.20458221435547,309.87024688720703,9.575958987758034,-161.67287729825046,-176.42439421561733,8.477796117883983,16.160698895406618,16.160698895406618,5.04990361719303,11.633056497961134,11.633056497961134,150.88700197536753,150.11720855251158,150.11720855251158,150.88700197536753,2.6603379943705545,12.64175125146164,12.64175125146164,13.538069388320242,13.538069388320242,16.988594347367126,15.767784048466634,3.2516360993619156,-178.91477974663297,15.835648467941246,9.051551197563267,7.787161824354362,3.0522003173828125,37.58321671793444,0
camera2_clip_20260318_200417_649384,31,31.16843267194557,86.4619477792058,86.4619477792058,21.63630407968716,48.8553960663922,48.8553960663922,88.72831242706488,103.07144737441104,172.17833249690412,111.36151515284756,24.660342373449403,2.6718232530816945,10.899605372708113,1.3604527677644842,24.660342373449403,2.6718232530816945,-24.642547607421875,-2.577911376953125,86.4619477792058,48.8553960663922,111.36151515284756,2.6718232530816945,35.109316920512235,-158.79837692436044,-175.026467052828,16.228090128467556,-114.61204083203562,2.8745003738900152,13.285466346196355,9.248354579646373,13.285466346196355,198.05726623535156,309.89954376220703,4.506026420160059,-158.79837692436044,-175.026467052828,24.95609534084343,4.961331963813581,24.95609534084343,11.513064200985394,3.542332531122643,11.513064200985394,147.86041353079938,150.61983653191982,150.61983653191982,147.86041353079938,7.140357931242899,3.6726074426690687,7.140357931242899,14.529023343561452,14.529023343561452,17.722694236365943,14.517889636909898,3.050043404588921,-178.99670898964064,18.234156859715416,8.327698933814363,7.332023528654014,1.0381011962890625,22.20347424447921,0
camera2_clip_20260318_200417_649384,32,32.198297909918104,89.80705509698677,89.80705509698677,22.380532426628168,39.58318763673287,39.58318763673287,89.54341623173505,141.44034614341467,170.74746674250673,10.692495217632478,24.874836322729504,0.21626626250636297,10.854062431723722,1.159490734811788,24.874836322729504,0.21626626250636297,-24.82666015625,0.1544189453125,89.80705509698677,39.58318763673287,10.692495217632478,0.21626626250636297,33.49675305656603,-156.36207678780366,-174.0885826452459,17.72650585744225,-115.71371060723258,2.436300136556781,13.080396731789623,3.93104853734064,13.080396731789623,198.08514785766602,309.87933349609375,1.0330807070746744,-156.36207678780366,-174.0885826452459,10.110345251832516,6.776504095280238,10.110345251832516,0.9583241745283948,1.7592091376417847,1.7592091376417847,145.77110736287588,150.95861907202215,150.95861907202215,145.77110736287588,4.666760003336268,12.359441264250082,12.359441264250082,12.486841998989393,12.486841998989393,14.669738378965567,12.878810168798225,2.936480678358676,-179.3819105556046,15.795649722586585,9.8881477252456,7.063435692713762,1.2597808837890625,19.800925188855455,0
camera2_clip_20260318_200417_649384,33,13.91359414565933,106.83610381371928,106.83610381371928,15.785171348685624,70.54495013381732,70.54495013381732,89.72961984081057,99.43215293151367,170.88937374278908,103.5125590473954,24.82631140246485,2.845220403271401,10.56270311133368,0.9011797861267484,24.82631140246485,2.845220403271401,-24.77752685546875,-2.813934326171875,106.83610381371928,70.54495013381732,103.5125590473954,2.845220403271401,39.46979819537654,-158.12663671820442,-175.20631697714032,17.079680258935895,-116.1376793129068,-1.7645599304007646,13.43554207002776,16.303427660349897,16.303427660349897,197.9875030517578,309.96923828125,3.9819141958809103,-158.12663671820442,-175.20631697714032,18.13577093587163,3.605193352332903,18.13577093587163,12.223728918180955,19.227088601736614,19.227088601736614,144.60916163388362,152.5991355003362,152.5991355003362,144.60916163388362,8.866482309624761,4.263827797790462,8.866482309624761,11.647574448298263,11.647574448298263,10.153744995007898,14.651725733762952,3.156173991691758,-179.97562388723358,4.903384028014894,13.683788620545092,7.4420210399753675,-1.691558837890625,25.26174009064971,0
camera2_clip_20260318_200417_649384,34,16.60480875926003,87.05490998375286,87.05490998375286,19.01257614657993,69.07945102290772,69.07945102290772,90.41227845185368,92.18856868122023,171.16701290823173,134.7467915738342,24.54682741006509,5.008096461239352,10.161666737682111,1.29742262027628,24.54682741006509,5.008096461239352,-24.485321044921875,-4.954193115234375,87.05490998375286,69.07945102290772,134.7467915738342,5.008096461239352,37.84043850452757,-160.76762723016142,-176.4718781437913,15.704250913629863,-116.39730803101484,-2.640990511957,12.813913344433944,22.47697177023091,22.47697177023091,197.79224395751953,310.3379211425781,12.515903863000174,-160.76762723016142,-176.4718781437913,29.783186813421697,17.87125169770217,29.783186813421697,9.416899481157525,14.659735592689085,14.659735592689085,140.94071956914954,150.71971354710436,150.71971354710436,140.94071956914954,10.446245866857202,9.904599003479955,10.446245866857202,15.779451796560524,15.779451796560524,14.852602728887133,17.088878827783475,3.2922535639486035,179.53421682388202,5.681796182920394,11.04209057922736,7.66399234640948,-1.4070892333984375,26.59371245687275,0
camera2_clip_20260318_200417_649384,35,17.281958906613696,138.09499471466677,138.09499471466677,27.124716366175466,88.84360048863572,88.84360048863572,91.84670800868396,86.7285675333525,172.61074239606015,155.2126108089921,24.47569267615593,8.848219462704181,9.716235083065616,2.878967367040134,24.47569267615593,8.848219462704181,-24.39080810546875,-8.682342529296875,138.09499471466677,88.84360048863572,155.2126108089921,8.848219462704181,51.42414362281934,-164.02347273596246,-177.630839637798,13.607366901835547,-116.66699165833515,-3.255845505801034,12.065870890815555,25.133720370008813,25.133720370008813,197.59320068359375,310.8155517578125,15.523347144022614,-164.02347273596246,-177.630839637798,32.26943660915746,23.838666936852093,32.26943660915746,18.095205121179397,11.167357226753317,18.095205121179397,137.21095917499582,147.65756069747638,147.65756069747638,137.21095917499582,11.389721353693734,14.06356957212607,14.06356957212607,6.491114192638842,6.491114192638842,6.072353386329123,9.458429267337658,3.45967145862097,179.06749024741163,2.1615848757956306,11.84436902618303,7.979741917293529,-2.389556884765625,34.94740154638985,0
camera2_clip_20260318_200417_649384,36,11.795111747043464,85.89765767376781,85.89765767376781,9.27847576763949,64.24821778110311,64.24821778110311,92.39639673997755,84.75862467263552,173.58329990408754,158.5262281507726,24.655870656752942,11.058192732784969,9.915561643714337,3.631214073252156,24.655870656752942,11.058192732784969,-24.563079833984375,-10.8106689453125,85.89765767376781,64.24821778110311,158.5262281507726,11.058192732784969,33.39667092690979,-168.43788190310215,-179.64049403691814,11.20261213381599,-116.60763353387331,-4.414409167139695,6.004822408893771,23.15574018301108,23.15574018301108,197.29065704345703,311.1045837402344,12.552486882881253,-168.43788190310215,-179.64049403691814,18.643550123715002,26.09224485945012,26.09224485945012,26.414980695339093,27.939609102899098,27.939609102899098,136.8236158147352,146.01477096118194,146.01477096118194,136.8236158147352,10.041810965903753,15.062310839885864,15.062310839885864,6.879870683430579,6.879870683430579,6.920057017648396,9.61546186111788,3.617099317811797,178.51867822093905,3.1194523989637823,12.210119123913152,8.310857940552395,-1.5714263916015625,27.047877679054306,0
camera2_clip_20260318_200417_649384,37,21.654549897330135,106.56251660769244,106.56251660769244,5.73237785471922,56.16508921663822,56.16508921663822,92.00355385667105,82.53797940880935,174.49019939026934,163.8745130487284,25.18022752472303,14.215657292292676,10.411224871687685,5.322835730566852,25.18022752472303,14.215657292292676,-25.11004638671875,-13.82684326171875,106.56251660769244,56.16508921663822,163.8745130487284,14.215657292292676,35.905544048818804,-171.08245640625492,179.5206870001073,350.6031434063622,-116.45623719512857,-2.644574503152768,6.384329874030461,18.934400842502296,18.934400842502296,196.9487648010254,311.35313415527344,12.680727614215336,-171.08245640625492,179.5206870001073,22.548370391789323,22.961958851626804,22.961958851626804,38.005031684158304,25.86876912676486,38.005031684158304,136.6976792726978,144.98909858346144,144.98909858346144,136.6976792726978,10.922978711230169,16.085460372332456,16.085460372332456,6.475189385822619,6.475189385822619,5.141276243302501,6.082946939940037,3.6678707329145492,178.7790408769084,5.091875206012289,8.010359302409864,8.445591165436582,-2.1081390380859375,29.31881945256789,0
camera2_clip_20260318_200417_649384,38,12.041554578149587,100.45574908082246,100.45574908082246,12.53641120285499,52.391646051603956,52.391646051603956,91.95056348865258,80.87218279960337,174.8421358621646,167.84977803116163,24.760952106580667,17.12519268755124,10.393700874224919,6.908446079994421,24.760952106580667,17.12519268755124,-24.697174072265625,-16.616607666015625,100.45574908082246,52.391646051603956,167.84977803116163,17.12519268755124,33.17464071101232,-174.40374271316463,177.97101234140146,352.3747550545661,-116.6189551425824,-3.3212863069097125,5.925592643600467,15.696890709042496,15.696890709042496,196.77884674072266,311.5676574707031,8.209942756925289,-174.40374271316463,177.97101234140146,16.64374400974443,17.008656076622223,17.008656076622223,25.258193321510483,16.535745282769483,25.258193321510483,136.23878377849528,143.7652435055099,143.7652435055099,136.23878377849528,5.425684024555563,8.663006174870414,8.663006174870414,19.36091143759442,19.36091143759442,18.682685343384904,18.11824274467528,3.6594272883342427,179.04623766132318,12.912802332177185,12.820537364232525,8.43798348423537,-1.4459075927734375,24.048572763012217,0
camera2_clip_20260318_200417_649384,39,7.754537476530656,50.74899522282087,50.74899522282087,7.068242809423362,20.758563705393307,20.758563705393307,92.21137634619944,80.27920206019976,174.84019764980303,170.35240988165677,24.481487872937418,18.45321073199782,10.45794730767177,7.878753234141499,24.481487872937418,18.45321073199782,-24.408905029296875,-17.918701171875,50.74899522282087,20.758563705393307,170.35240988165677,18.45321073199782,17.678828567113303,-175.69136738131695,177.2368464802707,352.92821386158766,-116.90559452189179,-1.2876246681523185,7.42695284762287,12.31567934088877,12.31567934088877,196.65068435668945,311.75362396240234,6.775560452419478,-175.69136738131695,177.2368464802707,8.462737654741359,3.5506573693222347,8.462737654741359,32.02848013707925,15.411476452194663,32.02848013707925,139.60567391365552,145.75700347899055,145.75700347899055,139.60567391365552,3.603175106474579,4.904053323946711,4.904053323946711,13.156362384148505,13.156362384148505,13.613013510486127,13.005807341858077,3.6235491645111964,178.949438929746,11.732885308421745,11.014192388466835,8.378987137308474,-0.802398681640625,14.502795953869887,0
camera2_clip_20260318_200417_649384,40,10.226605911760153,61.62506117287096,61.62506117287096,7.864927581438094,35.86666561325334,35.86666561325334,92.49898790685866,79.93645185150261,174.7655571402947,174.44950700749365,24.602295430534106,20.087052234249967,10.801796168152839,8.705002424351422,24.602295430534106,20.087052234249967,-24.516204833984375,-19.613494873046875,61.62506117287096,35.86666561325334,174.44950700749365,20.087052234249967,22.22823787690257,-177.74127638183748,176.80623977879944,354.5475161606369,-117.50210974850926,-2.049909000520529,4.187550537872846,13.598616444220013,13.598616444220013,196.7230110168457,311.66844177246094,3.3523776826775267,-177.74127638183748,176.80623977879944,30.096450778196868,21.976622152048357,30.096450778196868,42.9376447063966,46.73501559868153,46.73501559868153,144.71307103822514,148.11102594599353,148.11102594599353,144.71307103822514,11.536514803438386,11.949394499442453,11.949394499442453,11.351473096823973,11.351473096823973,12.41350369552874,10.945167311694854,3.565260748392385,178.74634827467162,10.861701318435946,7.555036206615067,8.167591702624623,-1.0982666015625,24.883422483301633,0
camera2_clip_20260318_200417_649384,41,7.385874805674607,21.53547145126135,21.53547145126135,4.695242976171403,5.979543338754967,5.979543338754967,92.98858879168162,79.37548464528618,174.68057736763828,176.53998517600053,24.35613466859919,20.53676200880505,10.810810201775228,9.230460777919461,24.35613466859919,20.53676200880505,-24.250152587890625,-20.074554443359375,21.53547145126135,5.979543338754967,176.53998517600053,20.53676200880505,8.614682427715605,-178.5860536961919,176.4745984265202,355.0606521227121,-117.21963456205262,-0.8447773143544168,4.321318763695495,7.770643230735805,7.770643230735805,196.66582107543945,311.8439483642578,5.537682533875041,-178.5860536961919,176.4745984265202,4.4130252071903,8.257680436084772,8.257680436084772,8.077438801723549,4.56306708498976,8.077438801723549,145.19997003711939,147.69703838497537,147.69703838497537,145.19997003711939,5.985116184468617,6.190887778818038,6.190887778818038,11.695538788457252,11.695538788457252,10.614470986971853,12.602891266759062,3.620591203766937,178.16209801033662,6.609501840003361,11.3608986624357,8.301576098883926,-0.2974395751953125,7.431275838297387,0
camera2_clip_20260318_200417_649384,42,14.421009252034233,22.33685943304725,22.33685943304725,6.245879856691421,11.632260444172298,11.632260444172298,93.48933127167582,79.81394915120413,173.78419869472006,179.27978265507335,24.06704687028504,20.996869353811764,10.728276655620268,9.663618799789287,24.06704687028504,20.996869353811764,-23.923736572265625,-20.64410400390625,22.33685943304725,11.632260444172298,179.27978265507335,20.996869353811764,11.795377539030277,-179.2819877360953,176.30546930372864,355.5874570398239,-117.34894856270105,-0.695934039903392,2.7630447250674632,13.373211523168987,13.373211523168987,196.78859329223633,311.8013916015625,3.8981644066780476,-179.2819877360953,176.30546930372864,27.006501658013526,22.768847970630016,27.006501658013526,45.37160988710954,38.91835335754251,45.37160988710954,148.62267893752986,149.40379032221628,149.40379032221628,148.62267893752986,6.5786255535044385,8.951824729803654,8.951824729803654,17.95142632358992,17.95142632358992,18.461185765448516,17.67746023837031,3.516999835132712,177.63033434936187,12.59171100541023,12.826929850180653,8.03495950613299,-0.2431182861328125,18.36400236589878,0
camera2_clip_20260318_200417_649384,43,19.24166530591428,16.08689368492799,19.24166530591428,17.90962342464967,9.364449461432724,17.90962342464967,94.0834008111654,79.96925903585554,173.1434644959067,179.22895204854208,24.355078616417057,21.134334606573365,10.737121429588212,9.724744056298917,24.355078616417057,21.134334606573365,-24.168304443359375,-20.83367919921875,16.08689368492799,9.364449461432724,179.22895204854208,21.134334606573365,13.189801152481087,-178.5519204835467,176.58860031844617,355.14052080199286,-117.27591813609682,0.7300672525485936,9.637678553174046,6.898496484787807,9.637678553174046,196.71211624145508,311.9454879760742,4.894001838910306,-178.5519204835467,176.58860031844617,10.117902349611379,4.619249550258923,10.117902349611379,19.743390964854836,10.687938870968397,19.743390964854836,150.61390950201366,150.80788793286027,150.80788793286027,150.61390950201366,3.378988086530779,6.127811088782163,6.127811088782163,12.68551955319253,12.68551955319253,14.236736596467917,11.80264832605573,3.4070708935812526,177.28412458422218,11.00633862610427,7.5653121858977705,7.832207942527875,-0.4839935302734375,11.151173985491084,0
camera2_clip_20260318_200417_649384,44,4.492928985373471,5.537424911106705,5.537424911106705,2.7119158189154526,9.248878005856684,9.248878005856684,94.44738766632217,80.65786465450168,173.21645321140696,179.43508075521467,24.474227157604243,21.162936240511677,10.760847740830972,9.95307643107881,24.474227157604243,21.162936240511677,-24.26904296875,-20.89794921875,5.537424911106705,9.248878005856684,179.43508075521467,21.162936240511677,4.511690294606835,-178.20109489418877,176.97604564565597,355.17714053984474,-117.09447728916332,0.3508255893579246,1.8251089837980459,3.2538850625906517,3.2538850625906517,196.7181167602539,311.9137496948242,0.9690161248933229,-178.20109489418877,176.97604564565597,13.462511758642288,11.48856546076524,13.462511758642288,5.392072285077171,9.098746449654577,9.098746449654577,148.50399623300066,149.24667183407547,149.24667183407547,148.50399623300066,1.1536988679594546,0.06153133886552693,1.1536988679594546,11.51517683487317,11.51517683487317,12.339713593486671,11.464093686812108,3.3113728359710435,176.9613050458901,7.623794917730958,6.470608807635476,7.64201202862367,-0.0007171630859375,5.643938994050438,0
camera2_clip_20260318_200417_649384,45,20.791679694687097,7.939417071806068,20.791679694687097,13.483694052886776,14.59501847597069,14.59501847597069,94.29041998849887,80.55432767770992,173.20317977611734,179.02416688407413,23.857487343305216,21.43563665985994,10.511872521870579,10.456025116929784,23.857487343305216,21.43563665985994,-23.665191650390625,-21.11505126953125,7.939417071806068,14.59501847597069,179.02416688407413,21.43563665985994,12.141119392084434,-179.2218309664762,176.06053003638715,355.28236100286335,-116.55181507560872,-1.0207360722874341,3.1223282904321676,12.914578766723805,12.914578766723805,196.4469757080078,312.0768508911133,9.49249826966737,-179.2218309664762,176.06053003638715,29.737770792537248,32.641790100229365,32.641790100229365,37.24830761512634,48.583644621346394,48.583644621346394,145.13508332885965,147.30903015995793,147.30903015995793,145.13508332885965,10.55286850107983,17.26536239773857,17.26536239773857,11.989991052137446,11.989991052137446,11.403299267002884,11.911337549650725,3.3262292860973757,176.75851228137384,5.443031986675342,8.298193028793486,7.776679469223125,0.21722412109375,20.739705031713697,0
camera2_clip_20260318_200417_649384,46,13.587024346504979,3.344184821173997,13.587024346504979,13.94342175256146,6.6643390497513195,13.94342175256146,93.89030044743471,80.89851885788727,173.18204537662933,179.0766618996309,23.527105598520595,21.551127190296697,10.487779072564027,10.724776320763736,23.527105598520595,21.551127190296697,-23.35552978515625,-21.25177001953125,3.344184821173997,6.6643390497513195,179.0766618996309,21.551127190296697,8.217682768338848,-179.67023006187563,175.54095130810586,355.2111813699815,-116.97268035825533,-0.4483990953994237,9.512656403565671,2.2544702364756706,9.512656403565671,196.42829132080078,312.0130615234375,1.994083944672453,-179.67023006187563,175.54095130810586,7.5880178786988655,7.139797852478535,7.5880178786988655,5.733215654400024,10.405587241293425,10.405587241293425,143.7356267065896,146.20799238002215,146.20799238002215,143.7356267065896,1.2485715408006468,5.819579860800715,5.819579860800715,10.71879149187721,10.71879149187721,10.66457703942021,9.212746009930997,3.2713046877179988,177.1017475477004,7.533604168187472,3.734619181023833,7.640291049512933,0.1880035400390625,7.270072219875442,0
camera2_clip_20260318_200417_649384,47,9.668997146356546,10.226262609289911,10.226262609289911,8.192827552169534,16.597505348589753,16.597505348589753,93.97689023090298,80.06658263695776,173.8186128033433,178.3315837024514,23.136701867076326,21.779066207069135,10.401391381663679,10.986428658936717,23.136701867076326,21.779066207069135,-22.97625732421875,-21.39508056640625,10.226262609289911,16.597505348589753,178.3315837024514,21.779066207069135,11.571417455179377,179.78216821602865,174.9545028852199,4.827665330808742,-116.95241686874321,359.4523982779043,3.4458095863406006,21.297102488329912,21.297102488329912,196.07594680786133,312.2063446044922,12.056305599082997,179.78216821602865,174.9545028852199,20.450508121772987,28.419229371337067,28.419229371337067,34.467232407491416,42.3373811169212,42.3373811169212,141.87862001155312,144.94711910823102,144.94711910823102,141.87862001155312,8.145921210335988,18.27707492855289,18.27707492855289,10.824570641025549,10.824570641025549,7.730621340059118,11.024195499240543,3.406039216689844,177.53716126442586,1.4833871164197532,12.173700139527977,8.031302005304553,0.02520751953125,18.460487657290653,0
camera2_clip_20260318_200417_649384,48,14.25682849623847,1.9788513068287443,14.25682849623847,16.1096942983974,4.268599211814708,16.1096942983974,92.90234800875916,78.84573042049965,173.9153342829141,178.8749223643418,22.701820281860314,21.808321180985637,10.456738450117783,11.002880265113562,22.701820281860314,21.808321180985637,-22.58953857421875,-21.353515625,1.9788513068287443,4.268599211814708,178.8749223643418,21.808321180985637,9.455070402354705,178.56799610336628,174.46972622006652,4.098269883299764,-117.1851282023594,-1.214172112662368,9.17710179704873,10.939347303800172,10.939347303800172,195.8161849975586,312.2523193359375,7.913967817782692,178.56799610336628,174.46972622006652,8.834688456149362,6.184226191391954,8.834688456149362,13.947107916745498,2.944936121789646,13.947107916745498,141.0867534994643,144.49887010561838,144.49887010561838,141.0867534994643,5.599695149813551,6.846611294998558,6.846611294998558,11.585427320273716,11.585427320273716,11.769486980817096,12.894473777379721,3.5677272570363705,177.64442577464285,5.541667727076518,12.039874677133819,8.371102065566971,0.1902923583984375,8.423973962084734,0
camera2_clip_20260318_200417_649384,49,14.299202799366112,10.963025948944694,14.299202799366112,1.4230700493982404,15.72143635326626,15.72143635326626,91.30927989496418,77.1224381611382,172.789760369004,179.72966175377326,22.036902737432644,21.907068851948043,9.994315979930516,10.82674527629435,22.036902737432644,21.907068851948043,-21.966766357421875,-21.367401123046875,10.963025948944694,15.72143635326626,179.72966175377326,21.907068851948043,10.979982449567743,177.50367524073584,173.43182028797344,4.071854952762408,-117.80039729373462,-1.0643208626304386,12.59786976034518,10.875289786085979,12.59786976034518,195.63789749145508,312.4385681152344,7.734826330304284,177.50367524073584,173.43182028797344,4.560776192680985,5.806730229035721,5.806730229035721,3.7048581796575633,2.8773125134620607,3.7048581796575633,140.0968046909733,143.65036702570467,143.65036702570467,140.0968046909733,4.746563256847311,5.591566013180005,5.591566013180005,5.921499024376262,5.921499024376262,5.9655233419478195,8.338986779624234,3.7238899646637504,177.93262081932704,2.9154030654068936,11.111806665248553,8.644822973601253,0.0768280029296875,7.763975090189176,0
camera2_clip_20260318_200417_649384,50,0.9938065130431158,4.456633570650703,4.456633570650703,12.229730154608621,10.842062516858903,12.229730154608621,90.09364720562634,75.6873952939891,171.24100594949124,177.910633645195,21.67778102534481,21.83485806600672,9.557210538093852,10.625741640189535,21.67778102534481,21.83485806600672,-21.62646484375,-21.24957275390625,4.456633570650703,10.842062516858903,177.910633645195,21.83485806600672,8.043679760049972,178.01284210923976,173.3034590668967,4.709383042343063,-118.36629986044817,0.509166868503911,12.172116496687625,7.567729308450874,12.172116496687625,195.54483795166016,312.6265411376953,6.29241937635664,178.01284210923976,173.3034590668967,1.1683385356911762,3.028294217969996,3.028294217969996,5.097570192498538,1.9842950598786047,5.097570192498538,139.70370198472006,143.28861107496996,143.28861107496996,139.70370198472006,3.709260050078969,3.5022238480738146,3.709260050078969,8.80902128202358,8.80902128202358,7.536880680540558,8.786281384098816,3.7728819212583455,178.431965204661,7.917484968044757,8.579765526443321,8.717497140374414,-0.041229248046875,5.562671705374245,0
camera2_clip_20260318_200417_649384,51,8.206538818361956,11.104881736035681,11.104881736035681,23.847557453998274,22.203438790356977,23.847557453998274,89.22855770340053,74.34130037141453,170.14547618754526,177.28178779651736,21.416318482446247,21.781244856661576,9.007882636933772,10.26828907361426,21.416318482446247,21.781244856661576,-21.37957763671875,-21.09906005859375,11.104881736035681,22.203438790356977,177.28178779651736,21.781244856661576,16.40225834351655,177.8913412164173,173.13865807014668,4.752683146270613,-118.84000130633015,-0.12150089282246768,15.057783770671119,17.993349491675296,17.993349491675296,195.3655128479004,312.98426055908203,12.004524544859308,177.8913412164173,173.13865807014668,0.9139774172872102,7.432903309097555,7.432903309097555,1.618055950091641,6.219804946353391,6.219804946353391,139.40274249207252,142.8412820056606,142.8412820056606,139.40274249207252,6.427733762761924,9.450694143042544,9.450694143042544,8.207289809287431,8.207289809287431,7.0456948469016805,9.881531044276697,3.8732472569650453,178.24453699701738,9.109480519495358,14.348202481817314,8.908286861278288,-0.3025054931640625,10.87305996581113,0
camera2_clip_20260318_200417_649384,52,6.3075734574165905,8.620530503302762,8.620530503302762,15.29952232205953,15.968031791737259,15.968031791737259,87.69546738810047,73.66037132240282,168.13585164314492,176.7496906281934,21.019050035630134,21.675561144923435,8.438130847499023,10.017975452583059,21.019050035630134,21.675561144923435,-21.000152587890625,-20.9527587890625,8.620530503302762,15.968031791737259,176.7496906281934,21.675561144923435,11.41066392722743,176.93954024186496,172.57408281623407,4.365457425630893,-119.37349259493277,-0.9518009745523273,10.067309114131103,12.201016374717337,12.201016374717337,195.36267852783203,313.2778091430664,8.806868006081016,176.93954024186496,172.57408281623407,15.172326647964365,15.09438209096832,15.172326647964365,4.477923978861052,10.662149540047603,10.662149540047603,136.17400636381421,140.11664844092292,140.11664844092292,136.17400636381421,6.737933082500428,8.93469383905077,8.93469383905077,12.283308393573524,12.283308393573524,11.738009145196347,13.169057978719891,3.9105411516591047,177.77495864283026,11.349295537343465,14.036512233595845,8.931429395906209,-0.083709716796875,10.795282728563095,0
camera2_clip_20260318_200417_649384,53,7.169255089585211,60.90570532781286,60.90570532781286,21.26495964893392,33.95879692102525,33.95879692102525,87.48377267267317,73.45430396130384,166.64688863092357,178.05784267553753,20.83632962061291,19.705627635114467,7.972220838664898,9.100050665332441,20.83632962061291,19.705627635114467,-20.815643310546875,-18.975189208984375,60.90570532781286,33.95879692102525,178.05784267553753,19.705627635114467,23.639455754123176,-179.9700872129703,173.70280427286298,353.67289148583325,-120.39669595930114,-356.90962745483523,12.2106425903891,6.327374946992695,12.2106425903891,195.395263671875,313.35550689697266,2.527619298260616,-179.9700872129703,173.70280427286298,7.516517476440058,6.666608604660117,7.516517476440058,12.034734641841645,6.831384206749353,12.034734641841645,135.61940866662655,138.68270879971402,138.68270879971402,135.61940866662655,7.39531379641917,5.397189868482445,7.39531379641917,12.496504295763769,12.496504295763769,12.903870623787313,11.93792112497665,3.8928703555440944,178.19811525116978,12.6269077866663,10.25132647827737,8.889325662123523,0.8813018798828125,15.639873593277656,0
camera2_clip_20260318_200417_649384,54,12.799490500235237,59.7969513024939,59.7969513024939,29.56905019155858,26.67215879348827,29.56905019155858,88.74485750201613,75.67788845981866,166.1538335796058,176.48469255818378,20.64148686688405,17.72967241307123,7.250415594978206,7.6071013865001325,20.64148686688405,17.72967241307123,-20.60150146484375,-17.05731201171875,59.7969513024939,26.67215879348827,176.48469255818378,17.72967241307123,25.225162291112103,-177.82545427221862,175.16155348359368,352.98700775581233,-120.76997681766643,2.144632940751677,11.969436681095424,10.543886277801182,11.969436681095424,195.2263298034668,313.48058319091797,6.305906602718508,-177.82545427221862,175.16155348359368,5.240064960532188,2.4322486456234054,5.240064960532188,4.9431492842036935,3.2569674225134926,4.9431492842036935,135.5018676270125,138.8483923202743,138.8483923202743,135.5018676270125,2.6677561936385676,7.531237500574099,7.531237500574099,11.821498727179977,11.821498727179977,12.42114276066093,11.826950414004763,3.8596677905878627,178.10600795521634,12.113695004730713,10.85431708839438,8.828539652180075,0.81732177734375,14.78519981281317,0
camera2_clip_20260318_200417_649384,55,61.67295568076037,66.78629092543872,66.78629092543872,40.10021690716714,13.847864849553202,40.10021690716714,91.23412007833012,77.95454815860997,154.50367342612043,172.99392684669712,18.860178943054045,15.543938497534771,5.05881097549945,5.50454247051765,18.860178943054045,15.543938497534771,-18.68280029296875,-15.047393798828125,66.78629092543872,13.847864849553202,172.99392684669712,15.543938497534771,33.12475881048052,-174.56689721125232,177.77230669477,352.33920390602236,-121.24385191536689,3.2585570609662966,14.643113771054354,1.698110728909403,14.643113771054354,195.14990234375,313.58387756347656,3.854840541570112,-174.56689721125232,177.77230669477,15.293480902898262,4.1420267455099795,15.293480902898262,16.625820232698292,4.163656206420912,16.625820232698292,135.3728599699821,139.65078152905954,139.65078152905954,135.3728599699821,3.5558607057017646,4.754705937880551,4.754705937880551,10.514684268383368,10.514684268383368,11.064161898028507,10.848299182579833,3.8511950616702495,178.11955610076214,12.0439716873307,9.69093180372087,8.741917563241698,1.7242431640625,20.607008632832745,0
camera2_clip_20260318_200417_649384,56,67.93060568980857,66.30338998008658,67.93060568980857,30.732034870798387,24.453322058255385,30.732034870798387,94.1045694485896,80.17446929437084,127.9842157251475,165.04679137845332,17.199334764783774,13.422207595105194,3.8422187735693396,3.512233914507491,17.199334764783774,13.422207595105194,-16.670440673828125,-13.040496826171875,66.30338998008658,24.453322058255385,165.04679137845332,13.422207595105194,35.73970476106167,-172.86900690435428,179.6806762352252,352.5496831395795,-121.20189027548493,1.6978903068980458,12.2261839160944,12.792692051326664,12.792692051326664,194.88000106811523,313.7021942138672,8.840869612998373,-172.86900690435428,179.6806762352252,9.993386917850186,7.366813186026391,9.993386917850186,9.667300168674947,5.041841084655971,9.667300168674947,135.55755321653578,139.87446839576913,139.87446839576913,135.55755321653578,6.287129983397142,16.153134165368687,16.153134165368687,11.13058162911808,11.13058162911808,11.535139526938961,11.34408708474996,3.8423819665169106,178.1635036539962,11.339205963145599,11.012973555073795,8.74102631635933,1.753753662109375,22.41231950602861,0
camera2_clip_20260318_200417_649384,57,62.1368330369132,60.44962094058369,62.1368330369132,38.082301197323886,38.240182924689016,38.240182924689016,97.14344042581067,82.50865136325235,93.78553931289674,128.8381142923935,15.977563022317868,11.491372608564479,4.102502428620862,1.9906197824369536,15.977563022317868,11.491372608564479,-14.815338134765625,-11.086944580078125,60.44962094058369,38.240182924689016,128.8381142923935,11.491372608564479,40.193602271680334,-171.5444610801573,-178.7494331706598,7.204972090502508,-121.3808739239478,1.3245458241969743,16.746394410230614,25.5062811203416,25.5062811203416,194.4803924560547,313.89954376220703,13.370508530217064,-171.5444610801573,-178.7494331706598,6.859467407010904,11.12198734700493,11.12198734700493,11.869532980914364,5.688902615894496,11.869532980914364,136.20308543028432,140.07334790009446,140.07334790009446,136.20308543028432,5.195689001728115,23.81367583256975,23.81367583256975,15.020926665553702,15.020926665553702,15.463207346428769,14.61062046405569,3.8673875591098583,178.55938964041366,14.670891965742651,13.404231087429949,8.841193682384741,1.5382232666015625,25.475905734600378,0
camera2_clip_20260318_200417_649384,58,56.20826476936407,24.402051628606735,56.20826476936407,30.670191708454357,48.79399880526842,48.79399880526842,99.92004814139497,84.1492532376183,73.79278184741634,111.52480985694427,14.786287037133487,11.902537514457114,5.203213478763023,2.563495956529188,14.786287037133487,11.902537514457114,-12.84771728515625,-11.35736083984375,24.402051628606735,48.79399880526842,111.52480985694427,11.902537514457114,35.59118742505813,-170.73197661491295,-177.6837216151119,6.95174500019894,-121.055699484618,0.8124844652443528,18.863206820722294,34.6094108179329,34.6094108179329,193.79578399658203,314.2527770996094,23.11095584545411,-170.73197661491295,-177.6837216151119,6.736757349724657,21.512146234745703,21.512146234745703,13.046395198771151,15.812832998102573,15.812832998102573,136.64750253880936,141.04356394682017,141.04356394682017,136.64750253880936,15.998324773119148,36.98058469837421,36.98058469837421,23.24424165776352,23.24424165776352,23.343687598880415,23.124670742403715,3.9064993383283495,178.99554602685487,20.128131148999664,20.64043623427249,9.064258462963132,0.3809661865234375,26.96951381693219,0
camera2_clip_20260318_200417_649384,59,64.23260890775595,26.462859169073244,64.23260890775595,11.697684021780944,41.587632539373644,41.587632539373644,101.47078919534368,84.77827951260913,67.13313984909884,98.98359385833677,14.203275312348564,11.798207663317138,7.0747245411468915,2.9154767831201367,14.203275312348564,11.798207663317138,-11.070587158203125,-11.131805419921875,26.462859169073244,41.587632539373644,98.98359385833677,11.798207663317138,31.52898324206993,-171.19163073661048,-177.56477672878182,6.373145992171345,-120.80981036630597,-0.4596541216975254,8.121634810040032,37.07148000439576,37.07148000439576,193.09983444213867,314.35616302490234,21.107604996558333,-171.19163073661048,-177.56477672878182,14.246140367031837,16.867586186146617,16.867586186146617,20.306810330094297,9.086333128927064,20.306810330094297,140.2966200329375,142.8325849414453,142.8325849414453,140.2966200329375,11.02761457890527,37.68102655987773,37.68102655987773,22.649190600369387,22.649190600369387,24.089434035843762,21.63792567996265,3.8709754911349052,-179.91959696904243,20.693072748651975,17.920139080804898,9.150852227756038,0.7957305908203125,24.8657842169502,0
camera2_clip_20260318_200417_649384,60,29.61132381155925,44.82757728046307,44.82757728046307,16.616409075959965,56.02573299523606,56.02573299523606,103.46217242940223,86.97996138705197,69.81556321064406,75.40525416555678,14.405048205969686,10.920315661960705,7.498899447884898,3.3207558864932056,14.405048205969686,10.920315661960705,-10.5845947265625,-10.252960205078125,44.82757728046307,56.02573299523606,75.40525416555678,10.920315661960705,31.932324005172024,-173.60631649026664,-179.2220155587724,5.615699068505762,-121.53511264588705,-2.4146857536561583,3.395034415970785,41.117866451843,41.117866451843,192.57020568847656,314.60237884521484,17.52187096716709,-173.60631649026664,-179.2220155587724,19.318870929239758,13.051068009987123,19.318870929239758,31.981102459387284,3.1505750578787706,31.981102459387284,145.3871099400732,143.4613360954624,143.4613360954624,145.3871099400732,2.8409456669284383,25.891252358156123,25.891252358156123,26.258296629325137,26.258296629325137,27.5661723387255,25.533802555050872,3.8425275470679487,-179.00612876431012,22.913941492314095,21.03332173329263,9.261165383203195,0.3939361572265625,23.985646542717465,0
camera2_clip_20260318_200417_649384,61,35.86730002269489,44.515595382360566,44.515595382360566,28.342111230297338,41.53131045319331,41.53131045319331,105.5944021624301,88.54295330706552,69.75833719432335,58.97905682788951,14.46873378810685,10.096204457021143,7.884962750170778,3.7188240904963066,14.46873378810685,10.096204457021143,-9.987884521484375,-9.495880126953125,44.515595382360566,41.53131045319331,58.97905682788951,10.096204457021143,32.30009732615655,-174.0661448903182,-179.44793808564282,5.3817931953246045,-123.24860309243317,-0.45982840005157755,12.39384519579061,31.15042167260263,31.15042167260263,192.20323944091797,314.67726135253906,11.235855778504686,-174.0661448903182,-179.44793808564282,24.31083221778369,9.601137141793812,24.31083221778369,21.085471500680622,16.619469455269364,21.085471500680622,150.93190410400615,143.1305530721552,143.1305530721552,150.93190410400615,6.215064116265901,7.598129162130262,7.598129162130262,33.10766261351201,33.10766261351201,34.55265684977854,32.05672623907561,3.8029170119810156,-177.90888834718052,29.31837178129262,24.40611553170359,9.263545499334624,0.5419464111328125,23.269223962571914,0
camera2_clip_20260318_200417_649384,62,33.370786793514526,22.321365565536762,33.370786793514526,33.55671938684112,23.32985356934565,33.55671938684112,106.54084806734507,86.33359410681113,71.18923936905486,44.69589979514017,13.915158631823488,9.45511753072931,7.891527895211255,3.856912518443822,13.915158631823488,9.45511753072931,-9.1275634765625,-8.8656005859375,22.321365565536762,23.32985356934565,44.69589979514017,9.45511753072931,26.36068456265883,-175.7193322879377,179.8492045104832,355.5685367984209,-125.24639274764986,-1.6531873976194902,22.74455171930558,22.840830341409326,22.840830341409326,191.88526153564453,314.79978942871094,10.22305091072218,-175.7193322879377,179.8492045104832,20.061392410122288,3.371040057597892,20.061392410122288,16.026508379055038,17.716863271571807,17.716863271571807,156.31839319483825,143.04880167866162,143.04880167866162,156.31839319483825,2.836528446561082,1.6099375880328857,2.836528446561082,37.5087498118502,37.5087498118502,38.28192697870371,36.055459539461516,3.741938000607544,-177.21017766207896,34.338793964298155,28.85541463420883,9.154031890367746,0.4644317626953125,18.315531460741163,0
camera2_clip_20260318_200417_649384,63,37.04837986474177,29.154301956044957,37.04837986474177,36.01682121206206,47.741471090335004,47.741471090335004,106.10155291232964,85.21110855692613,71.04267479307119,21.930046060491176,13.243262865007603,8.347893234480576,7.96056809472891,4.847681151709585,13.243262865007603,8.347893234480576,-8.37957763671875,-7.9696044921875,29.154301956044957,47.741471090335004,21.930046060491176,8.347893234480576,32.96118238031841,179.3540310586838,177.53707348344236,1.816957575241446,-127.25165464405235,355.0733633466215,24.555531031778642,23.250589126948064,24.555531031778642,191.79816818237305,314.8112487792969,2.6353200962939405,179.3540310586838,177.53707348344236,23.770891658435303,13.884129863865983,23.770891658435303,8.5825229440654,4.48191277567393,8.5825229440654,161.228990847347,142.24310700369162,142.24310700369162,161.228990847347,10.5522101041443,12.956610054631684,12.956610054631684,28.545193869906313,28.545193869906313,29.603308077588196,28.783803314922384,3.645764688164183,-177.9041366395699,29.340819201943145,26.92482145213182,8.839710059181693,0.6400604248046875,22.666280973560593,0
camera2_clip_20260318_200417_649384,64,39.46819007523369,41.086569617287864,41.086569617287864,43.69095213032289,23.294204929904758,43.69095213032289,107.7306326270861,85.67617671032254,73.13230119615,3.9772838733694322,13.029703154733836,7.8279907423160076,7.803263245516342,5.166812033550631,13.029703154733836,7.8279907423160076,-7.8961181640625,-7.7705078125,41.086569617287864,23.294204929904758,3.9772838733694322,7.8279907423160076,32.55183766861939,177.2157722570075,176.38936474295562,0.8264075140518798,-129.0709207916359,-2.138258801676301,33.599198632783434,14.171910626183703,33.599198632783434,191.78808212280273,315.04185485839844,6.924796248600156,177.2157722570075,176.38936474295562,24.09781565640915,33.099259738448005,33.099259738448005,14.239855461457974,10.342840376422929,14.239855461457974,163.41312401427447,144.2702673277555,144.2702673277555,163.41312401427447,5.269091166068243,27.80770193627951,27.80770193627951,35.505160454581194,35.505160454581194,36.483665031574716,34.646400958758676,3.538223351587938,-178.58204537445636,32.04358596339853,24.016448020347305,8.49482783680893,0.1171417236328125,25.847299195566848,0
camera2_clip_20260318_200417_649384,65,27.92562871732047,42.66255762747281,42.66255762747281,26.170593095102262,19.41902181012244,26.170593095102262,106.34238924962027,87.1207145372337,75.51141700201445,5.834646207185893,12.68704836214527,8.16995907949904,8.084812952823643,4.487560053772373,12.68704836214527,8.16995907949904,-7.37847900390625,-8.169830322265625,42.66255762747281,19.41902181012244,5.834646207185893,8.16995907949904,25.124111035405775,175.81602271810203,175.74153328535078,0.07448943275124975,-129.62250752773548,-1.3997495389054677,23.76815787620897,10.798707086207672,23.76815787620897,191.4090805053711,315.15455627441406,11.862101486201928,175.81602271810203,175.74153328535078,12.321082568549063,21.253126893116526,21.253126893116526,19.84487768138393,6.851612498123796,19.84487768138393,163.35923863553148,147.73882422499784,147.73882422499784,163.35923863553148,12.763991187726827,5.123359892397848,12.763991187726827,24.099584159483122,24.099584159483122,25.814257774734443,25.530144168284416,3.4595798178694412,179.97422376198662,25.393841474173303,22.574294577542343,8.283879140196007,-0.027801513671875,19.075226411144385,0
camera2_clip_20260318_200417_649384,66,56.7959801304632,59.76844731847546,59.76844731847546,59.478536228251144,58.275916965185395,59.478536228251144,110.72522828093767,93.62794239137078,83.06882108460425,19.258773883885826,13.079422647449494,7.720323403345356,7.989551057365946,4.13605397354146,13.079422647449494,7.720323403345356,-6.920623779296875,-7.497283935546875,59.76844731847546,58.275916965185395,19.258773883885826,7.720323403345356,45.79322105339304,175.85504225239202,175.41631273183464,0.4387295205573878,-129.0957956918937,0.0390195342899915,30.309997236287288,10.130448441695785,30.309997236287288,191.0081443786621,315.09761810302734,12.14876782867874,175.85504225239202,175.41631273183464,23.12994909246804,35.765537369815725,35.765537369815725,18.273603858864266,14.229614451674216,18.273603858864266,162.98364019294536,153.347906514914,153.347906514914,162.98364019294536,22.595606911780262,5.036642712016453,22.595606911780262,21.490454299163392,21.490454299163392,26.21956264290525,20.489145638893497,3.2755491462032458,178.6867067444374,27.48034322156887,12.735649601652174,7.807015227088955,0.852569580078125,32.815856726414765,0
camera2_clip_20260318_200417_649384,67,74.60928935026077,89.55623721744816,89.55623721744816,72.77127028315806,83.43582630990258,83.43582630990258,117.85278291049913,106.67658818541618,92.32688729071955,43.14502327328078,14.521868027818435,8.64165647383705,8.001782718845389,3.7715890264943805,14.521868027818435,8.64165647383705,-6.983001708984375,-7.160736083984375,89.55623721744816,83.43582630990258,43.14502327328078,8.64165647383705,62.275015171173656,175.89989608925276,174.92138755483538,0.9785085344173865,-127.14997927020842,0.04485383686073874,30.52477609357649,22.752691772695854,30.52477609357649,190.56544876098633,314.85697174072266,15.116251964023302,175.89989608925276,174.92138755483538,28.266431831355035,29.973744510056232,29.973744510056232,5.8421414617074765,19.425096799448067,19.425096799448067,162.18703882288412,156.9836572904076,156.9836572904076,162.18703882288412,29.838569780786177,9.119777161956167,29.838569780786177,23.493632878300716,23.493632878300716,29.663249421552212,20.809660151568448,2.9858854412377593,176.3451473807204,36.40006893920724,14.986477610994566,6.998266087718372,0.82733154296875,41.342987714362586,0
camera2_clip_20260318_200417_649384,68,59.517066098427605,75.83397342360557,75.83397342360557,77.20270075973524,54.00337292181938,77.20270075973524,120.5913469240285,114.47214405632704,111.7796970927301,79.4367172222025,16.625633315885818,10.661356718630348,9.27698967354598,4.194392133742645,16.625633315885818,10.661356718630348,-7.856353759765625,-7.240386962890625,75.83397342360557,54.00337292181938,79.4367172222025,10.661356718630348,56.32208218400373,171.38396190912727,173.80022158710682,2.4162596779795535,-123.53388184670696,-4.515934180125498,42.585521678909934,28.789858221524703,42.585521678909934,190.34267044067383,314.34808349609375,16.665463779039378,171.38396190912727,173.80022158710682,37.12530370970966,15.148160920518857,37.12530370970966,18.106359834872,8.519973963597542,18.106359834872,160.16101921515215,159.46500919008923,159.46500919008923,160.16101921515215,29.531851064150935,14.791741690325091,29.531851064150935,29.815186948519994,29.815186948519994,35.54128025934821,26.32911352359156,2.718044980211763,172.51511934123388,42.08708774262748,24.12594156401689,6.479512501323999,0.6231689453125,38.429657023933046,0
camera2_clip_20260318_200417_649384,69,69.19624322973057,27.334258761975967,69.19624322973057,111.53175480821338,46.610414386954616,111.53175480821338,125.25319446958324,117.96767877676137,125.44787054671855,96.16798654003951,17.008385072600888,12.196994263088639,9.951778636137435,5.1050973866965,17.008385072600888,12.196994263088639,-7.530487060546875,-7.41522216796875,27.334258761975967,46.610414386954616,96.16798654003951,12.196994263088639,60.59526804302183,162.6382790637905,170.7866968132325,8.148417749442018,-119.39641644725911,-8.745682845336773,57.85603234646488,51.042904724791576,57.85603234646488,190.39949798583984,313.447998046875,27.05632767406588,162.6382790637905,170.7866968132325,22.32403201302952,10.724245563353229,22.32403201302952,5.028233036003208,13.646759192589236,13.646759192589236,158.71384881570248,158.95113620783658,158.95113620783658,158.71384881570248,34.87339121622634,10.161740052548488,34.87339121622634,30.924158108240903,30.924158108240903,35.74778811163069,27.22349574099734,2.1964860662829992,167.55391037020797,44.91063960305628,39.31929882806855,5.298392748131332,1.5203094482421875,38.36083411099008,0
camera2_clip_20260318_200417_649384,70,43.33681656021061,47.20410681004642,47.20410681004642,58.310113943425705,68.69675252147209,68.69675252147209,127.49280654868,120.13067456731804,129.19835738997674,103.81013639898673,17.48268217909138,14.281136807722476,9.429119292308092,6.415831193802513,17.48268217909138,14.281136807722476,-8.153900146484375,-7.98663330078125,47.20410681004642,68.69675252147209,103.81013639898673,14.281136807722476,61.77552613321549,155.51138316499495,170.0691442040806,14.557761039085648,-114.72404867366974,-7.126895898795539,58.55063079399596,94.55473617014218,94.55473617014218,190.52539443969727,312.07930755615234,41.234054115980996,155.51138316499495,170.0691442040806,22.897466037645714,10.687932126507103,22.897466037645714,4.085737617943638,20.981388682323836,20.981388682323836,159.3093562832104,160.47592312858802,160.47592312858802,159.3093562832104,50.935928174982934,26.704124569948362,50.935928174982934,42.47440982558076,42.47440982558076,45.29069587302323,40.91402707313263,1.4563398603236937,163.22255594488817,54.57626777899609,68.50671092763008,3.2050615867569294,1.4173736572265625,42.245477834053716,0
camera2_clip_20260318_200417_649384,71,113.66638632770243,71.70567291026485,113.66638632770243,91.76941794710991,88.09424977258153,91.76941794710991,123.40882206838099,116.51757634307853,121.60078970985253,97.48724617086101,15.829532801367867,14.879089293415898,8.964469701689078,7.384261037938063,15.829532801367867,14.879089293415898,-7.37115478515625,-8.321746826171875,71.70567291026485,88.09424977258153,97.48724617086101,14.879089293415898,87.34555146061935,139.75246237099347,164.72962029269505,24.977157921701576,-108.02185677220379,-15.758920794001483,69.21106262580032,89.62651918025706,89.62651918025706,190.97261428833008,310.78553771972656,41.066548240517044,139.75246237099347,164.72962029269505,21.57233194174358,21.624941313914956,21.624941313914956,14.617230960959992,17.147932442312804,17.147932442312804,160.24952887638997,159.22628603214397,159.22628603214397,160.24952887638997,48.730770763051886,26.02146471375425,48.730770763051886,52.15424900676303,52.15424900676303,50.052960696220225,61.485541806463125,0.8301188346753466,149.73128169321197,58.13489457854975,91.25878067924018,1.6065726236287323,2.0350189208984375,56.1489984082878,0
camera2_clip_20260318_200417_649384,72,185.04870398052125,75.53361484529897,185.04870398052125,202.52377071546758,78.07171803299374,202.52377071546758,116.10436458938283,112.10953617308083,118.94384859465129,92.68906012897097,12.334727574911476,13.647743103747668,8.976979248712697,7.646691109994603,12.334727574911476,13.647743103747668,-5.083038330078125,-7.603515625,75.53361484529897,78.07171803299374,92.68906012897097,13.647743103747668,110.42679441017839,129.64232576622956,157.0427896224666,27.400463856237025,-103.08493371646048,-10.110136604763909,82.02105907761852,39.3618998091703,82.02105907761852,190.93516159057617,309.4004592895508,41.56754101551506,129.64232576622956,157.0427896224666,30.09912811570873,41.022591091282536,41.022591091282536,18.063007604687503,34.86514586883848,34.86514586883848,161.82412933933034,158.86491842890382,158.86491842890382,161.82412933933034,45.733218225831635,42.05102204570803,45.733218225831635,53.762461373825936,53.762461373825936,56.00296388111324,52.804912028949644,0.7291602569394858,131.28563384757078,63.209901802865076,52.70741084279016,1.707160696628143,3.2650146484375,72.86623995109393,0
camera2_clip_20260318_200417_649384,73,204.38539922779972,98.53394667730835,204.38539922779972,120.3302083204748,71.25616337915463,120.3302083204748,130.97193159901548,112.21666628456579,116.41200930256745,86.64502714078569,8.979714940097155,11.950022393347421,7.215913883118939,6.800148175881055,8.979714940097155,11.950022393347421,-0.469696044921875,-6.537689208984375,98.53394667730835,71.25616337915463,86.64502714078569,11.950022393347421,99.07959317021432,128.3039172700765,157.28252560113552,28.978608331059007,-99.07838639107784,-1.3384084961530505,50.20878940036475,49.763052016183806,50.20878940036475,190.7922134399414,308.21807861328125,35.72971331604753,128.3039172700765,157.28252560113552,20.759382111949986,41.01828317458353,41.01828317458353,17.370616620637232,32.68800532045461,32.68800532045461,163.3017394262227,157.71651406874375,157.71651406874375,163.3017394262227,38.68393776253702,38.7351603919827,38.7351603919827,90.50836929519225,90.50836929519225,88.50850627411171,92.40939003050815,0.5663666483172531,124.05440667654966,71.84379590028688,83.12624234702108,1.3072446679947918,4.35650634765625,65.31107870028593,0
camera2_clip_20260318_200417_649384,74,186.6128178465218,139.90339334208497,186.6128178465218,129.67433608595414,107.97004269106914,129.67433608595414,-163.73777743598728,120.83694185347822,167.09158741651822,79.11975128594757,6.684586089852622,9.605047606404261,6.07499973692168,6.400142623111507,6.684586089852622,9.605047606404261,3.1357421875,-3.01470947265625,139.90339334208497,107.97004269106914,79.11975128594757,9.605047606404261,108.70281270984607,139.3520105008764,163.6206538906898,24.268643389813406,-96.45450057168242,11.048093230799878,45.057070145810044,42.999216147636375,45.057070145810044,190.1964340209961,307.24242401123047,34.29532791339827,139.3520105008764,163.6206538906898,17.57779350564236,54.41546688283738,54.41546688283738,11.710190877882955,27.93483776885661,27.93483776885661,163.9790067332298,155.19459350200222,155.19459350200222,163.9790067332298,29.831571923159217,54.67786120638315,54.67786120638315,82.84909212969905,82.84909212969905,82.97780226972898,78.91495726142638,0.8693468738537355,144.80415497455638,62.40983139200686,52.683749346124316,2.063880439703841,4.7732696533203125,70.69704986865318,0
camera2_clip_20260318_200417_649384,75,209.4144084686542,132.8837517570526,209.4144084686542,206.74752332375945,105.82472040831259,206.74752332375945,-74.54023587993146,133.51928959811798,104.23622503376535,70.20883084141323,8.100387658422507,7.155857855828773,5.5093275478854355,6.1117584172317105,8.100387658422507,7.155857855828773,7.29400634765625,0.871917724609375,132.8837517570526,105.82472040831259,70.20883084141323,7.155857855828773,128.27492542199465,147.0530808676546,166.30992136668436,19.256840499029778,-93.67804126395052,7.701070366778197,67.8255815684062,46.95356700578291,67.8255815684062,189.68504333496094,306.5190658569336,26.576130415020174,147.0530808676546,166.30992136668436,19.76964971604945,77.23896567736384,77.23896567736384,6.234880017319285,29.44102320726216,29.44102320726216,162.07122524107066,148.838750661124,148.838750661124,162.07122524107066,18.14596674510039,64.67448147127155,64.67448147127155,103.54637953025359,103.54637953025359,108.46794723532416,98.55955773968412,1.4338355449220193,158.33038514624354,90.19403670802333,57.76821203761352,3.838880544891302,5.043975830078125,82.09620994719454,0
camera2_clip_20260318_200417_649384,76,138.93478620964393,104.69126517916358,138.93478620964393,165.76152577242334,99.96644377042375,165.76152577242334,-66.00905316505369,147.46467500200282,85.3139069471237,67.5920902412449,9.699372777597299,5.951110984934718,4.973637982641417,6.094654683687995,9.699372777597299,5.951110984934718,9.63226318359375,3.7200927734375,104.69126517916358,99.96644377042375,67.5920902412449,5.951110984934718,104.6454398502835,150.05202400341912,167.54587903363642,17.493855030217304,-93.88658293664622,2.9989431357645344,45.84734168172878,72.67127648831752,72.67127648831752,188.67889022827148,305.7932586669922,37.21862619662809,150.05202400341912,167.54587903363642,14.612938665731276,65.3814817789621,65.3814817789621,9.795336281937258,28.946301320547224,28.946301320547224,160.26920598583317,144.73235300350797,144.73235300350797,160.26920598583317,15.30038958446408,54.08820838396323,54.08820838396323,77.46913319517965,77.46913319517965,75.36745757692896,78.14509599727586,1.789640376579089,159.09180417394293,55.2583191353125,73.13608139608381,5.176206643891399,3.6716766357421875,67.99977459310882,0
camera2_clip_20260318_200417_649384,77,76.13153915508046,122.19781733955138,122.19781733955138,26.013048469697317,76.61193315511419,76.61193315511419,-67.56521542298722,160.89941378661462,106.75046886546387,66.9619406004283,10.958950509194683,6.929990806565563,4.840560703346186,7.389206757915593,10.958950509194683,6.929990806565563,10.947784423828125,5.9881591796875,122.19781733955138,76.61193315511419,66.9619406004283,6.929990806565563,64.13356114619312,156.1808086146503,171.300017271867,15.119208657216717,-91.74265935050246,6.128784611231168,35.004236830206196,48.84279192750918,48.84279192750918,188.69669342041016,305.12742614746094,19.98211470150477,156.1808086146503,171.300017271867,9.595164485576204,33.00769728296249,33.00769728296249,18.753965316135965,15.054431471778116,18.753965316135965,160.7318471560819,142.8166469390334,142.8166469390334,160.7318471560819,3.8542037529278,26.905058568307837,26.905058568307837,92.61923439037784,92.61923439037784,92.15226741729559,94.1266583781713,1.8922940051772612,165.9054881383563,68.80757791372028,75.60013208759364,5.296453801910416,2.92327880859375,40.99765731290393,0
camera2_clip_20260318_200417_649384,78,59.074761809856405,109.75342286122324,109.75342286122324,46.08970024843448,68.28101887066414,68.28101887066414,-62.24039348014377,179.22027726788167,108.39722216333418,78.8440289858638,11.452875737585138,9.059624369350418,4.926345499156032,8.888338898331563,11.452875737585138,9.059624369350418,11.42938232421875,8.6861572265625,109.75342286122324,68.28101887066414,78.8440289858638,9.059624369350418,55.20408608027558,160.91172487163237,173.72247085750433,12.81074598587196,-90.37707876497701,4.730916256982084,19.704040370918367,28.321572320556854,28.321572320556854,188.55422592163086,304.9299545288086,7.304986347930095,160.91172487163237,173.72247085750433,10.131160433208287,21.11897024313747,21.11897024313747,11.615545811798855,8.26139921219728,11.615545811798855,160.4390438196543,141.97178247078133,141.97178247078133,160.4390438196543,9.157838843453709,23.022972435492637,23.022972435492637,40.44616466337252,40.44616466337252,38.25877690944921,40.17860885308643,1.8649850988960297,169.01211736453268,22.93495340536964,30.68731264693113,5.139869287454655,2.107452392578125,34.54436695507848,0
camera2_clip_20260318_200417_649384,79,20.9100956936643,40.40119919303199,40.40119919303199,32.28136652219649,19.67160743619665,32.28136652219649,-60.75772636225615,177.6801554637052,109.41825176667004,73.18456329200342,11.949496691429287,8.986348542657339,5.960365724689745,9.289550648362187,11.949496691429287,8.986348542657339,11.94696044921875,8.83258056640625,40.40119919303199,19.67160743619665,73.18456329200342,8.986348542657339,27.033944329627975,164.6167731290256,175.61361805577053,10.996844926744927,-88.53435230487256,3.70504825739323,28.74229692063445,20.197100212043978,28.74229692063445,188.65313339233398,304.87928771972656,3.3338914159132536,164.6167731290256,175.61361805577053,10.210847569830662,19.941130224292156,19.941130224292156,6.748367281606624,7.541304445515663,7.541304445515663,160.23760214094997,140.72792032122013,140.72792032122013,160.23760214094997,10.457441162011294,19.401950819746755,19.401950819746755,48.707287992193415,48.707287992193415,51.072246136189875,52.19624697759144,1.8630424684895612,174.84236347831222,42.853546032556416,46.5488225427357,5.131363400178229,0.6564483642578125,19.708725623397584,0
camera2_clip_20260318_200417_649384,80,16.26244156958546,24.957630599944277,24.957630599944277,37.2644455291223,5.304180515796774,37.2644455291223,-56.46394893744301,175.85489294547753,107.56162933698555,67.90526710349083,12.227614225187484,9.011959541964934,6.8051629605384285,9.724695264937765,12.227614225187484,9.011959541964934,12.223480224609375,8.975433349609375,24.957630599944277,5.304180515796774,67.90526710349083,9.011959541964934,16.999122476960206,166.53778141622857,176.5229927711947,9.98521135496614,-87.7880439824629,1.921008287202966,17.275795988434467,0.930240658877969,17.275795988434467,188.68207931518555,305.10413360595703,6.801042942376129,166.53778141622857,176.5229927711947,6.65596616397555,5.7239838515127355,6.65596616397555,5.284932086318416,8.491740982080627,8.491740982080627,160.44322504928877,141.47566338748982,141.47566338748982,160.44322504928877,10.402332715591957,12.13064060388565,12.13064060388565,4.020650984332346,4.020650984332346,3.4056502600859053,4.680249768778221,1.7596506693547669,174.911638114436,4.753275334256348,7.264674455237409,4.893240400136147,0.0481414794921875,12.55702760542718,0
camera2_clip_20260318_200417_649384,81,2.313361514070116,11.46420583461195,11.46420583461195,32.61692696455875,13.472450963783412,32.61692696455875,-58.44050831949758,176.5523477807217,112.19399395952088,65.16689207060149,12.960888599129035,9.306966340508621,7.90044014230601,10.247028101395431,12.960888599129035,9.306966340508621,12.945404052734375,9.260345458984375,11.46420583461195,13.472450963783412,65.16689207060149,9.306966340508621,17.636899237331896,169.4760964148021,177.6639478488554,8.1878514340533,-86.36538547079137,2.9383149985735315,33.52501310479865,12.429437042168486,33.52501310479865,188.96753311157227,305.50525665283203,14.769739731805918,169.4760964148021,177.6639478488554,12.131872781837153,9.005238833669033,12.131872781837153,6.482710516969428,4.165679998599948,6.482710516969428,161.3780125622709,142.67460403468334,142.67460403468334,161.3780125622709,15.887854824148222,12.61221391366066,15.887854824148222,63.82012731311266,63.82012731311266,68.34722679453827,62.608259948629,1.9883358862158254,-179.57524934697796,55.040960267327,45.988340945372364,5.234405848604369,0.143035888671875,13.842247191072985,0
camera2_clip_20260318_200417_649384,82,13.051329334367065,11.520826322707613,13.051329334367065,17.556068917936834,14.288978535873182,17.556068917936834,-56.56312415751836,-173.74917387713631,104.92906016677284,73.54601511206839,13.68237773815102,9.873424998505495,8.441417925455108,10.040237897544607,13.68237773815102,9.873424998505495,13.66162109375,9.80950927734375,11.520826322707613,14.288978535873182,73.54601511206839,9.873424998505495,18.054759740997927,170.15734379433218,177.50464312609463,7.347299331762457,-86.81273099579253,0.6812473795300775,29.164826978164296,22.746528356938562,29.164826978164296,188.8927116394043,306.2088165283203,21.2258162619255,170.15734379433218,177.50464312609463,7.7374934282144,17.684774166016897,17.684774166016897,3.3651796671084093,6.0241083008649525,6.0241083008649525,160.10134089626408,144.3740736634654,144.3740736634654,160.10134089626408,16.710823149226314,17.665125720066566,17.665125720066566,38.034831586074844,38.034831586074844,39.95862967435667,37.98817507727773,1.9270455360800338,-176.51266869506466,33.90611104261033,28.30455968420542,5.031208182841019,-0.209197998046875,14.793005239790425,0
camera2_clip_20260318_200417_649384,83,18.77154065690689,10.164157573270327,18.77154065690689,11.797002355885995,19.40087399100912,19.40087399100912,-54.09473565287675,-179.49299586424098,98.52915666710513,64.72894859436711,13.310914171376831,9.435376040792079,9.0242512129625,10.39247983927645,13.310914171376831,9.435376040792079,13.233123779296875,9.40496826171875,10.164157573270327,19.40087399100912,64.72894859436711,9.435376040792079,12.225787151956965,170.16394474137763,176.94477643115093,6.780831689773294,-87.16168091447591,0.006600947045455996,5.88491798785084,7.336230346818619,7.336230346818619,188.92181015014648,306.22423553466797,0.9879383461259305,170.16394474137763,176.94477643115093,5.600368785306705,18.190903290530336,18.190903290530336,3.278302748737893,7.800825033712079,7.800825033712079,159.04919986827852,146.6895223947477,146.6895223947477,159.04919986827852,6.872865233008931,6.185113707477783,6.872865233008931,13.625181438509083,13.625181438509083,15.537283143109393,8.738403966442313,2.153808439218433,-176.38414061365296,14.230311600463747,6.329528997226357,5.639903006340278,-0.2914276123046875,10.106925142542961,0
camera2_clip_20260318_200417_649384,84,27.47759707311845,13.98989834492413,27.47759707311845,11.721377876799183,14.994404566857797,14.994404566857797,-52.95858686733761,173.8732949073692,94.53554626404271,55.05437836857567,12.730214179912466,8.840913847632638,9.334038468833452,10.751106201133174,12.730214179912466,8.840913847632638,12.539794921875,8.83770751953125,13.98989834492413,14.994404566857797,55.05437836857567,8.840913847632638,14.504675368157123,169.97938433419404,176.51213548464915,6.532751150455113,-87.58596341222994,-0.18456040718359645,9.674523689014404,9.170250658228765,9.674523689014404,188.89339065551758,306.1409683227539,2.6395049970427107,169.97938433419404,176.51213548464915,9.903903180976723,19.257626348837693,19.257626348837693,3.226575678805392,4.960767255418836,4.960767255418836,157.83387860710457,149.02726726833308,149.02726726833308,157.83387860710457,3.6671277470682013,4.734264418224094,4.734264418224094,19.17069453724218,19.17069453724218,18.322057872795405,17.40314788236863,2.1728513523166,-177.04780000619084,15.147445561053992,13.431966468416523,5.688224996235043,-0.34991455078125,11.064859736522806,0
camera2_clip_20260318_200417_649384,85,12.136344563806011,11.106347912391746,12.136344563806011,7.472318713019876,10.383936690781859,10.383936690781859,-50.19637514523165,164.6854268342433,90.23582474292408,44.602390504992016,12.166050504298237,8.222433028070919,9.38186253601176,11.130823687626554,12.166050504298237,8.222433028070919,11.95635986328125,8.2127685546875,11.106347912391746,10.383936690781859,44.602390504992016,8.222433028070919,13.047460714106746,169.65674190712437,176.00429032836007,6.3475484212357,-88.23642419851612,-0.32264242706966684,19.98665685140108,17.199159553239905,19.98665685140108,188.7327423095703,305.8931121826172,8.860953759791245,169.65674190712437,176.00429032836007,9.338752525933687,13.32640816137172,13.32640816137172,6.80241572695876,3.224853936688536,6.80241572695876,156.30533882808749,150.33923763174,150.33923763174,156.30533882808749,1.1542272934055866,2.4599797224271778,2.4599797224271778,26.184721179977533,26.184721179977533,29.519524133786643,24.85133895260816,2.4250660293896122,-175.49907264964952,25.186619183412823,25.41207041703348,6.238833532660428,-0.073150634765625,9.54928347095216,0
camera2_clip_20260318_200417_649384,86,12.021173335443375,32.56140174639337,32.56140174639337,14.38557094982594,23.001935391707935,23.001935391707935,-47.71032753632906,152.41558616989894,87.00839375381963,33.834287449530976,11.671163177282539,6.858221123772327,9.305779772779792,10.726549235169117,11.671163177282539,6.858221123772327,11.476348876953125,6.8546142578125,32.56140174639337,23.001935391707935,33.834287449530976,6.858221123772327,20.243393407923836,168.30298554006566,175.04608264668184,6.743097106616176,-89.14154172571814,-1.3537563670587076,25.094640231463686,14.395638792708695,25.094640231463686,188.58864974975586,305.59815216064453,9.848231938799596,168.30298554006566,175.04608264668184,3.0204999883829746,11.734729398469153,11.734729398469153,7.142235359654528,4.366664772128166,7.142235359654528,155.29755711658476,151.78615563349214,151.78615563349214,155.29755711658476,3.7418937612618843,4.853323420800274,4.853323420800274,19.430147001943865,19.430147001943865,21.567499699361136,15.772710824083672,2.6730144050074887,-175.2776441399422,20.036365558649056,21.123032336752516,6.758376406990012,-0.3806915283203125,13.026642262353333,0
camera2_clip_20260318_200417_649384,87,6.4715143936413355,35.089901116507505,35.089901116507505,9.413508244577162,36.182907561078345,36.182907561078345,-45.30845366659049,138.6135657064609,84.94761804979719,20.812359093000822,11.215870340100368,5.5712456078803045,9.213005073294221,10.705961065814675,11.215870340100368,5.5712456078803045,11.03802490234375,5.54510498046875,35.089901116507505,36.182907561078345,20.812359093000822,5.5712456078803045,20.41452191992455,166.8761381388226,174.23247256949298,7.356334430670387,-89.86152924996469,-1.4268474012430659,19.450315592523616,15.878984611219343,19.450315592523616,188.37585830688477,305.4666290283203,7.504710470496667,166.8761381388226,174.23247256949298,6.358870366542752,8.015049740159325,8.015049740159325,5.028633342414948,5.23743845172924,5.23743845172924,154.1050452832666,153.0660262447519,153.0660262447519,154.1050452832666,1.4746712993731088,5.7380620030488565,5.7380620030488565,17.37795343957464,17.37795343957464,21.396118735602197,23.87324707546834,3.009491575856373,-176.0058452092542,25.745775703239815,34.89814021234178,7.611762560151038,-0.50946044921875,12.861654726901294,0
camera2_clip_20260318_200417_649384,88,11.577632067178556,38.41383615831342,38.41383615831342,16.67445597975177,28.457993778780203,28.457993778780203,-40.40979680865936,129.4204680032323,81.22849521221609,12.320161640058084,10.551266010225492,4.26826745203902,9.044659403650769,10.344933965554867,10.551266010225492,4.26826745203902,10.4403076171875,4.223785400390625,38.41383615831342,28.457993778780203,12.320161640058084,4.26826745203902,21.931929128866923,166.4175943966989,173.94752635541332,7.529931958714428,-90.66729295348746,-0.45854374212370885,19.54922012713951,16.918436662038054,19.54922012713951,188.01778030395508,305.38777923583984,10.999701421433839,166.4175943966989,173.94752635541332,1.8905631335536062,2.0536878287937568,2.0536878287937568,5.0824618183714305,10.28151601213359,10.28151601213359,155.0120489030688,154.2461863201766,154.2461863201766,155.0120489030688,4.491430770846403,4.122698641432225,4.491430770846403,43.20604614024455,43.20604614024455,40.64252187705833,39.676252279220705,2.9627276884140503,-175.25191942365765,29.671817218607874,27.84311001275747,7.495261472686284,-0.7742156982421875,13.292827748194377,0
camera2_clip_20260318_200417_649384,89,15.741734632037325,19.529521248126827,19.529521248126827,10.479895020107111,12.522493323897281,12.522493323897281,-35.25504773426688,124.54417925768507,77.62872689906317,7.159874376745946,10.149824223646933,3.7266348205065145,8.818750063267098,10.116935303851301,10.149824223646933,3.7266348205065145,10.13275146484375,3.603546142578125,19.529521248126827,12.522493323897281,7.159874376745946,3.7266348205065145,14.775821783659694,166.36400229945426,173.55586596610243,7.191863666648175,-91.3847933306605,-0.05359209724463199,15.302028473120618,15.07925800466902,15.302028473120618,187.70788192749023,305.42887115478516,9.378325787918584,166.36400229945426,173.55586596610243,4.301869829886542,6.403889693729415,6.403889693729415,4.970267696925944,16.066461643357222,16.066461643357222,156.10942977999352,156.02288662173498,156.02288662173498,156.10942977999352,4.121828886538578,4.427713052524132,4.427713052524132,14.176062049512833,14.176062049512833,12.065572140553979,14.959834858254554,3.100054924053485,-175.08124659492205,9.695322452145447,18.9678726615956,7.811499519734178,-0.466583251953125,10.745580125410001,0
camera2_clip_20260318_200417_649384,90,19.705031052906666,16.58789097087958,19.705031052906666,21.267572329494378,7.495630302634074,21.267572329494378,-31.71330617477003,121.51070567316225,74.28374569297787,3.1497428549645496,9.62114638103568,3.268328182714008,8.890297592741623,9.851556320932014,9.62114638103568,3.268328182714008,9.5911865234375,3.03082275390625,16.58789097087958,7.495630302634074,3.1497428549645496,3.268328182714008,13.125170511469376,166.8237446730947,173.4799454883639,6.656200815269216,-91.65424058878433,0.459742373640438,3.800398114820752,9.894500298080796,9.894500298080796,187.55718612670898,305.3921813964844,4.652937401636168,166.8237446730947,173.4799454883639,14.688927556980202,3.184898732840491,14.688927556980202,6.876657764285911,10.021278245776537,10.021278245776537,158.93983090545638,157.70795217374115,157.70795217374115,158.93983090545638,3.1060905553779348,5.445238705700135,5.445238705700135,12.73467387264814,12.73467387264814,14.814439759723063,15.609864934168057,3.090749609772816,-175.9040244334093,13.665188796112385,15.557997376336106,7.81736701312068,-0.5704803466796875,10.17284288581479,0
camera2_clip_20260318_200417_649384,91,37.075112333133276,30.689657496989533,37.075112333133276,12.561953619472943,7.528875238027252,12.561953619472943,-28.523375757088626,122.42115986014402,65.68489380252872,6.003871832218569,8.880293484984374,2.5726847372804107,9.212149351310506,9.149914411483099,8.880293484984374,2.5726847372804107,8.7586669921875,2.5289306640625,30.689657496989533,7.528875238027252,6.003871832218569,2.5726847372804107,16.264657618609743,166.32901453141147,173.45772209035158,7.128707558940107,-91.56217268022581,-0.4947301416832204,5.578228185955509,4.154118838079944,5.578228185955509,187.40928649902344,305.3821258544922,4.447231994718965,166.32901453141147,173.45772209035158,3.7043078361591624,1.6333706374689445,3.7043078361591624,5.2495964269835325,2.368373684601588,5.2495964269835325,159.3970686354675,158.195390921901,158.195390921901,159.3970686354675,7.120998340340004,4.944219024273507,7.120998340340004,39.78199125968014,39.78199125968014,43.663622567130524,33.28152240365498,2.6923745224475355,-176.67821598269686,32.64810994165189,15.990292786309452,7.009271145312639,-0.7426605224609375,10.217400971790434,0
camera2_clip_20260318_200417_649384,92,38.89346679697492,24.76644827876239,38.89346679697492,6.551255950848265,3.492961461353526,6.551255950848265,-24.852997820979088,121.71916947485596,55.40099052915177,8.402985161383981,7.896824097124931,2.1114395734258804,9.500043378663962,8.610198642921253,7.896824097124931,2.1114395734258804,7.557769775390625,2.103851318359375,24.76644827876239,3.492961461353526,8.402985161383981,2.1114395734258804,14.553668611155453,166.0212581113829,173.58110377557387,7.559845664190959,-91.45139307572597,-0.30775642002856785,7.7014657126440795,5.91641346634954,7.7014657126440795,187.28549194335938,305.1195755004883,8.708157230991826,166.0212581113829,173.58110377557387,2.480194666130036,15.158526707997254,15.158526707997254,5.804798313924373,3.6425179286053204,5.804798313924373,160.09633108029678,156.72045789977105,156.72045789977105,160.09633108029678,10.160318913279635,11.54255462039141,11.54255462039141,16.013368308741956,16.013368308741956,19.084602905488747,18.94243013500732,2.415110450311171,-177.63620910203824,18.745676071071,14.769968631455788,6.415468178524971,-0.6125335693359375,11.342576901438393,0
camera2_clip_20260318_200417_649384,93,28.23518613712358,27.860614729120428,28.23518613712358,13.076510935120329,2.62344995357109,13.076510935120329,-27.670984455433942,125.10255079356337,51.25259054540475,17.143626848874703,7.843429632324385,2.8149217796799446,10.02113311537329,8.279140811175608,7.843429632324385,2.8149217796799446,7.228240966796875,2.55108642578125,27.860614729120428,2.62344995357109,17.143626848874703,2.8149217796799446,14.772353241335543,164.5602529252545,173.20841777957867,8.648164854324165,-91.21883798320228,-1.4610051861284035,3.6774502345380657,13.16090745853975,13.16090745853975,187.2143096923828,305.1538772583008,2.3704790863464633,164.5602529252545,173.20841777957867,5.923131582727651,13.826129959340369,13.826129959340369,5.261191135622349,7.429055939006339,7.429055939006339,159.6865235791472,155.2862845739657,155.2862845739657,159.6865235791472,8.74399575753996,5.465454038599078,8.74399575753996,27.893943108401558,27.893943108401558,25.762348066590175,29.559083127084577,2.2477212890921474,-179.54413900250714,18.719215714551275,25.972701196219994,6.051912991054053,-0.1982574462890625,11.273589821737415,0
camera2_clip_20260318_200417_649384,94,29.385155454618925,36.06014764435947,36.06014764435947,8.276697793619586,19.641699756712,19.641699756712,-26.307195507189018,127.56690009261308,45.96415807153905,21.740490622359832,7.714893527247605,3.759115373065545,10.699406037394468,8.739274524709934,7.714893527247605,3.759115373065545,6.631195068359375,3.488433837890625,36.06014764435947,19.641699756712,21.740490622359832,3.759115373065545,19.098097634749568,163.71264987941584,173.76467871792238,10.052028838506544,-90.59010832796322,-0.8476030458386674,13.727722355383571,7.49716280380385,13.727722355383571,187.02077102661133,304.7635726928711,13.06963588052388,163.71264987941584,173.76467871792238,16.257532585012914,29.94215738507696,29.94215738507696,1.628559548201303,14.924009882535664,14.924009882535664,158.47685344655892,152.72677962565643,152.72677962565643,158.47685344655892,16.033566129049643,17.733404040670525,17.733404040670525,51.96730800081703,51.96730800081703,55.41371729837667,44.94754663440357,1.9253189712556367,176.23926805729258,38.87651716960225,17.61600043218464,5.433745411859197,0.5207977294921875,17.592317948253704,0
camera2_clip_20260318_200417_649384,95,25.11452444067169,30.457490633361854,30.457490633361854,16.433026253091786,25.902004021989075,25.902004021989075,-26.182107871342318,131.48479271840782,39.677681957481404,29.075349327602297,7.247822699026369,4.453136583886222,11.107512966580373,8.517945042798212,7.247822699026369,4.453136583886222,5.70416259765625,3.9720458984375,30.457490633361854,25.902004021989075,29.075349327602297,4.453136583886222,20.246882475540826,162.8990728982079,174.2865909661805,11.387518067972621,-90.24997223268387,-0.8135769812079445,14.927154616228176,8.647094887902377,14.927154616228176,186.81857681274414,304.3304214477539,14.340580571969387,162.8990728982079,174.2865909661805,16.905157564819543,32.64215163785274,32.64215163785274,4.516299193803033,17.62574006038257,17.62574006038257,157.10600205834817,149.94094874910394,149.94094874910394,157.10600205834817,16.48055813838703,17.93222164613076,17.93222164613076,51.35971042203943,51.35971042203943,53.378577201904186,43.854927209911935,1.6427779918781453,171.52331157333649,38.68072376016917,18.492802515427364,4.874861251045028,0.1536102294921875,18.965285257885053,0
camera2_clip_20260318_200417_649384,96,7.800428416191013,39.21975373056105,39.21975373056105,12.477003618862643,39.15645129051638,39.15645129051638,-24.060821004839532,134.21348277633356,34.07979200829285,30.61831199434416,6.493597227106894,4.87418566930416,11.044788819693371,8.552406096057496,6.493597227106894,4.87418566930416,4.8497314453125,4.605194091796875,39.21975373056105,39.15645129051638,30.61831199434416,4.87418566930416,23.183401896410043,163.22180744706392,174.74726281592442,11.525455368860491,-89.9917798586957,0.32273454885603314,18.938063298891077,21.50871102343809,21.50871102343809,186.51705932617188,303.6222381591797,23.090966381513493,163.22180744706392,174.74726281592442,16.899106172514067,27.597918251033104,27.597918251033104,2.747075036624897,15.659745652647015,15.659745652647015,157.56748864946078,149.46007580529647,149.46007580529647,157.56748864946078,24.60357770159068,27.432231124342824,27.432231124342824,37.667688046297286,37.667688046297286,39.14556634768201,36.79663059356942,1.6757039300158205,167.81786175807468,32.47306101885569,27.641878369253828,4.955492941304036,0.521484375,21.170005443101065,0
camera2_clip_20260318_200417_649384,97,15.260902334739848,33.14244738117225,33.14244738117225,2.7691219899070743,39.393142691149386,39.393142691149386,-15.84782809745473,133.12151834599618,24.410082876945424,26.046558711098623,5.047643746149624,4.592774223171023,10.704031947670162,8.42312883972488,5.047643746149624,4.592774223171023,3.591552734375,4.515594482421875,33.14244738117225,39.393142691149386,26.046558711098623,4.592774223171023,26.144178359327338,164.03387257246334,175.35185690947938,11.317984337016043,-89.87902907851606,0.812065125399414,30.067766948165183,36.23168881083027,36.23168881083027,186.08998107910156,302.6033630371094,33.14290435591004,164.03387257246334,175.35185690947938,23.380371586510606,23.725062937839567,23.725062937839567,12.777884074670038,20.469432768918406,20.469432768918406,158.512287895029,150.8953674489237,150.8953674489237,158.512287895029,31.748301886150692,34.606458303427196,34.606458303427196,73.23576651799321,73.23576651799321,72.7920002056617,70.9271182124473,1.674662744162408,164.56045031491234,51.812098324395556,50.848178047812674,5.105567614975186,0.3567352294921875,25.297715142790043,0
camera2_clip_20260318_200417_649384,98,19.619213128917202,41.922113085601026,41.922113085601026,9.112210089231647,33.22664788149078,33.22664788149078,-7.753756036220773,130.20695815571725,15.269493494085685,13.436758391159358,3.6189526557294567,4.223170873622882,10.247536996402976,8.53061170738416,3.6189526557294567,4.223170873622882,2.34881591796875,4.127593994140625,41.922113085601026,33.22664788149078,13.436758391159358,4.223170873622882,27.24059347124764,165.4380407557498,175.8986204041175,10.460579648367712,-90.31601761535632,1.4041681832864583,24.61687656578187,34.9465000764633,34.9465000764633,185.73484802246094,301.72621154785156,28.389483981282584,165.4380407557498,175.8986204041175,24.2117368345983,21.329110811842032,24.2117368345983,16.581833352973767,31.718375271018843,31.718375271018843,158.24209272667332,152.42751365758656,152.42751365758656,158.24209272667332,25.930059619668878,28.924949075488577,28.924949075488577,47.96982382293121,47.96982382293121,47.089879751340014,48.96791206008397,1.7772538823290835,164.15582433253698,34.638455246475694,42.4981639764922,5.479857553873437,0.057159423828125,26.01163548275635,0
camera2_clip_20260318_200417_649384,99,23.9610353008001,29.50557161412939,29.50557161412939,18.204190933269487,7.198346839977772,18.204190933269487,-4.603194122787408,128.23675638995022,10.924878462654066,13.946985933692176,3.2910192038236454,3.5341215329156594,10.323715411810195,7.833123117427422,3.2910192038236454,3.5341215329156594,1.737884521484375,3.515106201171875,29.50557161412939,7.198346839977772,13.946985933692176,3.5341215329156594,18.06057013056654,165.13026087201024,175.264954571959,10.13469369994877,-90.94319229711077,-0.3077798837395562,18.71490776102421,10.779368334198283,18.71490776102421,185.4260711669922,301.3562545776367,14.45649250874307,165.13026087201024,175.264954571959,22.01032383917363,7.429512870064518,22.01032383917363,19.802234766880126,29.907270772473105,29.907270772473105,159.58050892709306,155.60038140482098,155.60038140482098,159.58050892709306,20.50587938427914,16.765610699434216,20.50587938427914,17.507024498330104,17.507024498330104,16.00784797371303,19.224835214201047,1.8898847952099607,165.4660424718617,12.408157060966392,21.401322681020403,5.780293113726082,-0.4716949462890625,18.73202109297533,0
camera2_clip_20260318_200417_649384,100,31.079025767399497,25.281445424455665,31.079025767399497,33.58582912847354,16.89350077623078,33.58582912847354,2.435093477427203,124.55501683843849,6.041668366149193,12.173874200939228,3.2766786795710976,3.0089311345259038,10.644944241281417,7.645703288568811,3.2766786795710976,3.0089311345259038,1.250213623046875,3.006805419921875,25.281445424455665,16.89350077623078,12.173874200939228,3.0089311345259038,23.393124550519172,164.89957035736043,174.8411640389624,9.941593681601972,-91.5696566823213,-0.23069051464980816,20.550526031794792,12.968420174760752,20.550526031794792,185.02438354492188,301.1443557739258,13.62456031821819,164.89957035736043,174.8411640389624,12.101013099858699,6.729878799989607,12.101013099858699,14.990609280032723,35.214300008628655,35.214300008628655,160.51751326206667,157.85474963318177,157.85474963318177,160.51751326206667,16.244478256140248,12.582429099846957,16.244478256140248,36.28175866385893,36.28175866385893,38.881188954574604,36.412987248417956,1.7927029993587844,163.44607449289964,34.11900375710697,29.198135298862436,5.594044992362026,-0.4845428466796875,19.851787987300995,0
camera2_clip_20260318_200417_649384,101,61.0963927502892,32.147986375857954,61.0963927502892,62.62870736169514,27.731560529447417,62.62870736169514,13.3873095374834,117.75239170406923,2.868396764232871,6.261287836267669,3.9975544193404913,2.351850619370699,11.239310280675078,7.494640702516007,3.9975544193404913,2.351850619370699,0.36920166015625,2.332183837890625,32.147986375857954,27.731560529447417,6.261287836267669,2.351850619370699,37.755728794421024,165.55459669341315,174.93073524199295,9.376138548579803,-92.49704390033617,0.655026336052714,22.22247793534199,20.707247813894433,22.22247793534199,184.6584358215332,301.39183807373047,13.25325252430407,165.55459669341315,174.93073524199295,6.656415957410231,14.419315481456238,14.419315481456238,16.542976404304266,29.321288994210246,29.321288994210246,161.03860470150448,158.39046500790045,158.39046500790045,161.03860470150448,4.538844789480684,5.941325613185672,5.941325613185672,37.71246855728669,37.71246855728669,35.68565400287958,39.50665535424092,2.0136031665536125,164.21491413539562,27.559558135433758,39.7342021551664,6.0965356392732835,-1.16461181640625,25.329545000547792,0
camera2_clip_20260318_200417_649384,102,78.72381171891536,49.814400493638516,78.72381171891536,68.31915793651771,55.68260653634057,68.31915793651771,23.581361698253733,107.80706496168554,12.118718253957923,0.4889859390954196,5.570290412234571,1.764382362097418,12.426689757065198,7.570904059153124,5.570290412234571,1.764382362097418,-0.422088623046875,1.698486328125,49.814400493638516,55.68260653634057,0.4889859390954196,1.764382362097418,52.78018647117665,165.41848641854642,174.61679051534708,9.198304096800655,-93.27414477717375,-0.13611027486672356,29.767066208939994,34.374075932707726,34.374075932707726,184.31818008422852,302.16092681884766,25.22982992751275,165.41848641854642,174.61679051534708,13.654660314374256,22.67660740615241,22.67660740615241,19.352299313345792,25.97869449530167,25.97869449530167,161.70965996376904,158.3882314856392,158.3882314856392,161.70965996376904,17.40831114465191,20.632681574382605,20.632681574382605,29.93907379557359,29.93907379557359,29.42950745957701,31.26378168886755,2.221507554826715,164.5934584625981,29.350989311913334,37.256286211180985,6.45515257863507,-1.640289306640625,36.365364422939045,0
camera2_clip_20260318_200417_649384,103,87.65503016134032,58.2642881918315,87.65503016134032,75.30188106045472,55.64920338454988,75.30188106045472,36.342152156831574,101.40945477709343,25.9041891356028,4.128413427924663,7.165680640756266,1.217672982466208,13.22304632825261,7.7090742593676,7.165680640756266,1.217672982466208,-2.140533447265625,1.172210693359375,58.2642881918315,55.64920338454988,4.128413427924663,1.217672982466208,55.354401564046356,165.08279865362695,174.36033573408287,9.277537080455915,-93.59489848149184,-0.33568776491947006,24.114931180355956,31.141075405745767,31.141075405745767,184.01276016235352,302.9460754394531,25.273814840761997,165.08279865362695,174.36033573408287,16.844270195347317,22.760835350266756,22.760835350266756,24.970506396262753,17.772141736868587,24.970506396262753,163.4353636447375,157.1962898990506,157.1962898990506,163.4353636447375,21.635697349587108,24.812365068849054,24.812365068849054,31.07263557321573,31.07263557321573,27.004830350687982,29.084553076028417,2.502335294008929,163.41928700335157,18.97420019436483,33.58330410215394,6.936026184924835,-1.9564361572265625,38.410185456788305,0
camera2_clip_20260318_200417_649384,104,118.95223503333875,182.47594337611343,182.47594337611343,80.3369112692364,80.61142809643096,80.61142809643096,44.360541169947986,93.06210359686796,39.330096250673044,9.483926148814604,8.128649704639132,4.204719726293878,12.74717331629837,4.355371679760686,8.128649704639132,4.204719726293878,-5.148895263671875,-4.175445556640625,182.47594337611343,80.61142809643096,9.483926148814604,4.204719726293878,87.56278386845878,166.40444956412247,174.8754241676522,8.470974603529726,-94.5156953536464,1.3216509104955207,29.5865170856077,33.41366835002548,33.41366835002548,183.6759033203125,303.6379699707031,23.0861758843502,166.40444956412247,174.8754241676522,17.592312028965953,14.462861982545174,17.592312028965953,29.656033984569284,19.669458694263014,29.656033984569284,165.86449255712532,156.78991367045484,156.78991367045484,165.86449255712532,17.183982716810654,17.501219218434226,17.501219218434226,26.288648479600308,26.288648479600308,26.23746159389438,26.12260079047541,2.6193235920231914,164.1714235974242,25.087990818606894,27.305125859224933,7.084848426977766,-5.0190582275390625,53.45354765302841,0
camera2_clip_20260318_200417_649384,105,102.15472147068044,92.2153835079501,102.15472147068044,81.61336865968975,56.311570700028284,81.61336865968975,50.43603584124503,86.69273877429517,48.248184468343446,27.430886327519612,9.283067112311416,6.531740153380071,12.176356625416602,3.430388844107448,9.283067112311416,6.531740153380071,-7.260040283203125,-6.2359619140625,92.2153835079501,56.311570700028284,27.430886327519612,6.531740153380071,67.1637284333012,168.19298070822828,175.51336799521042,7.32038728698214,-94.72734546463336,1.7885311441058036,37.86014199735769,32.827184264100936,37.86014199735769,183.3898811340332,304.6001510620117,30.11380130711177,168.19298070822828,175.51336799521042,20.434886955556188,15.802443936864618,20.434886955556188,15.165987515991505,7.123594142027154,15.165987515991505,168.41695551971745,157.082762323173,157.082762323173,168.41695551971745,26.507276895314185,27.5527956535262,27.5527956535262,33.41417529405347,33.41417529405347,33.27729009669477,28.232513630542076,2.8979022618002834,165.85041574915653,26.43795735088515,25.509963514464253,7.607132097559922,-3.166717529296875,42.96411297492392,0
camera2_clip_20260318_200417_649384,106,118.72201704012608,108.36357325637744,118.72201704012608,69.57378666341431,62.62907207228896,69.57378666341431,54.90726559450777,84.04665926525298,60.08621178034042,57.533257017404544,11.045541467202709,9.498940966777964,11.073220061838457,2.7714794139064933,11.045541467202709,9.498940966777964,-9.990692138671875,-8.914459228515625,108.36357325637744,62.62907207228896,57.533257017404544,9.498940966777964,69.69770731628218,169.3917614572425,175.87017401497693,6.47841255773443,-94.44286194595924,1.1987807490142188,31.688296764241887,27.209498101244357,31.688296764241887,183.15676879882812,305.4882125854492,27.544421707696248,169.3917614572425,175.87017401497693,19.197755764649877,10.328466858811284,19.197755764649877,13.09776014775435,7.28265640338925,13.09776014775435,172.12698272273016,157.67560893000933,157.67560893000933,172.12698272273016,26.191231375788927,28.668245118585787,28.668245118585787,14.975373478375237,14.975373478375237,15.399495367450838,14.514952670855475,2.8469600907445156,166.38054759498883,17.761931405541524,13.510389240674431,7.463107930371985,-3.636627197265625,43.57936329722272,0
camera2_clip_20260318_200417_649384,107,142.74973142589255,115.60760715999076,142.74973142589255,53.17857911031676,34.2449632466678,53.17857911031676,57.33912493236144,84.96377870259447,78.55086970446064,121.54319236671819,14.07453549995182,12.826589704768644,10.075256534851945,2.201294320848503,14.07453549995182,12.826589704768644,-13.772308349609375,-12.4749755859375,115.60760715999076,34.2449632466678,121.54319236671819,12.826589704768644,62.1928278925293,170.60832625434972,176.6161925707651,6.007866316415374,-93.88071698733917,1.2165647971072246,18.945296142512074,8.43079026979585,18.945296142512074,182.99262619018555,305.82523345947266,11.246033920879,170.60832625434972,176.6161925707651,10.392388368066777,4.1052635048104955,10.392388368066777,12.022352756679417,2.096655814190834,12.022352756679417,175.4434977780157,157.65814160500574,157.65814160500574,175.4434977780157,13.636043663171414,9.206812315212398,13.636043663171414,23.534067139118395,23.534067139118395,25.163813590142475,18.036290802321236,2.603520174086904,165.96945758843538,18.065009349224333,5.850110138059227,6.96166867184749,-4.126953125,35.38470698144227,0
camera2_clip_20260318_200417_649384,108,120.31182522127804,116.9768985525228,120.31182522127804,34.294571328363496,36.68783041112338,36.68783041112338,58.297878812653444,84.66274182317962,96.78527648244804,161.192524610473,16.963403882254,16.40486256339204,9.823115776677218,4.015511748302336,16.963403882254,16.40486256339204,-16.933563232421875,-16.162384033203125,116.9768985525228,36.68783041112338,161.192524610473,16.40486256339204,54.78396611909552,171.383056931492,177.27013213812535,5.887075206633341,-93.64540453786707,0.774730677142287,14.196237821979185,6.236433379306233,14.196237821979185,182.8484764099121,305.984619140625,6.447065926322547,171.383056931492,177.27013213812535,6.639591152341278,2.1702718100636695,6.639591152341278,9.427063426129344,2.920077297450315,9.427063426129344,176.9589679363273,158.0154577029464,158.0154577029464,176.9589679363273,8.446990973357044,4.932200975970689,8.446990973357044,39.6900192303272,39.6900192303272,37.10131976420382,28.779732455247434,2.312057672152688,166.98574204142173,18.39365195341547,3.768050321040684,6.422482333203334,-3.7527923583984375,30.269999362490452,0
camera2_clip_20260318_200417_649384,109,85.99779372643576,5.4887177592417435,85.99779372643576,26.678793626981296,12.968110416516037,26.678793626981296,59.90619053038387,86.13413479156925,109.94832422403513,151.48021403685766,19.191970824388555,16.138495463107148,10.21514056944489,4.087876687485172,19.191970824388555,16.138495463107148,-19.19195556640625,-15.85198974609375,5.4887177592417435,12.968110416516037,151.48021403685766,16.138495463107148,24.76979349238009,172.12879224861706,177.78616322841918,5.657370979802124,-92.90326267115456,0.7457353171250531,11.538018845126194,5.947326579979527,11.538018845126194,182.71041870117188,306.29222869873047,10.115098321934425,172.12879224861706,177.78616322841918,14.246369356106232,20.840716743685583,20.840716743685583,10.860533992278585,12.264634065022017,12.264634065022017,176.5694164457644,156.53511303110062,156.53511303110062,176.5694164457644,13.74341504956058,15.285793168003742,15.285793168003742,18.25994073211264,18.25994073211264,17.14290791516257,13.91684093035793,2.2016286930743,166.6775329759797,5.618331353680552,1.4911954266279204,6.275186359359118,-1.23309326171875,19.65501861074478,0
camera2_clip_20260318_200417_649384,110,96.31531423548869,112.61555631156608,112.61555631156608,16.772002018143166,34.063101163929645,34.063101163929645,60.856938775865586,89.18904117609443,124.9935388096824,164.21694732722167,21.631801543803217,19.39697519130702,10.956578821994174,6.393087624667105,21.631801543803217,19.39697519130702,-21.561279296875,-19.292327880859375,112.61555631156608,34.063101163929645,164.21694732722167,19.39697519130702,45.63003629797141,172.2855832009614,177.89885297550157,5.613269774540157,-92.30362598955236,0.1567909523443518,8.571773964738084,5.442470093962765,8.571773964738084,182.67974853515625,306.47550201416016,5.574656088837602,172.2855832009614,177.89885297550157,4.747582043310608,10.738471359424015,10.738471359424015,3.7947088747232254,18.743855510804764,18.743855510804764,176.56916363489873,156.77100404074696,156.77100404074696,176.56916363489873,6.975144730617041,8.059790736692094,8.059790736692094,8.049888902876413,8.049888902876413,5.0051036692945265,4.128694905693371,2.1659188306987267,167.50936979902949,7.187829431209374,5.68322165736114,6.293599185126896,-3.0947113037109375,27.236647586950017,0
camera2_clip_20260318_200417_649384,111,76.40972172530348,76.07338035256784,76.40972172530348,12.546463121024559,16.64943646258798,16.64943646258798,59.789748583778376,91.51862878948724,133.95521977446128,171.84283549424623,23.378251210714694,21.36035285490677,11.743884901180573,8.026471840956159,23.378251210714694,21.36035285490677,-23.08978271484375,-21.3526611328125,76.07338035256784,16.64943646258798,171.84283549424623,21.36035285490677,31.454187981756522,172.49400779623295,178.1272434825122,5.633235686279249,-92.02163458287738,0.20842459527153778,4.151292142008016,2.8948340870473133,4.151292142008016,182.64583206176758,306.4670104980469,1.0488992857867443,172.49400779623295,178.1272434825122,8.279277374260811,5.47073461931418,8.279277374260811,4.9359287206525515,22.46395518929078,22.46395518929078,175.690389851543,157.9296427459402,157.9296427459402,175.690389851543,5.5582391341114885,4.624842469993711,5.5582391341114885,10.302415541149372,10.302415541149372,8.836418413866472,6.134037046288952,2.0598888063343583,167.72972651028678,1.136597330697297,5.112947782876344,6.105990197824897,-1.8989715576171875,20.004842116513558,0
camera2_clip_20260318_200417_649384,112,40.137050598575605,40.62911844583228,40.62911844583228,10.65590630066009,15.433387983347302,15.433387983347302,61.006589701191366,92.82256566670065,141.6803572365652,171.65258225315296,23.721849513336224,22.308600464481533,11.71246750659574,8.939017378042735,23.721849513336224,22.308600464481533,-23.27276611328125,-22.307708740234375,40.62911844583228,15.433387983347302,171.65258225315296,22.308600464481533,21.93073949403183,172.94559796068637,178.21989900425856,5.274301043572194,-91.99874526137856,0.45159016445342104,14.746683813914542,9.98228982186117,14.746683813914542,182.7381820678711,306.7725296020508,9.575145005941275,172.94559796068637,178.21989900425856,2.671537379529526,4.612247301512394,4.612247301512394,6.870950692009373,14.91763321768136,14.91763321768136,175.26181693567415,159.69717839677597,159.69717839677597,175.26181693567415,9.402126391560564,7.107790269919648,9.402126391560564,14.6157286504772,14.6157286504772,17.382494318118113,12.627640946632905,2.2108418003022057,169.15717415923794,19.24576142647256,6.778134930571724,6.499364165152299,-0.939453125,14.763893518033653,0
camera2_clip_20260318_200417_649384,113,35.00645589945444,49.346817030640715,49.346817030640715,21.905688855662007,17.012044739802427,21.905688855662007,63.37197716013136,94.91529783426478,148.62737207885232,169.37728490994502,24.308641184983216,23.70994580112161,11.884107115652231,10.354031856762687,24.308641184983216,23.70994580112161,-23.787689208984375,-23.709625244140625,49.346817030640715,17.012044739802427,169.37728490994502,23.70994580112161,24.140070140187856,173.9102184217812,178.17415705138046,4.2639386295992665,-91.63260919968471,0.9646204610948246,15.3767664504473,6.192647865120236,15.3767664504473,182.75123977661133,307.0519256591797,8.391030595049184,173.9102184217812,178.17415705138046,7.923654655278903,14.765511530769416,14.765511530769416,15.782323399624284,16.452743820315057,16.452743820315057,176.03691662387035,163.83491908046793,163.83491908046793,176.03691662387035,6.736558445161569,8.594232498246322,8.594232498246322,31.904473842834133,31.904473842834133,32.892162196536766,26.043260336828915,2.433850742474142,170.41909766338838,25.350338235119082,10.716247216395358,6.990655621706611,-1.2859039306640625,17.924620432543556,0
camera2_clip_20260318_200417_649384,114,25.19526209937089,20.92676917748301,25.19526209937089,12.135784610622878,17.31302076311338,17.31302076311338,64.61862456333397,97.21010462347091,154.64047349422395,168.08611736799722,25.004887933419553,24.289562885903706,12.204285555323905,10.806201391880993,25.004887933419553,24.289562885903706,-24.33270263671875,-24.275634765625,20.92676917748301,17.31302076311338,168.08611736799722,24.289562885903706,14.962174277410895,175.08432731918887,178.28567070307489,3.2013433838860124,-91.42610063739451,1.1741088974076774,3.651384862697332,10.550824151177874,10.550824151177874,182.65679168701172,306.7599105834961,9.207275462912996,175.08432731918887,178.28567070307489,34.95435559528402,32.8086835055163,34.95435559528402,67.91574492592699,65.69679115919324,67.91574492592699,177.23430594883553,167.8324748136972,167.8324748136972,177.23430594883553,13.68450725959849,12.970513402019161,13.68450725959849,40.093743518470546,40.093743518470546,42.781269923239726,33.974886239588464,2.7111626844245817,173.47267382795616,29.713674654552978,15.492947310468251,7.508196213919349,-0.384735107421875,26.48363679266696,0
camera2_clip_20260318_200417_649384,115,18.136470256982932,12.076712619829639,18.136470256982932,10.136388455643628,5.356757549150188,10.136388455643628,65.39920621884752,97.67326085232443,156.13870387059896,169.44402802554077,25.53764551947453,24.2066502726952,12.543921979197194,10.754545317252003,25.53764551947453,24.2066502726952,-24.8690185546875,-24.173370361328125,12.076712619829639,5.356757549150188,169.44402802554077,24.2066502726952,8.95041595758896,175.62047950508182,178.51360065553285,2.8931211504510372,-91.39784945834816,0.536152185892945,3.612722521189297,4.383444342738078,4.383444342738078,182.6486930847168,306.66690826416016,2.8006279447465894,175.62047950508182,178.51360065553285,11.136521725365203,14.712594524090685,14.712594524090685,21.118526411531064,20.211035701489543,21.118526411531064,177.83831372199407,169.7809739545639,169.7809739545639,177.83831372199407,5.077236008315376,5.939983527696231,5.939983527696231,3.6378394616771845,3.6378394616771845,3.957117402663046,3.655501775109342,2.7336256818035407,174.07857811356794,3.031865423230296,3.3809661236840145,7.5381489079264705,-0.1973419189453125,10.99153280366849,0
camera2_clip_20260318_200417_649384,116,17.22436976709512,6.093265137043656,17.22436976709512,9.009811762003814,5.952748386933676,9.009811762003814,66.43028064172259,97.91841914443735,156.9802815916085,169.14091036101274,25.938105683138133,24.562564017091876,12.864575866346222,11.119775655209704,25.938105683138133,24.562564017091876,-25.3343505859375,-24.5283203125,6.093265137043656,5.952748386933676,169.14091036101274,24.562564017091876,7.481327426577541,176.32323685880436,178.58011555803404,2.2568786992296737,-91.56153074282082,0.7027573537225464,1.554814847745682,5.052954658643297,5.052954658643297,182.6465606689453,306.53235626220703,4.037066953117647,176.32323685880436,178.58011555803404,16.983498546850814,20.89080168866271,20.89080168866271,30.56669893520737,27.228176624608604,30.56669893520737,178.28902790545314,172.08532067125867,172.08532067125867,178.28902790545314,6.0175246484269085,6.522624748961265,6.522624748961265,17.35676434829013,17.35676434829013,20.536804603391293,13.342014352749866,2.9690089441056955,175.70683116313435,17.154252868243223,4.359840222115192,8.065511731147794,-0.3469390869140625,12.758107479348576,0
camera2_clip_20260318_200417_649384,117,0.0,0.0,0.0,0.0,0.0,0.0,0.0,0.0,0.0,0.0,0.0,0.0,0.0,0.0,0.0,0.0,nan,nan,0.0,0.0,0.0,0.0,0.0,0.0,0.0,0.0,0.0,-176.32323685880436,0.0,0.0,0.0,0.0,0.0,0.0,0.0,0.0,0.0,0.0,0.0,0.0,0.0,0.0,0.0,0.0,0.0,0.0,0.0,0.0,0.0,0.0,0.0,0.0,0.0,0.0,0.0,0.0,0.0,0.0,nan,0.0,0
camera2_clip_20260318_200417_649384,118,0.0,0.0,0.0,0.0,0.0,0.0,0.0,0.0,0.0,0.0,0.0,0.0,0.0,0.0,0.0,0.0,nan,nan,0.0,0.0,0.0,0.0,0.0,0.0,0.0,0.0,0.0,0.0,0.0,0.0,0.0,0.0,0.0,0.0,0.0,0.0,0.0,0.0,0.0,0.0,0.0,0.0,0.0,0.0,0.0,0.0,0.0,0.0,0.0,0.0,0.0,0.0,0.0,0.0,0.0,0.0,0.0,0.0,nan,0.0,0
camera2_clip_20260318_200417_649384,119,0.0,0.0,0.0,0.0,0.0,0.0,0.0,0.0,0.0,0.0,0.0,0.0,0.0,0.0,0.0,0.0,nan,nan,0.0,0.0,0.0,0.0,0.0,0.0,0.0,0.0,0.0,0.0,0.0,0.0,0.0,0.0,0.0,0.0,0.0,0.0,0.0,0.0,0.0,0.0,0.0,0.0,0.0,0.0,0.0,0.0,0.0,0.0,0.0,0.0,0.0,0.0,0.0,0.0,0.0,0.0,0.0,0.0,nan,0.0,0
camera2_clip_20260318_200417_649384,120,0.0,0.0,0.0,0.0,0.0,0.0,0.0,0.0,0.0,0.0,0.0,0.0,0.0,0.0,0.0,0.0,nan,nan,0.0,0.0,0.0,0.0,0.0,0.0,0.0,0.0,0.0,0.0,0.0,0.0,0.0,0.0,0.0,0.0,0.0,0.0,0.0,0.0,0.0,0.0,0.0,0.0,0.0,0.0,0.0,0.0,0.0,0.0,0.0,0.0,0.0,0.0,0.0,0.0,0.0,0.0,0.0,0.0,nan,0.0,0
camera2_clip_20260318_200417_649384,121,0.0,0.0,0.0,0.0,0.0,0.0,64.48022463200326,93.4432690063528,172.7224734968414,147.4385866672851,22.679690616631802,23.98473532039869,7.566876545033787,11.03624365723657,22.679690616631802,23.98473532039869,-20.035736083984375,-22.83892822265625,0.0,0.0,147.4385866672851,23.98473532039869,0.0,-179.27549824189654,-177.36845459333753,1.9070436485590108,-90.22129174011683,-179.27549824189654,0.0,0.0,0.0,183.57830429077148,304.33009338378906,0.0,-179.27549824189654,-177.36845459333753,0.0,0.0,0.0,0.0,0.0,0.0,178.92221050293264,173.42546444045647,173.42546444045647,178.92221050293264,0.0,0.0,0.0,0.0,0.0,0.0,0.0,2.6360141795164655,-179.67231672775435,0.0,0.0,7.24284199965498,nan,0.0,0
camera2_clip_20260318_200417_649384,122,54.01567179547945,13.479878771697425,54.01567179547945,7.53811129192502,7.339601094560099,7.53811129192502,64.85941294771547,94.29148762173011,171.11253316437634,146.90501283434523,24.423386868743883,23.799061047756847,9.432657454014024,10.956182603389395,24.423386868743883,23.799061047756847,-21.451202392578125,-22.52264404296875,13.479878771697425,7.339601094560099,146.90501283434523,23.799061047756847,16.925135717767045,-179.46549028578144,-177.17494367333364,2.2905466124477982,-89.13154141712515,-0.18999204388489943,9.32828273277415,9.849268620166125,9.849268620166125,183.59588623046875,304.3625793457031,1.1081588751168236,-179.46549028578144,-177.17494367333364,25.96419159093665,16.63641841198154,25.96419159093665,64.11310237410882,59.79106207662053,64.11310237410882,179.56991131904599,169.2697606072945,169.2697606072945,179.56991131904599,12.15726980970328,7.706125441144091,12.15726980970328,6.077128394598186,6.077128394598186,6.357750966524194,4.82321417200464,2.5180894731996646,179.49100768299243,5.525981245250253,9.582896036903241,6.963396233061698,-0.39727783203125,23.99324866759143,0
camera2_clip_20260318_200417_649384,123,21.490991596574794,13.605836302698902,21.490991596574794,6.497019459513801,8.398159434184233,8.398159434184233,64.94636578281875,95.1425309055041,169.6534564647395,147.04838540440267,25.006559445468437,23.55144218903384,10.112860624696607,10.830936111979227,25.006559445468437,23.55144218903384,-21.82476806640625,-22.182861328125,13.605836302698902,8.398159434184233,147.04838540440267,23.55144218903384,10.796494000591382,-179.58146209389596,-177.1895463234454,2.3919157704505665,-88.35127566077573,-0.1159718081145229,6.120562208986726,8.666395001589835,8.666395001589835,183.61130142211914,304.3629913330078,0.46262088197761553,-179.58146209389596,-177.1895463234454,10.220362087160662,6.6314073165576,10.220362087160662,23.187897541518694,35.60537645095992,35.60537645095992,179.80710364942996,167.03385675244624,167.03385675244624,179.80710364942996,8.768909475845224,4.75036940659699,8.768909475845224,4.185433084598381,4.185433084598381,5.945337804036799,2.3740111263996306,2.404956118707899,178.56828539896853,4.610463535150622,4.494302189694333,6.718772356764059,0.109375,12.828607190182282,0
camera2_clip_20260318_200417_649384,124,106.51223593144655,21.448531007014047,106.51223593144655,12.62155283488785,14.82410230138524,14.82410230138524,64.81121019641733,96.92542402306064,169.690006368872,147.75112957266612,28.553033399960118,23.179043789651026,13.728729390098584,10.688010325671156,28.553033399960118,23.179043789651026,-24.69635009765625,-21.614898681640625,21.448531007014047,14.82410230138524,147.75112957266612,23.179043789651026,30.510347055247887,179.97652970382634,-177.50539544681925,357.48192515064557,-87.1505519845226,359.5579917977223,11.085574339584914,16.570085917168726,16.570085917168726,183.71329879760742,304.3327407836914,3.1916616842011294,179.97652970382634,-177.50539544681925,23.07348302672787,15.691129990322384,23.07348302672787,52.77822810537397,77.53220547545143,77.53220547545143,179.96771810476173,163.4439846987849,163.4439846987849,179.96771810476173,13.066925497707217,5.190405832129965,13.066925497707217,3.1420733044595845,3.1420733044595845,4.8752683175390255,3.244898238101145,2.458196531226618,177.89833262963305,11.497085578083366,8.043149124890853,6.825761469249327,-0.9548797607421875,30.866205021600013,0
camera2_clip_20260318_200417_649384,125,36.24017109765162,22.404438805186697,36.24017109765162,12.895472384587956,13.7364195345079,13.7364195345079,65.00474679654468,98.61666472415767,166.23115342782472,148.19173502258465,28.457527352716845,22.868162808188345,13.94939793994844,10.468576061970909,28.457527352716845,22.868162808188345,-24.213287353515625,-21.115325927734375,22.404438805186697,13.7364195345079,148.19173502258465,22.868162808188345,19.454553634807926,-179.71938619411017,-177.13562361232817,2.583762581781997,-85.5459046196131,-359.6959158979365,12.98660131664963,18.46421867026375,18.46421867026375,183.78219985961914,304.4221420288086,3.386140144377007,-179.71938619411017,-177.13562361232817,23.7162077093381,26.978575839320193,26.978575839320193,40.04357693767528,61.01060749774092,61.01060749774092,179.2795959106633,157.97076444605307,157.97076444605307,179.2795959106633,18.49908248760745,12.49834130875247,18.49908248760745,7.443231505219287,7.443231505219287,7.99137801604393,3.3821282707938303,2.308095810936368,177.10260118880583,4.380909431029538,11.249175758640298,6.538627661397661,0.685028076171875,24.956142799106832,0
camera2_clip_20260318_200417_649384,126,32.066323378757666,21.835589545250777,32.066323378757666,15.702688027376391,16.000516746346904,16.000516746346904,64.77733359848678,99.29079832855514,164.21662815169012,147.9429011668795,28.34023466710244,22.459537062420022,14.009470652185284,10.28735117758703,28.34023466710244,22.459537062420022,-23.781585693359375,-20.618408203125,21.835589545250777,16.000516746346904,147.9429011668795,22.459537062420022,19.207531257801687,-179.46546895943916,-176.97533512670677,2.490133832732397,-84.39721178334864,0.25391723467100746,14.515257310265318,15.124812538813057,15.124812538813057,183.97719955444336,304.2804412841797,7.231430274083576,-179.46546895943916,-176.97533512670677,6.362270448816528,13.87155695784083,13.87155695784083,8.434201628990353,23.855294819049895,23.855294819049895,179.9586037010082,154.32436038787603,154.32436038787603,179.9586037010082,6.229894157150822,5.927791416468796,6.229894157150822,11.29337728682417,11.29337728682417,11.179575471196786,10.895011309465595,2.3164895562957346,176.97554882110683,11.642370746145017,11.614843085956048,6.5336347763269185,0.5698394775390625,14.993849747927278,0
camera2_clip_20260318_200417_649384,127,26.002285318613712,21.900068490191956,26.002285318613712,19.318066450064144,14.60981835062955,19.318066450064144,63.4534865382407,99.8056497542176,164.19286882941472,149.19653474198606,28.013710448582874,22.074891866223897,13.644731751837176,10.064314175978575,28.013710448582874,22.074891866223897,-23.177581787109375,-20.27349853515625,21.900068490191956,14.60981835062955,149.19653474198606,22.074891866223897,17.393063235701874,-179.08745741243672,-177.0422144908372,2.0452429215995096,-83.86588822634677,0.3780115470024441,9.513079821983895,13.015060982727995,13.015060982727995,184.22264099121094,304.1829071044922,7.923318344031239,-179.08745741243672,-177.0422144908372,14.061259483219457,3.4935813572707435,14.061259483219457,25.54154068590261,14.301896620441811,25.54154068590261,179.23403959940117,152.6455084668493,152.6455084668493,179.23403959940117,5.5286021198683395,7.193887299747095,7.193887299747095,7.846156347942944,7.846156347942944,8.492361083237258,7.744253363396018,2.3407874590943862,177.29566453292045,10.417334679825434,8.935407340414242,6.583617900379936,0.502471923828125,14.539928915055112,0
camera2_clip_20260318_200417_649384,128,24.349271227924362,20.391630875507158,24.349271227924362,16.87722797388522,14.445342143980229,16.87722797388522,62.358048051800615,99.5153541278959,164.66152839321964,150.1542189011777,28.176876229912203,21.946125968717208,13.866270319634662,9.995130794669162,28.176876229912203,21.946125968717208,-23.046783447265625,-20.258575439453125,20.391630875507158,14.445342143980229,150.1542189011777,21.946125968717208,16.29534726583453,-178.7438967183526,-176.8228296004334,1.9210671179191934,-83.43083835345304,0.34356069408411827,10.173158623418102,11.535452750292091,11.535452750292091,184.47453689575195,304.18225860595703,7.556902179292643,-178.7438967183526,-176.8228296004334,3.0108102228716294,2.6975342026742175,3.0108102228716294,2.826164252185889,14.669936844289023,14.669936844289023,178.43638903551633,150.90854071508508,150.90854071508508,178.43638903551633,3.2363919119168987,5.639174026500606,5.639174026500606,12.14331079060945,12.14331079060945,14.00120064603386,11.808717639033764,2.4202616901740917,178.15453267721736,14.886980259320577,10.626828457292657,6.731719805722676,0.047119140625,10.821007921287118,0
camera2_clip_20260318_200417_649384,129,14.179614710719493,31.99159223400962,31.99159223400962,24.783172967708886,17.208307194707366,24.783172967708886,60.792885960527215,99.03187592887052,166.67745510291562,153.40927748835682,28.034988911299926,21.887081217449413,13.490800186558033,9.981130855437556,28.034988911299926,21.887081217449413,-22.80279541015625,-20.459228515625,31.99159223400962,17.208307194707366,153.40927748835682,21.887081217449413,18.82827703231659,-177.62552433818368,-176.04621171011829,1.579312628065395,-83.30549025344851,1.1183723801689212,13.036132733056908,11.770842353697256,13.036132733056908,184.8316307067871,304.21705627441406,10.763558001362357,-177.62552433818368,-176.04621171011829,2.58432130011849,6.746071370713908,6.746071370713908,4.0036287095245555,6.8178277067238096,6.8178277067238096,177.1001860595523,150.67462060071847,150.67462060071847,177.1001860595523,9.524996810229913,10.697734081610882,10.697734081610882,16.41421971717884,16.41421971717884,15.104815922425539,17.554609310866667,2.343844664767931,178.86375432918106,10.751861106078614,17.781356214033664,6.5009562689894365,-0.0702972412109375,12.77868684773509,0
camera2_clip_20260318_200417_649384,130,10.821559383147664,44.36355027132927,44.36355027132927,14.013682418580027,24.917221757884143,24.917221757884143,59.95125862419242,96.96597551655641,168.0359867592044,155.4686115185069,27.998064322028764,21.871696238012746,13.473935090939595,9.983500212912102,27.998064322028764,21.871696238012746,-22.715606689453125,-20.8140869140625,44.36355027132927,24.917221757884143,155.4686115185069,21.871696238012746,19.12265331288403,-177.36225085716364,-175.69744939103472,1.664801466128921,-83.4676364659568,0.2632734810200361,9.453408979847834,11.166497066515223,11.166497066515223,185.2050552368164,304.31124114990234,11.553571021918282,-177.36225085716364,-175.69744939103472,15.116034230886859,24.27444807141849,24.27444807141849,20.13477733486648,22.208737857270847,22.208737857270847,175.6216943816231,151.58600795543384,151.58600795543384,175.6216943816231,12.263782630125025,13.601099000393626,13.601099000393626,15.095966242672382,15.095966242672382,14.159409783682271,16.066702224375856,2.282540346758719,179.2875598695549,9.504664530178399,15.088587837405916,6.32097301417943,-0.192657470703125,18.527899916855457,0
camera2_clip_20260318_200417_649384,131,5.055396027134791,51.06808365540128,51.06808365540128,8.075254733030437,26.36108944630726,26.36108944630726,59.260368280864,94.67817779565894,169.4089816343459,158.24348068698632,27.902062460724512,21.830192838703645,13.47045498500915,10.029972743269159,27.902062460724512,21.830192838703645,-22.6217041015625,-21.13641357421875,51.06808365540128,26.36108944630726,158.24348068698632,21.830192838703645,18.396312806154526,-177.29555834236615,-175.86571039481285,1.4298479475532986,-83.7177550942495,0.06669251479749505,7.589393065623961,12.228659909429417,12.228659909429417,185.54343032836914,304.48160552978516,11.365278354028948,-177.29555834236615,-175.86571039481285,13.455055573469874,35.32718132013558,35.32718132013558,18.39211784203383,25.120965916683982,25.120965916683982,174.06766329358985,154.0885940401439,154.0885940401439,174.06766329358985,11.42932844119493,14.658705031197169,14.658705031197169,15.733935453820495,15.733935453820495,17.215687916337632,17.255873971554035,2.275364635179937,-179.56504703453263,15.13183527278991,15.684608715969436,6.283528360082222,-0.2884979248046875,19.06343591347021,0
camera2_clip_20260318_200417_649384,132,10.023194028375595,47.5845109331261,47.5845109331261,1.4962039052883003,30.549242109420085,30.549242109420085,59.39527992562145,92.37757254158373,169.83487104644777,159.25764681196702,28.0544079511468,21.949721396822568,13.81614270661971,10.111580602529287,28.0544079511468,21.949721396822568,-22.81365966796875,-21.4884033203125,47.5845109331261,30.549242109420085,159.25764681196702,21.949721396822568,18.58108862954312,-177.66531913457848,-175.89911985566238,1.7661992789161047,-83.8828796959562,-0.3697607922123325,5.567487781008852,16.265893020039794,16.265893020039794,185.9053726196289,304.6834030151367,12.431894568686012,-177.66531913457848,-175.89911985566238,21.859767685335886,41.91572298168669,41.91572298168669,28.164619568925133,33.77385222963285,33.77385222963285,173.14301725436488,156.62535271923628,156.62535271923628,173.14301725436488,11.00750728991023,17.236977610900418,17.236977610900418,16.823170691640676,16.823170691640676,17.08188565113869,18.22332009757597,2.2358482871049254,-179.1131283685043,12.650174174305619,17.300900635336454,6.124855491167525,-0.4311370849609375,22.12041492863749,0
camera2_clip_20260318_200417_649384,133,14.573558830518122,41.729326297206825,41.729326297206825,9.225700550784738,29.136571631413045,29.136571631413045,59.61326244108495,90.64442087504693,170.46210211312595,159.87704234960862,28.206632864520408,21.89129738325251,13.953680217908548,10.023666622885457,28.206632864520408,21.89129738325251,-23.080474853515625,-21.57781982421875,41.729326297206825,29.136571631413045,159.87704234960862,21.89129738325251,20.497828732011474,-177.99109389414613,-176.00799803328206,1.9830958608640685,-84.12615277284539,-0.32577475956765056,9.636065045790811,18.6857500363553,18.6857500363553,186.3707733154297,304.92137908935547,15.681434169015837,-177.99109389414613,-176.00799803328206,19.50434283293728,46.009548949660825,46.009548949660825,22.591482820308382,42.482600417585594,42.482600417585594,172.00520858135854,158.8240333387362,158.8240333387362,172.00520858135854,13.85439134681272,20.84292265772884,20.84292265772884,17.256245268763557,17.256245268763557,18.156679196817485,18.19566834121468,2.2333774576089946,-178.82790541140784,15.646415821963814,17.275933615791224,6.068724682138471,-0.4182586669921875,24.022688451425207,0
camera2_clip_20260318_200417_649384,134,18.866545008373166,32.04601962060668,32.04601962060668,4.728248323628167,29.039835657057843,29.039835657057843,60.54342673919498,88.39091582191588,170.1902407153495,158.13651420326195,28.524905332872937,21.62952036595161,14.398337538855557,9.761568048557711,28.524905332872937,21.62952036595161,-23.5390625,-21.41552734375,32.04601962060668,29.039835657057843,158.13651420326195,21.62952036595161,18.37687783455007,-178.991924734415,-176.7520372688786,2.239887465536384,-84.35380179053264,-1.0008308402688613,9.532263229990546,16.048355167644022,16.048355167644022,186.7743263244629,305.09069061279297,13.128948197080819,-178.991924734415,-176.7520372688786,15.326117456280478,51.546433489043096,51.546433489043096,21.65645471853869,47.66487831524413,47.66487831524413,172.60587013875246,161.99512759562663,161.99512759562663,172.60587013875246,12.266290017948746,16.437446342955653,16.437446342955653,17.888771996700537,17.888771996700537,17.802826250925246,17.39723566494556,2.253309432057847,-178.96943982560225,14.365632439368277,13.9246736396323,6.107687697715378,-0.40167236328125,22.929907278942604,0
camera2_clip_20260318_200417_649384,135,21.877579433170496,16.585370254570083,21.877579433170496,15.917190968637716,20.90998186574631,20.90998186574631,61.10632097254713,87.5299347581632,171.28084831573184,156.47530172291658,28.70730371025717,21.425742745603948,14.456836659737014,9.59746956502992,28.70730371025717,21.425742745603948,-24.001495361328125,-21.22601318359375,16.585370254570083,20.90998186574631,156.47530172291658,21.425742745603948,17.60877788439861,-179.35122927231757,-177.26071590198174,2.0905133703358274,-84.72743397059537,-0.3593045379025739,14.204839895898985,16.157704888368094,16.157704888368094,187.27614212036133,305.3357620239258,16.753840771925383,-179.35122927231757,-177.26071590198174,6.02673871193734,40.78872655291066,40.78872655291066,6.05024672710612,33.02890457653241,33.02890457653241,172.3690493959414,164.27338375635355,164.27338375635355,172.3690493959414,17.363759245182507,20.36325792731686,20.36325792731686,20.948850536742565,20.948850536742565,22.550765097249055,18.61159980082538,2.403270634312513,-178.6342367607034,22.81024066999774,13.362826384631074,6.462547479912136,-0.441497802734375,19.106191753948128,0
camera2_clip_20260318_200417_649384,136,22.357714184972703,8.79405089912803,22.357714184972703,23.38238430772246,22.73938125739032,23.38238430772246,62.0570014537414,87.13131497637781,172.1437938296746,153.3885416768148,28.86851230552805,21.38948697486626,14.335367321941225,9.467673729661213,28.86851230552805,21.38948697486626,-24.525848388671875,-21.15081787109375,8.79405089912803,22.73938125739032,153.3885416768148,21.38948697486626,18.939350354253722,-179.65625177437698,-177.64081544940163,2.0154363249753544,-85.44782791705522,-0.3050225020594155,19.74626399392732,16.616307482381494,19.74626399392732,188.00345993041992,305.6058807373047,23.275733812950214,-179.65625177437698,-177.64081544940163,13.134101315542672,41.1592810904675,41.1592810904675,6.287055324631408,33.14301536384774,33.14301536384774,172.6820975844119,165.9172122369546,165.9172122369546,172.6820975844119,28.088863989061903,28.963913528417272,28.963913528417272,15.01451582501162,15.01451582501162,15.626730408813925,13.733403654768203,2.4850854280092354,-178.87204194483863,17.867238199477327,11.982409318670209,6.690490385111371,-0.4709930419921875,22.034361061457563,0
camera2_clip_20260318_200417_649384,137,20.72708762759013,4.092927835620045,20.72708762759013,23.50737948746239,16.797676255831774,23.50737948746239,62.808676994067,86.64202061007421,173.92205442895926,150.33948885452276,28.96949620455082,21.36870214333114,14.161572556402131,9.493138994890764,28.96949620455082,21.36870214333114,-25.0482177734375,-21.085296630859375,4.092927835620045,16.797676255831774,150.33948885452276,21.36870214333114,16.478482129995175,-179.35331828049283,-177.54103421315668,1.8122840673361509,-85.90527261251069,0.30293349388415436,20.960018464115112,12.785803109351605,20.960018464115112,188.66122436523438,305.7665710449219,20.313244054113934,-179.35331828049283,-177.54103421315668,16.678540709786233,23.801546800978134,23.801546800978134,5.842766827607149,20.801290687179026,20.801290687179026,173.3555305812597,166.35352838541505,166.35352838541505,173.3555305812597,25.107623017962048,22.40005889131064,25.107623017962048,12.031800344384576,12.031800344384576,12.096919549918434,11.6293024725441,2.512116604846714,-179.12783079849055,14.568914689648375,11.15759525482887,6.819092503466677,-0.3625335693359375,17.79189330956619,0
camera2_clip_20260318_200417_649384,138,16.344517642386982,3.9891376500609725,16.344517642386982,16.218844502630567,16.272087976028452,16.272087976028452,63.93639882516912,86.0910707721681,175.48365956772102,147.4371072324505,29.08493810393486,21.431116015161486,14.07306268859094,9.627939015456132,29.08493810393486,21.431116015161486,-25.621337890625,-21.100067138671875,3.9891376500609725,16.272087976028452,147.4371072324505,21.431116015161486,14.178894100541072,-179.39146943312033,-177.78975054180756,1.6017188913127711,-86.2351429472286,-0.038151152627506235,19.76089287312306,12.487883959016408,19.76089287312306,189.27871704101562,305.7286605834961,18.559659667033316,-179.39146943312033,-177.78975054180756,25.184134652764534,18.889140526227745,25.184134652764534,10.276305216336215,13.486813106455667,13.486813106455667,174.4366353104455,167.53087415444983,167.53087415444983,174.4366353104455,22.989469901482703,19.01428112205987,22.989469901482703,10.947817990330831,10.947817990330831,9.684765800250588,11.156405583567008,2.478485299812436,-179.9774245539674,10.587562321089063,11.600787442139403,6.80964973588845,-0.2524566650390625,16.2427924273811,0
camera2_clip_20260318_200417_649384,139,14.25600858603212,0.5854432286265474,14.25600858603212,14.042533058157696,13.35253933553138,14.042533058157696,64.7436422776153,86.75308227453216,178.0474419377004,145.68866073875282,29.326085991754322,21.725628691068277,14.11385931079831,9.84375292929585,29.326085991754322,21.725628691068277,-26.313995361328125,-21.28564453125,0.5854432286265474,13.35253933553138,145.68866073875282,21.725628691068277,13.299355144494598,-179.8483453335152,-178.22092989153958,1.6274154419756144,-86.63985535100367,-0.4568759003948628,19.362775318973178,18.19683133964666,19.362775318973178,189.95331954956055,305.6006622314453,20.599148292988605,-179.8483453335152,-178.22092989153958,26.304815211908714,14.88449657854254,26.304815211908714,23.67485992454464,5.176732544926375,23.67485992454464,174.59603841595148,168.20704638829224,168.20704638829224,174.59603841595148,23.42221817462795,22.773323852675077,23.42221817462795,23.325863463886186,23.325863463886186,20.11053994445788,21.85181886242064,2.411005490768436,179.11953868812265,15.167999074166582,20.30877180456172,6.614338811468966,-0.208984375,16.336048096182743,0
camera2_clip_20260318_200417_649384,140,7.729030680900756,12.864430983039611,12.864430983039611,15.066930739615199,19.47579565156714,19.47579565156714,65.25405196259594,86.70783925299256,179.41544581764725,142.55286476511043,29.440983485762576,21.71648301252876,13.983893464398266,9.874819737887806,29.440983485762576,21.71648301252876,-26.796905517578125,-21.180328369140625,12.864430983039611,19.47579565156714,142.55286476511043,21.71648301252876,15.808223145138532,179.69270710194914,-178.87954610374183,358.57225320569097,-87.43658847503931,359.54105243546434,19.30378412292752,20.409366692780964,20.409366692780964,190.71878051757812,305.19383239746094,26.005709116275714,179.69270710194914,-178.87954610374183,55.78329244035481,11.98667620936191,55.78329244035481,47.900023137441536,32.01871678502164,47.900023137441536,176.55941251527997,168.99670177713136,168.99670177713136,176.55941251527997,33.9889824391244,30.65500641422735,33.9889824391244,17.157410165427617,17.157410165427617,12.429719283508675,16.262347171089708,2.2291107806523445,178.22617412447406,8.645787354451409,18.324766319842947,6.166180784030243,0.150848388671875,25.598503024696907,0
camera2_clip_20260318_200417_649384,141,14.035775659611831,15.407262020864557,15.407262020864557,16.953449840141815,19.302349639401196,19.302349639401196,65.50087167633514,86.75854461341166,175.617607831148,139.8001385322913,29.472932894425398,21.64047139841978,13.901871954642607,9.885656326291883,29.472932894425398,21.64047139841978,-27.24249267578125,-21.006103515625,15.407262020864557,19.302349639401196,139.8001385322913,21.64047139841978,17.686573792013608,178.9480132678098,-179.31075369133333,358.25876695914314,-88.14346380340108,-0.7446938341393263,19.871767882188916,20.54883770987334,20.54883770987334,191.44397735595703,304.8009338378906,24.743721612895445,178.9480132678098,-179.31075369133333,48.65851610066448,9.187763927400804,48.65851610066448,51.46888092029576,22.867415962749426,51.46888092029576,177.46263021830657,168.3105133347452,168.3105133347452,177.46263021830657,30.95481654798042,28.471416656742626,30.95481654798042,13.1669809973653,13.1669809973653,9.916033434339997,11.77154609154643,2.1272854016176552,176.6461610883609,9.767848200459571,13.016898817329675,5.9050327016849256,0.2393646240234375,24.81068773899293,0
camera2_clip_20260318_200417_649384,142,19.82538238877955,17.767901734873714,19.82538238877955,16.54685815804897,17.143494978854797,17.143494978854797,66.21921954335548,86.80156443540669,171.3939431323745,138.18787298146748,29.53102643031892,21.4589505741108,13.927834506773888,9.651820901407518,29.53102643031892,21.4589505741108,-27.796722412109375,-20.798583984375,17.767901734873714,17.143494978854797,138.18787298146748,21.4589505741108,18.59617780444147,177.60941994501397,179.82867766475744,2.2192577197434673,-88.92784789474692,-1.3385933227958446,22.728273068112518,17.565156497979288,22.728273068112518,192.23814392089844,304.5486068725586,24.99864970901537,177.60941994501397,179.82867766475744,28.04866116316466,21.079708929636308,28.04866116316466,42.44709787110514,11.967768193457399,42.44709787110514,175.77642234837862,168.4434340410956,168.4434340410956,175.77642234837862,32.67847060956282,28.252502052691803,32.67847060956282,16.741351257267542,16.741351257267542,17.65605258884037,16.761118281025077,2.1528029320360162,176.07395327352774,19.328254148522852,15.690792804988636,6.002557557603685,0.100067138671875,23.00427297052225,0
camera2_clip_20260318_200417_649384,143,18.123293893464496,26.88114919459813,26.88114919459813,20.6278498991003,18.06100241867898,20.6278498991003,66.28663082727333,87.04794874225013,166.30163934006342,138.1893418727982,29.727561540744105,21.166333964012185,14.064965649984343,9.267163172731276,29.727561540744105,21.166333964012185,-28.3857421875,-20.535919189453125,26.88114919459813,18.06100241867898,138.1893418727982,21.166333964012185,20.679838180231403,176.9029826615753,179.32143871242033,2.4184560508450375,-89.5151618915998,-0.7064372834386745,20.448509814754004,19.937223860792514,20.448509814754004,193.02086639404297,304.3206024169922,24.457646075435434,176.9029826615753,179.32143871242033,32.33439875262022,21.677354886890114,32.33439875262022,48.556151757369236,11.636266001237757,48.556151757369236,174.3756451179324,169.82933544856118,169.82933544856118,174.3756451179324,30.61005356863103,27.148258910174913,30.61005356863103,28.717396791708893,28.717396791708893,29.188581871961535,29.16311072173268,2.1584895942834175,176.4674758331174,24.441592657581122,24.809328240210462,5.994455749445046,0.0395660400390625,24.670126079859305,0
camera2_clip_20260318_200417_649384,144,15.136736362970012,32.51505657610997,32.51505657610997,25.015348216259156,20.108479831059896,25.015348216259156,66.0187812067376,86.59656633831351,161.30901436182995,138.31253764576616,29.22597187175441,20.72178506528331,13.792361596567874,8.789710131533628,29.22597187175441,20.72178506528331,-28.19244384765625,-20.192108154296875,32.51505657610997,20.108479831059896,138.31253764576616,20.72178506528331,22.151468174412845,176.141503074199,178.57686535452294,2.435362280323943,-90.07445414824133,-0.7614795873763001,23.104330712105686,17.028857347972355,23.104330712105686,193.82032012939453,304.21581268310547,24.188766958364244,176.141503074199,178.57686535452294,25.038518662151986,24.64718647586049,25.038518662151986,40.79245531818058,14.32147273710961,40.79245531818058,171.6883494529599,170.43215424386992,170.43215424386992,171.6883494529599,31.298114242163766,25.752605407187428,31.298114242163766,17.491064387424164,17.491064387424164,20.2064924041292,17.77017110963234,2.249928307094736,177.14279517246018,24.20762637623951,15.516526050475116,6.297667210981473,0.3255615234375,24.563263490760914,0
camera2_clip_20260318_200417_649384,145,16.892042128954113,36.25040250028833,36.25040250028833,24.3407727148266,22.705472998107933,24.3407727148266,65.69417048920859,86.5505570853631,155.62315033053045,141.0079249227447,28.821717785037425,20.602565028224245,13.824229370106977,8.574615023640527,28.821717785037425,20.602565028224245,-28.095672607421875,-20.17218017578125,36.25040250028833,22.705472998107933,141.0079249227447,20.602565028224245,24.169739594029863,175.8483443233305,178.93711056784176,3.0887662445112483,-89.70354719467224,-0.29315875086848564,22.574941846848972,22.254805375153236,22.574941846848972,194.47203063964844,304.26607513427734,19.609375636564536,175.8483443233305,178.93711056784176,13.382203179683122,24.968710334699924,24.968710334699924,40.997160013818615,37.663869304901816,40.997160013818615,168.16153613302058,170.0298803109915,170.0298803109915,168.16153613302058,17.423344142433177,17.602968452099876,17.602968452099876,23.189552647243662,23.189552647243662,25.874865925482982,24.16172953830069,2.310544230275402,177.31024236018303,28.429756997211026,23.082596414867417,6.4786928568522155,0.121612548828125,24.754724415984644,0
camera2_clip_20260318_200417_649384,146,15.169225861604824,39.94718755471161,39.94718755471161,25.455262176251765,26.289362335337383,26.289362335337383,64.9540036889512,86.39233713390574,150.54618025068032,142.96702152236287,28.239685374241912,20.42163856777824,13.700220074538796,8.216262738093706,28.239685374241912,20.42163856777824,-27.69757080078125,-20.08514404296875,39.94718755471161,26.289362335337383,142.96702152236287,20.42163856777824,25.424773012738374,175.36145547032856,178.7056005960734,3.3441451257448307,-89.10468408180994,-0.4868888530019433,20.628878886720805,25.058721261803875,25.058721261803875,195.0811882019043,304.3839645385742,18.61380569816597,175.36145547032856,178.7056005960734,3.821243251371906,19.642766236903416,19.642766236903416,51.516592087619244,25.115198601044522,51.516592087619244,163.44162766666201,170.00253690417557,170.00253690417557,163.44162766666201,14.344758872766366,16.585879972321507,16.585879972321507,32.60147370789816,32.60147370789816,35.15341704696487,33.390638306643645,2.3816153638055946,178.49916955203003,33.91231652927177,28.832204402160222,6.657108228557738,0.24249267578125,23.631256424871435,0
camera2_clip_20260318_200417_649384,147,23.389292611185304,38.00223356779824,38.00223356779824,24.49414806070801,22.19005402536319,24.49414806070801,64.21642812114322,86.99478885612706,146.2459413693843,147.71645417295855,27.30092654276623,20.656805113614535,13.159843858587854,8.259700926491004,27.30092654276623,20.656805113614535,-26.8653564453125,-20.383758544921875,38.00223356779824,22.19005402536319,147.71645417295855,20.656805113614535,25.829697779555286,175.4313698891694,178.18585583779924,2.754485948629849,-88.24407002620272,0.06991441884082406,20.45655124553509,26.445907166741875,26.445907166741875,195.64337539672852,304.5053405761719,17.25421473363852,175.4313698891694,178.18585583779924,23.97515464520028,11.535419607240325,23.97515464520028,71.82754951079092,10.969330159839831,71.82754951079092,160.48522977020804,170.03078299354166,170.03078299354166,160.48522977020804,11.305110705693407,12.780072628124646,12.780072628124646,39.18605979156319,39.18605979156319,40.93061267381833,35.682230512882384,2.56864578554746,179.73724117874573,35.93081413796329,24.67815781672717,7.035002304328349,0.2295379638671875,24.78090199451843,0
camera2_clip_20260318_200417_649384,148,32.98236968428887,42.69465408882007,42.69465408882007,30.502874190916774,24.30977672234813,30.502874190916774,63.11439610769799,87.97260507884229,141.13934138699415,153.3594937047419,26.120167278605344,21.212794248488265,12.60072417443186,8.603952627863755,26.120167278605344,21.212794248488265,-25.779266357421875,-20.982452392578125,42.69465408882007,24.30977672234813,153.3594937047419,21.212794248488265,30.95010770401664,175.0931718132695,177.55884803071316,2.465676217443672,-87.54724531482803,-0.33819807589989637,24.101395061566667,31.109576476159347,31.109576476159347,196.38170623779297,304.65423583984375,22.595840488235307,175.0931718132695,177.55884803071316,24.235280965135104,12.136424712869513,24.235280965135104,82.8493352539894,9.288267712453266,82.8493352539894,156.1576127896978,167.91709357073816,167.91709357073816,156.1576127896978,17.57412426839526,19.695228375323683,19.695228375323683,31.01127033365022,31.01127033365022,30.898492806429743,29.473906474158913,2.6153581552933898,179.93448093413292,29.61503413921136,25.528919203551652,7.174538153699331,0.218994140625,29.28994229268884,0
camera2_clip_20260318_200417_649384,149,18.150080028997387,41.59721558570789,41.59721558570789,27.579557974938968,26.99974983876786,27.579557974938968,62.74168954253566,89.16448179606265,136.03129371245257,157.85384585887047,25.44480834948163,21.91899914524052,12.390144428795733,9.030889174321738,25.44480834948163,21.91899914524052,-25.2271728515625,-21.700347900390625,41.59721558570789,26.99974983876786,157.85384585887047,21.91899914524052,29.11348742947963,174.7828035857671,177.1943420826452,2.41153849687808,-86.68943211779705,-0.31036822750238,25.40452133237044,34.94979981609525,34.94979981609525,197.16144943237305,304.7377700805664,23.52614879193683,174.7828035857671,177.1943420826452,41.79783293175585,11.673259857258888,41.79783293175585,98.32525668220691,7.753611506185835,98.32525668220691,153.45488725626768,166.2226832340062,166.2226832340062,153.45488725626768,17.26935795967451,18.10580711604105,18.10580711604105,26.917134044044225,26.917134044044225,25.467171744891253,26.723227459070465,2.5739001079068746,179.79144512602645,25.08351093656106,26.90091507698948,7.1168068097391375,-0.050445556640625,30.800504219166736,0
camera2_clip_20260318_200417_649384,150,20.603417188764734,28.681411113931247,28.681411113931247,29.08531995628006,29.076398090318683,29.08531995628006,62.59293886968268,90.04327691895023,129.45639381109297,158.75215540116585,24.685452241115,22.260508641459992,12.172469699241336,9.24166775807566,24.685452241115,22.260508641459992,-24.5904541015625,-22.00457763671875,28.681411113931247,29.076398090318683,158.75215540116585,22.260508641459992,28.230913393741776,174.31421447222579,176.03147714362126,1.7172626713954742,-85.84186412262558,-0.46858911354132715,27.177067677626667,34.761866335529284,34.761866335529284,197.96840286254883,304.8568572998047,24.470799820041222,174.31421447222579,176.03147714362126,40.85220498746851,16.932682683964224,40.85220498746851,103.81819414368393,12.314769565349394,103.81819414368393,150.01909957338054,165.2822939436718,165.2822939436718,150.01909957338054,17.938576930249845,19.367117023787003,19.367117023787003,34.77502624940269,34.77502624940269,35.33048276746232,32.86710431884312,2.652219795294504,-179.57081134316155,34.16226607885368,27.80039872949787,7.328070142488283,0.1314849853515625,31.71741880807947,0
camera2_clip_20260318_200417_649384,151,15.45499658930673,22.562906780304996,22.562906780304996,29.148787304621052,25.962304187607113,29.148787304621052,62.84216574413188,91.02391958677889,123.31821823460976,159.24483443361544,24.19587508957643,22.556587436397834,12.25094367304523,9.512024541635336,24.19587508957643,22.556587436397834,-24.17919921875,-22.239501953125,22.562906780304996,25.962304187607113,159.24483443361544,22.556587436397834,25.87292551593806,173.84900476155946,175.6933328643583,1.8443281027988405,-84.96093274293162,-0.4652097106663291,29.312038163322537,32.796520070465924,32.796520070465924,198.77739334106445,304.84383392333984,24.27285896628447,173.84900476155946,175.6933328643583,39.13721861764224,14.538531245689397,39.13721861764224,81.05886913121182,4.926963117573173,81.05886913121182,148.1613011451061,165.3320171019096,165.3320171019096,148.1613011451061,18.824727834711265,16.382082739731864,18.824727834711265,29.255376243336183,29.255376243336183,28.5187007114071,28.68513995182481,2.648785820177203,-179.82308635163113,28.376186436847412,27.502509994522903,7.362782437421157,0.0615386962890625,27.508828815182344,0
camera2_clip_20260318_200417_649384,152,11.774890816801735,33.08992520169089,33.08992520169089,33.25333577697042,37.613983251789406,37.613983251789406,63.277560985051984,91.49681954442735,117.36970113776353,157.69443502348605,23.7806832758534,22.255040724178947,12.410285132142725,9.201474207868925,23.7806832758534,22.255040724178947,-23.77783203125,-21.880584716796875,33.08992520169089,37.613983251789406,157.69443502348605,22.255040724178947,31.625352782395407,173.59916945866172,175.4387528319487,1.8395833732869846,-84.19073497768086,-0.24983530289773626,33.17071894207059,40.84926270504939,40.84926270504939,199.8166847229004,304.8339080810547,31.18016338689023,173.59916945866172,175.4387528319487,46.940790209103056,15.552127831487182,46.940790209103056,85.32740488423133,3.983112399868487,85.32740488423133,146.99721694825078,165.80573770192916,165.80573770192916,146.99721694825078,25.6496001508619,25.329474694783094,25.6496001508619,28.213442889123336,28.213442889123336,25.841471907027866,32.50864261936102,2.4311684033119523,179.06857787117005,28.345600824402123,41.275480890482214,6.946716486969347,0.325042724609375,32.71121890539229,0
camera2_clip_20260318_200417_649384,153,10.259960073456254,31.34970039761813,31.34970039761813,36.20220842979297,32.70381794106579,36.20220842979297,63.48182475117672,91.69166882458643,111.19825664258703,154.51305787843884,23.446407133157496,21.625675144752122,12.715408708909493,8.751977003338336,23.446407133157496,21.625675144752122,-23.39337158203125,-21.174774169921875,31.34970039761813,32.70381794106579,154.51305787843884,21.625675144752122,29.569889139327362,173.685089291705,175.848940062334,2.1638507706290113,-83.75670550292428,0.08591983304327755,32.882760844144194,34.02088714988684,34.02088714988684,200.82998275756836,304.7773742675781,30.446216205225795,173.685089291705,175.848940062334,44.691269690981244,19.33453728200957,44.691269690981244,64.52369483280864,1.454872046348998,64.52369483280864,146.84330488946557,166.9020171155151,166.9020171155151,146.84330488946557,29.451023460112005,26.23036137842584,29.451023460112005,29.73234172347719,29.73234172347719,29.653975041242315,32.05039433288481,2.3542553715036614,178.49138217834752,31.33380931669099,36.77017953492263,6.7726018161464046,0.4940948486328125,30.258757793887543,0
camera2_clip_20260318_200417_649384,154,5.982856381634721,30.967547989300982,30.967547989300982,38.64288474833268,31.922988591747124,38.64288474833268,63.98896382617194,92.3540183899396,106.35567721649312,153.91782599963597,23.159783886652185,21.35090092456547,13.025712642088676,8.435309326652002,23.159783886652185,21.35090092456547,-23.00396728515625,-20.85626220703125,30.967547989300982,31.922988591747124,153.91782599963597,21.35090092456547,30.24989375224121,174.0256238246844,176.47291442022703,2.4472905955426256,-83.26361096610619,0.3405345329794045,37.67994197323128,36.30314282920048,37.67994197323128,201.93138122558594,304.87510681152344,33.17178337002311,174.0256238246844,176.47291442022703,44.14772340704867,20.243170550396542,44.14772340704867,56.508607290753986,0.7215001711487071,56.508607290753986,146.9625510162978,168.02210839690306,168.02210839690306,146.9625510162978,31.758247140253854,27.51599643835724,31.758247140253854,38.72791158844858,38.72791158844858,39.107401114919675,39.71421078488916,2.3359740202179564,178.12012347740634,38.993430381944435,40.85533247227512,6.715778612659434,0.1500396728515625,30.19955062595052,0
camera2_clip_20260318_200417_649384,155,15.566911384811746,41.185547746453985,41.185547746453985,36.682456017938286,32.32310118320765,36.682456017938286,65.77429120346382,93.75818202105208,104.58266580040372,156.68323753616338,23.023537645657736,21.30316892418451,13.129297012626061,8.123516908086762,23.023537645657736,21.30316892418451,-22.722808837890625,-20.803070068359375,41.185547746453985,32.32310118320765,156.68323753616338,21.30316892418451,35.72288411183887,174.6932919510749,177.66782449265153,2.9745325415766217,-82.93582561430632,0.6676681263905095,46.72309196769877,41.85619637092281,46.72309196769877,203.3266487121582,304.9345932006836,41.89604982122898,174.6932919510749,177.66782449265153,49.228275299100495,23.87832534538761,49.228275299100495,50.0417055681573,5.703753445322597,50.0417055681573,148.008659563987,169.03706194391796,169.03706194391796,148.008659563987,43.00635028388107,36.600584683555276,43.00635028388107,42.88159702656286,42.88159702656286,41.39108126503325,44.74897743542241,2.228506382656407,176.77429681159236,41.39791543121028,49.17010230284149,6.467172414420512,0.0093841552734375,35.2330249413698,0
camera2_clip_20260318_200417_649384,156,19.078836435317214,47.334034407213224,47.334034407213224,38.08008039535085,38.90518030364316,38.90518030364316,67.50819573180362,94.54048850823612,102.97083711958174,156.27195427507286,22.92716553485213,20.68053590389802,13.197516912543815,7.451764813366177,22.92716553485213,20.68053590389802,-22.45654296875,-20.160400390625,47.334034407213224,38.90518030364316,156.27195427507286,20.68053590389802,39.13596727195316,175.57623257953577,178.77326226108758,3.197029681551811,-82.5100963638361,0.8829406284608581,46.9043706432289,44.51330144696564,46.9043706432289,204.73838806152344,305.0342330932617,42.45753747999571,175.57623257953577,178.77326226108758,55.27162819603744,21.80154668154693,55.27162819603744,49.20844205136191,4.657323254853145,49.20844205136191,149.83401033277374,169.71925352042922,169.71925352042922,149.83401033277374,42.225656192000926,36.492924067702305,42.225656192000926,44.87708831494802,44.87708831494802,45.077464562527,45.50179847616379,2.215809044908075,176.19999279597695,46.155667809836956,48.29569288293346,6.397990746862986,0.31610107421875,37.039443672935136,0
camera2_clip_20260318_200417_649384,157,8.44984125550406,42.75467655835024,42.75467655835024,27.849953165295975,33.64805620748059,33.64805620748059,70.28316353492733,95.53397667091954,102.50190946132899,156.36959095992003,22.915299826467727,20.13152153464475,13.375510753355018,6.930561813131298,22.915299826467727,20.13152153464475,-22.132080078125,-19.578094482421875,42.75467655835024,33.64805620748059,156.36959095992003,20.13152153464475,33.48032335942529,177.087342632715,-179.7027826848453,356.7901253175603,-82.72361974736069,1.5111100531792374,47.83822693677543,40.34118603314544,47.83822693677543,206.2536964416504,305.1047592163086,45.50846161785184,177.087342632715,-179.7027826848453,56.14326871432948,21.802247124699015,56.14326871432948,41.063968256708456,1.2604212441062432,41.063968256708456,152.35078836834498,169.8111960702903,169.8111960702903,152.35078836834498,51.71853508901927,42.77196397186523,51.71853508901927,43.208284697516824,43.208284697516824,44.63001610859614,44.73858679594891,2.215775653696737,177.51030996805233,46.12702405445761,45.9549407639567,6.402320208340386,0.38226318359375,34.63686204643995,0
camera2_clip_20260318_200417_649384,158,8.942584096441424,47.354015880736256,47.354015880736256,19.05951447795581,44.17650339683376,44.17650339683376,74.64954342839215,95.8399240812089,103.91884205982436,152.2075037288923,22.78548452308774,19.316055817439928,13.219901635923478,6.31355214381651,22.78548452308774,19.316055817439928,-21.553955078125,-18.691802978515625,47.354015880736256,44.17650339683376,152.2075037288923,19.316055817439928,36.15548478740666,178.5561977752142,-178.68204328540926,357.23824106062347,-82.68577153327425,1.4688551424991942,51.265739232565025,46.13455163990768,51.265739232565025,207.85401153564453,305.2645568847656,48.24820541138085,178.5561977752142,-178.68204328540926,58.37875679190971,30.58463185979331,58.37875679190971,44.16038841936687,3.4505731260787673,44.16038841936687,154.97177526902584,170.66729729607948,170.66729729607948,154.97177526902584,51.98608972809754,44.223087982809425,51.98608972809754,54.07060653542397,54.07060653542397,56.65324133174627,53.13771587880085,2.331224677694047,179.27768546089484,58.65524872389253,48.86061752016239,6.713573788560982,0.5083465576171875,37.47636971937464,0
camera2_clip_20260318_200417_649384,159,18.19211218424429,63.50263447560704,63.50263447560704,21.741774232118868,45.60435670036986,45.60435670036986,78.265551952729,96.20997789662907,103.74161388892925,134.6407920260259,22.485464196461482,17.454223480428702,12.946065613895223,5.153975479987509,22.485464196461482,17.454223480428702,-20.808074951171875,-16.56781005859375,63.50263447560704,45.60435670036986,134.6407920260259,17.454223480428702,40.754034548127464,178.83349147914723,-178.6202534749585,357.45374495410573,-83.14520491714003,0.2772937039330259,47.21830869481242,48.265021001612304,48.265021001612304,209.53509140014648,305.5577087402344,51.19346412462052,178.83349147914723,-178.6202534749585,58.012463065328596,28.1555433275265,58.012463065328596,39.32340580604973,7.758219225671683,39.32340580604973,157.15281445455744,170.28096748794147,170.28096748794147,157.15281445455744,57.08801603474781,52.223937529511964,57.08801603474781,52.52389903971675,52.52389903971675,53.32111639619393,51.72103557693743,2.382692193488416,179.93028464102218,51.77833219759803,50.77274371300615,6.739210753065115,1.1629486083984375,40.59048268980009,0
camera2_clip_20260318_200417_649384,160,17.48721734699519,60.24314883206926,60.24314883206926,15.527507772119177,44.30171010379457,44.30171010379457,81.67579918332503,96.14330810931953,103.75974643294053,117.72231482044371,22.207657839412814,15.837572756862327,12.751621226216006,4.680563104548722,22.207657839412814,15.837572756862327,-20.03192138671875,-14.75482177734375,60.24314883206926,44.30171010379457,117.72231482044371,15.837572756862327,37.06080142450335,179.36852140257312,-178.41670487101732,357.7852262735904,-83.28007528468575,0.5350299234258955,42.011718243734606,42.79350624830732,42.79350624830732,210.97528457641602,305.68115234375,43.364216093456825,179.36852140257312,-178.41670487101732,50.8606512231225,35.27868548273551,50.8606512231225,24.94000783075304,10.899195000641628,24.94000783075304,159.7199388487565,171.64231637331264,171.64231637331264,159.7199388487565,46.22774254807109,42.959031281756744,46.22774254807109,46.3343941893888,46.3343941893888,46.700617525171175,46.58242316351075,2.3846771515158185,-179.57985265740652,46.599960756523984,46.02158771128183,6.749610380373225,1.0698699951171875,36.12751015950838,0
camera2_clip_20260318_200417_649384,161,31.210531177564427,41.10906450576136,41.10906450576136,14.328751712038727,42.97572021764407,42.97572021764407,86.10225460525649,97.06690681204192,101.67853732169837,101.2640674336436,21.79448857154142,15.09547583159902,12.509632659387119,4.88397844222379,21.79448857154142,15.09547583159902,-18.816619873046875,-13.617340087890625,41.10906450576136,42.97572021764407,101.2640674336436,15.09547583159902,37.08529516607371,179.79282503068885,-177.84134181813192,357.63416684882077,-83.36296673112659,0.4243036281157231,43.65289249891316,49.23481088452052,49.23481088452052,212.54658126831055,305.7361831665039,47.16780169639563,179.79282503068885,-177.84134181813192,48.66893339438256,37.96982154669728,48.66893339438256,23.30914531766457,14.323220270724898,23.30914531766457,162.31149604807948,172.4339119999108,172.4339119999108,162.31149604807948,47.02718824926011,49.074341300222876,49.074341300222876,45.138705621300446,45.138705621300446,44.566404016024755,45.43431363655901,2.3558867435149597,-179.75655915913737,44.346911493543445,47.09028366260938,6.658326377242614,1.0453033447265625,36.907035089616215,0
camera2_clip_20260318_200417_649384,162,28.00672554456712,36.26058906962969,36.26058906962969,20.702870918460206,34.20974492419504,34.20974492419504,88.39047900063001,98.0726125852956,100.83453587677808,89.02345483707009,21.588957825432175,14.44387859487407,12.357078902759307,5.2469917096809455,21.588957825432175,14.44387859487407,-18.18829345703125,-12.587371826171875,36.26058906962969,34.20974492419504,89.02345483707009,14.44387859487407,33.24538911437118,179.10056938282986,-178.0142170227968,357.11478640562666,-83.31339026678144,-0.6922556478589854,39.164844110165625,41.127560119209384,41.127560119209384,213.8795166015625,305.70279693603516,40.00060147941237,179.10056938282986,-178.0142170227968,40.47613264599999,40.52080947553935,40.52080947553935,17.567963547989343,22.40070464233171,22.40070464233171,164.28645193104728,173.79292447021638,173.79292447021638,164.28645193104728,40.200136005798505,39.936779220551095,40.200136005798505,42.09084007340782,42.09084007340782,40.674447267005654,41.600985730397376,2.3298622156819384,179.07611198668155,39.27642503102123,42.16444174127898,6.571725135914423,0.7787628173828125,33.381238352036426,0
camera2_clip_20260318_200417_649384,163,22.066195043238316,37.49446669748398,37.49446669748398,21.621229653008875,26.34043648220252,26.34043648220252,90.07001876214458,99.36880019628492,99.70656717144847,91.69861086228775,21.654963935653033,14.99045170409004,12.521131882319692,4.892806568447013,21.654963935653033,14.99045170409004,-17.778594970703125,-13.18505859375,37.49446669748398,26.34043648220252,91.69861086228775,14.99045170409004,29.960618339509065,178.90891424382693,-177.9355605714239,356.8444748152508,-83.4112554665965,-0.19165513900293263,35.67524786829185,36.56613429282883,36.56613429282883,215.09264755249023,305.5829544067383,36.57108205036311,178.90891424382693,-177.9355605714239,34.72137571874225,37.12719896064461,37.12719896064461,9.179442642121792,27.258612340982175,27.258612340982175,166.14165076861966,174.57130716648086,174.57130716648086,166.14165076861966,36.81781552505099,37.317645007365314,37.317645007365314,31.067705354433272,31.067705354433272,28.378541352367055,33.227381222018586,2.163658808126643,177.79971574501596,28.524560937908518,40.40881460092379,6.161222726976327,0.0645294189453125,30.18215001933012,0
camera2_clip_20260318_200417_649384,164,33.86773240478508,39.650131694707305,39.650131694707305,14.068577027037335,23.63106215365394,23.63106215365394,93.26283294829823,101.19174532824513,99.38371934831207,102.33343584141852,21.658030613065897,15.761345978830372,12.665649909259512,4.309998693035895,21.658030613065897,15.761345978830372,-16.94952392578125,-14.08245849609375,39.650131694707305,23.63106215365394,102.33343584141852,15.761345978830372,30.917040031950453,179.82906549915467,-176.98014602560363,356.8092115247583,-83.05535946190163,0.9201512553277382,35.3741128945942,38.910624016924864,38.910624016924864,216.18036270141602,305.1507797241211,35.112807938815024,179.82906549915467,-176.98014602560363,25.218559529868607,39.50603650846831,39.50603650846831,3.6171098478316086,31.3666801070895,31.3666801070895,167.54981904776946,175.67309068067934,175.67309068067934,167.54981904776946,31.285975684371415,35.33433935410028,35.33433935410028,31.514923627103514,31.514923627103514,30.291651505979953,34.173044827952296,2.0339750008035544,177.67655997607238,33.37642245261719,39.58547622765945,5.955086032922235,0.35882568359375,29.319245101952706,0
camera2_clip_20260318_200417_649384,165,38.165124759561756,25.06317552623185,38.165124759561756,26.80106153824269,12.744267068432961,26.80106153824269,94.2641282635596,103.16416188749196,101.7381414957578,102.21429393734114,22.05133002562239,15.86287979471419,12.368772719604541,3.913745824010693,22.05133002562239,15.86287979471419,-17.476959228515625,-14.11907958984375,25.06317552623185,12.744267068432961,102.21429393734114,15.86287979471419,28.033954474768397,-179.96668136952024,-176.6610796588926,3.3056017106276556,-83.05673604196693,-359.7957468686749,35.67453975689546,29.755558199245645,35.67453975689546,217.25394439697266,305.0028762817383,32.51165601399998,-179.96668136952024,-176.6610796588926,24.13019739205542,26.658829456891883,26.658829456891883,8.32321109786063,35.772633557523946,35.772633557523946,168.4122545951293,174.02606949790987,174.02606949790987,168.4122545951293,33.4661325369851,31.247915915195637,33.4661325369851,32.21848929784032,32.21848929784032,31.73370189825406,32.614302413727295,2.004376654655573,177.41346069387458,31.536498926810175,34.2865282769072,5.861028291012053,-0.10986328125,27.31688723376025,0
camera2_clip_20260318_200417_649384,166,33.50597757509308,38.67809784467342,38.67809784467342,27.43292784463184,23.59571119600333,27.43292784463184,94.76089759185572,104.51468604008768,104.45942065649376,106.54896295995248,22.279840661054386,15.493911752323163,12.225402185164267,3.17320346216378,22.279840661054386,15.493911752323163,-17.826904296875,-13.945159912109375,38.67809784467342,23.59571119600333,106.54896295995248,15.493911752323163,29.549196009781024,-179.2628359298129,-176.74761173419185,2.5152241956210446,-83.53930384678745,0.7038454397073508,30.671182305877686,23.411279292406803,30.671182305877686,218.24277877807617,304.80113983154297,30.2760949551094,-179.2628359298129,-176.74761173419185,20.633828450579287,25.92297041494457,25.92297041494457,4.95190595229874,41.497707851036054,41.497707851036054,168.33016805590398,171.53380340501081,171.53380340501081,168.33016805590398,36.05302841109862,31.413714864829117,36.05302841109862,27.967784416390778,27.967784416390778,27.218147962632315,29.83629731079691,1.9150711462473944,178.00461355018513,26.76980638614867,32.05027129606196,5.685227348514865,0.1222381591796875,28.14736100028938,0
camera2_clip_20260318_200417_649384,167,29.41793249492022,35.640582793837204,35.640582793837204,25.355869465178145,13.658799448091587,25.355869465178145,95.03695752873729,104.6000473396035,104.907862220646,122.2624864763769,22.234914028825138,15.822408894176714,12.091936252134545,2.622990080390063,22.234914028825138,15.822408894176714,-17.81805419921875,-14.6011962890625,35.640582793837204,13.658799448091587,122.2624864763769,15.822408894176714,24.220765322655584,-178.91348075079176,-176.46293175318914,2.450548997602624,-83.82730716047625,0.34935517902113133,27.50616979787817,13.745237936028186,27.50616979787817,219.00039291381836,304.5207290649414,24.235272621371767,-178.91348075079176,-176.46293175318914,18.07097280628084,28.582959166499116,28.582959166499116,2.999541720762367,43.86356976712564,43.86356976712564,168.9588007889639,170.5433325946765,170.5433325946765,168.9588007889639,31.151793790465106,26.07369436181421,31.151793790465106,46.24374593560147,46.24374593560147,46.67277980439391,39.08069590799419,2.168244653459895,177.99400924523144,34.415531984947556,20.428947398057563,6.151037105532249,-0.196868896484375,24.67226029574007,0
camera2_clip_20260318_200417_649384,168,36.0197608468124,39.582894120608245,39.582894120608245,30.1448471699388,40.891980434121365,40.891980434121365,94.51676473717626,103.29793348069283,106.61884135812153,120.81195426253795,22.3884379494244,15.455562053959767,11.979431003231769,2.667430649974213,22.3884379494244,15.455562053959767,-18.258026123046875,-14.348052978515625,39.582894120608245,40.891980434121365,120.81195426253795,15.455562053959767,33.283117117102684,-178.71620845903,-176.13815547076368,2.578052988266336,-83.71571620244735,0.19727229176174887,25.96055365358167,27.098666477553632,27.098666477553632,219.83238220214844,304.19871520996094,26.76395316140415,-178.71620845903,-176.13815547076368,14.575010602825376,30.38879445290191,30.38879445290191,1.848544986984276,54.40531254407295,54.40531254407295,169.3277137780715,168.77423077205728,168.77423077205728,169.3277137780715,25.226836758308117,29.22839651145651,29.22839651145651,30.685700493574263,30.685700493574263,30.771509645770053,27.8079697085903,2.2681880734026905,177.86721974953903,26.39676841176573,21.846919791114725,6.302214143639849,0.148223876953125,29.61429987993044,0
camera2_clip_20260318_200417_649384,169,51.736673041737774,40.12089120953996,51.736673041737774,29.441180493738884,40.373870486977395,40.373870486977395,93.44580609240217,101.24201916252242,109.96914398248164,134.89482342776253,22.775975265732534,15.978594114973498,11.707391528987682,3.110413280036432,22.775975265732534,15.978594114973498,-19.24420166015625,-15.09271240234375,40.12089120953996,40.373870486977395,134.89482342776253,15.978594114973498,34.29533398584193,-177.99627113827955,-175.51596821369955,2.480302924580002,-83.61239840109194,0.7199373207504607,20.884393149137317,23.214995533920206,23.214995533920206,220.52859115600586,303.98089599609375,21.884627152978158,-177.99627113827955,-175.51596821369955,13.82437703693333,32.51577479665332,32.51577479665332,3.4698011953689383,57.86374116284228,57.86374116284228,170.1565189180046,167.49446284579872,167.49446284579872,170.1565189180046,19.35415117244963,24.634233440950503,24.634233440950503,19.651537330379785,19.651537330379785,18.00161503553692,18.77375926499243,2.2437425176558317,177.20513339847713,16.110221127888902,18.044770080485563,6.230008008510952,-0.7087554931640625,29.7861735600208,0
camera2_clip_20260318_200417_649384,170,18.01102200879561,52.61168170214933,52.61168170214933,17.793427682834952,43.62318869859764,43.62318869859764,93.8280388912405,99.10405497467282,109.27584539267363,146.53995116155093,22.613866962298502,17.042441644989946,11.801309566563264,3.931579519045479,22.613866962298502,17.042441644989946,-18.89215087890625,-16.34808349609375,52.61168170214933,43.62318869859764,146.53995116155093,17.042441644989946,29.962681052961656,-177.6984193905425,-175.02636631220292,2.6720530783395873,-83.14931749760731,0.2978517477370417,18.77147512971017,28.96529109568227,28.96529109568227,221.19716262817383,303.83546447753906,20.52618634786722,-177.6984193905425,-175.02636631220292,9.355697023049718,37.39125513221762,37.39125513221762,3.174859308572599,59.73144072538327,59.73144072538327,170.57783032326807,166.97392945842498,166.97392945842498,170.57783032326807,12.317223089881223,22.103541436234657,22.103541436234657,23.806765649367716,23.806765649367716,21.936203822218268,22.901572949830907,2.2124677685556704,176.52051156596735,18.807937981635646,22.376995689886503,6.108367562482792,-0.3028564453125,26.987508586092417,0
camera2_clip_20260318_200417_649384,171,22.16333389773838,45.800945219923754,45.800945219923754,21.97597280267829,40.00278122018101,40.00278122018101,93.4215567152495,97.22348835994983,110.45034496371824,153.47495037745333,22.685747512738068,17.816468989528225,11.864304742736776,4.769056379831142,22.685747512738068,17.816468989528225,-19.07666015625,-17.280517578125,45.800945219923754,40.00278122018101,153.47495037745333,17.816468989528225,28.807851494056152,-177.2647154837603,-174.42973834654137,2.8349771372189423,-82.30706471035896,0.43370390678219906,17.482708648939482,25.42136717487599,25.42136717487599,221.6949462890625,303.7454299926758,15.175813103787627,-177.2647154837603,-174.42973834654137,4.451426437772452,37.68831707752355,37.68831707752355,6.44718470258293,58.78839806742822,58.78839806742822,171.23393825328233,167.31094679715346,167.31094679715346,171.23393825328233,4.194330930429297,13.66033686414026,13.66033686414026,20.310738129498954,20.310738129498954,18.972433432833988,19.279558371960793,2.2100030968353637,175.7902567638334,17.751566837816814,17.8473564938065,6.113463022878154,-0.446990966796875,24.8397585870178,0
camera2_clip_20260318_200417_649384,172,18.224088407091163,37.22033426460878,37.22033426460878,15.66780550393062,31.273001301680218,31.273001301680218,93.64918018497657,97.0320670174913,112.29681834099713,157.88760041905047,22.832174577382457,18.323432826273514,11.909355988122286,5.31915569186064,22.832174577382457,18.323432826273514,-19.25543212890625,-17.831573486328125,37.22033426460878,31.273001301680218,157.88760041905047,18.323432826273514,24.75853112518115,-177.1349285691742,-174.22488485099873,2.910043718175473,-81.66816490062396,0.1297869145861057,16.85773187621784,29.30822539755827,29.30822539755827,222.29138946533203,303.8846130371094,18.37402362409121,-177.1349285691742,-174.22488485099873,4.317533962811137,36.37987381135753,36.37987381135753,8.746403019749781,65.90158868247823,65.90158868247823,171.03367382742263,166.252569234461,166.252569234461,171.03367382742263,9.831538044075955,20.24826134148364,20.24826134148364,5.270498251362939,5.270498251362939,4.829327268986169,8.54647840219569,2.007983418494959,175.01279582496952,10.067502719795245,21.063815299220664,5.750605208553264,-0.39727783203125,24.49803213442026,0
camera2_clip_20260318_200417_649384,173,10.32921190140693,43.015853054863776,43.015853054863776,10.675735255266888,11.138109449683569,11.138109449683569,94.90199759488458,99.61511762121985,113.40773453194605,146.22222739397642,23.08720757100421,16.78027661352572,11.857257107491733,3.944867534968604,23.08720757100421,16.78027661352572,-19.357757568359375,-16.036285400390625,43.015853054863776,11.138109449683569,146.22222739397642,16.78027661352572,18.535735654926203,-178.24879111647525,-174.83500890377746,3.4137822126977824,-81.15914128104356,-1.1138625473010393,16.895249977148712,19.160254291187346,19.160254291187346,222.67742156982422,304.2567367553711,16.085619747228726,-178.24879111647525,-174.83500890377746,4.495869920546436,31.321112901561353,31.321112901561353,6.936295528620457,59.735736183925816,59.735736183925816,170.99583022781812,165.5395096987999,165.5395096987999,170.99583022781812,13.953589286727503,18.327938418828932,18.327938418828932,15.594550597308714,15.594550597308714,14.395487173241749,16.88448443214489,1.9347573421124025,173.80996054303074,15.291778124851781,19.799284698864337,5.629793992628087,0.580902099609375,20.49874634748064,0
camera2_clip_20260318_200417_649384,174,10.056234121163769,19.62402506353956,19.62402506353956,12.851838182112909,6.46204940616112,12.851838182112909,95.52809953643536,100.98306740438433,113.90923871752551,141.9276041444411,23.28609578507036,16.02574933508962,11.966086911401499,3.3522722586808262,23.28609578507036,16.02574933508962,-19.407196044921875,-15.206939697265625,19.62402506353956,6.46204940616112,141.9276041444411,16.02574933508962,13.824452342925548,-178.98107511443237,-175.29693432639093,3.6841407880414465,-80.76130503199914,-0.7322839979571256,17.47783403413593,16.474733250440003,17.47783403413593,223.09823608398438,304.45843505859375,13.999655523107426,-178.98107511443237,-175.29693432639093,0.6533269133469561,31.38922256448094,31.38922256448094,7.202936090621517,57.1329696750722,57.1329696750722,170.18763267629026,165.0667010289174,165.0667010289174,170.18763267629026,9.778679510957865,12.842992818464262,12.842992818464262,24.562449965489726,24.562449965489726,24.662588934779865,20.593909642349853,2.0839259744221996,172.893456424214,21.804825213502113,14.489049466523566,5.926997935352707,0.1818084716796875,16.828903469208083,0
camera2_clip_20260318_200417_649384,175,15.825035688212568,33.39395835605709,33.39395835605709,10.506327699896799,14.375681397754814,14.375681397754814,95.76181915163538,101.89864644168206,113.4145646161541,135.0372487022132,23.083221702866325,15.190628447530546,11.81747940742899,2.8369646647711977,23.083221702866325,15.190628447530546,-19.1856689453125,-14.320892333984375,33.39395835605709,14.375681397754814,135.0372487022132,15.190628447530546,16.811351976051228,-178.8432299264762,-175.16861075041152,3.674619176064681,-80.57181912703265,0.13784518795617373,11.961986021950777,14.805122692435317,14.805122692435317,223.48467636108398,304.3372802734375,12.149613687602251,-178.8432299264762,-175.16861075041152,3.2533305060641537,43.419879579774424,43.419879579774424,5.993344170830733,63.552880850577736,63.552880850577736,169.9989322348036,165.9822571758704,165.9822571758704,169.9989322348036,7.812478125064742,14.265664724318691,14.265664724318691,8.980244329667471,8.980244329667471,7.801522440122745,8.989418662661217,2.042929384798691,172.4868581551519,8.35057219174168,10.00267883854172,5.873863802240566,0.6644744873046875,19.930474151078155,0
camera2_clip_20260318_200417_649384,176,12.63846326398519,10.034606252778147,12.63846326398519,3.294062325525139,4.611981897833026,4.611981897833026,96.93665939589162,102.9515832399451,113.6351872993243,128.35240340291946,22.92367854138203,14.973461365197158,11.573138952026166,2.5501270704468824,22.92367854138203,14.973461365197158,-18.895263671875,-14.013580322265625,10.034606252778147,4.611981897833026,128.35240340291946,14.973461365197158,8.613308496128132,-179.15950199496493,-175.33333875396337,3.8261632410015523,-80.44319008078814,-0.316272068488729,11.191167638516802,9.909569598130489,11.191167638516802,223.8196029663086,304.1915740966797,10.957440793789132,-179.15950199496493,-175.33333875396337,6.001987023014235,35.01157859273894,35.01157859273894,6.229024476037327,55.35573588366143,55.35573588366143,169.9052884750573,166.35843059936468,166.35843059936468,169.9052884750573,11.37894524683983,13.424554147385294,13.424554147385294,12.626505551183511,12.626505551183511,12.547821766209857,12.920386061147305,2.0299022891742564,172.6077715315732,11.752522925686485,12.917789142095115,5.834699509661817,0.3345184326171875,14.923473028870488,0
camera2_clip_20260318_200417_649384,177,7.658202972317251,17.635530464642674,17.635530464642674,3.708930567717198,16.944189683429087,16.944189683429087,98.12680478161015,103.1331674289712,114.19257744886788,119.9006614798194,22.956591631728127,14.737345281449873,11.496500521243515,2.687027926138776,22.956591631728127,14.737345281449873,-18.73382568359375,-13.6422119140625,17.635530464642674,16.944189683429087,119.9006614798194,14.737345281449873,11.979413511504077,-178.80589782448484,-174.90690578115053,3.8989920433343173,-80.51629146844297,0.3536041704800823,8.622523246810202,17.307104134108048,17.307104134108048,224.26715469360352,303.96942138671875,14.989627668254167,-178.80589782448484,-174.90690578115053,2.5873640577352797,42.02935161261941,42.02935161261941,4.296491887612932,58.74774715665359,58.74774715665359,169.2294836166107,166.92757093230884,166.92757093230884,169.2294836166107,13.444156162558786,21.48153568059267,21.48153568059267,27.514452336990995,27.514452336990995,25.07884898962236,26.145026586515435,1.9949638881502056,172.30955881165985,14.539452973047789,20.996349074230686,5.616688226343186,0.3922576904296875,17.871927302233093,0
camera2_clip_20260318_200417_649384,178,18.756721774387547,58.777943003923255,58.777943003923255,14.507412930283763,33.87647476281918,33.87647476281918,97.57863573260781,101.3625756747669,112.91804737813875,143.28452989854875,22.543291378911228,16.525311988442386,11.359856832499572,3.8676499417788737,22.543291378911228,16.525311988442386,-18.413665771484375,-15.58648681640625,58.777943003923255,33.87647476281918,143.28452989854875,16.525311988442386,26.334485051766617,-177.5549802742844,-173.41308141718346,4.1418988571009265,-80.89487817161682,1.2509175502004553,9.34442473654754,22.74393310263841,22.74393310263841,224.91545867919922,303.71427154541016,20.901185357131467,-177.5549802742844,-173.41308141718346,2.128692231226031,50.88500909232201,50.88500909232201,2.2818462534851447,59.78173723136933,59.78173723136933,168.08709568031074,167.90111357053303,167.90111357053303,168.08709568031074,20.186391668815585,33.84132116440999,33.84132116440999,17.662764221579543,17.662764221579543,17.319180017634682,15.33899839605844,2.061364038070346,172.44235173321516,13.91338926678672,13.307003779728138,5.638413980388363,-0.7588958740234375,27.259325662685644,0
camera2_clip_20260318_200417_649384,179,8.30717855097951,35.36275738685537,35.36275738685537,6.850929346810126,28.04390508034673,28.04390508034673,96.5744866262018,100.82500143773039,112.06943100724837,145.10313138688443,22.412133356260213,17.780058236840873,11.321462689822736,4.646863966469694,22.412133356260213,17.780058236840873,-18.473114013671875,-16.76806640625,35.36275738685537,28.04390508034673,145.10313138688443,17.780058236840873,17.277985331952042,-176.9417044973035,-172.19609348680453,4.745611010498976,-81.55620126913645,0.6132757769808848,1.4468545436056715,23.656287083114854,23.656287083114854,225.44672393798828,303.67974853515625,15.971573250305708,-176.9417044973035,-172.19609348680453,4.812085682374553,47.30851017015831,47.30851017015831,2.174622451630874,52.072852335505125,52.072852335505125,166.50538055951858,168.781147222625,168.781147222625,166.50538055951858,9.91676005946859,31.74295695122441,31.74295695122441,1.5611341288157878,1.5611341288157878,3.0310726734529614,4.211814091236969,1.8260868616894057,173.0417916776294,2.70135915224928,18.633523806004494,4.941946792557061,-0.5957489013671875,20.97464163683951,0
camera2_clip_20260318_200417_649384,180,8.113972082844978,39.54933743755533,39.54933743755533,8.879542964421514,27.468865740736874,27.468865740736874,95.63490053992403,100.75796949301791,111.03796391765324,146.63041259229166,22.328252532934,19.002942719002462,11.34586918707578,5.3698477923750465,22.328252532934,19.002942719002462,-18.5225830078125,-17.8907470703125,39.54933743755533,27.468865740736874,146.63041259229166,19.002942719002462,18.449216363872114,-176.74433780039382,-171.34040233632618,5.403935464067644,-82.33056186163572,0.19736669690968256,5.649090455133204,21.034489502540776,21.034489502540776,225.94902801513672,303.7668914794922,15.294212984025421,-176.74433780039382,-171.34040233632618,7.396201937775123,35.270946340855225,35.270946340855225,3.672051324060265,33.354741322990456,33.354741322990456,164.235559338953,169.39823481427425,169.39823481427425,164.235559338953,11.777406993027167,30.306167199105694,30.306167199105694,6.160245181151111,6.160245181151111,7.271048306062561,8.947829352889539,1.7734119774750585,173.95466204161661,8.75761212954295,16.372346921222956,4.648253272742538,-0.764739990234375,19.372734441753888,0
camera2_clip_20260318_200417_649384,181,23.001530753934514,18.835188099305224,23.001530753934514,15.804661486101498,16.38197511366552,16.38197511366552,94.3645602835365,101.00670063838606,111.22947287283654,147.99094214822838,22.441273238370545,19.301344033947704,11.389121859773317,5.539289071872613,22.441273238370545,19.301344033947704,-18.906097412109375,-18.16522216796875,18.835188099305224,16.38197511366552,147.99094214822838,19.301344033947704,16.531896612984397,-176.07961716547098,-170.3117626802176,5.767854485253366,-83.21589772887263,0.6647206349228441,7.446329874958695,17.72169434994094,17.72169434994094,226.4813995361328,303.9497299194336,16.88681137275807,-176.07961716547098,-170.3117626802176,3.509845035399734,41.19068429322356,41.19068429322356,3.59628288789763,41.633796722495156,41.633796722495156,162.28082302801533,170.30641716524516,170.30641716524516,162.28082302801533,16.158806558447168,29.830635533719395,29.830635533719395,6.85733781913539,6.85733781913539,7.902819144704244,7.993899582745546,1.7768151669047532,174.7939442697203,9.535440791198528,12.099919857816863,4.534760032044589,-0.5303192138671875,19.59261922575742,0
camera2_clip_20260318_200417_649384,182,17.737979968892983,14.251780997835658,17.737979968892983,14.213653217704902,14.206470345748931,14.213653217704902,93.03963611960693,101.70320532045548,109.63065757388493,148.77920873599928,22.07556085058723,19.482422718183123,11.220416520554904,5.49827385852258,22.07556085058723,19.482422718183123,-18.7938232421875,-18.294097900390625,14.251780997835658,14.206470345748931,148.77920873599928,19.482422718183123,13.744840644406464,-176.24673401217416,-169.65426138737135,6.592472624802809,-83.99995393932576,-0.1671168467031805,6.049770760383334,16.00938857587298,16.00938857587298,226.9433937072754,304.1794967651367,15.479285377518993,-176.24673401217416,-169.65426138737135,6.9342498082744,35.691833977517646,35.691833977517646,7.795184181742032,28.753021454966696,28.753021454966696,161.3227582997622,171.6654950837289,171.6654950837289,161.3227582997622,15.369949640569923,26.352032438691424,26.352032438691424,11.67918360960408,11.67918360960408,9.990708236419188,9.495880768324298,1.7602935702554736,174.75192745824364,2.707382625217726,2.457256288638962,4.48379960432964,-0.2202911376953125,16.947109614016743,0
camera2_clip_20260318_200417_649384,183,15.461287059640494,21.62801527093452,21.62801527093452,13.720740190130108,2.7853723279335294,13.720740190130108,92.84330931769664,102.93344461197324,109.1679803045613,157.69671987327757,21.66696731899443,19.906184131705718,11.194810552886533,5.4967305541484786,21.66696731899443,19.906184131705718,-18.363677978515625,-18.82745361328125,21.62801527093452,2.7853723279335294,157.69671987327757,19.906184131705718,10.640006030005768,-176.56784058786633,-169.9158216089369,6.652018978929419,-84.82306396108332,-0.3211065756921698,2.3338150068704278,7.91080632452553,7.91080632452553,227.27825546264648,304.1656799316406,10.054400533510794,-176.56784058786633,-169.9158216089369,4.890444420205355,28.25146263982751,28.25146263982751,4.017873526118289,21.866468436908363,21.866468436908363,160.7664884362365,173.0594347935421,173.0594347935421,160.7664884362365,12.47905360513215,19.216829267913226,19.216829267913226,3.4435587964269514,3.4435587964269514,2.163266353101263,4.021188804302675,1.6681354044271628,175.68470216257535,3.106755842387598,9.267227449605965,4.255801013829327,-0.0075225830078125,12.880180673011628,0
camera2_clip_20260318_200417_649384,184,23.62601757146521,17.263957478863208,23.62601757146521,14.772821876438506,3.220360924687756,14.772821876438506,93.38512454588314,103.21995458234723,108.29681486297413,159.2972695261751,21.096482010681704,19.262496589824963,11.06521793468935,5.008678668158858,21.096482010681704,19.262496589824963,-17.64227294921875,-18.2677001953125,17.263957478863208,3.220360924687756,159.2972695261751,19.262496589824963,12.125349194281567,-177.62798204308584,-171.2375389885785,6.39044305450733,-85.39456674691037,-1.060141455219508,10.261001880476673,3.6079354337580396,10.261001880476673,227.60394668579102,304.07752990722656,10.122286286893026,-177.62798204308584,-171.2375389885785,16.294467727315826,19.441967128299375,19.441967128299375,9.65341809256529,11.787881842674514,11.787881842674514,161.2600675026697,174.3910256188217,174.3910256188217,161.2600675026697,19.251840666084206,12.215228357411478,19.251840666084206,19.261959264928898,19.261959264928898,21.009868594356405,14.445864003739226,1.8872423504883844,175.9208852376451,18.36140969597842,3.4053085087128974,4.79415476270164,0.589630126953125,13.44974158167001,0
camera2_clip_20260318_200417_649384,185,9.586318295727812,13.34600715428377,13.34600715428377,9.616405060562583,7.409665963991199,9.616405060562583,93.7198250803365,103.67321249915882,108.8427617624276,160.9030081830594,20.92730684435571,18.70909821083247,11.036304860817863,4.598461036224126,20.92730684435571,18.70909821083247,-17.4185791015625,-17.764373779296875,13.34600715428377,7.409665963991199,160.9030081830594,18.70909821083247,8.672478560710244,-178.26016309498007,-171.8730425467525,6.3871205482275855,-85.78667008692817,-0.6321810518942357,7.487935779106434,4.588539110589659,7.487935779106434,227.7543601989746,304.0862274169922,4.5199429710914325,-178.26016309498007,-171.8730425467525,10.7798996855899,11.58683341283979,11.58683341283979,1.6150177414815714,14.484665768214004,14.484665768214004,161.99751630120804,174.84876984580833,174.84876984580833,161.99751630120804,10.943404125135402,3.7122192208450713,10.943404125135402,9.118641772896028,9.118641772896028,9.67729514195376,5.94461443019791,2.011793052125227,175.73641447310752,7.731519572980794,2.1349300677177583,5.114264210599925,0.3331298828125,8.763075943197265,0
camera2_clip_20260318_200417_649384,186,23.71244326976142,20.552165754025765,23.71244326976142,13.62626960536065,3.757170986374869,13.62626960536065,94.01997573330168,103.90033015962634,107.37515810975827,165.69312906476856,20.397334797255887,19.29255398198673,10.997652165779485,5.027287634924102,20.397334797255887,19.29255398198673,-16.710845947265625,-18.3902587890625,20.552165754025765,3.757170986374869,165.69312906476856,19.29255398198673,11.24465243043426,-179.16757924695713,-172.44647113575587,6.721108111201261,-86.29623088426234,-0.9074161519770598,3.9067269272526635,1.913138039830186,3.9067269272526635,227.9406967163086,304.05216217041016,5.682742722063666,-179.16757924695713,-172.44647113575587,11.071599506771078,14.758544917489274,14.758544917489274,6.396505612418176,3.8242208390235066,6.396505612418176,162.49612870101484,176.22528337662388,176.22528337662388,162.49612870101484,10.292000359695669,8.427793413090262,10.292000359695669,10.165422306143864,10.165422306143864,8.999046873123197,7.112434092254118,2.0806781259952376,174.86944282103414,4.491839239884574,1.8743590660171598,5.244320364931773,0.054473876953125,10.186548269257795,0
