video_id,frame_no,left_wrist_speed,right_wrist_speed,wrist_speed_max,left_elbow_speed,right_elbow_speed,elbow_speed_max,left_elbow_angle,right_elbow_angle,left_elbow_joint_angle,right_elbow_joint_angle,left_arm_length,right_arm_length,left_forearm_length,right_forearm_length,left_shoulder_wrist_dist,right_shoulder_wrist_dist,left_wrist_height_rel,right_wrist_height_rel,bat_arm_wrist_speed,bat_arm_elbow_speed,bat_arm_elbow_angle,bat_arm_extension,arm_activity_score,shoulder_line_angle,hip_line_angle,hip_shoulder_separation,trunk_lean,shoulder_rotation_change,left_shoulder_speed,right_shoulder_speed,shoulder_speed_max,body_center_x,body_center_y,body_center_speed,upper_body_rotation,lower_body_rotation,left_knee_speed,right_knee_speed,knee_speed_max,left_ankle_speed,right_ankle_speed,ankle_speed_max,left_knee_angle,right_knee_angle,front_knee_angle,back_knee_angle,left_hip_speed,right_hip_speed,hip_speed_max,head_movement,head_speed,left_eye_speed,right_eye_speed,eye_separation,head_orientation_angle,left_ear_speed,right_ear_speed,ear_separation,wrist_height_change,pose_activity_score,impact_like_frame_flag
camera2_clip_20260528_123150_12473,0,0.0,0.0,0.0,0.0,0.0,0.0,62.971948104645996,55.18253905921058,134.15466557331666,140.5031577783203,27.877874213913252,26.673692693061525,12.437462449616149,12.619853688780701,27.877874213913252,26.673692693061525,-27.5816650390625,-25.46636962890625,0.0,0.0,140.5031577783203,26.673692693061525,0.0,-130.91800263344095,-138.213861295566,7.295858662125056,-134.65665371381917,0.0,0.0,0.0,0.0,161.0112648010254,341.0214385986328,0.0,-130.91800263344095,-138.213861295566,0.0,0.0,0.0,0.0,0.0,0.0,166.14288147707285,164.72237821038462,164.72237821038462,166.14288147707285,0.0,0.0,0.0,0.0,0.0,0.0,0.0,0.9888765465551366,-172.7719042148691,0.0,0.0,3.588564477856912,0.0,0.0,0
camera2_clip_20260528_123150_12473,1,63.61127618860727,87.20252004768834,87.20252004768834,76.27618863983045,93.0850546763624,93.0850546763624,63.55390790009437,57.68675249920853,135.24152351537285,144.59453536961956,27.870250234260748,27.547415968202237,11.943854895854619,12.765259712742091,27.870250234260748,27.547415968202237,-27.53594970703125,-26.3800048828125,87.20252004768834,93.0850546763624,144.59453536961956,27.547415968202237,77.64314236888625,-132.6107310339223,-134.894647279094,2.283916245171696,-135.61930319675312,-1.692728400481343,71.10745810434642,74.57635655648266,74.57635655648266,158.87787246704102,341.6199035644531,66.47233145765121,-132.6107310339223,-134.894647279094,61.928035943246925,45.62449574395989,61.928035943246925,75.05511409814586,57.50244147913302,75.05511409814586,166.62727329308584,166.30509902147034,166.30509902147034,166.62727329308584,60.25901022493297,60.8339731635465,60.8339731635465,74.66263608140234,74.66263608140234,76.64872523824893,72.802057288032,0.8659697152963206,-170.0993371156505,78.46054159748441,69.87702647008543,3.301255030918253,-1.251617431640625,68.92182707219023,0
camera2_clip_20260528_123150_12473,2,70.70897868214784,83.2025960314417,83.2025960314417,71.76932190424539,73.62032999298039,73.62032999298039,64.06399318836161,57.8861422530319,138.72934600458402,146.72321528584672,28.558835553667503,28.81633299617821,12.616979432715556,13.774291018330638,28.558835553667503,28.81633299617821,-28.207733154296875,-27.570556640625,83.2025960314417,73.62032999298039,146.72321528584672,28.81633299617821,72.92992730604816,-139.41417239484818,-142.34003124867846,2.9258588538302774,-136.60928247878178,-6.803441360925888,65.6980031704462,72.58033405502736,72.58033405502736,156.8661117553711,342.20069122314453,62.817560593803904,-139.41417239484818,-142.34003124867846,52.2879335638719,59.533997125839875,59.533997125839875,54.863328472815155,74.03900076609082,74.03900076609082,166.97609268016365,167.32442713226692,167.32442713226692,166.97609268016365,54.41385500462528,59.68970188076584,59.68970188076584,55.44146934516572,55.44146934516572,54.50218328195986,57.38993911751338,0.9462857311542479,-173.5152363852094,58.72381588748704,66.40804571027363,3.538935919707434,-1.749664306640625,66.0339483875248,0
camera2_clip_20260528_123150_12473,3,120.2559377071545,183.85528716323736,183.85528716323736,120.68838839910283,149.0840705101532,149.0840705101532,62.40081961075782,58.21399997927025,140.48855458241502,147.8765914261127,29.5652868266635,31.525880590297884,13.66428852647508,15.790343376163095,29.5652868266635,31.525880590297884,-29.070343017578125,-30.2525634765625,183.85528716323736,149.0840705101532,147.8765914261127,31.525880590297884,142.85672566795913,-156.74361608167098,-156.55358081397895,0.19003526769202495,-140.06173814848754,-17.3294436868228,135.0834228537516,148.1732473743552,148.1732473743552,153.03413009643555,343.0688934326172,117.8731210236518,-156.74361608167098,-156.55358081397895,83.02601795334303,102.17659075878231,102.17659075878231,83.55280040357793,124.79625555302762,124.79625555302762,167.50279644705563,168.42215142172117,168.42215142172117,167.50279644705563,93.4966712401505,100.20990157679759,100.20990157679759,137.19609665418483,137.19609665418483,134.7810483842741,141.6914162770158,1.1585454750688744,-178.41811076410713,133.9868220204533,153.53897149249696,4.165901488897034,-3.3518829345703125,120.36654929111948,0
camera2_clip_20260528_123150_12473,4,111.87179226512211,113.97870425074642,113.97870425074642,123.84293001438238,133.05331520089698,133.05331520089698,63.77179514935679,59.316965104207604,143.41699808865613,152.02842047354247,30.269793439570442,32.62982458704259,13.481900955812245,16.101247799727957,30.269793439570442,32.62982458704259,-29.730194091796875,-31.153533935546875,113.97870425074642,133.05331520089698,152.02842047354247,32.62982458704259,120.23793281173624,-158.43626611778026,-158.82488922684468,0.38862310906441166,-142.71636727232772,-1.6926500361092849,111.92728822853842,126.75356691073111,126.75356691073111,149.57544708251953,343.56517791748047,104.82322181940634,-158.43626611778026,-158.82488922684468,96.41079466879523,102.93041471085543,102.93041471085543,108.31342608061237,109.41772596070177,109.41772596070177,167.70157841359742,168.64746213362932,168.64746213362932,167.70157841359742,87.20476701035432,99.43494963297516,99.43494963297516,105.19827774125653,105.19827774125653,107.78338424649772,107.03079280749643,1.1282233963276072,-178.47325951424747,118.52899188282908,118.87438537402286,4.188633723033193,-1.9133453369140625,110.42830624455932,0
camera2_clip_20260528_123150_12473,5,106.78459208174476,102.4297428259883,106.78459208174476,122.23021738588544,133.83076447510965,133.83076447510965,65.4914418960117,58.694341283995215,149.55873324536012,155.122937877345,30.939445436620712,31.145589063484184,13.837971522862688,16.271102803991102,30.939445436620712,31.145589063484184,-30.327850341796875,-29.51702880859375,102.4297428259883,133.83076447510965,155.122937877345,31.145589063484184,113.13087554672649,-144.3652875545683,-150.63758302535857,6.2722954707902545,-145.7729474762449,14.070978563211952,106.18391850513088,107.32601800649984,107.32601800649984,146.72023391723633,344.112548828125,87.21623369375517,-144.3652875545683,-150.63758302535857,82.80082617768969,100.88269095877688,100.88269095877688,62.02043134372457,95.40344435081937,95.40344435081937,165.22018295256476,166.90510095364567,166.90510095364567,165.22018295256476,67.77534590409486,79.82951726533386,79.82951726533386,92.09115075166014,92.09115075166014,95.77917207993288,94.17545927161122,1.1455146849508222,-173.15916647862696,106.56558427399037,105.57335663475268,4.328381503166744,-0.7418670654296875,97.29145910673317,0
camera2_clip_20260528_123150_12473,6,87.14941863622212,68.02173298885121,87.14941863622212,78.1534675000082,86.18493574343198,86.18493574343198,66.07755973541458,57.42203741198539,150.84077983144704,156.86779583865908,31.60003016452999,29.629073784489847,14.506840416815447,15.601704362647885,31.60003016452999,29.629073784489847,-31.019744873046875,-27.7274169921875,68.02173298885121,86.18493574343198,156.86779583865908,29.629073784489847,79.53150521222611,-146.52636284297805,-154.473444634892,7.947081791913945,-148.46904216940135,-2.1610752884097337,72.77590669857744,84.90356970626567,84.90356970626567,144.6765899658203,344.5840835571289,62.92013223710236,-146.52636284297805,-154.473444634892,64.32564503257234,82.80295388359333,82.80295388359333,50.32946862287817,84.28777064585117,84.28777064585117,163.06066715011548,165.65783358108905,165.65783358108905,163.06066715011548,45.45027108100168,58.08342367622858,58.08342367622858,64.91939701279271,64.91939701279271,64.63999976752277,68.05717378594593,1.2632392208235925,-176.02010123867163,69.09596516804034,81.61762358709264,4.820049442285439,-0.568023681640625,71.87238035129016,0
camera2_clip_20260528_123150_12473,7,58.11372691802549,67.23415740411004,67.23415740411004,67.1462931231301,77.13403675360507,77.13403675360507,66.7140144852221,59.23311659858375,153.59099539234498,160.4518728300058,32.02359210301309,29.97492831296868,14.574837768169226,15.895909781998697,32.02359210301309,29.97492831296868,-31.368743896484375,-28.068206787109375,67.23415740411004,77.13403675360507,160.4518728300058,29.97492831296868,65.47084111676531,-146.97015870661696,-155.27331127709937,8.30315257048241,-151.23145135347482,-0.4437958636389112,60.00762819948589,63.189204302235304,63.189204302235304,143.20702743530273,345.0042495727539,45.85344218931305,-146.97015870661696,-155.27331127709937,56.01139043619581,64.5330932350478,64.5330932350478,44.24958903063246,51.245192024981414,51.245192024981414,161.20894342989158,163.41096668762748,163.41096668762748,161.20894342989158,35.93617448001364,39.305960220466176,39.305960220466176,62.190703810196844,62.190703810196844,63.729844088800064,62.39289713642505,1.2156175879339288,-175.1930272621799,67.0091505270444,66.14752090418051,4.827416206074243,-1.4676055908203125,57.00887051066076,0
camera2_clip_20260528_123150_12473,8,54.01971525693583,53.38051543338349,54.01971525693583,66.59306708060922,56.55388478173035,66.59306708060922,69.4279191062771,62.07131140238154,156.7355881736888,164.2458676952918,32.04030898906942,30.388576120560025,14.14335842790032,16.14543471764411,32.04030898906942,30.388576120560025,-31.5006103515625,-28.621612548828125,53.38051543338349,56.55388478173035,164.2458676952918,30.388576120560025,51.19676605824398,-144.25306288719685,-152.80390903076608,8.550846143569231,-151.37453675439517,2.717095819420109,41.46809288975438,35.165320907050614,41.46809288975438,142.27931594848633,345.8611068725586,37.886247260710824,-144.25306288719685,-152.80390903076608,57.794919998687405,45.82753636335615,57.794919998687405,59.233334303633995,36.62755142495835,59.233334303633995,160.37304801974284,162.77007898117947,162.77007898117947,160.37304801974284,39.24787170606459,41.582822469914746,41.582822469914746,54.10200361695372,54.10200361695372,54.93664944557962,51.76552379851864,1.0003803344111268,-169.5475743761083,52.165235398395446,39.532145615902365,4.418126830027068,-1.3570709228515625,48.957886051339926,0
camera2_clip_20260528_123150_12473,9,59.00023455119841,81.03153179797259,81.03153179797259,66.63544887854275,51.930156781119756,66.63544887854275,70.17127319437105,61.28162560912275,159.2228554934599,165.3127868053728,32.183618003373304,27.344819332919254,14.120983618323951,14.769426328111836,32.183618003373304,27.344819332919254,-31.605682373046875,-25.554595947265625,81.03153179797259,51.930156781119756,165.3127868053728,27.344819332919254,58.43183349925394,-133.8793828425102,-143.06596913789775,9.186586295387542,-151.9143825165909,10.373680044686637,59.956650403621445,32.03697858306875,59.956650403621445,141.3695888519287,346.8995895385742,41.41792696458219,-133.8793828425102,-143.06596913789775,58.89563222580808,40.61902242135144,58.89563222580808,48.93888894330169,30.443433803294337,48.93888894330169,159.096531390737,161.67623158673516,161.67623158673516,159.096531390737,44.894603783799816,29.274108032261925,44.894603783799816,38.096766145638924,38.096766145638924,39.22571862496091,36.103495103390664,0.9301845164965175,-164.52828766760825,44.87577173268967,34.8682167970874,4.136347720422143,0.3359832763671875,50.30472418377841,0
camera2_clip_20260528_123150_12473,10,33.658654481368046,79.76368183572234,79.76368183572234,32.160166790297446,74.21453925739576,74.21453925739576,70.74933570991955,67.37023470819449,159.5733613351489,168.58251966626372,32.53550195418704,28.195269479081308,14.116651265955618,14.410514000206884,32.53550195418704,28.195269479081308,-31.9864501953125,-26.988616943359375,79.76368183572234,74.21453925739576,168.58251966626372,28.195269479081308,44.86930111270495,-131.20459054778559,-134.609322667762,3.4047321199764156,-150.49302312264226,2.674792294724625,27.794713249064234,21.6240510623819,27.794713249064234,140.71602821350098,347.5852279663086,28.416850731904127,-131.20459054778559,-134.609322667762,77.71731209747736,29.256490563257962,77.71731209747736,118.87355919238705,25.454414657724904,118.87355919238705,160.10725963188332,161.443999260071,161.443999260071,160.10725963188332,46.57597088527468,36.14716823475605,46.57597088527468,24.327436064084505,24.327436064084505,25.40967646255535,20.221553716394062,0.7401824470353571,-164.60705009558808,25.139515637181038,9.486822495757238,3.5760523151663,-1.28033447265625,50.270060192258974,0
camera2_clip_20260528_123150_12473,11,15.428015797178398,33.57016130715844,33.57016130715844,19.193373423446317,13.106946351122893,19.193373423446317,70.51625316735922,69.16752978027704,159.8721112423575,167.38981644868008,32.553322946406446,27.77408637133946,14.106238124597775,14.002363777404389,32.553322946406446,27.77408637133946,-31.96514892578125,-26.887786865234375,33.57016130715844,13.106946351122893,167.38981644868008,27.77408637133946,17.866950468291147,-121.54767511792372,-119.64868856657692,1.8989865513467947,-148.96530939441615,9.656915429861868,21.510478777118422,4.392727153722385,21.510478777118422,140.2778663635254,348.13668060302734,21.13000794098953,-121.54767511792372,-119.64868856657692,39.359643245317606,24.723520480225197,39.359643245317606,41.68818312712388,8.38672524870828,41.68818312712388,159.8106702434873,159.41855930295566,159.41855930295566,159.8106702434873,39.02797600627571,28.209985471303376,39.02797600627571,23.381116249920588,23.381116249920588,27.269828825500337,22.05068302314803,0.5683256146229327,-153.5291987954641,28.96240250131568,11.722723414659034,2.9069167949435926,-0.1106414794921875,24.049811365725077,0
camera2_clip_20260528_123150_12473,12,20.04128320941656,37.31501913833174,37.31501913833174,9.193891559098715,16.82184211876495,16.82184211876495,70.65229578692832,70.45200548654954,157.88170756842916,165.87041877665817,32.18785735779419,27.19723713130353,13.841710832000592,13.666749930440846,32.18785735779419,27.19723713130353,-31.695953369140625,-26.5523681640625,37.31501913833174,16.82184211876495,165.87041877665817,27.19723713130353,17.578015930927616,-122.147973059731,-120.46649093137931,1.6814821283516892,-147.07615578995214,-0.600297941807284,10.121678001099365,11.97438155885438,11.97438155885438,140.21329307556152,348.2625961303711,4.245231040855993,-122.147973059731,-120.46649093137931,14.386931594265391,18.57704023650946,18.57704023650946,13.60209115344846,2.3833846603244817,13.60209115344846,159.995758963324,157.36967643150658,157.36967643150658,159.995758963324,19.46598832705683,19.13466644049681,19.46598832705683,23.721164221461525,23.721164221461525,24.186475135505322,23.75014235872363,0.5063950265068548,-145.95415929981752,19.617011230968895,19.857145118328972,2.6796975798128826,0.6415557861328125,16.08484983313893,0
camera2_clip_20260528_123150_12473,13,24.511418913056048,23.47582613009132,24.511418913056048,23.848932815519916,9.754197187413851,23.848932815519916,70.77594680673015,72.84868357145523,156.37311902870317,165.58545757701376,32.54452269349235,27.280913492068983,14.102132248637382,13.095747097570582,32.54452269349235,27.280913492068983,-32.123779296875,-26.84228515625,23.47582613009132,9.754197187413851,165.58545757701376,27.280913492068983,21.367159876611826,-119.17868471095751,-114.97284314604259,4.20584156491492,-144.94544176933277,2.969288348773489,29.63384387868732,16.978740334902504,29.63384387868732,140.00209999084473,348.05443572998047,8.89606340977195,-119.17868471095751,-114.97284314604259,13.72291091807648,27.624240162551807,27.624240162551807,5.435876355206978,7.6189639880943,7.6189639880943,159.31970977574474,154.9499173760706,154.9499173760706,159.31970977574474,18.71907207498214,15.513461265619577,18.71907207498214,37.33465504206056,37.33465504206056,38.787135075599494,36.304328599266164,0.36403117922903805,-124.8348181108822,37.331986877228154,32.032595421666144,2.029584547126884,0.37237548828125,18.069790335350188,0
camera2_clip_20260528_123150_12473,14,39.94801986782471,109.48554634002805,109.48554634002805,37.544170200174456,73.18846269289669,73.18846269289669,71.65029797986311,76.6027233543844,154.30572022377157,165.3430364497653,33.198793091395615,30.68652158455385,14.738694156040422,14.144836916377294,33.198793091395615,30.68652158455385,-32.9332275390625,-30.47698974609375,109.48554634002805,73.18846269289669,165.3430364497653,30.68652158455385,52.072421721481696,-127.65283595673864,-122.21149502827848,5.441340928460164,-142.349192205754,-8.47415124578113,43.673842962680965,8.5944882652853,43.673842962680965,139.59815788269043,347.7735824584961,14.759505688174396,-127.65283595673864,-122.21149502827848,23.749749739561253,39.64439085454322,39.64439085454322,11.642535181139117,22.24928655949344,22.24928655949344,158.27010500222138,152.59484852089463,152.59484852089463,158.27010500222138,28.32131868252163,28.48887651558897,28.48887651558897,52.76939102156761,52.76939102156761,53.28981942450528,50.11204835359363,0.28776910875580536,-101.83991799098196,45.50038680701954,36.1845717640041,1.4931969985953242,-1.4293212890625,38.87755732181149,0
camera2_clip_20260528_123150_12473,15,34.42961093845872,43.529728920826265,43.529728920826265,20.71116157636799,28.816156606923094,28.816156606923094,73.38863403757851,77.77604097873771,153.6864442658073,165.91629979854108,33.40581199713583,32.38713597306915,14.904493232948765,14.641012705277292,33.40581199713583,32.38713597306915,-33.268096923828125,-32.215087890625,43.529728920826265,28.816156606923094,165.91629979854108,32.38713597306915,27.018159071026005,-137.8589880867399,-146.56590035305558,8.706912266315669,-140.46082150942104,-10.206152130001271,24.620744054526945,10.00155232905303,24.620744054526945,139.39759254455566,347.58426666259766,8.274069911113548,-137.8589880867399,-146.56590035305558,15.345892532508103,43.198066860960814,43.198066860960814,66.7053084749118,24.42478848017882,66.7053084749118,155.6156214775632,149.80633317390036,149.80633317390036,155.6156214775632,12.324915038214296,22.29404777963832,22.29404777963832,46.59842411940677,46.59842411940677,47.63804597573892,46.94028980338814,0.31864252847293323,-79.24887946253776,36.888219884292354,36.374776575479444,1.194282216302008,-0.48565673828125,28.866831132714015,0
camera2_clip_20260528_123150_12473,16,43.4618767279184,69.27167876637506,69.27167876637506,26.254612599100266,31.172302890069037,31.172302890069037,74.28526802855251,78.83451687780371,151.89858666458827,166.49564562295762,33.442318965360364,35.08124056449798,14.84263572792755,15.932309458851849,33.442318965360364,35.08124056449798,-33.37457275390625,-34.943572998046875,69.27167876637506,31.172302890069037,166.49564562295762,35.08124056449798,37.01600357953708,-160.61736203189128,-174.73507645817875,14.117714426287478,-138.6277149950729,-22.758373945151362,32.734850913311874,19.200699580447857,32.734850913311874,138.7859878540039,347.14405059814453,22.60675635328426,-160.61736203189128,-174.73507645817875,30.55236500642242,54.713331880161405,54.713331880161405,32.13644908387849,40.16266653645555,40.16266653645555,154.22201402193446,147.84145934861715,147.84145934861715,154.22201402193446,25.72442290766213,32.38861416855163,32.38861416855163,53.06345662225087,53.06345662225087,55.747881771129904,54.741190702859775,0.40769661167347954,-58.881599612481565,49.45043237496868,46.352650880251765,0.8404022671762917,-0.6263275146484375,36.48115592169618,0
camera2_clip_20260528_123150_12473,17,67.42332236705795,119.04372880615189,119.04372880615189,32.24937754528667,14.343650495251822,32.24937754528667,75.28733598053033,79.55956764033273,148.31325417246688,159.86846917380868,33.43661855306034,32.06678308117645,14.28619981776664,12.337560529183927,33.43661855306034,32.06678308117645,-33.421142578125,-32.02764892578125,119.04372880615189,14.343650495251822,159.86846917380868,32.06678308117645,48.93977444509792,-169.2092972076953,164.00516336395998,333.2144605716553,-135.9895920707092,-8.591935175804025,40.199193244937945,20.37937421190122,40.199193244937945,137.77392959594727,346.9657897949219,30.829125003794797,-169.2092972076953,164.00516336395998,62.51597783795035,58.1931712228672,62.51597783795035,36.59723112372887,52.196897920476694,52.196897920476694,151.03290345438745,146.08221493011516,146.08221493011516,151.03290345438745,47.98878761389402,39.817273282703255,47.98878761389402,52.99699440319515,52.99699440319515,54.36731990205415,51.622332688374186,0.5340871892643558,-40.69415342145568,49.430669880787676,42.89058052672851,0.36401427599615654,2.207550048828125,49.24566547268398,0
camera2_clip_20260528_123150_12473,18,73.43451890275023,69.50655607522913,73.43451890275023,43.64331897790506,32.155524814779454,43.64331897790506,75.37611022214763,80.73859770073364,143.76863587988424,154.29334303250616,32.652924251781265,31.22479295440995,13.491035144977733,11.303991451953824,32.652924251781265,31.22479295440995,-32.6517333984375,-31.22454833984375,69.50655607522913,32.155524814779454,154.29334303250616,31.22479295440995,47.42892357769457,-39.93277984656664,104.15826045918944,144.09104030575608,-134.17313509333582,129.27651736112867,45.618571828198476,20.215050867305035,45.618571828198476,136.27505493164062,347.06002044677734,45.055013123341844,-39.93277984656664,104.15826045918944,73.19861690926496,59.78757400540267,73.19861690926496,43.6935768666839,56.03097253251108,56.03097253251108,148.25499542638394,144.92792050007534,144.92792050007534,148.25499542638394,66.57639659324877,50.39998585713629,66.57639659324877,67.22217290860593,67.22217290860593,62.87422784686572,63.65097865566809,0.4868136084106955,-43.77510092080538,42.0940048568997,40.207921930764954,0.3055728084494555,0.9531707763671875,52.855055352534585,0
camera2_clip_20260528_123150_12473,19,83.40877071128206,73.34655780038953,83.40877071128206,105.41627074982516,48.22099858374681,105.41627074982516,76.99222479140471,81.1245840992493,149.66909213752203,153.04513711580933,30.861059970766284,29.574827923979758,11.834823963030265,10.424476512440885,30.861059970766284,29.574827923979758,-30.845123291015625,-29.574371337890625,73.34655780038953,48.22099858374681,153.04513711580933,29.574827923979758,69.8031844962038,-14.383467091344668,2.692345221765031,17.0758123131097,-133.62558749686534,25.54931275522197,81.54595886650851,26.880550265470795,81.54595886650851,134.4695053100586,346.7844772338867,54.79361412015632,-14.383467091344668,2.692345221765031,72.97593673219504,59.385472097273684,72.97593673219504,43.072128949638035,47.20184648471868,47.20184648471868,146.49483695569364,142.94142724285675,142.94142724285675,146.49483695569364,77.72424541735782,38.74360190008251,77.72424541735782,60.28600157628062,60.28600157628062,62.719444342758216,60.91399402839769,0.8198305176126018,-33.87847024230982,59.35491115902093,45.96436555718407,0.9120135253120843,2.090301513671875,63.16019487987405,0
camera2_clip_20260528_123150_12473,20,79.72738650706744,101.5015021211403,101.5015021211403,88.69601820401164,37.782912763531534,88.69601820401164,77.40394338236301,81.80758776355093,154.15766263211526,145.83030836096376,29.279434633976823,27.101659736736526,10.206112775990563,8.643030161866061,29.279434633976823,27.101659736736526,-29.213134765625,-27.0830078125,101.5015021211403,37.782912763531534,145.83030836096376,27.101659736736526,68.80634634514927,-9.675853253622007,-1.9496753514064586,7.726177902215548,-131.81589112202846,4.707613837722661,81.01390756078456,24.116350914360066,81.01390756078456,132.46252822875977,346.53297424316406,60.68022481238088,-9.675853253622007,-1.9496753514064586,83.28326575157294,58.56450662603315,83.28326575157294,52.51399678260905,51.39873059224425,52.51399678260905,145.09655566045265,141.85552768513188,141.85552768513188,145.09655566045265,93.84221986114811,50.95864610043243,93.84221986114811,58.007308078147716,58.007308078147716,58.788317061962445,55.28991987425528,1.0694270635396688,-28.570595475381683,57.16226736349219,40.61779709524033,1.8533522983138215,2.570709228515625,66.94995364874461,0
camera2_clip_20260528_123150_12473,21,76.08419574317374,83.13885572758143,83.13885572758143,97.95738741492148,21.662029431867936,97.95738741492148,79.58595566084676,83.48588304158214,160.53192273668722,131.96879112357743,28.32682836810807,25.393445568322832,8.87674470449347,7.441970503495429,28.32682836810807,25.393445568322832,-28.24261474609375,-25.251007080078125,83.13885572758143,21.662029431867936,131.96879112357743,25.393445568322832,60.57582622914353,-7.739874226156688,-4.570890220038747,3.1689840061179417,-129.36623242807312,1.9359790274653186,76.027739075471,8.584749981845585,76.027739075471,130.5629062652588,346.73352813720703,57.305383008649315,-7.739874226156688,-4.570890220038747,82.65001973198599,56.283928957549705,82.65001973198599,60.2254198055998,47.94415112887253,60.2254198055998,144.1125137207059,140.01688387963807,140.01688387963807,144.1125137207059,98.3235082345686,51.94194452905229,98.3235082345686,45.868159221550314,45.868159221550314,44.556117968664054,41.55587181654806,1.236379353047986,-26.408199858262208,40.90882544711207,26.464602460500252,2.611579891843449,1.541046142578125,63.40199414687418,0
camera2_clip_20260528_123150_12473,22,40.65946218755342,58.561320836981146,58.561320836981146,59.798514275262285,26.389334993315277,59.798514275262285,80.57584305348301,85.07984569039618,165.94100556366283,140.4245805685779,27.842932970942282,27.294292157669215,8.616341314334084,8.719893493883127,27.842932970942282,27.294292157669215,-27.732147216796875,-27.1009521484375,58.561320836981146,26.389334993315277,140.4245805685779,27.294292157669215,40.537260522482754,-7.652312351330834,-5.674816243611554,1.97749610771928,-126.73038042519295,0.08756187482585442,47.10754875445974,10.707382087324646,47.10754875445974,129.0089569091797,347.0310287475586,47.46513133845082,-7.652312351330834,-5.674816243611554,68.53733955293833,47.58138412081652,68.53733955293833,55.381350500170456,35.47870973282721,55.381350500170456,143.62329542928546,138.6711586384201,138.6711586384201,143.62329542928546,80.19387085943188,54.53131117243464,80.19387085943188,45.50157312875649,45.50157312875649,43.317318618090106,43.18900377789802,1.316274405020118,-27.006898819554632,31.66338564301212,25.504007749432937,3.064258555520113,-0.6322021484375,48.743960756126306,0
camera2_clip_20260528_123150_12473,23,34.13426990005015,56.482361046192,56.482361046192,34.35291244074729,32.95791835650416,34.35291244074729,81.95877120432931,86.50588132011951,171.53078197255374,138.25267930856208,26.853545467849667,25.80541165235191,8.203659049542702,8.105702420340057,26.853545467849667,25.80541165235191,-26.731597900390625,-25.5167236328125,56.482361046192,32.95791835650416,138.25267930856208,25.80541165235191,29.330698752640064,-8.088935528356915,-6.465780059700504,1.6231554686564111,-124.15646861316938,-0.4366231770260809,10.324838917770048,7.7318918545767445,10.324838917770048,128.3668155670166,347.2488250732422,20.342140214752604,-8.088935528356915,-6.465780059700504,50.32282938901445,40.63562409041441,50.32282938901445,42.38177046642979,24.122610223186655,42.38177046642979,143.20703759917652,137.1809579603606,137.1809579603606,143.20703759917652,44.62037433251197,34.8245183364318,44.62037433251197,44.84424574695099,44.84424574695099,43.50449123784129,46.98003279889178,1.5662434116238668,-22.855315201588216,27.17782530898327,36.55130985387784,3.7837538628488367,1.463134765625,34.40765994615245,0
camera2_clip_20260528_123150_12473,24,14.932594084876175,24.176843182134007,24.176843182134007,62.22487398905298,17.466540439239555,62.22487398905298,80.64458191171333,86.60704604793816,158.39466504582313,130.00410163363767,26.76354292849958,25.493167507696185,8.231642835867445,8.00608174301634,26.76354292849958,25.493167507696185,-26.730377197265625,-25.064117431640625,24.176843182134007,17.466540439239555,130.00410163363767,25.493167507696185,28.87491642581207,-5.872091282789138,-4.539409437542058,1.3326818452470803,-120.32542677872793,2.216844245567777,49.14130791570912,5.307338943860583,49.14130791570912,128.45411682128906,347.8512954711914,18.262882589075893,-5.872091282789138,-4.539409437542058,37.38890368719744,48.089818604163476,48.089818604163476,26.995322381239436,25.601804271103667,26.995322381239436,141.91568475347785,135.85686096948916,135.85686096948916,141.91568475347785,34.732070439181946,54.81274800105337,54.81274800105337,45.032584958222806,45.032584958222806,47.602332063170664,45.16781168027886,1.5272908155848972,-17.454147206244805,44.58967535970719,34.51772690952854,3.5335028762097713,0.301177978515625,33.40584716156765,0
camera2_clip_20260528_123150_12473,25,12.124115509162934,27.864472605880398,27.864472605880398,44.8952605679098,4.233307167161618,44.8952605679098,81.17706337560553,85.81622531499127,152.13839563367645,133.9012404911229,26.667694452624993,26.22348079704747,8.761685787244074,8.601175413259188,26.667694452624993,26.22348079704747,-26.667694091796875,-25.8648681640625,27.864472605880398,4.233307167161618,133.9012404911229,26.22348079704747,23.87380379093604,-4.288606308004909,-2.6570900839402336,1.6315162240646757,-118.07954913762528,1.5834849747842288,49.30647052728752,4.819196368213985,49.30647052728752,128.8169002532959,348.30322265625,17.385770020918795,-4.288606308004909,-2.6570900839402336,18.141345460071445,37.78981956679472,37.78981956679472,5.519396591973665,24.184479933855187,24.184479933855187,139.2108687102295,133.1218857015642,133.1218857015642,139.2108687102295,30.9367938157514,36.88850159317207,36.88850159317207,53.30911904310047,53.30911904310047,56.833461065237316,51.44187123293401,1.3635013952380797,-14.310955676298017,52.34483279702461,30.988016693042514,2.850379169890959,-0.312896728515625,24.725263308936224,0
camera2_clip_20260528_123150_12473,26,34.12100776507383,31.936909674870122,34.12100776507383,47.346291037707786,15.976471001689786,47.346291037707786,81.31945527950721,86.09260051652993,152.84710727419056,139.79993900086626,26.237156622383687,26.705955389077634,9.25887794862676,9.005782352452476,26.237156622383687,26.705955389077634,-26.23577880859375,-26.40118408203125,31.936909674870122,15.976471001689786,139.79993900086626,26.705955389077634,30.08196523372833,1.029281588045938,1.3758559227253373,0.34657433467939924,-116.33245317447222,5.3178878960508476,33.56942881701365,17.54168310601479,33.56942881701365,129.27704429626465,348.46290588378906,14.61191794711519,1.029281588045938,1.3758559227253373,12.147984877900525,24.59959572496467,24.59959572496467,19.492381583224173,29.573074536855614,29.573074536855614,138.34863922610285,131.46445444462387,131.46445444462387,138.34863922610285,14.050435352183987,17.873875321385896,17.873875321385896,74.64735071636666,74.64735071636666,69.85612236787706,78.25580115579382,1.703842049341591,-8.558712676841061,44.203381729061505,61.62702323143403,3.5524847773773565,0.1129608154296875,24.852428233240403,0
camera2_clip_20260528_123150_12473,27,42.97981597694795,27.59369410178948,42.97981597694795,18.426031750312273,25.327561835601923,25.327561835601923,82.81416162742732,86.94316820970602,154.48895055098924,141.73244581660902,25.136528346007527,26.656634948517933,8.410819450550576,9.053449335180566,25.136528346007527,26.656634948517933,-25.13189697265625,-26.322174072265625,27.59369410178948,25.327561835601923,141.73244581660902,26.656634948517933,29.222087798210328,2.0438663349143336,2.4947990996797516,0.450932764765418,-114.47910602768697,1.0145847468683955,28.07070578823719,32.93471733637316,32.93471733637316,129.82891464233398,348.55033111572266,16.762566779714795,2.0438663349143336,2.4947990996797516,25.97715902943202,12.10507291179419,25.97715902943202,26.18571682074817,19.590270571656127,26.18571682074817,139.5201848436653,131.11276683696715,131.11276683696715,139.5201848436653,7.585565950105086,9.633781296069055,9.633781296069055,68.96775260396063,68.96775260396063,64.43435784923665,75.86410286777165,2.158096178793063,-6.0066098631317315,42.3603004435982,70.14807902537412,4.603458557188143,0.687896728515625,23.034174447422217,0
camera2_clip_20260528_123150_12473,28,35.40093094520274,51.16965366054158,51.16965366054158,33.91267109419056,34.146332473842634,34.146332473842634,84.94501017610355,86.50512467309932,158.6473135475851,146.60463167975993,24.745695574570146,27.658190822962247,8.368628805815202,9.64556067415282,24.745695574570146,27.658190822962247,-24.7303466796875,-27.417022705078125,51.16965366054158,34.146332473842634,146.60463167975993,27.658190822962247,36.495034822386124,5.827700798427115,3.65309107398921,2.1746097244379046,-113.64252909829301,3.783834463512781,33.622727135070186,30.71789362546905,33.622727135070186,130.62705039978027,348.2902069091797,25.183660598284227,5.827700798427115,3.65309107398921,40.013126439844,18.17225848676064,40.013126439844,33.32992484518237,27.941390596697634,33.32992484518237,140.85047378007556,129.96339403713034,129.96339403713034,140.85047378007556,20.678185410673095,18.989287288345682,20.678185410673095,55.71273102536857,55.71273102536857,56.56157071664313,56.84458296856401,2.1914551516655045,-4.013449586341994,50.09854362145275,49.633374024856906,4.660779610465305,0.15350341796875,31.50786516681835,0
camera2_clip_20260528_123150_12473,29,34.578717566753525,48.96063238281561,48.96063238281561,26.27966085651554,36.54873652022252,36.54873652022252,86.74263733115292,86.67166190459653,164.8367914465844,151.28198477771014,24.172264716926577,28.252208042235022,8.14986879819688,10.122446035967176,24.172264716926577,28.252208042235022,-24.160308837890625,-28.065826416015625,48.96063238281561,36.54873652022252,151.28198477771014,28.252208042235022,33.93214988585648,5.612748940496258,1.8336379701129624,3.7791109703832952,-113.20178808217607,-0.21495185793085714,20.145684197812322,37.079467791019354,37.079467791019354,131.42985343933105,348.0709991455078,24.9657823344152,5.612748940496258,1.8336379701129624,46.7378326314207,28.788282517872727,46.7378326314207,29.10171896017182,35.92409532049734,35.92409532049734,143.72486418437367,128.96803246552184,128.96803246552184,143.72486418437367,16.612120236074734,27.367613752431925,27.367613752431925,61.75753455779812,61.75753455779812,53.99826369811603,66.16869749267914,2.612237081499614,-3.1737223265821126,30.25209907564275,60.64993925143042,5.71597252596979,0.302398681640625,32.343713561134,0
camera2_clip_20260528_123150_12473,30,39.09060157863741,54.17042992468632,54.17042992468632,28.928813859469773,52.609374869744286,52.609374869744286,87.49217783178835,87.3014123037084,171.59878261274605,151.84564000666035,24.007819201031374,28.118257918049014,8.477883448220942,10.001488759666815,24.007819201031374,28.118257918049014,-24.007080078125,-27.910858154296875,54.17042992468632,52.609374869744286,151.84564000666035,28.118257918049014,42.505927263106564,6.081111954706404,1.2375944805180878,4.843517474188316,-112.78457200914129,0.46836301421014603,21.380869161789676,58.85547418431191,58.85547418431191,132.62713432312012,347.9240036010742,36.188123525447445,6.081111954706404,1.2375944805180878,52.27434368175708,41.54300094406187,52.27434368175708,36.90463361494368,39.174493138287964,39.174493138287964,147.1316449318921,128.8808804632111,128.8808804632111,147.1316449318921,20.620345964185645,44.78412065086383,44.78412065086383,69.39245629020083,69.39245629020083,59.87584729743205,75.84879782233972,3.1532012484236613,-2.5566533532362903,34.47301732224057,76.70708077252301,7.137588954725634,0.3156280517578125,40.86137513106162,0
camera2_clip_20260528_123150_12473,31,44.54661800165725,48.69876368095951,48.69876368095951,48.5122899628452,53.58890493647956,53.58890493647956,87.81660254340234,87.00102708468405,170.56659339950158,150.6930766034704,23.865209738850776,28.378907749612623,8.160304465036798,10.067320488871808,23.865209738850776,28.378907749612623,-23.861358642578125,-28.167327880859375,48.69876368095951,53.58890493647956,150.6930766034704,28.378907749612623,49.444034265061354,6.163475797473796,1.6797025184842562,4.48377327898954,-112.46666863993005,0.08236384276739273,51.093499627068596,50.224129381357976,51.093499627068596,134.22607612609863,347.80738830566406,48.095661080727496,6.163475797473796,1.6797025184842562,49.06530563972671,45.972644616745924,49.06530563972671,39.38993436852147,40.828852333159546,40.828852333159546,147.7397496523582,129.09837135462493,129.09837135462493,147.7397496523582,46.13457908551679,44.94255620238672,46.13457908551679,60.54108549325623,60.54108549325623,58.69650645958944,61.77697238994612,3.260057415148328,-2.2425111808912725,53.20910358171433,57.86748907329605,7.297416446836068,0.082366943359375,46.91650648636877,0
camera2_clip_20260528_123150_12473,32,44.854351135546,63.42932279934675,63.42932279934675,45.83982695612795,50.51419059361861,50.51419059361861,87.02503272217633,86.74297081959162,170.66678224653234,152.87976982941817,24.026303198128012,28.502326858662435,8.658238340211025,9.98024683079702,24.026303198128012,28.502326858662435,-24.025787353515625,-28.34991455078125,63.42932279934675,50.51419059361861,152.87976982941817,28.502326858662435,48.26420598917071,7.5911399059303255,1.8298237405884548,5.761316165341871,-113.07595596626398,1.4276641084565291,37.23162166991443,47.715922780470585,47.715922780470585,135.7912197113037,347.6585693359375,47.166082890708374,7.5911399059303255,1.8298237405884548,33.38282725093973,50.95596289059621,50.95596289059621,38.426119525974414,51.81014206551771,51.81014206551771,146.61534847404826,128.65485030771416,128.65485030771416,146.61534847404826,47.88470993259697,56.20113881642109,56.20113881642109,62.154503415228575,62.154503415228575,58.07451521328471,61.63059290038903,3.3781218413524483,-1.6969530713551106,43.54691748053523,52.8108264910826,7.609939345074351,-0.07208251953125,47.35384470142253,0
camera2_clip_20260528_123150_12473,33,50.42347937792012,49.429835484121746,50.42347937792012,45.44064677937703,47.420701817803845,47.420701817803845,84.95563937806067,87.02842595796412,169.5219817888612,152.5659904394432,24.435180072652255,28.106892668744283,9.03774235032456,9.635152272210014,24.435180072652255,28.106892668744283,-24.429931640625,-27.946929931640625,49.429835484121746,47.420701817803845,152.5659904394432,28.106892668744283,45.29954994605682,7.456930953092936,1.590356202000211,5.866574751092725,-113.0758388030396,-0.13420895283738954,28.620193689669506,50.4624425274487,50.4624425274487,137.09874534606934,347.73899841308594,39.299909794020905,7.456930953092936,1.590356202000211,34.228013980811006,45.63963279432302,45.63963279432302,46.40841500919764,51.96138328445226,51.96138328445226,145.92422714170027,128.03283005453991,128.03283005453991,145.92422714170027,31.37079596547354,46.76622825011869,46.76622825011869,67.97653455219253,67.97653455219253,57.43586429345056,73.13661581672203,3.9021282215357647,-1.0306766097421476,29.806346292506664,68.39176010737931,8.897779871916976,-0.0971527099609375,44.014314080059755,0
camera2_clip_20260528_123150_12473,34,52.862594057935205,43.1173640394273,52.862594057935205,45.46761240654436,54.00688153274587,54.00688153274587,83.97769982927854,87.89909051449376,169.82513524145187,150.6886033800619,24.860032656831784,27.921349125714684,9.421309034329251,9.439237829038554,24.860032656831784,27.921349125714684,-24.84197998046875,-27.68719482421875,43.1173640394273,54.00688153274587,150.6886033800619,27.921349125714684,49.14643381268767,7.692034830983322,1.6727734582763074,6.019261372707014,-112.54202640345224,0.23510387789038578,37.44658341525561,61.977567424217696,61.977567424217696,138.56625747680664,347.8558807373047,44.164782331834594,7.692034830983322,1.6727734582763074,28.491907885933802,52.56162099867475,52.56162099867475,49.15820298545754,50.519968486627924,50.519968486627924,144.59111529333885,128.1734946504861,128.1734946504861,144.59111529333885,29.963966266896076,47.36560647433207,47.36560647433207,57.585413471063575,57.585413471063575,56.045365017735755,57.86745761081743,3.9635946279907355,-0.704529733947054,50.36836267110388,56.150728456442636,9.091888767717503,-0.2514495849609375,46.07832299783735,0
camera2_clip_20260528_123150_12473,35,44.64491003521703,42.76558837659959,44.64491003521703,49.978645059864895,44.06827558976247,49.978645059864895,83.93362133719639,88.00678873709657,168.46820271127874,150.95662315045536,25.177482128900305,28.23639808991071,9.499239506886274,9.715158733428085,25.177482128900305,28.23639808991071,-25.165863037109375,-27.986907958984375,42.76558837659959,44.06827558976247,150.95662315045536,28.23639808991071,45.47404871512857,6.275125527658229,0.7047803157127859,5.570345211945443,-111.70857572257003,-1.4169093033250926,46.41742890447813,44.96944432484933,46.41742890447813,139.81147003173828,348.07102966308594,37.9098803810008,6.275125527658229,0.7047803157127859,35.77497722996881,43.75798792512089,43.75798792512089,33.216378789556124,40.361688248225086,40.361688248225086,145.0483441891693,128.9413033385956,128.9413033385956,145.0483441891693,30.411987525176954,30.1235071650541,30.411987525176954,44.14325044032499,44.14325044032499,43.681759311838114,43.35998621313282,3.953655247172882,-1.111459462437961,44.22241902652088,42.67064846802399,9.043832702312665,-0.5615081787109375,40.54090159782279,0
camera2_clip_20260528_123150_12473,36,41.81529509552713,40.40872226183216,41.81529509552713,25.67032145331992,34.21204662555926,34.21204662555926,84.55295831479816,88.40385011113878,170.9069880909335,153.22117331610124,25.582486796485107,28.261958607040214,10.032115018897636,9.976532411149538,25.582486796485107,28.261958607040214,-25.568511962890625,-28.0166015625,40.40872226183216,34.21204662555926,153.22117331610124,28.261958607040214,35.70224806256696,4.412438799226783,-0.8796540058482321,5.292092805075015,-111.10443948558812,-1.862686728431446,32.75259216194052,39.35451077722278,39.35451077722278,140.73240661621094,348.4108352661133,29.44881723298993,4.412438799226783,-0.8796540058482321,32.92418975664568,33.78464232492018,33.78464232492018,18.66192233524882,33.62187545834249,33.62187545834249,146.78228160893707,129.148637594628,129.148637594628,146.78228160893707,20.92522479277531,26.04854511336922,26.04854511336922,26.73520336067548,26.73520336067548,28.144779551679438,26.606066737069312,3.9096202167633423,-1.7082527462477424,33.64348611035461,32.359367065127095,9.02634757486471,-0.621002197265625,31.681657346391955,0
camera2_clip_20260528_123150_12473,37,46.44726524070907,34.1298473682911,46.44726524070907,37.66613298338018,34.481927333184565,37.66613298338018,85.30402311041054,88.62874589793095,173.34631154307985,153.38463129085707,25.569816153560893,28.47345978491359,10.031123589496469,9.994661748160212,25.569816153560893,28.47345978491359,-25.55279541015625,-28.218292236328125,34.1298473682911,34.481927333184565,153.38463129085707,28.47345978491359,38.59418861567887,4.242255292437769,-1.169927374872211,5.41218266730998,-111.02481695969936,-0.17018350678901406,43.955058983972584,34.88489978453571,43.955058983972584,141.9892234802246,348.6405792236328,38.3292815497148,4.242255292437769,-1.169927374872211,50.06244921413803,31.281002270920904,50.06244921413803,41.58741667085352,33.62875863725353,41.58741667085352,147.85211496426223,128.79079084267048,128.79079084267048,147.85211496426223,40.9283917086877,33.56851009011955,40.9283917086877,35.884197788257005,35.884197788257005,38.03760891832411,35.65842050608445,3.8378899851220933,-2.2092782221003167,43.82880831789944,36.28124903616053,8.790299493896153,-0.3480987548828125,38.55180502383721,0
camera2_clip_20260528_123150_12473,38,40.41659919725048,29.55952932645186,40.41659919725048,34.37907403982833,36.73897621647347,36.73897621647347,86.71004611444671,88.46217159759046,175.94680099019766,151.7920519435994,25.537547630794524,28.586302055190828,9.937130451980892,10.010085484871986,25.537547630794524,28.586302055190828,-25.526123046875,-28.308837890625,29.55952932645186,36.73897621647347,151.7920519435994,28.586302055190828,36.86678952581196,3.635398390562124,-0.9153491236133123,4.550747514175436,-111.08594000092167,-0.6068569018756453,45.52429031797997,34.58226805688765,45.52429031797997,143.35210418701172,348.70935821533203,40.93845299432457,3.635398390562124,-0.9153491236133123,41.176726619602796,31.152364515578668,41.176726619602796,39.27428258038259,28.66956296157593,39.27428258038259,147.52748023054275,128.63946711191278,128.63946711191278,147.52748023054275,46.23359154943784,37.52828285089149,46.23359154943784,35.14145933395169,35.14145933395169,37.947107632805995,30.674877903662583,3.607880506394962,-3.6440520611116467,43.44215033379909,24.557642956527268,8.200583247859518,-0.0692138671875,37.10296235269509,0
camera2_clip_20260528_123150_12473,39,33.20102725554866,19.164919310396083,33.20102725554866,31.831717482055087,22.017107370509244,31.831717482055087,88.05604307764867,88.87356035167231,177.9281643912657,151.5437447627126,25.32008270626083,28.481889873460684,9.564507464867864,9.745663021802526,25.32008270626083,28.481889873460684,-25.31488037109375,-28.1866455078125,19.164919310396083,22.017107370509244,151.5437447627126,28.481889873460684,28.483997542971185,4.227275977037915,0.5375657496047058,3.6897102274332094,-111.01465079665418,0.5918775864757913,41.18442261521283,23.504791224105222,41.18442261521283,144.3566131591797,348.86783599853516,30.508001157752584,4.227275977037915,0.5375657496047058,25.15769238549926,27.42643275653205,27.42643275653205,21.771336522382708,31.14728746554251,31.14728746554251,147.1223398651471,129.3457250183823,129.3457250183823,147.1223398651471,34.865479531224125,23.111327860166583,34.865479531224125,18.241597124308903,18.241597124308903,23.39893263571971,17.250376420847605,3.219438751438277,-4.333306850640533,40.48352340188488,14.743302173407265,7.197654627509371,-0.0593719482421875,27.865295148264526,0
camera2_clip_20260528_123150_12473,40,37.226557296632976,22.693677339498084,37.226557296632976,46.57209528813695,41.09784459657479,46.57209528813695,87.9737307021558,89.34414292344417,176.1298411279946,149.07756721260375,25.03093735792398,28.252493024989274,9.197083972905858,9.236155766723975,25.03093735792398,28.252493024989274,-25.029541015625,-27.903472900390625,22.693677339498084,41.09784459657479,149.07756721260375,28.252493024989274,38.12620675747668,8.225836459356882,4.231042366001455,3.994794093355427,-110.7916966521656,3.9985604823189673,45.31289826518182,35.85416775883547,45.31289826518182,145.5309829711914,349.38069915771484,38.44419030058233,8.225836459356882,4.231042366001455,26.004140633155966,41.668026387981314,41.668026387981314,43.1786976512499,48.63294594456277,48.63294594456277,145.3002146870658,130.2007282046949,130.2007282046949,145.3002146870658,40.444688626208865,35.37832815042927,40.444688626208865,32.83650063321807,32.83650063321807,36.63363400707826,32.6708783605899,2.7875370440673106,-4.049238398655844,47.89243021272814,29.663561940789126,6.185996669887739,-0.1973114013671875,38.67200566153734,0
camera2_clip_20260528_123150_12473,41,49.70883932577173,25.940691349184142,49.70883932577173,73.79798207540094,43.51612098165498,73.79798207540094,87.39183506395602,89.8474022949449,171.0952410701398,146.5017034507825,25.102548937437582,28.139019002796875,8.74719514642733,8.848743519820916,25.102548937437582,28.139019002796875,-25.101654052734375,-27.724884033203125,25.940691349184142,43.51612098165498,146.5017034507825,28.139019002796875,48.98778410430281,12.556343729767107,8.960367277147078,3.595976452620029,-110.6722976130748,4.330507270410225,62.862912220194104,38.10015867361097,62.862912220194104,147.00945281982422,349.99305725097656,48.008019902194604,12.556343729767107,8.960367277147078,32.290720486109805,50.221267595880825,50.221267595880825,51.3676003060597,51.26349506198891,51.3676003060597,142.77046465744527,131.9050498595135,131.9050498595135,142.77046465744527,54.807227902601475,39.75510054308976,54.807227902601475,42.507872703650186,42.507872703650186,46.432046920062376,41.85663991537625,2.2248611058675305,-3.846748330983236,59.60281792942602,36.01449159919923,4.787648022852147,-0.57666015625,47.80267637679561,0
camera2_clip_20260528_123150_12473,42,43.07148045210939,30.087942454879382,43.07148045210939,63.86671724222887,37.77122019267995,63.86671724222887,86.83056707108885,90.17776353668788,165.57573245070213,145.67636031877618,25.20403350387599,27.79166662387144,8.53585877933041,8.5629763146193,25.20403350387599,27.79166662387144,-25.193328857421875,-27.353912353515625,30.087942454879382,37.77122019267995,145.67636031877618,27.79166662387144,44.453421617227946,13.383720687873007,10.25981136111759,3.1239093267554168,-110.57415965016618,0.8273769581058996,51.28083929355846,40.64233006791165,51.28083929355846,148.0124168395996,351.0682067871094,44.1100330424899,13.383720687873007,10.25981136111759,30.16522218624619,35.09360052758007,35.09360052758007,32.107614590556516,45.72792283715357,45.72792283715357,141.78195016975653,131.01621952650575,131.01621952650575,141.78195016975653,44.9063348697167,40.442212776845594,44.9063348697167,27.127995144877588,27.127995144877588,28.628468673514632,28.016464815261788,2.1520584173907027,-3.253337516366996,38.65563113525791,38.24465291825803,4.649095109897453,-0.9692840576171875,41.26361979095553,0
camera2_clip_20260528_123150_12473,43,54.19885112276923,31.12956019899532,54.19885112276923,85.56766429684642,44.163218484429144,85.56766429684642,86.05556110683465,90.59852132444075,157.46105213068228,143.62632171152805,25.526146372636273,27.679255172375765,8.169594777725745,8.323728478114766,25.526146372636273,27.679255172375765,-25.488739013671875,-27.182464599609375,31.12956019899532,44.163218484429144,143.62632171152805,27.679255172375765,52.44983784146765,13.121122177406958,11.434975584517296,1.6861465928896617,-109.91143391630081,-0.26259851046604865,59.39433065210109,40.24540229366473,59.39433065210109,148.92166900634766,352.1773376464844,43.02580259981852,13.121122177406958,11.434975584517296,27.61187029428571,37.22715699216773,37.22715699216773,37.02004416575493,50.68881163377496,50.68881163377496,141.34716064279348,131.17887596340262,131.17887596340262,141.34716064279348,40.17051269107941,34.08838863466101,40.17051269107941,23.08841042780169,23.08841042780169,26.53956051917309,23.560364594189622,1.822291089357351,-3.4438788174754587,46.553625733110586,32.75188394591866,3.8071154373958613,-1.264892578125,45.12548428837747,0
camera2_clip_20260528_123150_12473,44,56.65367408674072,35.93757928218856,56.65367408674072,65.13475404833247,27.183926939481193,65.13475404833247,85.0321984107574,90.7702606014164,152.71459913409376,145.8000630660805,26.09890294676561,27.511283791944695,8.411051492921873,8.22475356551061,26.09890294676561,27.511283791944695,-26.0494384765625,-27.05548095703125,35.93757928218856,27.183926939481193,145.8000630660805,27.511283791944695,43.96257528087881,9.017111473017716,9.292936016244322,0.2758245432266069,-109.67400378636724,-4.104010704389243,46.10138127858485,32.76413604994507,46.10138127858485,149.76434707641602,353.163330078125,38.910906755356585,9.017111473017716,9.292936016244322,29.016074839363103,33.02070876581506,33.02070876581506,29.855874868456603,40.72307975380733,40.72307975380733,140.12061841421288,130.39084863557576,130.39084863557576,140.12061841421288,40.646277675258446,36.35844790957446,40.646277675258446,36.616876817145815,36.616876817145815,36.99211898291827,35.618795830885,1.8321873320933115,-5.226527186676953,38.236863637377034,36.1909048907267,3.8743598346950696,-1.1755218505859375,39.449659624795665,0
camera2_clip_20260528_123150_12473,45,28.200188998109923,18.285195080863208,28.200188998109923,43.40297846815613,12.902378031882598,43.40297846815613,84.62798132067559,91.13259995101937,150.357733042991,148.21643158417587,25.95615431143916,27.41411337134082,7.975800481792321,8.144973548664803,25.95615431143916,27.41411337134082,-25.911285400390625,-26.98626708984375,18.285195080863208,12.902378031882598,148.21643158417587,27.41411337134082,25.410537542457035,4.160339230969686,5.647028875384235,1.4866896444145494,-110.28728285060926,-4.85677224204803,31.269007699042557,18.403476976687823,31.269007699042557,150.10548782348633,353.8342819213867,22.5809221857565,4.160339230969686,5.647028875384235,16.67264510505997,5.461235102742654,16.67264510505997,14.228984489419817,14.927043273318795,14.927043273318795,139.9502646048232,128.67361914004448,128.67361914004448,139.9502646048232,24.219060767491055,18.708046616281386,24.219060767491055,15.799654698999493,15.799654698999493,15.69682263249042,15.004695317189022,1.9058343442590395,-6.24743635486969,19.72364429155384,18.67470147088341,4.028472538008095,-0.694244384765625,20.556686717421325,0
camera2_clip_20260528_123150_12473,46,13.67120076969322,12.702479379842686,13.67120076969322,5.357515374684406,6.249067609499421,6.249067609499421,84.25176863401066,90.78142339888092,152.19489038541747,150.5278632470336,25.933848420951467,27.2181303068279,8.136152562248215,8.224514433014527,25.933848420951467,27.2181303068279,-25.90576171875,-26.85797119140625,12.702479379842686,6.249067609499421,150.5278632470336,27.2181303068279,9.83357577605027,1.4339734059345985,2.734107678709357,1.3001342727747585,-110.33851407847087,-2.726365825035087,14.085137861852267,6.936053660729608,14.085137861852267,150.06018447875977,354.24097442626953,12.276239974607176,1.4339734059345985,2.734107678709357,16.386136589831693,8.690553794803698,16.386136589831693,17.401611434334107,20.758990017511856,20.758990017511856,139.50317051762912,126.90268241615038,126.90268241615038,139.50317051762912,16.699698673429236,12.523055722377991,16.699698673429236,15.25655033015409,15.25655033015409,12.641983501636378,16.301876547147977,2.042541852489643,-6.32194639907734,10.523076078175864,12.820798124603717,4.297914567194988,-0.2671356201171875,12.62179174071585,0
camera2_clip_20260528_123150_12473,47,22.844047984363797,17.82969647004391,22.844047984363797,5.056543074945472,18.062100929114607,18.062100929114607,83.52019585206439,90.35183249383417,154.63870583227086,152.7803549334664,26.433884138658197,27.220266718249363,8.750239199390071,8.570448074079705,26.433884138658197,27.220266718249363,-26.422637939453125,-26.91192626953125,17.82969647004391,18.062100929114607,152.7803549334664,27.220266718249363,12.744848080243926,-0.34340716298738433,1.4402694925220334,1.7836766555094177,-110.30850997092433,-1.7773805689219828,4.757515973213651,7.91918404978212,7.91918404978212,150.15941619873047,354.3319625854492,4.03896043844539,-0.34340716298738433,1.4402694925220334,3.70996207982543,8.835833806756257,8.835833806756257,9.940285169797184,10.90165741523113,10.90165741523113,138.2779485343246,126.75319307373549,126.75319307373549,138.2779485343246,4.216492068523705,6.7470743400439135,6.7470743400439135,18.669037249755245,18.669037249755245,17.205522616691432,18.333763553948206,2.109411101175811,-6.803153549538059,10.280430411800651,11.657827491615443,4.478425423574273,-0.3597412109375,10.068366113470098,0
camera2_clip_20260528_123150_12473,48,9.828074749128648,19.750406127939335,19.750406127939335,13.01387707513276,9.862276125200884,13.01387707513276,82.80941627520707,89.8553622159191,156.3849991791094,154.6258887349967,26.59650064292214,27.304220166137185,9.403021407323845,8.846950341689267,26.59650064292214,27.304220166137185,-26.59283447265625,-27.049224853515625,19.750406127939335,9.862276125200884,154.6258887349967,27.304220166137185,11.864730030991312,0.8348455275383763,1.0995929752805818,0.2647474477422055,-110.64150054745389,1.1782526905257606,9.530778086863362,9.202968021682883,9.530778086863362,150.19263458251953,354.53771209716797,6.2524147602870475,0.8348455275383763,1.0995929752805818,3.5839129136780237,5.508552378560799,5.508552378560799,10.925021550733678,9.857312846955498,10.925021550733678,137.47853781225277,126.28175114676993,126.28175114676993,137.47853781225277,6.362214786775598,9.820925069693988,9.820925069693988,22.19467319340212,22.19467319340212,14.404105725070737,25.266098102075144,2.480104794843658,-5.554398824966391,10.273242358658782,20.98805277347008,5.427507728163926,-0.3607025146484375,9.77052664436212,0
camera2_clip_20260528_123150_12473,49,12.342141989236664,17.288728813548744,17.288728813548744,10.699026813749235,21.93866510021551,21.93866510021551,82.64191024947378,89.59040785800205,156.0639232475086,151.82282294162576,26.43786002466713,27.3339451013457,9.58128628525221,8.828646736702435,26.43786002466713,27.3339451013457,-26.433013916015625,-27.04327392578125,17.288728813548744,21.93866510021551,151.82282294162576,27.3339451013457,15.057769132846294,4.153850534938163,2.446007150743645,1.7078433841945184,-111.23778049431421,3.319005007399787,11.95537973623935,16.122672344088265,16.122672344088265,150.15972137451172,354.8030776977539,8.02196753372455,4.153850534938163,2.446007150743645,5.128383130508462,3.2563271940157277,5.128383130508462,8.07736119487189,11.903467568010809,11.903467568010809,137.1117510558318,125.15779901977827,125.15779901977827,137.1117510558318,3.577976908805038,9.02394178764856,9.02394178764856,20.96423762517024,20.96423762517024,15.505402183861932,24.30805755828745,2.778312013006971,-3.6899070453309237,3.4422436544008477,17.683176873044626,6.110236958411615,-0.2852935791015625,10.942839381744854,0
camera2_clip_20260528_123150_12473,50,2.7247441550727833,5.1358163719999474,5.1358163719999474,4.2127673375788195,16.1474463029039,16.1474463029039,82.11167925083399,89.83573004925569,155.31194973991373,148.86310274168343,26.217476162418844,27.035709923183518,9.700189577058913,8.569384231933945,26.217476162418844,27.035709923183518,-26.213470458984375,-26.682708740234375,5.1358163719999474,16.1474463029039,148.86310274168343,27.035709923183518,8.179909700144112,6.112370647335786,3.2115948327563526,2.9007758145794336,-111.0619650585242,1.9585201123976228,6.7499816938986505,14.108702339410572,14.108702339410572,150.12961959838867,355.0388488769531,7.1305504191525735,6.112370647335786,3.2115948327563526,0.8614948121147195,4.92710442405991,4.92710442405991,6.727134254127623,15.707606611977194,15.707606611977194,137.00219019743122,124.390973599405,124.390973599405,137.00219019743122,7.979086840292937,6.150474690180493,7.979086840292937,34.22388751430056,34.22388751430056,24.433379948490206,38.0163515598229,3.232182031273192,-2.8076998770988033,2.8605156654763544,28.770786157759506,7.144825337827016,-0.0099334716796875,7.619363319468128,0
camera2_clip_20260528_123150_12473,51,9.181164607456909,10.664165700685595,10.664165700685595,11.776167540388574,28.860219213528637,28.860219213528637,81.27800693830869,90.4969886411056,151.37229004125467,143.8291367922861,25.633296733969747,26.718730327606103,9.25010396461603,8.11411905399606,25.633296733969747,26.718730327606103,-25.627349853515625,-26.2435302734375,10.664165700685595,28.860219213528637,143.8291367922861,26.718730327606103,15.238842168157047,7.346188523738758,3.7826949403745815,3.5634935833641763,-111.08836809359316,1.2338178764029717,11.581987281188361,19.3693486656942,19.3693486656942,150.17291259765625,355.32601165771484,8.712236899691543,7.346188523738758,3.7826949403745815,9.116667255664103,3.3514253681645436,9.116667255664103,6.650967404901395,13.484745029398264,13.484745029398264,138.13450425315762,123.59071372280017,123.59071372280017,138.13450425315762,5.535995886120903,5.816860743558765,5.816860743558765,20.43986672806769,20.43986672806769,11.374255605492895,26.159864388875285,3.7367280445009703,-2.2995590730358773,11.291157493432495,26.46318015363142,8.397924638325492,0.0507049560546875,11.282476224729187,0
camera2_clip_20260528_123150_12473,52,40.06572529742566,25.57231292255526,40.06572529742566,25.07922476513971,31.63859405887147,31.63859405887147,81.41771315941574,90.95387927869936,149.1690884776184,136.33450610473102,24.45175778501863,26.32507141362069,8.481255957952687,7.815506408393009,24.45175778501863,26.32507141362069,-24.4415283203125,-25.67266845703125,25.57231292255526,31.63859405887147,136.33450610473102,26.32507141362069,27.45645919065446,10.355589317243059,5.415146993036643,4.9404423242064155,-110.96600369249224,3.009400793504301,22.540848674545114,19.84204942538954,22.540848674545114,149.71741104125977,355.64876556396484,16.7477334792302,10.355589317243059,5.415146993036643,10.884818953154669,9.12376618903049,10.884818953154669,25.231728600000103,11.395909995459032,25.231728600000103,139.9181675603258,124.2668480905284,124.2668480905284,139.9181675603258,24.117925721595032,12.181717848980245,24.117925721595032,2.7118918267211787,2.7118918267211787,2.6009358814518744,3.68206798605255,3.8640528264035017,-1.1105328089984698,10.552566830275644,8.749617384364022,8.726336091301063,0.4561004638671875,21.472885204345527,0
camera2_clip_20260528_123150_12473,53,29.961393482165168,22.454727403305373,29.961393482165168,4.458762352587831,25.610337513300674,25.610337513300674,81.61368198778098,91.20606140053461,145.68463770022836,126.4607157930352,23.27573112283309,25.575921931216193,7.7078466190881985,7.482050131682054,23.27573112283309,25.575921931216193,-23.255767822265625,-24.72576904296875,22.454727403305373,25.610337513300674,126.4607157930352,25.575921931216193,17.750093234941076,12.603842012955198,6.873234521302875,5.730607491652323,-109.7016784280268,2.2482526957121394,7.173918332468255,16.841420325819136,16.841420325819136,149.38555526733398,356.01692962646484,14.869624354500178,12.603842012955198,6.873234521302875,5.451194747161309,9.235914488694215,9.235914488694215,5.411108035241008,16.08583622704748,16.08583622704748,140.70663778707413,124.97165934850868,124.97165934850868,140.70663778707413,23.4632752665717,22.3926576649567,23.4632752665717,7.434672999264757,7.434672999264757,6.694147949375571,7.658069277974962,3.822637487538579,-0.8773546013709648,9.797191741947369,9.41577803247313,8.599262775520891,0.6710662841796875,15.71171215327657,0
camera2_clip_20260528_123150_12473,54,20.425810654047815,12.25114050767259,20.425810654047815,11.659659163623756,16.814658673542503,16.814658673542503,80.76053850215584,90.79820143430526,141.05470077677634,118.66695468344724,22.54522799603624,25.16949809344375,7.357300199458117,7.525790052273657,22.54522799603624,25.16949809344375,-22.522064208984375,-24.193511962890625,12.25114050767259,16.814658673542503,118.66695468344724,25.16949809344375,12.308214553824705,13.434676637665424,7.374751537989702,6.059925099675722,-109.70126779889317,0.8308346247102261,4.759834958711446,7.938183365350119,7.938183365350119,149.52553939819336,356.05338287353516,4.339580221977868,13.434676637665424,7.374751537989702,1.0924773390365294,5.298127549537476,5.298127549537476,5.994811963636452,6.702091844131626,6.702091844131626,140.2793928055429,124.99237388223084,124.99237388223084,140.2793928055429,3.5683605776629745,3.8031033408936032,3.8031033408936032,7.389332597119829,7.389332597119829,5.865297989543166,7.907652193665131,3.919121232945318,-1.0052347001017028,4.9201223326707595,6.668144341085982,8.74001048543211,0.5129241943359375,8.359021661487242,0
camera2_clip_20260528_123150_12473,55,12.942541815433637,5.367989720387694,12.942541815433637,5.282767704491976,15.650829858161247,15.650829858161247,81.75336450592563,90.10885446898392,140.3403685492392,114.58145981628624,22.166214944073747,25.086032816059433,7.203468170238415,8.033350976561962,22.166214944073747,25.086032816059433,-22.119415283203125,-23.98486328125,5.367989720387694,15.650829858161247,114.58145981628624,25.086032816059433,9.538924971320682,14.390962629308044,8.466619216422641,5.924343412885403,-109.29610014688119,0.9562859916426198,9.437741898798093,8.551678830651445,9.437741898798093,149.71845245361328,356.1210632324219,6.133226731292135,14.390962629308044,8.466619216422641,11.032520128073694,13.90451293179443,13.90451293179443,9.817824965913266,10.444312232714232,10.444312232714232,139.89808290941926,125.8018827079719,125.8018827079719,139.89808290941926,3.047693720271612,5.193014849083984,5.193014849083984,17.326449991870234,17.326449991870234,8.641418181182999,20.95044026460333,3.453777243272127,-0.6080363354591042,20.45017682183917,14.556446716627299,7.664706981100986,0.2626953125,9.22278572131461,0
camera2_clip_20260528_123150_12473,56,13.989357333802932,10.556858622464185,13.989357333802932,13.826428898852539,16.693873127081034,16.693873127081034,82.1168997623885,89.23947599867343,140.16122106630863,112.05368949057527,21.756933038121513,25.160826909142283,7.25645940900068,8.459495500324556,21.756933038121513,25.160826909142283,-21.69122314453125,-24.009979248046875,10.556858622464185,16.693873127081034,112.05368949057527,25.160826909142283,11.468041494511972,16.945001003915753,10.033293375118312,6.911707628797441,-109.66222909003808,2.5540383746077087,3.9425583942765856,9.799172590594546,9.799172590594546,149.91693115234375,356.2562561035156,7.204430277258593,16.945001003915753,10.033293375118312,13.52541015293075,8.910310515258216,13.52541015293075,21.78316977536072,4.19768440969565,21.78316977536072,139.31221959794036,126.31624422888954,126.31624422888954,139.31221959794036,10.30829526784243,9.165151135059691,10.30829526784243,14.69363658876271,14.69363658876271,8.510425499360338,16.526215350219907,3.1479081427366236,0.5999048003162899,13.56158871767868,13.107524439138011,7.002609037325721,0.054840087890625,11.391522518601606,0
camera2_clip_20260528_123150_12473,57,18.119447760524697,18.746821335231502,18.746821335231502,23.33604020336607,23.122411581834182,23.33604020336607,82.51350197294687,88.85725387061392,139.66743662356683,111.34297444248928,21.875818086423656,25.253857081993075,7.469067763760386,8.6234484581871,21.875818086423656,25.253857081993075,-21.782989501953125,-24.097930908203125,18.746821335231502,23.122411581834182,111.34297444248928,25.253857081993075,21.430322373756365,18.271745225327386,10.889691206033461,7.382054019293925,-109.86150300239272,1.3267442214116336,26.80426139904245,18.452951962539295,26.80426139904245,150.6723747253418,356.361572265625,22.882478829596963,18.271745225327386,10.889691206033461,36.13916205857335,22.598011819045865,36.13916205857335,40.41488609755114,14.595105991683134,40.41488609755114,139.234996196502,127.068190321243,127.068190321243,139.234996196502,27.877729879937988,19.087668760402394,27.877729879937988,5.827550100346833,5.827550100346833,11.639580036670944,6.233089278591259,2.943695817267335,1.2920396348609973,26.149942568813138,13.118277237232926,6.54120745004556,-0.266876220703125,24.10787490414434,0
camera2_clip_20260528_123150_12473,58,22.56565428601127,39.03186591356917,39.03186591356917,13.692323179362042,21.258693039055288,21.258693039055288,82.77523647381365,88.96609686821957,143.32323763790296,117.34598328866225,21.60999570017266,25.542868763368187,7.3675959701312115,8.451933489261243,21.60999570017266,25.542868763368187,-21.542633056640625,-24.546173095703125,39.03186591356917,21.258693039055288,117.34598328866225,25.542868763368187,21.759104992700788,17.659925455706087,9.825573166854255,7.834352288851832,-112.31785416411543,-0.6118197696212988,12.472882861664715,21.533210676542243,21.533210676542243,151.83311080932617,356.2605667114258,34.95367420999152,17.659925455706087,9.825573166854255,47.880419470034234,41.44479970250736,47.880419470034234,39.862092024686035,24.66333094240856,39.862092024686035,139.23016389548997,126.93867155480278,126.93867155480278,139.23016389548997,50.74507493870813,55.61166945294329,55.61166945294329,24.379887049407408,24.379887049407408,22.770710486592996,25.76245431097557,3.0371821873145723,2.07703167811664,15.255115711561801,24.613857167651023,6.835690642344446,-0.142822265625,32.56350137395769,0
camera2_clip_20260528_123150_12473,59,31.208272988892347,31.754637796838278,31.754637796838278,27.05954140791667,15.415755528797183,27.05954140791667,83.80169994945695,89.66050673010388,143.85698876973876,120.57079410665689,21.16875848575183,25.450352127988058,6.978586064956605,8.017041591090981,21.16875848575183,25.450352127988058,-21.0877685546875,-24.536865234375,31.754637796838278,15.415755528797183,120.57079410665689,25.450352127988058,27.483410210459706,19.815040653859,11.25860184016751,8.556438813691491,-113.00985766523758,2.155115198152913,35.93943145604732,23.52282208426643,35.93943145604732,152.9412612915039,356.589111328125,34.674848964076304,19.815040653859,11.25860184016751,45.634016394714756,39.02952571203205,45.634016394714756,34.90897847788654,13.763674190370017,34.90897847788654,139.6906140250164,128.42859067157138,128.42859067157138,139.6906140250164,44.58808650778714,35.563356457901925,44.58808650778714,16.012871557895355,16.012871557895355,20.159673476301002,18.284240630487908,2.6124216381971292,3.4409996348890637,36.91798762615739,20.552227908064765,5.948977981910371,-0.09814453125,31.532341583620887,0
camera2_clip_20260528_123150_12473,60,36.132840246756956,31.332508647628902,36.132840246756956,36.34321774092362,20.099163970264872,36.34321774092362,83.16461507364075,90.01817993969104,142.3425391890438,121.72637019346944,20.813779574663975,25.19027271078115,6.745361229613056,7.611028205037012,20.813779574663975,25.19027271078115,-20.7471923828125,-24.3421630859375,31.332508647628902,20.099163970264872,121.72637019346944,25.19027271078115,30.15055915886833,19.817210249859176,10.808739740280235,9.008470509578942,-114.13839794474566,0.002169596000175744,32.528702989010945,24.4669213586247,32.528702989010945,154.1189956665039,356.8719177246094,36.33639971645796,19.817210249859176,10.808739740280235,43.97248645092315,26.92898421265599,43.97248645092315,53.377038765863745,20.61660414023028,53.377038765863745,138.78895658783358,127.5166388577818,127.5166388577818,138.78895658783358,48.07405230890172,40.93635016731394,48.07405230890172,28.148544306357888,28.148544306357888,25.382812189758646,29.67836862283642,2.775459030490896,2.8468637364292535,22.51562018242615,32.89992524053118,6.33018213151046,-0.0614776611328125,34.56740591659156,0
camera2_clip_20260528_123150_12473,61,45.038523336057196,59.24960930837314,59.24960930837314,43.24378564302405,48.120930418780816,48.120930418780816,83.34228499414998,90.42252718965533,142.51543744063062,131.53445291740314,20.71586033232866,24.988015793080333,6.5095434023584655,7.416453949423304,20.71586033232866,24.988015793080333,-20.655731201171875,-24.3218994140625,59.24960930837314,48.120930418780816,131.53445291740314,24.988015793080333,45.9848278757188,14.598833652120552,7.23063520484388,7.368198447276672,-115.08108494244983,-5.218376597738624,43.172112682186054,37.084005865891555,43.172112682186054,155.62554931640625,356.8202667236328,45.22316390238922,14.598833652120552,7.23063520484388,41.26124781621117,44.457626375701935,44.457626375701935,32.342310635658485,42.677000269512405,42.677000269512405,138.52541566071972,127.08305671706756,127.08305671706756,138.52541566071972,52.85591968094416,51.21025402520846,52.85591968094416,30.541285293961067,30.541285293961067,30.293355373003493,29.50579309522341,2.768772303221505,1.113435600369171,33.30137154434933,32.95905754399125,6.333707889356221,0.01275634765625,45.05944383812911,0
camera2_clip_20260528_123150_12473,62,34.427136675128274,37.850794425462894,37.850794425462894,38.74990418090866,43.794149499766576,43.794149499766576,83.10114402075816,90.88514499307841,138.99983827204872,136.52146672738715,20.399164665189076,25.079511384233367,6.213545389249576,7.731500872171089,20.399164665189076,25.079511384233367,-20.3326416015625,-24.423675537109375,37.850794425462894,43.794149499766576,136.52146672738715,25.079511384233367,38.12701641823468,9.482067492231726,4.758756477219583,4.723311015012143,-115.66889989534111,-5.116766159888826,35.93743804350986,38.00267568463181,38.00267568463181,156.95208740234375,356.58685302734375,40.40750824230868,9.482067492231726,4.758756477219583,28.638178217638384,37.381017739574744,37.381017739574744,30.37499298044848,39.03928117192715,39.03928117192715,137.22717674093533,126.70196792770172,126.70196792770172,137.22717674093533,44.01024611396421,46.00217790515923,46.00217790515923,20.376532592975266,20.376532592975266,21.445763106380458,17.43134014888454,2.6536058097945174,-1.1281532819247837,28.251691727445937,20.614706608220725,6.072180537287634,0.311920166015625,37.85066605317669,0
camera2_clip_20260528_123150_12473,63,22.543694046732096,35.39421421759885,35.39421421759885,16.623947084807618,41.38946126630209,41.38946126630209,84.49036130107172,90.93545063785936,130.59091012448854,139.32452392496057,19.46455437365618,24.84614976647235,5.618087818949426,7.965893964311803,19.46455437365618,24.84614976647235,-19.313140869140625,-24.209625244140625,35.39421421759885,41.38946126630209,139.32452392496057,24.84614976647235,28.432082633152245,3.2478941615476593,1.6543656721076818,1.5935284894399775,-115.17331612395904,-6.234173330684067,25.26129595531537,29.37988322815745,29.37988322815745,157.60766220092773,356.40747833251953,20.390150512282688,3.2478941615476593,1.6543656721076818,15.575624651399572,20.09308012024913,20.09308012024913,14.2342341007596,26.04547553659342,26.04547553659342,137.90286990092957,127.49079327371797,127.49079327371797,137.90286990092957,14.017302657513193,19.23049808832089,19.23049808832089,10.95926178894825,10.95926178894825,13.3392589728556,9.164566736391869,2.4457855167015388,-3.649247488068749,25.007951176106033,12.620856753398106,5.577441159656897,0.693572998046875,23.315725912812443,0
camera2_clip_20260528_123150_12473,64,19.450417978018027,47.69069374529265,47.69069374529265,20.510350484135913,60.64926851124746,60.64926851124746,87.0549268366181,89.86410301801958,131.61717160577453,139.5756801024044,19.406939184254146,24.702650476819144,5.691223368147903,8.437673294268524,19.406939184254146,24.702650476819144,-19.128387451171875,-24.102020263671875,47.69069374529265,60.64926851124746,139.5756801024044,24.702650476819144,37.583206981472074,-0.20869407519487934,0.12084817942838791,0.32954225462326725,-113.77094655133084,-3.4565882367425385,35.630688581730126,41.56782258840825,41.56782258840825,158.36187362670898,355.82457733154297,28.596286586663975,-0.20869407519487934,0.12084817942838791,30.675514500696398,38.704259328395736,38.704259328395736,22.536878463470643,20.922209886750966,22.536878463470643,140.27548334617762,131.0630673562151,131.0630673562151,140.27548334617762,19.533900167553295,21.526232875835355,21.526232875835355,27.380332810693613,27.380332810693613,30.714483030304876,22.315407261493498,2.0907336794046647,-5.782950544824071,42.37198642517866,22.342375576739116,4.667286338389557,0.74737548828125,31.616519759294572,0
camera2_clip_20260528_123150_12473,65,28.401972678224645,38.409915881518714,38.409915881518714,9.10156548406896,54.9798205762637,54.9798205762637,90.28008693621999,88.33811436503427,130.06561566987477,131.7880425838441,19.115725795635775,24.42504096030824,5.233214734273258,8.690928390645526,19.115725795635775,24.42504096030824,-18.671661376953125,-23.727783203125,38.409915881518714,54.9798205762637,131.7880425838441,24.42504096030824,33.63933574132057,-0.31979438971760255,0.5941349500727567,0.9139293397903593,-113.0184055186638,-0.1111003145227232,28.801053935941116,42.14168589190629,42.14168589190629,159.17981338500977,355.2097396850586,30.69764977598818,-0.31979438971760255,0.5941349500727567,39.17458869149919,53.89339334651538,53.89339334651538,26.358832259390695,28.09471283262297,28.09471283262297,143.60781242012004,135.72894540110747,135.72894540110747,143.60781242012004,26.031240970950176,29.996044947828793,29.996044947828793,26.59125694556099,26.59125694556099,32.43937583946346,18.937033018997198,1.6106940969885892,-6.962629504917618,45.029553028431685,14.2622481437317,3.492833911517761,0.9130401611328125,33.78206895806088,0
camera2_clip_20260528_123150_12473,66,24.562445938755197,23.151748725466433,24.562445938755197,36.54484561033305,33.470927978146456,36.54484561033305,94.25187970046497,88.56237604976488,134.98800900382943,126.7564568687976,18.495266745180572,24.07974466488544,4.240815834889552,8.605795539544681,18.495266745180572,24.07974466488544,-17.97784423828125,-23.23724365234375,23.151748725466433,33.470927978146456,126.7564568687976,24.07974466488544,26.20300821482897,0.2677627120186825,0.7197141792847307,0.4519514672660482,-111.09174758542153,0.5875571017362851,4.688459529122715,34.799621507149965,34.799621507149965,159.21950149536133,355.3240966796875,3.631446198341667,0.2677627120186825,0.7197141792847307,46.326031087996924,56.12932782902039,56.12932782902039,20.72195907908966,9.347781496577841,20.72195907908966,150.15412553657424,142.34789040212797,142.34789040212797,150.15412553657424,25.070093485110185,6.644496132995005,25.070093485110185,30.08792813585686,30.08792813585686,26.430481778909332,27.118756544716273,1.6336394969476606,-8.153412887118872,16.950976586807492,21.760998780230068,3.647349657585167,0.5726470947265625,26.788144866646988,0
camera2_clip_20260528_123150_12473,67,35.36151625986944,65.14628677587659,65.14628677587659,32.54004224679495,26.69727019259306,32.54004224679495,97.73099094760144,89.2437390805408,113.35056639570485,113.68772027727171,17.18497638688827,22.36026745122533,2.96336272332378,8.217038170058352,17.18497638688827,22.36026745122533,-16.448028564453125,-21.153594970703125,65.14628677587659,26.69727019259306,113.68772027727171,22.36026745122533,34.499885464672595,-2.827453330968358,-0.34726561501056996,2.480187715957788,-109.88403412929917,-3.0952160429870403,15.042702596608544,32.21149471629302,32.21149471629302,159.60106658935547,355.48714447021484,12.448246971182142,-2.827453330968358,-0.34726561501056996,19.003990975393965,43.32105504201244,43.32105504201244,25.212475972895984,25.932628917188655,25.932628917188655,150.3007983192673,145.27690700381797,145.27690700381797,150.3007983192673,9.016603476665553,11.255352350771865,11.255352350771865,29.764519391918608,29.764519391918608,31.164275368752193,25.452366650333158,1.4737290141795072,-11.99357722898208,30.33196863819214,17.157437254373995,3.293881639492293,1.649444580078125,28.39511829358034,0
camera2_clip_20260528_123150_12473,68,13.663356740593745,15.39511608420296,15.39511608420296,30.0364391520919,45.67028473266706,45.67028473266706,97.54503919007496,89.69327259422658,87.70738381168405,104.2597022213717,16.515053796612175,22.12660573482852,2.596699791380682,8.621530614145863,16.515053796612175,22.12660573482852,-15.82806396484375,-20.532623291015625,15.39511608420296,45.67028473266706,104.2597022213717,22.12660573482852,26.446105885833035,-3.0598632427743047,0.14000989274872544,3.1998731355230303,-109.98422389806495,-0.23240991180594683,11.827488695191711,42.083949910250816,42.083949910250816,160.30436325073242,355.6185302734375,21.46391345661802,-3.0598632427743047,0.14000989274872544,30.447564273187233,61.38612810343655,61.38612810343655,30.659755457836077,19.94727536206095,30.659755457836077,150.0958126218301,149.66578102074624,149.66578102074624,150.0958126218301,6.945878142410434,33.10170509140487,33.10170509140487,34.234065403152115,34.234065403152115,31.970305504948907,33.413398303052304,1.5499491879619613,-12.5303984122464,24.167006234393718,28.311511698415103,3.549618804818784,0.296630859375,28.430411812111192,0
camera2_clip_20260528_123150_12473,69,12.439909708189541,18.65711063430359,18.65711063430359,35.53712837673947,19.294302596731534,35.53712837673947,97.90616385585339,91.61727929209717,58.165649063563336,99.38818132809038,15.613675656550773,21.525717474147264,1.5502912972659013,8.752234693198355,15.613675656550773,21.525717474147264,-15.228973388671875,-19.466278076171875,18.65711063430359,19.294302596731534,99.38818132809038,21.525717474147264,26.115631417502815,-3.7560111323526577,-1.4360785278493275,2.31993260450333,-111.5502354266489,-0.696147889578353,34.15301033086373,36.612326858189014,36.612326858189014,160.68169021606445,355.8563003540039,13.379806612253844,-3.7560111323526577,-1.4360785278493275,34.93335824999502,61.19333957344765,61.19333957344765,13.4012095555986,29.02963660185818,29.02963660185818,154.06811827764636,153.03119644701516,153.03119644701516,154.06811827764636,1.7452854583424615,40.07727649275722,40.07727649275722,38.074307011112786,38.074307011112786,28.73264112183706,41.90667225487761,2.219210567867865,-10.86722540237804,28.748853441707844,44.615919829109046,5.385697526067859,0.232574462890625,28.089491203084666,0
camera2_clip_20260528_123150_12473,70,33.652792966072795,20.00691697123388,33.652792966072795,39.16162645078499,14.649367109842292,39.16162645078499,96.76179386659494,93.34847178798418,14.37170601998804,106.42496729798832,15.459991422796575,21.314235703914186,1.0291753969585573,7.943142049960196,15.459991422796575,21.314235703914186,-15.320281982421875,-19.426971435546875,20.00691697123388,14.649367109842292,106.42496729798832,21.314235703914186,26.704194113146926,-6.365393323438761,-3.7971053249413838,2.5682879984973774,-113.09423978769371,-2.6093821910861035,42.437723094770924,10.316738086176688,42.437723094770924,160.5100326538086,356.1353988647461,9.829855931819045,-6.365393323438761,-3.7971053249413838,31.39597506169355,52.645386475847424,52.645386475847424,25.388491146580968,25.85531978390286,25.85531978390286,160.4975279276486,158.39404650372472,158.39404650372472,160.4975279276486,12.21522623023863,17.51991535486542,17.51991535486542,32.927331503952985,32.927331503952985,31.771527566166363,31.425688291806946,2.7455409178675168,-11.375691681994619,40.8717256056664,26.445859022723116,6.888106592112602,-0.65234375,27.103789894334202,0
camera2_clip_20260528_123150_12473,71,41.44634443540131,9.828034750240896,41.44634443540131,26.48074220511442,25.133508613988035,26.48074220511442,95.79822262304957,94.71885584620058,19.67488696167296,112.73919694914153,15.746559482834996,21.46410876543902,0.8314704062564392,8.05786197929917,15.746559482834996,21.46410876543902,-15.691802978515625,-19.4569091796875,9.828034750240896,25.133508613988035,112.73919694914153,21.46410876543902,21.034270642146968,-9.645856626009905,-5.660968730816158,3.984887895193747,-114.85939575783667,-3.2804633025711443,21.004143269719588,2.312850578417552,21.004143269719588,160.83484649658203,356.0950164794922,9.819434431088078,-9.645856626009905,-5.660968730816158,26.376554275771653,46.34857998770182,46.34857998770182,30.907782524645988,36.73678914432692,36.73678914432692,163.24544129097671,162.0362229241957,162.0362229241957,163.24544129097671,19.3625059745047,24.357334002826565,24.357334002826565,32.21511381593065,32.21511381593065,32.81625085811663,27.741120676596196,2.841076925030212,-14.274773613599143,27.22701163183164,13.312891412911084,7.16419836878311,-0.5099639892578125,25.857930813554947,0
camera2_clip_20260528_123150_12473,72,34.76600445884523,47.97829179271917,47.97829179271917,50.323555047223685,20.855063656890685,50.323555047223685,95.32286478272262,95.77263908359774,153.33209932153562,122.93543855928407,17.47587784587037,22.612457547884077,2.1817287521291657,8.00754898951936,17.47587784587037,22.612457547884077,-17.464019775390625,-20.805206298828125,47.97829179271917,20.855063656890685,122.93543855928407,22.612457547884077,31.75926678200845,-5.801036937626896,-4.970192125784013,0.8308448118428826,-116.44532437797507,3.8448196883830095,26.858839590324738,9.77384614604717,26.858839590324738,160.6836280822754,355.6806869506836,13.231869502883919,-5.801036937626896,-4.970192125784013,74.1654692332597,40.5833312889929,74.1654692332597,42.878871513070095,27.018927244040427,42.878871513070095,172.3921836959987,169.26523272673705,169.26523272673705,172.3921836959987,20.84698126039527,19.202043872644193,20.84698126039527,21.728871402613784,21.728871402613784,22.653871072744057,22.639466434506243,3.1317385290598927,-10.955654053580453,23.010967092313855,17.93302628808179,8.046851537031392,-1.3790130615234375,34.604268758704436,0
camera2_clip_20260528_123150_12473,73,56.630387690923754,40.964122340498776,56.630387690923754,42.05495951350365,41.89500006500107,42.05495951350365,92.74054305066502,97.70847666847928,173.7094509116277,125.67452724912332,19.697542807242733,22.529285157891596,4.556961959401674,8.149221681206306,19.697542807242733,22.529285157891596,-19.69256591796875,-20.452178955078125,40.964122340498776,41.89500006500107,125.67452724912332,22.529285157891596,36.94992525823471,-5.674794675966554,-5.404306673316141,0.2704880026504135,-115.83438636256584,0.1262422616603418,19.82500136996348,20.330080569517524,20.330080569517524,160.5610122680664,355.46824645996094,7.3586031278601824,-5.674794675966554,-5.404306673316141,71.23250414501237,39.99483163839031,71.23250414501237,26.217810810924394,16.104238510822984,26.217810810924394,179.23533055986505,174.25368609282944,174.25368609282944,179.23533055986505,4.288465455391754,15.290598329357671,15.290598329357671,29.96256234266922,29.96256234266922,32.20866217143249,30.904747077073203,3.1381504525763884,-11.936351554603783,17.647120799952212,13.994678183684096,8.143054705403424,-0.541656494140625,32.90233336994231,0
camera2_clip_20260528_123150_12473,74,44.506555960230244,55.000152048571685,55.000152048571685,15.934660418424528,50.517457626225976,50.517457626225976,93.26147841937218,100.89691920817572,174.45233087805502,139.3773158539418,21.283784525810287,24.351792999516935,5.9941694731902215,9.375871608320733,21.283784525810287,24.351792999516935,-21.208465576171875,-21.995208740234375,55.000152048571685,50.517457626225976,139.3773158539418,24.351792999516935,34.77100883465518,-7.800811442486091,-6.0640665938632825,1.7367448486228083,-114.22184933223484,-2.1260167665195366,21.05190826051163,21.615318693967026,21.615318693967026,160.44940567016602,355.56673431396484,4.465456423824423,-7.800811442486091,-6.0640665938632825,42.20951356592931,41.52329875720109,42.20951356592931,32.47214030620313,51.12559131039756,51.12559131039756,177.49510104024256,178.05326229197007,178.05326229197007,177.49510104024256,17.014432610158444,27.763704034653834,27.763704034653834,36.56502323258643,36.56502323258643,33.28678957558566,40.49781475570936,2.75290870946068,-15.126045641149448,7.998201622880696,27.470130891142247,7.261235535724214,-1.178955078125,35.061227799372865,0
camera2_clip_20260528_123150_12473,75,26.983684438808012,72.62713756351279,72.62713756351279,33.69794155155829,104.57077472520575,104.57077472520575,95.35327973603461,102.58426940264856,165.59551939280405,145.5679504925991,22.427940799053562,23.444464125723535,7.496006113530168,10.157829090109114,22.427940799053562,23.444464125723535,-22.078826904296875,-20.9326171875,72.62713756351279,104.57077472520575,145.5679504925991,23.444464125723535,53.57467195020422,-13.371316071124733,-8.418355843786877,4.952960227337856,-112.80004377483449,-5.570504628638642,42.69152700533819,40.8769664168023,42.69152700533819,160.8861083984375,355.40352630615234,13.986118618991284,-13.371316071124733,-8.418355843786877,40.84686703183772,44.96375162762731,44.96375162762731,64.50678484288578,61.730901846164194,64.50678484288578,179.18739155476507,179.07295361459782,179.07295361459782,179.18739155476507,37.41612986239644,17.755123848519787,37.41612986239644,28.961246574819462,28.961246574819462,16.084159012404015,36.25966076722717,2.1213279655400847,-21.1415469005092,26.035214878457687,37.383610968560305,5.517025344574413,1.0272216796875,49.05563256338804,0
camera2_clip_20260528_123150_12473,76,43.07887095468605,87.59503395523642,87.59503395523642,62.04965621648335,84.67093901885512,84.67093901885512,97.5158076712001,108.77564486252611,154.886062327073,151.62296812233686,23.122931403155444,23.42742264855968,9.367375209948273,10.327285906246482,23.122931403155444,23.42742264855968,-22.0628662109375,-20.10870361328125,87.59503395523642,84.67093901885512,151.62296812233686,23.42742264855968,62.35318421880847,-14.241993757847618,-7.640669378703135,6.601324379144484,-112.02808407525445,-0.8706776867228854,57.6470636545163,39.077541513073555,57.6470636545163,161.20404052734375,355.6585006713867,12.22634405559485,-14.241993757847618,-7.640669378703135,38.001644680920535,57.583464040503976,57.583464040503976,52.564395613017524,67.71008037415069,67.71008037415069,175.78171991690368,178.63196807726925,178.63196807726925,175.78171991690368,49.21233438503801,39.33002241474242,49.21233438503801,35.392464177866216,35.392464177866216,25.0354767946594,39.26733173069166,1.593215427681925,-22.73117522139029,17.806523465065794,29.74285358910126,3.9864299006613813,0.864654541015625,56.54342056843533,0
camera2_clip_20260528_123150_12473,77,14.650181733236376,88.04364237728517,88.04364237728517,15.601665251293946,105.65495700217424,105.65495700217424,101.30855664116777,117.56694750261917,152.49960415233218,163.74997769927938,23.615462455535628,23.54486702998552,9.318583650686996,10.762259053904623,23.615462455535628,23.54486702998552,-21.925567626953125,-19.306671142578125,88.04364237728517,105.65495700217424,163.74997769927938,23.54486702998552,51.28261906797738,-29.93891408647941,-14.643139971699425,15.295774114779986,-110.65760974360917,-15.696920328631792,44.2257440245661,39.51952401930845,44.2257440245661,161.43471145629883,355.88136291503906,9.6223173612015,-29.93891408647941,-14.643139971699425,29.15403200893195,53.21812657342261,53.21812657342261,30.38544384251911,67.38800001908196,67.38800001908196,169.47147460586305,177.05547761143853,177.05547761143853,169.47147460586305,43.21618869609744,34.14517176645631,43.21618869609744,26.477623201252804,26.477623201252804,27.58667881295909,29.723166990927314,1.007905860691584,-40.74373714618703,45.12640675257526,38.79240946343259,2.009440905563975,1.0468902587890625,47.100223109531136,0
camera2_clip_20260528_123150_12473,78,56.73160949245976,90.73347412394688,90.73347412394688,23.392185105103483,103.01227589610592,103.01227589610592,105.47868838315969,128.9766656987281,149.63931891224564,177.1125982817584,22.696524720520436,23.78848742440222,9.015856011278938,12.034714932639696,22.696524720520436,23.78848742440222,-20.21173095703125,-18.10589599609375,90.73347412394688,103.01227589610592,177.1125982817584,23.78848742440222,51.42860526775872,-42.7835952086422,-22.458352793617536,20.32524241502466,-110.57910206646442,-12.844681122162786,12.737741746571723,21.964345242364548,21.964345242364548,161.4092559814453,356.31903076171875,13.152224629146477,-42.7835952086422,-22.458352793617536,32.73058102984894,39.81925890088888,39.81925890088888,33.69770726597054,64.12013726896518,64.12013726896518,161.7358872032863,175.43995133344293,175.43995133344293,161.7358872032863,32.3284494351969,25.235283550346324,32.3284494351969,22.286092371695183,22.286092371695183,15.42117859395246,28.576717810102117,0.6573890985273013,-74.42178602817259,15.745191566261084,33.58438965952763,1.0638715476403164,1.4889373779296875,44.70858742148076,0
camera2_clip_20260528_123150_12473,79,79.59100806271027,129.82679781009853,129.82679781009853,53.86788760235824,86.04113173003411,86.04113173003411,107.83523148383942,138.32028852401578,138.21830730494054,179.92243560678503,21.56423856640842,22.095503524228402,8.099018970035845,11.443685568188853,21.56423856640842,22.095503524228402,-18.221954345703125,-14.681182861328125,129.82679781009853,86.04113173003411,179.92243560678503,22.095503524228402,67.94830727474995,-48.10482909056828,-27.167552450485843,20.937276640082437,-111.66257273975867,-5.321233881926084,32.65309798991559,25.709920453383017,32.65309798991559,161.05062866210938,356.66261291503906,14.899531040568789,-48.10482909056828,-27.167552450485843,33.62620325207073,22.925714803795355,33.62620325207073,19.810452812406464,32.152073703487346,32.152073703487346,156.81447007628168,171.95619971758686,171.95619971758686,156.81447007628168,26.614663011365693,17.676767190022744,26.614663011365693,21.370392562594805,21.370392562594805,16.61472932242002,21.62731796804129,0.629574637468288,-90.9609967853213,9.275693691481065,24.739788024666236,1.1533681567262855,2.7318572998046875,46.707976535137334,0
camera2_clip_20260528_123150_12473,80,43.92089586008774,99.45061363076348,99.45061363076348,41.42621583386909,58.38803877154705,58.38803877154705,106.98640584007805,146.47763424363902,124.60687309093782,179.8014115014619,19.968666418559,22.90199286989062,7.574491712898053,11.502663408412152,19.968666418559,22.90199286989062,-16.32159423828125,-12.614654541015625,99.45061363076348,58.38803877154705,179.8014115014619,22.90199286989062,52.496723680899386,-45.1748079601634,-23.181727011206767,21.99308094895663,-113.19753806323261,2.9300211304048815,49.10614112671792,22.68843686241102,49.10614112671792,160.68798065185547,357.4725646972656,26.62295855057796,-45.1748079601634,-23.181727011206767,29.6200254064786,17.575036928007215,29.6200254064786,11.340425673674078,18.94650253510683,18.94650253510683,154.20108737091192,169.1975299306659,169.1975299306659,154.20108737091192,26.19233669398053,25.25779777114042,26.19233669398053,37.61400378649751,37.61400378649751,39.22832333344557,37.23347601933883,0.7058237484278244,-68.47230390735247,45.0002947812558,33.04225728309282,1.2201853565776242,1.1235809326171875,36.99270559114866,0
camera2_clip_20260528_123150_12473,81,37.081114354145505,120.36069412461026,120.36069412461026,52.5720916833674,80.64777307353083,80.64777307353083,106.07837904958205,155.82860872025915,110.7316272805307,179.2540131855914,18.33453572081142,22.272603156367943,6.666259670694152,11.712782276602848,18.33453572081142,22.272603156367943,-14.8408203125,-9.258819580078125,120.36069412461026,80.64777307353083,179.2540131855914,22.272603156367943,62.34577494895399,-40.18196909993773,-19.7424807188397,20.43948838109803,-113.61818033978183,4.9928388602256675,53.322761432246686,30.090215025823255,53.322761432246686,160.50867080688477,357.77589416503906,10.570936943848496,-40.18196909993773,-19.7424807188397,50.606670672935415,15.631908537523971,50.606670672935415,16.53569994719617,25.694140125534872,25.694140125534872,148.14951757937396,165.9912225209586,165.9912225209586,148.14951757937396,33.379659807427814,30.62859290661998,33.379659807427814,52.765720725193304,52.765720725193304,50.935208918710714,53.61557847127778,0.8614071159137451,-64.40631689048284,32.65215714886554,37.891585113279675,1.7294712068743394,2.4126739501953125,45.54594347424685,0
camera2_clip_20260528_123150_12473,82,42.75570845851766,111.4085188531972,111.4085188531972,24.5311597823197,45.957180361175524,45.957180361175524,104.842808755661,161.8089648610138,97.81492737532513,175.73128728130968,17.63773031941071,20.544589713801628,7.641596115357161,11.177059654230135,17.63773031941071,20.544589713801628,-13.45941162109375,-5.61810302734375,111.4085188531972,45.957180361175524,175.73128728130968,20.544589713801628,43.278176631456525,-42.119554994151635,-19.82261029840113,22.296944695750504,-114.34887088771131,-1.9375858942139033,26.973903939285034,8.042588394244081,26.973903939285034,160.46231842041016,358.4087905883789,19.037746289081394,-42.119554994151635,-19.82261029840113,33.859287052214704,33.820744046771054,33.859287052214704,9.219361544839124,27.43804398781983,27.43804398781983,144.63231912729927,163.45739396878903,163.45739396878903,144.63231912729927,31.089481906676003,30.79976703249069,31.089481906676003,42.49073895826825,42.49073895826825,42.46196880026913,40.72041479552557,0.9397187521646767,-63.930902923175,36.9788222264705,29.109081844596318,2.045495119832213,2.2094879150390625,35.49131211329588,0
camera2_clip_20260528_123150_12473,83,77.52069598358779,95.06826963075126,95.06826963075126,55.41599572344396,26.237533041739486,55.41599572344396,109.55601637950214,164.98375569474297,92.41620539296957,166.44035950420104,16.197518951283467,18.56603761472445,7.498597257985681,10.180612101536619,16.197518951283467,18.56603761472445,-11.024566650390625,-2.464996337890625,95.06826963075126,26.237533041739486,166.44035950420104,18.56603761472445,47.27183385512731,-38.47267482471521,-17.823009133789764,20.64966569092545,-114.6239814141782,3.6468801694364217,18.799469179518685,10.589039571722697,18.799469179518685,160.41331481933594,358.88866424560547,14.471077079347404,-38.47267482471521,-17.823009133789764,18.57408870048302,24.338202922137732,24.338202922137732,14.819992746098325,18.054859783785872,18.054859783785872,143.3348955316236,160.85023300949908,160.85023300949908,143.3348955316236,21.178979038666075,25.77531084418822,25.77531084418822,25.37842284446108,25.37842284446108,25.786493347990515,24.955103353580316,1.013724772684603,-59.022932007756935,16.968341066622216,10.733469529255313,2.2736139555193273,2.578887939453125,33.86436976384359,0
camera2_clip_20260528_123150_12473,84,95.64533726498833,49.2957644103223,95.64533726498833,95.91227387052609,5.542519004502303,95.91227387052609,113.51203752262931,167.28463004453425,96.45274642718033,160.69197076991014,14.85205288418841,17.44492473168133,7.523048537205275,9.733153364993031,14.85205288418841,17.44492473168133,-8.785888671875,-0.634552001953125,49.2957644103223,5.542519004502303,160.69197076991014,17.44492473168133,49.3746664657059,-37.21246293952898,-15.571469736989235,21.640993202539747,-114.54423990108037,1.26021188518623,35.959655546095824,13.892448697800521,35.959655546095824,160.76980590820312,358.9197463989258,10.735306098433634,-37.21246293952898,-15.571469736989235,8.550851399450673,15.47251929071084,15.47251929071084,8.635030699895472,24.903624008030462,24.903624008030462,142.0254587306956,157.56972100887427,157.56972100887427,142.0254587306956,25.919321101437365,17.162586430759728,25.919321101437365,36.283044962875294,36.283044962875294,36.02180084891659,32.25646713526205,0.8403346546814845,-66.75045466066727,25.791491748646408,17.412604578590766,1.6816605651622503,2.3128204345703125,33.07432764371,0
camera2_clip_20260528_123150_12473,85,138.14074671732334,105.06927274132717,138.14074671732334,121.63296926254196,47.97670869576128,121.63296926254196,127.87077008677338,176.41642840152048,106.30685510705207,157.18014808882944,13.789127239914173,16.81293122291272,7.42781500091749,9.49944396999723,13.789127239914173,16.81293122291272,-4.94110107421875,2.65167236328125,105.06927274132717,47.97670869576128,157.18014808882944,16.81293122291272,83.82503494097362,-31.461731816362672,-10.651570793766572,20.8101610225961,-112.37197491554394,5.750731123166311,50.02744601194676,40.10306621694125,50.02744601194676,161.52850723266602,359.06888580322266,23.196621208490562,-31.461731816362672,-10.651570793766572,6.667557434467514,18.604991251701566,18.604991251701566,15.499365269158618,26.915205336406245,26.915205336406245,140.2821053244151,153.48321637817972,153.48321637817972,140.2821053244151,9.68543422524424,19.832681135173864,19.832681135173864,92.41106889564881,92.41106889564881,84.74072314899281,88.7511701762766,0.8783113129663478,-56.11723377155991,54.67160178536422,63.66932582889988,1.7811733941626118,3.6904144287109375,50.01295369149949,0
camera2_clip_20260528_123150_12473,86,75.65242970426227,101.80528041253393,101.80528041253393,23.53154014768524,46.751462901440476,46.751462901440476,133.43058968857986,176.63543952132113,100.08839747510292,141.0128518116352,13.976964042627646,16.026737033754294,8.439612306551629,9.867487024886643,13.976964042627646,16.026737033754294,-2.449493408203125,5.330230712890625,101.80528041253393,46.751462901440476,141.0128518116352,16.026737033754294,52.89519717130898,-30.223322996327568,-10.525014956806366,19.6983080395212,-111.20102510725894,1.2384088200351044,38.04658657851746,31.583883283414522,38.04658657851746,162.24576568603516,359.19625091552734,21.854368091658234,-30.223322996327568,-10.525014956806366,26.49329280489792,5.9247133091710955,26.49329280489792,20.777514749878637,28.462220796227047,28.462220796227047,141.2968422199796,150.84940806000267,150.84940806000267,141.2968422199796,13.828156375748389,5.621207940901451,13.828156375748389,123.56455747515096,123.56455747515096,115.65538589781677,119.66723333061267,0.8911504676323464,-45.44744616859606,71.90675424775668,76.0416200891777,1.7773212662652833,2.4058685302734375,34.87319075038987,0
camera2_clip_20260528_123150_12473,87,76.54623167825184,42.32485639112065,76.54623167825184,32.03206533936756,76.22229194466692,76.22229194466692,137.87954245373405,164.84442608868738,95.23409665783211,126.44232865175837,13.99878445729178,16.968605209985544,9.125277307671928,10.886521806527137,13.99878445729178,16.968605209985544,-0.401458740234375,4.653350830078125,42.32485639112065,76.22229194466692,126.44232865175837,16.968605209985544,53.44030801271922,-22.688833286811906,-7.496323101086506,15.1925101857254,-109.88922920989052,7.534489709515661,40.13854183804099,53.37786088486733,53.37786088486733,163.23353576660156,359.21739196777344,29.63988880777074,-22.688833286811906,-7.496323101086506,34.11018747028787,20.05374521645458,34.11018747028787,26.66928647449704,32.77716114370429,32.77716114370429,142.93866765111798,149.10543294798285,149.10543294798285,142.93866765111798,14.119607631549782,17.859191806531364,17.859191806531364,144.33650216127975,144.33650216127975,132.6674070156319,142.21153505667743,1.1088024509054024,-29.924243895358405,79.68921096802175,99.02391963727095,2.181170260883334,0.4871673583984375,38.85258565161168,0
camera2_clip_20260528_123150_12473,88,39.487644168212405,49.208512342037714,49.208512342037714,59.210690495477515,51.386973745785596,59.210690495477515,129.81438494009402,149.79003355115967,84.3716604130015,109.48823067224316,14.478011857654542,16.273859093500338,10.077554331342025,10.999682353498761,14.478011857654542,16.273859093500338,-1.59906005859375,2.650238037109375,49.208512342037714,51.386973745785596,109.48823067224316,16.273859093500338,52.27926294130835,-25.187642237253957,-9.515630391612762,15.672011845641196,-108.01518421048834,-2.4988089504420508,61.8768178946409,52.50493900169595,61.8768178946409,164.19671249389648,358.31571197509766,39.5810888616637,-25.187642237253957,-9.515630391612762,38.4360215292342,36.23664173102214,38.4360215292342,17.020825299012593,51.458303816180745,51.458303816180745,146.2192315020046,149.22473428623212,149.22473428623212,146.2192315020046,25.434501510636178,21.087475444469934,25.434501510636178,78.77271275724631,78.77271275724631,82.04895554395893,80.8868618833971,1.0678331555236802,-29.74813091710506,81.77743906570069,76.66323923666336,1.976446548661189,-0.390594482421875,41.945778914867155,0
camera2_clip_20260528_123150_12473,89,32.75792895183111,141.09108197656624,141.09108197656624,64.45796426465725,83.99026139569958,83.99026139569958,123.70309777047298,146.2560160710968,72.67089214224362,96.39567201269107,14.659374468109855,15.786676719373789,11.357530120424387,12.482350536569951,14.659374468109855,15.786676719373789,-2.19207763671875,4.890869140625,141.09108197656624,83.99026139569958,96.39567201269107,15.786676719373789,71.6642485182988,-30.725734247233127,-13.781413193991353,16.944321053241772,-105.9894267523718,-5.53809200997917,37.794146522201146,69.89410799883751,69.89410799883751,165.07432174682617,357.52124786376953,35.513857893990796,-30.725734247233127,-13.781413193991353,10.506223666821091,37.23339839877973,37.23339839877973,9.578660906072269,48.64902404231245,48.64902404231245,147.40497949760905,148.74839820766454,148.74839820766454,147.40497949760905,12.321330837702902,28.18392306311885,28.18392306311885,55.32668091733257,55.32668091733257,56.08616393761331,59.46549689134621,1.178993448919473,-30.779483837912988,55.950623779536556,67.88407194868785,2.371005435334668,1.810791015625,48.038171002050014,0
camera2_clip_20260528_123150_12473,90,35.77691588769137,96.25544014216268,96.25544014216268,78.08461366395238,68.41520375274378,78.08461366395238,117.49862473673572,138.30636596937174,63.00026436609276,84.0912111825853,14.90848761115553,14.506338335227353,12.614299206498927,13.067861433647062,14.90848761115553,14.506338335227353,-3.498626708984375,5.4224853515625,96.25544014216268,68.41520375274378,84.0912111825853,14.506338335227353,58.33086700748402,-36.7023106767809,-19.453666216508015,17.24864446027288,-105.56026129015368,-5.9765764295477695,17.95940832529105,53.493620273062874,53.493620273062874,165.69022750854492,356.7457733154297,29.70909985504634,-36.7023106767809,-19.453666216508015,14.611953447889574,52.317345549967655,52.317345549967655,7.8919869607201045,65.7142057400961,65.7142057400961,149.07595397191682,149.476758778381,149.476758778381,149.07595397191682,16.227136071385935,33.96050150576107,33.96050150576107,58.981905519977836,58.981905519977836,57.5277510389829,59.94514115470303,1.1788401343264634,-34.7988133141031,47.86417841718424,53.33165725535697,2.40700688858977,0.50836181640625,45.05902761006038,0
camera2_clip_20260528_123150_12473,91,30.255116636433396,83.4648679719271,83.4648679719271,15.376917988002832,75.39058323612564,75.39058323612564,118.38586426474127,140.54630007675897,61.66618984022812,85.13871217622712,13.95033548639844,13.768467756588525,12.694390091297072,12.870029474382564,13.95033548639844,13.768467756588525,-2.03619384765625,6.716644287109375,83.4648679719271,75.39058323612564,85.13871217622712,13.768467756588525,42.339564345322586,-38.0659617807471,-21.89927262689668,16.166689153850424,-106.11557172819879,-1.3636511039662054,21.962033336050396,27.58786690339613,27.58786690339613,166.1961212158203,356.5866470336914,15.90989173252353,-38.0659617807471,-21.89927262689668,2.6355269043099216,51.9219369249738,51.9219369249738,22.571204925620105,79.34120858667507,79.34120858667507,150.41666832644722,148.0791044554713,148.0791044554713,150.41666832644722,11.760178946457506,36.48873558880537,36.48873558880537,34.960723280916355,34.960723280916355,43.37773288838551,27.81409878878749,1.767615279247159,-33.478813505228466,47.63475171212182,17.099835385060395,3.9874821321410723,1.12908935546875,38.22968149573144,0
camera2_clip_20260528_123150_12473,92,33.1167118288663,183.5189425947995,183.5189425947995,25.275483168381058,152.9263141413493,152.9263141413493,121.8634677684128,-177.1364967940994,63.14716751227844,122.06885214928015,13.021599011455155,14.158532146915224,12.657769541156307,12.589425093856617,13.021599011455155,14.158532146915224,0.455169677734375,11.1201171875,183.5189425947995,152.9263141413493,122.06885214928015,14.158532146915224,77.21309147143343,-40.85650900852811,-25.406719324194796,15.449789684333311,-106.99323271250488,-2.790547227781005,45.27650346862592,23.164593626578426,45.27650346862592,166.46285247802734,356.6739273071289,8.419446011044476,-40.85650900852811,-25.406719324194796,3.2701468259947735,57.559083205809515,57.559083205809515,23.630423505874525,83.86748870085708,83.86748870085708,152.46196035800483,146.97346387763875,146.97346387763875,152.46196035800483,1.5116091178352118,34.04812005126045,34.04812005126045,42.2980460471001,42.2980460471001,55.04157975281079,36.18451135941902,2.4257243422058066,-33.324408558599146,67.88937768144264,24.646057888367316,5.85339107522524,2.8410491943359375,55.59711835301934,0
camera2_clip_20260528_123150_12473,93,40.72414443072088,149.49301367548668,149.49301367548668,24.277503173919232,108.61311738726505,108.61311738726505,128.41952720783684,-108.57873137898503,66.49254631529693,174.07739101144512,12.814325428121357,17.84530936268516,12.94931748389956,13.444446471523571,12.814325428121357,17.84530936268516,3.605316162109375,16.422149658203125,149.49301367548668,108.61311738726505,174.07739101144512,17.84530936268516,68.89865762377251,-40.357958927964944,-24.582195739526174,15.77576318843877,-108.03376498790544,0.4985500805631631,56.629019293292686,33.65514778195051,56.629019293292686,166.6396827697754,357.52014923095703,25.935004276120047,-40.357958927964944,-24.582195739526174,8.296856777122658,8.210195334130763,8.296856777122658,31.933393572914845,1.4970025534328537,31.933393572914845,150.37250025194905,145.5648652988772,145.5648652988772,150.37250025194905,13.214840203285304,21.728039710587133,21.728039710587133,76.85048006270277,76.85048006270277,71.96752941448165,73.92665445288887,3.0597512027026075,-30.09971390743136,75.37488064516283,59.2096021761319,7.601144127482317,2.8578948974609375,41.52268949117572,0
camera2_clip_20260528_123150_12473,94,14.442992464457896,21.048521707574626,21.048521707574626,8.844620818687122,41.4013596137236,41.4013596137236,133.85912366753215,-99.12161576909551,71.51448516202379,162.35983333569968,13.029181698660471,18.543377058365643,13.142684068919262,12.25828043809307,13.029181698660471,18.543377058365643,5.90093994140625,17.348846435546875,21.048521707574626,41.4013596137236,162.35983333569968,18.543377058365643,29.003931549164633,-40.94027925516195,-24.958298236046506,15.981981019115441,-109.66601307255881,-0.582320327197003,57.445123536842104,30.840971153702476,57.445123536842104,166.78629302978516,358.3162078857422,24.28340081575551,-40.94027925516195,-24.958298236046506,9.183881599212128,5.440023204457954,9.183881599212128,41.81562572754816,19.252927609878185,41.81562572754816,146.60044064807906,144.57569185566,144.57569185566,146.60044064807906,10.71423692511196,19.622784868175863,19.622784868175863,82.01855625814947,82.01855625814947,74.1581198504656,77.87375262206423,3.865493091129802,-27.738336666669046,77.211184625757,60.21363703075839,9.680437337990492,0.19097900390625,23.33775576911434,0
camera2_clip_20260528_123150_12473,95,24.02602025430331,9.295060156947653,24.02602025430331,15.81538497824855,11.888411852196061,15.81538497824855,137.89490818216657,-98.05560191459574,74.36759385688441,161.55058803242468,13.146111526667172,18.941393035766108,13.266216581688605,11.722201113414268,13.146111526667172,18.941393035766108,7.400177001953125,17.871429443359375,9.295060156947653,11.888411852196061,161.55058803242468,18.941393035766108,17.521975170566293,-40.1378646423944,-23.872633882592307,16.26523075980209,-110.95102704653499,0.8024146127675493,26.628305927302158,17.47866785440002,26.628305927302158,166.84289932250977,358.72847747802734,12.48412753015179,-40.1378646423944,-23.872633882592307,8.484845999130279,16.60163033695947,16.60163033695947,36.684551933352004,19.996113621333354,36.684551933352004,142.26552798974723,143.78471456210073,143.78471456210073,142.26552798974723,7.133767266994135,15.609592369913758,15.609592369913758,65.27126311844526,65.27126311844526,58.24327940788001,61.99389555854921,4.43144396828515,-26.0247274283035,53.012037597269675,42.482829107283195,11.11920065095554,0.3479156494140625,17.470196045923394,0
camera2_clip_20260528_123150_12473,96,10.276697048753851,28.880993993245742,28.880993993245742,9.88616886012327,20.643625708707376,20.643625708707376,129.4869909464895,-100.61560716969898,67.00848465513423,162.8701289462691,12.419599485292377,17.910757231379215,13.374550318402,11.097368458720867,12.419599485292377,17.910757231379215,6.57098388671875,16.706451416015625,28.880993993245742,20.643625708707376,162.8701289462691,17.910757231379215,18.127766077004633,-39.84413918047814,-22.607174744457517,17.23696443602062,-111.37813811191492,0.29372546191626014,20.67994068423196,18.399170166965614,20.67994068423196,166.56455993652344,358.3751220703125,13.494427448295562,-39.84413918047814,-22.607174744457517,9.23087362409642,30.635701168031378,30.635701168031378,32.31836796302426,48.49812426298202,48.49812426298202,139.2006322388355,144.92052610609147,144.92052610609147,139.2006322388355,10.647452526654257,5.412063830406709,10.647452526654257,6.911886522390268,6.911886522390268,6.613699637008851,5.345849534476858,4.423913354136858,-25.263287266307998,13.233571348376,9.651718093512754,11.101025026297151,-0.5261383056640625,20.45909831976857,0
camera2_clip_20260528_123150_12473,97,9.665411741062101,42.02040023965477,42.02040023965477,20.326431824983956,30.29894930589935,30.29894930589935,117.13741665870809,-106.1204204170393,55.16433777931354,166.07652465130482,11.472465590113078,16.859477587208573,13.977053406061318,10.97363125579864,11.472465590113078,16.859477587208573,5.291015625,15.263519287109375,42.02040023965477,30.29894930589935,166.07652465130482,16.859477587208573,29.266201804709095,-39.62270447058135,-20.69057764089822,18.932126829683128,-111.36120855214361,0.2214347098967906,37.65769333251002,35.62832438414439,37.65769333251002,166.09764862060547,357.74071502685547,23.631136797626276,-39.62270447058135,-20.69057764089822,22.216668640542153,47.489177796825665,47.489177796825665,25.635669528828718,63.95133394813743,63.95133394813743,134.76492192566297,144.88895798143622,144.88895798143622,134.76492192566297,14.364397451973483,9.5918793130034,14.364397451973483,40.96518767115335,40.96518767115335,33.06612363475971,41.35108912780962,4.093630426103801,-26.02464730772365,31.81059389081043,42.07712427380022,10.354275674498185,-0.3118896484375,29.903861458963785,0
camera2_clip_20260528_123150_12473,98,10.113816643286885,23.806064518702073,23.806064518702073,12.354595909832092,32.55846067619074,32.55846067619074,110.2402702450083,-105.82149783176776,48.39009682936866,162.9097114119125,10.897799999093213,15.988623240668522,14.511959954980881,10.504706890608052,10.897799999093213,15.988623240668522,4.706878662109375,14.25177001953125,23.806064518702073,32.55846067619074,162.9097114119125,15.988623240668522,24.984915504817963,-41.37353965991003,-22.28821095340672,19.08532870650331,-111.98368363699008,-1.7508351893286829,27.97106778041852,43.105487500477466,43.105487500477466,165.63885116577148,356.8447799682617,30.197272400029366,-41.37353965991003,-22.28821095340672,26.645403881981792,26.163917379711506,26.645403881981792,17.70353972310321,13.464126114608113,17.70353972310321,133.40812345745906,143.74570070313183,143.74570070313183,133.40812345745906,22.637026464729892,29.951373226470313,29.951373226470313,48.54523337499653,48.54523337499653,45.66201637431268,46.44252393454718,4.034353183958874,-26.580266579445517,35.0613873256674,39.4273711292815,10.207825313215583,0.156646728515625,23.872906651626053,0
camera2_clip_20260528_123150_12473,99,46.286158380067356,29.366838689596914,46.286158380067356,29.863230179418053,25.53096093473191,29.863230179418053,110.82532296540957,-107.91829069548523,46.9430992333993,166.6247096215455,11.019058250063443,15.647169415069676,15.035435828987659,10.457910278753632,11.019058250063443,15.647169415069676,4.702545166015625,13.96490478515625,29.366838689596914,25.53096093473191,166.6247096215455,15.647169415069676,35.6888775733976,-40.14108076094149,-20.8643766560786,19.27670410486289,-111.31260315949064,1.232458898968538,45.591372981648384,37.49470427492296,45.591372981648384,165.44493865966797,355.82362365722656,31.182143037822904,-40.14108076094149,-20.8643766560786,21.69982904362262,16.084060173689874,21.69982904362262,11.735285632207077,14.457018769126645,14.457018769126645,131.92958518410705,142.90409396318103,142.90409396318103,131.92958518410705,24.63516119480446,18.434090162627108,24.63516119480446,78.89033344052577,78.89033344052577,76.59386714470517,73.41596487062765,3.8418248014169603,-25.59706983746922,65.2111875853571,54.39733814521455,9.711563515653811,1.2296295166015625,26.76489253470528,0
camera2_clip_20260528_123150_12473,100,4.168484772948133,34.39172095997745,34.39172095997745,23.253640979662446,24.703287297542246,24.703287297542246,117.34508499367796,-105.67198914521275,53.90334852030363,166.34743203619027,11.660444010285985,16.750609792879654,14.40052217312747,10.56165940148272,11.660444010285985,16.750609792879654,4.674285888671875,15.274871826171875,34.39172095997745,24.703287297542246,166.34743203619027,16.750609792879654,19.577283295690748,-40.38770553891687,-20.258307910481786,20.129397628435083,-110.54685084743028,-0.24662477797537719,22.533810109840882,8.412755654173326,22.533810109840882,165.56567001342773,355.5991973876953,7.645187323587372,-40.38770553891687,-20.258307910481786,21.833845714481466,19.416471750742886,21.833845714481466,24.065869213240383,6.959164909723851,24.065869213240383,131.43149524762663,141.8790872157338,141.8790872157338,131.43149524762663,17.94781927437316,16.349880313325855,17.94781927437316,32.048624455822875,32.048624455822875,28.012528182115126,23.933268909077224,3.559550262029715,-25.37242655951578,27.231681368955357,4.066372619443116,8.923218795122322,0.6138153076171875,18.669729245836006,0
camera2_clip_20260528_123150_12473,101,23.77276712801873,43.511176526137795,43.511176526137795,48.94702865103811,18.580609735338076,48.94702865103811,122.03184150180415,-106.97272679550329,57.50945448766055,171.1676889668775,11.632872074679897,17.15837726396772,13.356456257681138,11.157546876445453,11.632872074679897,17.15837726396772,3.517852783203125,15.82891845703125,43.511176526137795,18.580609735338076,171.1676889668775,17.15837726396772,37.00388962216343,-39.15886577450816,-18.805151293953333,20.353714480554824,-108.8739311999903,1.2288397644087112,60.538089719529054,26.673665972918794,60.538089719529054,165.50636672973633,354.6446838378906,28.690620359197467,-39.15886577450816,-18.805151293953333,34.763775547264565,21.22772065873957,34.763775547264565,18.330561523409415,7.151317539027118,18.330561523409415,129.1162500893538,141.257400204515,141.257400204515,129.1162500893538,21.75234786132134,22.484547055480338,22.484547055480338,83.42893747732373,83.42893747732373,82.90815733253987,75.96461097457313,2.784137088940805,-26.866982071648476,89.06050247654927,56.2781064028235,6.789233741453245,1.0944671630859375,28.97780065985191,0
camera2_clip_20260528_123150_12473,102,15.950995402266667,73.40880196852835,73.40880196852835,55.72622790344622,43.27453934620562,55.72622790344622,130.93767718841895,-95.4070656014425,65.97593681754248,165.9251944016037,11.597531773673964,18.4533014217385,11.588540413102786,11.130348150861806,11.597531773673964,18.4533014217385,3.35479736328125,17.91741943359375,73.40880196852835,43.27453934620562,165.9251944016037,18.4533014217385,37.673897103628285,-39.55700910744939,-18.863638178809026,20.693370928640363,-108.74704502308781,-0.39814333294123117,19.139210797148063,18.543607204174812,19.139210797148063,165.4059829711914,354.4967956542969,5.362185416752902,-39.55700910744939,-18.863638178809026,26.38055901426316,22.117826623286668,26.38055901426316,33.8623134764981,16.148400483396955,33.8623134764981,127.25666148935284,139.44077162805348,139.44077162805348,127.25666148935284,13.418902641596658,17.7960782345015,17.7960782345015,30.512381906635053,30.512381906635053,25.58189526733442,26.957233772728344,2.450710523738222,-26.90582756303733,18.241828449318085,17.949410727167464,5.798966573875367,1.0273590087890625,29.647288591276066,0
camera2_clip_20260528_123150_12473,103,17.588155703821336,53.425823562560964,53.425823562560964,73.90738934865183,29.583425779503226,73.90738934865183,141.4644712895741,-93.24236513281413,74.95883072261394,169.82549132689832,11.533496016113112,19.833745555722956,9.315139024148673,11.437398357832164,11.533496016113112,19.833745555722956,2.540313720703125,19.584716796875,53.425823562560964,29.583425779503226,169.82549132689832,19.833745555722956,38.17638389541507,-37.90352371811925,-16.82010958475055,21.083414133368702,-107.69433455742987,1.653485389330136,40.17587066092438,14.377638317028703,40.17587066092438,165.19849014282227,354.10347747802734,13.34081014960314,-37.90352371811925,-16.82010958475055,26.208119424335028,21.070510942553092,26.208119424335028,24.83198745379607,9.290489426309577,24.83198745379607,125.03971270024594,138.9361768491819,138.9361768491819,125.03971270024594,14.196695539086278,26.59124022351946,26.59124022351946,15.315666954608517,15.315666954608517,28.75071975918802,8.603354409501067,1.754196843638514,-28.295118706730854,54.1200892172106,6.830482078872694,3.8489683134050305,0.9877777099609375,29.270612198507497,0
camera2_clip_20260528_123150_12473,104,54.18307491816147,50.52119714630624,54.18307491816147,63.18831001324198,21.784321896477095,63.18831001324198,147.77618772482757,-81.03792174887444,95.02982365306218,159.8188619238335,10.96499023707639,18.966486186242804,6.525961184544895,9.284881958425176,10.96499023707639,18.966486186242804,0.79107666015625,18.964813232421875,50.52119714630624,21.784321896477095,159.8188619238335,18.966486186242804,44.4575070063024,-43.207689989846685,-18.204339737515596,25.00335025233109,-108.24564942642952,-5.304166271727432,18.160098650872353,58.90803941275524,58.90803941275524,164.62630462646484,354.0240249633789,17.330264582280694,-43.207689989846685,-18.204339737515596,18.794640173669553,20.099045054534674,20.099045054534674,14.656446317957192,17.028993297928803,17.028993297928803,126.04643442239836,140.18291012675192,140.18291012675192,126.04643442239836,21.319676888543945,41.39724138756267,41.39724138756267,94.38185797338153,94.38185797338153,82.17458309924491,105.44546013224202,0.8283006667616254,-51.61761865000517,41.17018715413629,97.35850827045273,1.652470793543623,-1.444915771484375,33.33675709650094,0
camera2_clip_20260528_123150_12473,105,45.14124271055224,32.44451005161731,45.14124271055224,40.3931821568993,30.58025378549371,40.3931821568993,137.05587342051592,-70.41832161567943,79.13241867535315,153.0370110639798,9.023810972820753,17.751021007414888,5.53202185881265,7.789372580102243,9.023810972820753,17.751021007414888,-0.93182373046875,17.573699951171875,32.44451005161731,30.58025378549371,153.0370110639798,17.751021007414888,44.17503565934601,-46.30292060686328,-23.2076719085168,23.09524869834648,-109.5092745168538,-3.095230617016597,56.08365236088922,60.407372890624316,60.407372890624316,163.19343185424805,353.37060546875,47.244822738467434,-46.30292060686328,-23.2076719085168,11.373981882910135,30.917311740938317,30.917311740938317,16.77872673794337,25.564147672417466,25.564147672417466,128.73279142817626,141.37102020399485,141.37102020399485,128.73279142817626,35.377260789010926,41.35663303131858,41.35663303131858,63.01455821864351,63.01455821864351,60.39152293459916,68.9612721507457,0.7195680494196781,-73.6994577943269,53.75168737580959,74.74388190509433,1.743134352754075,-0.9426116943359375,35.53485631755124,0
camera2_clip_20260528_123150_12473,106,56.53483357424235,76.1117026713761,76.1117026713761,33.97184719409889,46.61907066702912,46.61907066702912,134.56604350799634,-63.48415043889133,71.99005534794836,147.5588551078955,7.405569766858664,16.76832634537966,4.2743126376954095,5.221132045171346,7.405569766858664,16.76832634537966,-1.5577392578125,16.044097900390625,76.1117026713761,46.61907066702912,147.5588551078955,16.76832634537966,47.76434085264958,-46.779211022517934,-25.823499285808712,20.955711736709222,-110.31762849669317,-0.4762904156546526,55.18597612908492,18.162614880066094,55.18597612908492,162.28755569458008,353.59635162353516,28.00742131560069,-46.779211022517934,-25.823499285808712,5.533235742804075,25.852120785119016,25.852120785119016,14.981387612512894,33.95137455221456,33.95137455221456,131.40589521632643,142.31524814684718,142.31524814684718,131.40589521632643,32.032619621852646,23.8132314335008,32.032619621852646,87.01303672394421,87.01303672394421,91.88918717563655,86.4613601738093,0.9020669537622834,-71.50957805982306,85.01830954030474,62.414084963605575,2.244899187044722,-1.8101348876953125,35.229167905325134,0
camera2_clip_20260528_123150_12473,107,54.46105216741632,143.24583303175825,143.24583303175825,38.524729951480474,39.619870254649456,39.619870254649456,120.58802677867699,-53.59389368942236,58.384483592210245,78.61739426635043,6.543306038617892,11.521291708301266,3.7049846890009044,1.9904715083347606,6.543306038617892,11.521291708301266,-3.329193115234375,10.296844482421875,143.24583303175825,39.619870254649456,78.61739426635043,11.521291708301266,57.95614363741825,-46.333576382102045,-26.902923474410922,19.430652907691123,-109.91868356744166,0.4456346404158893,41.288117063927864,30.59725935527711,41.288117063927864,161.29613876342773,353.03692626953125,34.15081012611756,-46.333576382102045,-26.902923474410922,5.6467037841969105,23.85073903582549,23.85073903582549,25.152268839300383,25.951804319380823,25.951804319380823,136.27955571423243,144.82708855483995,144.82708855483995,136.27955571423243,46.08909874947928,35.455327335251575,46.08909874947928,31.811308758685367,31.811308758685367,35.71543221254619,27.70951320605768,1.1159041609760703,-62.3767617899137,43.19798004753851,19.77864883390443,2.907344737108168,-3.2877349853515625,42.490233657328666,0
camera2_clip_20260528_123150_12473,108,81.25241354248416,201.36376674592796,201.36376674592796,58.41980187972495,83.11799327505659,83.11799327505659,103.59340234049681,-37.84020274589952,46.38585529852996,12.440584601665782,6.579512460373875,6.738251545121881,3.0015946738020123,5.363689727801589,6.579512460373875,6.738251545121881,-5.525543212890625,3.159912109375,201.36376674592796,83.11799327505659,12.440584601665782,6.738251545121881,82.01957993307612,-44.61534949138781,-26.086869724423387,18.528479766964423,-110.0890436874178,1.7182268907142344,52.79246642731636,15.171037727946745,52.79246642731636,160.32280731201172,352.8938980102539,29.513523638169048,-44.61534949138781,-26.086869724423387,2.7982201757821357,22.143287438374998,22.143287438374998,20.087639594862445,22.99099095191946,22.99099095191946,141.51284396614352,146.25146176592597,146.25146176592597,141.51284396614352,42.85499897177934,21.751237056846303,42.85499897177934,77.77503659864287,77.77503659864287,85.18196838869426,69.95061331708627,1.5458245185179291,-50.57199393745481,85.55999330431833,35.816799886505976,4.263023009490955,-4.686431884765625,52.06198781566845,0
camera2_clip_20260528_123150_12473,109,55.25970086773558,152.66143216352825,152.66143216352825,72.12344043303786,112.99757834721368,112.99757834721368,95.72964517801728,-19.70068449778011,19.01414033105926,27.021407398773448,7.593019645185666,5.449893163427767,2.9278956324961025,8.555803733717994,7.593019645185666,5.449893163427767,-7.399993896484375,-2.371856689453125,152.66143216352825,112.99757834721368,27.021407398773448,5.449893163427767,80.35935347253621,-38.44549829317761,-22.098200582770936,16.34729771040667,-109.02182071890795,6.169851198210203,58.83457170124339,30.27939732245852,58.83457170124339,159.5175437927246,352.74073028564453,24.59102923061592,-38.44549829317761,-22.098200582770936,4.892200802341318,12.01124342699002,12.01124342699002,10.053343397947039,18.093967378300658,18.093967378300658,146.54186457983272,147.07670364823764,147.07670364823764,146.54186457983272,59.224070472029524,8.296117493429962,59.224070472029524,18.925993815946722,18.925993815946722,22.690678169399558,25.304424799197086,2.1819094397942553,-37.856920337134184,49.30978742883386,35.63381360147339,6.227621803329238,-3.4633026123046875,49.56058865052132,0
camera2_clip_20260528_123150_12473,110,47.27787118580657,201.62461854352966,201.62461854352966,14.35340925692576,114.5555473370293,114.5555473370293,90.26867183818302,-1.7354297431824086,27.049951285035185,46.9356372397702,10.130278602317976,9.897947401635887,1.0198243125786537,12.683275313245229,10.130278602317976,9.897947401635887,-10.11737060546875,-9.1566162109375,201.62461854352966,114.5555473370293,46.9356372397702,9.897947401635887,72.16672581678296,-32.88376429463561,-17.501189853012406,15.382574441623206,-107.20240582950478,5.561733998541996,42.60458908422633,12.58431949318017,42.60458908422633,158.93502044677734,352.44503021240234,19.598336248266826,-32.88376429463561,-17.501189853012406,16.35348032320874,12.169405978030326,16.35348032320874,11.312160608860653,14.363672440120297,14.363672440120297,147.8843549323028,149.22562285700891,149.22562285700891,147.8843549323028,40.15534723836999,21.355069917914744,40.15534723836999,30.722410386866603,30.722410386866603,28.443691758909992,27.663887001705405,2.1255539957448217,-36.360440851797215,35.78711386466762,26.169007503650437,6.280989421640297,-4.0972900390625,45.72579095060021,0
camera2_clip_20260528_123150_12473,111,49.04433384613985,176.22215650201716,176.22215650201716,9.255512995425786,114.94794690979703,114.94794690979703,85.08872473637767,14.549167595845132,128.1355063990718,62.95387012301774,12.86519789503257,15.358124782144827,0.6632008279207797,15.581315322994021,12.86519789503257,15.358124782144827,-12.852081298828125,-15.085205078125,176.22215650201716,114.94794690979703,62.95387012301774,15.358124782144827,66.18917994759813,-28.2702437636204,-13.699365230273813,14.570878533346587,-106.70152992238538,4.613520531015212,43.948918318634945,3.716211113574128,43.948918318634945,158.35774612426758,352.01879119873047,21.5274895467301,-28.2702437636204,-13.699365230273813,7.129345690887369,15.829989103135194,15.829989103135194,13.494344038409519,21.663645182991218,21.663645182991218,150.55516731558566,150.8448373418408,150.8448373418408,150.55516731558566,31.518432452956905,11.525254175069815,31.518432452956905,20.397531803044714,20.397531803044714,25.68790037433088,20.327302385563232,2.2790513640360297,-32.586906947101035,40.57619185309486,28.531871715304995,6.675517754602899,-3.7177276611328125,41.52467419408657,0
camera2_clip_20260528_123150_12473,112,43.377196844205436,106.38522478033022,106.38522478033022,5.723415143791794,111.09130978922245,111.09130978922245,85.42385341803451,26.979815665769177,168.72944437161232,73.58734987875387,15.3275310489565,18.47876605580591,1.744683284923646,15.878765966036493,15.3275310489565,18.47876605580591,-15.302093505859375,-18.32049560546875,106.38522478033022,111.09130978922245,73.58734987875387,18.47876605580591,52.34529499272387,-23.25831629916552,-9.708434247872269,13.549882051293253,-105.15698446779795,5.011927464454878,30.679935121329255,16.814688277464064,30.679935121329255,158.15582275390625,351.9491882324219,6.407484559117563,-23.25831629916552,-9.708434247872269,11.335400420631672,19.246081949776812,19.246081949776812,8.664999016738353,15.033183403988463,15.033183403988463,151.32421609462227,151.82585867680655,151.82585867680655,151.32421609462227,22.17585306868247,19.206161934077034,22.17585306868247,12.248435193019457,12.248435193019457,14.55473067702233,13.185449215337034,2.266085301698919,-31.48355431355382,22.857839332096653,17.907417651793743,6.629142176299513,-2.490966796875,34.14445414585317,0
camera2_clip_20260528_123150_12473,113,36.56039654889196,80.13793391097963,80.13793391097963,6.173401965102024,93.96525393907721,93.96525393907721,85.8466343682799,36.468807770072274,165.73080337423605,82.38425412177527,17.02175524647779,20.462743079026847,2.864909446212772,15.450101592119204,17.02175524647779,20.462743079026847,-17.013580322265625,-20.38232421875,80.13793391097963,93.96525393907721,82.38425412177527,20.462743079026847,41.9301335928049,-19.776726751409477,-6.88806443595251,12.888662315456967,-103.88622897329157,3.4815895477560446,16.396480817180972,18.34733437559763,18.34733437559763,158.02270889282227,352.0973358154297,5.974973282565261,-19.776726751409477,-6.88806443595251,5.0944497448397925,20.977821172480645,20.977821172480645,11.69182800784635,13.743002212179645,13.743002212179645,152.637829322027,152.94499237362453,152.94499237362453,152.637829322027,13.994932122351488,20.479247157902222,20.479247157902222,9.377946748154914,9.377946748154914,5.751599121210336,9.31431302585974,2.3727754905232508,-30.083804755602323,6.912445166106918,9.762560330162083,6.803104325203611,-1.9258880615234375,28.130173497869134,0
camera2_clip_20260528_123150_12473,114,31.785488943248957,68.84481893942558,68.84481893942558,9.858430831198447,79.45756739591798,79.45756739591798,86.26005845951153,44.62645555155558,167.67029041995684,92.15478249645805,18.7493976372332,22.331388903097146,4.224602650444369,14.82326532123872,18.7493976372332,22.331388903097146,-18.74664306640625,-22.281768798828125,68.84481893942558,79.45756739591798,92.15478249645805,22.331388903097146,37.09259284294456,-16.386582754463625,-4.3484159546069625,12.038166799856661,-102.40610109118643,3.3901439969458522,21.241357799943245,11.367893147933199,21.241357799943245,157.7629623413086,352.1335906982422,7.867936120476159,-16.386582754463625,-4.3484159546069625,13.680510880164576,16.769369473466732,16.769369473466732,20.29181225843447,8.750704521156218,20.29181225843447,153.57848323560344,154.00136863045682,154.00136863045682,153.57848323560344,18.44590188153296,23.9588990276437,23.9588990276437,6.963316282781584,6.963316282781584,8.08901149171315,7.634199965206535,2.3803468740649394,-29.561928009866847,12.741143137193784,10.089020356531432,6.751228187807126,-1.6680450439453125,27.037729591672164,0
camera2_clip_20260528_123150_12473,115,29.07744818756341,49.16436248350323,49.16436248350323,15.560461567808519,56.04985369964219,56.04985369964219,85.47215416526525,51.29927176230876,163.3139049177398,101.03377931570954,20.47583275369815,24.0680498423891,5.593325377979942,14.37205186167333,20.47583275369815,24.0680498423891,-20.475830078125,-24.038909912109375,49.16436248350323,56.04985369964219,101.03377931570954,24.0680498423891,29.639627140781112,-14.270607129822453,-3.20941741047045,11.061189719352004,-101.47522880363462,2.1159756246411714,23.647477535720093,4.338159370449194,23.647477535720093,157.6279525756836,351.86354064941406,9.057549288718839,-14.270607129822453,-3.20941741047045,3.4874670588568093,7.084580070424839,7.084580070424839,23.531982025789524,11.708643727759998,23.531982025789524,155.87826740104063,154.33392669718893,154.33392669718893,155.87826740104063,11.881495318120134,11.29604580750018,11.881495318120134,12.299779083267705,12.299779083267705,11.592568619489894,13.179596112054003,2.5074638510289087,-28.479730772815042,15.445241105590464,16.92234649159854,7.001447032384646,-1.286865234375,20.568998071094843,0
camera2_clip_20260528_123150_12473,116,10.824875988205873,29.506365905119377,29.506365905119377,32.07034261158448,30.715810579338346,32.07034261158448,86.56310903252962,55.923294599448866,165.48524685435126,108.08537769725226,21.789210588513644,25.320141279497356,7.0180352793772744,14.168168920317239,21.789210588513644,25.320141279497356,-21.78448486328125,-25.30560302734375,29.506365905119377,30.715810579338346,108.08537769725226,25.320141279497356,24.255911594073023,-12.013785717635082,-2.2104683257001274,9.803317391934955,-99.7318018603969,2.256821412187371,31.294102239445948,11.123972240744106,31.294102239445948,157.5144386291504,351.5890808105469,8.910233290306762,-12.013785717635082,-2.2104683257001274,8.94180873821777,6.562754757014977,8.94180873821777,25.23809974828694,12.904331969106202,25.23809974828694,157.9057077417363,154.76695862539617,154.76695862539617,157.9057077417363,15.387270007005974,18.771251101994707,18.771251101994707,14.847032900007775,14.847032900007775,17.783484116947072,16.723706993578926,2.478711432426562,-27.985927926875178,28.677411774661728,26.234356926828873,6.97695619253847,-0.669342041015625,19.445082157172056,0
camera2_clip_20260528_123150_12473,117,16.168104022341037,30.430728219088515,30.430728219088515,24.827610599853614,20.66816006742965,24.827610599853614,85.85343125228623,58.913589648873575,167.4546757888899,114.43996318808203,23.003530781397966,26.656303187611034,8.317132833539645,14.46165412509294,23.003530781397966,26.656303187611034,-23.003082275390625,-26.647308349609375,30.430728219088515,20.66816006742965,114.43996318808203,26.656303187611034,20.637347547210016,-10.500504419188434,-2.045182522151448,8.455321897036987,-99.33536759988554,1.513281298446648,21.60365892805832,10.12582344648896,21.60365892805832,157.3459358215332,351.08274841308594,16.009032563027475,-10.500504419188434,-2.045182522151448,3.4685966225815004,15.418809258108805,15.418809258108805,22.751130700689387,13.17600449035222,22.751130700689387,160.13607639534226,155.81769201704,155.81769201704,160.13607639534226,18.75904355218329,15.608547254526112,18.75904355218329,7.474223892056732,7.474223892056732,7.670544733638024,6.589344649360766,2.401461894528496,-28.188813296268545,14.75763857801736,10.94683155527248,6.830856955589539,-0.760009765625,17.750518096808452,0
camera2_clip_20260528_123150_12473,118,24.19980669000124,16.960570122312724,24.19980669000124,35.87482068323552,6.049606283042611,35.87482068323552,84.49432697066433,60.89604559295932,166.67700726837614,118.83133688439901,24.550181365218943,28.04614082705165,9.505173358858336,14.90859771199858,24.550181365218943,28.04614082705165,-24.54962158203125,-28.038360595703125,16.960570122312724,6.049606283042611,118.83133688439901,28.04614082705165,24.946072718896968,-9.29002060101818,-1.4423090968777696,7.84771150414041,-97.5312969894652,1.210483818170255,39.06962543021729,27.522007104572417,39.06962543021729,157.1804656982422,350.1277618408203,29.076480932510258,-9.29002060101818,-1.4423090968777696,21.752652561464703,18.170262092051857,21.752652561464703,22.70563932155966,16.312732803033864,22.70563932155966,160.52035208250197,158.17838618256175,158.17838618256175,160.52035208250197,33.762155618724314,31.94890449236214,33.762155618724314,16.492670232506093,16.492670232506093,17.036449662310044,12.435942701994847,2.1745740782048095,-29.93946206645356,27.6263565247338,17.988957841245337,6.291724748402897,-0.415802001953125,24.527398600214863,0
camera2_clip_20260528_123150_12473,119,23.507361574533338,16.83811789032815,23.507361574533338,12.153054994458811,23.11553468980536,23.11553468980536,84.85359198900167,62.76663566330412,168.61479771397612,124.86875257437565,26.018859480789597,29.199796177088867,10.488969120097678,15.371619299275457,26.018859480789597,29.199796177088867,-26.01751708984375,-29.187774658203125,16.83811789032815,23.11553468980536,124.86875257437565,29.199796177088867,21.815491315671494,-9.840392871136453,-2.2036086597649764,7.636784211371477,-96.14461748763922,-0.5503722701182738,25.17500984078782,30.10386890411548,30.10386890411548,157.09889221191406,349.32472229003906,24.215162159515035,-9.840392871136453,-2.2036086597649764,12.851134680994159,21.36097697900385,21.36097697900385,19.322357638036934,15.593209067238305,19.322357638036934,161.265924578144,160.58064184980495,160.58064184980495,161.265924578144,25.82685056732721,27.341609643289914,27.341609643289914,18.5237371428712,18.5237371428712,17.412619862077374,16.08415763141516,2.1247009791089755,-31.696621172978098,20.09205320233148,19.902160475694714,6.208568767432782,-0.443695068359375,21.099090539159945,0
camera2_clip_20260528_123150_12473,120,24.372158416474623,24.651774682673047,24.651774682673047,17.09736538895198,8.746072067672156,17.09736538895198,85.67815445294576,64.21357944402787,168.76177026934815,128.89517581083356,27.283186547914497,30.191522226719787,11.224810982970457,15.614231780789954,27.283186547914497,30.191522226719787,-27.282867431640625,-30.17218017578125,24.651774682673047,8.746072067672156,128.89517581083356,30.191522226719787,21.15132206373173,-10.387925036373483,-2.754639481878639,7.633285554494844,-94.63537648974712,-0.5475321652370297,27.758172977022245,24.282388849596337,27.758172977022245,157.29912567138672,348.90100860595703,14.05930481687056,-10.387925036373483,-2.754639481878639,10.997101012834847,22.35152294900192,22.35152294900192,18.77078278238797,24.58148473021547,24.58148473021547,161.9927866244875,162.7106745557761,162.7106745557761,161.9927866244875,8.387116464513532,12.430262253214726,12.430262253214726,19.9075628930116,19.9075628930116,17.8674230557949,15.450262467427848,2.062320422578472,-34.62388929359853,19.49175232449747,14.775959440125119,6.011934325348818,-0.539093017578125,18.7021835478799,0
camera2_clip_20260528_123150_12473,121,24.161326908901398,28.393312036620532,28.393312036620532,23.942798421556326,14.609679589309284,23.942798421556326,85.62155597226078,64.9894047626722,165.00520211775327,133.69284676979214,28.29084028682899,31.222178284506448,11.745079694844927,16.16377230211336,28.29084028682899,31.222178284506448,-28.277069091796875,-31.1785888671875,28.393312036620532,14.609679589309284,133.69284676979214,31.222178284506448,21.521525623441352,-12.014721889360647,-3.583921848146663,8.430800041213985,-93.65150276343851,-1.6267968529871641,19.856169939394736,18.16586684486587,19.856169939394736,157.4469985961914,348.3960876464844,15.783865796583944,-12.014721889360647,-3.583921848146663,0.25772745181831075,22.53324691685213,22.53324691685213,11.527294879177616,9.106845669216879,11.527294879177616,162.75720223058062,166.13654677841862,166.13654677841862,162.75720223058062,17.464059798172492,22.082248349208996,22.082248349208996,14.624497962379182,14.624497962379182,14.990042493412204,11.954064402410705,1.9530095283825528,-37.7538618959872,18.103824565127873,9.428034674939537,5.70631072864035,-0.6277923583984375,17.675048067091215,0
camera2_clip_20260528_123150_12473,122,32.77350777088811,29.204978169533767,32.77350777088811,15.380949462899274,10.551045904367557,15.380949462899274,86.05636393790988,65.2002648674938,160.10939173215422,137.11659323821019,29.328078996709287,32.26200141538182,12.418014550216457,16.717465166419462,29.328078996709287,32.26200141538182,-29.2440185546875,-32.177337646484375,29.204978169533767,10.551045904367557,137.11659323821019,32.26200141538182,20.012707361030674,-13.193511237660475,-3.9054922210220675,9.288019016638408,-92.07986444782033,-1.1787893482998282,16.95864609500987,15.207116763485454,16.95864609500987,157.3096466064453,347.9899139404297,12.863062765907257,-13.193511237660475,-3.9054922210220675,5.329908109398207,16.13810364513914,16.13810364513914,13.036549221284904,15.155680221884914,15.155680221884914,164.4594812019211,169.716345701409,169.716345701409,164.4594812019211,18.957693392711057,25.48568048444708,25.48568048444708,13.581899768202812,13.581899768202812,12.836650154271076,9.577357929653951,1.8880672937533025,-40.84166988895942,13.694908847724845,5.675664143427335,5.4823218855022775,-0.607147216796875,17.848321603420782,0
camera2_clip_20260528_123150_12473,123,41.237596179722296,29.59202973156649,41.237596179722296,16.81533528242235,13.817486903950908,16.81533528242235,87.53030936013228,65.32179541101098,158.94339502212128,141.3120474883133,30.07220154787913,33.04483230020533,13.091497260550375,17.142133072473882,30.07220154787913,33.04483230020533,-29.877166748046875,-32.878143310546875,29.59202973156649,13.817486903950908,141.3120474883133,33.04483230020533,20.297018854266554,-13.792831625636696,-4.418019601881884,9.374812023754812,-91.77231354879967,-0.5993203879762206,7.952877445761826,12.366787582175455,12.366787582175455,157.14242553710938,347.6062927246094,12.554493654926043,-13.792831625636696,-4.418019601881884,9.89140017294375,10.554863963744989,10.554863963744989,8.682299350007094,5.323127154082034,8.682299350007094,165.97251980414913,171.44368392172856,171.44368392172856,165.97251980414913,14.428349812340514,16.347671016563392,16.347671016563392,11.724730667233223,11.724730667233223,11.54372222191248,12.577054210659087,1.8880512764822162,-42.035466981873476,9.979191351213302,12.598804066730585,5.473446024605248,-0.342529296875,15.58415204960676,0
camera2_clip_20260528_123150_12473,124,15.761287097887672,29.446228129565146,29.446228129565146,10.52509602346586,8.402032864377698,10.52509602346586,87.86178637801119,65.2974937428137,157.7158637714606,144.83705477863475,30.93865004761139,33.71540042595369,13.766933654561104,17.398591909128335,30.93865004761139,33.71540042595369,-30.6685791015625,-33.433563232421875,29.446228129565146,8.402032864377698,144.83705477863475,33.71540042595369,15.710257989282695,-12.983843803914235,-3.522719326185952,9.461124477728283,-91.757874678991,0.8089878217224609,19.197306554748543,10.929597265651234,19.197306554748543,157.1836051940918,347.14163970947266,13.994226300955345,-12.983843803914235,-3.522719326185952,15.382013093729709,19.13353295213967,19.13353295213967,8.414210535217547,27.85822980858585,27.85822980858585,166.60208989370796,173.4524563732892,173.4524563732892,166.60208989370796,15.558662633362685,11.19028039581826,15.558662633362685,50.20321537491867,50.20321537491867,51.721998430356834,48.9075809643187,1.7660320694797356,-41.9345569009427,40.71806976163874,30.440707959909634,5.061463998566624,-0.18572998046875,15.983206446212487,0
camera2_clip_20260528_123150_12473,125,23.099216687896515,25.75407233078714,25.75407233078714,26.61458823375422,23.167188171788194,26.61458823375422,87.43133400774093,65.26063493349817,157.0178486742483,149.48586521725278,30.850236565308613,34.25352360594892,14.006534031430386,17.74916313801165,30.850236565308613,34.25352360594892,-30.57623291015625,-33.78521728515625,25.75407233078714,23.167188171788194,149.48586521725278,34.25352360594892,22.730209380631564,-12.342313817018765,-3.5551228316508783,8.787190985367886,-92.23224576480168,0.6415299868954705,20.435375095229883,17.310815764333434,20.435375095229883,156.89326095581055,346.5728759765625,19.157577209013496,-12.342313817018765,-3.5551228316508783,12.624966648796615,8.844142225459201,12.624966648796615,20.306372507492235,25.155722034749356,25.155722034749356,169.7684278132262,175.81416913257013,175.81416913257013,169.7684278132262,20.843351542291156,20.856938829301896,20.856938829301896,30.761166584645082,30.761166584645082,31.89601331225097,29.45645818138981,1.694997611554926,-40.374715307030804,25.958569137479518,18.45882793037719,4.865364556047743,0.3310546875,20.417729172656653,0
camera2_clip_20260528_123150_12473,126,275.69687629001794,27.347465606692978,275.69687629001794,191.878359090584,23.7973744336229,191.878359090584,93.16494833799602,65.18597930034336,166.44262689883638,153.7876484589921,23.091576667163547,34.131109322327156,10.203791357438744,17.909325076116872,23.091576667163547,34.131109322327156,-22.800262451171875,-33.45623779296875,27.347465606692978,23.7973744336229,153.7876484589921,34.131109322327156,96.91874275975285,-6.394515569893513,-0.7868805137737275,5.607635056119785,-93.2664261224893,5.9477982471252515,54.57599042744308,8.21639071015612,54.57599042744308,156.47026443481445,345.96402740478516,22.240961672488424,-6.394515569893513,-0.7868805137737275,22.87867993459341,28.148444790128515,28.148444790128515,30.47386403791443,29.879581911402994,30.47386403791443,170.52137260271832,177.50645209141373,177.50645209141373,170.52137260271832,25.27653460756129,11.51712097492556,25.27653460756129,10.44434267875807,10.44434267875807,14.115671018364624,11.780564460276103,1.7636103661584885,-39.11054691617889,23.09303382031536,13.504220587444667,5.086208479690583,4.760833740234375,60.80722356792027,0
camera2_clip_20260528_123150_12473,127,260.7906560890438,30.171884274694282,260.7906560890438,164.78909508385797,24.606598373856304,164.78909508385797,103.44706825614428,65.572741994857,178.83016892326674,158.47820331907494,16.08972316604522,33.99029184770693,6.267419534165249,17.8665948974126,16.08972316604522,33.99029184770693,-15.677886962890625,-33.077392578125,30.171884274694282,24.606598373856304,158.47820331907494,33.99029184770693,90.49346747878667,-1.341196467962205,1.3974712260890256,2.7386676940512307,-93.86038310705769,5.053319101931308,50.497037925306664,12.105533125961013,50.497037925306664,156.18253326416016,345.36402893066406,19.962681582451786,-1.341196467962205,1.3974712260890256,60.87331318198062,10.140718266421176,60.87331318198062,61.65345443494803,16.716091798229222,61.65345443494803,167.3321073655265,177.84577986763784,177.84577986763784,167.3321073655265,16.884542836605302,5.064983339153579,16.884542836605302,68.55962758268696,68.55962758268696,70.13616382557414,65.90457191389544,1.598320529176249,-37.01463116628684,53.84132965537768,39.257576093922694,4.617097551277305,4.6590728759765625,59.524492394171496,0
camera2_clip_20260528_123150_12473,128,220.6179238869796,20.481143857458736,220.6179238869796,140.70305307097613,22.564564941055405,140.70305307097613,117.55154471533109,66.29383498535442,156.3127286516216,163.0428387958825,10.125385562469804,33.53654272474633,3.155764732790273,17.517075485496086,10.125385562469804,33.53654272474633,-9.492889404296875,-32.40234375,20.481143857458736,22.564564941055405,163.0428387958825,33.53654272474633,76.33012441637142,3.4659229967189513,4.063335682305458,0.5974126855865065,-94.93718046613145,4.807119464681156,40.56858745418504,13.045473287573635,40.56858745418504,155.94416046142578,345.01085662841797,12.782685216398107,3.4659229967189513,4.063335682305458,75.83244714840639,16.597080705651276,75.83244714840639,86.41583019568742,20.958431602399955,86.41583019568742,163.45912268353067,179.23241327206102,179.23241327206102,163.45912268353067,13.78099978472828,10.064762743337273,13.78099978472828,15.790936269896914,15.790936269896914,13.172324450382915,14.422213798023623,1.4929134166011235,-35.29042602229487,15.02532525177265,13.369387400755,4.4024979340177826,3.9373321533203125,56.802524889869936,0
camera2_clip_20260528_123150_12473,129,24.914464956955317,21.36936184145209,24.914464956955317,25.963818446364094,18.75121272158759,25.963818446364094,117.38088171405603,65.96472286571662,149.3220999738237,166.33411887829544,9.39429369536142,33.49554290447838,3.1094863875544076,17.478362544549174,9.39429369536142,33.49554290447838,-8.95166015625,-32.03985595703125,21.36936184145209,18.75121272158759,166.33411887829544,33.49554290447838,21.715365691193075,4.097059891741017,4.432415557508685,0.3353556657676684,-95.52241534850961,0.6311368950220655,21.179405664322765,18.1139305164766,21.179405664322765,155.50744247436523,344.87552642822266,13.716164805673902,4.097059891741017,4.432415557508685,61.526579035864756,7.673622129796437,61.526579035864756,75.61699409425151,3.4518908009304745,75.61699409425151,160.96610397264664,178.5877222270754,178.5877222270754,160.96610397264664,11.75219402875443,4.099491618383928,11.75219402875443,42.147383143068296,42.147383143068296,44.10931167739879,42.95176072342799,1.5332610888518903,-35.4375221513526,36.10624030281514,32.15550681893565,4.534580690536588,0.6546783447265625,24.534413821261666,0
camera2_clip_20260528_123150_12473,130,217.13980783174395,16.394600938972,217.13980783174395,144.67100886274085,16.971858753354127,144.67100886274085,148.53187069173302,65.05803969214874,50.40093313839275,168.43860257658588,4.555001751530403,33.352227651072496,0.8224326552198367,17.51321735829379,4.555001751530403,33.352227651072496,-2.89520263671875,-31.553863525390625,16.394600938972,16.971858753354127,168.43860257658588,33.352227651072496,76.64285530545233,7.731460861467444,6.2311897979322834,1.5002710635351608,-95.98552499383277,3.6344009697264275,45.01694671453565,19.66290873136732,45.01694671453565,154.75951385498047,344.63377380371094,23.580869280791898,7.731460861467444,6.2311897979322834,90.19388153368871,6.92273089057112,90.19388153368871,93.04841280964797,18.83846867736391,93.04841280964797,156.74536503136235,177.39605539669537,177.39605539669537,156.74536503136235,26.676368467222773,10.509090701475538,26.676368467222773,30.17842605606525,30.17842605606525,31.64544271838535,32.219930902811896,1.5148706058012267,-35.16090326577999,31.606752026403214,30.282362320713226,4.567791683030745,3.6929473876953125,58.83717374272366,0
camera2_clip_20260528_123150_12473,131,266.1575434140378,12.444248908670414,266.1575434140378,168.0544824660178,22.223229187647057,168.0544824660178,100.7023020125956,62.38583790830106,161.85713389836707,169.33771255885225,10.5692560304831,33.89426331932744,3.9025504718092727,17.34520184147251,10.5692560304831,33.89426331932744,-10.542205810546875,-31.38592529296875,12.444248908670414,22.223229187647057,169.33771255885225,33.89426331932744,91.76682933459301,4.303812071959721,4.949349311474947,0.6455372395152263,-96.45019126218739,-3.4276487895077237,30.069810481751496,51.651661549433484,51.651661549433484,153.82304763793945,344.927001953125,29.439031080202277,4.303812071959721,4.949349311474947,61.44728818695954,34.402135040173775,61.44728818695954,96.86025115393628,14.850245460013271,96.86025115393628,155.96275328757685,176.31200008285987,176.31200008285987,155.96275328757685,19.164758493714455,32.24272902800037,32.24272902800037,45.49249481839156,45.49249481839156,42.46054712918199,46.600765608563464,1.3880331953058402,-37.513752339855664,34.32543811312292,49.817718604669714,4.086092501502973,-4.124053955078125,67.46403194752965,0
camera2_clip_20260528_123150_12473,132,246.37506320432175,12.95746196498001,246.37506320432175,130.738294810064,29.107856365916483,130.738294810064,82.86242054281257,59.96304312718635,179.31065764324092,170.9195310595307,17.69988035661731,34.51706007767453,7.946542793085192,17.75688263688285,17.69988035661731,34.51706007767453,-17.5743408203125,-31.185638427734375,12.95746196498001,29.107856365916483,170.9195310595307,34.51706007767453,82.21838462997023,1.1825508923815253,3.4156543912940927,2.233103498912567,-97.23945031729843,-3.1212611795781955,24.75621639084563,49.375415043693515,49.375415043693515,153.0679168701172,345.09957122802734,23.237951029231226,1.1825508923815253,3.4156543912940927,25.53972716799783,3.7047622805699945,25.53972716799783,69.2243871792704,19.043403708552336,69.2243871792704,157.84184675736975,176.4095154086118,176.4095154086118,157.84184675736975,7.742145492986358,26.35423722528832,26.35423722528832,66.75874576131105,66.75874576131105,68.32225983880488,70.3571650976357,1.2987828021818049,-42.33019892595546,52.90107455246339,63.34727572260917,3.6801491133219786,-3.77685546875,53.74324756954055,0
camera2_clip_20260528_123150_12473,133,230.20149709519762,12.878458163121852,230.20149709519762,129.09628916604194,25.854946968628347,129.09628916604194,71.80508240825672,56.118386744585685,173.06711207792964,169.58262549131734,24.327712043845008,35.28931971394401,11.28187668432101,18.24965650972448,24.327712043845008,35.28931971394401,-23.50030517578125,-31.00811767578125,12.878458163121852,25.854946968628347,169.58262549131734,35.28931971394401,79.28608855577171,-2.9963022779328274,0.9078334599642985,3.9041357378971258,-97.40938471403635,-4.178853170314353,22.70329493626741,54.98204500537318,54.98204500537318,152.06282806396484,345.41138458251953,31.570365355237385,-2.9963022779328274,0.9078334599642985,32.59862937076146,17.883929434913696,32.59862937076146,53.15050676337026,28.992468258345202,53.15050676337026,161.59907385800102,175.73995863931071,175.73995863931071,161.59907385800102,24.025489289193033,40.60509487491906,40.60509487491906,54.94800636640492,54.94800636640492,53.155556282242244,58.2991422777454,1.1739128978929247,-47.98355934382284,38.96394894135356,59.9120576457241,3.1133234366776867,-3.12799072265625,56.08105411051108,0
camera2_clip_20260528_123150_12473,134,69.39246600170269,26.028377300748662,69.39246600170269,19.57774752554485,30.102417117240776,30.102417117240776,64.80965625830348,52.71561710920905,174.50542831687878,168.22599197498587,24.797031684717286,35.32451958528802,11.344652908231321,18.149679501173967,24.797031684717286,35.32451958528802,-22.879608154296875,-30.194122314453125,26.028377300748662,30.102417117240776,168.22599197498587,35.32451958528802,38.478363981343634,-4.038726234325604,-0.6190302412904447,3.419695993035159,-97.2844508877494,-1.0424239563927764,30.477131455310378,55.29204448751445,55.29204448751445,150.6030158996582,345.5082550048828,43.89068113401558,-4.038726234325604,-0.6190302412904447,31.172724475615283,20.684293984657952,31.172724475615283,54.36882240032389,7.896449837018213,54.36882240032389,165.46617781088054,176.45804895384603,176.45804895384603,165.46617781088054,39.5687855563478,50.799802134245446,50.799802134245446,53.20869281702782,53.20869281702782,53.32263692830166,56.631280928437505,1.098378138376141,-52.132555855091,47.47081276799143,59.45266582628753,2.800812770828737,0.61822509765625,36.28008852302253,0
camera2_clip_20260528_123150_12473,135,216.97129916437078,64.83271144808026,216.97129916437078,131.61550972629155,52.320357484051975,131.61550972629155,60.00836296662967,49.399801006003464,169.33724682806715,166.75945094667549,31.793704917239943,34.90677666289823,14.27582923502011,17.571692166119465,31.793704917239943,34.90677666289823,-28.76165771484375,-28.946014404296875,64.83271144808026,52.320357484051975,166.75945094667549,34.90677666289823,92.87899041067227,-11.47577824601135,-3.980879429508957,7.494898816502393,-97.24346007429199,-7.437052011685746,20.58939629486764,70.9446683463715,70.9446683463715,149.17171096801758,345.2714157104492,43.523028305184816,-11.47577824601135,-3.980879429508957,10.003360626211641,31.60457377511208,31.60457377511208,26.675408150698534,20.949538519399088,26.675408150698534,168.0025329827228,176.45864243324803,176.45864243324803,168.0025329827228,29.737645241032343,61.46866678041287,61.46866678041287,75.25891363544706,75.25891363544706,73.1541580287485,79.15458903511849,0.980034806247111,-61.76232159877987,54.72338676427957,78.63364858927211,2.322488755021125,-2.2435302734375,61.47609462974169,0
camera2_clip_20260528_123150_12473,136,123.62101394702229,74.4087472630919,123.62101394702229,64.07726529974158,69.84223534104562,69.84223534104562,63.860511488972826,47.54065345357627,165.2042819056705,166.15610406345584,31.350306671686976,34.42708922487962,13.908953379850132,17.391240742781264,31.350306671686976,34.42708922487962,-29.527557373046875,-28.021759033203125,74.4087472630919,69.84223534104562,166.15610406345584,34.42708922487962,72.34652000377974,-15.59531844395792,-6.669719124850006,8.925599319107913,-96.85677164368565,-4.11954019794657,39.887904461870235,62.241953709906824,62.241953709906824,147.68758010864258,344.27709197998047,53.59283235517806,-15.59531844395792,-6.669719124850006,24.497244417797162,50.92453987182501,50.92453987182501,8.309118886978988,29.09989874079373,29.09989874079373,168.30269503200887,174.16769424145593,174.16769424145593,168.30269503200887,47.57368961751449,64.91996577651828,64.91996577651828,67.44811066562167,67.44811066562167,64.85410362570035,68.27459365709714,0.915292701152973,-69.87995837630606,54.137040554094916,65.67181259894878,2.141658201221021,1.08721923828125,54.95029811117552,0
camera2_clip_20260528_123150_12473,137,143.2951854540929,96.25033571302109,143.2951854540929,74.53710267781975,76.58940067957506,76.58940067957506,66.88105962823902,44.59867901003364,158.83838609614958,163.10127205301188,31.048999401678234,33.88733210146336,13.384609884784927,16.736691983048686,31.048999401678234,33.88733210146336,-30.10479736328125,-27.01116943359375,96.25033571302109,76.58940067957506,163.10127205301188,33.88733210146336,89.17626273502698,-20.843329784704157,-9.638754089258248,11.204575695445909,-96.590367271689,-5.2480113407462365,62.279434136388275,82.10611774926488,82.10611774926488,145.62604522705078,342.7775192260742,76.47731729767925,-20.843329784704157,-9.638754089258248,46.03279231208346,88.95676537705039,88.95676537705039,35.424407942303105,57.314558643506196,57.314558643506196,168.97391323718261,170.8937691552065,170.8937691552065,168.97391323718261,73.5511053630731,88.68424666127561,88.68424666127561,88.93705097852165,88.93705097852165,86.55864225462649,88.40286742231072,0.957424824056243,-72.80710803255616,73.83004547215523,79.94101876746396,2.2812676455602405,1.58441162109375,77.08512105912115,0
camera2_clip_20260528_123150_12473,138,166.93647199310507,149.39474957762556,166.93647199310507,103.40066942565237,110.53725737009017,110.53725737009017,72.23415758490486,43.02199283907557,154.82731085053854,161.49469741720944,30.67187180937504,32.10040651574639,13.257597169473708,15.440872800874839,30.67187180937504,32.10040651574639,-30.431915283203125,-25.227630615234375,149.39474957762556,110.53725737009017,161.49469741720944,32.10040651574639,116.52269549778781,-25.310378425379835,-12.607216499579026,12.703161925800808,-96.5281185650492,-4.467048640675678,74.2901986902569,94.5768259299966,94.5768259299966,143.8475227355957,340.31470489501953,91.13581630552245,-25.310378425379835,-12.607216499579026,74.01468486312251,121.00606527267487,121.00606527267487,59.50597617749873,99.85108291954998,99.85108291954998,167.69373805231425,167.28830820181398,167.28830820181398,167.69373805231425,90.81851818250333,105.33828496140376,105.33828496140376,94.12633990654344,94.12633990654344,91.80033807309509,95.43767145399727,0.9676987290055487,-81.47254015977026,81.5685355742405,91.37613026302579,2.3307257862927875,2.946044921875,104.13923211362334,0
camera2_clip_20260528_123150_12473,139,186.38759504752022,124.57698465813918,186.38759504752022,119.60018703260141,118.71065380597037,119.60018703260141,78.6042960098712,42.48459770690309,150.82310185552765,161.2072746334702,30.97753463095513,31.93736780189145,13.612716722935083,15.248418328881684,30.97753463095513,31.93736780189145,-30.973052978515625,-24.936126708984375,124.57698465813918,118.71065380597037,161.2072746334702,31.93736780189145,127.92169876720334,-29.440517896144527,-15.862249878629719,13.578268017514809,-96.74283694794777,-4.130139470764693,100.04750090733847,118.20727115165046,118.20727115165046,142.2890853881836,336.8987350463867,112.64022050457658,-29.440517896144527,-15.862249878629719,107.44038974816455,144.06504503451745,144.06504503451745,101.27361835182133,134.1233198704842,134.1233198704842,166.21070392470122,163.92276145523286,163.92276145523286,166.21070392470122,110.45083142268143,122.95327746976844,122.95327746976844,130.08254387235016,130.08254387235016,128.0915426348939,130.49071402502344,0.9365212559612451,-93.89626028437581,117.0857966383188,123.51306239329881,2.2701949624415056,3.136505126953125,123.98638954172145,0
camera2_clip_20260528_123150_12473,140,215.8442330723685,110.57444224090932,215.8442330723685,141.10614577900742,120.91092761034037,141.10614577900742,84.83856725249272,43.02675512816357,146.14431651446915,161.70911266680943,30.918949226989287,32.63045350803844,13.758082241847996,15.593326483658151,30.918949226989287,32.63045350803844,-30.521942138671875,-25.590789794921875,110.57444224090932,120.91092761034037,161.70911266680943,32.63045350803844,139.48757872628633,-32.95897106338747,-20.299928773852177,12.659042289535297,-96.72074441370455,-3.5184531672429458,116.43045734565943,132.0592663094329,132.0592663094329,140.5997428894043,332.9646682739258,128.4433085198555,-32.95897106338747,-20.299928773852177,114.99774683327159,168.25336379569603,168.25336379569603,111.31119079667651,163.14868490752716,163.14868490752716,165.21199189530893,159.35972601323883,159.35972601323883,165.21199189530893,126.3366485048148,139.18509021416696,139.18509021416696,130.6073110967209,130.6073110967209,130.37120739122858,131.6399110183434,0.9870425422749741,-92.71891710675958,126.70868061337967,129.8986308357002,2.3958763278132427,3.6897735595703125,138.34651645082258,0
camera2_clip_20260528_123150_12473,141,169.7873851208581,113.34792691611683,169.7873851208581,130.12689135444418,107.06863357131968,130.12689135444418,85.7645886647437,43.49738463025587,142.97214800146412,162.09689152754495,29.39477140900416,32.94935919667633,12.789357429784761,15.384596062214383,29.39477140900416,32.94935919667633,-28.85919189453125,-25.8756103515625,113.34792691611683,107.06863357131968,162.09689152754495,32.94935919667633,126.63431674029174,-34.64588479948283,-22.73065995465913,11.915224844823697,-96.70331426967797,-1.6869137360953559,116.42095343375254,123.05411004525911,123.05411004525911,138.67110443115234,329.283447265625,124.67530217786978,-34.64588479948283,-22.73065995465913,118.33111136486633,163.41282637335837,163.41282637335837,113.5059503298156,160.1828120686759,160.1828120686759,163.81649439331076,155.60203151367733,155.60203151367733,163.81649439331076,126.29384635930265,133.29489671902357,133.29489671902357,132.19021475840552,132.19021475840552,132.6140294412668,131.9935772496808,1.0032045490402894,-87.55172720090633,123.70791115138532,122.36163447865339,2.4175791184317297,4.1948699951171875,131.23561197139938,0
camera2_clip_20260528_123150_12473,142,163.82944969444424,89.5769419464726,163.82944969444424,120.8686821408879,96.80965068203174,120.8686821408879,87.52587957919232,43.60544245971946,138.73439652569124,163.60591468551084,27.927280370746438,33.60930605008811,12.195307075756563,15.613973882453138,27.927280370746438,33.60930605008811,-27.066192626953125,-26.1708984375,89.5769419464726,96.80965068203174,163.60591468551084,33.60930605008811,113.00300195499382,-37.82599611511334,-27.735545411107896,10.090450704005445,-97.30857305243084,-3.180111315630512,99.0025763640814,107.93071090204499,107.93071090204499,137.23700714111328,326.1921844482422,102.23153505199761,-37.82599611511334,-27.735545411107896,102.91038919507285,150.25215300544397,150.25215300544397,102.14780613328476,154.74556824941757,154.74556824941757,162.4462470775012,151.96502166110687,151.96502166110687,162.4462470775012,98.07240092364468,107.67148182286081,107.67148182286081,110.17032830463997,110.17032830463997,109.43810007199777,109.85712635943109,0.9744749449816161,-92.29421376164176,104.49123444000001,105.92671476945111,2.3182068446715656,3.7712554931640625,116.15148425497397,0
camera2_clip_20260528_123150_12473,143,152.23902293310775,42.56766770526848,152.23902293310775,96.4904653546893,70.41162516246182,96.4904653546893,88.96801430661739,44.41621306925885,131.4278543557675,165.6051819955607,26.815453692018853,35.32854233826798,11.791842541645961,16.48799862686629,26.815453692018853,35.32854233826798,-25.471099853515625,-27.48602294921875,42.56766770526848,70.41162516246182,165.6051819955607,35.32854233826798,90.41903476545575,-39.78101948627414,-32.32321408315189,7.457805403122251,-97.74091510432777,-1.9550233711607987,86.66659051389371,94.1388369233134,94.1388369233134,135.4450912475586,323.89781951904297,87.33593589194489,-39.78101948627414,-32.32321408315189,86.19217234943024,139.78592816208072,139.78592816208072,77.3900688582897,139.74554397741775,139.74554397741775,160.0516802662176,147.871757799114,147.871757799114,160.0516802662176,79.58652021001181,89.50819514901505,89.50819514901505,100.80595756521757,100.80595756521757,100.67587062137702,99.54375932988393,0.9994029218603694,-86.11033641903165,95.88623513732257,93.39829338107408,2.3209304210046042,2.4624481201171875,96.22688644158166,0
camera2_clip_20260528_123150_12473,144,111.03714023185198,62.690766659380735,111.03714023185198,81.09548958768895,69.68792982701245,81.09548958768895,90.13682004461647,44.73008737357107,127.5511234244479,166.14553621844908,25.57627941896905,35.87323139703482,11.280532402805003,16.72235133127804,25.57627941896905,35.87323139703482,-23.940277099609375,-27.93341064453125,62.690766659380735,69.68792982701245,166.14553621844908,35.87323139703482,77.75305524830382,-42.49404020493922,-40.0704201093215,2.4236200956177143,-98.06567235005681,-2.713020718665078,64.63866975196157,77.36833543192722,77.36833543192722,133.63609313964844,322.5938186645508,66.89994876414326,-42.49404020493922,-40.0704201093215,39.211877748185984,121.36799551807557,121.36799551807557,36.82387876597731,136.73235740009216,136.73235740009216,160.58046579154814,145.25137843437793,145.25137843437793,160.58046579154814,54.69929728134251,71.95679052967259,71.95679052967259,67.67361143623405,67.67361143623405,66.88177044411715,65.87080467663127,1.033824967913802,-82.4411495494794,64.59213772248232,61.99324875499655,2.3186067932944634,1.92266845703125,77.27587739443075,0
camera2_clip_20260528_123150_12473,145,71.15499473986091,56.28126196766653,71.15499473986091,58.50796589953519,56.33368216788208,58.50796589953519,92.26200903646843,45.053807808308356,126.08720673610584,166.67025124022496,25.27179941735022,35.92925268472866,11.121686918014712,16.62931338722044,25.27179941735022,35.92925268472866,-23.2464599609375,-27.992950439453125,56.28126196766653,56.33368216788208,166.67025124022496,35.92925268472866,56.43472300491033,-45.90821665745329,-51.30362928691916,5.3954126294658735,-98.58312690827168,-3.41417645251407,39.516182720437385,56.81425053407993,56.81425053407993,132.18167877197266,322.4615249633789,43.81256096879463,-45.90821665745329,-51.30362928691916,12.932946328918682,100.12668854609676,100.12668854609676,15.58933048809049,131.16173306718548,131.16173306718548,161.97784064491216,143.82766651425644,143.82766651425644,161.97784064491216,28.607021073762315,50.43307180765576,50.43307180765576,48.04097320200236,48.04097320200236,45.84210202344624,44.911490794086546,1.0217364759830123,-80.8474356781902,38.01966446801855,37.42770608122461,2.231202241745181,0.43682861328125,56.45492744509763,0
camera2_clip_20260528_123150_12473,146,29.55201478000041,50.37947313697874,50.37947313697874,24.929841831661314,39.06244952943641,39.06244952943641,92.85654962971046,46.10236563375083,125.24026991748256,166.20836331405047,24.978356263515828,36.03017032484206,10.955372569988679,16.772730260079022,24.978356263515828,36.03017032484206,-22.845855712890625,-28.574676513671875,50.37947313697874,39.06244952943641,166.20836331405047,36.03017032484206,32.29630550494884,-47.92876164279705,-64.30364997220012,16.37488832940307,-98.63761877291535,-2.0205449853437614,19.291648280569436,30.562405471046723,30.562405471046723,131.39320373535156,322.45616912841797,23.654796797023803,-47.92876164279705,-64.30364997220012,22.94735509782508,65.0303545354695,65.0303545354695,14.042487306161098,116.89107529113406,116.89107529113406,164.99514542568767,144.7524042950126,144.7524042950126,164.99514542568767,14.055937971984338,31.78674222914325,31.78674222914325,26.42618985055792,26.42618985055792,28.414226102106426,24.120529290305267,1.066331347938189,-72.82273626294469,30.448180582260754,20.232820603048452,2.2457371578455336,0.017608642578125,38.21098212178419,0
camera2_clip_20260528_123150_12473,147,18.764993601054453,53.36444693379237,53.36444693379237,27.228369442927224,39.127524676271285,39.127524676271285,92.9211727595894,48.623574307571786,125.49716943109793,167.7115966539737,24.668715263549146,35.12152211094093,10.59368184112218,16.262454665525922,24.668715263549146,35.12152211094093,-22.642303466796875,-28.51416015625,53.36444693379237,39.127524676271285,167.7115966539737,35.12152211094093,29.228206359275045,-43.65410645581003,-59.87904940023953,16.2249429444295,-97.84734932609183,4.274655186987019,26.64840744854785,10.235496053057057,26.64840744854785,130.55204391479492,322.45811462402344,25.23486211186476,-43.65410645581003,-59.87904940023953,22.222088204628967,47.843716045477926,47.843716045477926,19.167270263857375,140.72047241226875,140.72047241226875,168.91287710127324,149.98958630682546,149.98958630682546,168.91287710127324,33.833146310735586,30.445934761865043,33.833146310735586,18.367963073257926,18.367963073257926,19.109946095806954,15.934147768748893,1.10016800324921,-66.24503569855524,20.05050828485666,8.839724229644869,2.350924887239879,0.1209564208984375,39.133488846206994,0
camera2_clip_20260528_123150_12473,148,19.28631489496607,34.307095954635855,34.307095954635855,10.710408867674555,18.61828956104003,18.61828956104003,93.67732749434774,49.42704830023506,128.19708991452475,166.47766261841375,25.36189309258114,35.32127015861876,10.876708254215067,16.26876349799316,25.36189309258114,35.32127015861876,-23.280609130859375,-29.147430419921875,34.307095954635855,18.61828956104003,166.47766261841375,35.32127015861876,16.196578091943863,-42.10357154348915,-66.50579446331292,24.40222291982377,-97.90508450072181,1.5505349123208774,5.152772765919945,9.104586507426724,9.104586507426724,130.39596557617188,322.4942092895508,4.805928151790783,-42.10357154348915,-66.50579446331292,27.255197453858496,34.629241705282645,34.629241705282645,12.225165108267126,105.2434581629613,105.2434581629613,171.8219324823581,154.02247005740432,154.02247005740432,171.8219324823581,2.5541088056888253,10.347425398838203,10.347425398838203,12.608299701509198,12.608299701509198,9.035378459993069,10.85081389493891,1.0256028950469724,-68.06459451706712,4.06442624126862,5.110002280352803,2.1390589049361894,-0.6734619140625,24.119505432213316,0
camera2_clip_20260528_123150_12473,149,38.17285736570378,20.773149759532277,38.17285736570378,21.420490301574183,9.330098149543852,21.420490301574183,94.44952079030544,50.04184781411013,131.21717574929448,165.5848486050633,26.514065065594682,35.361428813967436,11.269201292081013,16.486377220060373,26.514065065594682,35.361428813967436,-24.38909912109375,-29.55767822265625,20.773149759532277,9.330098149543852,165.5848486050633,35.361428813967436,19.75889105580875,-42.05682478062265,-76.47808054395001,34.421255763327366,-98.23412361740505,0.04674676286650481,15.206869521482636,13.649881237015757,15.206869521482636,130.91395950317383,322.67635345458984,16.47254639519385,-42.05682478062265,-76.47808054395001,21.31470177756744,28.65774187185955,28.65774187185955,34.17868285201282,89.51746703297405,89.51746703297405,170.840523371187,156.7760279385297,156.7760279385297,170.840523371187,23.322328787049564,15.3937653005519,23.322328787049564,5.241427945356377,5.241427945356377,10.215309895552132,7.036420385177637,0.9440852688567867,-72.32235935507592,21.423692690560067,14.090181585150777,1.8987866623155112,-0.96807861328125,27.57816949640565,0
camera2_clip_20260528_123150_12473,150,26.5856226142409,23.509292201312547,26.5856226142409,9.108081392288412,10.981719805287808,10.981719805287808,94.00458285412783,51.062414772973824,133.6738568063187,165.3010847576193,27.687132067956615,34.80812597288558,11.776339447448844,16.244903141700675,27.687132067956615,34.80812597288558,-25.68524169921875,-29.474884033203125,23.509292201312547,10.981719805287808,165.3010847576193,34.80812597288558,15.440894607038365,-40.37539892491197,-87.9662607258334,47.590861800921424,-98.53395934398117,1.6814258557106783,14.629388212261055,7.831263416839445,14.629388212261055,131.20207405090332,322.50528717041016,10.052178847233764,-40.37539892491197,-87.9662607258334,19.598183964955446,18.136271326034294,19.598183964955446,55.56596651975952,87.39151493152148,87.39151493152148,168.29310325399072,160.1050084057469,160.1050084057469,168.29310325399072,16.66656539752426,8.849194638452293,16.66656539752426,12.685812202370288,12.685812202370288,14.137823422924212,12.697535406646528,0.8875859596339218,-73.90212203154849,19.27926710499608,13.273630049680548,1.7096834882357952,-0.2815399169921875,24.904422035039786,0
camera2_clip_20260528_123150_12473,151,59.301848591114286,37.67815938358584,59.301848591114286,29.306040585095094,18.507221469347854,29.306040585095094,95.35330289246897,50.59349090924845,137.24760091763034,162.47901764095712,29.610187467378836,34.86792330753251,12.79011904787171,16.283466530536856,29.610187467378836,34.86792330753251,-27.375152587890625,-29.7855224609375,37.67815938358584,18.507221469347854,162.47901764095712,34.86792330753251,30.470565539727044,-41.69470604349308,-129.83916323613374,88.14445719264066,-99.12288890456031,-1.3193071185811078,13.206342588644876,24.82378062057434,24.82378062057434,130.77563667297363,322.42696380615234,13.007115284173821,-41.69470604349308,-129.83916323613374,4.556421388681597,50.07590126086118,50.07590126086118,28.529548226128906,109.04712267038805,109.04712267038805,165.97507497997705,162.12789372226467,162.12789372226467,165.97507497997705,5.020863220851696,17.439011946626163,17.439011946626163,26.956164261253498,26.956164261253498,20.832442732133735,26.97064891918925,0.7525290841382972,-97.40889369537916,13.632023622510793,30.365722718054275,1.5849310134088903,-0.8892822265625,33.124355162658325,0
camera2_clip_20260528_123150_12473,152,69.43419252209881,64.09020195728542,69.43419252209881,33.91962541017833,38.01629336367981,38.01629336367981,96.00904557812424,51.024838503793646,142.41409273267013,159.83925198021083,31.76560453179357,34.67895248562393,13.86220274210365,15.98203162974717,31.76560453179357,34.67895248562393,-29.566253662109375,-30.082427978515625,64.09020195728542,38.01629336367981,159.83925198021083,34.67895248562393,43.749783415058744,-42.562421057741325,-159.74410174059628,117.18168068285496,-99.35648660790471,-0.8677150142482475,20.536361190861005,36.5020260462491,36.5020260462491,129.94738006591797,322.7223358154297,26.380452382328592,-42.562421057741325,-159.74410174059628,30.89508179028057,71.19305667612437,71.19305667612437,23.536974256980923,86.82332243369758,86.82332243369758,162.28286626104477,160.8843724776502,160.8843724776502,162.28286626104477,16.72048038996127,36.68567931405395,36.68567931405395,31.033564287360583,31.033564287360583,30.44109976920581,32.734348813154725,0.7348876391457981,-104.83608625058443,23.55382265742426,36.8237474253448,1.7718344105387243,-1.3208160400390625,44.029441279287596,0
camera2_clip_20260528_123150_12473,153,55.598094856712144,120.63246257382472,120.63246257382472,33.81142615641325,79.31248006356483,79.31248006356483,95.99591571175648,53.11991691082356,146.48561460515427,157.37328812164344,33.007392586508196,33.1360549730086,14.791949246877447,15.34974790391203,33.007392586508196,33.1360549730086,-30.952880859375,-29.625091552734375,120.63246257382472,79.31248006356483,157.37328812164344,33.1360549730086,62.03306970606791,-46.422516198922445,-167.06241083026373,120.63989463134129,-98.65226688744623,-3.8600951411811195,33.82508072579134,49.01887386010115,49.01887386010115,128.37856483459473,322.95507049560547,47.57953336519274,-46.422516198922445,-167.06241083026373,23.728455003314316,69.16580217047694,69.16580217047694,7.832270409614062,107.60797149300778,107.60797149300778,162.06227087594263,163.20229641147236,163.20229641147236,162.06227087594263,46.640284715392355,60.900071916951,60.900071916951,28.678248201665134,28.678248201665134,28.125692963445204,28.446000353843697,0.7053047572808699,-110.06973467874441,25.286184572109526,37.3805529971378,2.0574809171514223,-0.708160400390625,57.33943949543032,0
camera2_clip_20260528_123150_12473,154,72.36099029449309,133.85699641926556,133.85699641926556,57.74046481249022,84.82799568791005,84.82799568791005,95.13345474682531,55.15968963079536,149.03816794847037,153.45123265842759,34.201762977926734,31.789087787543387,15.575387318938327,14.857544633138321,34.201762977926734,31.789087787543387,-32.399505615234375,-29.3089599609375,133.85699641926556,84.82799568791005,153.45123265842759,31.789087787543387,78.44287360830099,-45.975855196723174,-167.2081815344163,121.23232633769312,-97.36359665474914,0.44666100219927074,63.51769848363005,58.35309595201691,63.51769848363005,126.00551223754883,323.3584518432617,72.21278021226526,-45.975855196723174,-167.2081815344163,39.635721348487685,65.57632633672668,65.57632633672668,10.084244577191637,85.86801453030638,85.86801453030638,162.53528443383695,165.41130181251458,165.41130181251458,162.53528443383695,83.59752269614066,83.4217167764359,83.59752269614066,50.1519970749382,50.1519970749382,54.35983057830581,52.60224474967598,0.7147016880813089,-104.93701176114655,62.994982315842634,61.30929246782795,2.113955806888402,-0.88702392578125,69.90339899292455,0
camera2_clip_20260528_123150_12473,155,33.520930317774194,125.41076124803125,125.41076124803125,31.762470268021104,75.3259783103002,75.3259783103002,93.71865414602797,57.33726273504148,152.44142478539752,150.00446771716867,34.40132679040079,32.07081131477864,15.84650519905116,15.6759787747237,34.40132679040079,32.07081131477864,-33.06475830078125,-30.41021728515625,125.41076124803125,75.3259783103002,150.00446771716867,32.07081131477864,61.41254936194027,-45.03346256339092,-169.1359668789715,124.10250431558057,-95.54950385267857,0.9423926333322541,48.64859120719475,53.806564820320176,53.806564820320176,123.85505867004395,323.8615951538086,66.25589304543628,-45.03346256339092,-169.1359668789715,46.68604560570179,56.78210760777282,56.78210760777282,33.1145745262006,62.45862137712183,62.45862137712183,164.10478345892668,167.96402618057041,167.96402618057041,164.10478345892668,80.90443027740916,82.61363955752421,82.61363955752421,53.26589504684185,53.26589504684185,52.416737083719106,56.261404863144215,0.7265908257941934,-115.15453302603335,51.977636340828795,59.20746622302248,2.2759375438945075,-1.435546875,60.919559593614345,0
camera2_clip_20260528_123150_12473,156,27.430011959729402,101.09141902524631,101.09141902524631,23.277661255765835,72.58025665294737,72.58025665294737,92.12241186046364,60.80409969121322,154.02712482275672,149.342323123268,34.07915387050341,30.897465669519526,15.554435615168194,15.160664999865505,34.07915387050341,30.897465669519526,-33.1162109375,-29.885223388671875,101.09141902524631,72.58025665294737,149.342323123268,30.897465669519526,50.671991628995265,-42.50879276106733,-174.7329256716408,132.22413291057347,-93.38733230246856,2.5246698023235865,37.789916494671864,41.862684385610805,41.862684385610805,122.24066543579102,325.03155517578125,59.812747562992826,-42.50879276106733,-174.7329256716408,57.205376014429106,50.37151294432502,57.205376014429106,14.726955415058939,26.49381480517992,26.49381480517992,162.77048861847405,168.9961355353921,168.9961355353921,162.77048861847405,80.47190138704228,79.87810446030399,80.47190138704228,46.64928977954155,46.64928977954155,49.31870225062127,47.49734169429617,0.7074567041365349,-109.13584718985854,50.98894140838091,44.004445165349736,2.150840292607271,-0.6262969970703125,51.09830123335923,0
camera2_clip_20260528_123150_12473,157,58.93277484563102,92.08006122216044,92.08006122216044,15.264916796514433,62.33398545839822,62.33398545839822,88.49262129808761,63.27501552267647,154.37133962954974,148.04989212983335,31.980842236919095,30.04818931469065,14.241019024316396,15.173127900083466,31.980842236919095,30.04818931469065,-31.533203125,-29.473236083984375,92.08006122216044,62.33398545839822,148.04989212983335,30.04818931469065,50.2166131473756,-39.629434293159804,-177.14145125766203,137.5120169645022,-91.84601001659692,2.8793584679075295,36.988361314042855,35.699579247506634,36.988361314042855,120.65778923034668,325.43497467041016,49.00428484701773,-39.629434293159804,-177.14145125766203,52.06921613345484,22.57260520173704,52.06921613345484,24.559993863278805,13.407725251330373,24.559993863278805,161.45766121372523,170.81719760587183,170.81719760587183,161.45766121372523,66.87949454683876,57.52053552672336,66.87949454683876,47.191081490474076,47.191081490474076,48.661655248465614,48.18604312364814,0.6927796580141161,-107.1296820157199,48.99881478819023,44.44067554375535,2.060513948128319,0.565643310546875,44.85910411730139,0
camera2_clip_20260528_123150_12473,158,36.79221232558171,85.6777705615066,85.6777705615066,13.611799952296296,56.684491206981924,56.684491206981924,85.08039689389746,65.67436212709508,154.89183018752405,146.65519069162684,30.621264757340295,30.388975149306194,12.985389083840872,15.430591867869616,30.621264757340295,30.388975149306194,-30.483001708984375,-30.08441162109375,85.6777705615066,56.684491206981924,146.65519069162684,30.388975149306194,45.84191054324933,-30.588692630523408,163.1809972043487,193.7696898348721,-90.32851923136081,9.040741662636396,46.57316869647852,35.7120205166509,46.57316869647852,118.92996978759766,326.03514099121094,54.87261316384142,-30.588692630523408,163.1809972043487,79.1699696919608,25.376506602364376,79.1699696919608,42.776292414136456,23.79341825641358,42.776292414136456,158.53963376107498,171.35394001797067,171.35394001797067,158.53963376107498,77.12857168458457,62.41677426031239,77.12857168458457,53.03423516713014,53.03423516713014,56.711837275352345,53.97855375265459,0.6758288910798652,-98.54036040174884,59.03176348222865,48.071886509410355,1.8309057325811464,-0.182159423828125,48.80941634743902,0
camera2_clip_20260528_123150_12473,159,24.60287390141396,95.89577286246409,95.89577286246409,24.15642387445073,67.53181924823195,67.53181924823195,83.22502318705925,68.27866295437717,155.1814504552646,146.28423194373946,30.104675243304637,31.48593765600146,12.773157069025393,15.919892872939164,30.104675243304637,31.48593765600146,-30.049041748046875,-31.345062255859375,95.89577286246409,67.53181924823195,146.28423194373946,31.48593765600146,47.90811803420642,-30.374638965272283,151.73436559998848,182.10900456526076,-89.47583710850816,0.21405366525112512,27.74759774681749,47.51422057186028,47.51422057186028,117.4571533203125,326.1139831542969,44.24775688877073,-30.374638965272283,151.73436559998848,126.29586590284198,6.738963584974965,126.29586590284198,205.67780887481203,96.24906451180253,205.67780887481203,158.41072076743055,168.69606858812267,168.69606858812267,158.41072076743055,56.84552665750066,48.30070755041535,56.84552665750066,32.734385762353014,32.734385762353014,32.668282698535386,35.39788731052211,0.6102677074049334,-107.07302697712737,34.95316882710862,43.71113645042342,1.8795125169462508,-0.2800445556640625,68.96305377396551,0
camera2_clip_20260528_123150_12473,160,42.11657971553478,89.0409280840405,89.0409280840405,38.803749354463356,70.61375170057248,70.61375170057248,83.29859060016676,71.059975484351,155.4239992798067,146.5714362512053,30.50341166716609,32.02198726072159,13.268803434045735,15.925599031551593,30.50341166716609,32.02198726072159,-30.4390869140625,-31.976959228515625,89.0409280840405,70.61375170057248,146.5714362512053,32.02198726072159,54.47266277762831,-32.34448875674361,54.300880972577545,86.64536972932115,-89.04659786229355,-1.9698497914713258,37.33531015707797,48.92565765408077,48.92565765408077,115.89015197753906,326.3515319824219,47.5471385952676,-32.34448875674361,54.300880972577545,131.45145092735353,2.467329810801186,131.45145092735353,198.0003641903099,105.80080252501591,198.0003641903099,157.44145573835618,163.41899056873135,163.41899056873135,157.44145573835618,60.930091921562564,46.913073193970874,60.930091921562564,40.95832478850435,40.95832478850435,43.66640038134855,41.20031794795649,0.6241762889297683,-98.65681638469778,48.108025431646126,42.41573472788128,1.8074975909939262,-0.4123382568359375,72.69992410289866,0
camera2_clip_20260528_123150_12473,161,35.52616870716166,95.13396296137907,95.13396296137907,41.95116132730479,71.5239080914457,71.5239080914457,82.13092542851089,73.81856746717283,154.63748109930438,147.5370602954919,31.030139760406446,33.159331555645245,13.836514337789843,16.813481386705455,31.030139760406446,33.159331555645245,-30.983489990234375,-33.1585693359375,95.13396296137907,71.5239080914457,147.5370602954919,33.159331555645245,57.733395851514864,-28.385723868117093,52.32795214554972,80.71367601366681,-88.68396308311732,3.958764888626515,50.244029045502415,52.021144976295574,52.021144976295574,114.25204277038574,325.8414993286133,51.47020083757557,-28.385723868117093,52.32795214554972,90.801458319348,24.699256980444247,90.801458319348,99.70660002995348,12.172770103980781,99.70660002995348,154.8528704357225,163.36242723655207,163.36242723655207,154.8528704357225,56.33914004770781,50.40089397863003,56.33914004770781,50.14873844385848,50.14873844385848,50.99842857604865,50.70711182739174,0.5924737078647351,-99.18965010491651,54.91097530414932,54.508053709741745,1.76289516635894,-0.1231842041015625,56.710041214096144,0
camera2_clip_20260528_123150_12473,162,68.374019842918,109.37338977039802,109.37338977039802,22.70301913916074,67.69247576936267,67.69247576936267,82.22605909961871,75.86531721587221,150.85150461822897,146.93181158978612,32.544708612631915,34.935435424140024,15.11892328728767,18.051136129627235,32.544708612631915,34.935435424140024,-32.405364990234375,-34.908721923828125,109.37338977039802,67.69247576936267,146.93181158978612,34.935435424140024,58.38497434228205,-36.437386413739745,99.2827972040911,135.72018361783086,-88.46198753009382,-8.051662545622651,29.208321611658114,52.958619920194735,52.958619920194735,112.90226173400879,325.7584915161133,40.56993010579374,-36.437386413739745,99.2827972040911,84.28516348432595,38.68985949517471,84.28516348432595,108.25880135430972,28.93175987238665,108.25880135430972,152.74583015746313,163.12602957561148,163.12602957561148,152.74583015746313,37.06431295531832,50.00176541795692,50.00176541795692,55.92895439727101,55.92895439727101,56.08322263393515,57.349794977112396,0.5750825930693281,-105.0141168455305,50.20088624436998,57.06051183239541,1.910200832306571,-1.1707763671875,58.12845905276372,0
camera2_clip_20260528_123150_12473,163,69.8243927256961,82.68620675160894,82.68620675160894,31.20627241436592,70.54038996744883,70.54038996744883,84.2866410380943,78.41185178813055,149.37954180556514,148.6153449170828,33.762529862334354,35.76477294752085,16.28418489492017,18.413239024301543,33.762529862334354,35.76477294752085,-33.3909912109375,-35.67919921875,82.68620675160894,70.54038996744883,148.6153449170828,35.76477294752085,54.4785345487179,-103.78779014251845,130.94655602982587,234.73434617234432,-88.69844747437367,-67.3504037287787,22.919660032102946,49.69428540108466,49.69428540108466,112.0059986114502,325.2753677368164,30.54548336305253,-103.78779014251845,130.94655602982587,83.5269146100839,38.938713516113594,83.5269146100839,127.44579916506616,11.749022043808466,127.44579916506616,151.53438129699884,160.88715664648973,160.88715664648973,151.53438129699884,22.569424418070916,35.146831195476295,35.146831195476295,44.32890386976486,44.32890386976486,43.26757881525477,43.90328152583386,0.530635099213807,-111.62518311545436,38.50870404988829,41.82887865331188,1.9929554137262837,-0.35430908203125,53.8539926867439,0
camera2_clip_20260528_123150_12473,164,65.54524167709174,87.28620796835442,87.28620796835442,37.66542221366658,68.98209604137182,68.98209604137182,85.91435310661701,81.53308785004997,148.03780335070218,149.59922619446746,33.97515930060846,35.737493354012464,16.72057829702807,18.386760764458202,33.97515930060846,35.737493354012464,-33.349212646484375,-35.4989013671875,87.28620796835442,68.98209604137182,149.59922619446746,35.737493354012464,53.3471954869673,175.74221158841567,133.38552616888106,42.356685419534614,-88.65287169187475,279.53000173093415,22.208838041765468,38.395366979553756,38.395366979553756,111.03825378417969,325.0990982055664,29.510013529653417,175.74221158841567,133.38552616888106,49.31392850464463,60.77738185307608,60.77738185307608,41.09914991923186,101.90840816349689,101.90840816349689,146.79859142266534,162.51181770715553,162.51181770715553,146.79859142266534,26.804066757238285,37.89884557353907,37.89884557353907,40.76393731101973,40.76393731101973,39.70346487804895,38.43225004120214,0.47801064295521856,-109.17990930436,34.196417959172926,32.880849474289946,1.902866748398156,0.17047119140625,53.15707947441922,0
camera2_clip_20260528_123150_12473,165,55.502578739150096,87.43128337135215,87.43128337135215,22.603767341790288,61.99134041009924,61.99134041009924,86.16195531409306,83.80912624340642,144.39483965166932,148.7024754427731,33.29107677773577,35.32206185137566,16.32075473610746,18.105817895675568,33.29107677773577,35.32206185137566,-32.470733642578125,-34.862518310546875,87.43128337135215,61.99134041009924,148.7024754427731,35.32206185137566,47.965504505762475,164.18951205437799,138.41894918190033,25.770562872477655,-88.33529740249529,-11.552699534037686,20.505688725499322,39.758368446683704,39.758368446683704,109.95024681091309,325.125,32.64945740971002,164.18951205437799,138.41894918190033,44.210686293030456,68.37425589377224,68.37425589377224,23.852340232899913,119.3218441711416,119.3218441711416,142.9465410534249,164.78913166500786,164.78913166500786,142.9465410534249,26.26976649817618,45.895682028037236,45.895682028037236,34.179968817779326,34.179968817779326,35.55470491605449,34.05187870487411,0.4784765003714115,-102.80151245728577,32.20508029446946,34.128599854147744,1.96572870534017,0.7785186767578125,51.3098001793027,0
camera2_clip_20260528_123150_12473,166,25.565854840642473,80.10876110089934,80.10876110089934,4.096256596288304,59.30451679294877,59.30451679294877,85.6393358005386,84.44125808360945,140.86357356291646,146.27594449547743,32.41313998708186,34.971240426169544,16.060775189277035,17.902984778251888,32.41313998708186,34.971240426169544,-31.468841552734375,-34.3341064453125,80.10876110089934,59.30451679294877,146.27594449547743,34.971240426169544,39.43009026011919,171.7746229731754,149.64173883427233,22.13288413890308,-87.79590954425363,7.585110918797426,14.588299320886579,52.91685290904965,52.91685290904965,108.81816291809082,325.6285400390625,37.17055098050083,171.7746229731754,149.64173883427233,44.58791055382119,25.845423038513488,44.58791055382119,126.64657148914803,17.140690942883733,126.64657148914803,149.36304531336646,165.09173547524307,165.09173547524307,149.36304531336646,33.66144705349903,52.50506735082769,52.50506735082769,35.64225836685981,35.64225836685981,34.93101971013185,36.149183250898886,0.48160201414732445,-107.7486482317699,27.91483412310905,34.46096438449496,2.1370795380008274,0.3182525634765625,44.74730433245068,0
camera2_clip_20260528_123150_12473,167,50.59490949552789,73.95857124339057,73.95857124339057,6.856698390526335,68.36266383302011,68.36266383302011,82.57513412640122,87.05816329012745,141.92699385910942,147.59575045999773,31.374632594747926,34.97297039341472,14.899699481856363,17.645567326580203,31.374632594747926,34.97297039341472,-30.934906005859375,-34.11126708984375,73.95857124339057,68.36266383302011,147.59575045999773,34.97297039341472,45.00769357258099,175.0494583010582,152.24005227049895,22.809406030559245,-87.92620674641577,3.2748353278827835,27.822087946103842,42.451230526917186,42.451230526917186,107.73858642578125,325.81900787353516,32.88749091743736,175.0494583010582,152.24005227049895,51.88889922857256,7.357140479745907,51.88889922857256,133.48887139440114,18.732605181821228,133.48887139440114,154.36251324895585,165.6736920258105,165.6736920258105,154.36251324895585,32.813268651431606,29.716497217552444,32.813268651431606,35.03302422854411,35.03302422854411,37.4513778034303,33.993926456155386,0.5183847117021674,-95.18213736245396,39.73032069574805,30.03935304846978,1.9169333381535913,0.079254150390625,45.33695363241756,0
camera2_clip_20260528_123150_12473,168,81.05086067401778,67.46889496812031,81.05086067401778,27.255999595794115,62.47274142729374,62.47274142729374,78.29728420164115,88.95610731600529,144.199361188502,149.58552645868116,30.88369922607157,35.27539512287492,14.116096482799247,17.95470620696741,30.88369922607157,35.27539512287492,-30.81561279296875,-34.244140625,67.46889496812031,62.47274142729374,149.58552645868116,35.27539512287492,50.87523704178445,178.95525736393122,159.62520520703154,19.330052156899683,-87.7912614637725,3.9057990628730295,22.415576293845206,44.58734929163553,44.58734929163553,106.70561218261719,326.4329147338867,36.048934494716654,178.95525736393122,159.62520520703154,31.446348860349055,17.72983529156277,31.446348860349055,72.9131973596154,33.17334633524518,72.9131973596154,160.39156191345253,168.6693827993452,168.6693827993452,160.39156191345253,38.20265762359149,43.489195628858205,43.489195628858205,37.9684986469329,37.9684986469329,40.02356014730243,39.1977985306823,0.5624508696055301,-95.1496072747792,36.217889364390125,37.41287787845073,2.073221497032665,-0.4385528564453125,45.18383361249406,0
camera2_clip_20260528_123150_12473,169,103.43200252182777,49.76273609610145,103.43200252182777,41.87523427784739,57.10106945834772,57.10106945834772,72.79054065885212,90.80563954980478,147.29211068017756,151.94573538940975,30.736460898614936,35.270756627953425,13.093161919902274,17.76502636765101,30.736460898614936,35.270756627953425,-30.66522216796875,-34.146026611328125,49.76273609610145,57.10106945834772,151.94573538940975,35.270756627953425,53.689415515455714,-177.8498933629886,162.98057011004084,340.83046347302945,-88.27115372107461,-356.8051507269198,30.156544992521674,39.808905746088264,39.808905746088264,105.85907173156738,327.0840377807617,32.03954996081954,-177.8498933629886,162.98057011004084,43.92442657057595,15.914583935274564,43.92442657057595,112.84378248155662,19.693565732753815,112.84378248155662,164.51590852656358,170.08710394652195,170.08710394652195,164.51590852656358,34.43801417135679,26.92624467130799,34.43801417135679,36.883145069301314,36.883145069301314,38.4755019114974,37.70665428061757,0.603666576055247,-94.53560693230554,37.145466323497736,35.95609011636102,2.133857170999549,-0.4300079345703125,47.98975922129667,0
camera2_clip_20260528_123150_12473,170,106.83519274992611,45.569721110917136,106.83519274992611,39.52144552371022,51.509189212708236,51.509189212708236,67.74637828655774,92.72909208866396,152.11668136239066,155.63442605886678,31.412923697267253,35.53526465721315,13.026913677033912,18.029552809684514,31.412923697267253,35.53526465721315,-30.828369140625,-34.3544921875,45.569721110917136,51.509189212708236,155.63442605886678,35.53526465721315,49.978560737028054,-178.06009876649088,164.40017045389612,342.460269220387,-89.10921567035355,-0.2102054035022718,20.32746681988157,36.108349005025026,36.108349005025026,105.36323165893555,327.36805725097656,17.142695044239645,-178.06009876649088,164.40017045389612,30.58438291055316,24.35919147114488,30.58438291055316,100.86755182471308,30.2412169118454,100.86755182471308,168.12230586423723,171.81925888257848,171.81925888257848,168.12230586423723,8.322117619741586,5.7617356110180635,8.322117619741586,34.157493763949745,34.157493763949745,33.58995630812649,36.817869306579745,0.555660570065379,-104.19422617539621,30.916241229700333,39.46727908359745,2.2593379025971863,-0.69580078125,41.66729673093203,0
camera2_clip_20260528_123150_12473,171,73.14092943598513,49.65800472711495,73.14092943598513,21.35298589175217,52.511755205703146,52.511755205703146,64.52706082717494,93.96341017032981,156.0925372015569,157.9346494621671,32.93791755054217,35.86080933015266,13.624897398591065,18.214864029098177,32.93791755054217,35.86080933015266,-31.68994140625,-34.644775390625,49.65800472711495,52.511755205703146,157.9346494621671,35.86080933015266,44.03969740077786,-179.53743765917753,161.62803518263613,341.16547284181365,-90.17095903811791,-1.477338892686646,26.168223513412293,41.40628563069945,41.40628563069945,104.63929748535156,327.4961242675781,22.055241181668276,-179.53743765917753,161.62803518263613,63.23967719158989,6.48756775230407,63.23967719158989,106.87579311920439,22.229452375321788,106.87579311920439,167.93116841987285,171.37753945661524,171.37753945661524,167.93116841987285,14.303299867173656,10.398316058084998,14.303299867173656,38.22964401745375,38.22964401745375,36.478323305732935,40.442179730463565,0.5461754020053512,-118.15087429277108,32.29378733815414,44.955175607113866,2.5777962186447665,-0.9600982666015625,40.64769089736216,0
camera2_clip_20260528_123150_12473,172,36.063770802484626,35.49433027328148,36.063770802484626,20.8969691109676,38.25508712205133,38.25508712205133,64.27549016262748,93.7152326090373,155.94599834183762,158.58771670549498,33.64912865159313,35.82873646106679,14.254471267712455,18.31388440685176,33.64912865159313,35.82873646106679,-32.3807373046875,-34.692169189453125,35.49433027328148,38.25508712205133,158.58771670549498,35.82873646106679,32.6939197879837,178.6515037144311,161.47895162279042,17.172552091640682,-90.63841571300685,358.1889413736086,22.718810049391724,42.73455136972546,42.73455136972546,103.82890892028809,327.92313385009766,27.480177018247723,178.6515037144311,161.47895162279042,35.31161776639017,16.798766124662155,35.31161776639017,64.7285478970304,15.402614847738988,64.7285478970304,168.7372269454799,170.5870382647684,170.5870382647684,168.7372269454799,18.10208451165635,26.528456531637808,26.528456531637808,28.72214026261951,28.72214026261951,26.87316599476803,31.644329444440633,0.5393110061821103,-135.22008513847007,26.042364786645173,40.722407165286995,2.9172701914277077,-0.89202880859375,31.086300533918177,0
camera2_clip_20260528_123150_12473,173,8.32781708454082,18.038173605835333,18.038173605835333,17.144410115720646,16.337913885580278,17.144410115720646,63.836190594525156,93.730674880789,156.67342103201884,158.56866356058782,33.892153159568245,35.09470028972821,14.199809915714924,17.674357592565304,33.892153159568245,35.09470028972821,-32.477203369140625,-34.002105712890625,18.038173605835333,16.337913885580278,158.56866356058782,35.09470028972821,16.812249343065513,177.1516097263584,156.57493919982082,20.576670526537583,-91.98519429866806,-1.4998939880726994,24.024414442059545,17.000766924656478,24.024414442059545,103.56437683105469,327.73045349121094,9.81797597478275,177.1516097263584,156.57493919982082,45.29710871696306,18.49766351757149,45.29710871696306,75.00060629727659,53.66038080861047,75.00060629727659,168.34657417494265,168.9985830769293,168.9985830769293,168.34657417494265,15.33817797217183,17.229250678692125,17.229250678692125,14.386236296251424,14.386236296251424,11.464780164766506,15.342529604034823,0.5829524149385965,-149.7714684455556,12.824473852083447,23.30350780162734,3.1736170862991484,0.2197265625,27.158057004139888,0
camera2_clip_20260528_123150_12473,174,9.384343792021962,14.563015177758665,14.563015177758665,3.3462816933789714,16.218323477227365,16.218323477227365,64.52745224583586,93.24308766266259,155.8939482123416,158.80554060326907,34.06768206722272,34.95877015295258,14.292242122182797,17.649063167289263,34.06768206722272,34.95877015295258,-32.811676025390625,-33.95550537109375,14.563015177758665,16.218323477227365,158.80554060326907,34.95877015295258,11.60629663914122,178.08353146890968,159.93885721338273,18.14467425552695,-92.5786926945388,0.9319217425512818,11.747518010852039,14.378297683608315,14.378297683608315,103.72603225708008,327.1570281982422,17.873280030307043,178.08353146890968,159.93885721338273,15.397411874304755,19.402712746858853,19.402712746858853,8.922088912399094,38.349665377598214,38.349665377598214,168.38384018133783,167.27958835531362,167.27958835531362,168.38384018133783,25.855798146654042,25.240655324572806,25.855798146654042,14.092276357708679,14.092276357708679,14.334166240181647,12.020838462155249,0.6703590824141124,-157.06778407196597,12.297119887410151,8.717254507650036,3.570089633266265,0.229583740234375,16.90050935143626,0
camera2_clip_20260528_123150_12473,175,12.28466606166656,27.74877097287081,27.74877097287081,27.6020911483594,23.86389514986507,27.6020911483594,64.26136711795982,91.82041345278734,153.90445969858663,157.49977672322566,34.39394239722271,34.64612235076914,14.70844576576193,17.51131726319052,34.39394239722271,34.64612235076914,-33.238067626953125,-33.761810302734375,27.74877097287081,23.86389514986507,157.49977672322566,34.64612235076914,21.22519758072728,177.1346637167852,161.48982776771385,15.644835949071364,-92.885388342647,-0.948867752124471,24.746395072108278,11.105367079493568,24.746395072108278,104.31645774841309,326.7266311645508,21.919385955896818,177.1346637167852,161.48982776771385,33.0820448924299,30.071425934417263,33.0820448924299,35.2488062993148,52.982368277295066,52.982368277295066,169.12275037482837,166.1846016862235,166.1846016862235,169.12275037482837,29.950501438746898,22.528581384674588,29.950501438746898,24.113529318567693,24.113529318567693,27.608147961876117,23.616212526173356,0.7564143240506618,-165.24428903538808,30.64976458784343,19.06558825245154,3.900799238027917,0.198089599609375,27.601242809270186,0
camera2_clip_20260528_123150_12473,176,19.159708117627428,26.81174346946087,26.81174346946087,25.025950943808528,19.065057947514845,25.025950943808528,64.69576644168652,92.22358663302735,153.76287749209007,159.4245159326042,34.2371127540452,34.52744104994514,14.871478029065226,17.32938821202966,34.2371127540452,34.52744104994514,-33.1861572265625,-33.72418212890625,26.81174346946087,19.065057947514845,159.4245159326042,34.52744104994514,22.124676171889757,177.09050543133915,164.14556550355564,12.944939927783508,-93.68182339202258,-0.04415828544605915,23.80522695078675,18.88036960214012,23.80522695078675,104.95601463317871,325.8426971435547,32.73125610319424,177.09050543133915,164.14556550355564,31.400179724484214,36.600150779145125,36.600150779145125,38.763778181073114,56.44728646701072,56.44728646701072,168.7524003126648,164.03049889828407,164.03049889828407,168.7524003126648,44.79671741217556,44.06038899921894,44.79671741217556,25.633448663329442,25.633448663329442,26.092434134058838,26.240782703720047,0.7431741662410095,-165.4376246049993,24.423664944644905,24.63067736232583,3.862347628165452,0.610260009765625,32.068046549537186,0
camera2_clip_20260528_123150_12473,177,32.95843128058155,33.70882891465244,33.70882891465244,26.636425280968258,28.812251943746297,28.812251943746297,64.90632252977706,92.91203636926899,155.04271387318926,161.4296856537902,34.409175317828826,34.62985428362874,14.84550104667422,17.17947377365508,34.409175317828826,34.62985428362874,-33.297332763671875,-33.872833251953125,33.70882891465244,28.812251943746297,161.4296856537902,34.62985428362874,31.18485206729631,178.96998829734113,168.53177811618244,10.438210181158695,-94.2287514693348,1.879482866001979,30.231087864260637,34.76208711956867,34.76208711956867,105.61466026306152,324.8060989379883,36.84446925920495,178.96998829734113,168.53177811618244,29.111232963759665,35.52240090979587,35.52240090979587,38.49699421119627,51.12066091114495,51.12066091114495,167.8191753245552,161.58176398321646,161.58176398321646,167.8191753245552,39.6304623742966,43.76736546105023,43.76736546105023,39.867268068184465,39.867268068184465,40.07571604836608,41.66402690396352,0.7153766071781514,-161.68311571972305,37.40144119040543,41.709252753853505,3.747107132804905,0.8217315673828125,35.396519102918454,0
camera2_clip_20260528_123150_12473,178,15.240488494637567,12.087555556933715,15.240488494637567,24.61363348985429,13.271840294824251,24.61363348985429,64.78000799347274,92.83199007253216,154.00039315895876,161.8710399154242,34.55173772360789,34.95224390040918,15.131588745136883,17.448486339895975,34.55173772360789,34.95224390040918,-33.503143310546875,-34.21759033203125,12.087555556933715,13.271840294824251,161.8710399154242,34.95224390040918,17.006986231271828,179.32625983736762,170.16671254795347,9.15954728941415,-93.9385690166699,0.35627154002648354,23.37361719152177,13.454782359859363,23.37361719152177,106.05782127380371,324.4859313964844,16.40149512901868,179.32625983736762,170.16671254795347,18.564160952709535,16.796919099755392,18.564160952709535,23.905620979744747,38.62180628280648,38.62180628280648,167.8188958650773,160.26548493475195,160.26548493475195,167.8188958650773,17.704489943466484,13.248135169404392,17.704489943466484,23.46258208758297,23.46258208758297,23.53697919364437,24.71476611902517,0.6997817423283075,-158.76304668998543,22.147220303045756,24.96745778269699,3.671932392007907,0.0087127685546875,19.24025415129317,0
camera2_clip_20260528_123150_12473,179,9.005570933034225,10.875586139460227,10.875586139460227,17.677322573566563,7.23516541162199,17.677322573566563,63.785967095063775,92.0413583226494,152.72664118921415,161.50584446093316,34.675396435648445,34.94355467717764,15.597453383458706,17.483291263793646,34.675396435648445,34.94355467717764,-33.598175048828125,-34.281219482421875,10.875586139460227,7.23516541162199,161.50584446093316,34.94355467717764,8.578110728480446,178.56883534046537,170.9399968955526,7.628838444912759,-94.04764390791578,-0.7574244969022459,5.662414615769221,1.0126046974304481,5.662414615769221,106.16910362243652,324.42716217041016,3.775423783568901,178.56883534046537,170.9399968955526,19.28250887981804,10.73691112374698,19.28250887981804,24.922397088711595,26.841068853176047,26.841068853176047,168.31393399532615,159.09309277768645,159.09309277768645,168.31393399532615,6.954996777591436,3.748871241783201,6.954996777591436,7.725464611733647,7.725464611733647,7.646435132498417,8.645420838443366,0.6385934647879192,-157.01254351728087,6.743504510802719,13.028635230390844,3.4344562445090245,-0.056304931640625,11.996284861309164,0
