video_id,frame_no,left_wrist_speed,right_wrist_speed,wrist_speed_max,left_elbow_speed,right_elbow_speed,elbow_speed_max,left_elbow_angle,right_elbow_angle,left_elbow_joint_angle,right_elbow_joint_angle,left_arm_length,right_arm_length,left_forearm_length,right_forearm_length,left_shoulder_wrist_dist,right_shoulder_wrist_dist,left_wrist_height_rel,right_wrist_height_rel,bat_arm_wrist_speed,bat_arm_elbow_speed,bat_arm_elbow_angle,bat_arm_extension,arm_activity_score,shoulder_line_angle,hip_line_angle,hip_shoulder_separation,trunk_lean,shoulder_rotation_change,left_shoulder_speed,right_shoulder_speed,shoulder_speed_max,body_center_x,body_center_y,body_center_speed,upper_body_rotation,lower_body_rotation,left_knee_speed,right_knee_speed,knee_speed_max,left_ankle_speed,right_ankle_speed,ankle_speed_max,left_knee_angle,right_knee_angle,front_knee_angle,back_knee_angle,left_hip_speed,right_hip_speed,hip_speed_max,head_movement,head_speed,left_eye_speed,right_eye_speed,eye_separation,head_orientation_angle,left_ear_speed,right_ear_speed,ear_separation,wrist_height_change,pose_activity_score,impact_like_frame_flag
camera2_clip_20260318_190437_278671,0,0.0,0.0,0.0,0.0,0.0,0.0,94.73413483141209,106.24611587587047,169.77201461981048,166.31610378652604,33.499900622205026,26.726728340863495,17.108556766525616,11.290767760998648,33.499900622205026,26.726728340863495,-33.498779296875,-26.278289794921875,0.0,0.0,166.31610378652604,26.726728340863495,0.0,-6.086838536594734,2.1833175150852395,8.270156051679974,-47.10038561831424,0.0,0.0,0.0,0.0,198.21498489379883,299.5190658569336,0.0,-6.086838536594734,2.1833175150852395,0.0,0.0,0.0,0.0,0.0,0.0,154.6809414943005,159.2225033080164,159.2225033080164,154.6809414943005,0.0,0.0,0.0,0.0,0.0,0.0,0.0,3.7245400920981826,-4.664557042167701,0.0,0.0,8.457745158039213,0.0,0.0,0
camera2_clip_20260318_190437_278671,1,30.169342650370705,15.185660583370886,30.169342650370705,17.990762829848965,6.485028465576467,17.990762829848965,94.76978670220157,106.18687513695691,171.20318439171652,166.0650541651955,32.65081911933778,27.114537036361547,16.70237042886296,11.603657390656384,32.65081911933778,27.114537036361547,-32.650421142578125,-26.67999267578125,15.185660583370886,6.485028465576467,166.0650541651955,27.114537036361547,13.10448658293795,-4.361115761092821,3.2155132633033494,7.57662902439617,-46.94335266600615,1.7257227755019136,4.547856715246308,4.2482682532143565,4.547856715246308,198.17020797729492,299.52313232421875,1.3488356337972147,-4.361115761092821,3.2155132633033494,8.871609524154074,3.2161129826407246,8.871609524154074,4.040886093762878,1.8710510384915022,4.040886093762878,153.24724869751284,158.35238107292093,158.35238107292093,153.24724869751284,1.1675656178724396,5.081439552728339,5.081439552728339,2.491608969586277,2.491608969586277,2.3434868158154267,2.086355047011183,3.741547004727878,-4.452504798974386,1.0000170900888699,1.8721847521587927,8.478216491472205,0.2245330810546875,8.572965358939804,0
camera2_clip_20260318_190437_278671,2,24.479198570771768,6.270949568706207,24.479198570771768,13.086462921298253,1.9664575244722682,13.086462921298253,94.88001753411228,106.06902342772506,172.12011463550377,166.24495445414175,31.94990841788428,27.26402442182859,16.34264652094214,11.747310986702574,31.94990841788428,27.26402442182859,-31.946319580078125,-26.834075927734375,6.270949568706207,1.9664575244722682,166.24495445414175,27.26402442182859,8.386861415238506,-3.230579653132734,3.801421881964585,7.032001535097319,-46.85321066518829,1.1305361079600864,2.695284045110684,1.8228158610718581,2.695284045110684,198.15512084960938,299.5198745727539,0.46304527831089903,-3.230579653132734,3.801421881964585,4.919123157048993,4.004006713095282,4.919123157048993,2.2506999644388674,4.855776412332027,4.855776412332027,152.42563938394895,157.87306314870736,157.87306314870736,152.42563938394895,0.8825807056117447,2.166337208012251,2.166337208012251,1.038414364444967,1.038414364444967,0.997509056071263,1.0498464265554481,3.746978125365269,-4.3486882039635,0.5704148646485099,1.2339219955153675,8.485386569595958,0.28240966796875,5.783307720997517,0
camera2_clip_20260318_190437_278671,3,28.829182396081467,19.362122930304803,28.829182396081467,20.043513991516043,7.739244846128559,20.043513991516043,94.99989245928886,105.85266109070176,173.5970443940679,166.3359696211226,31.236492972549296,27.819017482039204,16.087220696705685,12.134065252697209,31.236492972549296,27.819017482039204,-31.222625732421875,-27.40155029296875,19.362122930304803,7.739244846128559,166.3359696211226,27.819017482039204,14.069396223935266,-0.8253091016796226,5.050241795452056,5.875550897131679,-46.84355474860904,2.4052705514531114,6.052498315923706,2.3898148636570173,6.052498315923706,198.1603660583496,299.5110168457031,0.3088274419660528,-0.8253091016796226,5.050241795452056,5.680545574485081,4.199368066683527,5.680545574485081,1.7081345761404425,3.7973541425448083,3.7973541425448083,151.61274271997254,157.2308786460792,157.2308786460792,151.61274271997254,0.4512317017113752,3.0838850935803013,3.0838850935803013,2.6952112738632907,2.6952112738632907,2.579754130446246,2.1266681878305707,3.7662245821645066,-4.0792328122811155,0.9033264082625629,1.435885851601046,8.523665691552349,0.1253662109375,8.611408041563093,0
camera2_clip_20260318_190437_278671,4,22.80762339832611,27.753350793329048,27.753350793329048,13.956178298285595,13.49465344896047,13.956178298285595,94.86118081040634,105.7215376749088,175.0821092469288,165.89875839214014,30.614062491503912,28.555795441984866,15.786415203322647,12.63087428376542,30.614062491503912,28.555795441984866,-30.58880615234375,-28.161285400390625,27.753350793329048,13.49465344896047,165.89875839214014,28.555795441984866,14.708473262986992,1.821322335392869,6.93793979641793,5.116617461025061,-46.264194784230135,2.6466314370724913,4.19295781269001,6.046075826330712,6.046075826330712,198.02737045288086,299.4960479736328,4.01506019687764,1.821322335392869,6.93793979641793,9.19114602981463,11.449845767226888,11.449845767226888,9.42200732182704,24.324441845974835,24.324441845974835,150.8816068822356,155.97701033006578,155.97701033006578,150.8816068822356,6.018868801022921,10.717528711883482,10.717528711883482,1.3402510446564135,1.3402510446564135,0.8857045701901672,1.3029340508064424,3.7766126877996022,-3.6392215286973624,0.37201628705775364,2.5435666747031522,8.502019231661619,-0.09686279296875,13.28122317130598,0
camera2_clip_20260318_190437_278671,5,22.223841003191765,20.13885773262775,22.223841003191765,12.474013022237868,14.246428360499038,14.246428360499038,94.94464803617703,105.61141016106448,176.54063436017074,164.93562999000622,30.089645191969716,29.04386884846025,15.48121462269108,12.905434401502763,30.089645191969716,29.04386884846025,-30.043731689453125,-28.687896728515625,20.13885773262775,14.246428360499038,164.93562999000622,29.04386884846025,13.975449867866736,5.188115229360435,9.67197129407081,4.483856064710374,-45.996396129667055,3.3667928939675664,6.581267227986805,8.18829186065719,8.18829186065719,197.9085578918457,299.49625396728516,3.5643821882348394,5.188115229360435,9.67197129407081,11.400421830383433,15.18742670294285,15.18742670294285,13.52393865193907,26.486202197794892,26.486202197794892,149.9194734435845,155.22337729888753,155.22337729888753,149.9194734435845,2.289304315476947,11.224279627387965,11.224279627387965,2.078827209835517,2.078827209835517,1.4315151264328208,2.1126302793568428,3.7788454615421956,-3.0396122001895924,0.4663010042381803,3.1175588139255073,8.445314414805889,0.0120697021484375,13.663689377760463,0
camera2_clip_20260318_190437_278671,6,12.796289296946936,11.88800283789622,12.796289296946936,7.7056757754986025,8.249590841728423,8.249590841728423,94.84860046526758,105.28981959442208,176.2198496284136,164.574559662539,30.442717232781806,29.33666777248271,15.62384075964435,13.034612931319135,30.442717232781806,29.33666777248271,-30.403472900390625,-29.01422119140625,11.88800283789622,8.249590841728423,164.574559662539,29.33666777248271,7.756327396832009,5.646003848628911,10.60973183240847,4.963727983779559,-45.54930914146925,0.45788861926847524,1.5833557730159593,4.3150498559059045,4.3150498559059045,197.7805404663086,299.49278259277344,3.8419344754869202,5.646003848628911,10.60973183240847,4.417730607057428,12.690903100543705,12.690903100543705,6.139801131874278,22.241272061030525,22.241272061030525,150.1179817854387,154.70353214071312,154.70353214071312,150.1179817854387,4.344676102675119,8.931764740272367,8.931764740272367,2.4414793575784977,2.4414793575784977,1.7635939412941974,1.631861424546698,3.7743006563360173,-3.0595133253489357,0.4882690666586117,1.7476649639695117,8.387818798535678,-0.3945159912109375,8.775342677037122,0
camera2_clip_20260318_190437_278671,7,13.105335989086347,8.179257561081206,13.105335989086347,10.902892709522462,13.658598080684678,13.658598080684678,94.54071201010963,105.28927915969388,176.45026514698102,162.8650291402215,30.839234688901684,29.53090540192344,15.695554353372962,13.017037749074433,30.839234688901684,29.53090540192344,-30.804107666015625,-29.255767822265625,8.179257561081206,13.658598080684678,162.8650291402215,29.53090540192344,9.5927447161466,6.532960811794913,12.237511475157099,5.704550663362186,-45.41549414262006,0.8869569631660026,3.410942843504437,8.299441113000473,8.299441113000473,197.6778106689453,299.4847183227539,3.091374992705328,6.532960811794913,12.237511475157099,6.324467015665428,16.26332123645735,16.26332123645735,8.331901746459712,25.856418795841634,25.856418795841634,149.96376488242322,154.5322808458751,154.5322808458751,149.96376488242322,1.7208809268204703,8.571755190010963,8.571755190010963,0.5851731082744059,0.5851731082744059,0.32233876785453613,0.5676446727324961,3.7599030966520854,-3.0889374578730875,0.8415625001425378,3.814884812894559,8.288867400297526,-0.332122802734375,10.385434434011264,0
camera2_clip_20260318_190437_278671,8,31.763314692273372,12.141416497186624,31.763314692273372,20.11014561410371,16.15533327403918,20.11014561410371,94.48426813503433,105.03086438238002,175.81149305947054,160.95680153058075,31.751573806459692,29.826117679481168,16.042175401857467,13.043780469884524,31.751573806459692,29.826117679481168,-31.72442626953125,-29.6146240234375,12.141416497186624,16.15533327403918,160.95680153058075,29.826117679481168,16.189059963101574,6.69663179235085,13.614879457365205,6.918247665014356,-44.94613169678083,0.16367098055593665,6.175798733702781,10.788350967303783,10.788350967303783,197.51471328735352,299.4735641479492,4.904350553121825,6.69663179235085,13.614879457365205,10.585361761760094,12.86768496573148,12.86768496573148,5.689064887734394,18.053471076627755,18.053471076627755,148.5962897928637,153.98416793796028,153.98416793796028,148.5962897928637,2.3147084300553824,13.623965147818087,13.623965147818087,10.410826994237752,10.410826994237752,11.357983381974107,4.7476716641617935,3.539033071400063,-3.58186642336214,8.977764112709348,8.946620907160387,7.706932536780329,-0.6934661865234375,13.355718004028054,0
camera2_clip_20260318_190437_278671,9,5.920427037244504,3.5110089574749983,5.920427037244504,9.491520125275638,12.988126855126158,12.988126855126158,94.54415459407412,104.65867491563276,175.9930931104556,159.0149553461863,31.85787735534717,29.76316482328462,15.94128307518931,12.922197568851791,31.85787735534717,29.76316482328462,-31.826568603515625,-29.61529541015625,3.5110089574749983,12.988126855126158,159.0149553461863,29.76316482328462,8.882299989645988,7.7245726770377665,16.014599292962483,8.290026615924717,-44.778503206815074,1.0279408846869167,7.404969054635432,13.97774790811919,13.97774790811919,197.37078094482422,299.4756774902344,4.318435700276961,7.7245726770377665,16.014599292962483,11.945143350605196,8.140540496020106,11.945143350605196,6.30760875525046,5.4996882795326485,6.30760875525046,147.14638870718497,153.7974259137988,153.7974259137988,147.14638870718497,2.0649751203576097,12.713349115512832,12.713349115512832,10.489713591663905,10.489713591663905,12.072114575566939,3.9714855699348846,3.2626679034895822,-4.340277182134566,10.150221144813944,12.18338786670841,6.98994162109819,-0.0715484619140625,8.330425421262897,0
camera2_clip_20260318_190437_278671,10,17.341973199236893,18.07678381403394,18.07678381403394,7.225807390519915,7.152287250758678,7.225807390519915,94.39456550753715,103.87037035034702,176.66572993266018,158.29467834038815,31.301086187275732,29.18811364278348,15.392711294261812,12.546197564494996,31.301086187275732,29.18811364278348,-31.264892578125,-29.0889892578125,18.07678381403394,7.152287250758678,158.29467834038815,29.18811364278348,11.486367406485824,8.328030742539182,19.008070761924454,10.680040019385272,-44.58988112773497,0.6034580655014157,5.931554204583189,13.18979857978233,13.18979857978233,197.23461151123047,299.4003448486328,4.6685553849473544,8.328030742539182,19.008070761924454,9.053909737014543,6.499911012306899,9.053909737014543,8.5150391987995,2.934496687443145,8.5150391987995,146.44405255681286,153.86708397485808,153.86708397485808,146.44405255681286,3.742724267156562,11.765331932422564,11.765331932422564,10.608050943544399,10.608050943544399,13.027976692164035,3.638714564344827,2.9431531184577326,-5.149462701590365,11.66607233124233,13.837281363783639,6.167263410230234,0.579010009765625,9.285801439504846,0
camera2_clip_20260318_190437_278671,11,25.40835394320818,15.43749461835722,25.40835394320818,10.582606070294947,9.857849683977161,10.582606070294947,94.26191216308476,103.26960835678722,178.1325763279086,156.8634919880468,30.551521705729755,28.69588196829025,14.704184119360526,12.235083057084724,30.551521705729755,28.69588196829025,-30.4989013671875,-28.638458251953125,15.43749461835722,9.857849683977161,156.8634919880468,28.69588196829025,14.195811827526176,12.25431913754777,26.513317329632333,14.258998192084563,-44.61504034831879,3.926288395008587,8.690371083378018,15.198195565941512,15.198195565941512,197.12783432006836,299.3333435058594,3.781731566005443,12.25431913754777,26.513317329632333,12.624903676313544,10.6038577610763,12.624903676313544,12.073356084973673,6.1114003503157885,12.073356084973673,145.54832592939403,154.34309715513743,154.34309715513743,145.54832592939403,5.577998037656473,11.301551745482596,11.301551745482596,8.444269626103843,8.444269626103843,11.997781809294942,3.5827805715289065,2.6106274773745586,-5.697097539370454,12.490590819670432,13.912457450424244,5.308338609761321,0.677154541015625,11.955661551747951,0
camera2_clip_20260318_190437_278671,12,24.203118588478738,9.63719503051456,24.203118588478738,11.707068128212702,6.998840621853625,11.707068128212702,94.29803145459053,102.13353155595911,178.7397090847866,156.50857930866894,29.83708051583601,28.405041451004713,14.254832501052173,12.152294964994756,29.83708051583601,28.405041451004713,-29.7750244140625,-28.381866455078125,9.63719503051456,6.998840621853625,156.50857930866894,28.405041451004713,12.397222402220413,20.516952307131525,36.671994167177616,16.15504186004609,-44.709096729127474,8.262633169583756,5.486876436906412,16.35023560735644,16.35023560735644,196.96066665649414,299.27828216552734,5.280066386857333,20.516952307131525,36.671994167177616,4.3996523820087,8.641920016173167,8.641920016173167,2.4559203162322047,12.566648580250016,12.566648580250016,145.23918610574643,153.46921469954611,153.46921469954611,145.23918610574643,3.0642304932227913,11.727360125340866,11.727360125340866,16.66391105925077,16.66391105925077,20.877235567000817,9.159616447314813,2.1723031001694766,-6.449746831339262,19.249843639835632,16.25344489293022,4.162181540607129,0.5512847900390625,9.769922193879188,0
camera2_clip_20260318_190437_278671,13,34.41769398658988,12.646074815878702,34.41769398658988,14.820870020771927,9.711810376835038,14.820870020771927,94.11228431824655,101.43192183435373,179.72229442691204,155.66854401508846,28.78480538674599,27.99291990766874,13.579145946390714,12.021338962348311,28.78480538674599,27.99291990766874,-28.705902099609375,-27.986358642578125,12.646074815878702,9.711810376835038,155.66854401508846,27.99291990766874,15.113016048140134,39.40770151989532,55.50006005199967,16.09235853210435,-44.912763289315635,18.890749212763794,4.46660629254946,14.6150407962158,14.6150407962158,196.83464431762695,299.2386016845703,3.9636540485117773,39.40770151989532,55.50006005199967,4.1282577895272885,8.048793439042893,8.048793439042893,1.1936349035619822,11.027115639588299,11.027115639588299,145.63510564679106,153.06644568042336,153.06644568042336,145.63510564679106,4.192673539131827,8.580688830176186,8.580688830176186,7.44767133671625,7.44767133671625,9.633366521858214,4.453705378093444,1.9605419191650122,-6.60995530047182,9.527861704242783,10.122257757452493,3.529809310419897,0.7812957763671875,10.654105035822441,0
camera2_clip_20260318_190437_278671,14,7.651011740809328,7.604681165264212,7.651011740809328,4.774703864288731,11.086071044851419,11.086071044851419,93.74332727670134,100.95894136002113,179.1792581110475,154.89779734537512,28.55156641849203,27.812107794134658,13.39936225643705,12.034752247821672,28.55156641849203,27.812107794134658,-28.47747802734375,-27.811492919921875,7.604681165264212,11.086071044851419,154.89779734537512,27.812107794134658,7.858515292658239,76.63690989074425,81.83950176351125,5.202591872767002,-45.27862896829734,37.22920837084893,1.6161732006565441,14.418450740079196,14.418450740079196,196.71510696411133,299.22608184814453,3.6057360789002626,76.63690989074425,81.83950176351125,2.6790598853428453,4.003256271103363,4.003256271103363,7.686446602541163,8.539401859963492,8.539401859963492,145.94801860409862,152.3422657390807,152.3422657390807,145.94801860409862,4.607445024385306,6.1347276664587005,6.1347276664587005,6.973901900853279,6.973901900853279,8.552737238254752,4.248212021873224,1.7726430576724828,-7.004075859660604,7.605563978706974,10.06906417785731,2.9745331618341626,0.2342376708984375,6.733452422145358,0
camera2_clip_20260318_190437_278671,15,2.517910258459751,8.720891022446766,8.720891022446766,1.1353913193262684,4.08332308035856,4.08332308035856,93.5320320677257,100.5102807119523,179.1861838374398,155.7194051645189,28.512238099689466,28.0303729133328,13.411332263392573,12.186824766515459,28.512238099689466,28.0303729133328,-28.445709228515625,-28.030181884765625,8.720891022446766,4.08332308035856,155.7194051645189,28.0303729133328,4.347823591544025,101.95232825464032,93.42793990640338,8.52438834823694,-45.157227474330455,25.31541836389607,2.7201123580361104,6.909313510636694,6.909313510636694,196.55240631103516,299.2740936279297,5.089103079973529,101.95232825464032,93.42793990640338,5.769833259597389,2.245152504283534,5.769833259597389,12.716158862595213,1.7377093062663258,12.716158862595213,145.711787753953,151.584986083647,151.584986083647,145.711787753953,4.589783384047897,7.305076437045731,7.305076437045731,4.595785404105914,4.595785404105914,5.283147792649803,2.6541573506751472,1.6312872713634128,-7.8351159483392125,3.4755020587014265,8.529950930356799,2.647827918903882,-0.1501007080078125,5.0375546085916865,0
camera2_clip_20260318_190437_278671,16,15.62047706423758,13.703823268939093,15.62047706423758,5.676631669828749,9.794973927603914,9.794973927603914,93.63953670466725,100.083095204603,179.9354241067065,156.00326339686782,28.924098940222947,28.389268031588433,13.739395180171131,12.410897872019405,28.924098940222947,28.389268031588433,-28.864776611328125,-28.38916015625,13.703823268939093,9.794973927603914,156.00326339686782,28.389268031588433,9.716620204244188,137.48154120709466,117.20484974872494,20.276691458369726,-44.95752332949616,35.529212952454344,3.0496984361614596,10.454116858694332,10.454116858694332,196.33422088623047,299.32930755615234,6.751896897930294,137.48154120709466,117.20484974872494,5.817045562625937,3.8818097023707168,5.817045562625937,13.787053461828798,3.045102885599703,13.787053461828798,145.42583763842572,150.71046345844633,150.71046345844633,145.42583763842572,4.872512236203659,10.430452715201586,10.430452715201586,6.009711797793653,6.009711797793653,6.683698206132111,3.110331515812012,1.446586027911148,-8.973977648120915,4.118628250259632,11.529912378197873,2.222707105274365,-0.472198486328125,8.344474815774626,0
camera2_clip_20260318_190437_278671,17,7.8875941133330025,4.867178026487857,7.8875941133330025,8.178495041289352,1.500172570665456,8.178495041289352,93.8250275748801,99.72519165460494,179.78308945574295,156.71985699718985,29.032470250034063,28.26431076591339,13.740737551205644,12.31039776931913,29.032470250034063,28.26431076591339,-28.971221923828125,-28.26416015625,4.867178026487857,1.500172570665456,156.71985699718985,28.26431076591339,5.375377454844077,147.08916611555026,121.46731436195579,25.62185175359447,-44.485204478143736,9.607624908455591,4.67142433086767,5.147400646421126,5.147400646421126,196.13114166259766,299.3492889404297,6.121795823943352,147.08916611555026,121.46731436195579,1.8389503950943402,3.1123688352765013,3.1123688352765013,1.0038076813433239,6.940500494739493,6.940500494739493,144.99595318813866,151.09653797637253,151.09653797637253,144.99595318813866,7.771529193788723,9.128600978521659,9.128600978521659,3.526090898468268,3.526090898468268,3.348808710729909,4.928524961736336,1.3817239221422204,-9.628651843905295,4.465883449339203,7.399946564718761,2.1324061080904735,-0.08062744140625,5.170668525652376,0
camera2_clip_20260318_190437_278671,18,5.902881647428905,10.601629394077394,10.601629394077394,9.312166877883318,6.896113271257246,9.312166877883318,93.95558666807406,99.67598669861604,179.21562871835778,158.26140038647335,28.90307300412008,27.89218674489669,13.600538661822853,11.952325131107408,28.90307300412008,27.89218674489669,-28.846466064453125,-27.89093017578125,10.601629394077394,6.896113271257246,158.26140038647335,27.89218674489669,7.846173358442293,89.7089455222419,86.04900134407289,3.659944178169013,-43.99197863103837,-57.38022059330835,8.211690619998192,6.152558340008705,8.211690619998192,196.02724838256836,299.3319091796875,3.1601080277154168,89.7089455222419,86.04900134407289,2.5538484279243066,2.6523596660602777,2.6523596660602777,6.40954319879049,7.44057498629294,7.44057498629294,144.82690312163504,151.2138752530951,151.2138752530951,144.82690312163504,10.36477268068402,2.430763890878204,10.36477268068402,7.226280522644551,7.226280522644551,8.814617579773119,4.680249679232753,1.52263657747765,-8.840629419469565,10.807519388001944,3.448908282096049,2.536913158511815,0.1858673095703125,6.5774085834403335,0
camera2_clip_20260318_190437_278671,19,13.037013843807863,13.092226368585719,13.092226368585719,33.140351940133506,9.37862296433269,33.140351940133506,92.86416904106795,97.23718902701727,178.4514249134848,162.32562094377204,28.164401112728513,27.0894609972428,13.067989431402447,11.577919748751874,28.164401112728513,27.0894609972428,-28.1446533203125,-27.089263916015625,13.092226368585719,9.37862296433269,162.32562094377204,27.0894609972428,24.426942118374345,29.269789022254777,59.868992500947385,30.59920347869261,-43.400868627275216,-60.43915649998713,43.663168223544254,34.25026936984205,43.663168223544254,195.3296356201172,299.76212310791016,24.588062781243494,29.269789022254777,59.868992500947385,2.0553154547845414,7.340697057528363,7.340697057528363,9.128653729096147,14.240095352647385,14.240095352647385,143.27604954466787,149.77825227233384,149.77825227233384,143.27604954466787,15.763953087781765,9.969718652857159,15.763953087781765,85.37281978283679,85.37281978283679,82.69026005324609,86.72283983735227,1.252493812252843,-8.667513408118603,58.64713721455548,68.92739035073785,1.9933868659349785,-0.110076904296875,17.08834050374512,0
camera2_clip_20260318_190437_278671,20,16.37505330068435,20.434316428463426,20.434316428463426,16.33845609406306,13.482976257982232,16.33845609406306,93.58167137692071,96.5286785317363,177.69848315195023,162.88002957238382,28.08360935363856,26.55366187680602,13.047903875260786,11.345760182056864,28.08360935363856,26.55366187680602,-28.056610107421875,-26.55169677734375,20.434316428463426,13.482976257982232,162.88002957238382,26.55366187680602,13.971882540890414,24.14266873881404,57.69324926605352,33.550580527239475,-44.12330310749956,-5.1271202834407354,10.455421323691128,6.745071840458295,10.455421323691128,195.2340316772461,299.67608642578125,3.858520714966402,24.14266873881404,57.69324926605352,8.158398660195997,6.067659111123455,8.158398660195997,11.634468028060105,2.754512628797138,11.634468028060105,142.96880300424442,149.81100047366877,149.81100047366877,142.96880300424442,1.3061354092364712,1.9755209055524339,1.9755209055524339,5.826430851205943,5.826430851205943,5.07510691830581,5.334555662369185,1.258371309077234,-7.3932775860381374,5.669596823137284,3.4262342104614087,2.0224429859748914,0.46612548828125,9.64399916569234,0
camera2_clip_20260318_190437_278671,21,26.77067957402306,26.877969398271,26.877969398271,19.588835501682055,27.94638468285816,27.94638468285816,94.150800630879,97.35727921574973,177.380383246633,158.88264679441627,27.603661937605217,25.98847510431755,12.810726672280618,11.258919020907026,27.603661937605217,25.98847510431755,-27.56744384765625,-25.978057861328125,26.877969398271,27.94638468285816,158.88264679441627,25.98847510431755,21.516392160275355,57.16805477886443,112.47901365734326,55.31095887847883,-45.684410792522776,33.02538604005039,11.113529068474914,16.80095473634293,16.80095473634293,195.18098068237305,299.55042266845703,4.092091050511238,57.16805477886443,112.47901365734326,42.7265845065654,14.618321455057794,42.7265845065654,77.1533827584968,16.81453796427461,77.1533827584968,144.3442811660577,149.90387461804275,149.90387461804275,144.3442811660577,12.380325917789857,1.800063895417666,12.380325917789857,7.6218264465615455,7.6218264465615455,7.50369305136516,5.5761786997798435,1.3194055605941206,-6.37429088448712,8.518933635822787,3.623376086539349,2.1339714031852566,0.862823486328125,24.549297454937854,0
camera2_clip_20260318_190437_278671,22,14.818732126023114,18.231848906053155,18.231848906053155,17.256802254241826,29.19053555399485,29.19053555399485,95.48494258429255,98.71194155346276,175.91320349825114,154.86077613328632,27.654852979712988,25.804419883700387,12.90001979557679,11.436987713364458,27.654852979712988,25.804419883700387,-27.60089111328125,-25.786407470703125,18.231848906053155,29.19053555399485,154.86077613328632,25.804419883700387,17.915860685281253,137.96872766298515,150.9620751721545,12.993347509169354,-47.375148019663094,80.80067288412071,10.709537274240457,17.287707997134124,17.287707997134124,195.21775817871094,299.3863830566406,5.043354105511998,137.96872766298515,150.9620751721545,34.11705084745891,8.759984648399994,34.11705084745891,49.37648926466457,16.57510532561382,49.37648926466457,144.87387206275767,149.31551634234688,149.31551634234688,144.87387206275767,15.623347588425474,3.874748624759189,15.623347588425474,11.903316455082757,11.903316455082757,12.694425394168693,10.966347186685072,1.423872362896476,-5.521073795535659,12.745248195598037,9.769172520020883,2.2786088918915763,0.4449310302734375,19.651824200917456,0
camera2_clip_20260318_190437_278671,23,13.346136711644107,21.496398866513214,21.496398866513214,18.371232092810164,14.39330772896164,18.371232092810164,97.33841294604903,98.70089313272139,172.77891086072776,152.31446311672144,27.549897888833613,25.490927844504572,12.794613005671122,11.408488987264304,27.549897888833613,25.490927844504572,-27.483062744140625,-25.448638916015625,21.496398866513214,14.39330772896164,152.31446311672144,25.490927844504572,14.254169731715622,157.11099871922903,160.45054918360017,3.3395504643711433,-49.06357875038383,19.142271056243885,7.4658850251655915,10.45205796519902,10.45205796519902,195.37946319580078,299.3109893798828,5.352517832046836,157.11099871922903,160.45054918360017,22.11896658033145,11.38350091634812,22.11896658033145,15.342414718008756,10.562016238197995,15.342414718008756,144.56834244097456,150.445834931805,150.445834931805,144.56834244097456,16.017810468892197,11.964914287948606,16.017810468892197,18.320433480507894,18.320433480507894,17.873552987645123,15.9484085777481,1.5070964677006924,-5.21648715677379,13.409408726464486,9.609668959069827,2.4543298555547626,0.4959259033203125,14.409553466668406,0
camera2_clip_20260318_190437_278671,24,25.68069412675969,37.609143711772774,37.609143711772774,33.93035681473315,26.21379590162463,33.93035681473315,100.51012871896992,100.97464615766421,169.55855438392203,147.7173538204151,27.995434968416195,25.602406151963613,13.072641228581109,11.406972193553653,27.995434968416195,25.602406151963613,-27.859161376953125,-25.572021484375,37.609143711772774,26.21379590162463,147.7173538204151,25.602406151963613,34.94632460886519,75.69502538223378,140.9888426876671,65.29381730543332,-51.15617171775163,-81.41597333699525,41.40566880902376,44.838288289277145,44.838288289277145,196.24465942382812,298.83924102783203,29.563489621318965,75.69502538223378,140.9888426876671,24.016667400644153,23.183882584174597,24.016667400644153,21.839267859749192,26.598768117680056,26.598768117680056,145.12524338807071,153.04952643824805,153.04952643824805,145.12524338807071,23.318606319025733,30.527841504216124,30.527841504216124,92.74574091086397,92.74574091086397,92.64625294521153,94.95032343909105,2.1279220285492273,-4.560357127839926,67.89906083381078,79.6834682380815,3.995003994388586,0.8879852294921875,29.930248453223417,0
camera2_clip_20260318_190437_278671,25,7.0208929194783325,18.00748321882242,18.00748321882242,20.109098820398742,11.047400640983005,20.109098820398742,101.73601306506845,101.22327806265375,164.55011353106423,146.20202567444528,27.850271588671102,25.585903024504635,12.9332577268713,11.3751021299716,27.850271588671102,25.585903024504635,-27.7593994140625,-25.548583984375,18.00748321882242,11.047400640983005,146.20202567444528,25.585903024504635,13.336318838420867,15.772172073795405,55.75904273321636,39.98687065942096,-52.46766085247632,-59.92285330843838,9.91915508783434,13.913882343008371,13.913882343008371,196.55215072631836,298.91207122802734,9.479959137615895,15.772172073795405,55.75904273321636,9.845281379655365,31.918484397587235,31.918484397587235,21.124725208985243,52.00014912001362,52.00014912001362,142.889820174703,154.16292069173474,154.16292069173474,142.889820174703,10.49133059325022,26.425604548730487,26.425604548730487,24.783993572837378,24.783993572837378,26.41688841120057,19.399919170257988,2.456034543701821,-3.852315599171932,19.15173105281103,15.132840426488908,4.877362871912585,0.1285858154296875,19.318624023228946,0
camera2_clip_20260318_190437_278671,26,5.601499835465874,22.34514011265696,22.34514011265696,25.423863085634594,42.58372401687288,42.58372401687288,102.09412907086084,99.99351990310628,159.74360559237473,150.20444616180973,27.67541125598488,25.32752384243024,12.747233125796424,10.847674410416829,27.67541125598488,25.32752384243024,-27.6395263671875,-25.307220458984375,22.34514011265696,42.58372401687288,150.20444616180973,25.32752384243024,24.80315868302947,3.4562885959461234,7.215205492985484,3.7589168970393603,-53.28091682438245,-12.315883477849281,20.106851876300603,32.757873171245905,32.757873171245905,196.98028564453125,299.0216369628906,13.25796902260525,3.4562885959461234,7.215205492985484,24.866970709321787,55.80227243293111,55.80227243293111,83.73050623084377,66.5858231187143,83.73050623084377,138.82292780983275,153.45541204610757,153.45541204610757,138.82292780983275,5.0328150267625755,40.70330761088971,40.70330761088971,23.592819904474432,23.592819904474432,25.443470603347325,17.164424938968683,2.8140483918596217,-2.9079559256472276,18.72492536650409,18.070686254133527,5.945983224563171,0.07708740234375,35.46172060230334,0
camera2_clip_20260318_190437_278671,27,11.960345893852727,25.47348349677181,25.47348349677181,23.942440352324255,45.6350199492621,45.6350199492621,101.41812085250484,98.88162488717276,155.28926763837418,154.33573483420417,27.24556711612987,24.955126035411926,12.380614535663877,10.308261163105477,27.24556711612987,24.955126035411926,-27.244659423828125,-24.947418212890625,25.47348349677181,45.6350199492621,154.33573483420417,24.955126035411926,28.194985678564773,0.10492853556278392,2.35583012494932,2.250901589386536,-54.03975777245385,-3.3513600603833393,25.565524396138436,36.59309998303932,36.59309998303932,197.38733291625977,299.22125244140625,13.600751398955316,0.10492853556278392,2.35583012494932,20.180029168584348,44.12233474637049,44.12233474637049,55.07319240029215,68.38569934812769,68.38569934812769,136.78751960288102,155.15546296016652,155.15546296016652,136.78751960288102,8.648199237569171,42.16212404520065,42.16212404520065,20.037888693311636,20.037888693311636,20.909973227285892,12.284133365178945,3.125544776221169,-2.4919343371565494,17.09204525868441,15.131858648410532,6.9966771707642605,0.1687774658203125,33.9784577514611,0
camera2_clip_20260318_190437_278671,28,14.686043608775565,11.828824242166244,14.686043608775565,14.814002742000277,19.068251727987278,19.068251727987278,100.40675990194345,98.2503189585561,152.01707915165017,156.25498312219173,26.96480250816947,24.872323583414964,12.190527234210117,10.186036073900338,26.96480250816947,24.872323583414964,-26.950897216796875,-24.866485595703125,11.828824242166244,19.068251727987278,156.25498312219173,24.872323583414964,15.575008224347897,-2.3919746650263263,-1.2646306303074644,1.127344034718862,-55.553072892956386,-2.4969032005891103,19.252962852021845,13.799964173136177,19.252962852021845,197.6712989807129,299.3445129394531,9.286920292851878,-2.3919746650263263,-1.2646306303074644,10.705719454116084,45.14015050823253,45.14015050823253,25.501461472939177,56.097053262714375,56.097053262714375,137.25023196664773,154.84216643364763,154.84216643364763,137.25023196664773,10.150592534947451,32.271450186323285,32.271450186323285,2.7097444190055757,2.7097444190055757,4.664150368699051,2.4133863428066333,3.2603529029468774,-2.4258749359710383,8.911431097237841,5.523827457083992,7.459455184144482,0.097442626953125,22.776373063780024,0
camera2_clip_20260318_190437_278671,29,20.845322985771926,5.9236958323402344,20.845322985771926,13.071427663382487,13.73559663817025,13.73559663817025,99.38270780637127,98.10802859038148,148.24999092824604,157.84595636302708,26.610375135055833,24.806657209084655,11.931235396765668,9.981856963067791,26.610375135055833,24.806657209084655,-26.536712646484375,-24.805206298828125,5.9236958323402344,13.73559663817025,157.84595636302708,24.806657209084655,13.577436788825331,-4.448862000922758,-4.047527643292156,0.4013343576306019,-56.292741837264174,-2.0568873358964317,14.892943943721217,12.995633669565873,14.892943943721217,197.8715934753418,299.3842239379883,6.125794902294503,-4.448862000922758,-4.047527643292156,11.978625976412467,49.199657866981845,49.199657866981845,26.857222721736605,51.8161186335375,51.8161186335375,137.16222232232167,153.19089284898786,153.19089284898786,137.16222232232167,3.846792714767424,23.897709710340457,23.897709710340457,0.6097192158898881,0.6097192158898881,0.9515073525369708,1.7478652478806702,3.295132916311042,-2.35139398450863,1.5705786193064069,4.507564568953177,7.659204948762527,0.1571044921875,20.75506236306069,0
camera2_clip_20260318_190437_278671,30,19.874430877706324,2.9161158806045857,19.874430877706324,6.167101530614389,7.415338644888572,7.415338644888572,97.94145877286083,97.85545002047739,146.98516267855067,159.38065110581076,26.37446277094876,24.77149547326206,11.768511690210476,9.910676645218537,26.37446277094876,24.77149547326206,-26.22369384765625,-24.771270751953125,2.9161158806045857,7.415338644888572,159.38065110581076,24.77149547326206,8.10479953768109,-5.216561179969338,-5.009016226777613,0.20754495319172506,-57.441758485025005,-0.7676991790465797,6.987955914745251,5.267854377527426,6.987955914745251,198.0898780822754,299.42330169677734,6.652647350530216,-5.216561179969338,-5.009016226777613,7.579142077329954,9.304176808252423,9.304176808252423,11.668035427552073,4.940209045806715,11.668035427552073,139.14580647061078,153.48438445819355,153.48438445819355,139.14580647061078,10.478699808955067,18.350255763457678,18.350255763457678,0.5509170101129166,0.5509170101129166,1.5098967467487092,0.9327522025316535,3.3518674302991474,-2.1314644857903984,4.279435018871648,1.6511639075699553,7.831600006400505,0.1747589111328125,9.24577634645337,0
camera2_clip_20260318_190437_278671,31,26.617882103487993,15.454828468962825,26.617882103487993,3.8111060274610318,3.877101350059939,3.877101350059939,96.97199577737237,97.612362354062,144.04314619341653,158.78392334609876,25.949377413938933,24.305490113448652,11.516363419977633,9.541011830373554,25.949377413938933,24.305490113448652,-25.688385009765625,-24.304351806640625,15.454828468962825,3.877101350059939,158.78392334609876,24.305490113448652,9.185031344189353,-5.386163299181048,-4.95645106117692,0.42971223800412783,-58.22929037276763,-0.1696021192117101,4.3789264422630865,0.970343672901244,4.3789264422630865,198.1521224975586,299.4865417480469,2.6620113047597513,-5.386163299181048,-4.95645106117692,6.4809115622443,9.628272109448142,9.628272109448142,4.100835352541841,20.320403684795938,20.320403684795938,140.1165359693435,155.2110984759261,155.2110984759261,140.1165359693435,5.820449373056766,9.062128701701829,9.062128701701829,3.7407767223837287,3.7407767223837287,2.495724348484611,3.2639912473848245,3.377024529196123,-2.2171348130660244,2.504481275063625,0.7961114352679272,7.908740998056884,0.5162353515625,9.210265737410412,0
camera2_clip_20260318_190437_278671,32,36.68619640382635,17.900686681066063,36.68619640382635,10.150231271000843,20.003880938227347,20.003880938227347,96.2047168203209,96.41682062079335,140.43200789547336,161.1185690478644,25.432387260555863,23.80128179012417,11.379994712992815,8.91590169852632,25.432387260555863,23.80128179012417,-25.018096923828125,-23.800201416015625,17.900686681066063,20.003880938227347,161.1185690478644,23.80128179012417,16.429137076265768,-4.3012235514116295,-3.9831636825663925,0.31805986884523696,-58.78432653794094,1.0849397477694183,3.29823693920361,10.535590224270395,10.535590224270395,198.43163299560547,299.5300064086914,8.486092488243383,-4.3012235514116295,-3.9831636825663925,0.1970219310769615,11.29541795681098,11.29541795681098,5.5415818339774345,9.15489326832141,9.15489326832141,140.57110797326328,155.50604206306483,155.50604206306483,140.57110797326328,8.00380877827124,14.79865810457853,14.79865810457853,1.368766043680042,1.368766043680042,0.7619152824247364,2.0224329029186645,3.4362551180122702,-2.1559850423419413,1.3416602635699753,4.2998923983260395,8.085369358109508,0.628082275390625,12.297183694219264,0
camera2_clip_20260318_190437_278671,33,24.55537242113178,2.478094452386176,24.55537242113178,13.478595476642258,12.025468806678214,13.478595476642258,95.218566503691,95.95057825186026,139.56379237890846,163.7763727348768,25.168621372896737,23.801731461744676,11.343653690235774,8.78183351455276,25.168621372896737,23.801731461744676,-24.638641357421875,-23.801727294921875,2.478094452386176,12.025468806678214,163.7763727348768,23.801731461744676,10.841366858101615,-2.633526738796619,-2.1092880853634837,0.5242386534331351,-58.58315628614196,1.6676968126150107,4.46778103562006,8.042888956151199,8.042888956151199,198.47263717651367,299.633544921875,3.3408696334636705,-2.633526738796619,-2.1092880853634837,8.228171713358595,16.097246165428007,16.097246165428007,10.758101913277244,15.938694412602423,15.938694412602423,138.43960701799173,155.94586425388232,155.94586425388232,138.43960701799173,6.244909674139877,9.561629161030083,9.561629161030083,2.1272569411799367,2.1272569411799367,1.5126055761037953,0.7382903552629207,3.465429439307097,-1.7864434282734953,1.2074181344064745,3.6479973685817226,8.179153125538098,0.21307373046875,10.98974618237049,0
camera2_clip_20260318_190437_278671,34,12.944959502631814,7.099087001008419,12.944959502631814,11.430364753131942,1.0485926995231643,11.430364753131942,94.67978768418236,95.51530401942503,139.9915189059522,164.65272075243826,25.23249778405152,23.98633722676003,11.424414863476834,8.971673952177957,25.23249778405152,23.98633722676003,-24.65863037109375,-23.986236572265625,7.099087001008419,1.0485926995231643,164.65272075243826,23.98633722676003,7.225172750676481,-1.6810223578782473,-0.5403570793685221,1.1406652785097253,-58.19476156760687,0.9525043809183715,6.907573418879419,3.9204591288841355,6.907573418879419,198.37957000732422,299.68951416015625,3.258012930184512,-1.6810223578782473,-0.5403570793685221,13.983730872067117,32.86489851920772,32.86489851920772,11.278663391431415,20.77583939210262,20.77583939210262,137.33067900179316,158.1271540396398,158.1271540396398,137.33067900179316,3.537538895207823,12.457447453590373,12.457447453590373,4.046872990471477,4.046872990471477,4.002779778909583,2.3925660191443776,3.5245556254613013,-1.5385878241229065,2.410579888572558,0.8270213700597487,8.281459665793212,-0.0834808349609375,11.520762918972165,0
camera2_clip_20260318_190437_278671,35,8.75326515056272,9.220339468338143,9.220339468338143,7.60888751073477,18.050876365812222,18.050876365812222,94.8183478125655,96.43783165283104,139.26099936235616,161.98420239322277,25.20033665630155,24.078290484823306,11.346628588624101,9.107245670678584,25.20033665630155,24.078290484823306,-24.62469482421875,-24.0780029296875,9.220339468338143,18.050876365812222,161.98420239322277,24.078290484823306,10.472703992874086,-2.187481748142668,-0.46636163325470814,1.7211201148879596,-57.23422300739775,-0.5064593902644206,8.515975327296022,10.686880134500637,10.686880134500637,198.08986282348633,299.69107818603516,8.691342168492053,-2.187481748142668,-0.46636163325470814,7.280097125545386,10.035066314842194,10.035066314842194,5.782580232700255,4.877935894970768,5.782580232700255,135.3614909383952,157.86324720160954,157.86324720160954,135.3614909383952,10.290717941093842,22.468292294752644,22.468292294752644,2.220352431388891,2.220352431388891,1.8247782902817629,2.0068765030540896,3.5057338948825816,-1.574791325203929,2.9835228691124507,0.9187083105924531,8.174070904215705,0.001312255859375,10.297576146762466,0
camera2_clip_20260318_190437_278671,36,13.292896203750551,29.86300576728825,29.86300576728825,7.478904051580139,20.749731010506245,20.749731010506245,95.16863878427336,97.87639213443231,140.89430287452228,160.80117073904927,25.517134070410563,24.95926706716561,11.438123183589735,9.85855569644378,25.517134070410563,24.95926706716561,-25.026397705078125,-24.9586181640625,29.86300576728825,20.749731010506245,160.80117073904927,24.95926706716561,14.930646758427693,-3.444240817665241,-1.4251416521846112,2.01909916548063,-56.6070378899983,-1.2567590695225732,9.425006784099017,8.774336733341974,9.425006784099017,197.93419647216797,299.6937484741211,4.67067757762292,-3.444240817665241,-1.4251416521846112,7.044491057301371,7.092095871531686,7.092095871531686,4.97457140395834,6.165594698075141,6.165594698075141,134.31092543153787,157.40289581380313,157.40289581380313,134.31092543153787,4.421171786615046,15.499596644472536,15.499596644472536,4.303412419620136,4.303412419620136,3.0119243915277596,3.5659625502318177,3.4786382006791983,-1.4895120020357044,4.214039820563908,1.2092869511699926,8.062241136178608,-0.6234130859375,11.23178350104336,0
camera2_clip_20260318_190437_278671,37,22.432851075747518,31.549422643512536,31.549422643512536,10.044472837712204,47.51368552245503,47.51368552245503,95.75776105082225,100.30603422367145,142.77374340999285,154.56403692660015,26.049398432676863,25.805756294370774,11.61884931617599,10.762754527282915,26.049398432676863,25.805756294370774,-25.661773681640625,-25.805755615234375,31.549422643512536,47.51368552245503,154.56403692660015,25.805756294370774,24.747558258896447,-6.222795719465817,-4.0605833760728505,2.1622123433929668,-55.96145037056247,-2.778554901800576,10.007161653067948,26.937755820883428,26.937755820883428,197.46993255615234,299.72335052490234,13.956200722695167,-6.222795719465817,-4.0605833760728505,10.623218478180762,12.514693160205994,12.514693160205994,11.238905867938671,6.98526174141428,11.238905867938671,132.46148921232108,156.33204353061845,156.33204353061845,132.46148921232108,8.524056654713894,30.878196482852644,30.878196482852644,5.985675151132913,5.985675151132913,7.108995853587,5.606353389652205,3.358797307750781,-1.477053893686814,7.560161272788186,5.66666137537325,7.668836695658355,-0.750885009765625,19.10414016155708,0
camera2_clip_20260318_190437_278671,38,14.571419825931311,11.38171236420347,14.571419825931311,12.116281670149991,29.37434894559661,29.37434894559661,96.75375510360959,102.06391827889495,141.98872405407283,149.77166219928327,26.362138420619473,26.093254403319754,11.688547903170758,11.130066597305113,26.362138420619473,26.093254403319754,-26.03094482421875,-26.092803955078125,11.38171236420347,29.37434894559661,149.77166219928327,26.093254403319754,15.290931637123128,-10.182672449226546,-7.097044561594758,3.085627887631788,-55.18156947393601,-3.9598767297607287,10.120920797099274,14.180906219758114,14.180906219758114,197.23034286499023,299.68858337402344,7.262973041547959,-10.182672449226546,-7.097044561594758,9.292154337028983,7.315693332831347,9.292154337028983,6.418044736148837,7.071500503527652,7.071500503527652,131.13867099752198,155.71714680354262,155.71714680354262,131.13867099752198,4.609636467553128,20.25297112924879,20.25297112924879,7.234267040699998,7.234267040699998,7.959012417656109,6.309391080586431,3.2812242572560826,-1.860109466908147,8.449693898585092,2.9823385781607894,7.4301940982044075,-0.3460235595703125,12.22546586075646,0
camera2_clip_20260318_190437_278671,39,5.226856116260663,3.813111596709184,5.226856116260663,7.404905652160975,5.4526186919100095,7.404905652160975,97.55522936814326,103.26334466397847,139.97999947507452,146.9845982323304,26.398331938362237,26.06367853265368,11.71653950859726,11.11016065290886,26.398331938362237,26.06367853265368,-26.0712890625,-26.063568115234375,3.813111596709184,5.4526186919100095,146.9845982323304,26.06367853265368,5.469434547649436,-11.480795082380677,-8.074690023809056,3.4061050585716206,-54.646507270508565,-1.2981226331541311,5.079697450313749,5.839417778542029,5.839417778542029,197.3089942932129,299.6504135131836,2.6227250893292298,-11.480795082380677,-8.074690023809056,10.408700913730343,14.807479807067917,14.807479807067917,2.304420016211246,9.279977240226632,9.279977240226632,129.58882435028312,154.24684103356168,154.24684103356168,129.58882435028312,2.5655332216964566,4.167593827071891,4.167593827071891,9.368564837174272,9.368564837174272,10.669262840949292,8.10600408256979,3.1932842060597975,-2.486722545880349,11.4276374354527,5.599411115339882,7.260575696326079,-0.0338897705078125,6.362526025991758,0
camera2_clip_20260318_190437_278671,40,5.845437132155614,10.842053790588418,10.842053790588418,7.0339848444914095,16.549819647467725,16.549819647467725,98.15673224929418,103.2860830683554,139.18961368176545,147.05260844432004,26.40293028962776,25.923505055699245,11.790958641844453,10.84343708484178,26.40293028962776,25.923505055699245,-26.091217041015625,-25.923431396484375,10.842053790588418,16.549819647467725,147.05260844432004,25.923505055699245,9.973379411484531,-9.154068214351575,-7.136338133666785,2.0177300806847907,-54.413742593718595,2.326726868029102,3.6202264228518932,15.948754631352122,15.948754631352122,197.51658630371094,299.7407760620117,6.792190349806374,-9.154068214351575,-7.136338133666785,16.205774267039928,24.846341625196946,24.846341625196946,3.78299975303994,11.080701232528291,11.080701232528291,127.66438380991632,151.677001955459,151.677001955459,127.66438380991632,0.7263600313429571,11.398972862311462,11.398972862311462,7.814396639912712,7.814396639912712,9.452231263687445,7.677316057206302,3.0968456352039917,-2.5557345922624326,11.199048834891524,7.980563158997685,7.108201518254864,-0.092376708984375,10.656785520030558,0
camera2_clip_20260318_190437_278671,41,1.2193268169756721,10.551671050287394,10.551671050287394,5.560409195233569,8.488394417921223,8.488394417921223,98.50107856995017,102.96999898390499,138.1034181316449,145.77174956110534,26.26785429028649,25.557431146744918,11.824929629635358,10.577725509812286,26.26785429028649,25.557431146744918,-25.944915771484375,-25.556488037109375,10.551671050287394,8.488394417921223,145.77174956110534,25.557431146744918,6.402044013943825,-7.338582956439144,-6.72164182650948,0.6169411299296632,-54.22406634938191,1.8154852579124316,4.767165296637892,7.825297306607197,7.825297306607197,197.48693084716797,299.8732223510742,4.071770994331495,-7.338582956439144,-6.72164182650948,16.540187255769602,18.26614265163697,18.26614265163697,7.056161811787416,10.956254204185441,10.956254204185441,125.61479261013561,148.93787238454829,148.93787238454829,125.61479261013561,3.18123831233911,2.4795254702848952,3.18123831233911,7.951344610283238,7.951344610283238,9.331218891705158,7.978261957606765,2.9918797919681084,-2.1406612099014155,9.384978017328828,8.308080758095311,6.86949440797811,0.0657196044921875,8.074314482472198,0
camera2_clip_20260318_190437_278671,42,14.425636302783792,12.374659775058698,14.425636302783792,9.956938038842777,24.535031118853528,24.535031118853528,98.84293817020409,101.88906367398374,140.17674522926183,148.9465339140892,26.151898702163614,25.44242009137678,11.869811254026382,10.375544480527449,26.151898702163614,25.44242009137678,-25.89385986328125,-25.442169189453125,12.374659775058698,24.535031118853528,148.9465339140892,25.44242009137678,13.30699911089684,-3.0859489970271454,-3.837069977030887,0.7511209800037415,-54.318864034904124,4.252633959411998,1.5384499936450815,17.011279436197167,17.011279436197167,197.69467544555664,300.0927734375,9.067769733477483,-3.0859489970271454,-3.837069977030887,5.410049081078323,11.975769864035303,11.975769864035303,10.011772123293872,5.398202415283773,10.011772123293872,124.74873456441442,148.1694950595347,148.1694950595347,124.74873456441442,5.113984954938382,14.645272158519917,14.645272158519917,6.737157598391903,6.737157598391903,6.464759915793666,8.255969390650522,3.0548047614274108,-1.3269100770073279,5.528532473673173,11.565539324658785,7.085107027019264,-0.1152496337890625,11.033087105210884,0
camera2_clip_20260318_190437_278671,43,11.203638639107572,7.686606301428189,11.203638639107572,5.953137354340462,10.323839022595191,10.323839022595191,99.06314660182298,101.20667271209172,141.66594630354433,148.85820464851116,26.1163866707252,25.21837258265165,11.881043749009995,10.222428940058117,26.1163866707252,25.21837258265165,-25.903167724609375,-25.215301513671875,7.686606301428189,10.323839022595191,148.85820464851116,25.21837258265165,7.818451102226703,0.8040701687747043,-1.6206145717756397,2.4246847405503438,-54.62917614981576,3.8900191658018497,1.1908520226325747,10.552633273256223,10.552633273256223,197.68417358398438,300.32569122314453,6.994632625766085,0.8040701687747043,-1.6206145717756397,11.523121721378043,5.384576860332067,11.523121721378043,10.04787844780265,5.1968042774751595,10.04787844780265,123.38321228506105,146.4561867903343,146.4561867903343,123.38321228506105,6.608226011723343,11.255099967839294,11.255099967839294,5.794413441830074,5.794413441830074,5.882792188554252,8.078741481555785,3.0359405295341677,0.21482720931635624,4.769006385967556,10.843249417473787,7.029321832458865,-0.0617523193359375,8.077201158325897,0
camera2_clip_20260318_190437_278671,44,10.912654624966754,0.40243649571141343,10.912654624966754,4.046209555050684,3.257795350540772,4.046209555050684,98.98432546712317,100.42035364919563,143.39132648774375,149.3626767678442,26.03054796306043,24.926188187741168,11.8663925936529,10.124040067176486,26.03054796306043,24.926188187741168,-25.84796142578125,-24.9173583984375,0.40243649571141343,3.257795350540772,149.3626767678442,24.926188187741168,5.827946501746633,3.242737254431713,-0.5926084876056444,3.8353457420373576,-54.95615411463184,2.4386670856570087,4.1189747148855655,12.22960826932461,12.22960826932461,197.54348373413086,300.55521392822266,8.076315706952412,3.242737254431713,-0.5926084876056444,2.804914205820526,4.6505258381110615,4.6505258381110615,0.5784606128592952,2.4309678468343714,2.4309678468343714,123.29108225901923,146.01916286626496,146.01916286626496,123.29108225901923,7.05360316500931,10.261134120644032,10.261134120644032,5.141372838597927,5.141372838597927,4.10482379137436,6.632289177533046,2.9843821339809073,1.723370989905112,2.7325665121742135,9.401298294456884,6.8827891549149935,-0.0113525390625,5.228940399979866,0
camera2_clip_20260318_190437_278671,45,0.9903980196089757,1.3912302575918085,1.3912302575918085,0.6267700797105203,2.4028156416004003,2.4028156416004003,98.84452468822766,99.9789732381385,143.4712622572117,149.27982364089598,25.936785131410627,24.754887061827134,11.85221342108117,10.108831804133082,25.936785131410627,24.754887061827134,-25.746826171875,-24.738861083984375,1.3912302575918085,2.4028156416004003,149.27982364089598,24.754887061827134,2.63689815100566,3.9941686140045483,-0.12936702614191953,4.123535640146468,-54.99599518430575,0.7514313595728352,2.5587122103516995,7.851462697170556,7.851462697170556,197.42939376831055,300.6556396484375,4.559787387959568,3.9941686140045483,-0.12936702614191953,8.912709146365637,11.692361335452702,11.692361335452702,1.0386491272333738,6.48233000302876,6.48233000302876,124.22329174698137,146.7075736886444,146.7075736886444,124.22329174698137,2.4829474589828697,6.217753874863456,6.217753874863456,4.926180404006559,4.926180404006559,4.274131633534537,5.131954798333678,3.0138802513899092,2.1929545774005175,3.7357911524443357,4.941302704103154,6.928987009037321,0.033935546875,4.387344987663396,0
camera2_clip_20260318_190437_278671,46,5.779194474481407,6.477829814063584,6.477829814063584,2.1904697227475864,9.282594765790515,9.282594765790515,99.18854716019321,100.01752814527292,141.9956981486615,149.53886705240487,25.802409849666358,24.650081758100484,11.797296781699055,9.933965077137147,25.802409849666358,24.650081758100484,-25.60107421875,-24.6383056640625,6.477829814063584,9.282594765790515,149.53886705240487,24.650081758100484,6.106294588715438,3.221526701750388,-0.1387720257870128,3.3602987275374008,-54.750022428123565,-0.7726419122541603,3.199686466862903,9.707992288346633,9.707992288346633,197.5869598388672,300.6671676635742,4.739616603828563,3.221526701750388,-0.1387720257870128,10.818482951821894,5.564280424002136,10.818482951821894,3.2223666559495276,0.7930317986374043,3.2223666559495276,125.8020977711064,147.8421732451825,147.8421732451825,125.8020977711064,1.099327344705287,5.497287042194283,5.497287042194283,5.032474014265592,5.032474014265592,5.134848067741603,4.182152681233023,3.0769373238475506,1.6652629266193508,3.8025960647281782,5.2947263157386555,7.127708614960123,0.089752197265625,5.302711979133597,0
camera2_clip_20260318_190437_278671,47,11.428952849794959,9.325158533496577,11.428952849794959,12.680244788647848,2.8574695584809247,12.680244788647848,99.24433416362966,100.64185948252464,138.9527319144837,147.7255733850553,25.718468038211522,24.469054697870046,11.656253339467597,9.756647026842206,25.718468038211522,24.469054697870046,-25.4637451171875,-24.458892822265625,9.325158533496577,2.8574695584809247,147.7255733850553,24.469054697870046,7.5204465029114695,0.4007127045342939,-1.7964520475384451,2.197164752072739,-54.26212820194263,-2.820813997216094,3.7073521265422906,5.123501160506223,5.123501160506223,197.58467483520508,300.5626907348633,3.135057397743389,0.4007127045342939,-1.7964520475384451,6.564993533618736,11.126635390606944,11.126635390606944,2.9459110715489327,9.6319428720507,9.6319428720507,126.54738149890161,147.34639385721474,147.34639385721474,126.54738149890161,5.415577739154001,7.974667609007063,7.974667609007063,2.345360962237107,2.345360962237107,2.3660018331003867,1.6499556089452612,3.0626136178780334,1.0459961395777502,2.5412397632147004,0.8475648598912372,7.105655830772181,0.1598358154296875,7.398533936121267,0
camera2_clip_20260318_190437_278671,48,1.6072564265876537,4.1559399726914314,4.1559399726914314,3.096592324918389,6.360434151433502,6.360434151433502,99.088148627362,101.15926539369094,138.75126832834042,148.83667732793964,25.68646873689756,24.58124786954096,11.630578916821248,9.850620866350818,25.68646873689756,24.58124786954096,-25.418609619140625,-24.57879638671875,4.1559399726914314,6.360434151433502,148.83667732793964,24.58124786954096,4.318349061485608,-1.8473887111440137,-3.1917316648493355,1.3443429537053218,-53.90315951450748,-2.2481014156783075,3.1008997630698945,7.588971730212781,7.588971730212781,197.65228271484375,300.4341506958008,4.357066711479588,-1.8473887111440137,-3.1917316648493355,10.62920366802182,7.076253885843676,10.62920366802182,8.624661187586849,9.709693527539097,9.709693527539097,127.96482264935356,147.88294591466695,147.88294591466695,127.96482264935356,5.729832269420498,10.037253469394866,10.037253469394866,3.624191774839198,3.624191774839198,3.453686599460166,2.8373622212012766,3.061891337470556,0.4471457362242239,1.440979036545025,1.5681679933698016,7.148604443120488,-0.0180816650390625,6.476416031393371,0
camera2_clip_20260318_190437_278671,49,4.432386644132954,7.587421040935717,7.587421040935717,4.650578579254597,5.170273999773763,5.170273999773763,98.74974241525925,101.80154819700549,138.77901917713703,148.55048470290524,25.71765493855337,24.791145134167337,11.631868541250045,10.02086012032916,25.71765493855337,24.791145134167337,-25.42913818359375,-24.790618896484375,7.587421040935717,5.170273999773763,148.55048470290524,24.791145134167337,4.392746485186505,-3.220818661673675,-4.427641931704607,1.2068232700309323,-53.649622623676414,-1.3734299505296612,3.616991779828539,0.8988268671934635,3.616991779828539,197.6239471435547,300.39581298828125,1.430180399920793,-3.220818661673675,-4.427641931704607,5.995809980521126,13.033647720583248,13.033647720583248,4.761153826890377,8.867068358179676,8.867068358179676,128.41593926264818,147.2397533485771,147.2397533485771,128.41593926264818,2.9976054536058925,4.974063618414883,4.974063618414883,2.709598568582215,2.709598568582215,2.572730921130222,2.0783115998723525,3.0611201395230525,0.1365182255344112,2.189643275020313,0.7832432740163856,7.149646655417429,-0.151702880859375,5.582152322442853,0
camera2_clip_20260318_190437_278671,50,6.667080907048351,11.884142609364641,11.884142609364641,2.3026450500198425,11.722783214197099,11.722783214197099,98.72332761749631,103.1209944237016,139.51427563585642,147.66700002637668,25.70944406730937,24.903113024105338,11.57817422420222,10.213176613645048,25.70944406730937,24.903113024105338,-25.44158935546875,-24.90234375,11.884142609364641,11.722783214197099,147.66700002637668,24.903113024105338,6.064313799763927,-4.067959328271982,-5.243639661372135,1.1756803331001526,-53.81739222703127,-0.8471406665983072,2.9104041507601615,0.8988268671934635,2.9104041507601615,197.63712310791016,300.40259552001953,0.4445760858724162,-4.067959328271982,-5.243639661372135,3.9822612004375904,5.384997820491802,5.384997820491802,4.468573514247684,5.449078561917691,5.449078561917691,129.08495031063185,147.07483686643909,147.07483686643909,129.08495031063185,1.4750851012209865,3.3215560407599973,3.3215560407599973,4.6338254105134205,4.6338254105134205,3.7750579659798893,3.1667814559591734,3.095200203859292,0.403918357087403,1.8715896549064608,2.344894129919256,7.24883263550244,-0.0907440185546875,5.038952919804942,0
camera2_clip_20260318_190437_278671,51,12.045671474791147,7.819488024206243,12.045671474791147,3.0133847849601527,5.50470613959454,5.50470613959454,98.48253873519208,103.51483402301284,141.28750692817047,148.08983914502113,25.821616684086145,24.971844138455438,11.572539777848199,10.375700100805968,25.821616684086145,24.971844138455438,-25.5830078125,-24.96923828125,7.819488024206243,5.50470613959454,148.08983914502113,24.971844138455438,5.995188203607548,-3.836065459982911,-5.164457802544778,1.328392342561867,-53.9657309381007,0.23189386828907121,5.108583039787939,2.479295758305273,5.108583039787939,197.56972885131836,300.405517578125,2.023727210030893,-3.836065459982911,-5.164457802544778,2.541023175948914,1.2648851861610735,2.541023175948914,0.11248791301884405,2.9894616446341877,2.9894616446341877,129.40187054778633,147.08924612988707,147.08924612988707,129.40187054778633,1.449241685878605,0.8230916696786705,1.449241685878605,3.587475526311681,3.587475526311681,2.8802277793998114,2.68048227194058,3.1343664017968345,1.0850968463490576,3.1706750502934855,2.4442123546823327,7.34800066095118,-0.130096435546875,3.7626100414137995,0
camera2_clip_20260318_190437_278671,52,11.850251521990314,9.872101301961008,11.850251521990314,5.522232145786226,7.196550788279435,7.196550788279435,98.59322709459123,103.68883898438001,142.21418816614218,148.2587858697871,25.966060515300807,25.203936283485934,11.604986361339876,10.658434469130714,25.966060515300807,25.203936283485934,-25.755615234375,-25.201263427734375,9.872101301961008,7.196550788279435,148.2587858697871,25.203936283485934,7.425945674595273,-4.157984540636926,-5.6324459700949445,1.4744614294580183,-53.963443508335196,-0.3219190806540153,4.0015389055633035,6.112999383991357,6.112999383991357,197.42357635498047,300.4164581298828,4.39684239798361,-4.157984540636926,-5.6324459700949445,2.4930238667527633,3.4055255992624565,3.4055255992624565,1.5977896541986487,5.484053495349063,5.484053495349063,129.2812815991163,146.84845996789917,146.84845996789917,129.2812815991163,2.881472328409492,4.928867958126894,4.928867958126894,4.282479925718207,4.282479925718207,3.5447044542331407,3.4962210718604743,3.155100857723746,1.5807531969012525,3.199282662570689,3.070370960680026,7.389633724283196,-0.2377471923828125,5.44553391247258,0
camera2_clip_20260318_190437_278671,53,8.691929281763269,1.6220387898413111,8.691929281763269,12.78147785617892,1.1253359002581906,12.78147785617892,98.9305870102301,103.68771528948616,141.22233885335064,147.9471482660556,26.019261272528553,25.200769379543075,11.5694256485976,10.724055054281552,26.019261272528553,25.200769379543075,-25.811859130859375,-25.19921875,1.6220387898413111,1.1253359002581906,147.9471482660556,25.200769379543075,5.517430407530219,-5.39419107520778,-6.346303854522814,0.9521127793150344,-53.89358972748831,-1.2362065345708535,7.008959544759221,1.874841072380404,7.008959544759221,197.32905197143555,300.4848327636719,3.4998506635715634,-5.39419107520778,-6.346303854522814,2.755639400834162,1.142223835082128,2.755639400834162,2.7569757257871434,5.723885025487322,5.723885025487322,129.2349529865205,146.32136584204028,146.32136584204028,129.2349529865205,3.727251835935899,1.8819006951775037,3.727251835935899,3.586685373819449,3.586685373819449,4.153904952862824,2.4773679758031433,3.2111806231087954,1.4665326571913697,5.2263606336124795,1.348238358001045,7.528965232910529,-0.1324920654296875,4.2577049136237894,0
camera2_clip_20260318_190437_278671,54,12.821024786010726,9.568994085818156,12.821024786010726,13.7352514178561,9.6603803439454,13.7352514178561,100.06256984766178,104.53900820621891,139.86170263528527,147.1250311725687,26.014034198618084,25.266456546312185,11.453739580796142,10.761145221389082,26.014034198618084,25.266456546312185,-25.8505859375,-25.26116943359375,9.568994085818156,9.6603803439454,147.1250311725687,25.266456546312185,8.440643615723602,-6.246629537859939,-6.471518005290041,0.2248884674301017,-53.8998763161642,-0.8524384626521595,2.479951369964895,2.378259690746334,2.479951369964895,197.2727928161621,300.505859375,1.8018018321730909,-6.246629537859939,-6.471518005290041,4.640722968230591,6.860593216261215,6.860593216261215,3.160109600511462,11.412926191405168,11.412926191405168,128.43455451918373,146.12969034650297,146.12969034650297,128.43455451918373,0.7569108126119184,2.4667375624269687,2.4667375624269687,4.690599698161123,4.690599698161123,5.789662111702645,3.45839860310982,3.289766042897538,1.1720511542632845,6.007975879923002,0.5656405115174079,7.7187092473280545,-0.077484130859375,6.661821837149077,0
camera2_clip_20260318_190437_278671,55,8.936903647304112,4.968999440020682,8.936903647304112,11.39965551380927,5.873342050001692,11.39965551380927,100.81877584959996,104.90250485206404,138.64107724046895,146.51483543796914,25.976590488748602,25.24085366224016,11.312582060818984,10.719088578109554,25.976590488748602,25.24085366224016,-25.8387451171875,-25.23382568359375,4.968999440020682,5.873342050001692,146.51483543796914,25.24085366224016,6.087053202006834,-7.067324479931967,-6.6122062133453126,0.45511826658665466,-53.8068692515855,-0.820694942072028,2.8051175143811458,2.5383010465240945,2.8051175143811458,197.1882781982422,300.53497314453125,2.681659746616302,-7.067324479931967,-6.6122062133453126,3.5645873717280385,4.240260617874727,4.240260617874727,2.6378090908773393,5.54478892368181,5.54478892368181,127.66881040960438,145.96456621659794,145.96456621659794,127.66881040960438,2.4054929979222828,3.779298649277382,3.779298649277382,1.9983149709413337,1.9983149709413337,3.0289881800745007,1.673430220804491,3.329047579452128,0.7847238826650513,4.702893937809642,1.6941365954738419,7.803369014271044,-0.0194091796875,4.891213071950214,0
camera2_clip_20260318_190437_278671,56,20.84870146230811,8.909599460991315,20.84870146230811,9.455280698541909,8.29700245395654,9.455280698541909,101.94481268801192,105.28169420815131,139.41716249166467,146.17475317758476,26.044408171421832,25.110893791228197,11.238683312372038,10.696803631686889,26.044408171421832,25.110893791228197,-25.969085693359375,-25.101531982421875,8.909599460991315,8.29700245395654,146.17475317758476,25.110893791228197,9.06966948824101,-7.731977658397001,-6.586467632284501,1.1455100261124995,-53.79971291490942,-0.6646531784650334,1.5259617058223491,5.38147114782584,5.38147114782584,197.12026977539062,300.5439987182617,2.058141371220391,-7.731977658397001,-6.586467632284501,4.928683123558265,15.97796932919055,15.97796932919055,1.3483650996993262,13.379321680963145,13.379321680963145,127.57787323322903,147.2817290092779,147.2817290092779,127.57787323322903,1.2284630368474376,4.4842720888039285,4.4842720888039285,2.8208804443689877,2.8208804443689877,3.1864093692294566,2.7490651921951503,3.3367290724646246,0.48630075372868814,3.1837638454106716,3.080043161933974,7.791016561296421,-0.0256805419921875,7.9804242740423925,0
camera2_clip_20260318_190437_278671,57,17.23817697137882,12.27753354216254,17.23817697137882,10.028902792918863,11.798240072646854,11.798240072646854,102.95202488820036,106.00688491736996,139.64182044634566,145.1749129979242,26.046023542944113,24.890489707359524,11.20874784253772,10.57677573442081,26.046023542944113,24.890489707359524,-26.004669189453125,-24.875885009765625,12.27753354216254,11.798240072646854,145.1749129979242,24.890489707359524,10.288934356568227,-8.238719110368718,-7.0773844204207474,1.1613346899479708,-53.85969973424212,-0.5067414519717177,3.4531128222911023,6.937639938011181,6.937639938011181,197.03568267822266,300.59607696533203,2.9800014668952612,-8.238719110368718,-7.0773844204207474,6.491080344642457,13.645941968811805,13.645941968811805,4.264249714861294,9.384991012202816,9.384991012202816,127.92887819383644,148.55042109010114,148.55042109010114,127.92887819383644,1.193207528213532,3.373558786005505,3.373558786005505,2.5947805895437153,2.5947805895437153,2.3876979892224246,2.330600508099315,3.3252724997416516,0.34967919855174623,2.329594182154546,3.1269873952864025,7.73693690382202,0.00103759765625,8.340552957845563,0
camera2_clip_20260318_190437_278671,58,8.776818759507194,23.340394632071142,23.340394632071142,4.878405577840791,23.668675271330653,23.668675271330653,103.90388511674135,106.96703591036052,139.28872071499197,143.99801732703682,25.98664883941526,24.823663101371437,11.135340088477546,10.48384181179101,25.98664883941526,24.823663101371437,-25.965240478515625,-24.798248291015625,23.340394632071142,23.668675271330653,143.99801732703682,24.823663101371437,13.417111952800278,-9.739228409668835,-8.288431287662728,1.4507971220061062,-53.39803953901811,-1.5005092993001163,4.537302991387182,15.301074484664706,15.301074484664706,196.76593780517578,300.61315155029297,8.108542050701635,-9.739228409668835,-8.288431287662728,5.618759060773875,19.272305017038235,19.272305017038235,5.312211382963861,11.279913501480774,11.279913501480774,127.84133084668096,149.7307694400645,149.7307694400645,127.84133084668096,4.1544390652054215,16.841236451123788,16.841236451123788,13.597921035226022,13.597921035226022,17.376754157728158,8.940156775444164,2.9809886510485746,-0.04927103830563247,17.829371786214047,12.048569114729837,6.782680703911994,-0.0117950439453125,11.915128016282301,0
camera2_clip_20260318_190437_278671,59,12.796555234770567,11.44214834267016,12.796555234770567,3.931352128645265,9.713692566983871,9.713692566983871,104.10072965163259,107.58626710951968,140.59071900560718,143.6599044956492,26.090752167746054,24.752705616647354,11.181793462935202,10.446462506497646,26.090752167746054,24.752705616647354,-26.079437255859375,-24.716400146484375,11.44214834267016,9.713692566983871,143.6599044956492,24.752705616647354,8.060111129057994,-10.148477626697336,-8.890072999841466,1.258404626855869,-53.02023788052079,-0.4092492170285009,4.431389471282547,6.045529029995546,6.045529029995546,196.60749053955078,300.67464447021484,5.098845326748174,-10.148477626697336,-8.890072999841466,5.895240539806821,5.059821643064979,5.895240539806821,8.31539719083017,5.797037538543307,8.31539719083017,128.260191451313,150.45370069130408,150.45370069130408,128.260191451313,5.490581057746664,6.890041414796221,6.890041414796221,13.381066945769394,13.381066945769394,14.919639580362245,9.591904228736382,2.775201375646141,-0.30620799935403603,11.75154013020574,6.281034259284884,6.26993988778,-0.143341064453125,7.15073217992801,0
camera2_clip_20260318_190437_278671,60,14.53017165428276,14.402665140381513,14.53017165428276,6.20455766783441,7.346859594442116,7.346859594442116,104.39067093988864,108.01034310790598,141.4661647675916,144.67262558120177,26.357672694414013,24.929472797802788,11.338533715517434,10.446827117897627,26.357672694414013,24.929472797802788,-26.352325439453125,-24.869140625,14.402665140381513,7.346859594442116,144.67262558120177,24.929472797802788,8.449243219480914,-10.254621226686936,-9.223279946753328,1.0313412799336081,-52.54196422391529,-0.10614359998960055,4.2881549682177775,3.9230502917269066,4.2881549682177775,196.53614807128906,300.73978424072266,2.898213886437014,-10.254621226686936,-9.223279946753328,4.09727577583175,7.452836227333337,7.452836227333337,6.986752089355619,3.3575403532124444,6.986752089355619,128.32499716384896,151.20006389901894,151.20006389901894,128.32499716384896,4.287842283839117,4.125648011438277,4.287842283839117,16.767087506679818,16.767087506679818,18.22626519727168,12.473446396598202,2.56471201326396,-0.6545077144586892,14.591649220966318,3.3185795160325355,5.757427605548406,-0.349365234375,6.750279504824668,0
camera2_clip_20260318_190437_278671,61,7.150810421426549,19.050550712065032,19.050550712065032,10.681876755263422,14.73181333072699,14.73181333072699,104.71046049859663,109.34911672136161,139.81391080121784,144.15234355322065,26.32261310519851,25.118578720199924,11.315766025292634,10.452390235293123,26.32261310519851,25.118578720199924,-26.3148193359375,-25.013427734375,19.050550712065032,14.73181333072699,144.15234355322065,25.118578720199924,10.825130449492812,-10.777505629993227,-9.836837947852894,0.940667682140333,-52.00352996785485,-0.5228844033062909,7.339715109170354,5.996016368304519,7.339715109170354,196.4774398803711,300.88104248046875,4.589170707145574,-10.777505629993227,-9.836837947852894,4.134641904065602,0.6059872998555375,4.134641904065602,4.002337287906551,1.7149438288449816,4.002337287906551,127.77150911767939,150.68117983201452,150.68117983201452,127.77150911767939,5.2278376013371055,3.7340337167645012,5.2278376013371055,12.289675478734758,12.289675478734758,12.802902499912884,11.040465416493543,2.4921057355201306,-0.6841024839201241,10.826101239383627,6.933833782984201,5.5910215070912495,-0.2746124267578125,7.03088036131093,0
camera2_clip_20260318_190437_278671,62,3.004649995370402,12.304359303934023,12.304359303934023,6.829626530214443,14.888711627515308,14.888711627515308,104.79921306073537,110.39670128221388,138.62503433071507,142.7319087718344,26.171905243201362,25.09490179385638,11.179882878663332,10.341824349485307,26.171905243201362,25.09490179385638,-26.16168212890625,-24.95989990234375,12.304359303934023,14.888711627515308,142.7319087718344,25.09490179385638,8.04167724034494,-10.55213334079967,-10.065317199015476,0.4868161417841943,-51.40359490556822,0.22537228919355634,4.8458911600958094,6.376824824939661,6.376824824939661,196.34882736206055,300.980224609375,4.8724169674301345,-10.55213334079967,-10.065317199015476,4.637808802270948,2.3187950909091293,4.637808802270948,4.138768137941512,8.900803073620919,8.900803073620919,126.98928872714075,149.43087711868722,149.43087711868722,126.98928872714075,5.812671443262386,7.516509949300673,7.516509949300673,10.206247746367477,10.206247746367477,10.027702339666627,9.80400680676347,2.4686941232669115,-0.2330249961472301,7.671637381129111,6.8250893278813045,5.512762400165703,-0.0756072998046875,6.797951661614602,0
camera2_clip_20260318_190437_278671,63,8.030996218256766,6.03406542114042,8.030996218256766,6.066936955217288,9.823593903999265,9.823593903999265,104.96724491074659,111.2079562368094,138.5371103805294,142.73747223551203,25.969124113138374,24.99176390806017,10.984808006078453,10.135088467055196,25.969124113138374,24.99176390806017,-25.96246337890625,-24.8057861328125,6.03406542114042,9.823593903999265,142.73747223551203,24.99176390806017,8.219160593108034,-7.762557166543838,-8.251322480885317,0.48876531434147896,-51.01745950301981,2.7895761742558323,5.813572915087908,13.545798144946561,13.545798144946561,196.43511962890625,301.1077575683594,4.619514027493832,-7.762557166543838,-8.251322480885317,3.9877139767132794,2.0075293547255475,3.9877139767132794,5.2060337804160906,16.43199765035045,16.43199765035045,126.58808412235717,147.93311746880806,147.93311746880806,126.58808412235717,1.7413881816606933,6.193747168159222,6.193747168159222,4.022764353897966,4.022764353897966,7.058336433278803,2.644375690332143,2.7833887560744106,0.9888379296523242,9.577333687163131,16.412437557914625,6.341774422788218,-0.05694580078125,7.073614472556124,0
camera2_clip_20260318_190437_278671,64,22.744335537751326,13.369909449693681,22.744335537751326,9.347313197379254,9.48258484902666,9.48258484902666,105.63169697598764,111.87912754670597,133.52183494349777,139.91831192000762,25.13517533821786,24.419414343464688,10.308579223441166,9.492445623811323,25.13517533821786,24.419414343464688,-25.12451171875,-24.216888427734375,13.369909449693681,9.48258484902666,139.91831192000762,24.419414343464688,10.638447567120101,-7.258423521109841,-8.049867984837089,0.791444463727248,-50.32084292816164,0.5041336454339973,3.555552251661317,5.3309901172083825,5.3309901172083825,196.41125869750977,301.13584899902344,1.1057238676430063,-7.258423521109841,-8.049867984837089,0.972676173546123,8.183602121674346,8.183602121674346,1.153580801711719,18.704008423271546,18.704008423271546,126.62586418703106,147.28389630620444,147.28389630620444,126.62586418703106,4.34787128506646,4.312507102988966,4.34787128506646,1.4951411571736546,1.4951411571736546,1.9227842522091825,3.2803436713551513,2.9509100404955158,1.550863171631789,0.8973093958189733,11.026993193486545,6.726390843424727,0.58880615234375,8.458744275914981,0
camera2_clip_20260318_190437_278671,65,15.142379994143592,12.02911813324915,15.142379994143592,7.367971879451117,4.464433164002876,7.367971879451117,106.0016670267703,112.11042888470685,130.27083662092656,137.7469855407921,24.5180425157642,23.846649751430984,9.840623621298947,9.041680111288013,24.5180425157642,23.846649751430984,-24.505523681640625,-23.6512451171875,12.02911813324915,4.464433164002876,137.7469855407921,23.846649751430984,8.025207575112,-6.469044135254708,-7.554251805028249,1.085207669773541,-49.73647701071836,0.789379385855133,3.8469534349473364,5.3003888448779275,5.3003888448779275,196.29494094848633,301.20460510253906,4.053578475579036,-6.469044135254708,-7.554251805028249,2.6755217962403757,1.4509471476073093,2.6755217962403757,0.8218707883204761,11.654244222852892,11.654244222852892,126.55615881701549,145.95897516971138,145.95897516971138,126.55615881701549,6.553972714592773,5.853027601203076,6.553972714592773,3.4548371735316086,3.4548371735316086,3.8409925985213476,0.6635779829107978,3.0845333336156,2.3219668743179676,2.3969205258906268,7.716197957321907,7.031896527620031,0.446868896484375,6.430069143457409,0
camera2_clip_20260318_190437_278671,66,20.083476093475465,11.82749366480827,20.083476093475465,9.940610649559625,1.4899396742459194,9.940610649559625,106.78543195595921,112.19272586996162,129.19756126446399,137.19606256030846,24.021447656688547,23.406965864014023,9.478446638753136,8.65840576476011,24.021447656688547,23.406965864014023,-24.01763916015625,-23.199432373046875,11.82749366480827,1.4899396742459194,137.19606256030846,23.406965864014023,8.040862472806095,-5.519806218854369,-7.4042974160964,1.8844911972420304,-49.5027544835159,0.9492379164003388,2.671700484449136,2.2319542702981674,2.671700484449136,196.22301864624023,301.21414947509766,2.176584789785165,-5.519806218854369,-7.4042974160964,4.28801283733877,13.285460565503188,13.285460565503188,0.993161513738822,5.921691529736388,5.921691529736388,126.44491097284305,143.70332490958458,143.70332490958458,126.44491097284305,5.041373743034914,2.352349479133676,5.041373743034914,2.8443456187479987,2.8443456187479987,3.019971824028642,3.2598269031415072,3.093730912042805,2.679951117217439,2.070312055776656,3.087301454580384,7.063240992775023,0.4475860595703125,6.677268708776862,0
camera2_clip_20260318_190437_278671,67,29.149074999195705,20.28805165167435,29.149074999195705,20.100693584399085,25.758594805428285,25.758594805428285,108.1987871197832,112.1984986763709,125.5218877623134,141.83239795190096,23.187602776836393,22.71610717613626,9.109749056961869,7.765362065323956,23.187602776836393,22.71610717613626,-23.1868896484375,-22.37078857421875,20.28805165167435,25.758594805428285,141.83239795190096,22.71610717613626,21.143672351927325,-3.165413465591623,-5.1806974978330205,2.0152840322413974,-49.833169983702874,2.354392753262746,7.650343699307693,23.915275371558835,23.915275371558835,196.59460067749023,301.26619720458984,11.25628512804518,-3.165413465591623,-5.1806974978330205,11.230901361508838,17.69012320411205,17.69012320411205,4.235239709230758,16.966631265660652,16.966631265660652,128.3542607388771,144.13841026467784,144.13841026467784,128.3542607388771,3.885385222239578,25.012242557338435,25.012242557338435,6.918555876675745,6.918555876675745,7.39837053107765,8.0475628950009,3.0931117949550284,3.2805177059276756,6.862897332699686,10.510890808479521,7.154338943095847,0.75335693359375,17.15687978597119,0
camera2_clip_20260318_190437_278671,68,23.40059582892759,12.397322896224185,23.40059582892759,19.746182705752418,12.7949343692775,19.746182705752418,109.6699759589898,112.7492464863946,120.16418698337806,142.7931900528271,22.47889660535944,22.25421489219813,8.99137109660903,7.1536287508955025,22.47889660535944,22.25421489219813,-22.477813720703125,-21.804290771484375,12.397322896224185,12.7949343692775,142.7931900528271,22.25421489219813,15.451522028259449,-1.124876016277304,-3.6071343787303443,2.4822583624530403,-50.00987773485383,2.040537449314319,6.847755298670666,17.522341070704346,17.522341070704346,196.86853408813477,301.2513961791992,8.229989394766156,-1.124876016277304,-3.6071343787303443,12.087183037118482,19.163455618908486,19.163455618908486,9.359980204204799,21.68189948467122,21.68189948467122,129.70175343110793,144.35150040841998,144.35150040841998,129.70175343110793,5.013788348228179,19.534498526308177,19.534498526308177,10.262511467464423,10.262511467464423,10.523456253144433,10.308875708908719,3.068583446288038,3.6801233652701653,7.524519413068823,9.578363282598565,7.189256208846157,0.5836944580078125,14.962494782416337,0
camera2_clip_20260318_190437_278671,69,12.68766174956891,10.292989208962956,12.68766174956891,19.961696025261702,25.358222361164263,25.358222361164263,110.8450687320935,112.62650840163124,120.41094651995985,147.99543274384524,22.56439181193047,22.31039868744163,9.443485076229427,7.095721929215107,22.56439181193047,22.31039868744163,-22.564056396484375,-21.745361328125,10.292989208962956,25.358222361164263,147.99543274384524,22.31039868744163,16.98358550344877,1.4922003297994788,-1.5056432023794606,2.9978435321789396,-50.50230003449846,2.6170763460767827,9.497710493227359,24.10323318250742,24.10323318250742,197.31630325317383,301.28248596191406,13.46541569258565,1.4922003297994788,-1.5056432023794606,17.63091766598803,18.849041648828553,18.849041648828553,20.23252164101881,19.874189407253944,20.23252164101881,132.037009226187,145.3080846698,145.3080846698,132.037009226187,11.974069568703776,31.02794195010575,31.02794195010575,5.998563958542532,5.998563958542532,6.605622733051064,7.2749166910327165,3.056264938630511,4.600724929626448,5.567968845638399,10.282687486044916,7.265918830745123,-0.1861572265625,18.457516241882622,0
camera2_clip_20260318_190437_278671,70,24.217289597948735,17.47813938180625,24.217289597948735,21.18246053656045,27.378485614281917,27.378485614281917,112.99076320773892,112.64653217339053,113.63908444402198,151.74890257246594,21.660368143341373,21.59366499121495,9.361202208663332,6.209309313321201,21.660368143341373,21.59366499121495,-21.660003662109375,-20.874969482421875,17.47813938180625,27.378485614281917,151.74890257246594,21.59366499121495,20.567610828248295,2.9927265825153815,-0.04367306745214062,3.0363996499675223,-51.78857567613582,1.5005262527159027,5.610332812683806,27.538957026208628,27.538957026208628,198.0924186706543,301.3791809082031,23.463472643661557,2.9927265825153815,-0.04367306745214062,14.307740127737507,10.836386967112798,14.307740127737507,28.18060285575669,17.246789370102356,28.18060285575669,137.26017802083055,148.70096844348666,148.70096844348666,137.26017802083055,27.386861678963715,45.35998871661302,45.35998871661302,3.6547110785122885,3.6547110785122885,4.0231968636448014,4.058141536779564,3.098979362515282,4.6577458997422125,5.516085011238513,8.796970874501493,7.466707240005585,0.64544677734375,22.22700289048132,0
camera2_clip_20260318_190437_278671,71,32.631177580566785,46.595263205527175,46.595263205527175,6.724250818036818,46.497504803521075,46.497504803521075,112.87914257436778,110.41945568017174,106.93560932021214,156.22461053795814,20.264982666943403,19.80536062147245,8.83965176861081,4.535518233505576,20.264982666943403,19.80536062147245,-20.255157470703125,-19.119537353515625,46.595263205527175,46.497504803521075,156.22461053795814,19.80536062147245,29.49156906734291,4.56072575403992,1.5235000781019499,3.03722567593797,-50.421833248931684,1.5679991715245385,14.542423889268601,29.95879410713697,29.95879410713697,198.34757614135742,301.3987274169922,7.677151866109677,4.56072575403992,1.5235000781019499,25.508002942518605,17.256865397192808,25.508002942518605,36.086893529630366,17.26080167940886,36.086893529630366,141.62383883884615,151.5304388899834,151.5304388899834,141.62383883884615,16.54481613820355,21.59726578281362,21.59726578281362,8.918708805025513,8.918708805025513,6.849635772719475,8.251881982846546,3.2124463532206664,5.5611122383710585,8.219588545904669,13.070660911973675,7.757762559490383,1.084869384765625,25.9336716561521,0
camera2_clip_20260318_190437_278671,72,30.337229951082378,14.071655459580828,30.337229951082378,12.911867011782748,22.097910077382224,22.097910077382224,111.25305807178495,109.80809975572677,115.3637680071999,159.00386647372852,20.285597001507977,18.870233892657254,8.080954111862102,3.771715325926253,20.285597001507977,18.870233892657254,-20.2855224609375,-18.166107177734375,14.071655459580828,22.097910077382224,159.00386647372852,18.870233892657254,19.386209523699886,5.572618187471272,3.1813353947438183,2.3912827927274534,-48.54933326264525,1.0118924334313517,14.629506638688365,22.269088003682768,22.269088003682768,198.35523223876953,301.4963836669922,2.938677099050113,5.572618187471272,3.1813353947438183,29.313893787103794,18.271320315903353,29.313893787103794,38.74900257553523,15.399492999757564,38.74900257553523,146.51677540089332,153.28243502487436,153.28243502487436,146.51677540089332,14.94301327309692,8.058680380190555,14.94301327309692,9.756183532965576,9.756183532965576,8.762208743824637,8.247642103432655,3.3445253293558195,5.791537621388469,12.330453496404022,11.36751625480317,8.030619288573286,-0.094818115234375,20.087721706148894,0
camera2_clip_20260318_190437_278671,73,27.637670238159732,24.99948657894433,27.637670238159732,24.51962318672093,32.52799488452153,32.52799488452153,108.16213764840629,107.64658317389988,126.8521389046443,166.27596259478287,20.58536094370716,18.85410037868243,7.484432918334063,3.9068265450398596,20.58536094370716,18.85410037868243,-20.580474853515625,-18.226165771484375,24.99948657894433,32.52799488452153,166.27596259478287,18.85410037868243,23.484918334757413,5.305489801653753,2.9742920538828863,2.3311977477708665,-47.71283676830097,-0.26712838581751885,13.798754541541063,17.425980578656908,17.425980578656908,198.5003547668457,301.6566619873047,6.486502856368297,5.305489801653753,2.9742920538828863,25.927775904250424,17.049612860614047,25.927775904250424,22.927858068577073,16.631813335554533,22.927858068577073,152.2970588885877,154.22297939698527,154.22297939698527,152.2970588885877,2.940801698462752,11.300793484459659,11.300793484459659,9.71912461583035,9.71912461583035,9.283988665983706,8.940325522323803,3.4674537650196418,6.2370033772869515,10.20695851537671,9.955164133815128,8.284337276044496,-0.5995941162109375,19.807347113371918,0
camera2_clip_20260318_190437_278671,74,25.272999414040246,30.92729096934956,30.92729096934956,34.64662162883248,17.193658993177518,34.64662162883248,104.24931905029815,106.34873854176567,125.81867635347116,179.66410168954295,19.537253994913176,17.801591360194298,6.298393982278931,2.946593297348253,19.537253994913176,17.801591360194298,-19.534820556640625,-17.076934814453125,30.92729096934956,17.193658993177518,179.66410168954295,17.801591360194298,21.67151824850539,3.3293717843540738,1.2957102038764305,2.0336615804776432,-47.131030114305915,-1.976118017299679,15.15151611731921,6.837022368313319,15.15151611731921,198.52619552612305,301.82471466064453,5.100833389851905,3.3293717843540738,1.2957102038764305,22.099891927129065,27.93255726202656,27.93255726202656,15.8531784099826,28.640825524931465,28.640825524931465,156.55512094234248,153.7262086530633,153.7262086530633,156.55512094234248,5.1867691312964,4.600686323835496,5.1867691312964,11.688333400359845,11.688333400359845,11.180933938329057,10.718332624728752,3.5172968382431815,6.163776652059201,10.570954065322937,9.173232717127615,8.35888505468035,0.7934722900390625,19.528584839186163,0
camera2_clip_20260318_190437_278671,75,21.767586504946156,45.5985461470267,45.5985461470267,38.14918630295918,22.632667030888964,38.14918630295918,99.10499857280178,103.7367679135171,133.4984091704498,178.70799927244923,19.574767491286924,16.499752023990332,5.817060963569568,1.9570138763586438,19.574767491286924,16.499752023990332,-19.54144287109375,-16.01727294921875,45.5985461470267,22.632667030888964,178.70799927244923,16.499752023990332,22.40345489068947,2.526948713845057,-0.11644865866539032,2.643397372510447,-45.83873222487805,-0.802423070509017,5.768325801849698,0.5044175564661094,5.768325801849698,198.24450302124023,301.8126754760742,8.458489720100406,2.526948713845057,-0.11644865866539032,20.247788519810342,34.690664209888006,34.690664209888006,16.926611098784505,25.22078948721423,25.22078948721423,157.80974438992826,149.82738942148976,149.82738942148976,157.80974438992826,17.50250441063231,14.18161235307934,17.50250441063231,10.16044017203648,10.16044017203648,8.557962597383371,10.079175258820184,3.581644679304473,6.636168462624398,4.7373515429329345,6.515930971115762,8.467823509006786,0.4578094482421875,21.93255828529546,0
camera2_clip_20260318_190437_278671,76,28.133621920822346,19.819702311045482,28.133621920822346,23.046740709838954,10.804740773233084,23.046740709838954,95.83713998627078,103.50485803820263,133.67846069228972,179.43220886308833,19.702692473917317,16.187456133633273,5.70365831605783,1.582716286364896,19.702692473917317,16.187456133633273,-19.585662841796875,-15.7435302734375,19.819702311045482,10.804740773233084,179.43220886308833,16.187456133633273,16.89055145668509,1.5911003456056865,-1.454530436609464,3.0456307822151505,-47.90059734969317,-0.9358483682393703,6.174393463332692,13.36410956183797,13.36410956183797,198.33321380615234,301.7866973876953,2.7730881688093363,1.5911003456056865,-1.454530436609464,14.210559479922996,29.444421652946545,29.444421652946545,21.325542790123304,30.98740540659671,30.98740540659671,160.5173469606333,147.6961658575914,147.6961658575914,160.5173469606333,13.263893040495645,11.604344366798705,13.263893040495645,3.9245397380318723,3.9245397380318723,1.897078919840377,3.6722413473804805,3.520735019595237,6.977606718674744,5.115204974873269,6.035518519630162,8.323226244252798,0.403533935546875,18.514956289749538,0
camera2_clip_20260318_190437_278671,77,95.6193485774792,43.430728864067135,95.6193485774792,18.311278921752674,11.140104487521102,18.311278921752674,93.4822951111809,102.15945447918635,113.06093247866478,135.068357988326,19.272365455424744,15.641693668013321,6.575028437012112,0.9209394582348001,19.272365455424744,15.641693668013321,-18.631927490234375,-15.41455078125,43.430728864067135,11.140104487521102,135.068357988326,15.641693668013321,35.51812187338713,0.8240583905732244,-3.544420014668351,4.368478405241575,-50.8651673283184,-0.7670419550324621,19.539834891911298,25.06743549759133,25.06743549759133,198.4896011352539,301.52208709716797,9.221065139171131,0.8240583905732244,-3.544420014668351,9.168259965948794,35.51526915808159,35.51526915808159,22.453122554094026,42.13857580822661,42.13857580822661,160.9593411194663,145.44306298805918,145.44306298805918,160.9593411194663,16.259595283698584,13.641905966872976,16.259595283698584,14.886826514557459,14.886826514557459,12.598402256279414,12.775118150190655,3.3676636299004232,7.626346214003263,16.566155012507426,15.481944877583585,8.021645151918325,1.3707122802734375,29.357121664770442,0
camera2_clip_20260318_190437_278671,78,96.90732747698107,74.49920535036311,96.90732747698107,34.321862446761315,33.30754637729547,34.321862446761315,91.77910566371447,100.78975398076471,101.68225031864058,60.53241718265395,19.033647052214075,14.093087241197628,8.318906622411953,1.3454566215587145,19.033647052214075,14.093087241197628,-17.446746826171875,-14.01531982421875,74.49920535036311,33.30754637729547,60.53241718265395,14.093087241197628,49.39916552992023,0.9826286792100832,-3.884310460471888,4.866939139681971,-53.847775060337376,0.15857028863685885,29.098818326383615,28.260233201736884,29.098818326383615,198.55672073364258,301.04591369628906,14.426417898189285,0.9826286792100832,-3.884310460471888,6.827354308276355,10.067994767190783,10.067994767190783,3.4662675621365144,11.552125692254064,11.552125692254064,161.0996178897034,145.92593466817289,145.92593466817289,161.0996178897034,10.797106181644233,12.454513774502978,12.454513774502978,14.365547952788702,14.365547952788702,13.330630353870156,11.681637840353579,3.138642173905778,7.83264664100682,17.645252632868665,20.51133936800145,7.570666801155286,2.214508056640625,29.296696288793864,0
camera2_clip_20260318_190437_278671,79,59.39515873992432,68.02182931906624,68.02182931906624,76.1625647572517,60.87091857909829,76.1625647572517,90.6828767386358,97.46521227872393,106.3077335667335,78.85437319126383,19.323800863552254,13.715212192716015,9.486908548650186,1.8674377938028432,19.323800863552254,13.715212192716015,-17.1514892578125,-13.715118408203125,68.02182931906624,60.87091857909829,78.85437319126383,13.715212192716015,56.29550422962973,3.1683303487950054,-2.2248809396721416,5.393211288467147,-56.71192729775919,2.185701669584922,43.075607299780366,30.246946682657473,43.075607299780366,198.86411666870117,300.39654541015625,21.5535214926251,3.1683303487950054,-2.2248809396721416,11.660319176211333,20.9169986493894,20.9169986493894,5.2290206183660635,17.253684131841283,17.253684131841283,161.0540394355878,147.18581851186056,147.18581851186056,161.0540394355878,13.358064237401,22.952423995987992,22.952423995987992,17.18183613243458,17.18183613243458,14.824726374985353,15.144053341088501,3.0778761877516336,7.739964057340541,23.100786879493423,21.99991248479825,7.591948725445525,1.470428466796875,35.761961348914625,0
camera2_clip_20260318_190437_278671,80,77.71827876151758,22.45319238102106,77.71827876151758,85.88272668705841,49.982631542640604,85.88272668705841,89.48949934957378,97.34722854381815,108.25244639984541,104.20787477752927,19.297160732832666,14.177464121179485,10.557006653898767,2.1540302898902675,19.297160732832666,14.177464121179485,-16.398284912109375,-14.17474365234375,22.45319238102106,49.982631542640604,104.20787477752927,14.177464121179485,53.98429886842908,5.28631953805399,-0.23208963066321756,5.518409168717207,-59.96502373746179,2.117989189258984,50.958040703717025,36.91092313461977,50.958040703717025,198.88124465942383,299.61873626708984,23.339931190847658,5.28631953805399,-0.23208963066321756,14.216251321585851,32.898386195081535,32.898386195081535,15.12703243013801,42.25338306514828,42.25338306514828,160.22474250273004,151.17360433217237,151.17360433217237,160.22474250273004,12.121542313963024,10.200398261871184,12.121542313963024,25.4199747176799,25.4199747176799,23.200336996831595,21.296665798126718,2.8621604216709042,8.089669014649,29.028736023697405,30.894049631009445,7.227291870119765,1.58294677734375,37.56023223319686,0
camera2_clip_20260318_190437_278671,81,74.7483466682035,34.0602999215104,74.7483466682035,84.39703004180102,46.50863708336096,84.39703004180102,87.17750989626585,95.98247094915483,112.20939473861736,118.22893376422302,19.62425286082869,15.011123542440806,11.62864508202829,3.4520673783118694,19.62425286082869,15.011123542440806,-15.85748291015625,-14.93670654296875,34.0602999215104,46.50863708336096,118.22893376422302,15.011123542440806,53.80164335663137,7.448934847121245,1.3946548684114468,6.054279978709798,-62.59724123319535,2.162615309067255,48.38756969209021,34.707976732822125,48.38756969209021,198.94595336914062,298.93338775634766,20.651896243705377,7.448934847121245,1.3946548684114468,6.392879789937473,31.34629171289364,31.34629171289364,8.364580397890661,53.629974668404934,53.629974668404934,160.30904759370736,153.29202606536592,153.29202606536592,160.30904759370736,9.820607188197243,7.784417249459341,9.820607188197243,26.735135535409555,26.735135535409555,23.65436958328272,19.289685939155497,2.660696983345435,8.424344647991601,24.092714909654106,24.498421601988067,6.9138596448565135,1.2671356201171875,36.67905092888096,0
camera2_clip_20260318_190437_278671,82,63.150177010617426,21.98575074545515,63.150177010617426,84.501963271359,47.03638853967672,84.501963271359,83.0706771915407,94.3519777002078,119.53578088513238,126.85365687474439,19.686925949875704,15.463992377720887,12.129089687522072,4.389808966276004,19.686925949875704,15.463992377720887,-15.225067138671875,-15.28289794921875,21.98575074545515,47.03638853967672,126.85365687474439,15.463992377720887,48.17664244811647,9.39716265643021,2.5408565635663796,6.85630609286383,-64.60169347405756,1.9482278093089649,40.25714570757675,32.12842941401375,40.25714570757675,198.79029083251953,298.3727035522461,17.456742016558657,9.39716265643021,2.5408565635663796,10.912189699660486,27.846968467214353,27.846968467214353,3.936651006347768,48.67805276546464,48.67805276546464,159.33201151287454,153.881064327177,153.881064327177,159.33201151287454,3.93525443161927,4.544766192378395,4.544766192378395,25.33189259598153,25.33189259598153,23.246621432234235,17.949759529801575,2.418979789342271,8.80260238144143,22.008790631236433,24.837389634513645,6.418310999832376,1.29022216796875,32.40947810428198,0
camera2_clip_20260318_190437_278671,83,51.62276301502214,10.754807376622994,51.62276301502214,58.23519343322274,20.445712020791955,58.23519343322274,78.79622112112415,94.01579360228668,124.83816862444311,127.2989678885986,19.681266077039375,15.649771668786377,12.395162075277634,4.826638305360867,19.681266077039375,15.649771668786377,-14.550079345703125,-15.403106689453125,10.754807376622994,20.445712020791955,127.2989678885986,15.649771668786377,30.59849898342379,11.536008327247584,3.6708286691703718,7.865179658077213,-65.81450348622248,2.138845670817375,25.619098862290215,16.913419192592702,25.619098862290215,198.72912216186523,298.1259765625,7.625892234021184,11.536008327247584,3.6708286691703718,5.423495680240197,17.52532100017993,17.52532100017993,5.549028223814479,38.36072927647462,38.36072927647462,159.75275913053693,153.24462949239972,153.24462949239972,159.75275913053693,4.910114833274734,7.640478046991851,7.640478046991851,22.03082619263226,22.03082619263226,20.77607950589657,17.64583325002816,2.2709334442648026,9.647699939343564,17.577055636303548,17.08461426219394,6.13792346182829,0.9376678466796875,21.916680080126543,0
camera2_clip_20260318_190437_278671,84,25.822822420675468,16.54652385965533,25.822822420675468,24.857313029027782,41.30569368693212,41.30569368693212,77.04839547185115,95.71248020058522,126.50649974573669,121.91931432083216,20.020928169621886,16.22265447461248,12.673926494942727,5.613655493637179,20.020928169621886,16.22265447461248,-14.513702392578125,-15.904388427734375,16.54652385965533,41.30569368693212,121.91931432083216,16.22265447461248,26.71846677626517,13.751383475963618,4.186245178334785,9.565138297628833,-67.28420116526561,2.215375148716033,19.821139193332552,31.957308467967735,31.957308467967735,198.4204864501953,297.9227752685547,11.085670549910077,13.751383475963618,4.186245178334785,6.7816496370927055,12.191617054241226,12.191617054241226,8.27419937488507,16.3490765798021,16.3490765798021,160.63405863514038,152.91314959081834,152.91314959081834,160.63405863514038,6.132678636757373,12.60255204757648,12.60255204757648,22.99877475236633,22.99877475236633,23.812231211572048,17.382756056318904,2.021154675399002,11.955937038257819,19.091784711380228,19.388538987853412,5.569836973575499,0.310455322265625,18.553547832328828,0
camera2_clip_20260318_190437_278671,85,19.02717895256323,13.197414084312657,19.02717895256323,7.17697324415192,4.486022699677056,7.17697324415192,76.62411777126617,94.87176187255797,125.74544560494252,120.78427057391374,20.69897440017699,16.75544270210828,13.103309661827884,6.0074699848954065,20.69897440017699,16.75544270210828,-14.816009521484375,-16.321502685546875,13.197414084312657,4.486022699677056,120.78427057391374,16.75544270210828,9.659772231634038,13.815259181329436,3.382968787761839,10.432290393567598,-68.12069269283222,0.06387570536581855,5.385339175853278,8.68570523324609,8.68570523324609,198.44308471679688,297.8525085449219,2.2143361743729906,13.815259181329436,3.382968787761839,6.442806748419062,25.1941248314404,25.1941248314404,13.685124656165819,22.51854169810383,22.51854169810383,161.8721871717655,150.60410382897902,150.60410382897902,161.8721871717655,6.541167886772363,4.411494821135688,6.541167886772363,13.438641425519249,13.438641425519249,15.331710900161168,10.154370373555096,1.849637701276855,14.017901262119839,12.762348223890823,7.822228134258308,5.1898095343814745,-0.1712493896484375,11.395991169320117,0
camera2_clip_20260318_190437_278671,86,19.917495812470978,16.27179327291412,19.917495812470978,16.95522196772086,31.291934016214455,31.291934016214455,76.10820044455001,91.2401562436897,126.16357695863094,126.81261462456813,21.357867156507616,16.77189382346721,13.322882397000429,5.528729447922122,21.357867156507616,16.77189382346721,-15.329620361328125,-16.269287109375,16.27179327291412,31.291934016214455,126.81261462456813,16.77189382346721,16.52041154254497,12.067321987803624,2.2940293032069365,9.773292684596687,-68.52752061370286,-1.7479371935258126,6.923995616229397,7.762028569720016,7.762028569720016,198.5443115234375,297.86112213134766,3.047778572730571,12.067321987803624,2.2940293032069365,5.559759061092934,23.018463147692533,23.018463147692533,7.523397475096041,25.58785172255974,25.58785172255974,161.0630980763871,149.5926802043564,149.5926802043564,161.0630980763871,3.0098560167746458,10.078665014010097,10.078665014010097,15.51757090192066,15.51757090192066,14.874273761940518,14.140997013709832,1.7751063430989318,14.291752401441059,8.036008182328265,9.447240066612045,5.071124341671642,-0.224151611328125,14.491705141041317,0
camera2_clip_20260318_190437_278671,87,22.076474496322597,26.706710804091852,26.706710804091852,27.513878868260264,45.46276381179693,45.46276381179693,77.10047040641004,86.38555314527089,124.41948703558413,136.50037870283538,21.75603661857519,16.95762055743917,13.272650561522903,5.091621899460836,21.75603661857519,16.95762055743917,-15.8814697265625,-16.3375244140625,26.706710804091852,45.46276381179693,136.50037870283538,16.95762055743917,23.62076340077353,9.754342372906974,1.4937239754320226,8.260618397474952,-68.69799122435084,-2.3129796148966495,6.361303309215646,13.60344911495389,13.60344911495389,198.72998428344727,297.85506439208984,5.573146598924498,9.754342372906974,1.4937239754320226,7.479813910623993,20.856604485882976,20.856604485882976,4.741918815958184,21.112740332849423,21.112740332849423,160.46981943546228,148.75871982080218,148.75871982080218,160.46981943546228,2.565898296306196,11.441390379402716,11.441390379402716,12.420303530977154,12.420303530977154,11.721013252932128,12.280671669700899,1.748319515685292,13.689495246543915,6.230169224789066,8.784228056254445,5.063052863232376,-0.304107666015625,17.493578885472054,0
camera2_clip_20260318_190437_278671,88,29.81971643035532,29.27189955797448,29.81971643035532,31.982039765266613,47.15985246023688,47.15985246023688,77.47394203347685,81.69097122803718,123.87284645711459,147.86108863770937,22.659115790223726,17.441782988989377,13.191544965287767,4.9678563583866975,22.659115790223726,17.441782988989377,-16.988616943359375,-16.677520751953125,29.27189955797448,47.15985246023688,147.86108863770937,17.441782988989377,27.879177688214302,6.258288913252259,-0.3103128029146072,6.568601716166866,-69.2125485867879,-3.496053459654715,3.9190573187952675,25.122500596657257,25.122500596657257,198.92583465576172,297.5319595336914,11.334844774885354,6.258288913252259,-0.3103128029146072,9.373148165286876,26.91295065100604,26.91295065100604,4.533561271747205,38.94153923439005,38.94153923439005,159.32524710628508,148.86542914973936,148.86542914973936,159.32524710628508,4.474251935682425,15.622058141448122,15.622058141448122,18.412169226539735,18.412169226539735,18.08465187416435,19.119185430031152,1.7088382904422215,13.079632188736742,16.67749761560121,20.197435268962877,4.919372284296568,-0.27685546875,22.261047960737212,0
camera2_clip_20260318_190437_278671,89,26.705333535605757,39.48797326213598,39.48797326213598,42.73983405866696,45.93398899335444,45.93398899335444,75.66295486293306,77.4737251351499,123.14269252724915,154.1937797614173,23.552900077049667,17.637782768352462,12.944923482669134,4.775087827046933,23.552900077049667,17.637782768352462,-17.575439453125,-16.6470947265625,39.48797326213598,45.93398899335444,154.1937797614173,17.637782768352462,30.031990422621572,2.751509760839336,-1.8760922721986097,4.627602033037945,-69.65104897091031,-3.506779152412923,2.3806450759492983,22.944167610016983,22.944167610016983,199.1660499572754,297.32374572753906,9.536809851222529,2.751509760839336,-1.8760922721986097,7.800813375494265,21.63879804105722,21.63879804105722,4.952328443875921,25.344976483412417,25.344976483412417,158.73924992278674,148.73338821089894,148.73338821089894,158.73924992278674,4.379673948060305,15.791959820600326,15.791959820600326,17.080692620453256,17.080692620453256,15.63590996921873,17.969722952105624,1.6512048510116453,11.288126555891646,11.278002652315626,17.250215321002283,4.792264621594155,0.0211639404296875,21.675041054019157,0
camera2_clip_20260318_190437_278671,90,17.62559453584152,30.00682989038733,30.00682989038733,24.533604481657257,39.91533054690516,39.91533054690516,73.86043690468597,73.24870952384481,124.38930881037969,162.35965226632695,24.287724261597045,17.611460491208426,12.751308556515001,4.354582481090824,24.287724261597045,17.611460491208426,-18.10211181640625,-16.436370849609375,30.00682989038733,39.91533054690516,162.35965226632695,17.611460491208426,22.172444631212,0.7248595869091664,-2.6912563150066147,3.416115901915781,-70.18358284291396,-2.0266501739301694,4.780597042629005,16.172711289851726,16.172711289851726,199.27183151245117,297.1839294433594,5.259705092826002,0.7248595869091664,-2.6912563150066147,10.653711665879728,13.761799942317676,13.761799942317676,1.9316077870816752,11.73273495430568,11.73273495430568,157.09247057626007,148.6531524529824,148.6531524529824,157.09247057626007,2.7536993126529468,9.12850061844952,9.12850061844952,27.142999341515733,27.142999341515733,27.97221085652671,25.94415637609027,1.7756966793559141,9.340828419474372,21.01025130932745,19.328173248960116,5.0319010285077335,0.125701904296875,15.249726838996603,0
camera2_clip_20260318_190437_278671,91,15.78611286069445,18.6567763140944,18.6567763140944,26.036479459163115,24.456211301795424,26.036479459163115,72.49276347914386,72.61098351318863,124.32839314191078,161.75232065821902,24.924193427228726,17.754639776272654,12.525287788813406,4.65468224404485,24.924193427228726,17.754639776272654,-18.514495849609375,-16.450439453125,18.6567763140944,24.456211301795424,161.75232065821902,17.754639776272654,18.15976152960749,-1.6612075930379502,-3.8826635064734045,2.221455913435454,-71.24265172394672,-2.3860671799471165,3.8204815917097434,20.20250765018781,20.20250765018781,199.3182373046875,296.95186614990234,7.0997311745505485,-1.6612075930379502,-3.8826635064734045,8.308868647790742,9.244917553617666,9.244917553617666,1.850601462950791,19.059251594976594,19.059251594976594,156.84375875601944,149.49384202078437,149.49384202078437,156.84375875601944,8.276210576660269,8.591105527014545,8.591105527014545,34.46678149149271,34.46678149149271,32.286835035537145,30.983702935823555,1.8146867470787336,7.810558016522867,18.570040690198567,18.29496000248681,5.063978110228818,0.1557769775390625,13.690793711721293,0
camera2_clip_20260318_190437_278671,92,20.816815802940877,8.94849230333375,20.816815802940877,21.061198111725247,26.421220494491,26.421220494491,71.90197668664364,74.44587678889576,123.7627626791982,153.99173911564338,25.72266749111674,18.086050096280044,12.644982208417531,5.152800114826601,25.72266749111674,18.086050096280044,-19.0494384765625,-16.681304931640625,8.94849230333375,26.421220494491,153.99173911564338,18.086050096280044,17.014814700757377,-3.346773303059863,-4.978610817299932,1.6318375142400692,-72.48005092094829,-1.685565710021913,5.175506622747948,19.66565486930544,19.66565486930544,199.3631362915039,296.7199172973633,7.087635028004392,-3.346773303059863,-4.978610817299932,11.56470481227094,8.31091746194315,11.56470481227094,2.1914093175652396,18.234807613347588,18.234807613347588,156.8237469170809,150.6329197768882,150.6329197768882,156.8237469170809,12.083630055057135,8.35410154116033,12.083630055057135,18.512460062385877,18.512460062385877,17.508131029111613,18.92209285042488,1.782329531529968,6.499556031779908,13.997685442837529,17.489360980410613,4.9852898668857994,-0.040802001953125,13.56903825049072,0
camera2_clip_20260318_190437_278671,93,4.768543417313988,22.42966224947767,22.42966224947767,3.236186138513537,40.64737944794936,40.64737944794936,71.63907806202528,77.42381571786282,123.32842199238421,144.46320964494944,25.90896887425855,18.04079390587082,12.685767717913242,5.442587350086003,25.90896887425855,18.04079390587082,-19.0992431640625,-16.6463623046875,22.42966224947767,40.64737944794936,144.46320964494944,18.04079390587082,16.01674506156959,-3.8141107877899914,-5.481041751742905,1.6669309639529133,-73.75699918032474,-0.46733748473012815,3.8277690494493637,21.190930066713616,21.190930066713616,199.26250076293945,296.6427993774414,3.80357921756222,-3.8141107877899914,-5.481041751742905,18.27086726950423,6.231725021993098,18.27086726950423,6.770263625173124,11.5120907418566,11.5120907418566,155.32962489492172,151.05439623429132,151.05439623429132,155.32962489492172,11.14253119029191,1.2853026556696037,11.14253119029191,10.580985233420446,10.580985233420446,9.536031599430592,14.057647888723798,1.634995570597519,5.11120995705802,9.608905013151464,19.35463521492553,4.679558238850754,0.12567138671875,12.609437572825511,0
camera2_clip_20260318_190437_278671,94,3.141877627375437,30.881380867832775,30.881380867832775,6.787307084586358,41.512919433783566,41.512919433783566,72.46220068838988,79.92342740453732,122.84706396023608,136.9390838032622,25.974898618923014,17.97807739142396,12.79054579117288,5.539282272593282,25.974898618923014,17.97807739142396,-19.310760498046875,-16.642913818359375,30.881380867832775,41.512919433783566,136.9390838032622,17.97807739142396,19.367278566955317,-4.050870837672229,-6.236484785027059,2.18561394735483,-74.76671805973187,-0.23676004988223776,7.5559146147324245,26.32427177342134,26.32427177342134,199.0730857849121,296.4652404785156,7.788753227568031,-4.050870837672229,-6.236484785027059,15.572640547861443,2.574438960478304,15.572640547861443,2.39685465125314,9.102844185897935,9.102844185897935,153.7746928443243,150.7941502565988,150.7941502565988,153.7746928443243,9.57250882267701,8.69873823223897,9.57250882267701,15.902217270988395,15.902217270988395,15.671241038712516,17.296803575073646,1.4505061359965727,4.9557995078658,12.285548627080408,22.202381638694224,4.1226625558164445,0.13726806640625,13.676808066844893,0
camera2_clip_20260318_190437_278671,95,11.521757804562268,30.17771584017565,30.17771584017565,6.50737903321712,43.07263100898785,43.07263100898785,72.9545858988571,82.50512960357231,122.5049402161842,131.3051755611912,25.84119327746777,17.909571647365524,12.5906751722407,5.912822900949261,25.84119327746777,17.909571647365524,-19.41143798828125,-16.6224365234375,30.17771584017565,43.07263100898785,131.3051755611912,17.909571647365524,21.102011442045733,-5.33759515645312,-7.569117866632246,2.231522710179126,-76.21644042975511,-1.286724318780891,8.887738825604858,26.444846139726643,26.444846139726643,198.9972915649414,296.1834259033203,8.754872741287198,-5.33759515645312,-7.569117866632246,19.09764254021967,9.869037837935737,19.09764254021967,5.982974623757205,19.109961184146496,19.109961184146496,153.2009637012556,151.40953088178327,151.40953088178327,153.2009637012556,14.363465220462606,7.318817206814476,14.363465220462606,10.02064832516924,10.02064832516924,7.902629834682836,13.835802533155396,1.2450834419315047,3.40192107110556,6.418934314984747,20.81720753801432,3.6418464212416257,0.3391571044921875,16.862830605467547,0
camera2_clip_20260318_190437_278671,96,16.55814373615677,24.1109886238234,24.1109886238234,18.801891188826318,25.329739942450633,25.329739942450633,74.41054191272805,83.93296974225841,122.46746768224277,129.99512900253836,25.78919021954512,18.10519070344936,12.540868199243402,5.95521116313372,25.78919021954512,18.10519070344936,-19.81005859375,-16.94061279296875,24.1109886238234,25.329739942450633,129.99512900253836,18.10519070344936,21.26539117676328,-5.968349716470759,-8.5173456877378,2.5489959712670407,-77.13355929141238,-0.630754560017639,18.581460712748495,24.210122856574078,24.210122856574078,198.96460342407227,295.7149124145508,14.089572858721823,-5.968349716470759,-8.5173456877378,10.112697136897204,5.970686379990386,10.112697136897204,7.6419080544819415,11.149477719849186,11.149477719849186,153.09571358555877,151.6503856457575,151.6503856457575,153.09571358555877,11.71169180505297,9.83167780842188,11.71169180505297,33.11066699781368,33.11066699781368,32.715396150864436,32.534167131072,1.0098348516349305,2.0054857740058165,27.11417550966332,32.17475988796146,3.028786407787952,0.2884063720703125,15.334207163772772,0
camera2_clip_20260318_190437_278671,97,20.318126376076687,27.79879711458686,27.79879711458686,24.31714168120114,20.79016747140029,24.31714168120114,76.3191120607929,84.86683431840277,122.23810966085077,127.08307067108115,25.681726242661668,17.97591235531439,12.510466188877045,5.761272977560938,25.681726242661668,17.97591235531439,-20.233673095703125,-16.897491455078125,27.79879711458686,20.79016747140029,127.08307067108115,17.97591235531439,23.124546758596438,-5.719750507775954,-8.932299606935885,3.212549099159931,-77.6709866799539,0.248599208694805,22.991113721675784,22.53193418663784,22.991113721675784,198.9253158569336,295.23404693603516,14.474032237899811,-5.719750507775954,-8.932299606935885,15.935596444860177,4.069433462403794,15.935596444860177,6.164324352147252,9.021176126048989,9.021176126048989,151.39615314500625,151.85502268692002,151.85502268692002,151.39615314500625,9.23279773048174,8.241575826302817,9.23279773048174,34.51330811122823,34.51330811122823,34.84869922088029,35.028015882457126,0.9412534622406387,2.352457810458785,31.332783601260953,32.498498416849316,2.6591544577826784,0.5265045166015625,15.951015374485282,0
camera2_clip_20260318_190437_278671,98,21.334541809279546,38.48252176958076,38.48252176958076,19.33913033849163,22.652922468679353,22.652922468679353,78.34511064947363,85.77054374604943,120.40571419150612,123.233240948315,25.46582477634053,17.42047242300289,12.418811519538716,5.316923697979553,25.46582477634053,17.42047242300289,-20.4637451171875,-16.4693603515625,38.48252176958076,22.652922468679353,123.233240948315,17.42047242300289,24.061168081386302,-6.091167053832971,-9.70010268575533,3.608935631922358,-78.149937353905,-0.37141654605701735,20.765407888071852,21.79248421421469,21.79248421421469,198.98054122924805,294.76790618896484,14.082021660396817,-6.091167053832971,-9.70010268575533,13.49811284992724,5.3308423977986354,13.49811284992724,5.706457330487596,8.443077945717889,8.443077945717889,150.35858556533148,151.75764751718737,151.75764751718737,150.35858556533148,8.689737525415618,7.937003563671682,8.689737525415618,25.49881042258036,25.49881042258036,26.778348735881742,26.02317077194542,1.0014400455858479,3.4994415152446434,27.63285402969462,26.0290068968729,2.6381459269640275,0.7983551025390625,16.164353341778043,0
camera2_clip_20260318_190437_278671,99,30.22044960355212,45.23746774763399,45.23746774763399,27.478358668376544,32.054829799432476,32.054829799432476,79.13990416992348,85.87243153829779,122.03766470496554,125.45321971378394,25.271462882534394,16.706644214427584,12.172073924859424,4.697015904516898,25.271462882534394,16.706644214427584,-20.7117919921875,-15.945037841796875,45.23746774763399,32.054829799432476,125.45321971378394,16.706644214427584,29.14980394411779,-6.386759779594743,-10.033002856780868,3.646243077186125,-79.06077536443269,-0.29559272576177165,19.289967972739298,20.617749872972286,20.617749872972286,198.8820457458496,294.34454345703125,13.040077712044168,-6.386759779594743,-10.033002856780868,3.176110331088387,7.0629431389830675,7.0629431389830675,0.5209640199893762,6.689948135006743,6.689948135006743,150.50704577912148,151.6800943855203,151.6800943855203,150.50704577912148,7.1818093001761865,8.211802197578018,8.211802197578018,27.149315142767772,27.149315142767772,27.692514727250998,21.43628596854283,1.2155770867622582,4.1318884187639675,24.342339869524512,13.681607550125658,3.088577265494748,0.7418975830078125,17.31186673229404,0
camera2_clip_20260318_190437_278671,100,29.27260886879544,42.548031708655714,42.548031708655714,24.87235445737002,30.19639171495178,30.19639171495178,80.34115379663623,86.6966428121994,123.28520966236225,124.46205748207002,25.011822601275828,16.03545053159166,11.92435333886208,4.261700133560326,25.011822601275828,16.03545053159166,-20.941986083984375,-15.417266845703125,42.548031708655714,30.19639171495178,124.46205748207002,16.03545053159166,26.972102479425427,-6.830453155327538,-10.905147318329169,4.074694163001631,-79.8634329644765,-0.44369337573279477,15.53335899897531,19.40986912780427,19.40986912780427,198.80261993408203,293.97103118896484,11.455910551935395,-6.830453155327538,-10.905147318329169,4.664988816050386,13.456492686602498,13.456492686602498,6.347219811621102,11.173697645763806,11.173697645763806,150.86555482763902,150.45868772494384,150.45868772494384,150.86555482763902,7.324388635572473,7.926619140438424,7.926619140438424,29.42219871955983,29.42219871955983,29.0632588569623,28.524462891471288,1.2036855467019083,5.248482134241271,22.89786074568705,22.072974296109212,2.993367902432959,0.669189453125,17.72716846771677,0
camera2_clip_20260318_190437_278671,101,27.945979777129413,49.49484106904728,49.49484106904728,22.345653183305856,36.402471571658076,36.402471571658076,81.19165269762364,89.72777312563377,124.6973355185814,113.33774385075714,24.730760035689304,14.999401300404429,11.67314477305897,3.8552074185886114,24.730760035689304,14.999401300404429,-21.05413818359375,-14.558746337890625,49.49484106904728,36.402471571658076,113.33774385075714,14.999401300404429,27.29261469036668,-5.9541014863824415,-11.269058940735757,5.314957454353316,-80.79496758007875,0.8763516689450963,12.545452584199483,15.02128995685996,15.02128995685996,198.69053268432617,293.7556610107422,7.283754437303746,-5.9541014863824415,-11.269058940735757,5.529080977666518,11.504980958573878,11.504980958573878,6.296155096248202,12.28136280377467,12.28136280377467,150.77188762125976,149.52823784635984,149.52823784635984,150.77188762125976,6.274407882167875,4.475643230839784,6.274407882167875,24.70537454719957,24.70537454719957,24.71307462353783,18.780926315327804,1.3995704709884238,6.699180739966647,19.40517833958153,6.884241185606396,3.409713934948129,0.666168212890625,17.50977659095592,0
camera2_clip_20260318_190437_278671,102,19.37997669296708,44.23459495491979,44.23459495491979,15.006454834952343,31.350285526779498,31.350285526779498,81.53101698664119,91.01057342653603,125.57846712836619,105.33681844748038,24.624268972072663,14.076461696884751,11.52930429670989,3.5866167013768946,24.624268972072663,14.076461696884751,-21.13970947265625,-13.703765869140625,44.23459495491979,31.350285526779498,105.33681844748038,14.076461696884751,23.23923513046726,-6.482892071563307,-12.267942128890809,5.785050057327502,-82.06481332498029,-0.5287905851808654,11.164743955456272,18.29935481772855,18.29935481772855,198.58208465576172,293.5237503051758,7.6804423850610535,-6.482892071563307,-12.267942128890809,3.706948508031616,11.936139948777562,11.936139948777562,3.9422947872833927,12.4435072336452,12.4435072336452,151.38562093927183,148.37176360268748,148.37176360268748,151.38562093927183,9.21804001567478,7.8595584571635015,9.21804001567478,26.146979207321564,26.146979207321564,23.60478718741251,21.836345701633157,1.4629608425202503,7.62876313323543,14.809421798912236,11.849113568574626,3.493770025345237,0.653350830078125,15.711824977781632,0
camera2_clip_20260318_190437_278671,103,20.110640833810066,18.470287285643856,20.110640833810066,24.704419454105174,23.264106392535574,24.704419454105174,82.16512460946696,90.54562401816995,128.49363394840702,104.60090230122626,24.758734442518747,13.895792889128831,11.692610835703325,3.8836010416688,24.758734442518747,13.895792889128831,-21.54302978515625,-13.413116455078125,18.470287285643856,23.264106392535574,104.60090230122626,13.895792889128831,20.046144990516158,-6.175010765010904,-12.972616294447645,6.7976055294367415,-83.20521894352767,0.3078813065524031,13.400182489593533,20.327233487408762,20.327233487408762,198.42291259765625,293.2241973876953,10.176488834923965,-6.175010765010904,-12.972616294447645,0.8259726142022205,6.068648480068712,6.068648480068712,3.643779735419318,6.7530566015336655,6.7530566015336655,152.40488846339989,147.91861654654366,147.91861654654366,152.40488846339989,10.56991541023054,8.251141425000581,10.56991541023054,16.819721700483424,16.819721700483424,14.639929787518462,17.74436864459713,1.314310542336554,9.173510969708836,11.834889426897876,21.043570064067886,3.020463974767473,0.2768707275390625,13.032448684129333,0
camera2_clip_20260318_190437_278671,104,11.613761753699551,1.2689021550895614,11.613761753699551,10.393996489444172,15.092408087265946,15.092408087265946,82.92464814966168,90.63599319104611,129.35328598184822,101.13248404765696,25.03063823697845,14.184296623813374,11.791137961096897,4.355796381603111,25.03063823697845,14.184296623813374,-22.010467529296875,-13.57171630859375,1.2689021550895614,15.092408087265946,101.13248404765696,14.184296623813374,10.707915677246904,-5.3377806317910474,-13.863184756064365,8.525404124273319,-84.26754527842907,0.8372301332198564,10.540348616590496,15.338076961391712,15.338076961391712,198.3916358947754,293.0226287841797,6.119421595192074,-5.3377806317910474,-13.863184756064365,13.627989149356855,12.849263058703903,13.627989149356855,7.153228401140425,9.11146253919042,9.11146253919042,152.28618618451,146.6369351397448,146.6369351397448,152.28618618451,11.379884272678156,4.881411933304016,11.379884272678156,8.813796383663384,8.813796383663384,10.854503461700638,9.235175919624776,1.19622170161341,11.410838530643495,13.650424396682162,12.452306075889961,2.647085906258793,-0.0445404052734375,10.270894451487933,0
camera2_clip_20260318_190437_278671,105,8.022068127832526,8.64311739887832,8.64311739887832,9.73468425273466,8.642688928314106,9.73468425273466,83.55627806631666,89.83705005407577,129.1595758621627,98.58208870174361,25.345594488740836,14.511543750991315,11.933615205750556,4.826919735849136,25.345594488740836,14.511543750991315,-22.408599853515625,-13.6905517578125,8.64311739887832,8.642688928314106,98.58208870174361,14.511543750991315,9.652370826211707,-3.9936211630070413,-14.142376474324083,10.148755311317041,-85.34891018833405,1.3441594687840062,10.35576181098687,12.515904438523762,12.515904438523762,198.35980606079102,292.8609848022461,4.942441067340992,-3.9936211630070413,-14.142376474324083,7.416604454448427,0.23877016313153304,7.416604454448427,4.115464458451752,5.853909327466627,5.853909327466627,152.13950214094186,146.59451852145355,146.59451852145355,152.13950214094186,10.389926952383451,4.809622149502786,10.389926952383451,5.263840864172388,5.263840864172388,6.379456169408758,3.219668379597222,1.303592102478282,12.503493126238446,11.850489399685337,5.800834731375635,2.846425067030973,-0.0500335693359375,7.561543538554569,0
camera2_clip_20260318_190437_278671,106,12.969961835072795,22.439422812347164,22.439422812347164,15.485378371568716,5.640470364361629,15.485378371568716,84.21247101914417,87.86223444333254,129.77716089040467,100.40559573526696,25.789495121278666,15.1593498960378,12.228967854042471,5.392548532540339,25.789495121278666,15.1593498960378,-22.945831298828125,-13.993499755859375,22.439422812347164,5.640470364361629,100.40559573526696,15.1593498960378,13.34382643032047,-2.497775477481271,-14.114432784925853,11.616657307444582,-86.62284025123598,1.4958456855257705,13.75770457638094,9.770020622191588,13.75770457638094,198.36528396606445,292.62313079833984,7.137512252765472,-2.497775477481271,-14.114432784925853,2.4531530831181283,3.2994937678278475,3.2994937678278475,0.7506225784703008,4.772482817513626,4.772482817513626,152.7388214745268,146.6853054133586,146.6853054133586,152.7388214745268,12.263735821020012,10.78325913719937,12.263735821020012,4.003005010659771,4.003005010659771,5.746814435255454,3.363745765308598,1.222185625123259,14.894370174490609,9.642070762324469,8.98559151581878,2.641049717051662,-0.172393798828125,9.532142148922675,0
camera2_clip_20260318_190437_278671,107,27.025846480183827,4.763769595702829,27.025846480183827,21.179396185934703,6.090093533529947,21.179396185934703,85.54950968644619,87.09221986982428,131.23963798498377,103.22073893222225,26.205985429454426,15.594810228579009,12.459491133755598,5.610026294539672,26.205985429454426,15.594810228579009,-23.67315673828125,-14.3114013671875,4.763769595702829,6.090093533529947,103.22073893222225,15.594810228579009,13.918684942035219,-1.9301280327593682,-14.284448182269035,12.354320149509666,-87.7508818760191,0.5676474447219026,13.721641036724366,10.731362820135633,13.721641036724366,198.3839340209961,292.3411407470703,8.478183308206509,-1.9301280327593682,-14.284448182269035,1.4829723811730642,1.6375176558584665,1.6375176558584665,1.394577458361395,7.280239603090626,7.280239603090626,153.5976082120176,147.40993154557052,147.40993154557052,153.5976082120176,11.328425522632692,11.120772564634455,11.328425522632692,7.165210224588295,7.165210224588295,6.0917305809736035,5.880455220162436,1.1731695884277482,15.979585220927182,5.7378707687638935,6.254628263381689,2.6063385585066694,-0.1998291015625,9.813051236496834,0
camera2_clip_20260318_190437_278671,108,40.49843333777196,9.074650318624334,40.49843333777196,25.39438051179897,11.007105492135974,25.39438051179897,86.95702574455535,86.53747047221486,133.4180823511688,110.19128644016966,26.400938650829577,16.12687274199161,12.407127963143088,5.527258794236123,26.400938650829577,16.12687274199161,-24.301788330078125,-14.928558349609375,9.074650318624334,11.007105492135974,110.19128644016966,16.12687274199161,18.615757499477418,-1.5546667412623383,-13.735572558878491,12.180905817616154,-88.75791772588921,0.3754612914970299,15.804309831147853,9.91566550538542,15.804309831147853,198.47586822509766,292.03075408935547,9.711467327549498,-1.5546667412623383,-13.735572558878491,5.806110852553382,7.329430652170718,7.329430652170718,3.0515636077122945,10.43736507419932,10.43736507419932,155.1990318083972,148.4422789168136,148.4422789168136,155.1990318083972,10.43056248627094,16.496780202933405,16.496780202933405,14.995182230369542,14.995182230369542,15.745906332156176,11.359321426366277,1.3410009696048795,14.700524054249165,16.14244967052977,1.766507578005653,3.1460871550817924,-0.29229736328125,13.770529822725385,0
camera2_clip_20260318_190437_278671,109,44.00502531337304,11.751643267144948,44.00502531337304,29.965231586871575,25.07850712413753,29.965231586871575,88.93877410441509,87.01640202341014,134.50888017247132,117.73814263400438,26.246699696070515,16.46686051177497,12.235271201873434,5.514392941206046,26.246699696070515,16.46686051177497,-24.588043212890625,-15.451568603515625,11.751643267144948,25.07850712413753,117.73814263400438,16.46686051177497,25.046082074752125,-1.3372799051253665,-11.910959649928415,10.573679744803048,-89.34562128233918,0.21738683613697174,14.46213315529503,25.013952001690622,25.013952001690622,198.8296012878418,291.67740631103516,14.999451953655699,-1.3372799051253665,-11.910959649928415,14.321888856784351,3.613730148190515,14.321888856784351,7.442197663732537,7.118497395596922,7.442197663732537,157.50939471420395,151.44519749127153,151.44519749127153,157.50939471420395,12.18147750293897,27.056906933111726,27.056906933111726,9.7548347764203,9.7548347764203,12.07862927422315,6.794538625617431,1.53433560198938,12.844625052488077,14.662008541284358,10.127611313622246,3.8338552649752766,-0.0557403564453125,18.500932579072312,0
camera2_clip_20260318_190437_278671,110,46.09339804560445,11.698008799714668,46.09339804560445,40.365791272764,22.752329258544442,40.365791272764,92.19057717978848,87.75531622126513,135.03543139035125,126.62808241346748,26.100655436780098,16.98841646887559,12.373693267148077,5.4838680483420665,26.100655436780098,16.98841646887559,-24.90863037109375,-16.2235107421875,11.698008799714668,22.752329258544442,126.62808241346748,16.98841646887559,27.224581943736585,-0.6717400308066237,-10.31644304392784,9.644703013121216,-89.4682148433851,0.6655398743187428,15.52362830091466,26.91433598487731,26.91433598487731,199.18706130981445,291.2257766723633,17.2792447187955,-0.6717400308066237,-10.31644304392784,9.979804151246569,4.973854321880642,9.979804151246569,7.584392521888665,3.976825818396085,7.584392521888665,158.82513967102756,153.79312164340428,153.79312164340428,158.82513967102756,14.99840540484713,23.367497131403987,23.367497131403987,9.178799043434044,9.178799043434044,8.647443210232538,8.751276868495488,1.5721066614462502,11.206868695005555,8.737364020614605,11.50305003232707,4.014786152575899,-0.092315673828125,19.01902258434022,0
camera2_clip_20260318_190437_278671,111,38.978444669167395,18.258343820773916,38.978444669167395,29.500214331099457,14.70588566347755,29.500214331099457,94.65976054916341,89.81314945403497,137.0355032545067,136.039802308591,26.069846430330866,17.328067590957648,12.497806028007703,5.469354521939117,26.069846430330866,17.328067590957648,-25.249603271484375,-16.894561767578125,18.258343820773916,14.70588566347755,136.039802308591,17.328067590957648,22.678918318938116,0.03662214245640953,-9.073044848392982,9.10966699084939,-89.40641875036775,0.7083621732630332,10.822508017691657,23.808113411418734,23.808113411418734,199.55459594726562,290.98529052734375,13.176637131887917,0.03662214245640953,-9.073044848392982,11.894705209141163,3.458751709009501,11.894705209141163,3.9373883046332985,0.8207359242954889,3.9373883046332985,160.99942065183015,155.19742611053644,155.19742611053644,160.99942065183015,7.284722896961796,18.243114970643344,18.243114970643344,18.14127042573107,18.14127042573107,19.499742149676514,19.153061699447555,1.8706113150058918,9.864325473930133,16.397642302195948,22.051639544404374,4.839105519493862,-0.20391845703125,15.142744077359444,0
camera2_clip_20260318_190437_278671,112,48.05062318856241,42.19234646337705,48.05062318856241,33.9136550688293,20.901564609226345,33.9136550688293,96.2864825873259,90.5234425291166,140.03904062300452,146.0854573517185,25.56688692371503,18.634443576297336,12.271041021068989,6.298636392588048,25.56688692371503,18.634443576297336,-25.03857421875,-18.331390380859375,42.19234646337705,20.901564609226345,146.0854573517185,18.634443576297336,30.53916825192682,1.5525925636932394,-7.232756656736521,8.785349220429762,-89.33297281350951,1.51597042123683,12.339585280156767,25.83723490140904,25.83723490140904,199.87902450561523,290.7466049194336,12.083138582612634,1.5525925636932394,-7.232756656736521,18.650392929637885,8.78145026529261,18.650392929637885,2.3270198227802816,9.11463137525999,9.11463137525999,163.84144067522254,155.1712897553721,155.1712897553721,163.84144067522254,9.860053908290968,19.924980193300325,19.924980193300325,19.84780985544351,19.84780985544351,19.12302797266603,19.969345293775714,2.0920879803582326,9.132762576498632,14.50732507333666,18.472231492536334,5.551658825423829,-0.3888397216796875,20.991128167176914,0
camera2_clip_20260318_190437_278671,113,38.22488652708415,64.78815726734888,64.78815726734888,27.072345936715045,25.503575504721546,27.072345936715045,96.84213806654566,90.71903894179981,144.02454205664495,152.36849585584093,25.25589768910487,20.547331865882732,12.115645074357673,7.754114963139127,25.25589768910487,20.547331865882732,-24.90765380859375,-20.273712158203125,64.78815726734888,25.503575504721546,152.36849585584093,20.547331865882732,32.093534700749466,3.362172187217558,-5.163708284097646,8.525880471315205,-89.45435373609287,1.8095796235243187,12.119237018919607,24.85300594970754,24.85300594970754,200.22832107543945,290.64786529541016,10.889529206486827,3.362172187217558,-5.163708284097646,18.608967372732216,12.846286445784328,18.608967372732216,7.267794107430448,18.04208498403097,18.04208498403097,166.51480612402398,154.33181330349763,154.33181330349763,166.51480612402398,4.900590245323025,21.445461613691688,21.445461613691688,12.182664186925953,12.182664186925953,13.103376618981502,12.577154976598505,2.3400559026673995,9.089863734928972,12.273960064308481,16.16206776190065,6.302395207872531,-0.7536163330078125,22.972699414457455,0
camera2_clip_20260318_190437_278671,114,23.50430937580688,64.45836804858347,64.45836804858347,25.57017647714039,20.561969662668357,25.57017647714039,97.9175886884793,90.25266881930666,147.52482106985153,157.47922261897094,25.28021580013192,22.584638729203004,12.400878298304669,9.277577278109254,25.28021580013192,22.584638729203004,-25.072296142578125,-22.31878662109375,64.45836804858347,20.561969662668357,157.47922261897094,22.584638729203004,26.418834247069935,4.885343981655863,-3.75198502335112,8.637329005006983,-89.5139513784365,1.523171794438305,10.968956946902756,13.449224971317754,13.449224971317754,200.55360794067383,290.5964050292969,9.879966260783007,4.885343981655863,-3.75198502335112,13.56639067311605,13.169458448768388,13.56639067311605,2.28348969247085,24.331995310276866,24.331995310276866,169.27064729383477,153.95834332813297,153.95834332813297,169.27064729383477,8.224375375470842,13.01157784897452,13.01157784897452,38.36302954115665,38.36302954115665,37.03091737063623,34.451677136263136,2.2167502152578047,9.657742280696262,22.838034499872613,18.149055455477427,6.0719404222455635,-0.9592437744140625,19.425024402624757,0
camera2_clip_20260318_190437_278671,115,20.54751551558052,47.34426529336578,47.34426529336578,21.161149533613884,14.128046727976189,21.161149533613884,97.34178095078087,89.98531376313778,153.0447264014578,161.21962828012477,25.301921707502075,24.02760802147138,12.59261210906053,10.597048258163502,25.301921707502075,24.02760802147138,-25.176971435546875,-23.783294677734375,47.34426529336578,14.128046727976189,161.21962828012477,24.02760802147138,20.159431983522534,5.877527364949119,-2.349606185676111,8.22713355062523,-90.08288482860617,0.9921833832932556,5.637865403935045,12.137749426663788,12.137749426663788,200.91242599487305,290.62049102783203,10.78876629695324,5.877527364949119,-2.349606185676111,12.605306863853512,15.461192242219783,15.461192242219783,3.2906956934569322,29.247283962613462,29.247283962613462,172.01160026779934,154.89762548010165,154.89762548010165,172.01160026779934,11.281079755177766,19.506290111257773,19.506290111257773,15.806301933123502,15.806301933123502,15.44634174720325,14.037850569534857,2.3018009878081753,10.227254610056494,8.777916707487053,7.581236671448715,6.321287033179294,-0.7291259765625,17.695703377476203,0
camera2_clip_20260318_190437_278671,116,23.60409430576514,53.11933998348814,53.11933998348814,18.585856421571602,21.315474175702864,21.315474175702864,98.17891925354316,88.79717842365389,156.127187781803,164.89403931573617,25.1081532477711,25.78855022713971,12.614296582583167,11.951640648135724,25.1081532477711,25.78855022713971,-25.059906005859375,-25.52874755859375,53.11933998348814,21.315474175702864,164.89403931573617,25.78855022713971,23.00932107784975,6.364604822518389,-1.2906648406306236,7.655269663149013,-90.74705725269456,0.4870774575692707,9.635255097122517,11.795906483448263,11.795906483448263,201.38808822631836,290.5888900756836,14.30132374083601,6.364604822518389,-1.2906648406306236,7.515431538987116,8.615012153100107,8.615012153100107,4.356931528434876,23.17068266710851,23.17068266710851,172.69711048165874,156.1085224578002,156.1085224578002,172.69711048165874,18.787103144835708,20.18322259085221,20.18322259085221,11.822425227535026,11.822425227535026,9.762854302269716,11.253054221009657,2.2245644503843276,9.708808475816504,7.4220091970759405,8.32123044484326,6.106678068672512,-0.665130615234375,18.39035917420142,0
camera2_clip_20260318_190437_278671,117,14.402183458493141,10.786023479380713,14.402183458493141,16.16442639044194,17.871559955816437,17.871559955816437,99.03491033299964,88.41372658338511,159.32600608495184,166.67018855401747,25.30299422792921,26.150066424548548,12.820127831067369,12.301033032670354,25.30299422792921,26.150066424548548,-25.296783447265625,-25.9073486328125,10.786023479380713,17.871559955816437,166.67018855401747,26.150066424548548,15.188635341401698,6.369242403279469,-0.6545755433368816,7.023817946616351,-91.18659188114538,0.004637580761079896,17.019986242246492,14.887632522031465,17.019986242246492,201.9729461669922,290.5331268310547,17.62530893909939,6.369242403279469,-0.6545755433368816,8.16768283203323,20.246952476801617,20.246952476801617,6.467102799917372,15.751574621719987,15.751574621719987,174.27955119740645,159.14966049843716,159.14966049843716,174.27955119740645,22.886882134629325,19.79442185599389,22.886882134629325,20.83532740548028,20.83532740548028,19.9223278989922,20.227505781803536,2.2036894993350793,9.180628989985177,15.821549956615481,16.483536573671163,6.056643430146549,-0.0658416748046875,15.370535730792133,0
camera2_clip_20260318_190437_278671,118,6.97047750509242,46.353713048544165,46.353713048544165,9.566286510163645,18.14155231113795,18.14155231113795,100.57059849515765,89.08762388665598,160.14590640157937,166.4744243793729,25.4193399000219,24.6808814892112,12.94002381384319,11.271722002570174,25.4193399000219,24.6808814892112,-25.417877197265625,-24.494598388671875,46.353713048544165,18.14155231113795,166.4744243793729,24.6808814892112,18.72665482952993,5.88461722791753,0.2941814048207771,5.590435823096753,-91.54507094892408,-0.4846251753619395,19.28614238777601,12.041757214465393,19.28614238777601,202.5768165588379,290.57254791259766,18.15467225361313,5.88461722791753,0.2941814048207771,25.54088354257061,49.52131765191221,49.52131765191221,34.231414924153526,47.49150537979174,47.49150537979174,175.2120515062738,164.4623366197561,164.4623366197561,175.2120515062738,26.350323453780653,16.66252650780212,26.350323453780653,19.19801279980533,19.19801279980533,16.266072499934594,17.95771155389667,2.1921268690216142,7.576511284654254,7.139277882561215,10.481141806519192,5.9106550193931495,0.70257568359375,26.013158369765872,0
camera2_clip_20260318_190437_278671,119,34.11223039463093,14.709413713519133,34.11223039463093,4.868101688260904,13.786490020750366,13.786490020750366,101.95309741587033,89.31979684177178,163.51291690104944,167.71746372004182,25.60200190918238,24.176029400308725,12.946642902848058,10.89908864394507,25.60200190918238,24.176029400308725,-25.548583984375,-24.035369873046875,14.709413713519133,13.786490020750366,167.71746372004182,24.176029400308725,15.24958160037549,4.947730513479535,0.3350038199694206,4.6127266935101146,-91.57427685726084,-0.9368867144379944,9.777186136665133,14.244067648426478,14.244067648426478,202.96223831176758,290.64575958251953,11.769404769134605,4.947730513479535,0.3350038199694206,14.602212029609419,13.149659073597794,14.602212029609419,16.052231766146804,14.247132959822316,16.052231766146804,175.08342483240156,166.75071170822048,166.75071170822048,175.08342483240156,11.573145129788472,12.471078619273893,12.471078619273893,40.76294103644196,40.76294103644196,40.45324827254306,30.224888291866886,2.528932408544299,6.2022973189196104,19.87556685233134,2.2699918468327347,6.631185982589781,0.096710205078125,14.466079098374303,0
camera2_clip_20260318_190437_278671,120,36.75245520675822,5.35501483604636,36.75245520675822,7.234493493127772,9.672654706905382,9.672654706905382,103.81842674063137,89.96733172471603,166.38632070652068,167.90838259818392,25.10402389379997,24.35202109598431,12.434161423437757,10.918346050478554,25.10402389379997,24.35202109598431,-24.910247802734375,-24.243072509765625,5.35501483604636,9.672654706905382,167.90838259818392,24.35202109598431,14.641991306973575,4.543057978843372,0.3198763816147781,4.223181597228594,-90.93543484683744,-0.4046725346361635,13.870999494812208,14.966330104191512,14.966330104191512,203.26730728149414,290.50048065185547,10.136850575323077,4.543057978843372,0.3198763816147781,4.947746540844505,12.238431485847768,12.238431485847768,16.08238683906933,18.819359239706642,18.819359239706642,176.49280510029675,167.54027560939412,167.54027560939412,176.49280510029675,7.449104108413361,6.4513981601464385,7.449104108413361,7.528664361977558,7.528664361977558,6.149541284699957,8.059945261063667,2.608467558513009,4.859668513416472,3.9402041228870672,10.945442195237266,6.7993745538529735,0.32611083984375,12.820031184655791,0
camera2_clip_20260318_190437_278671,121,50.57997490287954,14.274756642219957,50.57997490287954,5.617144601817924,11.686266880752822,11.686266880752822,105.98359320534203,90.65986065930718,171.14291288772046,167.32653813063163,25.2392252289432,24.041315397547027,12.374374432886569,10.756241252842086,25.2392252289432,24.041315397547027,-24.718902587890625,-23.9508056640625,14.274756642219957,11.686266880752822,167.32653813063163,24.041315397547027,17.584444521640854,3.8727381448014353,0.552326471423653,3.3204116733777824,-90.23428354264,-0.6703198340419365,9.260428574340628,14.088095527834252,14.088095527834252,203.47233963012695,290.2975540161133,8.654232209247489,3.8727381448014353,0.552326471423653,18.091705609486436,9.891094142823555,18.091705609486436,27.701024467206775,15.053142772133333,27.701024467206775,179.9312774913368,168.43249813556304,168.43249813556304,179.9312774913368,11.205777183537403,10.263301274870715,11.205777183537403,3.0267652451073843,3.0267652451073843,1.737603908811211,4.688088260931835,2.7163020332667953,3.7471695309819233,3.811505296020378,10.054503275777481,7.0305755123508495,0.29144287109375,16.47605938165861,0
camera2_clip_20260318_190437_278671,122,58.893149615475195,25.888974042029833,58.893149615475195,17.090314771428197,10.549526080091802,17.090314771428197,109.21403310070677,91.44264947446204,174.19317785049165,167.48981693296784,25.53677202268588,24.695530261757572,12.631669170805345,11.29335127301902,25.53677202268588,24.695530261757572,-24.504638671875,-24.62786865234375,25.888974042029833,10.549526080091802,167.48981693296784,24.695530261757572,22.043057562999394,3.6827626889347873,0.9826231890741628,2.7001394998606245,-89.77820960050524,-0.189975455866648,7.160077838343491,12.676303030627844,12.676303030627844,203.61487197875977,290.28636169433594,4.289133318771741,3.6827626889347873,0.9826231890741628,11.151438976378804,8.326585861876323,11.151438976378804,7.449310190152679,9.045363175119562,9.045363175119562,179.6815924007241,168.18200931427126,168.18200931427126,179.6815924007241,7.40520981213345,6.069394341139473,7.40520981213345,18.29434989769855,18.29434989769855,18.973508656646437,13.149364293744753,2.926330123075459,2.902179968688501,12.091236643790293,8.723014042644628,7.4585194496032585,-0.4212799072265625,15.142137311233057,0
camera2_clip_20260318_190437_278671,123,68.85254667241618,47.85464687357248,68.85254667241618,24.894959213170296,27.088006541049296,27.088006541049296,113.31481236855132,91.06442538062049,176.55869718774377,171.14523832505807,25.993370458043277,26.25166520974104,13.109204657920845,12.38019046159886,25.993370458043277,26.25166520974104,-24.171356201171875,-26.213287353515625,47.85464687357248,27.088006541049296,171.14523832505807,26.25166520974104,32.317571079485965,3.38144554844557,0.6501485720878794,2.7312969763576906,-88.9981456899015,-0.3013171404892172,3.061646363195237,22.15362081351227,22.15362081351227,203.84636688232422,290.17510986328125,7.705204362014194,3.38144554844557,0.6501485720878794,14.216819242536335,25.947653655290324,25.947653655290324,28.409735498393488,38.30749184604024,38.30749184604024,179.9170881606472,167.636238473815,167.636238473815,179.9170881606472,8.239713795916517,11.042713857145692,11.042713857145692,12.036354570686578,12.036354570686578,9.408532429937337,12.84519980583394,3.0356080961318823,2.222212171704782,5.326943118214745,15.48761120789399,7.777778711818132,-0.617431640625,26.672462864353196,0
camera2_clip_20260318_190437_278671,124,60.07501607227869,13.850875065599201,60.07501607227869,22.353038207789186,12.907783237728472,22.353038207789186,117.11050031747202,90.34787519182606,178.4213544973524,171.87507729358177,25.894730092601872,26.415850587036676,13.107688125746668,12.54667714257524,25.894730092601872,26.415850587036676,-23.21197509765625,-26.366546630859375,13.850875065599201,12.907783237728472,171.87507729358177,26.415850587036676,20.542018476070105,3.5073590328984876,0.7732716345733907,2.734087398325097,-88.90998586520735,0.1259134844529175,6.396221825256379,7.6691764477687006,7.6691764477687006,204.05198669433594,290.11256408691406,6.447661057298058,3.5073590328984876,0.7732716345733907,1.8646215260890089,3.092908018585002,3.092908018585002,8.590070301095903,1.4627058640806339,8.590070301095903,179.67192906220143,167.52025117064355,167.52025117064355,179.67192906220143,6.348184888174638,5.498369497112826,6.348184888174638,41.40329291051059,41.40329291051059,36.90566009590113,35.91071532443011,2.9904848418759413,1.434412323555619,18.927757384039538,16.481972800157195,7.646179495822685,0.4578094482421875,12.509080912629885,0
camera2_clip_20260318_190437_278671,125,62.95949456428445,14.454333699436196,62.95949456428445,24.09735561425794,16.780064618794352,24.09735561425794,120.97423312565901,89.11582946081683,179.21747941086633,173.741004734389,26.87024723608044,26.525095672143216,13.804534139804076,12.666548253774332,26.87024723608044,26.525095672143216,-23.134979248046875,-26.46466064453125,14.454333699436196,16.780064618794352,173.741004734389,26.525095672143216,22.151037310875406,3.193223764264305,0.7897666271294329,2.403457137134872,-89.07779978659087,-0.31413526863418273,6.2042230173571316,8.410752351122367,8.410752351122367,204.26577758789062,290.3102569580078,8.735566135253146,3.193223764264305,0.7897666271294329,12.487654564949096,10.573675922445998,12.487654564949096,6.641067947663211,10.612557647497116,10.612557647497116,178.35783044895587,167.6204026590577,167.6204026590577,178.35783044895587,10.53064994723511,10.609379410918361,10.609379410918361,30.835709401921115,30.835709401921115,27.620281387791625,25.86153412683492,2.925671684465063,0.7811530825368715,13.168430509253767,10.304427180723888,7.520391840672759,-0.1613922119140625,16.196767442163445,0
camera2_clip_20260318_190437_278671,126,44.795862578449835,12.215017079305966,44.795862578449835,20.62230321304457,15.165517477045027,20.62230321304457,124.29439277487297,87.73810782668636,179.26066552744842,175.92358094856792,26.833160464899592,26.671706154573936,13.76280045454796,12.732369423536017,26.833160464899592,26.671706154573936,-22.26788330078125,-26.599853515625,12.215017079305966,15.165517477045027,175.92358094856792,26.671706154573936,16.95533001614834,3.32673466159286,0.8540992091072609,2.472635452485599,-89.29389187102569,0.13351089732855526,3.133113416765056,5.800166332279605,5.800166332279605,204.3942756652832,290.548095703125,8.1099397109508,3.32673466159286,0.8540992091072609,23.109427491441814,14.903164224798983,23.109427491441814,15.521270769924019,16.914897787539147,16.914897787539147,175.135364013949,167.97431416561284,167.97431416561284,175.135364013949,11.887289997100401,11.940754465423913,11.940754465423913,29.995241858850306,29.995241858850306,27.658743978243827,23.00551344764628,2.764151471752223,0.2277269887953839,13.337982650588236,5.21630220565469,7.204106727943156,0.2444000244140625,16.33406540275986,0
camera2_clip_20260318_190437_278671,127,36.01940543790433,9.99857208857846,36.01940543790433,15.606934592119842,14.308806408419542,15.606934592119842,126.39088551851823,86.16844887613995,179.86412506427735,177.93207256824178,26.7785508056321,26.693166980177754,13.624997148110548,12.624817035476516,26.7785508056321,26.693166980177754,-21.5372314453125,-26.59918212890625,9.99857208857846,14.308806408419542,177.93207256824178,26.693166980177754,14.040354329802788,3.7500908737992957,1.1308486261585278,2.619242247640768,-89.42210751665893,0.4233562122064356,2.862638691709642,5.445768760084905,5.445768760084905,204.39289474487305,290.74769592285156,5.988149897127166,3.7500908737992957,1.1308486261585278,11.615235082037149,14.446292902339254,14.446292902339254,3.4179612977082887,13.197566392449886,13.197566392449886,174.18322121797948,168.6126302861227,168.6126302861227,174.18322121797948,7.685895032461467,8.80983678654497,8.80983678654497,34.669648930305435,34.669648930305435,34.896853870213214,25.261745447631647,2.4366326453344955,0.29780548419013625,20.727110212964668,3.2301841723506106,6.487829367630344,0.23883056640625,11.951242789363144,0
camera2_clip_20260318_190437_278671,128,32.203971226996984,5.247321329709997,32.203971226996984,11.837819676830955,8.961566309590122,11.837819676830955,127.39788703491845,85.0741407262756,177.67349654848954,178.00184299193816,26.72611880711211,26.621107602150825,13.501967128583683,12.455954856736064,26.72611880711211,26.621107602150825,-20.894866943359375,-26.481964111328125,5.247321329709997,8.961566309590122,178.00184299193816,26.621107602150825,12.61958577221671,4.351866857841057,1.3913675109443449,2.9604993468967122,-89.72371835657995,0.6017759840417614,5.454025551907492,12.012810538264716,12.012810538264716,204.21683502197266,290.94313049316406,7.891294416690741,4.351866857841057,1.3913675109443449,5.538925902292416,5.087319861923353,5.538925902292416,5.822505027922302,13.70601715542092,13.70601715542092,173.67296965536,167.45667284192567,167.45667284192567,173.67296965536,6.746130621532673,9.74741171547669,9.74741171547669,30.399993303547316,30.399993303547316,30.824948436304982,22.113005082425484,2.1428010906256763,1.0282167984872217,15.917763083393062,4.885542680878554,5.8464879318028515,0.2315673828125,10.197152076489052,0
camera2_clip_20260318_190437_278671,129,21.131767826758566,7.355616125138652,21.131767826758566,12.718413503933768,10.626942825321155,12.718413503933768,127.975427869791,84.51109221061517,176.94880188683118,177.91511084521736,26.898433237150947,26.224732086116042,13.549414253529392,11.916860355461393,26.898433237150947,26.224732086116042,-20.751953125,-26.0594482421875,7.355616125138652,10.626942825321155,177.91511084521736,26.224732086116042,11.005833816088108,5.19810771673073,2.10271757731862,3.09539013941211,-89.65214742028829,0.846240858889673,7.167165755748198,7.035096859628308,7.167165755748198,204.03693771362305,291.0320510864258,6.020209474071929,5.19810771673073,2.10271757731862,3.8412657213224897,10.8476545056035,10.8476545056035,6.91273686159095,12.093358720019271,12.093358720019271,172.59657619955533,167.65800472994857,167.65800472994857,172.59657619955533,6.773667769453097,6.351037005472894,6.773667769453097,10.972737307816102,10.972737307816102,13.01549278806921,9.190623875671093,1.917455509616876,1.9445449100416576,9.093297027675424,8.47178591021253,5.364318580376996,0.17626953125,9.404560289999237,0
camera2_clip_20260318_190437_278671,130,12.465266418254464,11.369778356907112,12.465266418254464,6.092162148907076,10.696918767183208,10.696918767183208,127.56784850124872,84.41386042714866,175.7592140455794,175.7050813094272,26.533160690232265,25.985759792547025,13.21666569392412,11.565327084878662,26.533160690232265,25.985759792547025,-20.420867919921875,-25.763671875,11.369778356907112,10.696918767183208,175.7050813094272,25.985759792547025,9.480201673853022,6.291382747671825,2.7991434330591525,3.492239314612673,-89.48259308775434,1.0932750309410952,8.954787738422397,7.30229661344387,8.954787738422397,203.81135177612305,291.0988540649414,7.058079612945837,6.291382747671825,2.7991434330591525,5.967419464248605,8.843265017669502,8.843265017669502,8.039125546522346,8.391186507413025,8.391186507413025,172.49108801889753,167.97348847898775,167.97348847898775,172.49108801889753,10.143336839577785,6.734526868502334,10.143336839577785,3.5882226404104007,3.5882226404104007,2.1679340018245603,4.174961789839317,1.8681153430284112,3.88825861424029,1.9632702076119806,4.926477732414578,5.240220541283529,0.2316436767578125,8.750005857254312,0
camera2_clip_20260318_190437_278671,131,3.5035022100761073,12.678930942115114,12.678930942115114,6.078952718544141,7.309304788693834,7.309304788693834,126.54859459985742,84.27453825795534,174.56504258158992,173.2661333285076,26.364267259603785,25.79889619088307,13.030519396454611,11.321248646653475,26.364267259603785,25.79889619088307,-20.421600341796875,-25.503753662109375,12.678930942115114,7.309304788693834,173.2661333285076,25.79889619088307,7.661293251284878,7.090958295854664,3.242187862608798,3.848770433245866,-89.20757540593324,0.7995755481828386,10.88791500762584,5.50915384065423,10.88791500762584,203.5210304260254,291.1455612182617,8.821634771652688,7.090958295854664,3.242187862608798,9.492546931278675,8.728420526144799,9.492546931278675,5.224656185047403,6.920366726755653,6.920366726755653,173.01655961580653,168.1976827385125,168.1976827385125,173.01655961580653,13.520277316855418,8.438377992824446,13.520277316855418,11.404222442305981,11.404222442305981,8.342120237620977,10.377680456841533,1.8368173499761289,6.010102140268712,1.0997038389050688,7.586613067941782,5.129956960845724,0.088531494140625,8.191033765551305,0
camera2_clip_20260318_190437_278671,132,9.89736842548361,16.301614962082013,16.301614962082013,1.6868765220625508,4.161357303303311,4.161357303303311,125.88601057817446,84.02481101737816,174.43966487791704,171.5724937706482,26.114413616263,25.636634609663982,12.763890748830692,11.152603534246513,26.114413616263,25.636634609663982,-20.4088134765625,-25.27532958984375,16.301614962082013,4.161357303303311,171.5724937706482,25.636634609663982,6.714214402072753,7.438785815444736,3.327438253277387,4.111347562167349,-88.77546587050527,0.34782751959007197,5.690218613708082,2.5478505857969482,5.690218613708082,203.3988265991211,291.06336212158203,4.4183051189919835,7.438785815444736,3.327438253277387,5.076881036248822,7.142228039516617,7.142228039516617,4.1368329705092926,5.564948085480668,5.564948085480668,172.96946336253149,169.10344734288427,169.10344734288427,172.96946336253149,9.21415084059592,5.014494705072378,9.21415084059592,14.345264700778895,14.345264700778895,11.83310578424461,10.197633744176397,1.8870409945525943,7.170183976436091,5.709313373045157,2.1173840210295993,5.110013153550223,0.22442626953125,6.36956850748835,0
camera2_clip_20260318_190437_278671,133,20.657042549132267,25.011445945677075,25.011445945677075,2.197275590874006,9.899639163770036,9.899639163770036,124.55423947407265,83.89067039755088,173.89563250188118,168.7304999752486,25.35540195377539,25.14151741778413,12.146201789005582,10.950185043294764,25.35540195377539,25.14151741778413,-20.12274169921875,-24.680267333984375,25.011445945677075,9.899639163770036,168.7304999752486,25.14151741778413,11.403580808644918,7.166052809148787,3.074831301414164,4.091221507734623,-88.5197533459394,-0.2727330062959492,7.96524343667575,2.6908381657403737,7.96524343667575,203.19378280639648,290.9513626098633,7.0091485077802345,7.166052809148787,3.074831301414164,7.177698057433133,6.933528619446903,7.177698057433133,4.6373572042554025,2.5703803150599467,4.6373572042554025,172.89067489404073,169.58352845335855,169.58352845335855,172.89067489404073,11.663431778015365,7.355558521960729,11.663431778015365,9.15132782028706,9.15132782028706,9.136222732929664,7.671208038492699,1.9350333088222254,6.899511091415194,6.7306808388033454,2.743463080477632,5.242952697171849,0.5057525634765625,9.06328661233675,0
camera2_clip_20260318_190437_278671,134,21.817629243266527,27.037973257322516,27.037973257322516,1.5214514395193703,19.899522098900025,19.899522098900025,123.66494300339963,82.73951321873639,175.01278706396815,168.84729782403048,24.669955064010402,24.526472119265048,11.490629521205127,10.786838885935774,24.669955064010402,24.526472119265048,-19.962066650390625,-23.977935791015625,27.037973257322516,19.899522098900025,168.84729782403048,24.526472119265048,14.025370737834024,6.67255969089756,2.701879135062689,3.9706805558348712,-88.26672610338484,-0.49349311825122655,7.192863168622077,6.682785219373624,7.192863168622077,202.94499588012695,290.7741241455078,9.163927495171126,6.67255969089756,2.701879135062689,10.009471167908702,9.495416076714571,10.009471167908702,5.4484096818618015,7.5286757875388375,7.5286757875388375,173.04804449836115,169.19568548852462,169.19568548852462,173.04804449836115,12.71384272337518,11.155873916777386,12.71384272337518,9.08648855288217,9.08648855288217,9.512892147432666,6.805020335145693,2.024558357298491,7.238567585721981,7.6571930105683,2.8363097691332726,5.400852688829284,0.5419464111328125,11.708659481765052,0
camera2_clip_20260318_190437_278671,135,17.755559198698467,27.64447997772876,27.64447997772876,5.424689335459331,22.26942430255411,22.26942430255411,122.30070380983406,80.58587207239694,176.32386254064525,170.59071360235447,24.233121394911002,23.977064033449675,11.016850316149732,10.624886264886944,24.233121394911002,23.977064033449675,-20.097015380859375,-23.307861328125,27.64447997772876,22.26942430255411,170.59071360235447,23.977064033449675,16.188052942674812,5.968472737212349,2.2419680730203746,3.7265046641919746,-88.52033692614292,-0.704086953685211,11.173580172302621,12.860584669305581,12.860584669305581,202.6491928100586,290.534423828125,11.421914400561711,5.968472737212349,2.2419680730203746,7.79527885841358,10.918972680641229,10.918972680641229,6.518693317053625,6.97065162292292,6.97065162292292,172.0874966036332,168.45970068883258,168.45970068883258,172.0874966036332,11.39094118316707,12.820343874451849,12.820343874451849,6.496734418447246,6.496734418447246,7.472038836841282,5.848286125607396,2.077455934409539,7.559047209623393,10.644188678548568,6.903292604488749,5.5252717747358755,0.41790771484375,12.795266599391594,0
camera2_clip_20260318_190437_278671,136,17.588699617160025,33.406633387866684,33.406633387866684,10.498741064850755,14.457470875193433,14.457470875193433,121.36223630795267,78.30061950117395,178.34190778779504,170.20960045292009,24.387981378695248,23.32849801857933,10.956889970197105,10.213491007082569,24.387981378695248,23.32849801857933,-20.657989501953125,-22.42828369140625,33.406633387866684,14.457470875193433,170.20960045292009,23.32849801857933,15.973524168255134,5.625657306518318,1.9619134725320773,3.6637438339862403,-88.69977304943917,-0.3428154306940314,9.611517529955647,10.278082534504271,10.278082534504271,202.3764533996582,290.37493896484375,9.478395794714027,5.625657306518318,1.9619134725320773,11.135917641492673,7.744675964441946,11.135917641492673,17.26562584484862,7.637568131453557,17.26562584484862,171.72329149755905,167.90640438314608,167.90640438314608,171.72329149755905,9.722898752675754,10.063216734951013,10.063216734951013,4.075582340546195,4.075582340546195,5.550759233233756,4.7638485091003036,2.130614426860654,7.66904874641209,9.636573795052575,6.020164915051648,5.658500301222648,0.24090576171875,13.284254006616196,0
camera2_clip_20260318_190437_278671,137,9.67248724338487,43.59414661903848,43.59414661903848,9.34016405882154,18.84049219644468,18.84049219644468,119.75348057526922,75.9567440361243,179.1666814660002,169.9508349341966,24.158787018151337,22.315904765757136,10.65382913862816,9.518873084120933,24.158787018151337,22.315904765757136,-20.896575927734375,-21.18585205078125,43.59414661903848,18.84049219644468,169.9508349341966,22.315904765757136,18.57775751782895,5.17049352838874,1.6727535401463118,3.4977399882424285,-89.1923879993801,-0.4551637781295774,16.805927510429647,13.213327478854486,16.805927510429647,202.0223503112793,290.21534729003906,11.65215215656748,5.17049352838874,1.6727535401463118,14.582380639492047,6.05490395712785,14.582380639492047,30.606832522956026,4.386490522920434,30.606832522956026,170.8105627751798,166.85411310148064,166.85411310148064,170.8105627751798,10.692492253928627,7.414765706556945,10.692492253928627,2.1556464593214733,2.1556464593214733,6.297700132237339,2.885129144585413,2.2473161153978856,7.310162382423695,18.6948542101604,6.463991079037888,6.068316598627262,0.644989013671875,15.433700892496304,0
camera2_clip_20260318_190437_278671,138,15.71507294512245,38.62353235034887,38.62353235034887,12.798938472195855,17.77741356603672,17.77741356603672,118.6448907768729,72.89627955919968,179.18016639598076,171.3670222811951,24.428253933560317,21.45474224915043,10.729879463076262,8.872026018298234,24.428253933560317,21.45474224915043,-21.5115966796875,-20.074676513671875,38.62353235034887,17.77741356603672,171.3670222811951,21.45474224915043,19.539379466315484,4.8693911204012235,1.5131917082719557,3.3561994121292678,-89.59790246903789,-0.30110240798751686,15.542733507786133,16.7785859564029,16.7785859564029,201.59981155395508,290.1065902709961,13.089323189874522,4.8693911204012235,1.5131917082719557,14.195007605058777,0.9030173670053738,14.195007605058777,38.25744124051138,4.031615097609858,38.25744124051138,169.12441752264013,166.34287510918236,166.34287510918236,169.12441752264013,10.828558069786654,9.321776632602962,10.828558069786654,15.14737942816145,15.14737942816145,17.424554456405172,13.104293425170052,2.3921419705646576,7.600729461127551,20.908318370165624,11.323215871980198,6.3875903141688015,0.382354736328125,16.231141067538992,0
camera2_clip_20260318_190437_278671,139,10.355843185229984,39.511422295773485,39.511422295773485,13.5637486956697,15.814559102277503,15.814559102277503,117.28449466521066,71.6771015117644,178.64978400600003,169.3710124958779,24.4870101890892,20.394479641245603,10.628122139302642,8.149515866797387,24.4870101890892,20.394479641245603,-21.87628173828125,-18.83526611328125,39.511422295773485,15.814559102277503,169.3710124958779,20.394479641245603,18.31513261012268,4.670543209820181,1.5975957216420014,3.0729474881781798,-89.89517380387419,-0.19884791058104234,17.135386304882193,13.509836076903227,17.135386304882193,201.16338348388672,290.06211853027344,13.160641187261598,4.670543209820181,1.5975957216420014,14.70360674256379,7.472096930238887,14.70360674256379,46.283919247104684,6.235689805250771,46.283919247104684,166.54190257734106,167.1607303803692,167.1607303803692,166.54190257734106,13.530962188960237,8.524613197510044,13.530962188960237,33.56165262553122,33.56165262553122,34.31780668327008,26.474239674994234,2.6701455019567213,7.576338761828242,29.61675163462828,11.140880268345413,7.055656014028664,0.4786376953125,17.220140314363704,0
camera2_clip_20260318_190437_278671,140,29.674581267713158,46.32435058892358,46.32435058892358,20.533377099771972,13.594795127269915,20.533377099771972,116.48321684246307,69.82755310529546,177.74376671904537,164.83207159810192,25.212678523973743,19.30613536347232,10.989383274788665,7.392260906101167,25.212678523973743,19.30613536347232,-22.756591796875,-17.36370849609375,46.32435058892358,13.594795127269915,164.83207159810192,19.30613536347232,23.13504704419199,4.294350096673995,1.5195061215805605,2.774843975093434,-90.14401568372789,-0.3761931131461864,15.744595639262734,12.938582542210547,15.744595639262734,200.74823760986328,290.04698181152344,12.462652016159337,4.294350096673995,1.5195061215805605,16.006139833670918,5.065329092338536,16.006139833670918,57.61622656327997,6.258063434541632,57.61622656327997,163.28399198767892,167.6306194431758,167.6306194431758,163.28399198767892,12.921175903976486,8.407221061395898,12.921175903976486,21.55120603071201,21.55120603071201,23.46342732762272,18.88858099822784,2.8261717738327503,7.193851459105654,23.099177720670994,12.09569793915418,7.424562776787305,0.3086700439453125,20.423703179529614,0
camera2_clip_20260318_190437_278671,141,21.210393330603964,52.796776577460754,52.796776577460754,17.987021988878194,20.285662971164076,20.285662971164076,115.49245701771665,68.01267830271335,177.63339041534093,160.98521732789789,25.5675701437597,17.904212201255472,11.150921686877766,6.474080765910237,25.5675701437597,17.904212201255472,-23.272796630859375,-15.696624755859375,52.796776577460754,20.285662971164076,160.98521732789789,17.904212201255472,24.518840950596758,3.6881118244377724,1.4091250626079206,2.278986761829852,-90.53122653777375,-0.6062382722362223,17.92430722747333,16.908883608000213,17.92430722747333,200.26747131347656,290.02140045166016,14.443392051123977,3.6881118244377724,1.4091250626079206,14.582573331602397,8.607227195183217,14.582573331602397,59.41596601084965,2.7985504036560664,59.41596601084965,159.5353201282436,168.2972173895482,168.2972173895482,159.5353201282436,13.412237773258168,10.414501168247641,13.412237773258168,25.302955645981715,25.302955645981715,27.116555096514695,22.33734289503245,2.988204622532844,6.668712914929757,26.434890915874327,15.062749229937417,7.8024484768370215,0.54266357421875,21.362008465531474,0
camera2_clip_20260318_190437_278671,142,30.685686470558807,22.89049655671587,30.685686470558807,23.40172373003338,13.53825240362022,23.40172373003338,114.57968154652963,65.97027198021043,177.6031006417939,157.9000411873257,26.037400708837485,17.457868773791528,11.459250902262982,6.321459504568852,26.037400708837485,17.457868773791528,-23.873321533203125,-14.8277587890625,22.89049655671587,13.53825240362022,157.9000411873257,17.457868773791528,22.32129204694789,3.0691360222129833,1.3887932723145893,1.680342749898394,-91.00109564524378,-0.6189758022247891,23.20887825272771,20.20271486803135,23.20887825272771,199.68508911132812,290.1185836791992,17.71305304527583,3.0691360222129833,1.3887932723145893,20.33703419362521,11.629551275258644,20.33703419362521,56.844445316893136,0.7208741613128187,56.844445316893136,156.80839070335776,169.05300205527524,169.05300205527524,156.80839070335776,15.828397625325657,12.422080263205297,15.828397625325657,32.12647654707616,32.12647654707616,33.095817201304655,30.469126982144893,3.0737376127773586,5.783753506758649,30.05163664364627,24.269091641933503,7.979960087414798,-0.057373046875,20.97584459310901,0
camera2_clip_20260318_190437_278671,143,21.8559562738032,47.07262535368498,47.07262535368498,19.613014755858337,8.269697557055528,19.613014755858337,113.89698838814236,64.41494988852224,177.4862641097631,149.501661443693,26.350752316915834,16.064383381196492,11.636541503204315,5.054124630037777,26.350752316915834,16.064383381196492,-24.2940673828125,-13.195587158203125,47.07262535368498,8.269697557055528,149.501661443693,16.064383381196492,22.51730776593801,3.2922044497554452,1.7380544137850906,1.5541500359703546,-91.52183146018976,0.22306842754246192,20.575788942570348,17.716763712655673,20.575788942570348,199.19203186035156,290.26952362060547,15.469307896187807,3.2922044497554452,1.7380544137850906,23.92737358643064,12.08150647815466,23.92737358643064,52.03175735387367,1.1984767859042724,52.03175735387367,155.44084410886867,169.97563836176602,169.97563836176602,155.44084410886867,14.076288772099998,10.069330264148995,14.076288772099998,22.675495478581446,22.675495478581446,21.500522400230295,24.723976719542936,2.961319911641532,5.689530349644626,19.720218014108212,25.97588376407957,7.758390758810609,0.4519195556640625,20.707381653020025,0
camera2_clip_20260318_190437_278671,144,36.68235183368802,37.148818820168074,37.148818820168074,27.794646938686583,7.509687595991382,27.794646938686583,113.55188940411779,61.988630686243525,177.9434748944206,139.18993071798118,27.045795064619437,15.155551829952978,11.950941703013843,4.067820003255309,27.045795064619437,15.155551829952978,-24.961090087890625,-11.924102783203125,37.148818820168074,7.509687595991382,139.18993071798118,15.155551829952978,25.125231994521613,3.0048726051286345,1.820835011660995,1.1840375934676395,-92.25134943269644,-0.2873318446268107,19.995621999719003,21.620264778876628,21.620264778876628,198.7067527770996,290.61238861083984,17.82545851172549,3.0048726051286345,1.820835011660995,34.69039329418654,24.242723339949784,34.69039329418654,57.41758597118266,11.048932232803745,57.41758597118266,155.23866934034712,171.9493841446514,171.9493841446514,155.23866934034712,17.282836198683817,17.802171918638685,17.802171918638685,12.097190399803514,12.097190399803514,9.694111082611355,19.202697454882152,2.6313416648979873,5.0621045203443416,12.962358459676855,33.75302247828584,7.063544841931706,0.1157379150390625,26.103002910214574,0
camera2_clip_20260318_190437_278671,145,15.083429575167068,68.61226467074583,68.61226467074583,16.312168355614443,37.87409888312551,37.87409888312551,112.57442054369922,64.44392312649438,179.02280693534675,151.07119745569196,26.783430503362545,15.84305135399926,11.820103558148443,3.7260354633600317,26.783430503362545,15.84305135399926,-24.808013916015625,-13.422698974609375,68.61226467074583,37.87409888312551,151.07119745569196,15.84305135399926,30.39010952365521,3.0669246985409235,1.930260462770965,1.1366642357699586,-92.67144644044012,0.06205209341228901,24.95255950906234,19.50613614821603,24.95255950906234,198.0920295715332,290.9260940551758,20.704254459918655,3.0669246985409235,1.930260462770965,46.32244269678416,26.13077022474341,46.32244269678416,43.53474562821613,11.681895896477245,43.53474562821613,157.27972075482992,174.3353371615459,174.3353371615459,157.27972075482992,23.03893382291426,18.821587686520576,23.03893382291426,27.03416168038457,27.03416168038457,26.493101774986368,29.560403373368057,2.510150395716977,3.9471751736647924,26.000039697612348,30.140565925157595,6.893963654053299,-0.82696533203125,29.322586091465585,0
camera2_clip_20260318_190437_278671,146,15.409195710477325,98.68814201175688,98.68814201175688,23.482384938057358,21.442228177541498,23.482384938057358,112.41546648998745,65.52459316917646,177.94696059501578,178.68343125302593,26.39501872976009,17.943955054178822,11.682780911547887,4.915012382379581,26.39501872976009,17.943955054178822,-24.557220458984375,-16.377960205078125,98.68814201175688,21.442228177541498,178.68343125302593,17.943955054178822,33.529833647553865,2.446700122089981,1.6614371390807288,0.7852629830092523,-92.81989808305148,-0.6202245764509424,27.28814868322867,14.868902364261501,27.28814868322867,197.44306182861328,291.19615173339844,21.087466723763445,2.446700122089981,1.6614371390807288,49.17323553370346,21.39372362096349,49.17323553370346,36.25926044795672,14.028832963657633,36.25926044795672,159.81037876764557,175.6553776386669,175.6553776386669,159.81037876764557,28.532542292805207,19.899973211067493,28.532542292805207,29.067412948224316,29.067412948224316,27.711461537014955,31.451247823521996,2.365051479812625,2.8223841068542765,25.066317513490723,30.43963267500116,6.687062574170932,-1.36199951171875,30.87221416295644,0
camera2_clip_20260318_190437_278671,147,22.082458443818123,49.404991349413685,49.404991349413685,21.93173982442129,24.455916551309443,24.455916551309443,111.45762644822561,63.01807772599166,178.33872256007723,170.47928820226758,26.523734262426537,16.819292346060852,12.016481226421629,4.167053131469602,26.523734262426537,16.819292346060852,-24.810638427734375,-15.28863525390625,49.404991349413685,24.455916551309443,170.47928820226758,16.819292346060852,28.446091410024604,2.020308772906959,1.484012677288103,0.5362960956188558,-92.9520628466033,-0.42639134918302224,30.48473671313183,22.316705578053238,30.48473671313183,196.62625122070312,291.39205169677734,25.199220788781826,2.020308772906959,1.484012677288103,50.492260207294365,19.772108356623534,50.492260207294365,33.56533463507831,12.300848668592987,33.56533463507831,163.08307031051064,175.8244287858106,175.8244287858106,163.08307031051064,30.999487516905774,24.78908929072359,30.999487516905774,24.65766054680135,24.65766054680135,22.74032728691749,25.05599023253032,2.295836903385553,3.690258202682125,24.08317215594152,24.844638997211483,6.670096920618691,0.549102783203125,28.549639761280517,0
camera2_clip_20260318_190437_278671,148,26.828108887457216,81.60277925883442,81.60277925883442,28.058831132380927,33.95923300675286,33.95923300675286,110.7425112236967,65.05762872105583,178.6287547969653,165.59371464483587,26.748041800522504,19.039106067765914,12.047562688713198,6.362211126091895,26.748041800522504,19.039106067765914,-25.11492919921875,-17.871124267578125,81.60277925883442,33.95923300675286,165.59371464483587,19.039106067765914,37.14341671267814,1.0992952723552283,0.8558800985235112,0.24341517383171707,-92.66031053482237,-0.9210135005517306,29.09728106584459,23.31426692479883,29.09728106584459,195.6927032470703,291.46590423583984,28.093939113978262,1.0992952723552283,0.8558800985235112,41.24491968488096,17.71519359426655,41.24491968488096,18.47105132379622,11.094606503521256,18.47105132379622,165.53660771660554,175.5719372996941,175.5719372996941,165.53660771660554,33.6526916566733,27.421786540451176,33.6526916566733,53.804233264438906,53.804233264438906,52.87228437823626,45.93528803890484,2.537576678080898,3.8975407962486552,41.10186224471759,26.605698455928028,7.167265771349987,-1.4298248291015625,31.038395798304865,0
camera2_clip_20260318_190437_278671,149,24.70100679943419,52.651152541135104,52.651152541135104,28.462254040700433,46.544427817818644,46.544427817818644,109.7736058128594,63.13772678808707,178.26887314665117,163.24140044918465,26.875477219628,17.815577341501964,12.283905229300776,6.159796551754468,26.875477219628,17.815577341501964,-25.4139404296875,-16.616546630859375,52.651152541135104,46.544427817818644,163.24140044918465,17.815577341501964,35.85263748292953,0.35146381135937943,0.32521748287522056,0.026246328484158865,-92.3657564732592,-0.7478314609958489,36.559199132035424,26.197784566453397,36.559199132035424,194.58286666870117,291.40252685546875,33.34934078397865,0.35146381135937943,0.32521748287522056,37.857073000404604,10.11383392286966,37.857073000404604,8.420686024631525,10.604486798698629,10.604486798698629,168.33140301720655,173.86600978651936,173.86600978651936,168.33140301720655,40.2834343470093,30.9278864886154,40.2834343470093,58.4015042863663,58.4015042863663,56.04504107169972,50.929070317127085,2.7546568951675505,5.214715074126122,42.72304298499506,31.274598989900326,7.634100934181103,0.562225341796875,29.443602123317195,0
camera2_clip_20260318_190437_278671,150,32.53103099612378,157.51111012946373,157.51111012946373,33.855683565696154,68.87475665095805,68.87475665095805,109.52044199687678,53.90642643030989,177.4240089011446,149.58818485442214,27.22197326864498,13.33629582794852,12.505954653345926,3.1919204704440975,27.22197326864498,13.33629582794852,-25.83966064453125,-11.648956298828125,157.51111012946373,68.87475665095805,149.58818485442214,13.33629582794852,59.074403903014996,-0.749193717237049,-0.036191473168248126,0.7130022440688009,-92.04422253024777,-1.1006575285964284,33.66447680691567,28.009365268932566,33.66447680691567,193.4901351928711,291.41607666015625,32.78446442950022,-0.749193717237049,-0.036191473168248126,31.260696184336535,17.902956862920252,31.260696184336535,7.506744748523546,6.989383763066823,7.506744748523546,169.8765371649917,173.3865999403377,173.3865999403377,169.8765371649917,37.572239658856674,32.994070937220776,37.572239658856674,48.74975637400255,48.74975637400255,47.01468120140028,45.609000235695866,2.842146849507038,6.419646451556488,38.39945788521775,35.93254730347666,7.772474870071356,2.3194732666015625,40.72270963108455,0
camera2_clip_20260318_190437_278671,151,38.497545767969555,194.4467746421178,194.4467746421178,31.44124850265728,59.51634514725487,59.51634514725487,108.3926010709222,42.76028074920319,177.82666055906373,55.002507475583336,27.888369029836277,8.879077716143883,12.936601203370259,1.3578723149820673,27.888369029836277,8.879077716143883,-26.61444091796875,-5.16412353515625,194.4467746421178,59.51634514725487,55.002507475583336,8.879077716143883,66.29836303309817,-1.0479667593773918,-0.10627913343641977,0.941687625940972,-92.23767226341361,-0.29877304214034284,34.82109486550911,39.06716927308037,39.06716927308037,192.31227493286133,291.5028610229492,35.4315916374369,-1.0479667593773918,-0.10627913343641977,26.429229243625443,20.2525798618267,26.429229243625443,15.846591131478075,2.9262331028285558,15.846591131478075,170.84193371175053,173.83700478134887,173.83700478134887,170.84193371175053,32.43521786941705,35.47984419503935,35.47984419503935,37.419388819190054,37.419388819190054,35.12145041474629,38.03636079114024,2.7813789268812625,8.215095829350314,32.91277097430441,38.94461928643122,7.632551344964907,2.782440185546875,44.26332280023368,0
camera2_clip_20260318_190437_278671,152,29.935927117178938,105.5390279632921,105.5390279632921,35.63696038860593,40.26394402400196,40.26394402400196,108.58421336435426,35.31011637035682,176.77087896577257,44.83363319215852,28.00917990709058,7.1684220876992475,12.882248226265947,3.4406448795587097,28.00917990709058,7.1684220876992475,-26.771026611328125,-1.919342041015625,105.5390279632921,40.26394402400196,44.83363319215852,7.1684220876992475,46.039030557006804,-1.6546466369818225,-0.42158205921688086,1.2330645777649416,-92.10793775781146,-0.6066798776044307,31.382186079958018,33.476137769003884,33.476137769003884,191.21022415161133,291.66363525390625,33.41149278338524,-1.6546466369818225,-0.42158205921688086,21.94391664190834,21.59839254413712,21.94391664190834,12.630220043694747,6.201726154651692,12.630220043694747,170.71840559081164,174.91994518455215,174.91994518455215,170.71840559081164,34.06080241228854,35.07352283355676,35.07352283355676,39.0168490733434,39.0168490733434,36.863359066652265,39.68226306172184,2.701010486314714,9.233081140185162,31.6734080817518,38.36498561586078,7.426512314114026,1.422760009765625,33.97856366435651,0
camera2_clip_20260318_190437_278671,153,28.763263634172027,168.5554740645399,168.5554740645399,32.83458512176545,64.56940242639608,64.56940242639608,108.67450480849035,21.1253735081861,175.50084420988307,51.12544634201266,28.093413566380537,7.187111847246944,13.215795388054126,6.951655744793165,28.093413566380537,7.187111847246944,-26.928192138671875,3.3438720703125,168.5554740645399,64.56940242639608,51.12544634201266,7.187111847246944,60.25508274641967,-2.4723722928180165,-0.7037223726363787,1.768649920181638,-92.35687543000024,-0.817725655836194,34.523177867503584,32.284593364140875,34.523177867503584,190.1763458251953,291.8662796020508,31.606521686211106,-2.4723722928180165,-0.7037223726363787,26.546378295640014,18.742641659132026,26.546378295640014,21.44067847103862,11.821107898444268,21.44067847103862,171.03676544747066,176.30381112986322,176.30381112986322,171.03676544747066,31.864910983362787,30.606340695335003,31.864910983362787,11.137132455876415,11.137132455876415,10.586109973762271,16.73976455679447,2.4811162300663194,10.499304812955918,20.929934646430375,30.758979743543065,7.10172209080707,2.54718017578125,41.87937954012255,0
camera2_clip_20260318_190437_278671,154,17.82466610981009,57.62250611540702,57.62250611540702,30.480245447083327,27.908934645883637,30.480245447083327,109.34665713451068,15.392725138492558,172.90973699929486,55.47728916781716,27.944119431911577,8.137932328888919,13.355617453617064,7.927006672356087,27.944119431911577,8.137932328888919,-26.866363525390625,5.00811767578125,57.62250611540702,27.908934645883637,55.47728916781716,8.137932328888919,31.51918187777822,-2.9397079153655383,-1.1270476852423068,1.8126602301232315,-92.48639340044943,-0.4673356225475218,27.575302850898805,27.703436097586444,27.703436097586444,189.29841232299805,292.0355453491211,26.823055654985776,-2.9397079153655383,-1.1270476852423068,22.738662148361982,14.81605374425175,22.738662148361982,21.960509891224753,8.67273337314055,21.960509891224753,170.99204144760952,177.28353093461465,177.28353093461465,170.99204144760952,27.060493869189244,26.727992909149215,27.060493869189244,6.71254741701735,6.71254741701735,7.3329517514383,12.390921630802312,2.302925981401427,10.442161878922558,17.43094459514505,25.369876398478112,6.822807515735751,0.8411712646484375,25.924294766832237,0
camera2_clip_20260318_190437_278671,155,17.540045984243566,18.573794809476336,18.573794809476336,30.079306753045184,18.462260192460448,30.079306753045184,111.02666001701625,13.987654975281483,169.2745648252247,56.00512452621451,27.46972824691547,8.164359664143078,13.192443519256425,7.564134724168179,27.46972824691547,8.164359664143078,-26.418914794921875,4.821807861328125,18.573794809476336,18.462260192460448,56.00512452621451,8.164359664143078,21.26543823577725,-3.3471696687173313,-1.5695232787275848,1.7776463899897466,-92.27226057312654,-0.407461753351793,20.252582738211995,22.684638937225948,22.684638937225948,188.53840255737305,292.2348327636719,23.57111125295819,-3.3471696687173313,-1.5695232787275848,21.740883126220844,10.077640361000629,21.740883126220844,16.839846438803885,10.519052205614912,16.839846438803885,171.10654181726548,177.23600112854308,177.23600112854308,171.10654181726548,26.08371788620363,26.259099928215896,26.259099928215896,27.534045745316142,27.534045745316142,27.025302602378268,22.647488491293586,2.4501638995818023,10.4432931434031,23.69066623719583,13.436168356723625,7.175721312915275,0.0463714599609375,19.926072446726938,0
camera2_clip_20260318_190437_278671,156,26.25582742614607,44.02848652697975,44.02848652697975,33.95770416604506,23.534885203118463,33.95770416604506,113.82442221322215,13.816280911622457,164.73539956408337,50.95795525236287,26.728017962411297,7.232851258444784,12.893220879010952,6.694644810686466,26.728017962411297,7.232851258444784,-25.623626708984375,3.8485107421875,44.02848652697975,23.534885203118463,50.95795525236287,7.232851258444784,27.115609736919723,-3.789681874369807,-2.0775847739042246,1.7120971004655825,-91.8382621132217,-0.44251220565247573,17.299705556767986,17.617049542461007,17.617049542461007,187.8566436767578,292.35418701171875,20.763827851388942,-3.789681874369807,-2.0775847739042246,16.661214479739613,14.201731932479843,16.661214479739613,8.192302491618152,14.099523689665169,14.099523689665169,171.23460811653015,177.30588960340242,177.30588960340242,171.23460811653015,24.702422954303014,23.80012407128079,24.702422954303014,31.25671828592226,31.25671828592226,31.075232902547995,24.594008723240762,2.6689826812319475,10.066006300568114,24.331912621846445,12.249852885730162,7.618230071871083,-0.20697021484375,22.029248170050412,0
camera2_clip_20260318_190437_278671,157,14.090824844616861,51.15192202798949,51.15192202798949,26.282014758086106,33.51445405150864,33.51445405150864,115.21671646038914,15.269391578709154,161.65417511581654,44.15920229001291,26.445185039364002,6.252805441551842,13.03621933150045,6.150685455649561,26.445185039364002,6.252805441551842,-25.3834228515625,2.934356689453125,51.15192202798949,33.51445405150864,44.15920229001291,6.252805441551842,27.51767902593457,-3.338963711903431,-2.130176929321397,1.2087867825820342,-91.65200211167469,0.4507181624663761,17.09451758641874,22.972340886987574,22.972340886987574,187.1391830444336,292.23387145996094,21.824367845068714,-3.338963711903431,-2.130176929321397,19.553153787720973,25.760970392195762,25.760970392195762,10.795615019759504,14.776373793951137,14.776373793951137,171.12152616382926,178.16284206806893,178.16284206806893,171.12152616382926,23.153221302177965,26.17341134246775,26.17341134246775,30.19488824033383,30.19488824033383,31.04064184609885,27.09107364566207,2.799337853318436,9.676990403981149,26.90383203350677,19.30906416416728,7.876400439225096,-0.378875732421875,23.77656831615671,0
camera2_clip_20260318_190437_278671,158,16.434576144850112,30.7426546832604,30.7426546832604,20.546278789091467,53.05274432476821,53.05274432476821,115.83297929072172,20.98884846256386,159.67081056458179,48.724845577307235,25.983173612032232,6.382248759033389,12.652445802613048,5.509661978140079,25.983173612032232,6.382248759033389,-24.964935302734375,2.12646484375,30.7426546832604,53.05274432476821,48.724845577307235,6.382248759033389,27.123468333812124,-2.7925845832769896,-2.46596729459255,0.3266172886844396,-91.38473765882975,0.5463791286264414,16.4770524126279,25.48750364827464,25.48750364827464,186.37132263183594,292.0784454345703,23.50298228614899,-2.7925845832769896,-2.46596729459255,19.127885306536616,28.640603544661108,28.640603544661108,9.656127614106811,31.681294741470087,31.681294741470087,171.11904255813621,177.34589771293386,177.34589771293386,171.11904255813621,25.021128853338006,30.57566800581071,30.57566800581071,36.626909541859476,36.626909541859476,37.15636704886292,32.29287261274882,2.956830248432569,8.910894772960123,28.06900921594517,21.06874456548172,8.107904760134359,-0.2662811279296875,25.620293172399673,0
camera2_clip_20260318_190437_278671,159,23.001143682839885,50.321526769051346,50.321526769051346,18.017992363796715,48.310579111378814,48.310579111378814,115.99024978989519,27.289278952252985,159.1255214947722,43.66493903959072,25.378055873528986,5.784741776408388,12.057337559448063,4.999125338606774,25.378055873528986,5.784741776408388,-24.364990234375,0.9390869140625,50.321526769051346,48.310579111378814,43.66493903959072,5.784741776408388,30.11911314728837,-2.5440279117511535,-2.7487198142104377,0.20469190245928415,-91.28858520093137,0.24855667152583605,16.965490034544864,24.097946922118577,24.097946922118577,185.65903091430664,291.9078598022461,21.973007393951796,-2.5440279117511535,-2.7487198142104377,14.672394290755342,26.259855220226175,26.259855220226175,6.173651123179626,27.077662736479333,27.077662736479333,171.30374579226782,177.08513058229764,177.08513058229764,171.30374579226782,22.283404509298656,27.47065549252025,27.47065549252025,25.52984874965849,25.52984874965849,26.26311778950143,24.21802198225272,3.0200387203189765,8.392117668705387,23.45071427238841,21.43214283082911,8.162763364522595,-0.32281494140625,25.387691854682462,0
camera2_clip_20260318_190437_278671,160,13.217358021607698,40.43153945423383,40.43153945423383,17.41790974199682,86.59783173306435,86.59783173306435,114.95739599756043,39.90386534840042,159.62506612134615,45.83920125963003,25.417898152977205,5.729458555386501,11.730123699372758,5.702530179558384,25.417898152977205,5.729458555386501,-24.468231201171875,0.56494140625,40.43153945423383,86.59783173306435,45.83920125963003,5.729458555386501,35.61020172390452,-0.5241810742290083,-2.458522999851651,1.9343419256226428,-91.89636817689814,2.019846837522145,20.365313922001977,35.631257470522435,35.631257470522435,184.92083740234375,291.6956253051758,23.04291276218602,-0.5241810742290083,-2.458522999851651,16.209111447640012,25.749863781488422,25.749863781488422,2.113433946074606,32.19539110577482,32.19539110577482,171.58350693136464,176.07127327110544,176.07127327110544,171.58350693136464,19.60488581945122,26.390657533317285,26.390657533317285,3.117694316979185,3.117694316979185,4.1491289380870064,11.380882858448865,2.7057019566174985,9.073583648375461,7.005839805373634,30.045827642031245,7.39748827335922,-0.28271484375,27.99371283143113,0
camera2_clip_20260318_190437_278671,161,7.926416902964522,22.52656786025908,22.52656786025908,12.83311151013832,66.4821363834534,66.4821363834534,113.52717287358736,49.59704328506406,160.2882839506508,46.090972697370674,25.62725100385671,6.090326574055968,11.488048097702299,6.727551789174118,25.62725100385671,6.090326574055968,-24.77349853515625,0.333160400390625,22.52656786025908,66.4821363834534,46.090972697370674,6.090326574055968,27.074404351105844,1.414877496359023,-2.0002198466587586,3.4150973430177816,-92.32349343884239,1.9390585705880312,21.01990912744576,31.658284322373994,31.658284322373994,184.21466827392578,291.3409118652344,23.707526572063422,1.414877496359023,-2.0002198466587586,15.91297404790393,31.482513200897927,31.482513200897927,2.0990321286256615,41.98940045650161,41.98940045650161,172.0876977779777,175.60126720991545,175.60126720991545,172.0876977779777,22.095679200431842,28.139203121190434,28.139203121190434,1.6952153226912283,1.6952153226912283,2.399960242627575,7.784559097059915,2.4207930224551024,10.105219418241738,6.786503401126268,27.490828325163342,6.682253896765894,-0.112762451171875,25.347102355182205,0
camera2_clip_20260318_190437_278671,162,9.496439592898732,30.608069754223457,30.608069754223457,18.042963247660705,59.73925079576048,59.73925079576048,112.7460468270014,58.35400460587143,160.0150451380921,45.35767898213804,25.73052943770009,6.510317687476286,11.1610283543523,7.356379410957966,25.73052943770009,6.510317687476286,-24.94207763671875,-0.54962158203125,30.608069754223457,59.73925079576048,45.35767898213804,6.510317687476286,26.252653558508808,2.5756686707825245,-1.9576571448413507,4.533325815623876,-92.97160349718526,1.1607911744235015,17.787948302103786,21.841249658405683,21.841249658405683,183.73646545410156,291.2278747558594,14.741431154583362,2.5756686707825245,-1.9576571448413507,10.015250680299353,17.13316360013099,17.13316360013099,3.0720453172729507,41.81770926601969,41.81770926601969,173.27543275227163,173.58492243762942,173.58492243762942,173.27543275227163,8.797350313768126,12.795681033463444,12.795681033463444,4.47151654987868,4.47151654987868,6.687568795939898,4.689415443492243,2.1368479276123225,11.334886625932542,2.6920049005720394,18.02423703028756,6.019838648484329,-0.460479736328125,20.92892679683395,0
camera2_clip_20260318_190437_278671,163,9.144372825083328,26.316586725362296,26.316586725362296,10.720490917073029,57.6829837414413,57.6829837414413,111.78877764458136,64.50838330472241,160.41460083770733,43.87363332929224,26.188457259914195,6.912358892550062,11.453994621236536,8.257617835096354,26.188457259914195,6.912358892550062,-25.47991943359375,-1.03594970703125,26.316586725362296,57.6829837414413,43.87363332929224,6.912358892550062,24.253028908340827,5.151016168229211,-0.8805333882472586,6.03154955647647,-93.96102162448149,2.575347497446687,18.656750458670416,22.996988782414594,22.996988782414594,183.3760986328125,291.1880874633789,10.876697434240715,5.151016168229211,-0.8805333882472586,6.410944842207217,14.223462210829343,14.223462210829343,1.8824578582881133,30.81419388607063,30.81419388607063,174.09629699348395,172.88067917503503,172.88067917503503,174.09629699348395,5.028031245487264,5.761485097075354,5.761485097075354,8.025700111994615,8.025700111994615,9.755207042106127,3.3144807229947095,1.8452194874491306,13.988669365906532,2.9691009094498937,17.208388555925836,5.427607955229073,-0.4947662353515625,17.469895715833573,0
camera2_clip_20260318_190437_278671,164,18.57663958625191,16.85340473095684,18.57663958625191,2.79544322231676,43.61543786943219,43.61543786943219,109.99971026514379,68.31556852982978,161.40142396419358,41.45955687446873,26.967275168128957,7.087174338662382,12.143645526498679,9.125297615949782,26.967275168128957,7.087174338662382,-26.402923583984375,-1.21014404296875,16.85340473095684,43.61543786943219,41.45955687446873,7.087174338662382,19.212025760809286,7.375671124803116,-0.07532347707410186,7.450994601877218,-94.62794716207094,2.2246549565739047,16.671129394132752,16.760099761765275,16.760099761765275,183.06808471679688,291.1572265625,9.286682448329131,7.375671124803116,-0.07532347707410186,5.5491236121625755,15.263664900911756,15.263664900911756,4.889468579729967,40.04028897616724,40.04028897616724,174.96072437593276,171.37280913367667,171.37280913367667,174.96072437593276,4.962140994728345,5.111335557331663,5.111335557331663,9.529286621089797,9.529286621089797,7.848994685648696,9.94493362899248,1.800832357219254,16.549977960338346,8.270825644962413,11.25514748090405,5.351765178580544,-0.5298309326171875,15.924014765490606,0
camera2_clip_20260318_190437_278671,165,23.104361585083236,36.406163042667096,36.406163042667096,10.770482239747754,55.945871488593625,55.945871488593625,109.18906029053879,61.29343695349233,163.10212489150933,45.55535261738198,27.47328063421284,7.025481259549736,12.940826404041985,8.337805660037846,27.47328063421284,7.025481259549736,-26.9388427734375,-0.4136962890625,36.406163042667096,55.945871488593625,45.55535261738198,7.025481259549736,26.378658099726874,5.570395787546781,-0.6518282433376476,6.222224030884429,-94.890461910518,-1.8052753372563348,18.193694822241206,13.851375420028324,18.193694822241206,182.7199821472168,291.02256774902344,11.197211951894628,5.570395787546781,-0.6518282433376476,11.306022465371136,21.907162714819112,21.907162714819112,9.235916632742212,48.562494336637876,48.562494336637876,175.8203579631821,170.02039678504477,170.02039678504477,175.8203579631821,10.768740772339116,7.38613417242326,10.768740772339116,15.751295676112747,15.751295676112747,14.434547986399854,14.924093791138201,1.7888326666452314,17.236469758872218,13.159691417595777,12.921739153633704,5.366534596124731,0.30975341796875,22.286534974391163,0
camera2_clip_20260318_190437_278671,166,19.924595583948836,35.94706138888589,35.94706138888589,8.094624654871893,49.28691078496167,49.28691078496167,107.69579121598095,53.93546062146962,165.94204114656762,47.7412666054868,27.835729945134123,6.72419315863855,13.725562812422003,7.535773869229908,27.835729945134123,6.72419315863855,-27.341156005859375,0.24713134765625,35.94706138888589,49.28691078496167,47.7412666054868,6.72419315863855,24.35817257723176,3.780683507863086,-1.5207954172501237,5.3014789251132095,-95.35541810526688,-1.789712279683695,18.173295402841497,14.722547647880788,18.173295402841497,182.38387298583984,291.02721405029297,10.084238237432977,3.780683507863086,-1.5207954172501237,6.725763718764642,11.489295498380448,11.489295498380448,2.9416685690307456,53.11173198396863,53.11173198396863,176.17462746317412,166.56533865326563,166.56533865326563,176.17462746317412,9.717083554136316,5.497911861940325,9.717083554136316,9.641441408216425,9.641441408216425,7.369000195940354,10.879330729519236,1.6790611879234292,18.615411523057638,9.575564038395596,12.931074410393723,5.261492750109049,0.25665283203125,19.63604088746764,0
camera2_clip_20260318_190437_278671,167,19.558927826216745,44.38229327350538,44.38229327350538,3.5140923795250294,56.10100779642962,56.10100779642962,106.43152301478989,44.488442760634896,168.68234527774874,54.888994987754,28.059226507288578,7.0335049649355,14.201303400421661,7.114917331321798,28.059226507288578,7.0335049649355,-27.568511962890625,1.38482666015625,44.38229327350538,56.10100779642962,54.888994987754,7.0335049649355,25.26926042314133,1.8280428338393873,-2.29756021865887,4.125603052498257,-95.43773251626064,-1.9526406740236988,16.13337316430727,11.925868098863925,16.13337316430727,182.05138397216797,290.9616241455078,10.166901289970308,1.8280428338393873,-2.29756021865887,6.150326057366515,16.49722816364329,16.49722816364329,7.958512387293245,72.85717097572251,72.85717097572251,176.7514630345257,161.96469718112593,161.96469718112593,176.7514630345257,10.43163783611381,9.026022187133487,10.43163783611381,13.420614373199287,13.420614373199287,13.77123413056722,12.942428480704006,1.7072768924602337,18.36904156479849,13.848620708678984,11.868497514595658,5.322685076169935,0.53424072265625,22.878038345510067,0
camera2_clip_20260318_190437_278671,168,21.547221841369314,48.28289565908966,48.28289565908966,7.274441479528706,62.064814270782215,62.064814270782215,105.5416517446631,32.86371144804047,171.15011302700077,62.008136825874146,28.085503343014757,7.396559192742055,14.504022380765646,6.689604363593928,28.085503343014757,7.396559192742055,-27.5709228515625,2.54608154296875,48.28289565908966,62.064814270782215,62.008136825874146,7.396559192742055,28.436832679352307,-0.7045217814779449,-3.7816036305737666,3.077081849095822,-95.02906503522357,-2.532564615317332,18.03658497623262,13.415037849111307,18.03658497623262,181.6907081604004,290.9291763305664,10.8639731083893,-0.7045217814779449,-3.7816036305737666,11.238386746369835,25.717078316407253,25.717078316407253,18.194185367207098,104.51151631634562,104.51151631634562,178.14568828627944,154.3901022566804,154.3901022566804,178.14568828627944,17.210439641175316,11.627747407048185,17.210439641175316,23.901324347612526,23.901324347612526,24.649306614858745,19.460449030312283,1.8790679495758766,16.84603915775546,17.451176337175916,8.810235044248035,5.605328528630863,0.67047119140625,29.926695822555597,0
camera2_clip_20260318_190437_278671,169,23.088977685851983,25.939850675536405,25.939850675536405,11.386738875495636,40.10308264766065,40.10308264766065,105.9450119230878,25.185697072010136,172.20585584081982,67.55480930452543,28.05433337424196,7.692674892460426,14.670938866747557,6.210410812526705,28.05433337424196,7.692674892460426,-27.45361328125,3.0147705078125,25.939850675536405,40.10308264766065,67.55480930452543,7.692674892460426,20.94090724181717,-2.6930684989747418,-5.298733488565963,2.6056649895912214,-94.76726267086626,-1.988546717496797,11.736286474045443,13.390507092312886,13.390507092312886,181.35293579101562,290.9089889526367,10.151252798188365,-2.6930684989747418,-5.298733488565963,11.620458482360656,20.61721492780778,20.61721492780778,2.9606138949906193,78.83272211091578,78.83272211091578,178.22420451525826,148.64215138917928,148.64215138917928,178.22420451525826,12.728168484022367,12.881135240779173,12.881135240779173,15.95707173733378,15.95707173733378,17.116317353010565,14.267843934761341,2.0026476239816984,15.485576815398712,13.596166155006165,8.276410039436334,5.830160410777987,0.3955841064453125,22.10714638264828,0
camera2_clip_20260318_190437_278671,170,12.246816650299317,11.539229362783502,12.246816650299317,7.31749530708564,16.99865973259321,16.99865973259321,105.94183277234795,28.352616895070916,172.74513629921535,63.48728516176021,28.293250352656138,7.654318367927163,14.767492285429972,6.4871701906788415,28.293250352656138,7.654318367927163,-27.658172607421875,2.739288330078125,11.539229362783502,16.99865973259321,63.48728516176021,7.654318367927163,10.947507375122045,-2.5239733593987888,-5.582419849042722,3.0584464896439334,-94.78015258523064,0.169095139575953,6.612584793714121,10.970258404256487,10.970258404256487,181.07845306396484,290.9286117553711,8.255497541199276,-2.5239733593987888,-5.582419849042722,9.460107195424417,21.800055906245007,21.800055906245007,3.6194635675352895,73.25620838192827,73.25620838192827,177.82458884041088,144.6306347198927,144.6306347198927,177.82458884041088,5.512049388379993,11.74143258968853,11.74143258968853,7.932356212983554,7.932356212983554,8.981557207239042,8.379640580390397,1.935480911863561,16.197056494821947,7.934421738920835,10.30650332629416,5.630096386913811,-0.18377685546875,15.922863439994481,0
camera2_clip_20260318_190437_278671,171,16.86174768886726,10.178015686917453,16.86174768886726,11.58802340630912,4.279726675975587,11.58802340630912,106.48541072805078,28.315438022236748,173.00562990647825,62.03778140296833,28.381074105681584,7.757251622286581,14.69390636946293,6.779425701565433,28.381074105681584,7.757251622286581,-27.667999267578125,2.932403564453125,10.178015686917453,4.279726675975587,62.03778140296833,7.757251622286581,9.695170704694059,-2.5587359794091458,-5.483846791966316,2.9251108125571705,-94.5471086145627,-0.034762620010357015,6.031996145011628,9.231514625083298,9.231514625083298,180.7620506286621,290.89318084716797,9.551401221257505,-2.5587359794091458,-5.483846791966316,6.561715470831091,23.60349415498782,23.60349415498782,10.59401967369496,64.20430485603791,64.20430485603791,176.10080710730986,141.51177625153065,141.51177625153065,176.10080710730986,8.742520363711762,14.408594415768645,14.408594415768645,9.6187720494408,9.6187720494408,10.908232717038471,10.30420331291013,1.9589513147047053,15.803786023680036,9.576326749104773,11.223615471969149,5.575694927672083,0.09686279296875,15.523806096933043,0
camera2_clip_20260318_190437_278671,172,19.232478797103347,11.101524025323881,19.232478797103347,10.696972667631023,15.555557493445537,15.555557493445537,106.80616740536848,30.50365248566278,173.83819281072073,58.22967537692342,28.34610713831763,7.700764816851892,14.634573941189023,7.374757440276202,28.34610713831763,7.700764816851892,-27.547882080078125,3.1324462890625,11.101524025323881,15.555557493445537,58.22967537692342,7.700764816851892,12.002757337452897,-2.3237819357815126,-5.942099151135667,3.6183172153541547,-94.43499695230358,0.23495404362763317,8.422065963597143,7.007945077616436,8.422065963597143,180.48846054077148,290.9526062011719,8.39908435494254,-2.3237819357815126,-5.942099151135667,8.755406312455227,22.7450726213928,22.7450726213928,3.311713390842078,63.683569744850885,63.683569744850885,175.33358253268656,138.5712869059874,138.5712869059874,175.33358253268656,8.307009302925305,10.294607514286149,10.294607514286149,11.40889487094293,11.40889487094293,11.419703187409523,11.309037839120403,1.9629357043351698,15.804195822967364,8.065629431298133,10.264261408687933,5.507420886520777,0.0901947021484375,15.759493575955815,0
camera2_clip_20260318_190437_278671,173,16.61781076054706,18.797833320379535,18.797833320379535,10.85946012817779,11.431616430193444,11.431616430193444,107.86951892706296,30.548429797192544,173.5353111105958,53.29356728688859,28.343518280706085,7.522947361616513,14.611291555389304,7.497914904605943,28.343518280706085,7.522947361616513,-27.43548583984375,2.877716064453125,18.797833320379535,11.431616430193444,53.29356728688859,7.522947361616513,12.721291275276004,-1.772860099057395,-5.225257569286423,3.4523974702290285,-94.6022990232748,0.5509218367241175,4.435647898761946,14.185379113596257,14.185379113596257,180.26262283325195,290.8538055419922,7.395121118197883,-1.772860099057395,-5.225257569286423,8.65626205115779,40.01093782562287,40.01093782562287,16.934386830006567,24.382253045436286,24.382253045436286,172.9915776372293,143.3993698146763,143.3993698146763,172.9915776372293,6.855487471946192,11.407489109177536,11.407489109177536,1.956769648073645,1.956769648073645,1.0147950559391243,2.5784013746334646,1.8800051327951608,16.61305529172383,5.353274002105919,9.872080585130242,5.357368256822633,-0.0205535888671875,15.381213665416942,0
camera2_clip_20260318_190437_278671,174,22.037995217686337,11.688050754220955,22.037995217686337,13.411366439631053,7.6172067018413605,13.411366439631053,108.64085776587147,29.156817892700847,173.87898458765687,50.0112365557029,28.360992873839173,7.476171747787574,14.522328512899014,7.626919535380994,28.360992873839173,7.476171747787574,-27.32806396484375,2.83111572265625,11.688050754220955,7.6172067018413605,50.0112365557029,7.476171747787574,12.207763207975667,-1.3698922133016849,-4.002345095434614,2.632452882132929,-94.6800259544014,0.4029678857557102,7.811735974146054,10.680224160328246,10.680224160328246,179.98122024536133,290.69519805908203,9.69068496526292,-1.3698922133016849,-4.002345095434614,16.192155979984058,39.642245698262286,39.642245698262286,8.594156607848857,43.757113982356806,43.757113982356806,170.75487671095908,147.807856515439,147.807856515439,170.75487671095908,11.982137937842472,12.2469156932827,12.2469156932827,2.0601716988150294,2.0601716988150294,2.4983910881941993,5.076304331717599,1.731091117507833,17.064855323273914,6.397461125003053,14.882062814258411,5.0615771819282065,0.0932769775390625,17.138442095619265,0
camera2_clip_20260318_190437_278671,175,24.81667714133981,8.03839285093923,24.81667714133981,10.936637283471468,11.8515370745251,11.8515370745251,109.08416584550747,30.33228585101479,175.21206957469218,50.010744675456706,28.16331736869664,7.595619681656024,14.334411586659064,7.765062320942673,28.16331736869664,7.595619681656024,-26.98260498046875,2.750152587890625,8.03839285093923,11.8515370745251,50.010744675456706,7.595619681656024,11.366320545587714,-0.8127584248282269,-3.3655867735578364,2.5528283487296095,-94.47052596049853,0.557133788473458,7.990332868424041,4.564346054826642,7.990332868424041,179.7754898071289,290.67952728271484,6.18979222611949,-0.8127584248282269,-3.3655867735578364,4.960130812264593,28.983756160620366,28.983756160620366,5.595041324515841,35.66295438249592,35.66295438249592,169.68174174291013,150.28648997836217,150.28648997836217,169.68174174291013,9.63388964972209,7.731357779771674,9.63388964972209,14.08859279702102,14.08859279702102,15.174062578170183,13.435214890235168,1.775816429191354,15.537208493862098,13.179843782522678,9.226076893782095,5.165250245857457,0.057769775390625,13.397087781909732,0
camera2_clip_20260318_190437_278671,176,19.901411920994473,13.017168844368141,19.901411920994473,10.78803417501241,22.31106786122535,22.31106786122535,109.31595595732347,33.37994954399494,176.32941598345198,47.631428244066576,28.299424995006728,7.578257697826365,14.211513419512663,8.069743495963742,28.299424995006728,7.578257697826365,-26.993560791015625,2.404876708984375,13.017168844368141,22.31106786122535,47.631428244066576,7.578257697826365,12.786315306922118,0.03171351797334215,-2.396770344759744,2.4284838627330863,-94.44449197224013,0.844471942801569,8.06767973187776,2.632529308054567,8.06767973187776,179.64067459106445,290.6021270751953,4.663618889437099,0.03171351797334215,-2.396770344759744,2.6149463176200363,37.179111180164234,37.179111180164234,4.789343464067083,19.03294133311632,19.03294133311632,169.3768145008358,155.17327514383473,155.17327514383473,169.3768145008358,7.695784380345706,3.9625152229829324,7.695784380345706,16.78842122509407,16.78842122509407,19.026766817140555,14.445655620394257,1.9176148908322819,13.675545518812726,17.300003413594062,6.7795981758112305,5.510102049205926,-0.1412353515625,12.666044478319085,0
camera2_clip_20260318_190437_278671,177,17.910903014981223,15.558717933798963,17.910903014981223,10.323077962051025,12.577348783818023,12.577348783818023,110.22090985485585,33.18545454370658,176.44541869157305,44.770298859717634,28.487038957896218,7.622570367779215,14.190740399153235,8.041490786384392,28.487038957896218,7.622570367779215,-27.02264404296875,1.947113037109375,15.558717933798963,12.577348783818023,44.770298859717634,7.622570367779215,12.433054770273046,0.8176503816769201,-0.7397265005007768,1.5573768821776968,-94.37409446045638,0.785936863703578,6.3199068224098305,11.908374104579208,11.908374104579208,179.39760971069336,290.4941101074219,7.979560217023477,0.8176503816769201,-0.7397265005007768,8.25302474410998,50.76912281225465,50.76912281225465,14.60357135100355,39.06067750970838,39.06067750970838,167.8718068638618,162.3865039665371,162.3865039665371,167.8718068638618,8.39549107209902,12.870917848165078,12.870917848165078,7.151296793213424,7.151296793213424,8.99734598381524,7.469773473117293,1.9693510675066634,13.351553034496474,13.85018534761181,8.531930776926547,5.702276188432299,-0.1488037109375,17.37926116324824,0
camera2_clip_20260318_190437_278671,178,25.06599943638774,11.953350794286406,25.06599943638774,12.685789035485614,9.109066486246205,12.685789035485614,111.10050769614787,31.336378189461758,177.19475034584792,45.321787423319215,28.612780838393064,7.844198796659387,14.275499691908955,8.13054035043637,28.612780838393064,7.844198796659387,-26.9378662109375,2.18084716796875,11.953350794286406,9.109066486246205,45.321787423319215,7.844198796659387,12.672479198571112,0.5231911757512834,-0.30126171360281456,0.8244528893540979,-94.44245959353053,-0.2944592059256367,6.001807305479117,11.218862133541597,11.218862133541597,179.1403923034668,290.44579315185547,7.851483331065872,0.5231911757512834,-0.30126171360281456,3.9237570881999813,40.181110801501006,40.181110801501006,11.219628331747725,35.97165408961396,35.97165408961396,167.28631944526427,165.696788130523,165.696788130523,167.28631944526427,4.232567669355825,10.437989891793753,10.437989891793753,6.804724299370212,6.804724299370212,6.810822112372111,9.476619599210423,1.8795572110995737,13.067238513020483,9.86457877547566,14.085036636939403,5.549995726359588,0.2339019775390625,15.166798588636576,0
camera2_clip_20260318_190437_278671,179,24.752837785305736,8.48664604843671,24.752837785305736,15.239988530737937,8.882030885474782,15.239988530737937,111.99701471796162,29.669166373407382,177.6203206290701,47.10158212521563,28.57672956002797,8.23346677921913,14.35715141636478,8.12093789253613,28.57672956002797,8.23346677921913,-26.713958740234375,2.3516845703125,8.48664604843671,8.882030885474782,47.10158212521563,8.23346677921913,13.374714544991468,0.5136909288862253,-0.056655182211030226,0.5703461110972555,-94.56391031643165,-0.009500246865058126,8.288710765809409,14.598073254184234,14.598073254184234,178.80106353759766,290.39354705810547,10.29982034273254,0.5136909288862253,-0.056655182211030226,11.282600798302678,36.86347311909441,36.86347311909441,10.510996828837529,35.76558668141887,35.76558668141887,167.96754092670488,167.5073567769312,167.5073567769312,167.96754092670488,5.6984134785616805,12.84350326572576,12.84350326572576,3.1368901170603185,3.1368901170603185,1.4192889379008642,7.203295963809703,1.674135961916064,14.91641417090446,2.577471596107386,16.26083788042627,5.097825516456487,0.278594970703125,16.101071786824146,0
camera2_clip_20260318_190437_278671,180,19.75935339200735,17.465037402190912,19.75935339200735,21.687200674917012,28.935163370179414,28.935163370179414,113.45223266072608,26.687356011919125,175.8756213511629,45.59337088614507,28.469064247206077,8.152218949999055,14.365677525781136,7.364643694352837,28.469064247206077,8.152218949999055,-26.51129150390625,1.90399169921875,17.465037402190912,28.935163370179414,45.59337088614507,8.152218949999055,20.4718911574418,-0.06865434816150241,0.44401230041525613,0.5126666485767586,-94.77935670004116,-0.5823452770477276,11.151094934587794,23.833497170768332,23.833497170768332,178.48197174072266,290.03607177734375,14.375233426617019,-0.06865434816150241,0.44401230041525613,5.230688411072255,31.05293295510255,31.05293295510255,16.544029848241816,27.355874919385123,27.355874919385123,167.72327786551452,169.26866070766397,169.26866070766397,167.72327786551452,10.230333476876421,15.030685613004746,15.030685613004746,8.496138786328094,8.496138786328094,8.24392782274203,8.94986045885292,1.6545657800833729,15.37083801035836,9.80877769119996,12.490883497918464,5.008373970709574,0.3002471923828125,19.02299101402781,0
camera2_clip_20260318_190437_278671,181,23.36243537294546,7.318094802331599,23.36243537294546,22.401425114980857,26.678495218579947,26.678495218579947,115.27675527697173,24.915058380769306,173.83104766545378,47.4128049734784,28.1358335951033,8.374433025110813,14.232610893283455,6.38585672009299,28.1358335951033,8.374433025110813,-26.05743408203125,1.34454345703125,7.318094802331599,26.678495218579947,47.4128049734784,8.374433025110813,17.810316562440704,-0.7069242332815239,0.20274400404386408,0.9096682373253879,-94.88783505894673,-0.6382698851200215,8.033493011719974,19.0679558540864,19.0679558540864,178.18136978149414,289.76976013183594,12.048032510853831,-0.7069242332815239,0.20274400404386408,5.2240978596640675,16.25973626726954,16.25973626726954,3.101479784465498,26.6266851017844,26.6266851017844,168.00823823028094,168.70543098058243,168.70543098058243,168.00823823028094,7.58867732410517,14.276369280279717,14.276369280279717,6.696605668003896,6.696605668003896,6.175073936935304,4.786446059354892,1.5534264086998075,15.982812083446726,2.6865480680803,9.534108138165156,4.729335785107495,0.24798583984375,14.994912082684387,0
camera2_clip_20260318_190437_278671,182,27.861409021735454,4.09333514248162,27.861409021735454,22.176432991836478,14.62770839747634,22.176432991836478,116.48763004862333,24.305695287144143,172.86176065598698,49.069817972417404,27.57447930560577,8.577858003040577,14.023135766992779,6.0039854853595935,27.57447930560577,8.577858003040577,-25.407867431640625,1.137359619140625,4.09333514248162,14.62770839747634,49.069817972417404,8.577858003040577,15.24349992144336,-0.7129929246195512,0.08927877661913167,0.8022717012386829,-94.79125178231666,-0.006068691338027343,9.902850976063164,12.799262999067114,12.799262999067114,177.8437042236328,289.5810241699219,11.604971480227151,-0.7129929246195512,0.08927877661913167,13.272143728096033,22.332425509798973,22.332425509798973,3.4954668826976443,24.278119927690234,24.278119927690234,169.36502929524286,169.3557832626778,169.3557832626778,169.36502929524286,10.02031089024878,13.932922139656974,13.932922139656974,3.296298320671597,3.296298320671597,1.492723255506869,5.16875976555235,1.3860260792438175,17.02277816457462,1.5067527510697165,11.443539436743144,4.3850561590519055,0.42864990234375,14.899365717237401,0
camera2_clip_20260318_190437_278671,183,31.556765493418123,19.45412215835483,31.556765493418123,20.352718557025067,3.929962868669209,20.352718557025067,117.40921669807359,24.640831476580292,171.96358092727974,44.4300108828119,26.839487929859388,8.109114584231005,13.55967662427558,6.241901224803351,26.839487929859388,8.109114584231005,-24.639678955078125,1.123565673828125,19.45412215835483,3.929962868669209,44.4300108828119,8.109114584231005,15.39704518971479,-0.12448889887127036,0.6586363107517804,0.7831252096230508,-94.15030005435167,0.5885040257482809,10.891194291958314,6.197507768863208,10.891194291958314,177.47528839111328,289.3810043334961,12.576340666241911,-0.12448889887127036,0.6586363107517804,12.170097137565728,23.109531700865695,23.109531700865695,6.771438924784336,15.027461971683598,15.027461971683598,170.36642114825935,170.78959562334668,170.78959562334668,170.36642114825935,17.32550607110897,16.9269569798791,17.32550607110897,9.195422555545202,9.195422555545202,8.248324646090126,8.509756086938191,1.375604770918875,16.629664603741,6.077834169568961,6.26012909863517,4.382725894259508,0.5717926025390625,15.309438660348015,0
camera2_clip_20260318_190437_278671,184,46.69566509505577,16.12737088833488,46.69566509505577,16.53649493961838,13.031056359794015,16.53649493961838,118.99426203122415,24.39261688486654,170.85262866238523,44.366329598022766,25.456979166791672,7.788919169956702,12.42553672456989,6.340930869679249,25.456979166791672,7.788919169956702,-23.156768798828125,1.393402099609375,16.12737088833488,13.031056359794015,44.366329598022766,7.788919169956702,16.48711029101756,-0.15891478435748174,0.7701619292521741,0.9290767136096558,-93.49828075839551,-0.03442588548621138,3.80687818035534,2.725196282947001,3.80687818035534,177.23451614379883,289.22351837158203,8.63109453946397,-0.15891478435748174,0.7701619292521741,13.41732666767767,17.972233544097197,17.972233544097197,7.780340007919975,11.031051860941616,11.031051860941616,171.97673968464616,172.37949680087956,172.37949680087956,171.97673968464616,14.572523533525525,13.870727568236143,14.572523533525525,13.757490308549366,13.757490308549366,14.31239244317704,11.033110434228407,1.4899815952607496,14.617023089237899,8.373952264733546,4.5110388342565075,4.53449833100186,0.954071044921875,14.797238744041957,0
camera2_clip_20260318_190437_278671,185,45.28441566982186,21.251260638096763,45.28441566982186,8.660127957185566,12.967296340776105,12.967296340776105,118.82482923631134,24.88618242216425,171.33861386919853,40.22810669756316,23.810396272561483,7.326421371440715,11.002949446927214,7.3260098951479895,23.810396272561483,7.326421371440715,-21.608551025390625,1.938079833984375,21.251260638096763,12.967296340776105,40.22810669756316,7.326421371440715,17.77050429550559,0.45426616200603315,1.211176284805809,0.7569101227997759,-92.5586723313649,0.613180946363515,12.106394617299642,6.3535305498535966,12.106394617299642,176.7829246520996,289.30106353759766,13.746029075073453,0.45426616200603315,1.211176284805809,22.994028773060464,32.523006730327545,32.523006730327545,6.6395308087473595,2.7457411814090267,6.6395308087473595,172.84887003291715,176.19983787100279,176.19983787100279,172.84887003291715,23.267809017448403,18.195421083625067,23.267809017448403,20.310297961841545,20.310297961841545,19.426485565986344,17.718483415984295,1.542964692955478,13.806744950051895,14.450785396795435,8.355726360480164,4.75042890605115,0.9170074462890625,17.749046947304283,0
camera2_clip_20260318_190437_278671,186,70.62351806133398,23.43912254171019,70.62351806133398,16.42434302476226,11.582872949575245,16.42434302476226,120.19780865268932,25.138038678317706,167.10058882624926,37.42334233003557,21.284884314311448,6.958062629617624,8.918146136880262,8.288424405652805,21.284884314311448,6.958062629617624,-19.317138671875,2.52056884765625,23.43912254171019,11.582872949575245,37.42334233003557,6.958062629617624,23.256736697774596,1.1539433013177718,1.1326058399669325,0.02133746135083925,-91.70952791475536,0.6996771393117387,8.810237470273,8.660326138992883,8.810237470273,176.36310577392578,289.4680938720703,13.55478958872697,1.1539433013177718,1.1326058399669325,12.498333093394525,35.588615574298075,35.588615574298075,7.56629064035396,11.358574954676635,11.358574954676635,173.5570714517646,179.69891801260013,179.69891801260013,173.5570714517646,19.415080530235453,19.84780204800952,19.84780204800952,16.23717364935557,16.23717364935557,14.594165846907075,15.509324396455552,1.506999358084581,14.322576462337233,9.627975638696165,9.679275316879222,4.791380631131144,1.2736968994140625,20.484593085634646,0
camera2_clip_20260318_190437_278671,187,134.43697032405768,24.07615501173909,134.43697032405768,29.197422764956414,9.671564300550747,29.197422764956414,122.56747567539236,25.58416399258059,155.29518161745835,33.86046783708849,16.779322334628404,6.427679174812703,5.391814841233294,8.810296312233564,16.779322334628404,6.427679174812703,-15.225830078125,2.635650634765625,24.07615501173909,9.671564300550747,33.86046783708849,6.427679174812703,34.91414294895946,1.9555073911151037,1.429512967654695,0.5259944234604088,-90.767840333308,0.801564089797332,4.64404448775009,7.458700804702781,7.458700804702781,175.9650993347168,289.5652389526367,12.290714507182308,1.9555073911151037,1.429512967654695,2.306731643988586,27.52736416873199,27.52736416873199,2.1558631752134114,28.372124685703398,28.372124685703398,172.3206278797735,177.6188961939723,177.6188961939723,172.3206278797735,18.340377556097987,20.37446987277528,20.37446987277528,24.255228596054195,24.255228596054195,23.94119305680282,21.693315391825653,1.6346038891601289,13.065894223415935,16.920125152272146,12.271385256372895,5.119073503157732,2.0357666015625,25.713482399688957,0
camera2_clip_20260318_190437_278671,188,44.299518048912056,18.78064266804124,44.299518048912056,15.044292036906409,13.447869106539073,15.044292036906409,124.24723228899788,25.419115434296565,136.8531500368422,32.93677911157193,14.989754573959168,6.260676218077844,3.97241537795449,8.660904456387009,14.989754573959168,6.260676218077844,-13.71441650390625,2.4822998046875,18.78064266804124,13.447869106539073,32.93677911157193,6.260676218077844,19.309057473266698,1.636221588854738,0.5826599795829275,1.0535616092718105,-89.98285131174008,-0.31928580226036574,11.109640487987388,13.172382491214018,13.172382491214018,175.55968475341797,289.91918182373047,16.14536728770863,1.636221588854738,0.5826599795829275,13.59180446536974,24.008959610457214,24.008959610457214,7.955393238462233,23.70189173934942,23.70189173934942,172.0358589773988,175.59655208265988,175.59655208265988,172.0358589773988,20.18767046554259,23.359632582843073,23.359632582843073,8.079227236557962,8.079227236557962,7.647970701873189,8.156689241519356,1.636371157411135,13.673159174130422,7.503088612234372,8.471583478529721,5.104355495239903,0.3624267578125,19.054974745135368,0
camera2_clip_20260318_190437_278671,189,67.3972021717484,29.772401829294033,67.3972021717484,4.029074303548996,16.624801340033233,16.624801340033233,123.80702194522931,25.4050338325042,100.95927889429419,28.320859379713976,12.527055135818493,5.9425310433964755,2.8410314232011835,9.092181623548106,12.527055135818493,5.9425310433964755,-11.699554443359375,2.142669677734375,29.772401829294033,16.624801340033233,28.320859379713976,5.9425310433964755,24.448822383941224,1.8996437857343667,0.4329130805030338,1.466730705231333,-89.02484185757157,0.26342219687962865,9.602087324147119,19.267367334875573,19.267367334875573,174.89688873291016,290.3018341064453,22.95972998188537,1.8996437857343667,0.4329130805030338,24.201907771666022,17.44949256158229,24.201907771666022,31.79868681535168,35.361871987769256,35.361871987769256,171.043132069856,172.61807096209657,172.61807096209657,171.043132069856,30.060964415575505,33.19147514978328,33.19147514978328,10.599574877001166,10.599574877001166,8.8270213233197,10.087464999621012,1.619447977197351,15.53665259024415,5.562267747662135,8.886520935047258,5.132491172574313,0.6104888916015625,26.56311108378128,0
camera2_clip_20260318_190437_278671,190,46.1285548676566,5.282930730259973,46.1285548676566,19.053948529059234,15.434310414450094,19.053948529059234,122.77282709059384,24.695646290561392,79.66998927984908,30.699688908837203,11.959441143877921,6.409122365593921,4.460911847590297,8.771044691081045,11.959441143877921,6.409122365593921,-11.7298583984375,2.152679443359375,5.282930730259973,15.434310414450094,30.699688908837203,6.409122365593921,20.111520874642455,1.4286582194975688,-0.5958012581287122,2.024459477626281,-88.80133081688041,-0.4709855662367979,18.283161655987612,16.486219050441232,18.283161655987612,174.27078247070312,290.3530960083008,18.846038064830218,1.4286582194975688,-0.5958012581287122,50.87965655849006,30.893297533508807,50.87965655849006,68.15883469140738,52.50629325263756,68.15883469140738,171.1911743345428,173.1496550255287,173.1496550255287,171.1911743345428,26.122423434171225,16.897087047174814,26.122423434171225,9.602691543900463,9.602691543900463,9.921987672085313,8.209219588661302,1.58585408095894,17.463867804414324,6.007116767633273,3.5884621839298054,5.174572666443789,0.0938568115234375,30.510559813770385,0
camera2_clip_20260318_190437_278671,191,387.7216206378166,419.9789740383673,419.9789740383673,404.22729102487455,431.6936351390231,431.6936351390231,125.66715389848869,29.70627327172046,78.68939457500245,15.327295500934424,11.650621535971826,5.737581250038381,5.100055241921998,6.058821584739775,11.650621535971826,5.737581250038381,-11.46478271484375,-1.339202880859375,419.9789740383673,431.6936351390231,15.327295500934424,5.737581250038381,406.01547682800447,1.0719544973021122,-0.6480624002780666,1.7200168975801788,-88.6600080695987,-0.35670372219545654,395.1275754296167,397.3437646983282,397.3437646983282,161.05389785766602,289.11358642578125,398.24638176830354,1.0719544973021122,-0.6480624002780666,411.1997558216861,380.0025658769677,411.1997558216861,439.1945454548636,426.29250629808195,439.1945454548636,169.6044750740093,178.08936179976993,178.08936179976993,169.6044750740093,403.06374083402744,399.75958154433465,403.06374083402744,448.61442876445074,448.61442876445074,449.9692965115515,444.42403861071995,1.745287924007497,12.150210456939844,427.3637304750248,417.575721495164,5.463552283518258,-1.09307861328125,407.9671297331657,0
camera2_clip_20260318_190437_278671,192,413.865926018062,414.8604792367657,414.8604792367657,411.1849238879892,434.1387096760802,434.1387096760802,127.81970316166635,35.97336745828856,93.65857809648868,15.467852308256576,13.685578014576329,7.240438053313759,6.1886533336944645,3.5296270503210425,13.685578014576329,7.240438053313759,-13.434417724609375,-4.97882080078125,414.8604792367657,434.1387096760802,15.467852308256576,7.240438053313759,410.83796276431485,0.28964741232916663,-1.0550635248120688,1.3447109371412354,-88.83864951527026,-0.7823070849729457,395.33668240549997,395.64105536149174,395.64105536149174,147.9404525756836,287.8366928100586,395.2639801733498,0.28964741232916663,-1.0550635248120688,412.11701376917955,378.5041548769781,412.11701376917955,437.11187434664424,428.5056096629666,437.11187434664424,168.58758149952743,176.2176100874529,176.2176100874529,168.58758149952743,398.2571323158607,394.4553189370163,398.2571323158607,442.6400533486295,442.6400533486295,443.60574202296374,439.61244196531226,1.8685835857938886,8.076043443366574,421.9471163019542,415.53727271113746,5.660016646220128,-2.2826080322265625,409.4982400412112,0
camera2_clip_20260318_190437_278671,193,388.1263305931962,410.0661760177062,410.0661760177062,402.05056251699335,431.9811485512847,431.9811485512847,130.80430957905617,43.845156805441256,90.34178546304426,82.61184145879461,13.169886488232628,10.07746489090159,6.730430534220431,2.8642097569341702,13.169886488232628,10.07746489090159,-12.966949462890625,-8.746307373046875,410.0661760177062,431.9811485512847,82.61184145879461,10.07746489090159,403.5543395592117,0.4271608348994173,-0.7529636537139687,1.180124488613386,-89.21826882855493,0.13751342257025068,396.23183152820076,392.8699881478889,396.23183152820076,134.90777778625488,286.32557678222656,393.5996385096452,0.4271608348994173,-0.7529636537139687,411.9823807783251,377.579326642156,411.9823807783251,442.07996531445593,437.5455512788388,442.07996531445593,166.79430393183623,168.45031600894652,168.45031600894652,166.79430393183623,397.53253359223345,390.4836477954206,397.53253359223345,449.32574925598976,449.32574925598976,450.74605359360453,444.86015669579706,2.060716997430031,4.150271779393713,427.471054192823,416.2809788939548,6.027617690662298,-0.90411376953125,406.54412022972497,0
camera2_clip_20260318_190437_278671,194,401.6369517299925,406.6637513134362,406.6637513134362,408.53046921226326,436.00890784572215,436.00890784572215,135.10102906689198,54.0133939037093,93.68934982109563,133.49667375122743,14.059096049856759,13.339383773436113,7.927304400282323,4.973251719553298,14.059096049856759,13.339383773436113,-13.807342529296875,-12.51123046875,406.6637513134362,436.00890784572215,133.49667375122743,13.339383773436113,405.0335869754122,0.5127106407628996,-0.5953758092552845,1.1080864500181842,-89.96488533739523,0.08554980586348232,391.8863028703186,385.47513888074093,391.8863028703186,122.13458824157715,284.799072265625,385.9224384058571,0.5127106407628996,-0.5953758092552845,388.3936210711062,380.411790141801,388.3936210711062,412.31927155064386,456.0035074474654,456.0035074474654,164.3273206499618,158.99970101787528,158.99970101787528,164.3273206499618,387.0990576631116,382.30486426041233,387.0990576631116,446.04827882326805,446.04827882326805,448.36750925901543,443.46398750392353,2.230883402631133,-0.08856751131153348,425.7621327307296,415.0783651558917,6.394359526462281,-1.574951171875,403.0611361655845,0
camera2_clip_20260318_190437_278671,195,420.21151776920726,420.0594890374783,420.21151776920726,391.55224808455085,429.45711797349543,429.45711797349543,142.24711641501742,63.840918131318475,93.22242876478968,152.89510062687364,13.280472171249366,16.888883128731734,7.473060531951838,8.030635172185143,13.280472171249366,16.888883128731734,-12.62579345703125,-16.412078857421875,420.0594890374783,429.45711797349543,152.89510062687364,16.888883128731734,403.62883060663984,0.8397275054295605,-0.266381169445436,1.1061086748749966,-90.26475525809086,0.3270168646666609,373.66275069108696,386.82986008402,386.82986008402,109.52133178710938,283.57958984375,380.1621209261801,0.8397275054295605,-0.266381169445436,370.7812199848027,405.1200621425928,405.1200621425928,384.09987089658154,475.1673858420433,475.1673858420433,161.2660295393503,150.90747358658552,150.90747358658552,161.2660295393503,376.1660576887509,387.61911303958254,387.61911303958254,444.41856223670726,444.41856223670726,444.6953325925733,441.735868299445,2.3466455904313652,-4.024712161263966,415.2195241768514,412.80415172051823,6.499694082152606,-1.013214111328125,401.7272244361827,0
camera2_clip_20260318_190437_278671,196,0.30724230130011854,10.736607385653793,10.736607385653793,3.042988898024804,5.7411814740140805,5.7411814740140805,142.02679844566595,64.48658813684753,94.16682348096165,154.87861103429015,13.26817851394232,17.18811736149569,7.413340986907436,8.222574057658113,13.26817851394232,17.18811736149569,-12.60723876953125,-16.692291259765625,10.736607385653793,5.7411814740140805,154.87861103429015,17.18811736149569,3.783135511157285,1.048150758294797,-0.054585169330537295,1.1027359276253343,-90.29377217329558,0.20842325286523655,0.5443331707082346,2.32645983724268,2.32645983724268,109.51239585876465,283.58162689208984,0.2749551657795376,1.048150758294797,-0.054585169330537295,4.82553628700827,3.012529508488962,4.82553628700827,7.387873927694019,3.027592864092844,7.387873927694019,161.58991821716984,151.28394413115052,151.28394413115052,161.58991821716984,1.641606650268005,0.8218326702974965,1.641606650268005,3.749865391204047,3.749865391204047,3.076294487825646,3.534091973178107,2.331246228383215,-3.9859278555378004,1.2290689689296315,2.213696652016781,6.46822525200179,-0.1736602783203125,3.617982081232775,0
camera2_clip_20260318_190437_278671,197,1.1254956561693037,5.41687472974554,5.41687472974554,2.6986158998281327,3.960890102385041,3.960890102385041,141.72729946479342,64.93173469231655,95.1150762690699,155.93752563566878,13.242078549786463,17.352583591612465,7.344648113115966,8.3428686701259,13.242078549786463,17.352583591612465,-12.580108642578125,-16.854339599609375,5.41687472974554,3.960890102385041,155.93752563566878,17.352583591612465,2.6071925264434106,1.133592276089942,0.06367184157585844,1.0699204345140836,-90.37980248335786,0.08544151779514486,0.6462165624983286,1.7950622080341168,1.7950622080341168,109.48892593383789,283.54935455322266,1.1971245168417552,1.133592276089942,0.06367184157585844,5.148770116661479,3.552227873116395,5.148770116661479,5.870793232107932,2.961005176486967,5.870793232107932,161.84169469574675,151.4737186722376,151.4737186722376,161.84169469574675,2.3716358232612134,1.8995656882127436,2.3716358232612134,4.631599134521117,4.631599134521117,3.850857987523721,4.572319228662864,2.307157595673056,-3.9812692757693067,1.8725483249372799,3.2594738242043855,6.422093930767787,-0.073333740234375,3.120596089042266,0
camera2_clip_20260318_190437_278671,198,3.0380464071205315,6.45459271573823,6.45459271573823,1.4632799563304164,1.4376487901932984,1.4632799563304164,141.73996562296708,65.06378753929106,94.7407104495399,157.430513511995,13.290831980226589,17.525390526265067,7.427265130973435,8.45792888927822,13.290831980226589,17.525390526265067,-12.647674560546875,-16.985260009765625,6.45459271573823,1.4376487901932984,157.430513511995,17.525390526265067,2.280404893730435,1.1012496777240954,-0.023521791480372593,1.1247714692044681,-90.43286665886481,-0.03234259836584652,0.5280428464535214,0.7608186465466102,0.7608186465466102,109.48998832702637,283.5396194458008,0.293787161431759,1.1012496777240954,-0.023521791480372593,1.2357547374443492,2.316217787171814,2.316217787171814,1.4267741156847018,1.6999836702457671,1.6999836702457671,161.86644298669512,151.78833019798327,151.78833019798327,161.86644298669512,0.9987358507149556,1.128040244827327,1.128040244827327,4.412294019439286,4.412294019439286,3.603504409132925,4.720684930973874,2.269796250539202,-4.084752343132568,1.239074707876831,3.1956622259063887,6.352327267127427,-0.11102294921875,1.8739946473726266,0
camera2_clip_20260318_190437_278671,199,4.447671323532637,5.114189028846453,5.114189028846453,1.6668561507414805,1.5565718383739655,1.6668561507414805,141.65856662930565,65.00702643333031,94.3270346738422,158.16726591025977,13.387662155180708,17.64723489458502,7.551774725077417,8.505610593153252,13.387662155180708,17.64723489458502,-12.772857666015625,-17.072174072265625,5.114189028846453,1.5565718383739655,158.16726591025977,17.64723489458502,2.2614858525077848,1.140055005416038,-0.023576018271486473,1.1636310236875245,-90.47414303897085,0.03880532769194267,0.6709794673336572,0.11264730621851629,0.6709794673336572,109.50560569763184,283.5147933959961,0.8798928981302471,1.140055005416038,-0.023576018271486473,0.9266358227177609,2.182121456576964,2.182121456576964,2.325549847693326,1.070267348420446,2.325549847693326,161.95103647279845,152.422445463165,152.422445463165,161.95103647279845,1.6434284667899342,1.3796720837395207,1.6434284667899342,5.129954379239901,5.129954379239901,3.9997544773241223,5.3237142434258224,2.2256573872837118,-4.057993932373291,0.8847431735006963,3.1887243037345505,6.275268706405883,-0.100341796875,1.9247158450820552,0
camera2_clip_20260318_190437_278671,200,4.006903405409445,0.5786147751366368,4.006903405409445,2.407313659873917,0.5183583409145277,2.407313659873917,141.57496924947023,64.88483589795217,93.95922437188949,157.99857577257288,13.484035586057331,17.641591037454905,7.667408356302861,8.503001206707749,13.484035586057331,17.641591037454905,-12.893829345703125,-17.06317138671875,0.5786147751366368,0.5183583409145277,157.99857577257288,17.641591037454905,1.3716775510464705,1.1056953597719232,-0.036245808090148345,1.1419411678620717,-90.51202952905776,-0.03435964564411487,0.1737671441097195,0.5451079808345765,0.5451079808345765,109.50213241577148,283.49829864501953,0.5056940250727026,1.1056953597719232,-0.036245808090148345,0.6435922805619326,1.4229056348717435,1.4229056348717435,0.31874168622695964,0.6586992181678089,0.6586992181678089,162.01141545902243,152.76809338653857,152.76809338653857,162.01141545902243,0.8294124774311816,0.8493335868200442,0.8493335868200442,3.088346987208799,3.088346987208799,2.3822251178768816,3.3034856886080712,2.1949476825928627,-4.023823156331479,0.7765280359015841,2.377011025725823,6.219367342666663,-0.0503692626953125,1.0793958491965412,0
camera2_clip_20260318_190437_278671,201,5.008485864843831,3.923751754388984,5.008485864843831,2.2529922570914276,1.7780040877335035,2.2529922570914276,141.46469937800174,64.48299892154446,93.6325894431033,158.08329098972115,13.601927860207638,17.707442751353387,7.812725155461829,8.52705230801345,13.601927860207638,17.707442751353387,-13.04254150390625,-17.091033935546875,3.923751754388984,1.7780040877335035,158.08329098972115,17.707442751353387,2.339825353312045,1.0300707443634698,-0.1451055013273693,1.175176245690839,-90.58060322911183,-0.07562461540845344,0.1364573466074797,0.9392608092070457,0.9392608092070457,109.50409507751465,283.47705078125,0.6401494983970343,1.0300707443634698,-0.1451055013273693,0.7849348644855919,1.088818487010565,1.088818487010565,2.953728065051346,0.7450733421894554,2.953728065051346,161.84056557806122,152.98134322874904,152.98134322874904,161.84056557806122,0.9500640189615064,1.097338128168692,1.097338128168692,1.584202018865405,1.584202018865405,1.4434661400691269,2.0061797266477863,2.1758906674652527,-4.134854849768806,0.6822965609791104,1.8959080486917572,6.178385018601001,-0.07415771484375,1.8049090854782859,0
