video_id,frame_no,left_wrist_speed,right_wrist_speed,wrist_speed_max,left_elbow_speed,right_elbow_speed,elbow_speed_max,left_elbow_angle,right_elbow_angle,left_elbow_joint_angle,right_elbow_joint_angle,left_arm_length,right_arm_length,left_forearm_length,right_forearm_length,left_shoulder_wrist_dist,right_shoulder_wrist_dist,left_wrist_height_rel,right_wrist_height_rel,bat_arm_wrist_speed,bat_arm_elbow_speed,bat_arm_elbow_angle,bat_arm_extension,arm_activity_score,shoulder_line_angle,hip_line_angle,hip_shoulder_separation,trunk_lean,shoulder_rotation_change,left_shoulder_speed,right_shoulder_speed,shoulder_speed_max,body_center_x,body_center_y,body_center_speed,upper_body_rotation,lower_body_rotation,left_knee_speed,right_knee_speed,knee_speed_max,left_ankle_speed,right_ankle_speed,ankle_speed_max,left_knee_angle,right_knee_angle,front_knee_angle,back_knee_angle,left_hip_speed,right_hip_speed,hip_speed_max,head_movement,head_speed,left_eye_speed,right_eye_speed,eye_separation,head_orientation_angle,left_ear_speed,right_ear_speed,ear_separation,wrist_height_change,pose_activity_score,impact_like_frame_flag
camera2_clip_20260530_072726_24862,0,0.0,0.0,0.0,0.0,0.0,0.0,80.26611483759126,63.58371341097186,162.98247836344186,156.97310748450255,29.696019918570418,30.062333189006697,13.173596892376464,14.671736351403279,29.696019918570418,30.062333189006697,-29.672632217407227,-28.98146629333496,0.0,0.0,156.97310748450255,30.062333189006697,0.0,-172.31384039786587,-177.3089496150941,4.995109217228219,-118.06208131929895,0.0,0.0,0.0,0.0,239.3395652770996,42.395240783691406,0.0,-172.31384039786587,-177.3089496150941,0.0,0.0,0.0,0.0,0.0,0.0,144.1639640098935,153.02676103535393,153.02676103535393,144.1639640098935,0.0,0.0,0.0,0.0,0.0,0.0,0.0,4.311520474406032,-179.49891373393058,0.0,0.0,9.871013984299191,0.0,0.0,0
camera2_clip_20260530_072726_24862,1,6.567636623228681,6.503225192008298,6.567636623228681,6.488332693233642,8.894442998053437,8.894442998053437,79.70141964668642,63.830796727659134,162.41501306799782,156.8131119603282,29.726232685087485,29.94454908993009,13.177277938613878,14.570832006376863,29.726232685087485,29.94454908993009,-29.69558334350586,-28.90740394592285,6.503225192008298,8.894442998053437,156.8131119603282,29.94454908993009,7.116050040037749,-172.93888802411402,-177.79637293666988,4.8574849125558615,-118.2175860272143,-0.625047626248147,5.5499857292256305,8.6926770044768,8.6926770044768,239.3726043701172,42.580830097198486,5.6552168357993216,-172.93888802411402,-177.79637293666988,6.652158883363036,4.666002509863949,6.652158883363036,5.856688621238997,10.759820018791125,10.759820018791125,143.1405665192613,152.4197901447441,152.4197901447441,143.1405665192613,3.757593582004039,6.579878702086405,6.579878702086405,4.777482663112862,4.777482663112862,4.181485892328216,5.116931738246288,4.329449281429633,-179.86495632671188,4.371171118940663,6.67546320090774,9.879898629452256,-0.19724464416503906,6.74737021313117,0
camera2_clip_20260530_072726_24862,2,10.17670294918505,11.077176832061749,11.077176832061749,8.320573048757883,10.368952853467324,10.368952853467324,79.42302227779027,64.0759280835836,161.90483439802898,156.73594705552918,29.823378890856244,29.932422295808795,13.272861855013913,14.576092358235565,29.823378890856244,29.932422295808795,-29.791929244995117,-28.93470573425293,11.077176832061749,10.368952853467324,156.73594705552918,29.932422295808795,9.51110375212089,-173.63520538670826,-178.1717484545227,4.536543067814449,-118.27594593782891,-0.6963173625942431,7.22661160885006,9.896605220403265,9.896605220403265,239.38299942016602,42.77022933959961,5.690528716988721,-173.63520538670826,-178.1717484545227,2.400498870268583,4.577749601879653,4.577749601879653,3.3218703892663264,9.25713310944085,9.25713310944085,142.79499180457535,152.29267783986444,152.29267783986444,142.79499180457535,2.72336766189138,3.4351191383182935,3.4351191383182935,6.5321723868349,6.5321723868349,5.9424055070659705,6.744686074344464,4.327119256818905,179.78015140662265,5.935611817862173,8.244136995374992,9.863641779387347,-0.34362220764160156,6.898530106982534,0
camera2_clip_20260530_072726_24862,3,8.248729742129782,5.273409684425746,8.248729742129782,9.888208259416881,11.730090302357084,11.730090302357084,78.9250269459323,64.28131183351319,160.8717925342151,157.17121813835126,29.780005769419315,29.554759360656387,13.25619355413272,14.266697837736638,29.780005769419315,29.554759360656387,-29.74724769592285,-28.557788848876953,5.273409684425746,11.730090302357084,157.17121813835126,29.554759360656387,9.505228298616375,-174.2491222998605,-178.70560229262352,4.456479992763036,-118.83738887916373,-0.6139169131522237,9.633004003279042,12.257927800089718,12.257927800089718,239.3777961730957,42.98413133621216,6.418958181934091,-174.2491222998605,-178.70560229262352,5.221767936876316,4.8713305926666175,5.221767936876316,6.755682740658795,12.899391008030928,12.899391008030928,141.90322876696564,151.79728978338633,151.79728978338633,141.90322876696564,2.6254625161761767,3.4345865706918426,3.4345865706918426,9.496617206813562,9.496617206813562,9.29480832626908,9.731313067216444,4.333436796924807,179.59445698438762,10.01083618994164,11.304533196537129,9.86647464500406,-0.143798828125,7.736632596399912,0
camera2_clip_20260530_072726_24862,4,10.923037693203721,15.611622293178712,15.611622293178712,10.597907621764833,7.341639400598701,10.597907621764833,78.44937075639805,64.29730616743544,160.14164949037894,157.34969616596175,29.800449442025684,28.78121642413336,13.27716266735162,13.707935970150702,29.800449442025684,28.78121642413336,-29.763702392578125,-27.78305435180664,15.611622293178712,7.341639400598701,157.34969616596175,28.78121642413336,10.851140355905875,-173.9186030574571,-178.66497593689942,4.746372879442333,-119.56709345130656,0.3305192424033976,10.875754275525352,9.756880851163913,10.875754275525352,239.38400650024414,43.17607307434082,5.761265407810013,-173.9186030574571,-178.66497593689942,7.077782155056237,6.781238221016693,7.077782155056237,4.461836276234211,17.49812703468743,17.49812703468743,140.72979301713286,151.03871828414088,151.03871828414088,140.72979301713286,3.4282627447362746,4.915560291419916,4.915560291419916,10.67964104893813,10.67964104893813,10.582894480371259,10.383546207394113,4.361911542152377,179.68812713851696,10.987939208783937,10.749697143234226,9.91023413731241,0.05456733703613281,9.105804071548834,0
camera2_clip_20260530_072726_24862,5,10.06842251764151,29.015968018273703,29.015968018273703,11.160297896827258,11.923839515046764,11.923839515046764,78.88069438211627,64.0624112075526,160.5454004706791,158.3131055210866,29.92533484145778,27.8150086443484,13.240919417413629,12.934049691222636,29.92533484145778,27.8150086443484,-29.893455505371094,-26.731727600097656,29.015968018273703,11.923839515046764,158.3131055210866,27.8150086443484,13.006110505944385,-173.3974189341603,-178.5436589686938,5.146240034533491,-120.15504302423312,0.5211841232967913,6.320911136248986,9.547223951628084,9.547223951628084,239.3475341796875,43.20558166503906,1.4074403655588617,-173.3974189341603,-178.5436589686938,6.599598924440033,5.287385738000893,6.599598924440033,6.312494644136801,10.785455282033498,10.785455282033498,140.34390623814426,150.45809947623664,150.45809947623664,140.34390623814426,5.408767703725158,3.405116481571536,5.408767703725158,8.159780609405185,8.159780609405185,7.726201209247174,7.391023541008115,4.3885948294584365,179.6314288976503,6.070605497899062,6.639466387578188,9.974373048697887,0.3126697540283203,9.652956817464519,0
camera2_clip_20260530_072726_24862,6,2.0554290283740864,40.79104158906111,40.79104158906111,3.6452061095731456,11.135724984490105,11.135724984490105,79.17349506456513,63.82092770892138,161.28672818603397,159.01340710205974,30.00833576290729,26.574194152336496,13.287076071238097,11.88593084435661,30.00833576290729,26.574194152336496,-29.97601318359375,-25.418296813964844,40.79104158906111,11.135724984490105,159.01340710205974,26.574194152336496,10.710136290934281,-173.34746770715242,-178.55657799227902,5.209110285126599,-120.73498009017973,0.049951227007881016,1.2366737223368083,5.39674231177044,5.39674231177044,239.33768844604492,43.076406478881836,3.8864959115819557,-173.34746770715242,-178.55657799227902,4.686712286373076,4.504199721612972,4.686712286373076,2.6315826321099087,5.516272879972212,5.516272879972212,140.32054145029483,150.09964880791256,150.09964880791256,140.32054145029483,7.919854302079827,6.953530852359325,7.919854302079827,1.5693695475622482,1.5693695475622482,1.4957751345039434,1.4231468383900197,4.388605849248612,179.67338968444403,2.0503066811827835,2.0261935168982954,9.978284779001251,0.6457767486572266,8.039414201676085,0
camera2_clip_20260530_072726_24862,7,4.636636780893903,18.487591023993613,18.487591023993613,7.482236298316406,7.822028978423456,7.822028978423456,79.30197775743311,64.12507668850101,161.86298346411093,160.07011178810754,30.171003389390368,26.264865458698562,13.296794738803456,11.411863020603471,30.171003389390368,26.264865458698562,-30.134654998779297,-25.06877326965332,18.487591023993613,7.822028978423456,160.07011178810754,26.264865458698562,9.715889367163674,-173.457187449266,-178.80912291178888,5.351935462522874,-121.37439035523167,-0.10971974211358315,9.980638732601061,9.886204388753619,9.980638732601061,239.3112030029297,42.82659959793091,7.536209977216477,-173.457187449266,-178.80912291178888,5.610502945361565,4.616270381395661,5.610502945361565,2.8319925077435646,3.5692676858599572,3.5692676858599572,139.8181106608744,149.7326414256735,149.7326414256735,139.8181106608744,8.886351307933417,8.093202628215561,8.886351307933417,5.7142082503636695,5.7142082503636695,5.5283274576614,6.140893878571489,4.406230973824733,179.86914491009725,7.145777316536404,8.629705014889652,10.002502585514366,0.35589027404785156,7.658576971624314,0
camera2_clip_20260530_072726_24862,8,7.761876032108907,9.137466164529057,9.137466164529057,9.966907287236065,3.668843531707167,9.966907287236065,79.28190832400912,64.41645749229224,162.39946807210399,160.53397596782622,30.275161905877937,26.241201257980123,13.317887186343688,11.217136304616453,30.275161905877937,26.241201257980123,-30.231592178344727,-25.041255950927734,9.137466164529057,3.668843531707167,160.53397596782622,26.241201257980123,8.45368753578673,-173.95633538576405,-179.24136465971685,5.2850292739528015,-121.34250885705522,-0.4991479364980478,11.807560883140859,8.379471315998314,11.807560883140859,239.24428176879883,42.6093544960022,6.819567237050455,-173.95633538576405,-179.24136465971685,2.981641603520227,2.343227548036112,2.981641603520227,1.802291921791535,5.126578419480288,5.126578419480288,139.831300275922,150.16186454529418,150.16186454529418,139.831300275922,4.515430655808147,3.054724560639929,4.515430655808147,11.955964667473605,11.955964667473605,12.339340148485833,12.057331463310343,4.440876486951538,179.77313423175434,12.011813457909042,11.774388839897727,10.054619158348265,0.2785320281982422,5.878834993666383,0
camera2_clip_20260530_072726_24862,9,24.1997770727506,7.607103215314791,24.1997770727506,19.059806724249636,2.4604144242955464,19.059806724249636,78.97401308292557,64.85575790021109,163.04510610412058,161.3855083870856,29.984782434414317,26.286340609735294,13.125489258929889,11.063245887870742,29.984782434414317,26.286340609735294,-29.92255210876465,-25.080242156982422,7.607103215314791,2.4604144242955464,161.3855083870856,26.286340609735294,12.881054597371795,-175.30297985991987,179.78512624829196,355.08810610821183,-121.00611673879811,-1.3466444741558234,15.383544108973608,8.575682038646589,15.383544108973608,239.18350219726562,42.37707757949829,7.2029195490918925,-175.30297985991987,179.78512624829196,3.829051603996106,1.7626930818649296,3.829051603996106,4.940937902566987,12.277322356986824,12.277322356986824,140.03180633064443,151.23285588580256,151.23285588580256,140.03180633064443,5.1445116578718295,1.0903100431337498,5.1445116578718295,15.637398384021175,15.637398384021175,15.761451923719989,15.117030218400046,4.444827670118604,179.49697708618615,14.82196062460455,13.062953562798295,10.042089025613667,0.5187797546386719,8.860929519220933,0
camera2_clip_20260530_072726_24862,10,30.916857929926312,6.323232949463713,30.916857929926312,23.851151859217573,4.380178056349651,23.851151859217573,78.55789646170389,65.42117674106069,163.44899629360788,161.88564181469476,29.524965217414017,26.875934590562874,12.87595541753091,11.419665018648141,29.524965217414017,26.875934590562874,-29.44163703918457,-25.70331573486328,6.323232949463713,4.380178056349651,161.88564181469476,26.875934590562874,15.79085591298106,-176.1720255827786,179.20075497054464,355.3727805533232,-120.49990782846595,-0.869045722858715,16.861436027144098,12.412278655785013,16.861436027144098,239.0898666381836,42.07881689071655,9.378398091222474,-176.1720255827786,179.20075497054464,3.713660208357093,5.610927771318458,5.610927771318458,3.9685063558664426,12.183233070668496,12.183233070668496,140.4341795835164,151.57297184963664,151.57297184963664,140.4341795835164,6.702700205910961,3.761212117902977,6.702700205910961,15.664476434667895,15.664476434667895,15.16857529535497,15.318587054303741,4.383061418861546,179.68601671022128,14.8604396304793,15.78266118696858,9.915046903173144,0.4057178497314453,10.890447933992567,0
camera2_clip_20260530_072726_24862,11,14.650946654355575,26.736892674327557,26.736892674327557,15.968755427347903,7.798000136392028,15.968755427347903,78.37016095620845,66.03567297048502,163.02360183710132,163.00448369437328,29.412847351873562,28.051585986285367,12.930056877738085,12.27516727739427,29.412847351873562,28.051585986285367,-29.33176612854004,-26.88027572631836,26.736892674327557,7.798000136392028,163.00448369437328,28.051585986285367,14.544193053106063,-176.90928131893045,178.71699308630045,355.6262744052309,-120.02702287404311,-0.7372557361518659,11.252974521152376,10.857588905060933,11.252974521152376,238.90606307983398,41.87715196609497,8.185795068052093,-176.90928131893045,178.71699308630045,6.367611558299409,3.944353530615048,6.367611558299409,2.190377023040835,12.161414761371834,12.161414761371834,141.42438382097396,152.73915850918937,152.73915850918937,141.42438382097396,5.698986413978026,9.542465966343016,9.542465966343016,12.813239243694227,12.813239243694227,12.012836098129437,12.483024607382735,4.328813121216313,179.9526899384171,11.200056219582779,12.303103690417299,9.83251767068645,-0.20331954956054688,10.597530631023712,0
camera2_clip_20260530_072726_24862,12,14.257303830603218,7.479103030102003,14.257303830603218,15.814828942240652,10.02298614017189,15.814828942240652,77.93485694706283,66.40266359195803,162.44367851570655,164.12100361513814,29.175340213116517,28.437606057388383,12.988368701069009,12.620506866237394,29.175340213116517,28.437606057388383,-29.091381072998047,-27.249143600463867,7.479103030102003,10.02298614017189,164.12100361513814,28.437606057388383,10.515520398784451,-177.58997674240283,178.30535896058976,355.8953357029926,-119.70621710530816,-0.6806954234723719,7.406457247622576,8.11244320196636,8.11244320196636,238.69304275512695,41.74323129653931,7.548586889297477,-177.58997674240283,178.30535896058976,5.379518425768099,0.6143060987033672,5.379518425768099,2.8306750059064325,8.920547793807126,8.920547793807126,142.87608613710537,154.2486087578696,154.2486087578696,142.87608613710537,7.155486025179871,9.823813880662705,9.823813880662705,9.427521750172128,9.427521750172128,8.977944594740668,9.182015228585248,4.2976321220836855,-179.87990035012126,7.297479866350801,7.873594719362075,9.795416131238706,0.12489509582519531,8.151455801894524,0
camera2_clip_20260530_072726_24862,13,7.448818430796148,13.693022303161147,13.693022303161147,10.4029439256743,12.55709497274472,12.55709497274472,77.37892460234492,66.9396075586104,161.79429494955008,165.0854579986052,29.113727884155413,28.95124190150145,13.100499604289054,13.00729263457812,29.113727884155413,28.95124190150145,-29.02240562438965,-27.77046012878418,13.693022303161147,12.55709497274472,165.0854579986052,28.95124190150145,10.332173638596878,-177.70816729807927,178.23525109626294,355.9434183943422,-119.69909002431478,-0.1181905556764491,7.264132518473782,10.62702968073117,10.62702968073117,238.4451904296875,41.5891809463501,8.754773386972747,-177.70816729807927,178.23525109626294,1.804456376317954,1.4101807412698149,1.804456376317954,2.729549515050503,5.327541169009061,5.327541169009061,143.83502765651815,155.22890758241286,155.22890758241286,143.83502765651815,7.485671282684954,9.93106216419741,9.93106216419741,13.582991103553807,13.582991103553807,13.755451152112625,9.777596102671614,4.150984838251037,-179.34194187315273,10.899098988135506,5.940984062630401,9.534743119178776,-0.06731414794921875,7.556791923342581,0
camera2_clip_20260530_072726_24862,14,12.928877924729568,22.797690728839243,22.797690728839243,5.473456738424707,15.307014215465603,15.307014215465603,77.70777097085332,67.51646544943287,161.28421829944833,165.80339819881553,29.294925706175384,29.480861362330355,13.258184348628767,13.356500428479247,29.294925706175384,29.480861362330355,-29.225610733032227,-28.324010848999023,22.797690728839243,15.307014215465603,165.80339819881553,29.480861362330355,11.336694828908193,-178.51940562333837,177.92621339325103,356.4456190165894,-119.37464723449793,-0.8112383252590973,2.3119451824556734,9.20118418353437,9.20118418353437,238.18207931518555,41.66933059692383,8.25144124110424,-178.51940562333837,177.92621339325103,2.0908969563209685,9.773279319570593,9.773279319570593,9.683109762724042,11.202886089036758,11.202886089036758,144.90128215603065,155.4215070162334,155.4215070162334,144.90128215603065,8.57121554570584,13.605210294720601,13.605210294720601,12.842452960461282,12.842452960461282,16.315927486404057,10.100141672552583,3.9410410463965606,-179.6785026987246,17.01067990872061,3.392268589845972,9.05419510571678,-0.4818687438964844,10.245563911793997,0
camera2_clip_20260530_072726_24862,15,11.979319441258093,16.76889348872905,16.76889348872905,4.01810560405496,19.3619871720767,19.3619871720767,77.2465542268283,67.80102204383653,160.69473971052855,166.89811175975697,29.574984989710348,29.857034897644937,13.631741031250721,13.664956345928891,29.574984989710348,29.857034897644937,-29.503355026245117,-28.665128707885742,16.76889348872905,19.3619871720767,166.89811175975697,29.857034897644937,12.846037187098295,-178.4683554838516,177.87253022751818,356.34088571136976,-119.64234067686799,0.051050139486761736,7.664331884883016,17.283585531587953,17.283585531587953,237.8153839111328,41.67523384094238,11.002287529373454,-178.4683554838516,177.87253022751818,2.803720241040905,4.786890689317958,4.786890689317958,4.772956934115328,2.720523662631882,4.772956934115328,145.53934760560747,155.9101650272281,155.9101650272281,145.53934760560747,6.642004430774565,12.97789087524821,12.97789087524821,13.736746950616414,13.736746950616414,14.99859248243566,11.15017423915305,3.8162940951478843,-179.21205829878093,15.094514693417398,8.145612243570133,8.841633297665506,-0.3670825958251953,9.315017496309883,0
camera2_clip_20260530_072726_24862,16,5.3614658001904765,16.522872755362478,16.522872755362478,9.191600001458895,16.027720692519157,16.027720692519157,76.70676673305773,68.04739686375794,160.83098301768302,167.12449928469707,29.540253989115623,29.64141710286455,13.616813195203626,13.501160582218278,29.540253989115623,29.64141710286455,-29.445613861083984,-28.474945068359375,16.522872755362478,16.027720692519157,167.12449928469707,29.64141710286455,12.455582788675756,-178.19603258628993,177.80591416698834,356.0019467532783,-120.10126900429748,0.27232289756167916,13.873581274162754,13.756256208360773,13.873581274162754,237.47018432617188,41.771761894226074,10.753249586759734,-178.19603258628993,177.80591416698834,7.492340061491713,4.338230333510542,7.492340061491713,3.503846801038996,3.972510306665197,3.972510306665197,145.26755091293535,155.5037284594445,155.5037284594445,145.26755091293535,8.323743222658692,7.627781530482888,8.323743222658692,10.824521650721907,10.824521650721907,10.881319894451929,11.037907414711057,3.839171314483933,-178.8699980736067,13.178483738726616,13.140936776703938,8.885861109269028,-0.05175018310546875,9.16599574899188,0
camera2_clip_20260530_072726_24862,17,9.052073679697786,13.887476244487564,13.887476244487564,10.596045920324812,13.516074275086027,13.516074275086027,76.6881041877187,67.74285511350067,161.35263467378806,167.06482709290637,29.468112984564396,29.160116012091198,13.649830901094663,13.187958457408058,29.468112984564396,29.160116012091198,-29.364994049072266,-27.96698760986328,13.887476244487564,13.516074275086027,167.06482709290637,29.160116012091198,12.722813358226636,-178.13622228966733,177.74563185372142,355.88185414338875,-120.35553834980009,0.059810296622600845,12.755927628350756,16.529282401412864,16.529282401412864,237.11494827270508,41.97818851470947,12.32575121419282,-178.13622228966733,177.74563185372142,8.367751817871982,10.804515276372035,10.804515276372035,5.227633975571409,4.35792415480409,5.227633975571409,144.76143703740536,154.45422183459533,154.45422183459533,144.76143703740536,9.290828090759543,12.756901928846991,12.756901928846991,13.917963823729291,13.917963823729291,13.317794106084033,14.146646006848663,3.8820557003372578,-178.77230537395718,13.678043486089445,15.45723346569865,8.991265363438913,-0.03587150573730469,10.595202949465486,0
camera2_clip_20260530_072726_24862,18,24.715089806170646,35.437816905155586,35.437816905155586,16.30547793832007,18.332907681255712,18.332907681255712,76.56379686138703,67.49855850724856,161.27278881591084,166.4339746653824,29.700538059780246,27.598303626873417,13.949695897609484,11.870083224896451,29.700538059780246,27.598303626873417,-29.59796714782715,-26.432727813720703,35.437816905155586,18.332907681255712,166.4339746653824,27.598303626873417,22.73015421467996,-178.77730187941177,177.40639885185433,356.1837007312661,-120.72529644458587,-0.6410795897444359,18.35099639261846,23.238636564559272,23.238636564559272,236.72888946533203,42.36075830459595,16.30524278248173,-178.77730187941177,177.40639885185433,9.253574907458455,13.107638816312887,13.107638816312887,3.4439126328634644,3.829098578891891,3.829098578891891,144.0644859849776,153.08549342780407,153.08549342780407,144.0644859849776,11.893264468596243,14.743495308214557,14.743495308214557,14.892638667965088,14.892638667965088,13.454061001731725,15.639530807498199,4.037555624045259,-178.8186202656289,16.577298736206934,21.704369848061056,9.299627974609308,0.06311607360839844,16.0543258333681,0
camera2_clip_20260530_072726_24862,19,22.99277722029136,28.993050049883315,28.993050049883315,8.186933307200542,25.358563236621556,25.358563236621556,75.49636557351624,67.27824048418903,160.36948982962107,165.5263008736077,30.010770013262718,27.332355736870145,14.483995003527841,11.717196681933386,30.010770013262718,27.332355736870145,-29.888559341430664,-26.197168350219727,28.993050049883315,25.358563236621556,165.5263008736077,27.332355736870145,21.90258803095993,-178.58046434663876,177.39294624281519,355.9734105894539,-121.75824873069476,0.19683753277300298,18.618062539592003,27.266141832170778,27.266141832170778,236.22369384765625,42.519731521606445,15.888536315876708,-178.58046434663876,177.39294624281519,9.137787103268362,6.412362355215798,9.137787103268362,8.232368959268696,14.091074054107416,14.091074054107416,143.43245595837803,152.30405211250712,152.30405211250712,143.43245595837803,9.689218820312359,15.007541963933583,15.007541963933583,15.344781381622344,15.344781381622344,14.81550737589101,13.764253829431407,4.263329126024933,-178.00391874286845,18.060843490879538,21.850400314428356,9.861037608638444,-0.4609336853027344,16.16549012015548,0
camera2_clip_20260530_072726_24862,20,30.28172950019677,33.416136704365805,33.416136704365805,17.51495410118503,34.4697115596309,34.4697115596309,75.44467887760794,67.89297559906845,159.93034311855868,164.8645233088522,30.305318523446516,27.033999298314594,14.898686968948669,11.363718340292644,30.305318523446516,27.033999298314594,-30.197132110595703,-26.011844635009766,33.416136704365805,34.4697115596309,164.8645233088522,27.033999298314594,27.478858243875987,-179.99502760208762,176.7436118429921,356.7386394450797,-122.30945079407974,-1.4145632554488543,20.06185246233536,29.128765135542032,29.128765135542032,235.83810806274414,42.95617961883545,17.471319503431758,-179.99502760208762,176.7436118429921,6.132372799375738,8.659805951983236,8.659805951983236,1.3010822742022095,3.6571488711186433,3.6571488711186433,143.3972833808775,151.82507978319865,151.82507978319865,143.3972833808775,11.429557965297445,15.581274903158423,15.581274903158423,19.013683095639948,19.013683095639948,17.277219675150352,19.33969419226807,4.370973394970328,-178.20789029028006,18.84299668410797,23.502845648254254,10.071783171243208,-0.8050174713134766,17.636199352365963,0
camera2_clip_20260530_072726_24862,21,26.736296828046374,33.13623365033517,33.13623365033517,14.29925586502164,31.724584162860076,31.724584162860076,75.31725895391743,68.33168626012281,159.00576003060465,164.0659978777738,30.582678349137776,26.922910445358326,15.27630685417475,11.159929262476359,30.582678349137776,26.922910445358326,-30.49362564086914,-25.989154815673828,33.13623365033517,31.724584162860076,164.0659978777738,26.922910445358326,24.79506457808033,178.81250253534438,176.35969148606114,2.452811049283241,-122.6811320566627,358.80753013743197,16.123911418502068,26.750105543716654,26.750105543716654,235.45627212524414,43.3313627243042,16.059419080904238,178.81250253534438,176.35969148606114,1.8064186388320669,10.644642535391306,10.644642535391306,0.7902907653107384,1.85148323223643,1.85148323223643,143.72155528439092,151.55606877338485,151.55606877338485,143.72155528439092,9.859016264787643,17.788548422668573,17.788548422668573,19.837365678821232,19.837365678821232,19.213096272606236,19.24839893688894,4.3592565188099766,-178.40108013905396,18.157345550427227,19.48155240250496,10.065408413490186,-0.7617835998535156,15.959232277309065,0
camera2_clip_20260530_072726_24862,22,11.931151643422846,23.347426327526996,23.347426327526996,6.937549550614089,23.515477724363894,23.515477724363894,74.56996849050212,68.58967733843119,157.940482645754,163.4731497063827,30.638612403590326,26.727699180870708,15.43294267108305,10.880351471326467,30.638612403590326,26.727699180870708,-30.543102264404297,-25.845661163330078,23.347426327526996,23.515477724363894,163.4731497063827,26.727699180870708,16.292298788036558,178.03663815199502,176.07519819041778,1.9614399615772413,-123.07165232889108,-0.7758643833493579,11.735783211389103,20.28640427090242,20.28640427090242,235.09687423706055,43.5602970123291,12.783582253729442,178.03663815199502,176.07519819041778,0.5274927902212728,10.826620232693385,10.826620232693385,1.4926252148311223,4.308703844289555,4.308703844289555,144.1546583575052,151.2390528719015,151.2390528719015,144.1546583575052,8.338148106052865,13.969352773042655,13.969352773042655,13.51843376836933,13.51843376836933,14.094043017344802,13.283455168243934,4.324972216429254,-178.35101570006321,15.866171240661535,14.607967096560081,9.997566204161304,-0.3500652313232422,11.434727974112517,0
camera2_clip_20260530_072726_24862,23,8.597875565353622,42.12082311705731,42.12082311705731,4.471945348412055,14.823571217383058,14.823571217383058,74.56841954030443,68.51249746008526,157.53242602783754,163.69266076489734,30.615905952939947,27.854165377259037,15.518659298523913,11.81406389640587,30.615905952939947,27.854165377259037,-30.531234741210938,-26.94887924194336,42.12082311705731,14.823571217383058,163.69266076489734,27.854165377259037,14.54466208260333,177.42498827440372,175.93141119748034,1.4935770769233727,-123.25923065575806,-0.6116498775913044,6.164048997833418,11.089708249580516,11.089708249580516,234.93148803710938,43.706499099731445,6.622301786054635,177.42498827440372,175.93141119748034,1.9449919059789442,5.657136801822959,5.657136801822959,1.226786997623614,4.672359540426363,4.672359540426363,144.62197271837655,151.25009743669506,151.25009743669506,144.62197271837655,3.9179727464507668,7.317470908732419,7.317470908732419,11.10706038747919,11.10706038747919,11.884665087407473,11.566870671462688,4.289277469611393,-178.83518430460433,10.540250717170528,11.092457662447437,9.931279985483986,-0.7895908355712891,9.333724283054586,0
camera2_clip_20260530_072726_24862,24,15.7311814838292,21.346598128584606,21.346598128584606,8.695865470654288,11.189751528280807,11.189751528280807,74.8879406665099,68.17793580581629,157.260622510162,163.65072125913196,30.844021916271277,28.31159478505422,15.717719830843189,12.148417677072105,30.844021916271277,28.31159478505422,-30.777915954589844,-27.361614227294922,21.346598128584606,11.189751528280807,163.65072125913196,28.31159478505422,12.02432902704058,177.04718158903225,176.0215106792554,1.025670909776835,-123.39711438956351,-0.37780668537146767,6.346644681441504,8.835932869453064,8.835932869453064,234.86028671264648,43.85163116455078,4.849706213740619,177.04718158903225,176.0215106792554,2.9911972642449673,6.865341344155344,6.865341344155344,0.54165228611494,8.473223523904577,8.473223523904577,145.0592580711369,151.2174366582272,151.2174366582272,145.0592580711369,2.0304254119159095,4.820157395230165,4.820157395230165,14.889594159858385,14.889594159858385,14.887114908728538,13.824997989256921,4.23890239018172,-179.2837343607986,9.885824717961736,9.090591578486054,9.82289634790664,-0.5771007537841797,8.155664282317447,0
camera2_clip_20260530_072726_24862,25,14.906005638353106,17.20102935460094,17.20102935460094,6.208822429979049,6.569971191395345,6.569971191395345,75.05229066242545,67.20510982734669,157.01136257297952,163.24655818767963,31.229775732313904,28.840546736418407,15.989061450448553,12.589007866011782,31.229775732313904,28.840546736418407,-31.17436981201172,-27.782657623291016,17.20102935460094,6.569971191395345,163.24655818767963,28.840546736418407,8.252065312912643,177.35214361926228,176.38890222132522,0.963241397937054,-123.690992984109,0.30496203023002977,2.1701953382567765,2.456367924890644,2.456367924890644,234.82633209228516,43.812828063964844,1.5468474950905378,177.35214361926228,176.38890222132522,3.0969083379268625,4.769351018185024,4.769351018185024,2.249635774964579,6.145087872319537,6.145087872319537,145.43240083081176,151.430698438983,151.430698438983,145.43240083081176,2.7451368940797685,3.999759757261467,3.999759757261467,4.785408967020514,4.785408967020514,5.5889510065619215,5.847532076961971,4.229385651622311,-179.62243803829818,5.914716347285936,6.184931206301394,9.796136186939306,-0.4388694763183594,6.043189294351091,0
camera2_clip_20260530_072726_24862,26,11.971965808974893,19.180712046737277,19.180712046737277,3.226179234669165,8.162872390927193,8.162872390927193,75.24571138596205,66.2395529556204,156.82935517829128,163.34866412242948,31.533996967744493,29.328472802758654,16.261537682831044,13.01356943257386,31.533996967744493,29.328472802758654,-31.48940658569336,-28.12714385986328,19.180712046737277,8.162872390927193,163.34866412242948,29.328472802758654,7.398356055137099,177.5857950811298,176.65191179446754,0.9338832866622511,-123.95583977095474,0.23365146186750962,1.0749007526898247,0.7735060968242401,1.0749007526898247,234.83185958862305,43.75734806060791,1.672640304855076,177.5857950811298,176.65191179446754,1.3330248095403388,2.8188402360246565,2.8188402360246565,2.2888608051179,4.512194718297764,4.512194718297764,145.61894226644833,151.50669931766484,151.50669931766484,145.61894226644833,3.3369229510635203,3.941808375947513,3.941808375947513,2.59466120978277,2.59466120978277,2.9057363624168344,3.413693336643775,4.210298283791766,-179.94922981370206,3.889745936554811,3.9149445556675273,9.743578405274151,-0.33374786376953125,5.218482352234524,0
camera2_clip_20260530_072726_24862,27,6.471732501586817,13.374860249271462,13.374860249271462,3.6691187981244076,8.186701545052149,8.186701545052149,75.2882893217041,65.37693947125965,156.6192488806789,163.57205523056606,31.354402475140233,29.44053386854072,16.192410169431195,13.209124303883485,31.354402475140233,29.44053386854072,-31.31464385986328,-28.10358428955078,13.374860249271462,8.186701545052149,163.57205523056606,29.44053386854072,5.605051140029745,177.6182299845786,176.68116069011586,0.9370692944627308,-124.16268227421736,0.03243490344880229,0.86657051772915,1.0613232284144858,1.0613232284144858,234.85042190551758,43.68369388580322,2.27871616643829,177.6182299845786,176.68116069011586,3.2490822001613315,1.6083163594841785,3.2490822001613315,2.1715363904916614,2.2953576932168804,2.2953576932168804,145.95661537429945,151.5844937291781,151.5844937291781,145.95661537429945,4.120819493300445,3.6479719235652905,4.120819493300445,3.27287145133572,3.27287145133572,4.279055777759466,4.125191435067242,4.172353364092557,179.64158388316517,3.8469795690453252,3.5554455886585243,9.668128376575456,0.12586021423339844,4.226949241699854,0
camera2_clip_20260530_072726_24862,28,15.108601230349937,42.49788220463177,42.49788220463177,9.293801104243716,15.777186934284936,15.777186934284936,74.99303944526675,65.45349378380133,156.1433330882658,165.20078839716257,30.917701591023274,28.198882307817904,15.98431021105459,12.279910363990576,30.917701591023274,28.198882307817904,-30.877079010009766,-26.794288635253906,42.49788220463177,15.777186934284936,165.20078839716257,28.198882307817904,15.172625620387207,177.96302761927186,176.76584253590275,1.1971850833691065,-124.28779955916342,0.34479763469326485,3.8897281588232273,4.468554089989644,4.468554089989644,234.85150146484375,43.55107116699219,3.9788133776105488,177.96302761927186,176.76584253590275,4.4525206914211,1.3864687006623462,4.4525206914211,14.240975193158148,1.3453064716827923,14.240975193158148,146.6189183239908,151.845448496543,151.845448496543,146.6189183239908,5.898814669389834,6.075310862018466,6.075310862018466,17.741426818428923,17.741426818428923,18.74620477428646,11.206538678450945,3.9110770055644766,-179.8145491091699,10.00527057203471,4.862724894432054,9.208780762840046,0.9507884979248047,10.369595859221327,0
camera2_clip_20260530_072726_24862,29,23.969414550248743,35.35109332701392,35.35109332701392,11.82458176719582,13.122076539567031,13.122076539567031,74.81680700721768,65.51282683563878,156.01446967738045,167.1617953498124,30.218053151625604,27.204630863018593,15.578655345389473,11.560448214064373,30.218053151625604,27.204630863018593,-30.174232482910156,-25.711780548095703,35.35109332701392,13.122076539567031,167.1617953498124,27.204630863018593,15.348947665696528,178.10195123886388,176.7376100984476,1.3643411404162862,-124.19492768819036,0.1389236195920205,4.874571577859038,2.951948232294611,4.874571577859038,234.88006591796875,43.459439277648926,2.8794266815203815,178.10195123886388,176.7376100984476,3.9647039526220067,1.6564712157381418,3.9647039526220067,13.98061591181939,1.064403135215139,13.98061591181939,147.27522851930996,151.82127176247215,151.82127176247215,147.27522851930996,3.4936177372717943,3.250250420923913,3.4936177372717943,13.556012321331671,13.556012321331671,13.95646069344471,7.8462345609856,3.7014595913606954,-179.34490041864734,5.657699778380765,5.703663143857397,8.852599982203046,0.9765415191650391,9.958645697314127,0
camera2_clip_20260530_072726_24862,30,32.72145960486212,38.16765363902479,38.16765363902479,15.729099781121542,14.851426368771564,15.729099781121542,73.91077648702579,65.44070568132034,154.7848092278644,169.09513376809744,29.217368595593236,26.112389935596095,14.980219048213206,10.806309317314556,29.217368595593236,26.112389935596095,-29.16372299194336,-24.526840209960938,38.16765363902479,14.851426368771564,169.09513376809744,26.112389935596095,18.144085807645435,178.35798473197508,176.6963728498235,1.6616118821515897,-124.08156327286487,0.2560334931112038,4.2102518409840135,3.184623611108583,4.2102518409840135,234.89497756958008,43.404409408569336,1.7104325360051418,178.35798473197508,176.6963728498235,4.846040451908103,1.076688571477113,4.846040451908103,13.695114227513589,4.182558795443204,13.695114227513589,147.5290715178889,151.75435308895757,151.75435308895757,147.5290715178889,1.9276228778906181,1.9906972680620294,1.9906972680620294,9.122255706528557,9.122255706528557,7.8510761252124315,4.1477397005009315,3.5731461870758197,-178.46796025354186,1.5815025388204111,6.06720357768927,8.655868458983983,1.1637134552001953,11.381936419847273,0
camera2_clip_20260530_072726_24862,31,28.309601198542335,33.54559963094214,33.54559963094214,13.278826909097328,14.371464052645342,14.371464052645342,73.26632016351985,65.01671425826159,154.0440862869128,170.4582081757457,28.41907801323,25.238143016150445,14.463951694485884,10.231048138210157,28.41907801323,25.238143016150445,-28.354522705078125,-23.54122543334961,33.54559963094214,14.371464052645342,170.4582081757457,25.238143016150445,16.336590676436458,178.53535542713598,176.5868128507104,1.9485425764255808,-124.09553898633722,0.17737069516090287,4.558487533515411,3.9555647338761943,4.558487533515411,234.93527221679688,43.28436851501465,3.7987007315344723,178.53535542713598,176.5868128507104,5.994908857617296,3.439244277692043,5.994908857617296,12.629334726898106,2.435898324371626,12.629334726898106,147.66839900944316,152.05670350924106,152.05670350924106,147.66839900944316,4.671806321594424,3.5460614921061255,4.671806321594424,4.29823461948398,4.29823461948398,4.617432797666576,5.012140176631935,3.5848959216788017,-178.04508962884302,5.4469025575163315,5.5927627262634365,8.714055308069579,1.0100364685058594,10.894733171574863,0
camera2_clip_20260530_072726_24862,32,7.0681941901734495,7.39203905416596,7.39203905416596,6.204614694624861,6.910255276902982,6.910255276902982,73.1703767537989,64.99902438693123,153.7889369333175,170.50100957050952,28.337709724541632,25.18948339861509,14.395496676038423,10.219102187355812,28.337709724541632,25.18948339861509,-28.273303985595703,-23.49077606201172,7.39203905416596,6.910255276902982,170.50100957050952,25.18948339861509,6.526521305430337,178.91923893797423,176.76813403483425,2.1511049031399807,-123.95365739958226,0.38388351083824546,5.49620300632489,6.087821610389878,6.087821610389878,235.05207061767578,43.18497276306152,4.601004646680674,178.91923893797423,176.76813403483425,4.5294690441007734,2.960098264674481,4.5294690441007734,9.67084391334294,3.6935441320435003,9.67084391334294,147.5411766027274,152.2884525920009,152.2884525920009,147.5411766027274,3.6190949045711758,3.8043168720239304,3.8043168720239304,11.112615752218854,11.112615752218854,12.01316056887738,10.530046414069659,3.651289652609341,-177.63444055254735,10.384122408108023,7.793626247484926,8.868381220438048,0.20609474182128906,5.619707913611568,0
camera2_clip_20260530_072726_24862,33,5.872601584271561,36.22448353390551,36.22448353390551,3.6489669167653234,13.784724179902927,13.784724179902927,73.68042446081527,64.79285116239367,154.5926965698791,167.44663505849027,28.54300807651716,26.45198520941701,14.31903488292064,11.21565962911711,28.54300807651716,26.45198520941701,-28.477249145507812,-24.869422912597656,36.22448353390551,13.784724179902927,167.44663505849027,26.45198520941701,12.868518605006436,178.74082561333168,176.73363318127744,2.0071924320542394,-123.68331743211382,-0.17841332464254833,8.231653181006827,9.448682234186446,9.448682234186446,235.2465705871582,43.06105422973633,6.918629700100846,178.74082561333168,176.73363318127744,3.967983859231148,5.832213369907066,5.832213369907066,0.7311175175928953,3.736488204410536,3.736488204410536,147.63331629558388,152.37454867010857,152.37454867010857,147.63331629558388,4.538333813768982,6.467986158996714,6.467986158996714,31.342996798030104,31.342996798030104,31.60153410399648,23.06396156189796,3.935906703624908,-178.67873751433547,21.091837484611588,6.776852107673568,9.376063719650224,-0.5910816192626953,8.540436212828828,0
camera2_clip_20260530_072726_24862,34,10.815562370392735,20.238381293198092,20.238381293198092,8.696184032189862,9.762995052556134,9.762995052556134,73.67718543184151,65.21606276862092,155.08516440334972,165.0326692150918,28.925129841078157,27.257813986977236,14.429996171259534,11.918217488264046,28.925129841078157,27.257813986977236,-28.847782135009766,-25.879268646240234,20.238381293198092,9.762995052556134,165.0326692150918,27.257813986977236,12.736653573493816,178.55423268510293,176.52870259143387,2.0255300936690617,-123.18120020724281,-0.18659292822874818,12.66366728904411,14.243131403581948,14.243131403581948,235.4742889404297,42.85241889953613,9.265307036573532,178.55423268510293,176.52870259143387,3.836588775257259,8.369725965263468,8.369725965263468,3.2991297458622966,2.4596216311160166,3.2991297458622966,147.38604341897639,152.82894025578824,152.82894025578824,147.38604341897639,4.550763488804453,8.110787303091962,8.110787303091962,31.236201790268105,31.236201790268105,31.535472033363874,24.951321372923186,4.166961531296756,-179.24052321121468,22.789804268365643,11.970733827938956,9.787587415854448,-0.3259773254394531,8.920544862529862,0
camera2_clip_20260530_072726_24862,35,7.12032219362892,8.932383085411072,8.932383085411072,6.778296646194461,17.078014323420664,17.078014323420664,74.31414496757571,65.6733561979155,155.93382541675786,162.361018334203,29.419059749919114,27.72856317843473,14.558452258685287,12.345722130276668,29.419059749919114,27.72856317843473,-29.345829010009766,-26.576641082763672,8.932383085411072,17.078014323420664,162.361018334203,27.72856317843473,12.888608516198039,178.20466691540764,176.37968856295967,1.824978352447971,-122.40395631294392,-0.34956576969528896,16.22646156157511,21.196173286957997,21.196173286957997,235.81107711791992,42.58518314361572,12.897949572144869,178.20466691540764,176.37968856295967,2.4493282963242202,9.09009157023495,9.09009157023495,3.539365280913115,3.726158188758659,3.726158188758659,147.1249029938474,153.18747976530818,153.18747976530818,147.1249029938474,5.0087597649185165,11.230399987798073,11.230399987798073,29.359266515036172,29.359266515036172,29.437713934134287,23.91059707065942,4.339034478067224,179.78707686259236,24.88052030167391,14.675170858741726,10.071141748787419,-0.16032791137695312,9.36464618217798,0
camera2_clip_20260530_072726_24862,36,25.774426404844366,11.944913239686398,25.774426404844366,18.25296285942863,27.055440954650052,27.055440954650052,74.28684650445373,65.95021172974289,155.62003512214176,160.342310579988,29.23815615714688,27.823888328637754,14.248186392159564,12.521998750939316,29.23815615714688,27.823888328637754,-29.16301727294922,-26.832347869873047,11.944913239686398,27.055440954650052,160.342310579988,27.823888328637754,22.166135339556273,178.02709141656476,176.3669463458473,1.6601450707174479,-121.13608676148908,-0.17757549884288437,20.67748712264565,29.29158145608252,29.29158145608252,236.24609375,42.29914379119873,15.618968697890514,178.02709141656476,176.3669463458473,1.1620875164188131,7.214384038984783,7.214384038984783,3.2706784858846767,4.0372109164207775,4.0372109164207775,146.5870304293335,152.9616013274996,152.9616013274996,146.5870304293335,4.211602539001991,13.352412661712613,13.352412661712613,25.184934779861102,25.184934779861102,24.310203630526782,23.128254477082343,4.348051762846686,179.1159340698827,23.725486153085654,21.394934838145517,10.036761876355698,0.5412559509277344,13.853765682980105,0
camera2_clip_20260530_072726_24862,37,29.94691674375718,30.135102317240797,30.135102317240797,17.341949571915347,26.806749614314224,26.806749614314224,74.87732795738525,66.79234086158581,156.48300113689862,159.79348618533595,28.971686825803776,27.353743666072802,13.830893413700977,12.23829298720635,28.971686825803776,27.353743666072802,-28.896041870117188,-26.504117965698242,30.135102317240797,26.806749614314224,159.79348618533595,27.353743666072802,26.375795451103127,177.92012567531657,176.35118658905728,1.5689390862592916,-119.85340743702334,-0.1069657412481888,22.779219649490692,31.244834809900517,31.244834809900517,236.6863021850586,41.93480443954468,17.1427525944461,177.92012567531657,176.35118658905728,2.330348798751647,11.286508279115301,11.286508279115301,4.247080090693078,10.466306001010198,10.466306001010198,145.73006936764477,152.9054385746886,152.9054385746886,145.73006936764477,4.3154341116555255,13.427959995108232,13.427959995108232,22.42158626325342,22.42158626325342,22.000606607802542,21.78271175621589,4.292674584790033,178.42917022934657,24.82462482273177,24.679464088471327,9.881537340078484,0.9525070190429688,17.027367498579398,0
camera2_clip_20260530_072726_24862,38,26.976440577371708,24.511539863964526,26.976440577371708,22.37586703141858,31.204208773793646,31.204208773793646,74.69927883046824,67.17043662780361,155.90650212703417,159.4114559393218,28.71387531845894,27.322276074569373,13.649746748745514,12.390217434587907,28.71387531845894,27.322276074569373,-28.639997482299805,-26.550182342529297,24.511539863964526,31.204208773793646,159.4114559393218,27.322276074569373,26.321733735786854,177.98340678176342,176.42094526074905,1.5624615210143702,-118.67019844230454,0.06328110644685125,20.24290169578685,32.61944447238582,32.61944447238582,237.1565399169922,41.63342332839966,16.755855359251324,177.98340678176342,176.42094526074905,8.459313158909666,15.314453753817205,15.314453753817205,4.171407980425426,11.968696311628033,11.968696311628033,144.24142298352027,153.05375704691292,153.05375704691292,144.24142298352027,4.08731290065805,16.642908221748367,16.642908221748367,19.95999375977719,19.95999375977719,19.930017267166914,20.65593736080222,4.22259305295853,178.1913998182589,23.462282832306382,25.928545846201946,9.710306331530465,0.7208328247070312,18.21454122849232,0
camera2_clip_20260530_072726_24862,39,39.44394549488969,35.34866203521742,39.44394549488969,21.90242377412424,34.199604640156224,34.199604640156224,74.99984528995918,66.89287981648776,155.62927991002934,159.23791222442458,27.98420995943636,27.063524400583617,13.058322426831605,12.358925644009922,27.98420995943636,27.063524400583617,-27.919456481933594,-26.28333282470703,35.34866203521742,34.199604640156224,159.23791222442458,27.063524400583617,30.090993033029292,178.2880243255745,176.79120350791246,1.4968208176620408,-117.44672100499132,0.30461754381107653,20.09682982142377,29.55449243236441,29.55449243236441,237.5192642211914,41.279584884643555,15.201760050168327,178.2880243255745,176.79120350791246,7.120841983458619,7.415385218556492,7.415385218556492,3.3363069532750687,9.322860077635669,9.322860077635669,143.36294792850993,152.76888609542397,152.76888609542397,143.36294792850993,2.3856994523680086,10.5916919939395,10.5916919939395,22.373341086151594,22.373341086151594,22.307147049258496,21.916618383860456,4.192626580900519,177.61019293478776,24.605775358657407,23.95356550101763,9.619465019240588,1.1068916320800781,18.39322865645076,0
camera2_clip_20260530_072726_24862,40,23.472071004292395,24.903225809053556,24.903225809053556,16.272094088120596,31.410188717906713,31.410188717906713,75.0747087001754,66.5740687309438,155.23798595344894,158.94267720993872,27.72349514831676,27.468899102553234,12.789920256272257,12.817484775110408,27.72349514831676,27.468899102553234,-27.663061141967773,-26.678922653198242,24.903225809053556,31.410188717906713,158.94267720993872,27.468899102553234,23.65394350307047,179.26055305844918,177.4701123971712,1.7904406612779837,-116.37550087042577,0.9725287328746788,17.15477667499581,28.71130472405375,28.71130472405375,237.86659240722656,40.9635066986084,14.088579050123268,179.26055305844918,177.4701123971712,6.757899165631388,7.750894572088808,7.750894572088808,3.0254248769288363,7.0747813257685195,7.0747813257685195,142.3753027444939,152.61202436412668,152.61202436412668,142.3753027444939,1.7994305980897556,10.890094968856705,10.890094968856705,21.692834117187818,21.692834117187818,21.747423597400868,22.332525521273276,4.165062296308698,177.660465763817,23.152397185547947,25.087588000138194,9.540997283401577,0.5052356719970703,14.935182210482237,0
camera2_clip_20260530_072726_24862,41,6.185233351214979,12.368459670003295,12.368459670003295,10.98701305400119,23.448689523602457,23.448689523602457,75.76634776325491,66.9810401146911,155.47013667305384,158.8538876044709,27.931839919885544,28.132508507846605,12.940127170505487,13.531501230501808,27.931839919885544,28.132508507846605,-27.889785766601562,-27.408531188964844,12.368459670003295,23.448689523602457,158.8538876044709,28.132508507846605,15.831834943932583,-179.4001421884184,178.499534689947,357.8996768783654,-115.25615803744422,-358.6606952468676,16.080128331866195,25.92148573290739,25.92148573290739,238.14390182495117,40.65804386138916,12.376883786830588,-179.4001421884184,178.499534689947,2.7562218300318935,9.237819457773545,9.237819457773545,2.6346277847033703,4.804695791943885,4.804695791943885,142.19401120444743,153.1276268227618,153.1276268227618,142.19401120444743,0.935166255639263,7.217088408011453,7.217088408011453,17.307818745858338,17.307818745858338,17.55792650347725,18.801754397144336,4.128829574060855,178.08593425355986,21.21132964718804,24.27333445489712,9.494465143511762,0.049800872802734375,10.214719099308242,0
camera2_clip_20260530_072726_24862,42,6.365404642306519,14.737887748343685,14.737887748343685,10.37913807619125,24.35399219171949,24.35399219171949,76.20201389042161,66.76377026596168,153.95776132289407,157.45002762044524,28.09126266428382,28.93725944377017,13.116839173699299,14.387170890532587,28.09126266428382,28.93725944377017,-28.07468605041504,-28.27896499633789,14.737887748343685,24.35399219171949,157.45002762044524,28.93725944377017,15.56318730302516,-177.6722625982759,179.9090751367228,357.58133773499867,-114.12787230008367,1.7278795901425212,14.495487251081913,23.04721390850809,23.04721390850809,238.39259338378906,40.39322328567505,10.898609355458891,-177.6722625982759,179.9090751367228,4.35722773682436,10.270076181878222,10.270076181878222,4.211279648857735,1.167759433620262,4.211279648857735,143.12941764191982,154.36746017088618,154.36746017088618,143.12941764191982,1.8465669063945493,6.065054773810256,6.065054773810256,19.643067054115097,19.643067054115097,20.04590523121496,21.220665253053006,4.134463828027018,178.7428359635233,21.209705700802818,23.466095195338493,9.519687547681686,-0.11686897277832031,10.108090708294695,0
camera2_clip_20260530_072726_24862,43,13.637500494191332,20.089356085029248,20.089356085029248,12.581172386226136,16.890304630018694,16.890304630018694,77.20092829689965,67.24756162159248,152.6217564123445,156.41855556267203,28.007088652671424,28.752762062309046,13.01719711112594,14.305002284114002,28.007088652671424,28.752762062309046,-28.006195068359375,-28.19812774658203,20.089356085029248,16.890304630018694,156.41855556267203,28.752762062309046,17.149058340951285,-176.51046109920776,-178.9537508654222,2.443289766214434,-112.86072372103133,1.1618014990681331,21.262881835333495,18.4331346149088,21.262881835333495,238.52143096923828,39.949703216552734,13.855621877952018,-176.51046109920776,-178.9537508654222,19.569920070416266,12.400868395663357,19.569920070416266,2.093622677048958,7.579062837952258,7.579062837952258,145.99860507644544,156.43638570983532,156.43638570983532,145.99860507644544,11.437013694563772,17.398020726727477,17.398020726727477,24.810712555443658,24.810712555443658,24.61924057677402,24.829181884376187,4.164650128778028,179.15743561087626,22.641956077670738,22.51973511379564,9.619233700152494,0.5306358337402344,14.447738204006649,0
camera2_clip_20260530_072726_24862,44,16.556849952833673,13.060952903250206,16.556849952833673,9.413766185127985,11.076133691724195,11.076133691724195,77.97126894452524,68.25357243599555,150.03881038510195,154.9339360162008,27.993247367260324,28.64816494412166,12.947307352751782,14.038433394618522,27.993247367260324,28.64816494412166,-27.985746383666992,-28.233163833618164,13.060952903250206,11.076133691724195,154.9339360162008,28.64816494412166,14.508777940194264,-176.16554629062043,-178.24036983443347,2.0748235438130394,-111.2584916448131,0.34491480858733325,17.393985319858313,19.550979588371213,19.550979588371213,238.6301498413086,39.61847972869873,10.458293973941027,-176.16554629062043,-178.24036983443347,10.004659373747126,11.45498440050481,11.45498440050481,7.188626771906883,5.148879045230932,7.188626771906883,148.62023597189955,158.90695240336123,158.90695240336123,148.62023597189955,11.635398305451417,12.33440574485604,12.33440574485604,22.4218134833094,22.4218134833094,22.309403385090576,22.98321314729552,4.18153423706731,179.6529294301942,21.188058955342804,22.822333762418523,9.60317753162396,0.3654460906982422,12.068301773571898,0
camera2_clip_20260530_072726_24862,45,30.26559743057848,24.09214105399974,30.26559743057848,13.865961654523854,2.2216260246592188,13.865961654523854,78.68071459412111,69.90920864080675,146.78686202529192,153.80944855672993,27.595484494160914,28.469060295797565,12.718268617857042,13.675769782962162,27.595484494160914,28.469060295797565,-27.54963493347168,-28.202260971069336,24.09214105399974,2.2216260246592188,153.80944855672993,28.469060295797565,17.172076202785117,-176.93842778123096,-178.2110911372004,1.2726633559694562,-109.53482643621284,-0.7728814906105299,19.393647497705118,13.193483555244292,19.393647497705118,238.60941696166992,39.3168830871582,9.06925288201698,-176.93842778123096,-178.2110911372004,13.518558735741117,6.7771381542293305,13.518558735741117,9.338812649695369,5.481756596452845,9.338812649695369,151.97844021175786,161.1128632816413,161.1128632816413,151.97844021175786,11.933659312978099,15.238539894406719,15.238539894406719,19.553183214823612,19.553183214823612,19.634273649248886,19.528079255948082,4.215964954596751,179.89328220561728,19.679244394904917,18.889586171744405,9.646184032868621,0.6351089477539062,13.776743546684514,0
camera2_clip_20260530_072726_24862,46,28.840398633472798,35.550484681645024,35.550484681645024,9.650158624865552,15.750820675305324,15.750820675305324,78.88670351098143,71.98012402778998,141.85390964116448,151.5332264978727,27.27701667162234,28.25139705786172,12.52223417045888,13.129562360402524,27.27701667162234,28.25139705786172,-27.15777587890625,-28.1341552734375,35.550484681645024,15.750820675305324,151.5332264978727,28.25139705786172,18.336233415991096,-178.20095459109677,-178.36015641315728,0.1592018220605098,-108.38016786987791,-1.2625268098658182,13.808967349949823,6.4165705307080625,13.808967349949823,238.5813980102539,39.116862297058105,6.059211194507775,-178.20095459109677,-178.36015641315728,4.476209647114947,6.793828638143353,6.793828638143353,10.269608847393226,3.240296407643852,10.269608847393226,153.85986516440357,162.56931967615066,162.56931967615066,153.85986516440357,9.249494016679032,10.84655329503654,10.84655329503654,23.759637771659435,23.759637771659435,24.11643031888555,22.38824137175427,4.310928842370813,179.97246965191854,19.00789201677866,16.21341721608943,9.749236414051685,0.4695396423339844,12.907782612329795,0
camera2_clip_20260530_072726_24862,47,30.816994031266802,39.19455516888898,39.19455516888898,4.707313846676184,10.114453078726118,10.114453078726118,79.81873321852176,73.40142248318003,137.52482002687813,149.0316467104262,27.029920973616452,27.784592130543743,12.287427825553362,12.425472398732053,27.029920973616452,27.784592130543743,-26.786489486694336,-27.738670349121094,39.19455516888898,10.114453078726118,149.0316467104262,27.784592130543743,18.706585006670018,-177.9966116352518,-177.9508002569377,0.04581137831411297,-107.3203569385033,0.20434295584496454,15.1121387205968,12.29405519386522,15.1121387205968,238.5203971862793,38.878148555755615,7.391536763826055,-177.9966116352518,-177.9508002569377,8.143867964802327,7.234770060771091,8.143867964802327,7.153346411556505,5.537329037411525,7.153346411556505,155.59988631589255,164.43514030352804,164.43514030352804,155.59988631589255,4.354500719123245,12.809804191341051,12.809804191341051,19.111196745837635,19.111196745837635,19.682925757077776,19.858346283113153,4.376037200395955,-179.37662273754748,18.4011282409144,19.29099596891608,9.9202201173403,0.7667407989501953,13.122760702085486,0
camera2_clip_20260530_072726_24862,48,39.93515436247899,27.61031178052829,39.93515436247899,7.354770278852302,9.010478317820954,9.010478317820954,80.54706159733561,74.21987615851073,132.1769001756103,145.46058921552657,26.63370391862269,27.36042490041048,11.953603257205872,11.703548611794847,26.63370391862269,27.36042490041048,-26.231168746948242,-27.34774398803711,27.61031178052829,9.010478317820954,145.46058921552657,27.36042490041048,16.89103172592624,-178.10496768680886,-177.8901906988294,0.21477698797946232,-106.21104653501645,-0.10835605155705252,8.702249858319046,8.733225757557863,8.733225757557863,238.37107849121094,38.85679578781128,4.5251311645323735,-178.10496768680886,-177.8901906988294,9.231774416091612,5.021948515296665,9.231774416091612,9.6034358578346,5.102553548404446,9.6034358578346,156.00304248556822,164.55314196912616,164.55314196912616,156.00304248556822,14.318965096735996,10.573069697311432,14.318965096735996,15.167759690199432,15.167759690199432,16.31923671810069,16.178109270329347,4.44999113219073,-178.8317671258105,15.47733646258749,16.29223760933989,9.980691304056782,0.7498435974121094,12.933161457269348,0
camera2_clip_20260530_072726_24862,49,29.489865526062225,43.28725779773102,43.28725779773102,5.997559037671868,7.956898413082263,7.956898413082263,81.57004794862497,75.04772343623394,128.68837384125322,141.23342589271292,26.64209328097927,26.647202382650917,11.908930142784484,11.079292895162736,26.64209328097927,26.647202382650917,-26.06081771850586,-26.647125244140625,43.28725779773102,7.956898413082263,141.23342589271292,26.647202382650917,18.33412147271118,-177.6543443494757,-177.60192026829773,0.05242408117797481,-105.60847929132171,0.4506233373331554,10.691603210749676,12.581544850970023,12.581544850970023,238.3236427307129,38.69532585144043,5.048804071566935,-177.6543443494757,-177.60192026829773,0.349140466806116,7.638680957593348,7.638680957593348,4.292405063052312,5.424457834783837,5.424457834783837,156.4112759770172,164.11125375346336,164.11125375346336,156.4112759770172,3.7117271040128226,5.098063118961374,5.098063118961374,13.80732801902573,13.80732801902573,14.898922298307175,15.197933223710287,4.511934626725015,-178.4360694664655,15.922166397576124,17.0450177607146,10.106289673898232,0.8180789947509766,11.37660028178974,0
camera2_clip_20260530_072726_24862,50,36.51477861692699,39.9206799866272,39.9206799866272,14.006313466445851,9.322585827069611,14.006313466445851,83.13242486936142,75.75626656892146,125.59769052385477,137.82962143729767,26.444299291252047,25.818043862083858,11.73332369062205,10.404884835518683,26.444299291252047,25.818043862083858,-25.627140045166016,-25.809736251831055,39.9206799866272,9.322585827069611,137.82962143729767,25.818043862083858,19.72923029309725,-176.93421860665612,-177.12896919959658,0.1947505929404656,-104.91980585589766,0.7201257428195902,7.655299849086885,10.955724012426954,10.955724012426954,238.20049667358398,38.54598665237427,5.806929738485457,-176.93421860665612,-177.12896919959658,4.923652877038115,5.414989585581635,5.414989585581635,4.614809712828249,2.068116540540261,4.614809712828249,156.6330788616499,164.01792399407427,164.01792399407427,156.6330788616499,7.779863449121383,7.2077106391482815,7.779863449121383,13.877580317597324,13.877580317597324,14.626824644837129,14.762078836766605,4.56667428383409,-178.18852652670424,14.076670766510086,14.64272604681439,10.213295004719633,0.9452056884765625,12.532043713570118,0
camera2_clip_20260530_072726_24862,51,42.443315858117785,48.4462876189091,48.4462876189091,22.195980731975613,21.317654741196808,22.195980731975613,85.56601123767494,76.01352905120422,123.58007540208276,134.72807270242598,26.287874025839308,24.860424092783074,11.492302969956441,9.718687879538379,26.287874025839308,24.860424092783074,-25.149232864379883,-24.84310531616211,48.4462876189091,21.317654741196808,134.72807270242598,24.860424092783074,27.289823821275974,-175.3460370520909,-176.3189433541199,0.9729063020290027,-104.14739448533577,1.5881815545652103,10.856230851026119,18.4794731264304,18.4794731264304,238.0126495361328,38.210925579071045,11.52376773900517,-175.3460370520909,-176.3189433541199,2.5024769338551427,5.899657421715825,5.899657421715825,7.000235133314459,7.70217038812045,7.70217038812045,157.82969897855233,164.72217111591502,164.72217111591502,157.82969897855233,9.754610701958148,13.38288307434256,13.38288307434256,14.007616206191427,14.007616206191427,13.852055385819005,14.523926081555736,4.583136971071011,-177.89095849339068,14.628699775126995,17.028073480168036,10.288919840327653,1.2094459533691406,17.4984147150802,0
camera2_clip_20260530_072726_24862,52,33.4096020504376,29.20448687645644,33.4096020504376,21.930183326155213,15.107280488470352,21.930183326155213,87.04075299626639,76.99438997828831,122.6851211456138,133.10892865047697,26.203507154277,24.43646540823925,11.364529688165455,9.542434454708033,26.203507154277,24.43646540823925,-24.856658935546875,-24.389352798461914,29.20448687645644,15.107280488470352,133.10892865047697,24.43646540823925,20.789687829516183,-175.39368198460562,-176.47174478173272,1.078062797127103,-103.72863712136734,-0.047644932514714355,13.869662768710587,11.216911466866902,13.869662768710587,237.84871292114258,37.91903638839722,10.043259532144475,-175.39368198460562,-176.47174478173272,8.806512761877203,11.446579831317116,11.446579831317116,8.303205502152213,6.775683976525498,8.303205502152213,157.8558459703486,163.86441310939722,163.86441310939722,157.8558459703486,12.325164901108703,6.9665224063335796,12.325164901108703,12.943952227769289,12.943952227769289,13.091617307275536,11.810037924637998,4.557695932952744,-178.40892364466177,14.815025602508383,10.41572927289071,10.149427374729587,0.7568378448486328,14.946816363034285,0
camera2_clip_20260530_072726_24862,53,20.009241400409312,21.745830928524096,21.745830928524096,15.938643428074384,12.758755945952146,15.938643428074384,87.85152493501258,77.57685650964417,122.87646138656324,131.67324141348706,26.32297136113162,24.313885200193134,11.430009744577633,9.563292345624152,26.32297136113162,24.313885200193134,-24.852848052978516,-24.23343849182129,21.745830928524096,12.758755945952146,131.67324141348706,24.313885200193134,15.987882937326182,-175.31312487709977,-176.27472039767918,0.961595520579408,-103.64119643342461,0.08055710750585376,13.081565320470471,12.393260600526666,13.081565320470471,237.7701301574707,37.537867069244385,11.675562964961001,-175.31312487709977,-176.27472039767918,10.679432323112094,11.17786974081746,11.17786974081746,7.136824644206291,14.870717434836589,14.870717434836589,157.04278758175653,163.54080929222167,163.54080929222167,157.04278758175653,10.945029666307487,10.841777813225104,10.945029666307487,13.299654627728074,13.299654627728074,13.320496915245815,12.943732851595367,4.53734748631702,-178.50954668414707,13.064664551475124,12.942133591514505,10.113243124541777,0.4929027557373047,13.464912437205177,0
camera2_clip_20260530_072726_24862,54,20.010382829868295,16.479766055056697,20.010382829868295,17.910088455316348,15.668802654894332,17.910088455316348,88.60913632873712,78.70981747287347,123.33722785505151,132.8774310426678,26.336864180085566,24.507683033330363,11.470202675998053,9.71937908922472,26.336864180085566,24.507683033330363,-24.75699806213379,-24.3905086517334,16.479766055056697,15.668802654894332,132.8774310426678,24.507683033330363,15.034947059481192,-175.10003313509506,-176.0056395257985,0.90560639070344,-103.62057736117056,0.21309174200470693,10.92508252678084,9.21555983497065,10.92508252678084,237.59120559692383,37.30604267120361,8.785265784509456,-175.10003313509506,-176.0056395257985,15.993629163522336,6.153081117447976,15.993629163522336,8.707368638763876,8.144796880843089,8.707368638763876,155.77407539421029,163.28077038007967,163.28077038007967,155.77407539421029,8.702924126296981,6.981462970597555,8.702924126296981,12.866272489963855,12.866272489963855,12.452092953613938,12.57252675071052,4.526387537982251,-178.44434912003595,10.556442953042996,11.361071683281255,10.094226808412952,0.2433319091796875,12.074412104529918,0
camera2_clip_20260530_072726_24862,55,5.167103942020741,17.119520151796035,17.119520151796035,5.241692605323156,17.501091181715214,17.501091181715214,88.1425849403928,79.85769964301358,122.89570108006045,134.30871375527553,26.31908853718749,24.693958039686326,11.466935850750138,9.805327812894655,26.31908853718749,24.693958039686326,-24.79389190673828,-24.541730880737305,17.119520151796035,17.501091181715214,134.30871375527553,24.693958039686326,10.44526763800061,-174.9290753091008,-175.90072405747557,0.9716487483747756,-103.70827302492374,0.17095782599426457,7.893119474324094,9.749078472824419,9.749078472824419,237.4346046447754,37.128026485443115,7.1128235283790096,-174.9290753091008,-175.90072405747557,15.968404124672766,7.611930234188755,15.968404124672766,10.304465452410897,10.512062575066098,10.512062575066098,154.38176547459264,163.19458127243385,163.19458127243385,154.38176547459264,5.326154869403775,5.511887095705518,5.511887095705518,13.27605551668727,13.27605551668727,13.139525593671591,13.435324670452042,4.532341763085932,-178.32084128289176,10.821988455036028,12.27874889388364,10.120570216540061,0.13017654418945312,9.825542514954288,0
camera2_clip_20260530_072726_24862,56,10.200685565613316,8.205424685451064,10.200685565613316,8.737195994599734,7.137278847842961,8.737195994599734,87.02152705140948,80.21715997886075,122.48792298465769,134.47846730496195,26.231404716399858,24.645800703789494,11.431783477387443,9.771182275983438,26.231404716399858,24.645800703789494,-24.862838745117188,-24.480010986328125,8.205424685451064,7.137278847842961,134.47846730496195,24.645800703789494,7.585055798047942,-175.1631253461606,-176.08657765153671,0.9234523053761166,-103.50525901717393,-0.2340500370598022,6.663462420934743,4.5662872738458296,6.663462420934743,237.28357315063477,37.02060031890869,5.560198209665575,-175.1631253461606,-176.08657765153671,9.756714951419696,2.9010470778118673,9.756714951419696,13.528915218882124,4.326697690560071,13.528915218882124,154.42250611609845,163.33204471311768,163.33204471311768,154.42250611609845,7.560785296937386,4.565949948394367,7.560785296937386,8.780311673296682,8.780311673296682,8.750781852799541,8.732562560855474,4.511142457927237,-178.27337089849092,8.091121352178037,7.5196420959275905,10.057724017719682,0.1467266082763672,7.345870414357762,0
camera2_clip_20260530_072726_24862,57,2.011899043077956,7.263149174139867,7.263149174139867,5.854417093244169,7.293976196785999,7.293976196785999,86.06457563580842,79.61801266550158,121.15574526588222,132.23244474396625,26.287355889748493,24.569031047505472,11.549608873394483,9.624202656274738,26.287355889748493,24.569031047505472,-24.97941017150879,-24.412147521972656,7.263149174139867,7.293976196785999,132.23244474396625,24.569031047505472,5.538107722537423,-175.14941567423668,-175.88335200208655,0.7339363278498752,-103.2516682782655,0.013709671923919586,6.1791600312505945,4.626044796725958,6.1791600312505945,237.15905380249023,36.834068775177,6.728237241829358,-175.14941567423668,-175.88335200208655,9.749576023480753,6.148106358955556,9.749576023480753,10.579285723799414,6.744757437442702,10.579285723799414,154.53165961960593,163.5751706189625,163.5751706189625,154.53165961960593,9.758416885173089,7.835510648533681,9.758416885173089,10.338795887471644,10.338795887471644,10.422334831865527,11.251588033050524,4.515947648015906,-177.92456024112852,7.979127644567968,10.373628357632205,10.031079183330405,0.1339702606201172,7.003691617717479,0
camera2_clip_20260530_072726_24862,58,5.378084946369645,13.234954839704006,13.234954839704006,7.271130441017901,16.99101236972278,16.99101236972278,86.2353715557706,80.95805727584293,122.35571299604544,134.4098530023378,26.5294965150962,24.39227243018586,11.69348414443759,9.440096303365248,26.5294965150962,24.39227243018586,-25.217374801635742,-24.210079193115234,13.234954839704006,16.99101236972278,134.4098530023378,24.39227243018586,8.934629961823134,-175.18938377172825,-175.95048073232945,0.7610969606012077,-102.42649096901572,-0.03996809749156682,5.850533508339024,4.882063665785445,5.850533508339024,236.89545822143555,36.802767276763916,7.963427198073481,-175.18938377172825,-175.95048073232945,5.471486352722352,2.6475243190145803,5.471486352722352,8.080064961093846,2.116947143053297,8.080064961093846,155.25893934502756,164.21811126658133,164.21811126658133,155.25893934502756,14.434287895937887,12.646816565963263,14.434287895937887,5.670680799947667,5.670680799947667,6.410593290030135,4.507748363522747,4.396900784645973,-178.1128374377985,7.770622644735987,5.201658551355666,9.775931332656231,0.13785552978515625,8.250408917393669,0
camera2_clip_20260530_072726_24862,59,9.713126234748607,11.491659587861063,11.491659587861063,9.84390306100993,17.593715258484043,17.593715258484043,86.23602104160578,81.04715936658769,123.81869619679371,137.17789373436128,26.497726712085356,24.22835549628064,11.547131459273576,9.339953912283425,26.497726712085356,24.22835549628064,-25.276622772216797,-24.084911346435547,11.491659587861063,17.593715258484043,137.17789373436128,24.22835549628064,10.779873507985187,-175.35987799032006,-176.36823360646585,1.008355616145792,-102.07931350714101,-0.1704942185918128,7.1287117067920125,8.908125199015466,8.908125199015466,236.71145248413086,36.60713195800781,8.05718067162823,-175.35987799032006,-176.36823360646585,6.983218602761715,1.5149569593791972,6.983218602761715,3.7312635393015365,4.021185918663146,4.021185918663146,156.81674580996224,165.31357407753086,165.31357407753086,156.81674580996224,8.12998676958505,10.502939775394239,10.502939775394239,5.259782341193795,5.259782341193795,6.446046451375481,4.362169416087672,4.33942607946409,-178.62719051791026,8.027430820370842,3.733307138828752,9.686800035628856,0.2647705078125,8.296899384416333,0
camera2_clip_20260530_072726_24862,60,4.899533112474613,8.102597263723009,8.102597263723009,18.594152239504037,15.494058003487293,18.594152239504037,87.52278079863983,80.59324642970918,127.68706988061044,139.86445526239558,26.831299238508258,24.429315251052415,11.547029317053262,9.57176153034464,26.831299238508258,24.429315251052415,-25.59870719909668,-24.327903747558594,8.102597263723009,15.494058003487293,139.86445526239558,24.429315251052415,10.97799036026099,-175.49561510081236,-176.7584438382337,1.26282873742133,-101.95151097200046,-0.13573711049230042,9.237836745720907,9.539764796656087,9.539764796656087,236.57221221923828,36.31876611709595,9.606687182111544,-175.49561510081236,-176.7584438382337,15.176199263238527,3.203988889174002,15.176199263238527,3.5250919328110966,1.4397974667539741,3.5250919328110966,159.04410865655552,166.00100671741984,166.00100671741984,159.04410865655552,9.733214688836751,10.412100870919765,10.412100870919765,6.85646885922737,6.85646885922737,8.028746501268373,6.257458978214682,4.2825418650683735,-179.1669652552156,7.817689764117642,3.825566545204457,9.601509923231768,0.00917816162109375,9.113194606108339,0
camera2_clip_20260530_072726_24862,61,10.133018146118827,14.68676058259874,14.68676058259874,19.26457479900225,15.062578284445813,19.26457479900225,88.54728760137651,81.37972355844911,131.47629277802983,145.4155175423739,27.20928954344039,25.053417675002525,11.738126389809358,9.843969362708975,27.20928954344039,25.053417675002525,-25.96349334716797,-24.98398208618164,14.68676058259874,15.062578284445813,145.4155175423739,25.053417675002525,12.788640140347704,-175.64465005819807,-176.97280748125542,1.3281574230573483,-101.88322005617444,-0.14903495738570882,8.15882730588514,9.426081724035463,9.426081724035463,236.33410263061523,36.15443992614746,8.679248003328832,-175.64465005819807,-176.97280748125542,9.937571017239577,5.975684428400822,9.937571017239577,3.5313049244947723,5.281821123485444,5.281821123485444,160.74338652577254,167.59994773487918,167.59994773487918,160.74338652577254,7.86667401616325,9.53808868872661,9.53808868872661,6.030566888429048,6.030566888429048,6.558934867014563,5.755389380304413,4.255706604637546,-179.24852881197933,6.57657057453747,5.868056465172074,9.575612257086807,-0.3252735137939453,9.90524875338306,0
camera2_clip_20260530_072726_24862,62,3.937882773333393,14.256472962509113,14.256472962509113,17.1569176059952,28.63938961930203,28.63938961930203,88.7104123384617,82.2048800749737,135.05226402037306,151.98224628160884,27.30037284992613,25.744216834366974,11.732586905110564,10.61651687546584,27.30037284992613,25.744216834366974,-26.19166374206543,-25.69957733154297,14.256472962509113,28.63938961930203,151.98224628160884,25.744216834366974,14.89332632977443,-175.1150791925301,-177.0237085211848,1.9086293286547118,-102.347230689668,0.5295708656679778,10.88844967184582,14.480845345661002,14.480845345661002,236.1028823852539,36.059359073638916,7.500190220310017,-175.1150791925301,-177.0237085211848,7.402254462411337,11.4365199407615,11.4365199407615,4.483514896764144,7.10014552805034,7.10014552805034,161.95234336064797,169.05089573178003,169.05089573178003,161.95234336064797,2.4949445733015603,3.0373461754054563,3.0373461754054563,15.358600788626385,15.358600788626385,15.252233090249934,15.540455073240562,4.256622023660877,-179.5402441674299,10.218244980240097,13.096690688754716,9.663826076613441,-0.26976776123046875,10.442890296278408,0
camera2_clip_20260530_072726_24862,63,9.857765501541595,12.678931707015849,12.678931707015849,14.14315871922109,33.29379987853097,33.29379987853097,88.88669732535898,82.0059774754572,138.9661921308172,158.3802118325711,27.37656015691074,26.329957761280728,11.71032923189089,11.394581736473059,27.37656015691074,26.329957761280728,-26.419353485107422,-26.324365615844727,12.678931707015849,33.29379987853097,158.3802118325711,26.329957761280728,17.851639415735736,-173.59018428486868,-176.9880947970483,3.3979105121796067,-103.77890561324512,1.5248949076614053,11.067194511079562,26.068986177025355,26.068986177025355,235.8575782775879,35.944674015045166,8.123674729592812,-173.59018428486868,-176.9880947970483,5.388814326295409,15.156166695559106,15.156166695559106,9.049006337968114,9.692267746326408,9.692267746326408,162.6445418970585,170.73477865063575,170.73477865063575,162.6445418970585,8.554965088819925,4.746619036533879,8.554965088819925,8.196436619944677,8.196436619944677,8.188112004723507,10.210751640354884,4.351143252794841,-179.1755033373969,9.221774790626148,17.249844441030536,9.972433644096117,-0.3437919616699219,13.308139643826436,0
camera2_clip_20260530_072726_24862,64,17.87037719925258,18.002559439911774,18.002559439911774,16.253961387785836,23.67143734691359,23.67143734691359,89.16387336180354,81.87194854291285,141.79170229496637,162.6387621837618,27.788540026562348,27.092831042193943,11.884456281904555,12.173144231067118,27.788540026562348,27.092831042193943,-26.90308380126953,-27.092092514038086,18.002559439911774,23.67143734691359,162.6387621837618,27.092831042193943,18.621390097042248,-172.36340882318112,-176.68118219146268,4.317773368281564,-105.52740604363771,1.2267754616875663,13.669698562624259,22.260306645765457,22.260306645765457,235.7049331665039,35.83501672744751,5.638503843663257,-172.36340882318112,-176.68118219146268,5.840220650499935,8.989678795007684,8.989678795007684,12.059667902019209,9.812756007341596,12.059667902019209,162.34471474884035,171.1493106255241,171.1493106255241,162.34471474884035,11.696500236533188,8.27359345467416,11.696500236533188,12.85811995410791,12.85811995410791,12.762213756360145,13.71364713524916,4.415585197290093,-178.75066331911074,13.609005633470423,17.765750032196767,10.16000338635681,-0.5737361907958984,14.033396469027437,0
camera2_clip_20260530_072726_24862,65,10.460856153988805,11.478333364073135,11.478333364073135,11.851333006968886,8.82106373197291,11.851333006968886,88.76060422376356,81.82240677083614,143.23385117653956,164.07548831638658,27.880442146496403,27.43715522741437,11.82623519290432,12.613511845279056,27.880442146496403,27.43715522741437,-27.113677978515625,-27.433530807495117,11.478333364073135,8.82106373197291,164.07548831638658,27.43715522741437,10.964050926975224,-171.58368417771678,-176.41284778600547,4.829163608288695,-107.19601351965761,0.7797246454643414,15.009268731398937,8.16345057344867,15.009268731398937,235.73677444458008,35.83294630050659,0.9572556040669621,-171.58368417771678,-176.41284778600547,9.310662145243164,10.207528565320002,10.207528565320002,11.295703359619313,10.652461363675044,11.295703359619313,160.8992196495753,171.35795532785073,171.35795532785073,160.8992196495753,10.857279427874687,16.060121819063575,16.060121819063575,17.434538046820045,17.434538046820045,17.882566869548107,18.35369844805684,4.425779771227192,-178.90566604567545,17.258722009763332,17.49239085342076,10.168159238896406,-0.3651256561279297,11.180671853553926,0
camera2_clip_20260530_072726_24862,66,12.169496819795642,7.695496580181885,12.169496819795642,12.37037048288169,22.44633473708958,22.44633473708958,88.62277854790173,80.82310162328626,144.87498659362493,165.5508168818813,27.86217848957227,27.688425439868993,11.597860090615631,13.113014790175324,27.86217848957227,27.688425439868993,-27.203861236572266,-27.66433334350586,7.695496580181885,22.44633473708958,165.5508168818813,27.688425439868993,15.398265000963926,-170.36441256096055,-175.82007500123325,5.455662440272704,-109.17571825586457,1.219271616756231,11.598295231833772,26.109596154000997,26.109596154000997,235.61629104614258,35.753188133239746,4.334726414704157,-170.36441256096055,-175.82007500123325,12.639844499211463,16.06007307932305,16.06007307932305,14.272062442769816,17.640123848015914,17.640123848015914,159.19049529360956,170.21294016308752,170.21294016308752,159.19049529360956,17.195844979476767,10.562831426937313,17.195844979476767,23.413236413199655,23.413236413199655,24.346141752127217,24.388857255987947,4.435342533285308,-178.85926796099332,21.107375197133422,22.790632837661274,10.287301920939196,-0.27831459045410156,15.06336419012649,0
camera2_clip_20260530_072726_24862,67,13.303109145124326,2.7991460631566136,13.303109145124326,20.475176290302365,15.07769995619219,20.475176290302365,89.00436694124342,80.16301520731072,145.65032078594032,166.62423236225496,27.856992672821658,27.496921533948093,11.32613598033597,12.989863985796001,27.856992672821658,27.496921533948093,-27.220993041992188,-27.443777084350586,2.7991460631566136,15.07769995619219,166.62423236225496,27.496921533948093,14.27813555210349,-169.65021498654414,-175.30836241463138,5.658147428087233,-111.03150929267464,0.7141975744164029,13.616250806002308,20.397431051843125,20.397431051843125,235.5932273864746,35.78309774398804,1.1330778839756588,-169.65021498654414,-175.30836241463138,13.582550046119707,21.47327744676497,21.47327744676497,9.7177507076725,16.849445706282904,16.849445706282904,157.31778098685345,168.0955529048034,168.0955529048034,157.31778098685345,17.28801897594575,10.566918671431315,17.28801897594575,21.95335260789477,21.95335260789477,22.443351871651362,22.312851069966147,4.455441304620833,-178.66884425916572,21.83264019616416,21.452116397792615,10.353175600860926,-0.21395301818847656,14.595564572236507,0
camera2_clip_20260530_072726_24862,68,2.6456522700166443,1.881406797978917,2.6456522700166443,19.93940193170819,13.54688931624438,19.93940193170819,88.95713731580508,78.85475699359283,145.32790402328828,164.29106141363278,27.56263023944393,27.181366280173055,10.700066465604058,12.538249593147425,27.56263023944393,27.181366280173055,-26.988418579101562,-27.116119384765625,1.881406797978917,13.54688931624438,164.29106141363278,27.181366280173055,10.15095271135761,-169.54376209620247,-175.11208427111447,5.568322174911998,-112.74247593194244,0.10645289034167149,11.985865434932114,10.906500517265409,11.985865434932114,235.69382858276367,35.8065071105957,3.098667330609456,-169.54376209620247,-175.11208427111447,12.219526962248562,23.546870411494975,23.546870411494975,5.876000920530998,13.788715175308173,13.788715175308173,155.18818516777773,165.01795847556133,165.01795847556133,155.18818516777773,15.525390164156885,14.999328151404123,15.525390164156885,32.28266471757065,32.28266471757065,30.904990558299126,30.709413922473217,4.454741502847281,-178.5698780124939,23.44785223636545,23.00549501137312,10.342821481743401,-0.013599395751953125,12.238462337774116,0
camera2_clip_20260530_072726_24862,69,9.231741296060044,1.9718687069538792,9.231741296060044,11.998991037415298,14.421530194650122,14.421530194650122,89.05971032957586,77.67553492892475,146.160583131109,163.21458546474625,27.032758438550275,26.538822543623763,10.16812188586572,12.002279478566713,27.032758438550275,26.538822543623763,-26.5224552154541,-26.444974899291992,1.9718687069538792,14.421530194650122,163.21458546474625,26.538822543623763,12.158396914088902,-170.52136262004424,-175.8786543154021,5.357291695357844,-113.35118027887873,-0.9776005238417724,14.592217741927183,20.73403250752688,20.73403250752688,235.5706443786621,36.12492847442627,10.242551526620113,-170.52136262004424,-175.8786543154021,4.621551771639199,29.121328855194868,29.121328855194868,21.30586484293487,18.554181713971737,21.30586484293487,153.09881815313776,162.41398411500748,162.41398411500748,153.09881815313776,2.8439906858253274,7.047259761271114,7.047259761271114,13.753073406994421,13.753073406994421,13.810471434110417,14.696879466461635,4.470497244568272,-179.02398301971238,15.43238694280516,18.544703466829283,10.376901335292242,0.017988204956054688,13.037046592947545,0
camera2_clip_20260530_072726_24862,70,6.62373724839432,9.245658596844128,9.245658596844128,9.378787857807941,17.428173455163897,17.428173455163897,89.95906233533319,77.03098158850037,148.72174341978965,164.04501355949182,26.52715817201247,26.28564707525431,9.730440443833263,11.859592106733745,26.52715817201247,26.28564707525431,-26.045251846313477,-26.14900016784668,9.245658596844128,17.428173455163897,164.04501355949182,26.28564707525431,13.261805422664176,-171.8182177219537,-176.8831023921692,5.06488467021552,-113.68934494728005,-1.2968551019094434,12.975810740499504,23.918664637275267,23.918664637275267,235.3237648010254,36.45570755004883,12.382563969203595,-171.8182177219537,-176.8831023921692,6.407818080797465,32.25856943806432,32.25856943806432,30.433911119874807,22.364802179324936,30.433911119874807,151.60328503069425,160.19090042599888,160.19090042599888,151.60328503069425,3.177701970130369,15.964819610180829,15.964819610180829,15.488589481915067,15.488589481915067,15.412918794950553,16.043895623222745,4.474972278978835,-179.42470626467167,15.889413061919655,19.666798723690267,10.453363551182916,-0.12508583068847656,15.848204577863148,0
camera2_clip_20260530_072726_24862,71,9.21807876285939,2.4333778281444802,9.21807876285939,16.70328523703702,20.20034563623793,20.20034563623793,91.21069106337663,76.94622584379813,149.10744542557939,162.07500726559527,26.328796740978188,25.724412797694026,9.3434236225769,11.365330472164345,26.328796740978188,25.724412797694026,-25.78093719482422,-25.616962432861328,2.4333778281444802,20.20034563623793,162.07500726559527,25.724412797694026,12.766643979596003,-173.44601706387854,-178.2631664562372,4.817149392358658,-113.8579109665045,-1.627799341924856,7.765465283170495,20.279311130126693,20.279311130126693,235.47237396240234,36.786537170410156,10.88024027759606,-173.44601706387854,-178.2631664562372,17.5506592169987,21.368664149146493,21.368664149146493,44.46038543574475,29.304562825981666,44.46038543574475,150.47387847011063,159.43044021308455,159.43044021308455,150.47387847011063,5.59335633661588,10.82741900740429,10.82741900740429,33.126086070555274,33.126086070555274,32.059103171771056,33.288880249670825,4.391114697273603,179.30628665391998,20.108916793191657,26.553495420733746,10.287145392622222,-0.034793853759765625,17.142075904122315,0
camera2_clip_20260530_072726_24862,72,13.047334815855445,6.6823552172468155,13.047334815855445,18.88513402472895,21.64629286985699,21.64629286985699,93.71077319883074,77.0446038735771,150.22624369976273,159.69502253478296,25.816831820957464,25.044504946817355,8.847916946573005,10.846114212429988,25.816831820957464,25.044504946817355,-25.102519989013672,-24.973613739013672,6.6823552172468155,21.64629286985699,159.69502253478296,25.044504946817355,17.088680644304613,-174.6565924876987,-179.02468064910732,4.368088161408622,-112.98753762071152,-1.2105754238201598,18.040318249504093,24.230648688635384,24.230648688635384,235.48498916625977,37.33744716644287,16.53163241750243,-174.6565924876987,-179.02468064910732,36.406870668683474,23.320866323533995,36.406870668683474,53.73701376084883,30.942634270278194,53.73701376084883,151.63187783704694,160.63293120993026,160.63293120993026,151.63187783704694,12.973542861892255,18.57718963037849,18.57718963037849,30.40266578768321,30.40266578768321,30.157303174088565,31.768365962722946,4.253104492225001,177.94962455308783,22.05841130612911,29.02006259601523,10.079166646294896,0.014604568481445312,23.20751678178691,0
camera2_clip_20260530_072726_24862,73,13.017233213212672,1.8091503846618393,13.017233213212672,18.119487232550114,14.580063518910412,18.119487232550114,96.70493894829134,77.71362330520688,152.06990626574765,159.85757859705168,25.093329426471147,24.284949294828767,8.251576672380944,10.419788515251348,25.093329426471147,24.284949294828767,-24.173053741455078,-24.231843948364258,1.8091503846618393,14.580063518910412,159.85757859705168,24.284949294828767,15.802861250445728,-175.49855748766166,-179.36533024300726,3.8667727553456075,-112.15029130968173,-0.8419649999629542,22.393193101839568,24.89804005149976,24.89804005149976,235.54742813110352,37.96694612503052,18.97763965498137,-175.49855748766166,-179.36533024300726,42.63966641397204,16.21523003809017,42.63966641397204,55.88342359468339,17.361706195217252,55.88342359468339,153.23758426278818,161.82733827485103,161.82733827485103,153.23758426278818,15.601172422748453,19.60826656156624,19.60826656156624,24.38485925066004,24.38485925066004,23.292168657309414,26.314309851888606,4.1581204766453,176.38045062355565,19.195338472218555,27.646229252152672,9.955333465874958,0.1162261962890625,21.84388606074599,0
camera2_clip_20260530_072726_24862,74,33.93269680331036,17.51681707631716,33.93269680331036,29.901030255548637,15.030400876734447,29.901030255548637,99.94765352903445,79.67759883466036,151.34057238139548,157.2242142163697,25.185997265197468,23.546010469359747,8.087026758343034,9.913585033013582,25.185997265197468,23.546010469359747,-23.841419219970703,-23.542829513549805,17.51681707631716,15.030400876734447,157.2242142163697,23.546010469359747,23.12923981162248,-175.43512074666344,-179.081377514242,3.6462567675785635,-111.90643357846353,0.06343674099821328,17.155523288505016,25.238970569319264,25.238970569319264,235.92412567138672,38.41737127304077,17.615489369697542,-175.43512074666344,-179.081377514242,43.32808735909161,17.2999339781217,43.32808735909161,50.812036454288375,11.240285771589651,50.812036454288375,154.78319069660574,163.31016759672164,163.31016759672164,154.78319069660574,14.30737369554374,14.789911483412439,14.789911483412439,43.052748639742084,43.052748639742084,41.720324705152834,44.071898400283786,3.9929017944414267,174.98984804474256,26.685485871717233,33.63131486768427,9.64770019557845,-0.00438690185546875,24.2127556343152,0
camera2_clip_20260530_072726_24862,75,39.24712941207294,41.690927198195546,41.690927198195546,25.35408747891251,14.07137342169491,25.35408747891251,102.62466555965621,81.83716493026952,148.79127597023404,151.98590176348813,25.711278643691912,21.987835849521744,8.35950543334541,9.0543167084155,25.711278643691912,21.987835849521744,-23.784330368041992,-21.95792007446289,41.690927198195546,14.07137342169491,151.98590176348813,21.987835849521744,28.45742906982981,-174.18824353318522,-178.23369897469468,4.045455441509461,-112.00710518550106,1.2468772134782284,17.88531237728781,32.49574453081514,32.49574453081514,236.65812301635742,38.751521587371826,24.19437293034117,-174.18824353318522,-178.23369897469468,36.759640144296554,26.56111953195016,36.759640144296554,37.764313197035754,7.321606803315367,37.764313197035754,155.64805152433004,165.44038312602606,165.44038312602606,155.64805152433004,20.91948119574065,27.86750286647877,27.86750286647877,35.76357245597119,35.76357245597119,33.869800836024794,36.12127096171262,3.858872409344178,174.11670638308172,23.106377694389042,29.186163631200827,9.366891713345927,0.45684051513671875,27.328186513149674,0
camera2_clip_20260530_072726_24862,76,42.0721575628273,60.561811264740626,60.561811264740626,8.555864762547523,23.366072660005898,23.366072660005898,105.63001894645978,88.51726896284457,147.68382869898204,150.86559512816206,26.430359185927568,21.5982369651048,9.303960749581313,9.188150154383317,26.430359185927568,21.5982369651048,-23.65818214416504,-21.238584518432617,60.561811264740626,23.366072660005898,150.86559512816206,21.5982369651048,30.05791498216043,-173.98419201511334,-177.44114247627826,3.456950461164922,-111.89318627775066,0.2040515180718785,20.221516521478364,25.570067121362854,25.570067121362854,237.41066360473633,39.158430099487305,25.665203816660654,-173.98419201511334,-177.44114247627826,37.45416183088934,25.854364524166805,37.45416183088934,38.85306716647585,2.597295607901375,38.85306716647585,156.64460168290424,167.26205516387105,167.26205516387105,156.64460168290424,29.45298814281784,28.56307563394717,29.45298814281784,16.44051793510851,16.44051793510851,13.621248908301745,18.48515368476138,3.6878038303329865,173.5920972023978,14.856239835712946,24.85385610219822,9.001965113983497,0.16937828063964844,28.593536899930083,0
camera2_clip_20260530_072726_24862,77,37.36438914402278,72.62488264255457,72.62488264255457,25.718678293647464,32.88379191003111,32.88379191003111,108.08762861173342,97.11207532055064,147.2123219364624,151.4019458856557,27.22324807968866,21.659615138371567,10.509024708806798,9.419443683741743,27.22324807968866,21.659615138371567,-23.53932762145996,-20.463912963867188,72.62488264255457,32.88379191003111,151.4019458856557,21.659615138371567,36.54380656121085,-175.82042851412865,-177.77667063387614,1.9562421197474862,-112.24981901868077,-1.836236499015314,24.137208466209504,26.53388891079968,26.53388891079968,238.40458297729492,39.21961259841919,29.87402074697239,-175.82042851412865,-177.77667063387614,34.04798743791054,33.52573999077862,34.04798743791054,29.414310890028563,0.6902806380486602,29.414310890028563,157.09038621099484,169.47525010531618,169.47525010531618,157.09038621099484,35.01740021638891,38.013347005494715,38.013347005494715,14.437930267684141,14.437930267684141,12.34384140156003,17.531964184801403,3.52370697438906,172.68079831633113,15.471087165821539,25.094314129622862,8.689371055942997,0.6229515075683594,32.497658795492924,0
camera2_clip_20260530_072726_24862,78,61.72575315692896,74.42680562732747,74.42680562732747,47.40263450976588,20.771762112607988,47.40263450976588,110.06373986013135,103.69130888228119,143.23386078822634,146.79969535359103,27.56859990269287,21.319528255957998,11.784717900029957,9.396104435581089,27.56859990269287,21.319528255957998,-22.613636016845703,-18.88373565673828,74.42680562732747,20.771762112607988,146.79969535359103,21.319528255957998,45.874985695289546,-178.65825669001833,-178.2210103795431,0.43724631047524554,-111.92189093720833,-2.8378281758896833,35.16487758769596,35.75808117741097,35.75808117741097,239.49115371704102,39.05311584472656,32.97758977421335,-178.65825669001833,-178.2210103795431,35.0701949528311,42.613595561330065,42.613595561330065,25.623419771265958,4.751357254916925,25.623419771265958,158.3501508652844,172.71895934867504,172.71895934867504,158.3501508652844,32.179632840917925,37.32370975859543,37.32370975859543,19.817869315906684,19.817869315906684,17.11615166902388,20.881646320424235,3.4016730049297412,171.19198838051358,21.0175457273778,27.201683276142724,8.443856721214415,1.768636703491211,37.73431869263288,0
camera2_clip_20260530_072726_24862,79,114.220045811291,47.431960855625505,114.220045811291,104.66302846575975,25.673184007794262,104.66302846575975,112.04783036443304,106.22124237768008,140.38690504829924,135.92124562433742,25.864753531118254,20.408450490551687,12.437016193646704,8.757904216981071,25.864753531118254,20.408450490551687,-19.842073440551758,-17.000564575195312,47.431960855625505,25.673184007794262,135.92124562433742,20.408450490551687,62.66660458369049,172.66198284718362,178.58888656679707,5.926903719613449,-111.50415302173498,351.3202395372019,42.775341917899766,41.23606644377272,42.775341917899766,240.70547485351562,39.096582889556885,36.45296539141557,172.66198284718362,178.58888656679707,29.43513567237883,40.47318738149679,40.47318738149679,15.644778808231678,14.290491604860502,15.644778808231678,159.50977702232083,174.51784516393147,174.51784516393147,159.50977702232083,34.84798217099302,46.27244379100301,46.27244379100301,21.975881273105493,21.975881273105493,20.86662812181004,25.40212769270309,3.2467153029903746,170.111996277829,25.311079974255794,33.67283223147875,8.123895132780053,2.692035675048828,46.413637244258894,0
camera2_clip_20260530_072726_24862,80,181.18607975706877,81.17726878374663,181.18607975706877,154.08115792275268,8.500690664321905,154.08115792275268,114.3482465455393,108.42106798394852,135.98810358084094,121.22760923752713,22.831279336188196,18.53099888933635,12.773766912934642,7.587770293875446,22.831279336188196,18.53099888933635,-15.505483627319336,-14.418201446533203,81.17726878374663,8.500690664321905,121.22760923752713,18.53099888933635,82.30876387541693,164.72366122077835,175.2700853903085,10.546424169530155,-110.63054689913317,-7.938321626405269,59.76119089869075,9.146195225920808,59.76119089869075,241.40222549438477,38.78406763076782,22.908830574143185,164.72366122077835,175.2700853903085,42.113817931656065,26.49599292453131,42.113817931656065,20.586818232105628,22.398851110129215,22.398851110129215,162.9499636443739,175.80563658145698,175.80563658145698,162.9499636443739,28.726178225879668,18.378973342949642,28.726178225879668,34.702391100567716,34.702391100567716,31.829556344162995,35.25594828999042,3.0993909890053972,169.37474784479505,29.25457829706862,32.80987265691297,7.896750412983003,4.33135986328125,54.379434584979414,0
camera2_clip_20260530_072726_24862,81,243.66176661439306,136.9140895016295,243.66176661439306,160.63300860559727,54.05428913555841,160.63300860559727,116.6124935777314,103.75394514435823,126.84268279707908,86.08434383213664,17.629815976653028,14.312845949031002,11.318551298802205,6.856443027590878,17.629815976653028,14.312845949031002,-9.464897155761719,-10.585590362548828,136.9140895016295,54.05428913555841,86.08434383213664,14.312845949031002,112.03137205171639,157.28907902410484,171.8143082206165,14.525229196511674,-109.19813712055446,-7.434582196673517,56.77138200475618,20.153696448363856,56.77138200475618,242.0555076599121,38.470901012420654,21.733978622856583,157.28907902410484,171.8143082206165,30.721061521011514,13.809705944742674,30.721061521011514,10.60606291921667,21.524888852968687,21.524888852968687,166.05487311814056,175.0319925613366,175.0319925613366,166.05487311814056,18.396404000199517,10.937793537228533,18.396404000199517,35.82220731292439,35.82220731292439,33.934555284980505,35.06384277490021,3.0224892342634075,167.74897786945337,30.2418318127918,30.19252904979098,7.794735586313343,5.613409996032715,64.84867909047216,0
camera2_clip_20260530_072726_24862,82,278.9221191072982,169.4168851874776,278.9221191072982,189.23944691282983,59.692467327145856,189.23944691282983,116.49067850446545,99.83009670589163,112.66646069366125,53.215762397892405,11.925029728329363,9.50186255713787,9.802924933437588,8.070252864196583,11.925029728329363,9.50186255713787,-2.919727325439453,-5.759130477905273,169.4168851874776,59.692467327145856,53.215762397892405,9.50186255713787,128.55466677661602,152.0589625501765,169.28483858972544,17.22587603954895,-106.83761153719628,-5.230116473928348,59.042862019982195,15.014220104962405,59.042862019982195,242.31076431274414,38.04751920700073,14.831294642683094,152.0589625501765,169.28483858972544,18.615068683706365,13.074566768296409,18.615068683706365,12.12637476012092,15.107481983679547,15.107481983679547,168.93205461013625,173.34447267626936,173.34447267626936,168.93205461013625,3.5361206632056192,15.986657274380617,15.986657274380617,47.925133323129444,47.925133323129444,44.24088698964427,45.42501947418449,2.807721299117373,164.72935572873766,36.43840485261613,35.378493316909086,7.337115395844128,6.6347761154174805,70.81452256609047,0
camera2_clip_20260530_072726_24862,83,260.6621052208922,154.17031084626308,260.6621052208922,182.71653243821535,65.54928533417193,182.71653243821535,-124.96951060753679,99.17224980021771,143.78967836724172,37.05884920261994,9.054936734806232,6.37201077729855,8.906024377288848,9.798973268269094,9.054936734806232,6.37201077729855,3.023651123046875,-1.4220504760742188,154.17031084626308,65.54928533417193,37.05884920261994,6.37201077729855,124.35967715015404,150.58757223413727,168.451055615163,17.86348338102573,-103.52492164697688,-1.4713903160392192,63.39761873804238,19.662210323339366,63.39761873804238,242.51969528198242,37.622976779937744,14.19505477464044,150.58757223413727,168.451055615163,7.191146479200952,34.40538445427168,34.40538445427168,11.679482781418582,15.005404920708383,15.005404920708383,170.3676323800231,168.88515876607175,168.88515876607175,170.3676323800231,7.236306284510031,28.236488744734817,28.236488744734817,65.46250103318624,65.46250103318624,63.76606333337336,64.78531135562834,2.742376702474163,163.9063738584184,52.803547809155056,51.039871857059744,7.296576468385569,6.10452938079834,70.8260230471474,0
camera2_clip_20260530_072726_24862,84,214.75614690648587,176.14597198471418,214.75614690648587,167.88473907218784,130.5969193168135,167.88473907218784,-71.7162793122757,105.97818702788655,100.65565318052099,35.29832258355083,10.327311203671,6.361012075424399,8.88907265467365,10.718821836671701,10.327311203671,6.361012075424399,7.970649719238281,3.098297119140625,176.14597198471418,130.5969193168135,35.29832258355083,6.361012075424399,131.46517860493884,153.0567716369968,169.98567531915785,16.928903682161035,-99.28122471139582,2.4691994028595445,60.276588213093106,39.1307061363385,60.276588213093106,242.30828475952148,36.838911056518555,24.362022101690517,153.0567716369968,169.98567531915785,14.86613198426448,42.00365799222364,42.00365799222364,15.07244409145712,6.241016019974678,15.07244409145712,171.03052304790913,166.33731477181766,166.33731477181766,171.03052304790913,27.94388080574998,52.13809794264911,52.13809794264911,76.93725133666074,76.93725133666074,74.48332875993229,76.05365612087847,2.696109043128851,164.42254656985472,60.461916678878545,59.948280152865976,7.335646999479149,6.023289680480957,78.92135837216269,0
camera2_clip_20260530_072726_24862,85,137.3331847122193,67.86431101266047,137.3331847122193,108.31067306073028,115.18667793173572,115.18667793173572,-62.4013356598402,118.59857805883894,97.4105288017945,63.61527790329554,10.289167521455195,8.204803382214834,8.528479327006481,8.398281446864052,10.289167521455195,8.204803382214834,9.111429214477539,0.7270030975341797,67.86431101266047,115.18667793173572,63.61527790329554,8.204803382214834,98.82769312363223,156.66104745955403,172.4589759493113,15.797928489757282,-95.20899760821807,3.604275822557213,77.66907017675236,86.60224184769521,86.60224184769521,242.1068115234375,35.18739128112793,49.912905445666134,156.66104745955403,172.4589759493113,37.95217732740926,49.94204603154113,49.94204603154113,10.188550391963089,9.971971805042426,10.188550391963089,168.56138503115633,163.14780732789305,163.14780732789305,168.56138503115633,36.01350061796837,52.11086680739358,52.11086680739358,100.03601691364588,100.03601691364588,99.27344269556824,101.43129538019186,2.446716629873462,163.22934062502858,93.21511509024643,97.76317897645637,6.977415957280023,1.9323253631591797,65.76210597692594,0
camera2_clip_20260530_072726_24862,86,109.63249458339746,85.11157831496878,109.63249458339746,79.26803746508025,100.43067929380427,100.43067929380427,-63.781709289180796,134.4364648935311,105.61773284601371,80.22993968192031,11.820530489582366,8.838883188107635,8.42180002410822,7.800993667626825,11.820530489582366,8.838883188107635,11.297423124313354,2.268167495727539,85.11157831496878,100.43067929380427,80.22993968192031,8.838883188107635,76.28056505635291,159.2506153002132,174.4760208543864,15.225405554173193,-91.48497563061153,2.5895678406591855,36.998542262342994,46.24205841852374,46.24205841852374,242.0301399230957,34.640395402908325,16.57029639383037,159.2506153002132,174.4760208543864,39.11920684916231,40.8155358639201,40.8155358639201,7.459740607093037,15.27864056952877,15.27864056952877,165.70333506853652,160.90230021615432,160.90230021615432,165.70333506853652,33.71130290773046,37.12319275961449,37.12319275961449,69.30860251431815,69.30860251431815,69.60124659939099,69.78309124163599,2.483405103731041,164.8419676077966,60.28034817767673,59.390137509510986,7.078686686541208,2.7735480070114136,52.59925082459723,0
camera2_clip_20260530_072726_24862,87,45.547219366082906,34.623464503109,45.547219366082906,21.48806292542233,67.48702041598716,67.48702041598716,-67.29535364248619,147.42358793591134,115.26918439235122,99.02477241670167,12.54361887286829,9.282628392923186,8.45048914676524,6.837411367216271,12.54361887286829,9.282628392923186,12.125851392745972,2.261028289794922,34.623464503109,67.48702041598716,99.02477241670167,9.282628392923186,40.89824893677429,162.9468637157168,176.9561641317915,14.009300416074694,-88.00116309602167,3.6962484155035895,32.01353109407255,44.23019531597177,44.23019531597177,242.08541870117188,34.39329695701599,7.596186328757426,162.9468637157168,176.9561641317915,40.11527194300443,38.05696747798615,40.11527194300443,2.5274092129703996,11.57834388356126,11.57834388356126,162.44227425193267,158.29323620947645,158.29323620947645,162.44227425193267,31.082924326518306,29.730253406786574,31.082924326518306,59.29290449371222,59.29290449371222,66.9622036922563,61.26710912743497,2.730404239342634,169.82763317695165,69.84134250265856,54.73696913862865,7.662547194819839,0.8360261917114258,33.2067219892894,0
camera2_clip_20260530_072726_24862,88,48.033138970893255,65.16944013064918,65.16944013064918,22.714869561091998,60.335532255623626,60.335532255623626,-66.70343250928461,162.7380181340055,120.70274641028529,111.25696469362099,12.928462808544191,8.737424944150485,8.087850846308147,6.0290472468592355,12.928462808544191,8.737424944150485,12.760566711425781,3.380237579345703,65.16944013064918,60.335532255623626,111.25696469362099,8.737424944150485,40.55780317878379,166.39736613697102,178.70647896466318,12.30911282769216,-85.69843170221434,3.450502421254214,24.347536097344832,22.746302057099886,24.347536097344832,241.9712677001953,34.59403133392334,6.927645125632476,166.39736613697102,178.70647896466318,31.007121390092966,24.230195133424573,31.007121390092966,2.704229476725058,15.518547109662704,15.518547109662704,160.1962633999077,157.44935333990313,157.44935333990313,160.1962633999077,28.773672927204156,22.18370697455494,28.773672927204156,43.61805650279102,43.61805650279102,46.79916974771062,44.56142035990675,2.8427950489056855,173.08958933310547,42.09778614268253,37.5330032396636,7.810250552496389,0.6978961229324341,30.647024340363927,0
camera2_clip_20260530_072726_24862,89,58.30106366189047,50.59282797934501,58.30106366189047,57.373507700756726,33.30255952646036,57.373507700756726,-62.67966365463794,165.3427670987973,128.16100429937953,108.79668903473653,12.789721700772422,8.08438556879107,8.373756002145987,5.743364143621354,12.789721700772422,8.08438556879107,12.763586521148682,3.746218681335449,50.59282797934501,33.30255952646036,108.79668903473653,8.08438556879107,41.562817608594436,169.96986863954083,-179.6023551235703,349.57222376311114,-83.95776944311966,3.5725025025698187,28.00826378837683,21.798682994737206,28.00826378837683,242.05954360961914,34.90633010864258,9.736058996748495,169.96986863954083,-179.6023551235703,14.977736546624492,14.707638907393722,14.977736546624492,6.309286694365711,9.361373057616728,9.361373057616728,158.80284505396523,156.76160765881585,156.76160765881585,158.80284505396523,20.278927637707074,12.854219822516985,20.278927637707074,25.606667743794343,25.606667743794343,30.127639772986626,25.52334627943356,3.0216800092400518,175.06259651228555,34.57069090534065,24.207783314048577,8.14773578927863,-0.11918759346008301,27.322174026482614,0
camera2_clip_20260530_072726_24862,90,42.67964802715482,183.16217054504787,183.16217054504787,41.805677967824714,76.25075559902488,76.25075559902488,-67.56145865265916,-157.11745806161514,143.01506040182375,119.95437424434071,15.387802206851868,10.384977404452165,9.497651710029952,8.613507809671312,15.387802206851868,10.384977404452165,15.38683819770813,9.68372917175293,183.16217054504787,76.25075559902488,119.95437424434071,10.384977404452165,81.114581847007,171.24704232530098,-179.13467035688328,350.38171268218423,-81.87855446759582,1.2771736857601468,73.24883741406167,69.54040152892803,73.24883741406167,242.33636093139648,36.45923137664795,47.32142390110217,171.24704232530098,-179.13467035688328,14.573942303112497,12.757157123928659,14.573942303112497,1.9602183399614157,9.463979436803386,9.463979436803386,158.22831230242272,156.52273493987877,156.52273493987877,158.22831230242272,31.891120851244324,26.546376401166114,31.891120851244324,75.00039798602572,75.00039798602572,79.0457843468205,69.80856312523431,3.4109299742425807,176.59896204267304,81.2411888648634,67.37182912060511,8.820394224449531,2.0937527418136597,48.65669046152153,0
camera2_clip_20260530_072726_24862,91,29.537802056037222,33.05255018190157,33.05255018190157,30.060716213894185,19.268721090455777,30.060716213894185,-64.89146766607628,-145.4384736348866,138.15645873124856,127.58272851934687,15.31893681982789,11.517768762200163,9.287147498030615,8.879863411747255,15.31893681982789,11.517768762200163,15.31527328491211,10.96772575378418,33.05255018190157,19.268721090455777,127.58272851934687,11.517768762200163,25.060176363617433,173.04121925198766,-178.59348139579666,351.6347006477843,-80.71681783557045,1.7941769266866743,25.05807726741069,13.38319137200516,25.05807726741069,242.36442184448242,36.92738151550293,14.069711106410061,173.04121925198766,-178.59348139579666,10.779433661078725,12.301239910112024,12.301239910112024,4.889788544406334,11.619809138046847,11.619809138046847,157.58829569285206,156.1236033890825,156.1236033890825,157.58829569285206,16.088714311668273,14.9571494300549,16.088714311668273,32.41091535322628,32.41091535322628,32.42146082696245,34.95735657897959,3.2933827344021185,178.16958490168997,25.628942083169292,31.361152149599288,8.51281417445345,0.08319413661956787,18.416432764755978,0
camera2_clip_20260530_072726_24862,92,24.91892327057255,37.36822704232373,37.36822704232373,14.930909561507454,14.17573914512822,14.930909561507454,-63.30641120564492,-131.98573918042067,133.53460772750947,136.54363135292724,15.260309303737817,12.72047058894896,8.756841454999467,9.264845816846226,15.260309303737817,12.72047058894896,15.24995231628418,12.446061134338379,37.36822704232373,14.17573914512822,136.54363135292724,12.72047058894896,22.415594595420885,173.23174237488206,-178.87430840469224,352.1060507795743,-80.42595782112976,0.19052312289440465,22.37460146194221,20.725167091051155,22.37460146194221,242.31882095336914,37.4918007850647,16.987751405370524,173.23174237488206,-178.87430840469224,9.345845412722763,6.972829009919147,9.345845412722763,7.673841354837977,10.177199371059334,10.177199371059334,157.15640519501298,156.03401611204993,156.03401611204993,157.15640519501298,12.349407037716608,13.31696202540259,13.31696202540259,19.99290662641964,19.99290662641964,19.858703639990814,23.30045137149932,3.078998490995534,177.29856425991088,23.317122477960172,27.285456916898397,7.939729962428906,-0.009274005889892578,16.194137648681977,0
camera2_clip_20260530_072726_24862,93,13.915556464768816,26.118619804458966,26.118619804458966,14.026738987042412,19.48925132759152,19.48925132759152,-63.687768395066314,-137.40083635909016,128.06805886059848,131.57586938191497,15.518282476525412,12.558452637793241,8.882328757057994,9.055014867893158,15.518282476525412,12.558452637793241,15.517757415771484,12.144099235534668,26.118619804458966,19.48925132759152,131.57586938191497,12.558452637793241,17.212124236646343,172.0731994818165,-179.13253696445923,351.20573644627575,-79.72086720132191,-1.1585428930655723,10.886884144920142,18.835694691096194,18.835694691096194,242.41799926757812,37.74054002761841,8.033479564670397,172.0731994818165,-179.13253696445923,12.961335573477088,4.958521560803578,12.961335573477088,4.491031742300323,8.414460670484212,8.414460670484212,155.87491342105454,156.27550626064243,156.27550626064243,155.87491342105454,4.414221687849967,3.4162105125203217,4.414221687849967,14.392427576198244,14.392427576198244,15.305740928721127,18.31707062314118,2.887586393489812,177.47412884705005,15.814287159391503,23.351326587553064,7.5457924916976955,-0.4261608123779297,11.827377263942793,0
camera2_clip_20260530_072726_24862,94,15.320112762979601,23.545477626177465,23.545477626177465,14.474666400296591,21.075359850868004,21.075359850868004,-64.8750622823399,-140.0501719975624,123.98628309931225,129.42012972205106,16.30866922844113,12.90107401234974,9.168740180435393,9.000275903547244,16.30866922844113,12.90107401234974,16.291091442108154,12.308084487915039,23.545477626177465,21.075359850868004,129.42012972205106,12.90107401234974,20.137411361477024,170.89035052668683,-179.3666553797992,350.25700590648603,-79.0406510672986,-1.182848955129657,19.001262343146593,27.407589185393906,27.407589185393906,242.4909210205078,38.232996463775635,14.934785944455765,170.89035052668683,-179.3666553797992,15.142833379328568,8.953078159988666,15.142833379328568,9.702864258677609,4.366359941610156,9.702864258677609,154.8196261160621,155.76996033835238,155.76996033835238,154.8196261160621,8.13929742436412,7.978975088528546,8.13929742436412,23.757168597090146,23.757168597090146,23.733970797119067,29.281485515744674,2.589040197815108,177.77139057278092,23.500623002902152,34.07977845034055,6.826264634358266,-0.2702453136444092,14.592323035113319,0
camera2_clip_20260530_072726_24862,95,25.770810827371022,22.44180559126283,25.770810827371022,8.122508700639354,22.764966880248135,22.764966880248135,-66.82203503940377,-142.57719193699106,119.9678794596467,128.57067465885513,17.200527763363542,13.763579327700064,9.573158625489684,9.200497622695258,17.200527763363542,13.763579327700064,17.11702060699463,12.843537330627441,22.44180559126283,22.764966880248135,128.57067465885513,13.763579327700064,23.176872682059397,169.59020809665688,-179.58564912517622,349.1758572218331,-78.24403193007093,-1.3001424300299504,24.952471344783522,35.00867274805152,35.00867274805152,242.61769104003906,38.903422355651855,20.46918080713006,169.59020809665688,-179.58564912517622,15.834525619662523,8.850888665793263,15.834525619662523,7.420887563374064,3.4953826916766437,7.420887563374064,153.6042157315026,154.74344910418668,154.74344910418668,153.6042157315026,13.412520210497835,13.291494573413148,13.412520210497835,30.274017112058,30.274017112058,32.056457515249626,37.14103483439928,2.172029069758081,179.2530202295445,33.03431728699751,44.65360124839085,5.8140080357450525,-0.25345492362976074,16.78057795139782,0
camera2_clip_20260530_072726_24862,96,46.85382448842058,46.841334061306625,46.85382448842058,45.214206954996754,27.55779263978553,45.214206954996754,-66.68815151836978,-142.8273208956681,122.9423717018086,133.84330284798835,16.93558973186351,14.01526995938113,9.199156696443463,8.811258091793201,16.93558973186351,14.01526995938113,16.898202896118164,12.61148738861084,46.841334061306625,27.55779263978553,133.84330284798835,14.01526995938113,40.210095845136,169.84531415396282,-179.08841086909786,348.9337250230607,-77.78337757801958,0.2551060573059374,38.786879229982475,36.006537696324074,38.786879229982475,242.68698501586914,39.776824951171875,26.28441313883005,169.84531415396282,-179.08841086909786,18.707332152518553,20.63268229038765,20.63268229038765,6.311981604735114,15.025861625320863,15.025861625320863,152.0320674908402,154.20088948164798,154.20088948164798,152.0320674908402,18.251467182336388,16.50484702541245,18.251467182336388,35.787930422699205,35.787930422699205,36.31268948306254,36.03092009817206,2.21721695395548,179.1897213499971,39.63550656398675,39.66332821272752,5.790216044349993,-1.4329724311828613,28.057895579293927,0
camera2_clip_20260530_072726_24862,97,8.035815355576622,49.34788968545651,49.34788968545651,17.46971913256279,24.039440496339886,24.039440496339886,-64.56432961469979,-146.59427311317694,120.29898617964967,134.2392301823208,17.324753033662372,13.7105227541167,9.513749965830753,8.17649967632951,17.324753033662372,13.7105227541167,17.30306577682495,11.714993476867676,49.34788968545651,24.039440496339886,134.2392301823208,13.7105227541167,23.326357804764,169.55812072582916,-178.7357489870489,348.29386971287806,-77.43358692258744,-0.2871934281336621,19.776668278246557,21.288613880401613,21.288613880401613,242.77993774414062,40.03680372238159,8.282889233567234,169.55812072582916,-178.7357489870489,23.750912929666473,8.943567881514351,23.750912929666473,6.750324117930455,8.443996854377893,8.443996854377893,149.4483624922157,153.79590692826775,153.79590692826775,149.4483624922157,5.399249861852275,10.094066568694439,10.094066568694439,15.612025542196355,15.612025542196355,16.81091607996534,17.63972598454734,2.135644515377536,-179.6508326441491,20.554463541985886,22.408926869202222,5.504351340136867,-0.8748047351837158,16.945022086884993,0
camera2_clip_20260530_072726_24862,98,23.377112467228024,22.64096984783218,23.377112467228024,21.273560184906703,23.623374290489657,23.623374290489657,-66.03035098890861,-147.83511641929812,120.95387292865101,135.46602958434508,17.954333435484507,14.341932623324483,9.942294208032132,8.320170928834958,17.954333435484507,14.341932623324483,17.90183687210083,11.914135932922363,22.64096984783218,23.623374290489657,135.46602958434508,14.341932623324483,25.4586743953534,168.96386222474382,-178.37662266162147,347.3404848863653,-76.9966497244245,-0.594258501085335,28.983959323730655,32.85307025793317,32.85307025793317,242.91306686401367,40.770366191864014,22.36634823282936,168.96386222474382,-178.37662266162147,25.64100567618569,11.402752807655036,25.64100567618569,5.8121186287397215,3.511983274235607,5.8121186287397215,146.74996410268344,151.92851596965917,151.92851596965917,146.74996410268344,18.020993435662362,18.759272931415545,18.759272931415545,30.65149071853307,30.65149071853307,30.701680266297142,31.041801703523674,2.033181533474956,-178.55139704579796,29.464125375236467,31.373062857649508,5.136902813729666,-0.5296969413757324,19.658347760501197,0
camera2_clip_20260530_072726_24862,99,36.39255368360146,40.80209119917459,40.80209119917459,26.677841126470177,35.7864724146805,35.7864724146805,-68.33625416552105,-152.58090709967516,121.95760468656378,134.7074837065188,18.443354816425455,14.572139077048213,10.51132652079974,8.406927341340046,18.443354816425455,14.572139077048213,18.295753955841064,11.424066543579102,40.80209119917459,35.7864724146805,134.7074837065188,14.572139077048213,31.508240156385707,167.46282844438406,-178.43194023028136,345.89476867466544,-76.53678405880488,-1.5010337803597622,20.964765840803967,28.42571667358352,28.42571667358352,242.96780395507812,41.41206169128418,19.320774746444954,167.46282844438406,-178.43194023028136,26.16384780618314,13.569031450866019,26.16384780618314,2.5003076900440204,5.369332862062494,5.369332862062494,143.83302969320448,150.49666628322356,150.49666628322356,143.83302969320448,19.398086788070366,18.60933310259813,19.398086788070366,21.386093879941058,21.386093879941058,20.252855235732863,19.436303159161103,1.9844334841336073,-177.6774692947165,19.721590016404285,19.429771096281513,4.970838426033391,-0.7638192176818848,22.888281719844866,0
camera2_clip_20260530_072726_24862,100,52.533519129580256,39.73658126936533,52.533519129580256,61.535385657234265,38.4753567821859,61.535385657234265,-68.45801335700557,-159.21209442567846,124.11142664595683,129.6126136502071,17.342720032922667,14.150701014528101,10.47238326060039,8.472174000036645,17.342720032922667,14.150701014528101,17.154229164123535,10.557964324951172,39.73658126936533,38.4753567821859,129.6126136502071,14.150701014528101,37.35575114311032,167.3120203821832,-178.63203749306228,345.94405787524545,-76.48546252688352,-0.1508080622008663,19.007959972144715,12.845704048151484,19.007959972144715,242.77921676635742,41.93268537521362,16.611825101898308,167.3120203821832,-178.63203749306228,17.886141819730458,11.756334300999487,17.886141819730458,3.5761484595430133,12.306805436897383,12.306805436897383,141.88230453489157,150.50267885349507,150.50267885349507,141.88230453489157,20.2580419814328,17.97506453191083,20.2580419814328,11.373548812883831,11.373548812883831,10.42038490028538,12.099950853685916,2.0132754049662327,-179.16482685549096,9.671777072683822,11.632499960467825,4.940918880764965,-1.4648454189300537,25.65775361576466,0
camera2_clip_20260530_072726_24862,101,68.33400588297354,25.06054303654141,68.33400588297354,27.3751837829655,35.34208700086386,35.34208700086386,-73.77731670554871,-166.11518103955265,123.88807184950383,121.54453522112912,18.011170708825986,14.270383700726232,11.359025679137194,8.78115581303412,18.011170708825986,14.270383700726232,17.368913650512695,10.180742263793945,25.06054303654141,35.34208700086386,121.54453522112912,14.270383700726232,30.598823146989492,162.80155575408418,-179.65174542435687,342.45330117844105,-76.08374731393873,-4.510464628099015,3.03370618104992,24.447412997542692,24.447412997542692,242.9661407470703,42.20152521133423,9.823130297711437,162.80155575408418,-179.65174542435687,13.623611353900415,10.941782471933156,13.623611353900415,3.546882441415469,10.00150470878645,10.00150470878645,140.5791736058942,149.45341827190012,149.45341827190012,140.5791736058942,10.16839709871039,14.91173179528788,14.91173179528788,14.475376434813592,14.475376434813592,14.712662553715477,13.568560550984238,1.6983622582046562,179.00245600600982,5.826622380783582,19.4417405975509,4.245608274796249,-0.260897159576416,20.565570729330894,0
camera2_clip_20260530_072726_24862,102,76.16700940496936,13.09895589066501,76.16700940496936,59.42710722265621,45.63870554949215,59.42710722265621,-87.79850021471782,-174.89348071633702,135.8104401002009,109.34723158650874,18.31161756249547,14.974470469233854,11.974273080198424,9.77985726605052,18.31161756249547,14.974470469233854,16.607413291931152,10.240657806396484,13.09895589066501,45.63870554949215,109.34723158650874,14.974470469233854,41.351333475611234,159.8712872753049,-179.914464641666,339.78575191697087,-75.03049625778584,-2.9302684787792828,18.327717879381346,35.4485049065033,35.4485049065033,243.43972778320312,42.78443956375122,22.531454474625132,159.8712872753049,-179.914464641666,14.293460191409606,19.97627723815796,19.97627723815796,6.975664017996125,18.270204547412515,18.270204547412515,139.9349141616431,148.07583293041705,148.07583293041705,139.9349141616431,24.981752067514712,26.658431599646562,26.658431599646562,17.843478979719173,17.843478979719173,16.109932166537828,18.90259922563709,1.6112448229353513,177.21698677339006,22.667432930893288,26.303803258986935,4.163647707409949,-0.6697754859924316,29.938649209650404,0
camera2_clip_20260530_072726_24862,103,102.8630802076395,16.309635241213545,102.8630802076395,96.2973717243361,30.34054240078894,96.2973717243361,-108.88829039155372,-179.8934022029979,155.8490994013611,105.57977828906569,17.72975598971707,15.428514726177795,12.032336968386817,10.196193838600237,17.72975598971707,15.428514726177795,14.521739959716797,9.843679428100586,16.309635241213545,30.34054240078894,105.57977828906569,15.428514726177795,48.73937078503317,157.92312039381267,-178.16766522090535,336.090785614718,-74.69977409667936,-1.9481668814922273,8.00695805817653,38.61863707804439,38.61863707804439,243.94154357910156,43.035170555114746,16.829040695743377,157.92312039381267,-178.16766522090535,9.92019374492325,12.840024356207227,12.840024356207227,5.229485716134564,18.832390012818433,18.832390012818433,140.71799992858723,147.85903609304063,147.85903609304063,140.71799992858723,12.906335343583928,24.15927804997503,24.15927804997503,15.35811214410765,15.35811214410765,20.701870517446515,9.468380537317925,1.1707643539716037,170.61403725433698,13.255453851086113,23.257638649302354,3.008432573048635,-1.3900790214538574,31.360327661153452,0
camera2_clip_20260530_072726_24862,104,69.29652674736008,21.377008755075657,69.29652674736008,71.46457013210636,31.254255103179442,71.46457013210636,-131.8977869682052,174.17422284352367,179.320973925,99.18987789376368,17.10020579255117,15.544444421769679,11.94930993235461,10.51612335551502,17.10020579255117,15.544444421769679,12.633316993713379,9.153141021728516,21.377008755075657,31.254255103179442,99.18987789376368,15.544444421769679,36.25529909998409,157.00323543420208,-177.2491161735543,334.2523516077564,-74.63294311519432,-0.9198849596105845,5.546273887248136,18.593159974934892,18.593159974934892,244.30111694335938,43.132408142089844,11.174673925622129,157.00323543420208,-177.2491161735543,16.380062652020072,9.876625487130575,16.380062652020072,6.5290194197177325,19.193455765961694,19.193455765961694,142.50419885601468,148.58859580180123,148.58859580180123,142.50419885601468,8.452284759557621,13.481139623774729,13.481139623774729,18.84530910349369,18.84530910349369,22.052413343028746,18.647096707745213,0.8517559263081759,158.67843785728257,15.1916510713129,16.50114358756011,2.2619170119435466,-1.3442349433898926,24.28703185900558,0
camera2_clip_20260530_072726_24862,105,58.208256042319455,41.177419816669605,58.208256042319455,57.79045656412895,43.497260687742575,57.79045656412895,-153.20618866427589,166.93989377969461,159.24712666572003,95.26102384371765,17.632550547173462,16.018930143868566,12.203427876643117,10.906250856774038,17.632550547173462,16.018930143868566,11.565577507019043,7.918466567993164,41.177419816669605,43.497260687742575,95.26102384371765,16.018930143868566,38.11565361891568,153.42549757769777,-176.92112170493326,330.346619282631,-74.60497873249194,-3.5777378565043136,4.3528111037260855,23.667717498907425,23.667717498907425,244.76270294189453,42.99630165100098,14.43703397045941,153.42549757769777,-176.92112170493326,6.838662093736315,4.795443418233248,6.838662093736315,18.176564520529457,11.276260338025796,18.176564520529457,143.4051537762557,146.9689272366875,146.9689272366875,143.4051537762557,10.62410289585676,21.587536808704023,21.587536808704023,14.904925748152621,14.904925748152621,14.268997885190347,13.13757344195552,0.5905501937440397,142.19561779379177,4.338799904296428,19.786494192979283,1.6220515904510222,-1.1054191589355469,25.166040982381645,0
camera2_clip_20260530_072726_24862,106,79.77175697128142,52.83514604645694,79.77175697128142,88.88693289020277,45.097900145548365,88.88693289020277,-177.79635845703868,158.95341983023638,132.98859827512916,92.08909140194221,17.340846729485353,16.39111631960321,12.045234084194481,11.168310984479385,17.340846729485353,16.39111631960321,9.378738403320312,6.105264663696289,52.83514604645694,45.097900145548365,92.08909140194221,16.39111631960321,47.924779298623605,153.40704378136076,-176.15190377323327,329.55894755459406,-74.56914682934996,-0.018453796337013273,4.321879193427758,16.635060544824338,16.635060544824338,244.96014404296875,42.846707820892334,7.431364084740832,153.40704378136076,-176.15190377323327,1.3284268632212588,4.7569638077268035,4.7569638077268035,13.415893801334438,16.235604320975053,16.235604320975053,144.29600493851132,145.97624159141762,145.97624159141762,144.29600493851132,6.031989631381417,14.108739388583318,14.108739388583318,10.750241835843914,10.750241835843914,13.060705222046778,6.91586345048894,0.4609411949838272,124.61253281863311,9.660921547208178,11.73435682221179,1.1928684071234221,-1.9185681343078613,28.618857800413654,0
camera2_clip_20260530_072726_24862,107,74.71266026607593,56.61014862948457,74.71266026607593,77.21846510277311,45.17150751599766,77.21846510277311,167.47684632703263,152.58546121930803,118.02796072215165,90.526888129911,17.361149044588263,16.85586452131421,12.158542896288173,11.379466712264438,17.361149044588263,16.85586452131421,7.518241882324219,4.375545501708984,56.61014862948457,45.17150751599766,90.526888129911,16.85586452131421,45.45174694854501,153.65196627893903,-174.1640780639878,327.81604434292683,-74.58012976097021,0.24492249757827267,10.62235021052536,8.375349966413411,10.62235021052536,245.0074005126953,42.891252517700195,1.9482462755641619,153.65196627893903,-174.1640780639878,6.039445465993747,3.447550119062955,6.039445465993747,8.272244455171215,7.26775874446784,8.272244455171215,145.73210443744455,146.0656447077802,146.0656447077802,145.73210443744455,2.466842939757689,7.287713318295107,7.287713318295107,12.607437545347434,12.607437545347434,15.351219765592063,8.823813735722629,0.3887735964139327,95.91804841801721,14.970302800498848,5.583719737815243,0.9248489155612183,-1.9201087951660156,25.62433639450155,0
camera2_clip_20260530_072726_24862,108,55.17718436324163,95.23165669615537,95.23165669615537,63.652743900942525,70.06075641076387,70.06075641076387,156.7067164959326,145.2049166958247,105.11709292738738,86.13707478942273,16.898504894986367,16.975462348103292,11.952081235357083,10.767626635887902,16.898504894986367,16.975462348103292,5.715944290161133,1.3220367431640625,95.23165669615537,70.06075641076387,86.13707478942273,16.975462348103292,49.885123832173385,154.4984615295373,-175.04861769901564,329.54707922855295,-74.83629951801886,0.8464952505982808,5.559319789800389,9.629081832136514,9.629081832136514,244.8450469970703,42.80428886413574,5.525324150614859,154.4984615295373,-175.04861769901564,5.967335244055102,6.804973683459853,6.804973683459853,3.1073944260594524,6.611851104258347,6.611851104258347,146.48010069008478,146.93503433328019,146.93503433328019,146.48010069008478,5.558685003019672,4.696358258632376,5.558685003019672,5.273982241243365,5.273982241243365,3.119181090975133,5.377852543924734,0.41500566691790575,111.09294319239187,1.5774026063785687,5.50524443876669,0.9482704744407744,-2.405137062072754,27.671445059377092,0
camera2_clip_20260530_072726_24862,109,107.04379879755379,77.10709760794816,107.04379879755379,90.54627261020599,45.44091597827839,90.54627261020599,147.6374696567233,140.06276458753095,98.56712720754929,86.87923252551964,17.465160163539885,17.716485530221647,11.777272444031572,10.363435292162485,17.465160163539885,17.716485530221647,2.870088577270508,-1.2970085144042969,77.10709760794816,45.44091597827839,86.87923252551964,17.716485530221647,56.85629037675991,156.77756214207938,-172.77344828583742,329.5510104279168,-75.26339852756377,2.2791006125420665,15.895577360627575,5.104079905945604,15.895577360627575,244.74613189697266,42.71298265457153,4.038430244424354,156.77756214207938,-172.77344828583742,5.555536799185239,8.440085033083507,8.440085033083507,6.11143546539348,7.108658934077617,7.108658934077617,146.65532543823824,147.23911537221457,147.23911537221457,146.65532543823824,5.653925397694921,10.321036788358027,10.321036788358027,12.889711341318247,12.889711341318247,11.075842604430967,12.997723642739613,0.4280807462238782,120.58338275977334,6.645935251646079,8.80945447468026,0.8505293712752634,-2.76595401763916,32.027368389862694,0
camera2_clip_20260530_072726_24862,110,106.62400594545831,72.39558107386185,106.62400594545831,71.72464816883398,35.340854482717546,71.72464816883398,141.57817742175922,136.86629480535262,98.37922861083541,88.43625821964866,18.462904638308913,18.13206908777534,11.623520323701053,9.439772365662547,18.462904638308913,18.13206908777534,0.03287696838378906,-3.699697494506836,72.39558107386185,35.340854482717546,88.43625821964866,18.13206908777534,50.360887169299474,159.90237121216015,-169.44887025673324,329.35124146889336,-75.46078636252851,3.1248090700807722,14.470409819718368,1.6098235252067772,14.470409819718368,244.6349220275879,42.80384635925293,4.308301647900736,159.90237121216015,-169.44887025673324,3.890675852842514,12.48116022237804,12.48116022237804,5.828275999560093,3.0253035530972294,5.828275999560093,146.97788829211632,148.72335907627019,148.72335907627019,146.97788829211632,4.783922686155601,3.278002792608756,4.783922686155601,16.536650580979398,16.536650580979398,14.980613980163293,16.629798332637165,0.45423303517570124,126.92965972094058,10.29026484154631,11.474502327855939,0.8076371003793795,-2.801271438598633,27.95438867686992,0
camera2_clip_20260530_072726_24862,111,102.4466253631254,54.11251311496888,102.4466253631254,73.86176299660471,28.274925257485332,73.86176299660471,136.92861831683732,135.06631998982246,98.69261707667137,90.5409075495805,19.732096706222503,18.688607636060155,11.682528529244312,8.812195451212082,19.732096706222503,18.688607636060155,-2.490264892578125,-5.402082443237305,54.11251311496888,28.274925257485332,90.5409075495805,18.688607636060155,47.559252187072595,164.9017624676651,-165.37329219551535,330.2750546631804,-75.73086980936294,4.999391255504946,20.681760322208447,5.977926068042829,20.681760322208447,244.4043846130371,42.99567127227783,8.997214407153646,164.9017624676651,-165.37329219551535,3.2822158123298277,14.338583016757415,14.338583016757415,4.824935636846194,3.2190832981742874,4.824935636846194,147.16329726567653,150.62750015022846,150.62750015022846,147.16329726567653,9.270934911127238,0.6594471488188147,9.270934911127238,19.276916352783687,19.276916352783687,17.639186245328094,19.60006483347251,0.49111451880173007,135.08638283490487,14.58853866509943,16.185770926066468,0.7680265430936509,-2.3997793197631836,26.745892745540775,0
camera2_clip_20260530_072726_24862,112,99.60514701810882,68.31846898100582,99.60514701810882,67.18243557780649,30.798324352208343,67.18243557780649,132.4208444106975,131.8144526750399,99.47778830991464,97.40151724850368,20.61580484504896,19.71003016512414,11.52122861706757,8.665512400869968,20.61580484504896,19.71003016512414,-5.032098770141602,-7.4910125732421875,68.31846898100582,30.798324352208343,97.40151724850368,19.71003016512414,50.48750825228668,167.92037545372744,-161.32230335482294,329.2426788085504,-76.05864669046092,3.018612986062351,31.3267497071801,5.693923877410485,31.3267497071801,244.01319122314453,43.14195394515991,12.529477236223986,167.92037545372744,-161.32230335482294,19.069690839555943,10.114440191699535,19.069690839555943,18.733640033648967,12.237218995298845,18.733640033648967,146.51929246230796,151.0047776008453,151.0047776008453,146.51929246230796,16.83721066861333,1.833556102184657,16.83721066861333,18.766628605300852,18.766628605300852,19.10685869739946,18.48748287697329,0.46228028407725164,136.3848882308506,22.14789969430186,15.230448156422703,0.6042775247227864,-2.634036064147949,31.812567195393445,0
camera2_clip_20260530_072726_24862,113,95.1324390108825,51.86963079932488,95.1324390108825,46.63937373734349,32.08733305337768,46.63937373734349,127.87270071546376,127.26473326568579,103.57978530417736,102.7431080295711,22.052890019978296,20.538389207781773,12.186434238065587,9.609733907518686,22.052890019978296,20.538389207781773,-7.411214828491211,-8.868644714355469,51.86963079932488,32.08733305337768,102.7431080295711,20.538389207781773,44.15273719905941,172.43879065224564,-158.60220157549355,331.0409922277392,-75.75431469682691,4.518415198518198,24.577274239313965,14.610372354113965,24.577274239313965,243.4091911315918,43.23641061782837,18.340238718363967,172.43879065224564,-158.60220157549355,17.068371013800427,4.203927330566994,17.068371013800427,9.704179815411312,3.6372628178890776,9.704179815411312,146.21267305818913,151.33185407490834,151.33185407490834,146.21267305818913,21.941109498655514,16.747374649709315,21.941109498655514,21.806082744580905,21.806082744580905,20.678487636896072,24.832172884282336,0.567969463826791,151.03022310182163,21.41009386137752,29.95709703677753,0.6949668656360457,-2.1829872131347656,28.18488736003242,0
camera2_clip_20260530_072726_24862,114,78.17648932665652,33.93571706367259,78.17648932665652,37.28664015452108,29.413993069040924,37.28664015452108,124.51610696799811,123.97044497143634,106.66389376032467,106.20207659078473,22.929813859213528,21.11827307173615,12.335719995279668,10.35393435277033,22.929813859213528,21.11827307173615,-9.494546890258789,-9.895746231079102,33.93571706367259,29.413993069040924,106.20207659078473,21.11827307173615,34.683837259621676,178.61235646214226,-151.57539554918893,330.1877520113312,-75.36879848585785,6.1735658098966155,26.230553280278944,3.0596306635600308,26.230553280278944,242.91768646240234,43.33654308319092,15.04802363797832,178.61235646214226,-151.57539554918893,18.349713224617833,7.525335086647395,18.349713224617833,12.981587631953758,6.84802527374831,12.981587631953758,145.97831769709913,150.52385911184547,150.52385911184547,145.97831769709913,24.579009808943475,9.259290766496935,24.579009808943475,16.836951523604196,16.836951523604196,18.729619608990202,17.50250944887501,0.5261029553594567,153.5031344962719,23.487793043295767,17.85332155002851,0.5176868526949376,-1.7817630767822266,23.970498779178147,0
camera2_clip_20260530_072726_24862,115,71.63083955151629,26.953609816823874,71.63083955151629,43.483897842288464,18.292153532969195,43.483897842288464,121.9527376129121,120.73949209344438,108.34113346720022,107.60414463170287,23.919396687329325,21.49448621338195,12.550075548833878,11.061477207000705,23.919396687329325,21.49448621338195,-11.294902801513672,-10.710121154785156,26.953609816823874,18.292153532969195,107.60414463170287,21.49448621338195,32.65176190340136,-164.85434127847049,-145.48482303886567,19.369518239604815,-74.8938856590536,-343.46669774061274,24.961718630323972,10.588352046486351,24.961718630323972,242.26954650878906,43.46493434906006,19.82202676214458,-164.85434127847049,-145.48482303886567,16.632154449156623,17.933301031219422,17.933301031219422,7.8685589967375416,5.204362520929879,7.8685589967375416,145.88906508248758,149.41711520683725,149.41711520683725,145.88906508248758,26.23928756422842,19.121263521417834,26.23928756422842,15.291194655292093,15.291194655292093,16.55098557728743,18.662655402958006,0.6029418068160092,160.94843169779134,21.298098722678382,25.408732235040635,0.610526225859583,-1.513284683227539,24.075791625341484,0
camera2_clip_20260530_072726_24862,116,56.41524617250057,21.935756630136282,56.41524617250057,32.175681627423465,10.086719302719958,32.175681627423465,119.64039648828226,117.86504004258053,109.50628805387144,108.9882820668063,24.592246510778136,21.627000395248867,12.820346042753734,11.603596448843192,24.592246510778136,21.627000395248867,-12.639169692993164,-11.347772598266602,21.935756630136282,10.086719302719958,108.9882820668063,21.627000395248867,27.411027520352178,-146.0014031509016,-141.36469181462382,4.636711336277784,-74.6520865805421,18.852938127568876,26.014019102698267,17.83874228663454,26.014019102698267,241.52669525146484,43.591078758239746,22.604565074955957,-146.0014031509016,-141.36469181462382,18.177971772524998,19.674110538744614,19.674110538744614,10.287516977469645,8.340638841201473,10.287516977469645,145.32736110745805,148.60401886007125,148.60401886007125,145.32736110745805,25.738200148341686,22.133009167051476,25.738200148341686,20.528189860344067,20.528189860344067,21.166411126506617,23.98334804265581,0.7177217403372591,167.37312423725842,23.15519414888445,31.346253462204928,0.8922426686504504,-1.1661911010742188,22.401467713953917,0
camera2_clip_20260530_072726_24862,117,49.27102601574928,18.467222120876123,49.27102601574928,26.417981520712893,20.722653062787437,26.417981520712893,118.08430554006952,116.54105896533785,110.88102614660237,109.37625875694386,25.325786701497968,21.24077360831955,13.205896505152548,11.497031502963276,25.325786701497968,21.24077360831955,-13.704093933105469,-11.492021560668945,18.467222120876123,20.722653062787437,109.37625875694386,21.24077360831955,28.672978525521888,-145.76256514112188,-144.73869685994518,1.0238682811767035,-74.59544261989734,0.2388380097797267,22.76894044715002,34.39004798585562,34.39004798585562,240.60544967651367,43.700966358184814,27.833286270038656,-145.76256514112188,-144.73869685994518,15.012750560906298,25.994706597033755,25.994706597033755,3.732204857910647,12.224438596319704,12.224438596319704,145.13767394513133,148.00018580407817,148.00018580407817,145.13767394513133,22.76189035017928,32.9515781600824,32.9515781600824,19.893907756055736,19.893907756055736,17.42111822743463,23.29310798693366,0.9141906776968696,173.36393144822577,18.679628185282148,34.254675999094275,1.4181660765141515,-0.7598743438720703,23.726286689630285,0
camera2_clip_20260530_072726_24862,118,33.68617877496705,10.958141662331704,33.68617877496705,21.552703654718535,24.528906918524687,24.528906918524687,116.44162078415425,116.11412094614526,111.37109598653129,110.24014080188458,25.50840576563363,20.84941144069014,13.11558042945441,10.951085016528415,25.50840576563363,20.84941144069014,-14.612958908081055,-11.767284393310547,10.958141662331704,24.528906918524687,110.24014080188458,20.84941144069014,24.080861181226595,-143.24761809661905,-144.63903244837874,1.3914143517596926,-74.97870058631884,2.514947044502833,25.201171313428723,28.558064763388867,28.558064763388867,239.83808135986328,43.64769697189331,23.076450871467536,-143.24761809661905,-144.63903244837874,16.156806859832045,15.80948449824981,16.156806859832045,16.62587966081974,7.787010748332294,16.62587966081974,145.41831300568265,147.79491166633983,147.79491166633983,145.41831300568265,18.693311767082314,20.844387625031686,20.844387625031686,26.763325740417415,26.763325740417415,27.032210808674336,24.948477959888173,0.8404390387602481,175.1647859869659,28.612907629074158,23.85894241303794,1.2614160629445432,-0.6221866607666016,20.033504020558958,0
camera2_clip_20260530_072726_24862,119,26.41049005833899,21.580833617895873,26.41049005833899,21.466404749224594,22.651735843949808,22.651735843949808,114.68268390216326,114.37745140324822,110.36711779362608,110.34465563806863,25.50930267722116,20.628259811862648,13.163328716959116,10.639120612517312,25.50930267722116,20.628259811862648,-15.132701873779297,-12.328834533691406,21.580833617895873,22.651735843949808,110.34465563806863,20.628259811862648,25.773409296280303,-142.92780148535186,-146.31688542968064,3.3890839443287746,-75.33772152129596,0.31981661126718564,28.83866475537226,33.692326752900264,33.692326752900264,238.88495635986328,43.75637149810791,28.779014514845205,-142.92780148535186,-146.31688542968064,18.92010823353261,14.845589035429455,18.92010823353261,13.661908466460083,6.645994764607015,13.661908466460083,145.40517768198958,147.94294444736582,147.94294444736582,145.40517768198958,25.152000012154335,27.745359025679477,27.745359025679477,31.02689593127735,31.02689593127735,29.91032080126251,31.591848571646054,0.8886829020057903,177.80527567766953,28.86431955612689,33.17409899296493,1.396259974180718,-0.6122493743896484,21.800951276295397,0
camera2_clip_20260530_072726_24862,120,24.363516060646223,18.53033786129213,24.363516060646223,10.985577748422138,18.58670201779643,18.58670201779643,112.3608045486986,113.26913518473683,110.76375824907623,106.70716016753116,25.439370472814666,19.93547911311055,13.140739855338502,10.469650512348409,25.439370472814666,19.93547911311055,-15.925725936889648,-11.866943359375,18.53033786129213,18.58670201779643,106.70716016753116,19.93547911311055,22.021836189475476,-142.13452711431174,-146.64925590938068,4.514728795068947,-75.9264263595494,0.7932743710401269,31.83918442964424,27.825699019051676,31.83918442964424,238.0198860168457,43.82018709182739,26.02262891279988,-142.13452711431174,-146.64925590938068,26.55156521050977,9.134601169296221,26.55156521050977,22.386479145684852,2.5073829103563225,22.386479145684852,144.67192916096752,148.09030379954729,148.09030379954729,144.67192916096752,24.883798614979334,20.64307914156788,24.883798614979334,35.22801604884769,35.22801604884769,34.019089090745126,35.218530102348886,0.9184744661897567,179.51656554172516,29.656451408749433,31.652111863792115,1.4358305174049522,-0.13170814514160156,19.85316027743727,0
camera2_clip_20260530_072726_24862,121,20.585091818863965,6.5190269089549115,20.585091818863965,13.487461645490367,10.73589284037057,13.487461645490367,109.99534886375565,110.66502867872182,110.98649938321003,103.67567198988037,25.50153982835891,19.675167993572682,13.107994559077767,10.346756035492037,25.50153982835891,19.675167993572682,-16.839433670043945,-12.276681900024414,6.5190269089549115,10.73589284037057,103.67567198988037,19.675167993572682,18.56904536842956,-138.93193640456514,-143.2203334237234,4.288397019158253,-76.65278627263842,3.2025907097466018,34.92183934595341,25.16495965094415,34.92183934595341,237.23541641235352,43.599945068359375,24.444001275283764,-138.93193640456514,-143.2203334237234,40.567558055097514,5.505337863069038,40.567558055097514,41.77863124064645,15.48551910504405,41.77863124064645,143.3641448794773,147.21813917383946,147.21813917383946,143.3641448794773,24.643802174172613,13.2189658115181,24.643802174172613,39.99333574525928,39.99333574525928,38.30709084547559,40.68263686590759,0.999503946996234,-179.32909121761134,32.74636215856253,38.32633696957957,1.6237883756873366,-0.3485450744628906,21.051173871677097,0
camera2_clip_20260530_072726_24862,122,11.172412808778518,12.750550376424762,12.750550376424762,16.17602049649612,1.681162750224812,16.17602049649612,107.0639649119524,107.83423694773438,111.44692927039081,103.30815970839122,25.21856319885352,19.65095186643888,12.75694244719332,10.154147795423352,25.21856319885352,19.65095186643888,-17.78483772277832,-13.143207550048828,12.750550376424762,1.681162750224812,103.30815970839122,19.65095186643888,17.881052391321237,-123.86593576909411,-130.8119917626522,6.9460559935581045,-77.73060978868506,15.066000635471028,41.849309085764,23.65685883023922,41.849309085764,236.54600524902344,43.14470720291138,24.784598839513283,-123.86593576909411,-130.8119917626522,43.717490724623175,5.844709895583461,43.717490724623175,40.864790113195454,17.50714127084995,40.864790113195454,141.40331063556656,145.6591777856938,145.6591777856938,141.40331063556656,24.938182453032745,11.33154852089292,24.938182453032745,41.11617421611353,41.11617421611353,40.28344219023035,40.53768689712178,0.9999771125149142,-178.3705517106128,38.10901006263085,37.08094925525249,1.5454365544144102,-0.3890953063964844,20.95751477717543,0
camera2_clip_20260530_072726_24862,123,13.55308481333044,16.208861549193458,16.208861549193458,19.338605978371497,7.265437078004477,19.338605978371497,104.62753090563712,106.41962945593835,112.67478959832535,105.28154386593177,25.268394794879658,20.278000638264736,12.383568954003087,10.226413113051848,25.268394794879658,20.278000638264736,-18.921234130859375,-14.205696105957031,16.208861549193458,7.265437078004477,105.28154386593177,20.278000638264736,20.222644566667643,-84.56964734873421,-98.20686002311659,13.637212674382383,-78.65739762325299,39.2962884203599,42.516537509062516,22.453340472043475,42.516537509062516,235.93122482299805,42.59471797943115,24.746692836650055,-84.56964734873421,-98.20686002311659,55.129286596136296,18.889049488196793,55.129286596136296,44.86812595520867,20.192615848055034,44.86812595520867,138.06355255278336,142.32897909027966,142.32897909027966,138.06355255278336,26.531998679993272,12.670319631482048,26.531998679993272,42.13858535856641,42.13858535856641,42.344079865442986,42.648179117984654,1.0179215778323984,-178.76452442681278,41.19472210811902,39.54732679009995,1.4587875838156676,-0.44622802734375,24.968105299923167,0
camera2_clip_20260530_072726_24862,124,9.852310008093704,20.397087554949557,20.397087554949557,26.7376994144153,16.514260652693824,26.7376994144153,102.51065306515065,105.15708714239756,115.87244317880125,108.36516064858759,25.486172941160742,20.949072358597896,12.096053323543993,10.299755978319494,25.486172941160742,20.949072358597896,-20.14059829711914,-15.328180313110352,20.397087554949557,16.514260652693824,108.36516064858759,20.949072358597896,24.31401987916314,-54.057222249480326,-70.84721322375154,16.789990974271213,-79.71824041907712,30.512425099253882,43.48592407945897,28.896837565367484,43.48592407945897,235.27594757080078,41.874919414520264,29.201856553402155,-54.057222249480326,-70.84721322375154,55.926945070767516,27.52145416064408,55.926945070767516,49.54639400966673,19.2883658598906,49.54639400966673,135.22303980549466,138.8759881555751,138.8759881555751,135.22303980549466,27.185102543776075,20.27752048366274,27.185102543776075,39.835190522450915,39.835190522450915,40.57048641234498,41.69441749684786,1.080452305078495,178.7622352515507,43.72345733987643,43.45800095053314,1.4977938616909243,-0.39198875427246094,28.802491783615547,0
camera2_clip_20260530_072726_24862,125,5.193422769745632,47.604073436063715,47.604073436063715,37.16769064740583,19.75506904819104,37.16769064740583,100.96834708034038,103.56317281552141,119.54903189083205,116.33953567346111,25.53368032983461,22.413538612393392,11.813813159252751,10.562969420885858,25.53368032983461,22.413538612393392,-20.991668701171875,-17.5297794342041,47.604073436063715,19.75506904819104,116.33953567346111,22.413538612393392,31.81205812297816,-34.81267602287542,-54.68240284753581,19.86972682466039,-80.89949939255956,19.244546226604903,45.81160523607679,35.340487600385984,45.81160523607679,234.4997673034668,41.038931369781494,34.22277949714672,-34.81267602287542,-54.68240284753581,51.64112392746658,40.15895751494132,51.64112392746658,53.43536819147493,26.92132914461234,53.43536819147493,133.82667605297445,135.8259732119483,135.8259732119483,133.82667605297445,32.0159441322671,27.779406358330107,32.0159441322671,45.339038028934404,45.339038028934404,46.6984462455393,45.112353822048306,1.0341358947410004,177.3380757164728,48.50486072466539,43.51720398714862,1.3321862256465542,-0.721466064453125,35.235373167246784,0
camera2_clip_20260530_072726_24862,126,5.696984986853876,28.006321489013093,28.006321489013093,46.739322275388226,27.199847863082645,46.739322275388226,100.92784035611982,102.88388464192577,125.72950094304441,121.78304860841263,25.646185495757585,23.409036997987716,11.2538456696245,10.742180726666916,25.646185495757585,23.409036997987716,-21.797433853149414,-18.975868225097656,28.006321489013093,27.199847863082645,121.78304860841263,23.409036997987716,31.31267187799706,-21.819443952882366,-45.921002547466436,24.10155859458407,-81.90764436250706,12.993232069993056,44.76939447428841,35.4641601793561,44.76939447428841,233.71290969848633,40.229331493377686,33.86941341903924,-21.819443952882366,-45.921002547466436,40.342749598546675,43.65506733007989,43.65506733007989,41.806126472256096,32.20482053119932,41.806126472256096,133.97876640403865,134.17054512819598,134.17054512819598,133.97876640403865,30.559057430550347,26.365184672354626,30.559057430550347,48.06742270849113,48.06742270849113,50.097498834090075,47.00160857037963,0.9449372621785177,174.32602441034652,48.86918764468931,41.57916655953082,1.0939914386065077,-0.28694725036621094,33.56741977524744,0
camera2_clip_20260530_072726_24862,127,26.26053422994325,41.147773844940076,41.147773844940076,46.81579292999353,30.80133137783984,46.81579292999353,100.7607554288755,102.52455174563715,130.46692977605957,126.12224107881256,26.343732110016486,24.83331149493236,11.249591125405333,11.240028998834076,26.343732110016486,24.83331149493236,-22.878694534301758,-20.595123291015625,41.147773844940076,30.80133137783984,126.12224107881256,24.83331149493236,39.08854680849773,-9.32324107224578,-29.754924393840255,20.431683321594477,-82.91748545420663,12.496202880636586,50.97953723837713,38.52631122989258,50.97953723837713,232.80449295043945,39.431787967681885,36.26523124371625,-9.32324107224578,-29.754924393840255,55.30946153631263,18.672109509292508,55.30946153631263,74.4141143954464,16.901442907794085,74.4141143954464,134.16589954041197,136.48882267144285,136.48882267144285,134.16589954041197,34.361063712212,21.671589703498075,34.361063712212,52.540939172228974,52.540939172228974,54.02220443245536,53.937832343654016,0.9697081463675449,170.52607973748306,51.10454957312689,52.349353240576114,1.2179039556621338,-0.3968524932861328,37.988421884628515,0
camera2_clip_20260530_072726_24862,128,30.32920556213894,35.240810598647414,35.240810598647414,54.199200880685645,26.039710205626907,54.199200880685645,101.05187095456289,100.92843231206558,136.29302069930543,129.23556285044347,26.941936831515314,26.032367314461116,11.359813442143055,11.780253743675692,26.941936831515314,26.032367314461116,-23.790494918823242,-22.20893096923828,35.240810598647414,26.039710205626907,129.23556285044347,26.032367314461116,40.043242090603705,-4.987993613402798,-25.848728686110068,20.86073507270727,-83.9267663949413,4.335247458842982,51.1218656569801,43.32865963954321,51.1218656569801,231.7412223815918,38.74634122848511,37.951856099113286,-4.987993613402798,-25.848728686110068,14.551697990961918,28.951310094330875,28.951310094330875,25.463466304648154,58.68669183786106,58.68669183786106,137.10709840084795,139.25053219937345,139.25053219937345,137.10709840084795,30.558041535985684,26.89403220864692,30.558041535985684,47.69284216878716,47.69284216878716,48.838301444540264,48.17040099994438,0.9470528771060372,170.3619542413704,48.20604027607724,50.09468817088051,1.277495968846109,-0.3775367736816406,35.447057709671405,0
camera2_clip_20260530_072726_24862,129,30.394621895897735,33.617716435844756,33.617716435844756,51.94737722935082,25.578588006182876,51.94737722935082,100.48739863825861,99.18590348458021,140.45261671488817,131.48382886717735,27.34037959767836,27.129671373300013,11.599303087187463,12.380491336322937,27.34037959767836,27.129671373300013,-24.539928436279297,-23.68749237060547,33.617716435844756,25.578588006182876,131.48382886717735,27.129671373300013,40.01187099929137,-1.432537507677233,-20.56728902271614,19.134751515038907,-84.8497026034896,3.555456105725565,54.70362395846358,43.82929847000846,54.70362395846358,230.55189514160156,38.07375907897949,40.989991808424946,-1.432537507677233,-20.56728902271614,5.6245941149781915,14.79729178067889,14.79729178067889,9.831970012324048,70.71513656169896,70.71513656169896,140.97936583056534,144.56867842459812,144.56867842459812,140.97936583056534,35.25472869600552,30.260860443377553,35.25472869600552,54.40378256278938,54.40378256278938,54.212680413853114,54.224432055396385,0.9419303779645957,170.9920161015873,50.46141033953905,53.95988783576309,1.3836427837901548,-0.2808551788330078,33.879650633734286,0
camera2_clip_20260530_072726_24862,130,34.76677394678939,36.24946005338638,36.24946005338638,48.0774846940528,21.090960027853992,48.0774846940528,99.69659790854853,97.77220861733754,142.22934531203992,131.65335143679303,27.678702456362146,28.27227710171263,11.603135648895478,13.13749411556956,27.678702456362146,28.27227710171263,-25.171531677246094,-24.942474365234375,36.24946005338638,21.090960027853992,131.65335143679303,28.27227710171263,39.20474588588425,0.8138245045496509,-14.286831889767003,15.100656394316653,-85.91259462665069,2.246362012226884,56.622938681078345,38.4208579121446,56.622938681078345,229.46942901611328,37.404038429260254,38.18681441729557,0.8138245045496509,-14.286831889767003,16.727773251988406,5.967823276255484,16.727773251988406,36.5115357532575,42.75671723816549,42.75671723816549,143.81124182554112,148.59685194117424,148.59685194117424,143.81124182554112,35.30243220505408,22.989844796086558,35.30243220505408,49.85798170660337,49.85798170660337,51.23596980421654,50.427374977267085,0.9182669028277144,170.1364717878898,53.73269723393628,49.754001471153664,1.245622700804417,-0.12497711181640625,32.95705015300942,0
camera2_clip_20260530_072726_24862,131,55.710923925904034,52.41117153412636,55.710923925904034,41.37209657821083,28.265637133731243,41.37209657821083,98.38108899171944,95.9401741148197,140.95678712772815,130.51401172154274,28.44099706343116,29.334257556102976,12.25209386820319,14.00623159390456,28.44099706343116,29.334257556102976,-25.956613540649414,-26.08464813232422,52.41117153412636,28.265637133731243,130.51401172154274,29.334257556102976,46.0463385902419,4.220615014855624,-9.018943660932022,13.239558675787645,-86.8018765905843,3.406790510305973,54.07473534069387,44.443467028785065,54.07473534069387,228.1216926574707,36.94692659378052,42.69437984429014,4.220615014855624,-9.018943660932022,65.21534086088398,16.54378635422338,65.21534086088398,141.3514502812476,27.145620478215008,141.3514502812476,147.5714967661077,151.53094977399476,151.53094977399476,147.5714967661077,44.6714787244291,28.178179117784676,44.6714787244291,53.42138566074538,53.42138566074538,55.001678604070165,53.894302226211494,0.8847251793270768,169.1456049053962,60.83166992078035,52.71393884755069,0.9739363706550636,-0.532623291015625,49.94865727985293,0
camera2_clip_20260530_072726_24862,132,52.681571990162084,46.44132424088499,52.681571990162084,47.30761537288471,33.78454514788368,47.30761537288471,97.54213493135244,94.64570831427316,139.84184331040666,128.9015645398011,28.662835932535504,29.809272481104614,12.432877682744502,14.424984218176085,28.662835932535504,29.809272481104614,-26.22807502746582,-26.614748001098633,46.44132424088499,33.78454514788368,128.9015645398011,29.809272481104614,46.50061981834875,4.1367360331365335,-8.787343470174413,12.924079503310946,-88.25077810667938,-0.08387898171909036,54.45494066704136,44.3337214912357,54.45494066704136,226.85830688476562,36.84568214416504,38.023080416062996,4.1367360331365335,-8.787343470174413,59.21706098492557,8.321363560473818,59.21706098492557,123.8068595771746,17.504865724164212,123.8068595771746,150.51771611643025,151.50049699822657,151.50049699822657,150.51771611643025,33.76766142743812,19.759542187616084,33.76766142743812,54.243771699504386,54.243771699504386,56.00436914359649,53.72282230605799,0.8083727771938024,168.3277952428586,59.63318396122003,47.65244572009044,0.5705041214475078,-0.30988502502441406,45.115089364323744,0
camera2_clip_20260530_072726_24862,133,65.03477427654563,60.511847043723286,65.03477427654563,46.470666435149525,43.40161625542749,46.470666435149525,96.10875342106837,94.68679247979226,136.1823371561615,127.99745682911347,29.025602474652484,30.422596715413132,12.862919470254402,14.944227363515706,29.025602474652484,30.422596715413132,-26.52096939086914,-26.994720458984375,60.511847043723286,43.40161625542749,127.99745682911347,30.422596715413132,52.271068029371406,4.698901499401863,-6.514956539656374,11.213858039058238,-89.2702386898786,0.5621654662653297,57.36752251911786,40.83998164626468,57.36752251911786,225.4894790649414,36.92934989929199,41.141474259139486,4.698901499401863,-6.514956539656374,105.8299735719003,30.697174075678767,105.8299735719003,191.15265567371102,67.1960663425121,191.15265567371102,152.4721000465236,152.65859780565194,152.65859780565194,152.4721000465236,47.77684311358523,18.85803773942706,47.77684311358523,61.18719639278496,61.18719639278496,63.72856576891256,60.49539087840095,0.7123736569261996,163.6625027411457,64.2928417170057,50.046108156661276,0.1528123306719446,-0.38457679748535156,64.59476322442025,0
camera2_clip_20260530_072726_24862,134,65.46497539168217,64.20216025433938,65.46497539168217,51.143304183918936,47.049059331742846,51.143304183918936,94.85770093427156,94.78975583325402,132.8667759033052,126.04755428547874,29.32738362571693,30.878351873959662,13.162213000325087,15.375272670724668,29.32738362571693,30.878351873959662,-26.778886795043945,-27.128700256347656,64.20216025433938,47.049059331742846,126.04755428547874,30.878351873959662,55.005175799858385,6.012517397091221,-4.624133848711136,10.636651245802357,-90.20873802512796,1.313615897689358,59.90074561548861,42.2708100219783,59.90074561548861,224.04196548461914,37.07221078872681,43.63638755732126,6.012517397091221,-4.624133848711136,123.92207228490798,23.961041283710188,123.92207228490798,228.15962050280623,79.07923569034219,228.15962050280623,155.03630178251686,152.2269480573768,152.2269480573768,155.03630178251686,52.779969832115604,20.05196494816476,52.779969832115604,62.9065540306312,62.9065540306312,66.6816263778327,61.915661419782566,0.5774217116056005,154.5967096152814,70.41566589210558,49.822555202513634,0.6398294680437211,-0.33747291564941406,71.49874661176644,0
camera2_clip_20260530_072726_24862,135,70.05058606640493,59.142501001748215,70.05058606640493,48.28325623763997,42.81409929586917,48.28325623763997,92.90526442965722,94.30735067592214,129.37577754543761,124.31194154608737,29.645706791415915,31.091715932834077,13.79318177620784,15.825341315594672,29.645706791415915,31.091715932834077,-27.086040496826172,-27.149072647094727,59.142501001748215,42.81409929586917,124.31194154608737,31.091715932834077,55.574804344628745,6.1235190207711865,-3.4399009209619913,9.563419941733178,-90.72074704888794,0.11100162367996536,66.15572893626742,47.00265452984282,66.15572893626742,222.30000686645508,37.32284688949585,52.796917089582834,6.1235190207711865,-3.4399009209619913,115.99833976718492,16.18205356588995,115.99833976718492,202.95011315303788,59.4821660443862,202.95011315303788,157.55541151067095,153.00515368645952,153.00515368645952,157.55541151067095,64.76123798849044,34.0419268097272,64.76123798849044,68.64022431782683,68.64022431782683,71.06431647306036,67.50221423729145,0.4889493692669188,145.16013865402178,71.50557548386485,56.552318584242705,1.135185357134515,-0.3298816680908203,68.9053886163741,0
camera2_clip_20260530_072726_24862,136,63.629519131470204,29.32841617396155,63.629519131470204,54.389498013139864,14.687514296587176,54.389498013139864,90.5152755874559,90.45366423074219,127.1446871208774,122.70758997560095,29.55815258594346,29.90477955264816,14.171574110712802,15.242978759084846,29.55815258594346,29.90477955264816,-27.211713790893555,-26.91219711303711,29.32841617396155,14.687514296587176,122.70758997560095,29.90477955264816,45.90143740170996,2.731339667004066,-3.5516632597347844,6.283002926738851,-91.25673713079443,-3.3921793537671205,78.30608070542435,35.06759608967659,78.30608070542435,220.5596809387207,37.55371618270874,52.66717638875108,2.731339667004066,-3.5516632597347844,79.9225123908048,3.5328351417522033,79.9225123908048,91.84282704491964,11.793686202345341,91.84282704491964,156.99184692545506,154.77572648903822,154.77572648903822,156.99184692545506,65.92825246861474,32.31459629761993,65.92825246861474,65.14072511502776,65.14072511502776,65.67701007001804,64.81914182650695,0.45361496487859293,145.29394449889259,63.833946651575644,58.202984856092414,1.2975008522048181,-0.051624298095703125,46.728611163026365,0
camera2_clip_20260530_072726_24862,137,66.88155348498911,23.04252082954308,66.88155348498911,54.9939891150828,16.415672583033807,54.9939891150828,88.12361745752077,86.0102224346111,125.53050705616363,117.62612677477779,29.698592850282143,28.56812135079253,14.743429353474399,15.082053967351166,29.698592850282143,28.56812135079253,-27.54532241821289,-26.118879318237305,23.04252082954308,16.415672583033807,117.62612677477779,28.56812135079253,47.571641719981756,1.283466111064992,-3.215439933521352,4.498906044586344,-90.71573723835294,-1.4478735559390739,78.49147847482116,45.60463583242056,78.49147847482116,218.3506965637207,37.68061399459839,66.37878818787571,1.283466111064992,-3.215439933521352,80.66141487310584,23.874204828132292,80.66141487310584,89.39776098373758,11.399726424150852,89.39776098373758,158.10431588072782,155.63655531825046,155.63655531825046,158.10431588072782,84.49360159265672,56.97735325191914,84.49360159265672,69.63602735326675,69.63602735326675,69.9457563425856,70.17711615517027,0.45085729442030303,147.87725006050871,70.08117313684944,69.47787267858135,1.3083933400807075,0.13095664978027344,52.68615935613275,0
camera2_clip_20260530_072726_24862,138,49.697894136485836,28.05038810750937,49.697894136485836,57.25012661256211,21.12181942955276,57.25012661256211,85.9852965326857,81.54286146009538,125.01818772117532,112.4614489641596,29.598045665652602,27.66475135922633,14.706696599999482,15.329093447927512,29.598045665652602,27.66475135922633,-27.81351661682129,-25.587553024291992,28.05038810750937,21.12181942955276,112.4614489641596,27.66475135922633,47.87846534791468,0.15511960691047608,-3.294942518588324,3.4500621254988,-91.06794947328927,-1.128346504154516,78.0631643763544,53.08739942502357,78.0631643763544,216.26128387451172,37.745240211486816,62.71235715840338,0.15511960691047608,-3.294942518588324,76.59020267104458,38.44818661920207,76.59020267104458,57.621501146143196,21.891623929484496,57.621501146143196,156.22237726495248,155.4208911860706,155.4208911860706,156.22237726495248,69.32843945066693,50.58030130727283,69.32843945066693,76.69582446263264,76.69582446263264,75.82575246023781,79.16034974753894,0.5602990888216489,151.36636224205498,71.3443210504006,78.18788013113371,1.090915850673068,0.13118934631347656,50.14425393427518,0
camera2_clip_20260530_072726_24862,139,60.315793620709044,37.12198308190541,60.315793620709044,72.14730388368311,37.958595954062346,72.14730388368311,85.0935719442549,76.77934464302238,127.14647905170938,108.0908536680044,29.791820590157148,26.041679427095364,14.794617290017705,14.821460413226633,29.791820590157148,26.041679427095364,-28.266813278198242,-24.543161392211914,37.12198308190541,37.958595954062346,108.0908536680044,26.041679427095364,58.18372227817172,-0.9297307056971514,-3.397371465554174,2.4676407598570225,-91.32684093613821,-1.0848503126076274,80.12649964708446,61.43215748158593,80.12649964708446,213.9759521484375,37.7055778503418,68.57027622070417,-0.9297307056971514,-3.397371465554174,78.88879005685578,62.55717714834955,78.88879005685578,32.906328498332016,29.486545686753175,32.906328498332016,152.05726768566814,153.41638772499476,153.41638772499476,152.05726768566814,71.89331472284339,61.00872807867556,71.89331472284339,69.2873643579322,69.2873643579322,69.38058558449211,72.14868096117671,0.648701966786623,153.98546272114646,71.83697790611606,76.81966962228111,0.9394891596402585,0.3808708190917969,57.153601488403304,0
camera2_clip_20260530_072726_24862,140,67.04703567392905,56.29635544567645,67.04703567392905,79.68566939531598,45.29596601087222,79.68566939531598,85.41941864345743,70.28471748381068,130.13455444173744,103.30607218663434,30.092499179737985,23.688606723833036,14.788008114754792,13.27274902197597,30.092499179737985,23.688606723833036,-28.701725006103516,-23.050670623779297,56.29635544567645,45.29596601087222,103.30607218663434,23.688606723833036,66.84998510789029,-2.817794090412907,-4.082609875409615,1.2648157849967077,-91.659221429469,-1.8880633847157555,76.40933821812389,76.36554590342419,76.40933821812389,211.52364349365234,37.560354232788086,73.69814701664222,-2.817794090412907,-4.082609875409615,67.67729041078033,87.27730118565734,87.27730118565734,20.44723926207465,47.43511296068438,47.43511296068438,148.36918236142247,149.68657308421479,149.68657308421479,148.36918236142247,68.23311372287355,74.16205899830689,74.16205899830689,71.74523934674671,71.74523934674671,69.80602807747643,76.16382799862853,0.8453925495224507,160.12009047987573,69.4143114103287,86.84835775067928,0.41036442713554017,0.6204872131347656,63.86100226564324,0
camera2_clip_20260530_072726_24862,141,69.19199562398504,66.82655352848036,69.19199562398504,81.79351878581353,71.72317158314216,81.79351878581353,86.22482556026011,68.94493674379407,133.16241487087726,101.35369270773698,30.589949729283827,23.130537224612652,14.754972434929941,12.867977606964178,30.589949729283827,23.130537224612652,-29.280609130859375,-22.625146865844727,66.82655352848036,71.72317158314216,101.35369270773698,23.130537224612652,74.53781585178959,-3.2712398577151736,-4.570259647824276,1.2990197901091025,-91.5345419353685,-0.4534457673022665,74.95103895140838,82.7406166379081,82.7406166379081,208.88458633422852,37.249093532562256,79.72048245457447,-3.2712398577151736,-4.570259647824276,58.394870066452874,103.01981710993708,103.01981710993708,16.43920913255674,67.73556756281775,67.73556756281775,145.46529327489952,145.82892787402338,145.82892787402338,145.46529327489952,74.39198508207255,86.8204975207741,86.8204975207741,73.04030296546314,73.04030296546314,72.16022936336995,71.31628461286626,0.8137022052763742,160.4902088032981,78.00188155362032,74.06729102997471,0.5170651869686065,0.26096534729003906,71.1690701321124,0
camera2_clip_20260530_072726_24862,142,77.6309930681751,145.86968152344403,145.86968152344403,87.60942282917445,133.60660473491518,133.60660473491518,88.64979278967454,74.00890126379126,137.4082743478998,108.6692004458683,31.297507410872743,24.83147091601227,14.821221006667946,13.633617207850065,31.297507410872743,24.83147091601227,-29.874740600585938,-23.945463180541992,145.86968152344403,133.60660473491518,108.6692004458683,24.83147091601227,100.60125361576678,-3.090314587831827,-5.570905470415344,2.480590882583517,-92.10712793390323,0.18092526988334656,66.21018389981374,92.68063563907823,92.68063563907823,206.45464324951172,36.4112229347229,77.11021644579915,-3.090314587831827,-5.570905470415344,46.38158771502135,125.63783464214127,125.63783464214127,14.268797585753857,104.22180734248452,104.22180734248452,143.36834914009972,140.69293892197626,140.69293892197626,143.36834914009972,64.26075401560284,87.48356926707056,87.48356926707056,71.77547163129816,71.77547163129816,73.538214038862,73.52535925012305,0.8330589194525299,157.89678040227557,79.14021180781698,77.4047315966971,0.6193391057804839,-0.3556690216064453,87.1551560218896,0
camera2_clip_20260530_072726_24862,143,94.7936699239535,21.539505956047286,94.7936699239535,92.41009644099181,71.56821154732566,92.41009644099181,90.1149937903166,71.38263205653973,139.2587527391388,113.20988340301749,31.8112382158739,24.427730985875066,15.127620759649291,12.21501498746643,31.8112382158739,24.427730985875066,-30.220489501953125,-24.143918991088867,21.539505956047286,71.56821154732566,113.20988340301749,24.427730985875066,74.85866764975265,-5.101467791929573,-6.7569599320809,1.6554921401513267,-92.10787109060303,-2.011153204097746,78.73017640746279,90.11034562273478,90.11034562273478,203.7473602294922,35.418360233306885,86.50804543459681,-5.101467791929573,-6.7569599320809,44.37132239298831,143.02007609915103,143.02007609915103,46.02070113351424,141.1565737436391,141.1565737436391,139.81586529764002,136.1915881264641,136.1915881264641,139.81586529764002,78.6554433139894,99.46682425678507,99.46682425678507,72.42906144202146,72.42906144202146,71.12842113373208,72.80960262776775,0.8513595001237393,162.69106268300078,73.9777973288265,80.8598683738414,0.37789644131723354,0.5170516967773438,83.48691223654858,0
camera2_clip_20260530_072726_24862,144,95.53784159147085,14.767132588821232,95.53784159147085,85.12595338630163,65.15613963054324,85.12595338630163,91.34135006520535,69.00536142226503,139.4092657313239,118.58312575284158,32.18430342424607,24.981065413127954,15.326988487361891,11.769555976000472,32.18430342424607,24.981065413127954,-30.35846519470215,-24.935949325561523,14.767132588821232,65.15613963054324,118.58312575284158,24.981065413127954,70.08985923914493,-6.996544033925117,-7.386452017693579,0.38990798376846225,-91.80366967668876,-1.895076241995544,74.73702593350477,85.21506230422786,85.21506230422786,201.1505126953125,34.42240333557129,83.43855542930984,-6.996544033925117,-7.386452017693579,24.96028787227609,152.86373031863687,152.86373031863687,82.69778231883066,206.72019800779165,206.72019800779165,137.1382988381155,134.8254352037387,134.8254352037387,137.1382988381155,74.60998807622919,99.75096992161046,99.75096992161046,77.69209371718883,77.69209371718883,75.62363338869905,77.65813242427788,0.8755979217515805,168.0615055037532,71.00412093978218,82.3102799406264,0.0681499463641171,0.41993141174316406,88.51184266252038,0
camera2_clip_20260530_072726_24862,145,90.61343943416543,40.98972503885735,90.61343943416543,87.27332145283951,70.09649719052518,87.27332145283951,92.45448053670181,69.26430887754509,140.34059239575333,125.89939358180999,32.40731824610019,26.431887750212976,15.496464155490266,12.064186102486001,32.40731824610019,26.431887750212976,-30.409408569335938,-26.42815399169922,40.98972503885735,70.09649719052518,125.89939358180999,26.431887750212976,73.49401278406155,-6.982116661478473,-7.196955828049248,0.2148391665707745,-91.52222449752298,0.014427372446643716,76.55703254836553,75.43406103961627,76.55703254836553,198.73582077026367,33.39426898956299,78.7338402067633,-6.982116661478473,-7.196955828049248,23.95586016465953,140.59197343492445,140.59197343492445,73.62153616886819,211.3467951780984,211.3467951780984,135.74510648758127,135.4990623009239,135.4990623009239,135.74510648758127,73.28497886496814,90.03010624036997,90.03010624036997,68.43001597336439,68.43001597336439,70.1226885810904,65.57020715878839,0.6760462921166952,170.76417822528896,75.70961936289872,66.4899648759856,0.3745670853518902,0.19779396057128906,87.81627722968817,0
camera2_clip_20260530_072726_24862,146,83.61756935663428,42.089296230134345,83.61756935663428,83.7221840231959,73.73258682932547,83.7221840231959,94.47094709444217,67.74644376990142,142.30067246690425,129.4249996902147,32.52691700651214,26.969436902358797,15.447549517597958,12.20197617582736,32.52691700651214,26.969436902358797,-30.29388999938965,-26.956165313720703,42.089296230134345,73.73258682932547,129.4249996902147,26.969436902358797,71.938794558199,-9.004703586672505,-9.356840296056918,0.3521367093844123,-91.02665616996592,-2.022586925194032,64.56011554828268,83.91101536162135,83.91101536162135,196.33966827392578,32.358370304107666,78.31455538411065,-9.004703586672505,-9.356840296056918,23.003359000023387,140.58712080248247,140.58712080248247,17.317252374579546,199.13590700937928,199.13590700937928,138.8503472024098,136.67930842699454,136.67930842699454,138.8503472024098,68.7713009706528,96.37484473213348,96.37484473213348,72.11034628908418,72.11034628908418,74.50896924304477,73.29786719409189,0.6263043704779773,171.33505300728748,76.09475420295752,76.47482983853472,0.38519394278585,0.7828216552734375,81.40187935320374,0
camera2_clip_20260530_072726_24862,147,82.79980668990588,84.41047099937359,84.41047099937359,83.11512471989815,52.35765312316921,83.11512471989815,95.6797671257751,59.56093783415138,143.4885473572651,129.06109422629464,32.41993387760438,27.08922626935046,15.407034555713734,11.609765523869097,32.41993387760438,27.08922626935046,-30.037033081054688,-26.59137535095215,84.41047099937359,52.35765312316921,129.06109422629464,27.08922626935046,73.29228031964304,-12.00363512324968,-12.907771720064838,0.9041365968151585,-90.7227737998202,-2.9989315365771745,70.2501965000437,66.8204298854677,70.2501965000437,194.17866897583008,31.658112049102783,68.14874636459092,-12.00363512324968,-12.907771720064838,22.63305502450677,125.04610004301698,125.04610004301698,8.29984760538424,158.59392209415128,158.59392209415128,141.04313035272367,136.04791339679795,136.04791339679795,141.04313035272367,61.68005157290295,75.91935279560978,75.91935279560978,68.08307239817327,68.08307239817327,66.27639468269363,65.71406130117403,0.5699721772394535,179.19392381144704,63.91030104007999,66.96941944483801,0.5187696475217951,1.2058525085449219,74.32716758778584,0
camera2_clip_20260530_072726_24862,148,80.38616834350542,44.15073356212632,80.38616834350542,86.59305660762612,53.79071360330341,86.59305660762612,98.46045441972011,57.695848589406175,147.0583783891701,128.71370150446404,32.52392624006344,27.482343347358288,15.383172251131944,11.797603723510163,32.52392624006344,27.482343347358288,-29.857006072998047,-26.806370735168457,44.15073356212632,53.79071360330341,128.71370150446404,27.482343347358288,65.88130239164026,-12.472363575377962,-15.885879012647607,3.413515437269645,-90.72146023241538,-0.46872845212828196,58.91446167151545,71.45268056176488,71.45268056176488,192.14091873168945,30.997833013534546,64.26161386142967,-12.472363575377962,-15.885879012647607,14.29299089206583,110.40881869932974,110.40881869932974,37.141565398123866,158.8938056413641,158.8938056413641,146.48316763473719,137.37312061983465,137.37312061983465,146.48316763473719,52.37705660938149,74.77670720539965,74.77670720539965,59.93681459130445,59.93681459130445,61.56865157768236,59.80984818949673,0.5063038129379953,-179.52783423579325,66.7192863974646,63.050536209982546,0.6331529569332027,0.7280750274658203,70.2648965662922,0
camera2_clip_20260530_072726_24862,149,81.59566107597212,35.43969600209077,81.59566107597212,85.59594738218219,55.34084163924597,85.59594738218219,100.97468371295028,56.66110468767841,150.30129815893196,131.0020885427189,32.7602006304384,28.309659982400774,15.463664876149643,12.154093742140988,32.7602006304384,28.309659982400774,-29.81072235107422,-27.41614055633545,35.43969600209077,55.34084163924597,131.0020885427189,28.309659982400774,64.60128458393869,-14.771767222596933,-22.13749823631843,7.365731013721495,-91.10284956285808,-2.2994036472189716,61.13832417130518,68.49723723283593,68.49723723283593,190.15852737426758,30.419933557510376,61.94722711896456,-14.771767222596933,-22.13749823631843,29.296477834572435,77.61149190823318,77.61149190823318,72.03237982255497,113.84028149993723,113.84028149993723,151.37284466461014,139.21613385969707,139.21613385969707,151.37284466461014,52.76536199716385,65.59300977256964,65.59300977256964,63.614061728964636,63.614061728964636,65.95889456569222,61.054305045511335,0.336632158874752,-173.06246332127137,71.4208944718377,57.50585533577057,1.111445960921405,0.28910255432128906,66.56222586155529,0
camera2_clip_20260530_072726_24862,150,81.83261972057286,46.59180406867478,81.83261972057286,85.32790094246396,56.154898974136664,85.32790094246396,103.09652526472323,56.102121137894905,152.7770103047124,131.99846518254074,32.96480545672119,28.756724112697267,15.39663808771579,12.289530585191109,32.96480545672119,28.756724112697267,-29.770009994506836,-27.72688102722168,46.59180406867478,56.154898974136664,131.99846518254074,28.756724112697267,66.6087834496853,-16.95839339173577,-28.471940382832777,11.513546991097009,-92.06272907966243,-2.186626169138835,64.63140201515714,65.11407497710651,65.11407497710651,188.27864456176758,29.959107398986816,58.066239101574695,-16.95839339173577,-28.471940382832777,35.69125540112159,75.500531462408,75.500531462408,63.1194080831453,132.72334901448303,132.72334901448303,154.26142475305787,142.0905374944368,142.0905374944368,154.26142475305787,47.25400242509323,56.42347100280469,56.42347100280469,71.15934247521675,71.15934247521675,70.4935224416995,68.828005633916,0.281501764800066,-166.39706570847144,66.63894438964687,62.92705297423856,1.3075860417408547,0.22721290588378906,67.53039317393065,0
camera2_clip_20260530_072726_24862,151,83.98715532720811,44.959897041309056,83.98715532720811,87.24326960299699,46.23675416057142,87.24326960299699,103.95071137337334,56.12458114303083,154.47548467805382,132.91873041050002,33.03261572793968,29.231003360081893,15.502847085282614,12.743494176839908,33.03261572793968,29.231003360081893,-29.785398483276367,-28.200737953186035,44.959897041309056,46.23675416057142,132.91873041050002,29.231003360081893,64.71889412876075,-15.76973684926977,-26.727466805484532,10.957729956214763,-93.26240380984122,1.1886565424659992,80.22117200576749,45.66511663471146,80.22117200576749,186.48857879638672,29.82931160926819,53.84295824223925,-15.76973684926977,-26.727466805484532,33.619347959752936,69.16407359453724,69.16407359453724,8.777094894772501,156.58625651243233,156.58625651243233,153.8957947374709,146.51544000878886,146.51544000878886,153.8957947374709,51.496062992769396,38.92933636684403,51.496062992769396,69.72657360695996,69.72657360695996,69.51653764274872,64.85094962446416,0.15482595928320872,-138.1483309489448,66.60034777289135,53.473271422510265,1.7763317934653804,-0.22718238830566406,62.240461424472755,0
camera2_clip_20260530_072726_24862,152,76.54510264502687,60.1786534443704,76.54510264502687,85.0143871449331,66.3926571509317,85.0143871449331,104.54691418445911,57.289756075398095,156.44943553081598,135.54263109963577,33.00605294197615,29.407259205423188,15.495899659548503,13.006565381259048,33.00605294197615,29.407259205423188,-29.825674057006836,-28.449271202087402,60.1786534443704,66.3926571509317,135.54263109963577,29.407259205423188,70.06023133506478,-13.826834286304035,-23.273972773331046,9.447138487027011,-93.91665907472445,1.9429025629657346,80.80597298801288,51.42461463711372,80.80597298801288,184.46514129638672,30.029762029647827,61.00025998873251,-13.826834286304035,-23.273972773331046,33.089703750643494,69.5663208073787,69.5663208073787,21.371612078190548,189.54879585881642,189.54879585881642,153.11263052480712,154.47198288216998,154.47198288216998,153.11263052480712,60.29106038857991,51.619230897870715,60.29106038857991,66.79478159288391,66.79478159288391,70.64834109754594,64.03830526686598,0.1554553927610042,-47.25437159202941,76.78743974582488,56.36687544288693,2.4134797293487247,-0.37554931640625,70.48734264932237,0
camera2_clip_20260530_072726_24862,153,75.80749461418827,64.16736992210878,75.80749461418827,84.22623205621602,62.87307532139823,84.22623205621602,104.60671839040747,58.50700974256023,158.15164699807306,136.95410821357464,32.871372238431654,29.478067764156368,15.528934834438877,13.16450483515249,32.871372238431654,29.478067764156368,-29.856111526489258,-28.633912086486816,64.16736992210878,62.87307532139823,136.95410821357464,29.478067764156368,70.62762977418046,-11.83757135267517,-20.26472570790852,8.427154355233352,-94.36333085003896,1.989262933628865,86.85911560048407,49.83249113068738,86.85911560048407,182.36833572387695,30.39563298225403,63.854597693369556,-11.83757135267517,-20.26472570790852,51.7104817812227,73.70435812326039,73.70435812326039,19.80511753887536,155.97608022893803,155.97608022893803,150.96438297095182,159.39193103571588,159.39193103571588,150.96438297095182,69.34745848686218,50.86475014711515,69.34745848686218,75.15616906970013,75.15616906970013,75.936138706791,70.77658298945119,0.30441979230067656,-23.91263489063598,74.61162746110065,60.022253917869556,2.8851702216039614,-0.6811370849609375,70.43116874594638,0
camera2_clip_20260530_072726_24862,154,75.48610603729843,77.04173972934002,77.04173972934002,83.01360707688838,84.35894473254876,84.35894473254876,104.62547798158609,60.123163929612126,159.8193464604126,139.01343711822364,32.73802819083879,28.92621540086128,15.609022835820271,12.798584614426654,32.73802819083879,28.92621540086128,-29.886110305786133,-28.18404769897461,77.04173972934002,84.35894473254876,139.01343711822364,28.92621540086128,78.87843465783938,-9.541815472097651,-16.888381813445317,7.346566341347666,-95.72680194339313,2.2957558805775182,86.60432782491282,66.76588254604793,86.60432782491282,180.2540168762207,30.799831867218018,64.57823809414845,-9.541815472097651,-16.888381813445317,69.25144885207416,85.81047294282382,85.81047294282382,30.606335136798684,134.8897877496576,134.8897877496576,147.12423507438737,160.9806541718833,160.9806541718833,147.12423507438737,59.45816370960969,48.808066527388405,59.45816370960969,80.11103526093092,80.11103526093092,79.0361621302804,76.99572543330027,0.37145421697901526,-15.405100726139501,76.2265221392977,71.31211128874105,3.0482274398379916,-0.5521125793457031,75.17457357211572,0
camera2_clip_20260530_072726_24862,155,74.00052103968304,86.4863511306534,86.4863511306534,79.21542560462551,88.51125701769406,88.51125701769406,103.97860171435242,60.88957118715975,161.10688789634844,139.8023113517045,32.78340349986771,28.663540990380586,15.794154794264402,12.667641598544662,32.78340349986771,28.663540990380586,-30.187692642211914,-27.980073928833008,86.4863511306534,88.51125701769406,139.8023113517045,28.663540990380586,82.65251631066485,-7.797334302750951,-13.843367758703959,6.046033455953008,-96.99065817028269,1.7444811693467006,87.32161677078577,80.3799263005474,87.32161677078577,177.89335250854492,31.420144081115723,73.22411590160915,-7.797334302750951,-13.843367758703959,70.79820751412102,84.81095892405173,84.81095892405173,36.68569768446585,98.42361257399125,98.42361257399125,142.72334335090966,161.5891970621647,161.5891970621647,142.72334335090966,64.68492979827658,61.941326038268805,64.68492979827658,82.30893266321286,82.30893266321286,83.7274703264901,83.10347993675515,0.4013994571327366,-9.398407123223294,87.4567033837168,84.80056125674234,3.1479308969841346,-0.9330024719238281,76.10498586643037,0
camera2_clip_20260530_072726_24862,156,66.25159229040645,76.32117463864252,76.32117463864252,75.17942233277314,104.83712070279037,104.83712070279037,102.92658943582406,62.07640723090738,161.51409188207214,144.94845839802295,32.583722060038326,28.61192042638607,15.730878520447607,12.249158715370788,32.583722060038326,28.61192042638607,-30.267892837524414,-27.79903793334961,76.32117463864252,104.83712070279037,144.94845839802295,28.61192042638607,83.67013275041127,-5.557239093325778,-9.405421362961238,3.84818226963546,-99.92807845088981,2.2400952094251725,85.83820333808858,93.59328319976666,93.59328319976666,175.7379150390625,31.991760730743408,66.89836060085726,-5.557239093325778,-9.405421362961238,100.16656597737078,81.94002560842783,100.16656597737078,60.78477530507607,39.42071543369052,60.78477530507607,135.08589555412317,156.71155406640648,156.71155406640648,135.08589555412317,45.362410184246926,45.891433484151804,45.891433484151804,96.07645078411284,96.07645078411284,95.53804748612734,96.36068056229196,0.38143185169189475,-5.946673076987794,94.3857848879555,97.62487208150557,3.051190972991017,-0.9649181365966797,72.96556020795263,0
camera2_clip_20260530_072726_24862,157,62.48201072050761,51.46607571667828,62.48201072050761,69.9049681947593,81.73870428165569,81.73870428165569,100.66118079204699,60.944053835000176,160.5615653561973,149.3854259354339,32.1842287552019,28.84463387768397,15.665860637700233,12.353523852247582,32.1842287552019,28.84463387768397,-30.24643898010254,-27.66277503967285,51.46607571667828,81.73870428165569,149.3854259354339,28.84463387768397,74.71963230845573,-5.578370765150475,-8.753780879489078,3.175410114338603,-102.61613979047641,-0.021131671824696774,91.70415048421863,91.02188445291488,91.70415048421863,173.44048690795898,32.59981441497803,71.29596601805306,-5.578370765150475,-8.753780879489078,105.70090030648942,74.61376312483927,105.70090030648942,73.88801660870705,32.41009298789443,73.88801660870705,127.314936486218,147.90536497508606,147.90536497508606,127.314936486218,55.47433658523585,49.6009393277898,55.47433658523585,101.90991666809522,101.90991666809522,101.8842072064714,101.76999238423156,0.39190667597531514,-3.916983635603955,100.37650902388172,101.74808300541287,3.002325258677628,-0.9961147308349609,70.00048689930752,0
camera2_clip_20260530_072726_24862,158,66.21259933352054,78.2817522142547,78.2817522142547,76.51575417916801,104.6966584453907,104.6966584453907,97.56017561131357,61.27513441481046,159.84011290879246,154.25681364192621,32.13564897919848,29.140601754727573,15.610510661189219,12.525513173572252,32.13564897919848,29.140601754727573,-30.698856353759766,-27.71984100341797,78.2817522142547,104.6966584453907,154.25681364192621,29.140601754727573,87.62462755382528,-5.57060521150795,-5.8720481016728865,0.3014428901649362,-107.22480510368776,0.007765553642524736,99.43182945698703,100.6091716936306,100.6091716936306,171.2266502380371,33.106327056884766,68.13123418632534,-5.57060521150795,-5.8720481016728865,116.18747828620864,49.379878944474896,116.18747828620864,87.38234079061223,65.89284895218286,87.38234079061223,117.93055113275952,136.9939111263058,136.9939111263058,117.93055113275952,42.459625761431155,32.6726147564242,42.459625761431155,108.04324665551559,108.04324665551559,111.81681730029139,109.42899920127213,0.4788513107478265,-5.1563798528154,119.67903231462086,109.98752197909585,3.3422509113666257,-1.2561492919921875,76.64354606785712,0
camera2_clip_20260530_072726_24862,159,46.704916489177734,51.63664561556761,51.63664561556761,70.04570604873315,77.97027941988767,77.97027941988767,93.41978567412086,59.32216412383039,157.8740263395916,156.39149956209903,31.33653784601758,29.163348926174358,15.040404549762856,12.460170877800152,31.33653784601758,29.163348926174358,-30.42745018005371,-27.25802993774414,51.63664561556761,77.97027941988767,156.39149956209903,29.163348926174358,74.20016336423367,-6.108703495240973,-4.310014622274614,1.798688872966359,-112.72738208940972,-0.5380982837330226,103.60088035912305,95.24255225291287,103.60088035912305,169.22999954223633,33.66675138473511,62.21431093775311,-6.108703495240973,-4.310014622274614,100.65759190696227,19.00110503337849,100.65759190696227,96.93148638863343,80.77733207587217,96.93148638863343,110.6166708889848,127.79015914079342,127.79015914079342,110.6166708889848,35.2345400175837,18.829254568735728,35.2345400175837,110.8570636753797,110.8570636753797,116.8451187906652,111.94008482442796,0.6505823022552789,-8.346207292851638,128.98319936609465,111.26805116178136,3.958416182739859,-0.8180370330810547,66.38602418138066,0
camera2_clip_20260530_072726_24862,160,47.096835260648845,34.042314054647484,47.096835260648845,79.46077805580698,60.41220629453402,79.46077805580698,89.75001952081513,55.87051800608153,156.2090102709616,157.1985155006472,30.134030734838316,29.317376031293573,14.080074885584024,12.625565600416282,30.134030734838316,29.317376031293573,-29.618389129638672,-26.6729679107666,34.042314054647484,60.41220629453402,157.1985155006472,29.317376031293573,70.25954931767639,-7.8958097522661115,-4.819282157041957,3.076527595224155,-119.67387934001287,-1.7871062570251386,110.08820111647607,90.45696112394491,110.08820111647607,167.3907928466797,34.00708627700806,56.11290579796181,-7.8958097522661115,-4.819282157041957,96.33010013519298,49.67756458103101,96.33010013519298,126.89237096123705,59.67361993609461,126.89237096123705,107.17009111755466,123.22949908565056,123.22949908565056,107.17009111755466,33.54265060678138,23.180281565116882,33.54265060678138,113.69996367960438,113.69996367960438,120.01250149479884,110.78573833569514,0.973603858801293,-11.125439281768571,133.03171516439022,105.5773886277541,4.90408802394287,-0.6442317962646484,67.57115697429268,0
camera2_clip_20260530_072726_24862,161,27.308096464070086,22.65627440603356,27.308096464070086,37.73388219571367,30.237824668059467,37.73388219571367,87.44735048319116,53.89977725455089,154.923994502876,156.31216075029576,29.784819848929104,29.408208846642555,13.819867298674842,12.804321798571879,29.784819848929104,29.408208846642555,-29.43512725830078,-26.426063537597656,22.65627440603356,30.237824668059467,156.31216075029576,29.408208846642555,36.60503665090109,-9.412350104417854,-6.073458058999128,3.338892045418726,-122.44434096804869,-1.5165403521517424,55.80279827218624,45.89134389934355,55.80279827218624,166.2981071472168,34.24673271179199,33.5596961601833,-9.412350104417854,-6.073458058999128,47.50783671362358,23.669079389990955,47.50783671362358,58.08661842922111,53.39258725119923,58.08661842922111,104.8136864637152,118.6722447187118,118.6722447187118,104.8136864637152,23.025959515644356,14.692043571986543,23.025959515644356,55.68240101219716,55.68240101219716,59.917109468525105,56.54441621081494,1.0922067508198257,-12.071751625253421,68.17022542123354,56.94669365075569,5.2864554388859695,-0.3849220275878906,36.6670287314227,0
camera2_clip_20260530_072726_24862,162,22.89443019265053,37.42800752747136,37.42800752747136,41.36842027010459,49.70022304317115,49.70022304317115,85.39934725153901,53.50660676805351,154.70083482922456,157.77368398866346,29.459870771913057,29.12653235208269,13.371029798845264,12.439729331327317,29.459870771913057,29.12653235208269,-29.26561737060547,-25.90648651123047,37.42800752747136,49.70022304317115,157.77368398866346,29.12653235208269,43.54225480195506,-9.229706439186712,-4.265083898157621,4.964622541029091,-127.63613718497655,0.18264366523114184,56.75170701646399,53.11074076186872,56.75170701646399,165.49392700195312,34.21969699859619,24.139034202757067,-9.229706439186712,-4.265083898157621,47.59293784972153,23.80882526769018,47.59293784972153,64.28947822425066,18.254664202130954,64.28947822425066,103.76694426906171,119.4564347367314,119.4564347367314,103.76694426906171,23.464437660657634,19.35536616331543,23.464437660657634,57.06793949348767,57.06793949348767,61.70043580551402,56.447736562664595,1.2805285449917536,-12.831501673136822,74.53822282194356,55.930217315868404,5.940038931017805,-0.28894996643066406,38.168269848291395,0
camera2_clip_20260530_072726_24862,163,0.0,0.0,0.0,0.0,0.0,0.0,0.0,0.0,0.0,0.0,0.0,0.0,0.0,0.0,0.0,0.0,nan,nan,0.0,0.0,0.0,0.0,0.0,0.0,0.0,0.0,0.0,9.229706439186712,0.0,0.0,0.0,0.0,0.0,0.0,0.0,0.0,0.0,0.0,0.0,0.0,0.0,0.0,0.0,0.0,0.0,0.0,0.0,0.0,0.0,0.0,0.0,0.0,0.0,0.0,0.0,0.0,0.0,0.0,nan,0.0,0
camera2_clip_20260530_072726_24862,164,0.0,0.0,0.0,0.0,0.0,0.0,0.0,0.0,0.0,0.0,0.0,0.0,0.0,0.0,0.0,0.0,nan,nan,0.0,0.0,0.0,0.0,0.0,0.0,0.0,0.0,0.0,0.0,0.0,0.0,0.0,0.0,0.0,0.0,0.0,0.0,0.0,0.0,0.0,0.0,0.0,0.0,0.0,0.0,0.0,0.0,0.0,0.0,0.0,0.0,0.0,0.0,0.0,0.0,0.0,0.0,0.0,0.0,nan,0.0,0
camera2_clip_20260530_072726_24862,165,0.0,0.0,0.0,0.0,0.0,0.0,0.0,0.0,0.0,0.0,0.0,0.0,0.0,0.0,0.0,0.0,nan,nan,0.0,0.0,0.0,0.0,0.0,0.0,0.0,0.0,0.0,0.0,0.0,0.0,0.0,0.0,0.0,0.0,0.0,0.0,0.0,0.0,0.0,0.0,0.0,0.0,0.0,0.0,0.0,0.0,0.0,0.0,0.0,0.0,0.0,0.0,0.0,0.0,0.0,0.0,0.0,0.0,nan,0.0,0
camera2_clip_20260530_072726_24862,166,0.0,0.0,0.0,0.0,0.0,0.0,0.0,0.0,0.0,0.0,0.0,0.0,0.0,0.0,0.0,0.0,nan,nan,0.0,0.0,0.0,0.0,0.0,0.0,0.0,0.0,0.0,0.0,0.0,0.0,0.0,0.0,0.0,0.0,0.0,0.0,0.0,0.0,0.0,0.0,0.0,0.0,0.0,0.0,0.0,0.0,0.0,0.0,0.0,0.0,0.0,0.0,0.0,0.0,0.0,0.0,0.0,0.0,nan,0.0,0
camera2_clip_20260530_072726_24862,167,0.0,0.0,0.0,0.0,0.0,0.0,0.0,0.0,0.0,0.0,0.0,0.0,0.0,0.0,0.0,0.0,nan,nan,0.0,0.0,0.0,0.0,0.0,0.0,0.0,0.0,0.0,0.0,0.0,0.0,0.0,0.0,0.0,0.0,0.0,0.0,0.0,0.0,0.0,0.0,0.0,0.0,0.0,0.0,0.0,0.0,0.0,0.0,0.0,0.0,0.0,0.0,0.0,0.0,0.0,0.0,0.0,0.0,nan,0.0,0
camera2_clip_20260530_072726_24862,168,0.0,0.0,0.0,0.0,0.0,0.0,0.0,0.0,0.0,0.0,0.0,0.0,0.0,0.0,0.0,0.0,nan,nan,0.0,0.0,0.0,0.0,0.0,0.0,0.0,0.0,0.0,0.0,0.0,0.0,0.0,0.0,0.0,0.0,0.0,0.0,0.0,0.0,0.0,0.0,0.0,0.0,0.0,0.0,0.0,0.0,0.0,0.0,0.0,0.0,0.0,0.0,0.0,0.0,0.0,0.0,0.0,0.0,nan,0.0,0
camera2_clip_20260530_072726_24862,169,0.0,0.0,0.0,0.0,0.0,0.0,0.0,0.0,0.0,0.0,0.0,0.0,0.0,0.0,0.0,0.0,nan,nan,0.0,0.0,0.0,0.0,0.0,0.0,0.0,0.0,0.0,0.0,0.0,0.0,0.0,0.0,0.0,0.0,0.0,0.0,0.0,0.0,0.0,0.0,0.0,0.0,0.0,0.0,0.0,0.0,0.0,0.0,0.0,0.0,0.0,0.0,0.0,0.0,0.0,0.0,0.0,0.0,nan,0.0,0
camera2_clip_20260530_072726_24862,170,0.0,0.0,0.0,0.0,0.0,0.0,0.0,0.0,0.0,0.0,0.0,0.0,0.0,0.0,0.0,0.0,nan,nan,0.0,0.0,0.0,0.0,0.0,0.0,0.0,0.0,0.0,0.0,0.0,0.0,0.0,0.0,0.0,0.0,0.0,0.0,0.0,0.0,0.0,0.0,0.0,0.0,0.0,0.0,0.0,0.0,0.0,0.0,0.0,0.0,0.0,0.0,0.0,0.0,0.0,0.0,0.0,0.0,nan,0.0,0
camera2_clip_20260530_072726_24862,171,0.0,0.0,0.0,0.0,0.0,0.0,0.0,0.0,0.0,0.0,0.0,0.0,0.0,0.0,0.0,0.0,nan,nan,0.0,0.0,0.0,0.0,0.0,0.0,0.0,0.0,0.0,0.0,0.0,0.0,0.0,0.0,0.0,0.0,0.0,0.0,0.0,0.0,0.0,0.0,0.0,0.0,0.0,0.0,0.0,0.0,0.0,0.0,0.0,0.0,0.0,0.0,0.0,0.0,0.0,0.0,0.0,0.0,nan,0.0,0
camera2_clip_20260530_072726_24862,172,0.0,0.0,0.0,0.0,0.0,0.0,0.0,0.0,0.0,0.0,0.0,0.0,0.0,0.0,0.0,0.0,nan,nan,0.0,0.0,0.0,0.0,0.0,0.0,0.0,0.0,0.0,0.0,0.0,0.0,0.0,0.0,0.0,0.0,0.0,0.0,0.0,0.0,0.0,0.0,0.0,0.0,0.0,0.0,0.0,0.0,0.0,0.0,0.0,0.0,0.0,0.0,0.0,0.0,0.0,0.0,0.0,0.0,nan,0.0,0
camera2_clip_20260530_072726_24862,173,0.0,0.0,0.0,0.0,0.0,0.0,0.0,0.0,0.0,0.0,0.0,0.0,0.0,0.0,0.0,0.0,nan,nan,0.0,0.0,0.0,0.0,0.0,0.0,0.0,0.0,0.0,0.0,0.0,0.0,0.0,0.0,0.0,0.0,0.0,0.0,0.0,0.0,0.0,0.0,0.0,0.0,0.0,0.0,0.0,0.0,0.0,0.0,0.0,0.0,0.0,0.0,0.0,0.0,0.0,0.0,0.0,0.0,nan,0.0,0
camera2_clip_20260530_072726_24862,174,0.0,0.0,0.0,0.0,0.0,0.0,0.0,0.0,0.0,0.0,0.0,0.0,0.0,0.0,0.0,0.0,nan,nan,0.0,0.0,0.0,0.0,0.0,0.0,0.0,0.0,0.0,0.0,0.0,0.0,0.0,0.0,0.0,0.0,0.0,0.0,0.0,0.0,0.0,0.0,0.0,0.0,0.0,0.0,0.0,0.0,0.0,0.0,0.0,0.0,0.0,0.0,0.0,0.0,0.0,0.0,0.0,0.0,nan,0.0,0
camera2_clip_20260530_072726_24862,175,0.0,0.0,0.0,0.0,0.0,0.0,0.0,0.0,0.0,0.0,0.0,0.0,0.0,0.0,0.0,0.0,nan,nan,0.0,0.0,0.0,0.0,0.0,0.0,0.0,0.0,0.0,0.0,0.0,0.0,0.0,0.0,0.0,0.0,0.0,0.0,0.0,0.0,0.0,0.0,0.0,0.0,0.0,0.0,0.0,0.0,0.0,0.0,0.0,0.0,0.0,0.0,0.0,0.0,0.0,0.0,0.0,0.0,nan,0.0,0
camera2_clip_20260530_072726_24862,176,0.0,0.0,0.0,0.0,0.0,0.0,0.0,0.0,0.0,0.0,0.0,0.0,0.0,0.0,0.0,0.0,nan,nan,0.0,0.0,0.0,0.0,0.0,0.0,0.0,0.0,0.0,0.0,0.0,0.0,0.0,0.0,0.0,0.0,0.0,0.0,0.0,0.0,0.0,0.0,0.0,0.0,0.0,0.0,0.0,0.0,0.0,0.0,0.0,0.0,0.0,0.0,0.0,0.0,0.0,0.0,0.0,0.0,nan,0.0,0
camera2_clip_20260530_072726_24862,177,0.0,0.0,0.0,0.0,0.0,0.0,0.0,0.0,0.0,0.0,0.0,0.0,0.0,0.0,0.0,0.0,nan,nan,0.0,0.0,0.0,0.0,0.0,0.0,0.0,0.0,0.0,0.0,0.0,0.0,0.0,0.0,0.0,0.0,0.0,0.0,0.0,0.0,0.0,0.0,0.0,0.0,0.0,0.0,0.0,0.0,0.0,0.0,0.0,0.0,0.0,0.0,0.0,0.0,0.0,0.0,0.0,0.0,nan,0.0,0
camera2_clip_20260530_072726_24862,178,0.0,0.0,0.0,0.0,0.0,0.0,0.0,0.0,0.0,0.0,0.0,0.0,0.0,0.0,0.0,0.0,nan,nan,0.0,0.0,0.0,0.0,0.0,0.0,0.0,0.0,0.0,0.0,0.0,0.0,0.0,0.0,0.0,0.0,0.0,0.0,0.0,0.0,0.0,0.0,0.0,0.0,0.0,0.0,0.0,0.0,0.0,0.0,0.0,0.0,0.0,0.0,0.0,0.0,0.0,0.0,0.0,0.0,nan,0.0,0
camera2_clip_20260530_072726_24862,179,0.0,0.0,0.0,0.0,0.0,0.0,0.0,0.0,0.0,0.0,0.0,0.0,0.0,0.0,0.0,0.0,nan,nan,0.0,0.0,0.0,0.0,0.0,0.0,0.0,0.0,0.0,0.0,0.0,0.0,0.0,0.0,0.0,0.0,0.0,0.0,0.0,0.0,0.0,0.0,0.0,0.0,0.0,0.0,0.0,0.0,0.0,0.0,0.0,0.0,0.0,0.0,0.0,0.0,0.0,0.0,0.0,0.0,nan,0.0,0
camera2_clip_20260530_072726_24862,180,0.0,0.0,0.0,0.0,0.0,0.0,0.0,0.0,0.0,0.0,0.0,0.0,0.0,0.0,0.0,0.0,nan,nan,0.0,0.0,0.0,0.0,0.0,0.0,0.0,0.0,0.0,0.0,0.0,0.0,0.0,0.0,0.0,0.0,0.0,0.0,0.0,0.0,0.0,0.0,0.0,0.0,0.0,0.0,0.0,0.0,0.0,0.0,0.0,0.0,0.0,0.0,0.0,0.0,0.0,0.0,0.0,0.0,nan,0.0,0
camera2_clip_20260530_072726_24862,181,0.0,0.0,0.0,0.0,0.0,0.0,0.0,0.0,0.0,0.0,0.0,0.0,0.0,0.0,0.0,0.0,nan,nan,0.0,0.0,0.0,0.0,0.0,0.0,0.0,0.0,0.0,0.0,0.0,0.0,0.0,0.0,0.0,0.0,0.0,0.0,0.0,0.0,0.0,0.0,0.0,0.0,0.0,0.0,0.0,0.0,0.0,0.0,0.0,0.0,0.0,0.0,0.0,0.0,0.0,0.0,0.0,0.0,nan,0.0,0
camera2_clip_20260530_072726_24862,182,0.0,0.0,0.0,0.0,0.0,0.0,0.0,0.0,0.0,0.0,0.0,0.0,0.0,0.0,0.0,0.0,nan,nan,0.0,0.0,0.0,0.0,0.0,0.0,0.0,0.0,0.0,0.0,0.0,0.0,0.0,0.0,0.0,0.0,0.0,0.0,0.0,0.0,0.0,0.0,0.0,0.0,0.0,0.0,0.0,0.0,0.0,0.0,0.0,0.0,0.0,0.0,0.0,0.0,0.0,0.0,0.0,0.0,nan,0.0,0
camera2_clip_20260530_072726_24862,183,0.0,0.0,0.0,0.0,0.0,0.0,0.0,0.0,0.0,0.0,0.0,0.0,0.0,0.0,0.0,0.0,nan,nan,0.0,0.0,0.0,0.0,0.0,0.0,0.0,0.0,0.0,0.0,0.0,0.0,0.0,0.0,0.0,0.0,0.0,0.0,0.0,0.0,0.0,0.0,0.0,0.0,0.0,0.0,0.0,0.0,0.0,0.0,0.0,0.0,0.0,0.0,0.0,0.0,0.0,0.0,0.0,0.0,nan,0.0,0
camera2_clip_20260530_072726_24862,184,0.0,0.0,0.0,0.0,0.0,0.0,0.0,0.0,0.0,0.0,0.0,0.0,0.0,0.0,0.0,0.0,nan,nan,0.0,0.0,0.0,0.0,0.0,0.0,0.0,0.0,0.0,0.0,0.0,0.0,0.0,0.0,0.0,0.0,0.0,0.0,0.0,0.0,0.0,0.0,0.0,0.0,0.0,0.0,0.0,0.0,0.0,0.0,0.0,0.0,0.0,0.0,0.0,0.0,0.0,0.0,0.0,0.0,nan,0.0,0
camera2_clip_20260530_072726_24862,185,0.0,0.0,0.0,0.0,0.0,0.0,0.0,0.0,0.0,0.0,0.0,0.0,0.0,0.0,0.0,0.0,nan,nan,0.0,0.0,0.0,0.0,0.0,0.0,0.0,0.0,0.0,0.0,0.0,0.0,0.0,0.0,0.0,0.0,0.0,0.0,0.0,0.0,0.0,0.0,0.0,0.0,0.0,0.0,0.0,0.0,0.0,0.0,0.0,0.0,0.0,0.0,0.0,0.0,0.0,0.0,0.0,0.0,nan,0.0,0
camera2_clip_20260530_072726_24862,186,0.0,0.0,0.0,0.0,0.0,0.0,0.0,0.0,0.0,0.0,0.0,0.0,0.0,0.0,0.0,0.0,nan,nan,0.0,0.0,0.0,0.0,0.0,0.0,0.0,0.0,0.0,0.0,0.0,0.0,0.0,0.0,0.0,0.0,0.0,0.0,0.0,0.0,0.0,0.0,0.0,0.0,0.0,0.0,0.0,0.0,0.0,0.0,0.0,0.0,0.0,0.0,0.0,0.0,0.0,0.0,0.0,0.0,nan,0.0,0
camera2_clip_20260530_072726_24862,187,0.0,0.0,0.0,0.0,0.0,0.0,0.0,0.0,0.0,0.0,0.0,0.0,0.0,0.0,0.0,0.0,nan,nan,0.0,0.0,0.0,0.0,0.0,0.0,0.0,0.0,0.0,0.0,0.0,0.0,0.0,0.0,0.0,0.0,0.0,0.0,0.0,0.0,0.0,0.0,0.0,0.0,0.0,0.0,0.0,0.0,0.0,0.0,0.0,0.0,0.0,0.0,0.0,0.0,0.0,0.0,0.0,0.0,nan,0.0,0
camera2_clip_20260530_072726_24862,188,0.0,0.0,0.0,0.0,0.0,0.0,0.0,0.0,0.0,0.0,0.0,0.0,0.0,0.0,0.0,0.0,nan,nan,0.0,0.0,0.0,0.0,0.0,0.0,0.0,0.0,0.0,0.0,0.0,0.0,0.0,0.0,0.0,0.0,0.0,0.0,0.0,0.0,0.0,0.0,0.0,0.0,0.0,0.0,0.0,0.0,0.0,0.0,0.0,0.0,0.0,0.0,0.0,0.0,0.0,0.0,0.0,0.0,nan,0.0,0
camera2_clip_20260530_072726_24862,189,0.0,0.0,0.0,0.0,0.0,0.0,0.0,0.0,0.0,0.0,0.0,0.0,0.0,0.0,0.0,0.0,nan,nan,0.0,0.0,0.0,0.0,0.0,0.0,0.0,0.0,0.0,0.0,0.0,0.0,0.0,0.0,0.0,0.0,0.0,0.0,0.0,0.0,0.0,0.0,0.0,0.0,0.0,0.0,0.0,0.0,0.0,0.0,0.0,0.0,0.0,0.0,0.0,0.0,0.0,0.0,0.0,0.0,nan,0.0,0
camera2_clip_20260530_072726_24862,190,0.0,0.0,0.0,0.0,0.0,0.0,0.0,0.0,0.0,0.0,0.0,0.0,0.0,0.0,0.0,0.0,nan,nan,0.0,0.0,0.0,0.0,0.0,0.0,0.0,0.0,0.0,0.0,0.0,0.0,0.0,0.0,0.0,0.0,0.0,0.0,0.0,0.0,0.0,0.0,0.0,0.0,0.0,0.0,0.0,0.0,0.0,0.0,0.0,0.0,0.0,0.0,0.0,0.0,0.0,0.0,0.0,0.0,nan,0.0,0
camera2_clip_20260530_072726_24862,191,0.0,0.0,0.0,0.0,0.0,0.0,0.0,0.0,0.0,0.0,0.0,0.0,0.0,0.0,0.0,0.0,nan,nan,0.0,0.0,0.0,0.0,0.0,0.0,0.0,0.0,0.0,0.0,0.0,0.0,0.0,0.0,0.0,0.0,0.0,0.0,0.0,0.0,0.0,0.0,0.0,0.0,0.0,0.0,0.0,0.0,0.0,0.0,0.0,0.0,0.0,0.0,0.0,0.0,0.0,0.0,0.0,0.0,nan,0.0,0
camera2_clip_20260530_072726_24862,192,0.0,0.0,0.0,0.0,0.0,0.0,0.0,0.0,0.0,0.0,0.0,0.0,0.0,0.0,0.0,0.0,nan,nan,0.0,0.0,0.0,0.0,0.0,0.0,0.0,0.0,0.0,0.0,0.0,0.0,0.0,0.0,0.0,0.0,0.0,0.0,0.0,0.0,0.0,0.0,0.0,0.0,0.0,0.0,0.0,0.0,0.0,0.0,0.0,0.0,0.0,0.0,0.0,0.0,0.0,0.0,0.0,0.0,nan,0.0,0
camera2_clip_20260530_072726_24862,193,0.0,0.0,0.0,0.0,0.0,0.0,0.0,0.0,0.0,0.0,0.0,0.0,0.0,0.0,0.0,0.0,nan,nan,0.0,0.0,0.0,0.0,0.0,0.0,0.0,0.0,0.0,0.0,0.0,0.0,0.0,0.0,0.0,0.0,0.0,0.0,0.0,0.0,0.0,0.0,0.0,0.0,0.0,0.0,0.0,0.0,0.0,0.0,0.0,0.0,0.0,0.0,0.0,0.0,0.0,0.0,0.0,0.0,nan,0.0,0
camera2_clip_20260530_072726_24862,194,0.0,0.0,0.0,0.0,0.0,0.0,0.0,0.0,0.0,0.0,0.0,0.0,0.0,0.0,0.0,0.0,nan,nan,0.0,0.0,0.0,0.0,0.0,0.0,0.0,0.0,0.0,0.0,0.0,0.0,0.0,0.0,0.0,0.0,0.0,0.0,0.0,0.0,0.0,0.0,0.0,0.0,0.0,0.0,0.0,0.0,0.0,0.0,0.0,0.0,0.0,0.0,0.0,0.0,0.0,0.0,0.0,0.0,nan,0.0,0
camera2_clip_20260530_072726_24862,195,0.0,0.0,0.0,0.0,0.0,0.0,0.0,0.0,0.0,0.0,0.0,0.0,0.0,0.0,0.0,0.0,nan,nan,0.0,0.0,0.0,0.0,0.0,0.0,0.0,0.0,0.0,0.0,0.0,0.0,0.0,0.0,0.0,0.0,0.0,0.0,0.0,0.0,0.0,0.0,0.0,0.0,0.0,0.0,0.0,0.0,0.0,0.0,0.0,0.0,0.0,0.0,0.0,0.0,0.0,0.0,0.0,0.0,nan,0.0,0
camera2_clip_20260530_072726_24862,196,0.0,0.0,0.0,0.0,0.0,0.0,0.0,0.0,0.0,0.0,0.0,0.0,0.0,0.0,0.0,0.0,nan,nan,0.0,0.0,0.0,0.0,0.0,0.0,0.0,0.0,0.0,0.0,0.0,0.0,0.0,0.0,0.0,0.0,0.0,0.0,0.0,0.0,0.0,0.0,0.0,0.0,0.0,0.0,0.0,0.0,0.0,0.0,0.0,0.0,0.0,0.0,0.0,0.0,0.0,0.0,0.0,0.0,nan,0.0,0
camera2_clip_20260530_072726_24862,197,0.0,0.0,0.0,0.0,0.0,0.0,0.0,0.0,0.0,0.0,0.0,0.0,0.0,0.0,0.0,0.0,nan,nan,0.0,0.0,0.0,0.0,0.0,0.0,0.0,0.0,0.0,0.0,0.0,0.0,0.0,0.0,0.0,0.0,0.0,0.0,0.0,0.0,0.0,0.0,0.0,0.0,0.0,0.0,0.0,0.0,0.0,0.0,0.0,0.0,0.0,0.0,0.0,0.0,0.0,0.0,0.0,0.0,nan,0.0,0
camera2_clip_20260530_072726_24862,198,0.0,0.0,0.0,0.0,0.0,0.0,0.0,0.0,0.0,0.0,0.0,0.0,0.0,0.0,0.0,0.0,nan,nan,0.0,0.0,0.0,0.0,0.0,0.0,0.0,0.0,0.0,0.0,0.0,0.0,0.0,0.0,0.0,0.0,0.0,0.0,0.0,0.0,0.0,0.0,0.0,0.0,0.0,0.0,0.0,0.0,0.0,0.0,0.0,0.0,0.0,0.0,0.0,0.0,0.0,0.0,0.0,0.0,nan,0.0,0
camera2_clip_20260530_072726_24862,199,0.0,0.0,0.0,0.0,0.0,0.0,0.0,0.0,0.0,0.0,0.0,0.0,0.0,0.0,0.0,0.0,nan,nan,0.0,0.0,0.0,0.0,0.0,0.0,0.0,0.0,0.0,0.0,0.0,0.0,0.0,0.0,0.0,0.0,0.0,0.0,0.0,0.0,0.0,0.0,0.0,0.0,0.0,0.0,0.0,0.0,0.0,0.0,0.0,0.0,0.0,0.0,0.0,0.0,0.0,0.0,0.0,0.0,nan,0.0,0
camera2_clip_20260530_072726_24862,200,0.0,0.0,0.0,0.0,0.0,0.0,0.0,0.0,0.0,0.0,0.0,0.0,0.0,0.0,0.0,0.0,nan,nan,0.0,0.0,0.0,0.0,0.0,0.0,0.0,0.0,0.0,0.0,0.0,0.0,0.0,0.0,0.0,0.0,0.0,0.0,0.0,0.0,0.0,0.0,0.0,0.0,0.0,0.0,0.0,0.0,0.0,0.0,0.0,0.0,0.0,0.0,0.0,0.0,0.0,0.0,0.0,0.0,nan,0.0,0
camera2_clip_20260530_072726_24862,201,0.0,0.0,0.0,0.0,0.0,0.0,0.0,0.0,0.0,0.0,0.0,0.0,0.0,0.0,0.0,0.0,nan,nan,0.0,0.0,0.0,0.0,0.0,0.0,0.0,0.0,0.0,0.0,0.0,0.0,0.0,0.0,0.0,0.0,0.0,0.0,0.0,0.0,0.0,0.0,0.0,0.0,0.0,0.0,0.0,0.0,0.0,0.0,0.0,0.0,0.0,0.0,0.0,0.0,0.0,0.0,0.0,0.0,nan,0.0,0
camera2_clip_20260530_072726_24862,202,0.0,0.0,0.0,0.0,0.0,0.0,0.0,0.0,0.0,0.0,0.0,0.0,0.0,0.0,0.0,0.0,nan,nan,0.0,0.0,0.0,0.0,0.0,0.0,0.0,0.0,0.0,0.0,0.0,0.0,0.0,0.0,0.0,0.0,0.0,0.0,0.0,0.0,0.0,0.0,0.0,0.0,0.0,0.0,0.0,0.0,0.0,0.0,0.0,0.0,0.0,0.0,0.0,0.0,0.0,0.0,0.0,0.0,nan,0.0,0
camera2_clip_20260530_072726_24862,203,0.0,0.0,0.0,0.0,0.0,0.0,0.0,0.0,0.0,0.0,0.0,0.0,0.0,0.0,0.0,0.0,nan,nan,0.0,0.0,0.0,0.0,0.0,0.0,0.0,0.0,0.0,0.0,0.0,0.0,0.0,0.0,0.0,0.0,0.0,0.0,0.0,0.0,0.0,0.0,0.0,0.0,0.0,0.0,0.0,0.0,0.0,0.0,0.0,0.0,0.0,0.0,0.0,0.0,0.0,0.0,0.0,0.0,nan,0.0,0
