video_id,frame_no,left_wrist_speed,right_wrist_speed,wrist_speed_max,left_elbow_speed,right_elbow_speed,elbow_speed_max,left_elbow_angle,right_elbow_angle,left_elbow_joint_angle,right_elbow_joint_angle,left_arm_length,right_arm_length,left_forearm_length,right_forearm_length,left_shoulder_wrist_dist,right_shoulder_wrist_dist,left_wrist_height_rel,right_wrist_height_rel,bat_arm_wrist_speed,bat_arm_elbow_speed,bat_arm_elbow_angle,bat_arm_extension,arm_activity_score,shoulder_line_angle,hip_line_angle,hip_shoulder_separation,trunk_lean,shoulder_rotation_change,left_shoulder_speed,right_shoulder_speed,shoulder_speed_max,body_center_x,body_center_y,body_center_speed,upper_body_rotation,lower_body_rotation,left_knee_speed,right_knee_speed,knee_speed_max,left_ankle_speed,right_ankle_speed,ankle_speed_max,left_knee_angle,right_knee_angle,front_knee_angle,back_knee_angle,left_hip_speed,right_hip_speed,hip_speed_max,head_movement,head_speed,left_eye_speed,right_eye_speed,eye_separation,head_orientation_angle,left_ear_speed,right_ear_speed,ear_separation,wrist_height_change,pose_activity_score,impact_like_frame_flag
camera2_clip_20260609_183427_18983,0,0.0,0.0,0.0,0.0,0.0,0.0,86.12322191653804,86.35653425688942,115.83453574208058,115.29628906601444,20.217678502807587,19.987295228592725,9.688217642197896,9.09240090815267,20.217678502807587,19.987295228592725,-18.788360595703125,-18.7041015625,0.0,0.0,115.29628906601444,19.987295228592725,0.0,164.2267111625216,-174.3819775855401,338.6086887480617,-98.37138795892524,0.0,0.0,0.0,0.0,74.76132202148438,170.57598876953125,0.0,164.2267111625216,-174.3819775855401,0.0,0.0,0.0,0.0,0.0,0.0,168.66174588328553,175.11795013904361,175.11795013904361,168.66174588328553,0.0,0.0,0.0,0.0,0.0,0.0,0.0,0.37159770858566266,138.89087462872456,0.0,0.0,0.39432691278706644,0.0,0.0,0
camera2_clip_20260609_183427_18983,1,54.3162864411562,42.19507448674763,54.3162864411562,43.357774941580466,36.66407744098772,43.357774941580466,86.37732533967653,86.29405591504647,116.0093121545789,115.71778740966792,20.605903241817604,20.09655528673413,10.067376486684063,9.262035603729535,20.605903241817604,20.09655528673413,-19.047958374023438,-18.783355712890625,42.19507448674763,36.66407744098772,115.71778740966792,20.09655528673413,42.553793020464205,164.03271036295436,-173.55495488958738,337.58766525254174,-97.88164965320023,-0.1940007995672488,40.37325896063807,38.41628585167512,40.37325896063807,73.74701309204102,171.57281494140625,42.66422997260294,164.03271036295436,-173.55495488958738,41.61150892909326,51.05637647752641,51.05637647752641,41.753449120590055,50.82799154772092,50.82799154772092,168.9495010416459,174.29714708545626,174.29714708545626,168.9495010416459,46.279677421044546,45.615100615205144,46.279677421044546,34.789938414578664,34.789938414578664,35.71728013629576,35.7530025636004,0.3689231907861238,135.02094603237575,39.485546335947056,37.156155055156276,0.43451906421740566,-1.10357666015625,44.37223851949713,0
camera2_clip_20260609_183427_18983,2,34.814502760168274,34.169920242388024,34.814502760168274,29.517469199328016,27.034878627191233,29.517469199328016,86.75072488766577,86.04848002764236,115.3597102723959,116.08406314560823,20.951919431136083,20.5013077021434,10.31737061800024,9.478240138832643,20.951919431136083,20.5013077021434,-19.261581420898438,-19.192626953125,34.169920242388024,27.034878627191233,116.08406314560823,20.5013077021434,28.50367331963345,164.7978155778856,-173.05378282059363,337.8515983984792,-97.55526276538525,0.765105214931225,22.124043260409497,23.361225828315643,23.361225828315643,73.1698169708252,172.17013931274414,24.919000586835637,164.7978155778856,-173.05378282059363,23.315695755748596,35.98568468961445,35.98568468961445,23.77278920418958,33.426700892841986,33.426700892841986,168.5853316764423,172.77061894518377,172.77061894518377,168.5853316764423,26.483149689719912,27.79529860345974,27.79529860345974,18.931216896040592,18.931216896040592,18.966981819964037,19.61330558047982,0.39069813051229907,135.16218504893513,20.859083482277097,21.25480828479186,0.48135520850434993,-0.866424560546875,28.48344656278125,0
camera2_clip_20260609_183427_18983,3,75.46400338235134,68.1728072904486,75.46400338235134,68.06749056221982,57.80026731948727,68.06749056221982,87.74383515742494,86.17545262120782,116.95659976355866,116.67578265638555,21.658405998449325,21.356749380894925,10.538245734159284,9.871428417184358,21.658405998449325,21.356749380894925,-19.8701171875,-19.9951171875,68.1728072904486,57.80026731948727,116.67578265638555,21.356749380894925,61.029896025358916,161.4398755146487,-164.51151165323557,325.95138716788426,-97.4541551180252,-3.357940063236896,54.1644927499962,42.5103148476503,54.1644927499962,72.34250068664551,173.60513305664062,49.69198477804888,161.4398755146487,-164.51151165323557,55.18974804097648,49.37551306435535,55.18974804097648,58.614188762520584,50.947364595177504,58.614188762520584,167.50584833999415,171.0423824661871,171.0423824661871,167.50584833999415,55.690140100623545,47.99915023827786,55.690140100623545,38.38900106014045,38.38900106014045,37.97523227426692,37.171558239017855,0.3646608288748238,136.20372945151877,42.31278894771901,37.01631831504952,0.4798872860636723,-2.0737380981445312,56.99962341284041,0
camera2_clip_20260609_183427_18983,4,21.921399395238346,19.57634114551404,21.921399395238346,16.53690928411555,14.26491830986835,16.53690928411555,87.39926434260843,85.32314935297843,115.66444135817078,115.71551588975366,21.88186841836164,21.451539764038948,10.786966178258567,10.054048421998592,21.88186841836164,21.451539764038948,-20.024139404296875,-20.119033813476562,19.57634114551404,14.26491830986835,115.71551588975366,21.451539764038948,17.618279519411182,164.30794452794788,-167.07374819685663,331.3816927248045,-97.12265983986525,2.8680690132991913,14.21578484628768,19.19432413544313,19.19432413544313,71.7956714630127,173.88576126098633,18.439006209767445,164.30794452794788,-167.07374819685663,20.279014111469873,37.98624956108735,37.98624956108735,19.529150342734912,35.167189472623704,35.167189472623704,167.00323413777147,169.26153122042084,169.26153122042084,167.00323413777147,18.04995831468842,22.61453342121538,22.61453342121538,11.347784491656522,11.347784491656522,11.745932526565456,12.671868336772224,0.4054924098299564,138.2192808437501,13.304252546361193,15.550005138810727,0.5105782924784302,-0.41864776611328125,21.61131436169056,0
camera2_clip_20260609_183427_18983,5,18.786205701251085,16.352568058024943,18.786205701251085,10.958371414337833,5.320258116851153,10.958371414337833,87.31401963366987,85.43860797481568,116.96354481651082,117.68573670175059,22.255265818138565,21.83894508732945,10.865966723884856,10.237820957033984,22.255265818138565,21.83894508732945,-20.469345092773438,-20.52642822265625,16.352568058024943,5.320258116851153,117.68573670175059,21.83894508732945,10.295167528915659,165.3535922479134,-165.44664507191482,330.8002373198282,-96.98988303948799,1.0456477199655296,6.172584739695136,4.18101714333381,6.172584739695136,71.7098560333252,174.09613037109375,6.815974282071123,165.3535922479134,-165.44664507191482,7.902581111046275,20.61658478792689,20.61658478792689,6.39529561688126,18.50783705649351,18.50783705649351,166.45327058217993,167.47777550471312,167.47777550471312,166.45327058217993,8.908336349545767,8.091949286353138,8.908336349545767,7.135480629025252,7.135480629025252,7.069792895116284,7.02893441877422,0.3916810153278143,134.70209067383863,7.405736084644875,5.951450517139486,0.5977243731064924,-0.5846481323242188,11.0161324484784,0
camera2_clip_20260609_183427_18983,6,0.0,0.0,0.0,0.0,0.0,0.0,0.0,0.0,0.0,0.0,0.0,0.0,0.0,0.0,0.0,0.0,nan,nan,0.0,0.0,0.0,0.0,0.0,0.0,0.0,0.0,0.0,-165.3535922479134,0.0,0.0,0.0,0.0,0.0,0.0,0.0,0.0,0.0,0.0,0.0,0.0,0.0,0.0,0.0,0.0,0.0,0.0,0.0,0.0,0.0,0.0,0.0,0.0,0.0,0.0,0.0,0.0,0.0,0.0,nan,0.0,0
camera2_clip_20260609_183427_18983,7,0.0,0.0,0.0,0.0,0.0,0.0,0.0,0.0,0.0,0.0,0.0,0.0,0.0,0.0,0.0,0.0,nan,nan,0.0,0.0,0.0,0.0,0.0,0.0,0.0,0.0,0.0,0.0,0.0,0.0,0.0,0.0,0.0,0.0,0.0,0.0,0.0,0.0,0.0,0.0,0.0,0.0,0.0,0.0,0.0,0.0,0.0,0.0,0.0,0.0,0.0,0.0,0.0,0.0,0.0,0.0,0.0,0.0,nan,0.0,0
camera2_clip_20260609_183427_18983,8,0.0,0.0,0.0,0.0,0.0,0.0,0.0,0.0,0.0,0.0,0.0,0.0,0.0,0.0,0.0,0.0,nan,nan,0.0,0.0,0.0,0.0,0.0,0.0,0.0,0.0,0.0,0.0,0.0,0.0,0.0,0.0,0.0,0.0,0.0,0.0,0.0,0.0,0.0,0.0,0.0,0.0,0.0,0.0,0.0,0.0,0.0,0.0,0.0,0.0,0.0,0.0,0.0,0.0,0.0,0.0,0.0,0.0,nan,0.0,0
camera2_clip_20260609_183427_18983,9,0.0,0.0,0.0,0.0,0.0,0.0,0.0,0.0,0.0,0.0,0.0,0.0,0.0,0.0,0.0,0.0,nan,nan,0.0,0.0,0.0,0.0,0.0,0.0,0.0,0.0,0.0,0.0,0.0,0.0,0.0,0.0,0.0,0.0,0.0,0.0,0.0,0.0,0.0,0.0,0.0,0.0,0.0,0.0,0.0,0.0,0.0,0.0,0.0,0.0,0.0,0.0,0.0,0.0,0.0,0.0,0.0,0.0,nan,0.0,0
camera2_clip_20260609_183427_18983,10,0.0,0.0,0.0,0.0,0.0,0.0,0.0,0.0,0.0,0.0,0.0,0.0,0.0,0.0,0.0,0.0,nan,nan,0.0,0.0,0.0,0.0,0.0,0.0,0.0,0.0,0.0,0.0,0.0,0.0,0.0,0.0,0.0,0.0,0.0,0.0,0.0,0.0,0.0,0.0,0.0,0.0,0.0,0.0,0.0,0.0,0.0,0.0,0.0,0.0,0.0,0.0,0.0,0.0,0.0,0.0,0.0,0.0,nan,0.0,0
camera2_clip_20260609_183427_18983,11,0.0,0.0,0.0,0.0,0.0,0.0,78.52090393300041,87.77374308222007,150.195608012347,141.88677608834115,27.002168446060857,24.13033922799723,13.100623884014576,11.489721716769465,27.002168446060857,24.13033922799723,-26.976974487304688,-23.322799682617188,0.0,0.0,141.88677608834115,24.13033922799723,0.0,-6.530592463483909,-26.540068816884716,20.009476353400807,-108.74492754493502,-6.530592463483909,0.0,0.0,0.0,220.38145065307617,184.5722541809082,0.0,-6.530592463483909,-26.540068816884716,0.0,0.0,0.0,0.0,0.0,0.0,161.7887131650144,164.86517399916045,164.86517399916045,161.7887131650144,0.0,0.0,0.0,0.0,0.0,0.0,0.0,0.23630232413982918,6.492180421868844,0.0,0.0,1.8515562088070796,nan,0.0,0
camera2_clip_20260609_183427_18983,12,0.0,0.0,0.0,0.0,0.0,0.0,0.0,0.0,0.0,0.0,0.0,0.0,0.0,0.0,0.0,0.0,nan,nan,0.0,0.0,0.0,0.0,0.0,0.0,0.0,0.0,0.0,6.530592463483909,0.0,0.0,0.0,0.0,0.0,0.0,0.0,0.0,0.0,0.0,0.0,0.0,0.0,0.0,0.0,0.0,0.0,0.0,0.0,0.0,0.0,0.0,0.0,0.0,0.0,0.0,0.0,0.0,0.0,0.0,nan,0.0,0
camera2_clip_20260609_183427_18983,13,0.0,0.0,0.0,0.0,0.0,0.0,78.17805347293141,85.97936706056417,155.39761346128634,150.9384578929377,28.122645573635097,25.416386592450174,13.404922828355373,11.600984236254941,28.122645573635097,25.416386592450174,-28.122039794921875,-25.117935180664062,0.0,0.0,150.9384578929377,25.416386592450174,0.0,-8.295155996429925,-26.297016082727787,18.00186008629786,-101.56554115319659,-8.295155996429925,0.0,0.0,0.0,226.96191787719727,166.88799667358398,0.0,-8.295155996429925,-26.297016082727787,0.0,0.0,0.0,0.0,0.0,0.0,167.99886156155702,169.21349823741195,169.21349823741195,167.99886156155702,0.0,0.0,0.0,0.0,0.0,0.0,0.0,0.27098482813057934,5.415250064596048,0.0,0.0,2.1042709079363204,nan,0.0,0
camera2_clip_20260609_183427_18983,14,446.52429344912326,427.11568259653234,446.52429344912326,451.736810571971,428.77778684058404,451.736810571971,76.84504670550096,86.04917794950134,159.42527759115094,155.03297629371826,29.399533440760617,26.213604387147768,14.174827676723877,11.77349468908401,29.399533440760617,26.213604387147768,-29.347793579101562,-26.01947021484375,427.11568259653234,428.77778684058404,155.03297629371826,26.213604387147768,440.897884708297,13.490290782799523,-26.503729690022137,39.99402047282166,-98.8707999502864,21.785446779229446,451.5511762037212,439.6815585878501,451.5511762037212,233.67322158813477,154.3451156616211,426.7656446138002,13.490290782799523,-26.503729690022137,385.30256994325146,384.3591550701874,385.30256994325146,376.3679080337859,378.19087783808067,378.19087783808067,169.6185012278757,171.01095555157528,171.01095555157528,169.6185012278757,410.5740387049791,405.5395107034048,410.5740387049791,452.55966987928895,452.55966987928895,453.4385443857553,452.29305177718646,0.26231014676708053,13.482510370331646,455.67497305581,451.0969377461233,1.9938873790240201,11.918190002441406,415.4767807119559,0
camera2_clip_20260609_183427_18983,15,535.5571072821584,501.7756649716413,535.5571072821584,506.65193129729295,494.320654082178,506.65193129729295,76.47448277121117,83.85522476689223,154.98802073931213,150.00442897487835,28.095531768892833,25.983980541814564,13.38796430684208,11.74083924433941,28.095531768892833,25.983980541814564,-28.080047607421875,-25.795204162597656,501.7756649716413,494.320654082178,150.00442897487835,25.983980541814564,505.01488327758466,21.258721820865674,-27.382778669066663,48.64150048993234,-102.30864071568139,7.768431038066151,496.7172166988489,495.06672533338826,496.7172166988489,234.12807083129883,137.31380653381348,511.1214538608754,21.258721820865674,-27.382778669066663,514.5282328830439,519.4736508840382,519.4736508840382,491.4894086973269,504.6817729107798,504.6817729107798,168.02958554183263,171.1721175620654,171.1721175620654,168.02958554183263,527.4115932077281,526.7310033328037,527.4115932077281,482.34488714080794,482.34488714080794,481.27067939993617,481.0995865395176,0.2074579103926774,19.652406677172753,482.44711091854873,483.24217083214575,1.7698566213978209,17.274551391601562,509.5337467984357,0
camera2_clip_20260609_183427_18983,16,0.0,0.0,0.0,0.0,0.0,0.0,0.0,0.0,0.0,0.0,0.0,0.0,0.0,0.0,0.0,0.0,nan,nan,0.0,0.0,0.0,0.0,0.0,0.0,0.0,0.0,0.0,-21.258721820865674,0.0,0.0,0.0,0.0,0.0,0.0,0.0,0.0,0.0,0.0,0.0,0.0,0.0,0.0,0.0,0.0,0.0,0.0,0.0,0.0,0.0,0.0,0.0,0.0,0.0,0.0,0.0,0.0,0.0,0.0,nan,0.0,0
camera2_clip_20260609_183427_18983,17,0.0,0.0,0.0,0.0,0.0,0.0,79.15858555484577,81.58054982563374,148.7529111195858,144.8236618943939,25.59374071261876,26.016711780434477,11.718285165967878,11.75579340203917,25.59374071261876,26.016711780434477,-25.561012268066406,-25.840667724609375,0.0,0.0,144.8236618943939,26.016711780434477,0.0,46.590423263582736,-26.40829844982036,72.9987217134031,-103.52715095939607,46.590423263582736,0.0,0.0,0.0,236.80373001098633,98.45760154724121,0.0,46.590423263582736,-26.40829844982036,0.0,0.0,0.0,0.0,0.0,0.0,172.71909822340174,174.13279328756153,174.13279328756153,172.71909822340174,0.0,0.0,0.0,0.0,0.0,0.0,0.0,0.1631050707178189,32.22185745850184,0.0,0.0,1.6114718397127568,nan,0.0,0
camera2_clip_20260609_183427_18983,18,418.77675803379924,414.2850628402939,418.77675803379924,370.93922982510145,365.17144988271633,370.93922982510145,78.90634141660826,79.81357183137001,138.39246917293073,133.4554372582208,23.738090270481813,24.231887735908042,11.001179409157007,11.112885305213888,23.738090270481813,24.231887735908042,-23.569671630859375,-23.916183471679688,414.2850628402939,365.17144988271633,133.4554372582208,24.231887735908042,379.9907752036347,119.28745428201834,-125.22081406405236,244.5082683460707,-110.51469776261057,72.69703101843561,356.35514684297567,354.41700379692134,356.35514684297567,237.57171630859375,85.5510425567627,387.8816328923208,119.28745428201834,-125.22081406405236,418.85120522767573,420.80083619452347,420.80083619452347,408.3275567414122,414.0398240480594,414.0398240480594,170.07697593091262,172.71741692379587,172.71741692379587,170.07697593091262,424.32102280194334,422.4511451486355,424.32102280194334,316.83032222628566,316.83032222628566,318.0719889187788,317.0349255683681,0.1862185080297511,40.76679325900114,329.4595112019112,331.0000396372935,1.2602488292680876,13.792869567871094,399.06135344867147,0
camera2_clip_20260609_183427_18983,19,2.9330455340251502,15.189238032977189,15.189238032977189,3.91070854505777,14.012320824909212,14.012320824909212,80.00747247480557,81.02123435548091,140.11233501591445,134.7774124038318,23.921298656655622,24.273538871218904,11.013079229023992,11.077037641577375,23.921298656655622,24.273538871218904,-23.733749389648438,-23.91046905517578,15.189238032977189,14.012320824909212,134.7774124038318,24.273538871218904,11.354639189145376,71.69832738358859,-62.64552700867791,134.3438543922665,-110.2357404620509,-47.589126898429754,9.937271385547657,22.145250812355282,22.145250812355282,237.96105194091797,85.26311683654785,14.527047513609988,71.69832738358859,-62.64552700867791,10.366650789951434,17.295296712634816,17.295296712634816,10.188387479715333,10.281197299304063,10.281197299304063,170.16353150171383,173.41451971854886,173.41451971854886,170.16353150171383,9.982615257148973,17.039742111539876,17.039742111539876,17.560871168050014,17.560871168050014,15.987743089937007,18.667048074683283,0.2525940830902979,24.007120057677888,11.619748046640272,21.78427405537215,1.6304390996247675,0.20049667358398438,11.940143732097232,0
camera2_clip_20260609_183427_18983,20,27.676964341577502,31.21095047846111,31.21095047846111,18.66522444815369,19.82586690274435,19.82586690274435,80.60424222538231,82.45519171918578,139.74283948132165,135.62550664490033,23.676675151764048,23.968059822117343,10.771933183829107,10.70747639203711,23.676675151764048,23.968059822117343,-23.46307373046875,-23.55437469482422,31.21095047846111,19.82586690274435,135.62550664490033,23.968059822117343,23.63280955318703,42.58483871335344,-38.49484353178117,81.07968224513462,-109.33810395730755,-29.11348867023515,20.24012822234056,24.17772292584495,24.17772292584495,238.10350036621094,84.64513969421387,19.025471665221644,42.58483871335344,-38.49484353178117,16.62639116776466,12.487358968777786,16.62639116776466,22.00413517538296,12.085608534367584,22.00413517538296,171.32259627797012,174.36455723481663,174.36455723481663,171.32259627797012,17.813894094165594,17.362399227195898,17.813894094165594,18.306975073056535,18.306975073056535,16.075100040987742,19.181038787569413,0.36646666570421577,14.131135076977959,15.624685538376028,22.49654470139393,2.0816431963219837,0.9711494445800781,20.014720373898054,0
camera2_clip_20260609_183427_18983,21,29.266950573543937,12.427755542724285,29.266950573543937,29.098084493654717,21.67322225760296,29.098084493654717,80.4807203795661,83.34304960302528,139.33867559493055,137.53609775675034,23.41354165506327,23.750720840443947,10.627775805609096,10.323028845087363,23.41354165506327,23.750720840443947,-23.203292846679688,-23.360015869140625,12.427755542724285,21.67322225760296,137.53609775675034,23.750720840443947,22.714562524557266,22.741030700203694,-20.05631127636806,42.79734197657176,-109.63405025715552,-19.843808013149747,29.18620179481299,14.635160485004693,29.18620179481299,237.3692626953125,84.42119598388672,23.028898551283486,22.741030700203694,-20.05631127636806,29.783058044525646,14.16544102941148,29.783058044525646,20.740799049200653,20.915015607228387,20.915015607228387,170.5174825681315,175.28458482314687,175.28458482314687,170.5174825681315,29.919355156269237,21.0200385010562,29.919355156269237,27.806567101499606,27.806567101499606,28.90540985428167,25.391618945882318,0.4888313401571307,9.900128220909954,30.65031774912522,16.13286933429973,2.5755222457252214,0.26416015625,22.735923544586267,0
camera2_clip_20260609_183427_18983,22,66.78097601148201,47.62498017699287,66.78097601148201,59.587274251333184,47.29815361242271,59.587274251333184,79.48772536185471,83.9766565383519,139.17259853292046,138.56675249762955,23.7974483834006,23.74748166631563,11.034152111919193,10.397070381971272,23.7974483834006,23.74748166631563,-23.61322021484375,-23.325439453125,47.62498017699287,47.29815361242271,138.56675249762955,23.74748166631563,55.22264380390047,7.026351716076782,-12.755758896006899,19.78211061208368,-109.97120978333201,-15.714678984126913,66.86277291784634,43.18170585332569,66.86277291784634,235.6799087524414,84.94734764099121,53.08179612175084,7.026351716076782,-12.755758896006899,65.16937216331911,35.37458151975074,65.16937216331911,60.93429939755066,37.042492396572236,60.93429939755066,169.5991333596392,175.9854844518904,175.9854844518904,169.5991333596392,60.04687433501387,42.35519295671488,60.04687433501387,48.80410700181,48.80410700181,53.22865895752863,47.91146269407694,0.6589352940576216,3.9769079254256354,67.37604666242768,45.72225574678937,3.3159005554061056,-0.7563209533691406,52.688222966027034,0
camera2_clip_20260609_183427_18983,23,85.47562454791019,84.29330181311565,85.47562454791019,90.52960782437373,90.74550893591437,90.74550893591437,79.94312993344887,83.5562314022429,142.3362847463775,141.6316172745819,24.09511561051721,24.007150557995736,11.107358293832316,10.417527052543521,24.09511561051721,24.007150557995736,-23.949462890625,-23.699546813964844,84.29330181311565,90.74550893591437,141.6316172745819,24.007150557995736,88.66027243841813,7.463829292801771,-12.77674553891742,20.24057483171919,-111.02603106203519,0.437477576724989,87.32955661260003,93.58803489659489,93.58803489659489,233.24362182617188,86.36152076721191,84.50941755942357,7.463829292801771,-12.77674553891742,82.04949583480094,85.25880920092072,85.25880920092072,77.68698961814194,77.03528707337063,77.68698961814194,168.84291156459912,175.09245260130052,175.09245260130052,168.84291156459912,76.24748928525969,80.99657425460936,80.99657425460936,86.73267448840227,86.73267448840227,86.47903158866333,87.50379611569377,0.6106641057402649,3.044428638579141,86.35462962354828,91.20089727543287,3.11537440786463,-1.8195228576660156,84.26968999146767,0
camera2_clip_20260609_183427_18983,24,151.05979380279882,158.33246119127577,158.33246119127577,146.69098498208544,156.79837071011812,156.79837071011812,79.0886719440284,82.2233105677582,143.41044122524366,143.43600295259776,24.084706467297398,24.072443733199627,11.313253698062168,10.51731324993546,24.084706467297398,24.072443733199627,-23.979843139648438,-23.876815795898438,158.33246119127577,156.79837071011812,143.43600295259776,24.072443733199627,156.27342313628986,16.4227203125439,-13.166856261899099,29.589576574442997,-112.40374923028115,8.958891019742127,157.21586922783834,167.54305890362272,167.54305890362272,230.12574768066406,90.49200439453125,155.2540845340349,16.4227203125439,-13.166856261899099,146.30791656871315,157.29276872401212,157.29276872401212,147.99640823454197,153.84377392341742,153.84377392341742,169.04360350977018,174.1779398422963,174.1779398422963,169.04360350977018,144.6973551695165,151.91083031907374,151.91083031907374,163.6288000587244,163.6288000587244,163.32862924860115,163.91831356130427,0.5825708613279218,3.404089678465264,162.04867810375666,166.32427508375633,2.899084259574625,-4.3453216552734375,153.3074659797512,0
camera2_clip_20260609_183427_18983,25,203.73439128529716,208.0321768868737,208.0321768868737,197.13771394019824,201.67650000941373,201.67650000941373,80.15743083291561,80.94863179183746,147.31651785738595,145.69403269114076,24.32598366908267,24.23918727517868,11.56774590692486,10.744780369943317,24.32598366908267,24.23918727517868,-24.23204803466797,-24.130950927734375,208.0321768868737,201.67650000941373,145.69403269114076,24.23918727517868,203.59325340008854,59.27403540603062,-25.718695829580486,84.9927312356111,-114.43339614907526,42.85131509348672,198.38522596556436,212.59351231318408,212.59351231318408,227.07939910888672,96.24366188049316,195.25783751473955,59.27403540603062,-25.718695829580486,176.14344009397263,188.12837570754516,188.12837570754516,181.41103924045106,187.3784594148734,187.3784594148734,168.61928142537138,172.58468474611203,172.58468474611203,168.61928142537138,180.7376116562323,190.41842019378802,190.41842019378802,208.91543886288028,208.91543886288028,208.0730442406796,210.96344280053225,0.44512227486989764,8.340510226647638,203.78546979164074,213.67239600014597,2.3824877469282253,-6.197811126708984,193.8147388922828,0
camera2_clip_20260609_183427_18983,26,219.90250508032247,219.23614040531677,219.90250508032247,216.22355122426487,212.0867956493163,216.22355122426487,79.98706789872236,78.30211903793436,148.96715730011724,146.1481621578454,24.50183305186514,24.274896720821125,11.672520604307119,10.969552827460436,24.50183305186514,24.274896720821125,-24.43590545654297,-24.24420166015625,219.23614040531677,212.0867956493163,146.1481621578454,24.274896720821125,219.01817266641876,153.7598607187239,-177.81668643724282,331.57654715596675,-116.64955901344815,94.48582531269328,217.48265828110453,229.1773853581877,229.1773853581877,224.40481185913086,102.8511791229248,213.84908454101281,153.7598607187239,-177.81668643724282,177.34729467308404,190.12023333467295,190.12023333467295,165.41070453201257,174.81032781698414,174.81032781698414,168.35478304620406,170.9675199947952,170.9675199947952,168.35478304620406,200.7632285009385,210.11519630677776,210.11519630677776,236.1668255962239,236.1668255962239,236.019227804813,239.59364196225397,0.19178224207205985,26.006443691509077,227.10516485666966,240.67795692585705,1.4114344790028428,-6.923439025878906,202.72300176358183,0
camera2_clip_20260609_183427_18983,27,123.7935317770267,131.86689063134685,131.86689063134685,122.10803581807829,128.3266533387674,128.3266533387674,80.88600510290286,77.23986496669188,151.8763136281132,147.3846206960604,24.638364009956256,24.5249092648609,11.71199645435974,11.076477512357675,24.638364009956256,24.5249092648609,-24.583213806152344,-24.518310546875,131.86689063134685,128.3266533387674,147.3846206960604,24.5249092648609,126.36370000595169,162.23363942206728,177.10452823659728,14.870888814529991,-118.28321938681528,8.473778703343385,120.7851578741586,131.3019305963324,131.3019305963324,223.11304473876953,106.57195472717285,118.15900325989813,162.23363942206728,177.10452823659728,106.71372026886314,116.743643562771,116.743643562771,104.58025765065194,113.29620320689288,113.29620320689288,167.95789877922564,169.8691845704708,169.8691845704708,167.95789877922564,107.89637696381071,114.43387833870639,114.43387833870639,131.3732609312071,131.3732609312071,129.70280448645929,132.00478169921206,0.10324288483996513,81.06391265205835,124.21183339938098,131.9936713730382,0.7968537407264494,-4.0998382568359375,118.48719000228385,0
camera2_clip_20260609_183427_18983,28,485.05753150526607,478.7606865080828,485.05753150526607,458.50828406218574,463.28819738170114,463.28819738170114,78.58025038259521,77.12210366890619,153.24030717986776,153.27366199273314,25.53847462700865,25.175159459896783,12.35444021241369,11.251706130265708,25.53847462700865,25.175159459896783,-25.533233642578125,-25.168853759765625,478.7606865080828,463.28819738170114,153.27366199273314,25.175159459896783,466.495252544029,165.48497474173163,174.00330269378074,8.518327952049106,-120.80640431274742,3.2513353196643493,454.3316792040553,459.0251366028827,459.0251366028827,223.53775024414062,121.51720428466797,448.53848574218296,165.48497474173163,174.00330269378074,435.4719995483374,439.1993734294465,439.1993734294465,426.4960571505684,434.62448325720885,434.62448325720885,169.28602249325806,171.88275187431833,171.88275187431833,169.28602249325806,439.72954826429617,442.4482402808428,442.4482402808428,481.0792540936687,481.0792540936687,479.97806239944384,480.77290516777447,0.1459934049377861,117.40600026363616,468.65771261874147,470.91895825303266,0.4353091487636572,-16.01531219482422,451.41176809957284,0
camera2_clip_20260609_183427_18983,29,0.0,0.0,0.0,0.0,0.0,0.0,0.0,0.0,0.0,0.0,0.0,0.0,0.0,0.0,0.0,0.0,nan,nan,0.0,0.0,0.0,0.0,0.0,0.0,0.0,0.0,0.0,-165.48497474173163,0.0,0.0,0.0,0.0,0.0,0.0,0.0,0.0,0.0,0.0,0.0,0.0,0.0,0.0,0.0,0.0,0.0,0.0,0.0,0.0,0.0,0.0,0.0,0.0,0.0,0.0,0.0,0.0,0.0,0.0,nan,0.0,0
camera2_clip_20260609_183427_18983,30,0.0,0.0,0.0,0.0,0.0,0.0,73.81838870903381,74.4941427867944,154.52696166118156,160.12617609470757,26.74146297504572,26.446946754030588,12.964514245886035,12.078355642799693,26.74146297504572,26.446946754030588,-26.671463012695312,-26.273040771484375,0.0,0.0,160.12617609470757,26.446946754030588,0.0,178.4042549626715,178.33200089946558,0.07225406320591787,-128.84068861395974,178.4042549626715,0.0,0.0,0.0,224.94957733154297,148.98894119262695,0.0,178.4042549626715,178.33200089946558,0.0,0.0,0.0,0.0,0.0,0.0,171.99679553172544,174.4397050539833,174.4397050539833,171.99679553172544,0.0,0.0,0.0,0.0,0.0,0.0,0.0,0.035276185205389006,145.66379270725366,0.0,0.0,0.6766318980587287,nan,0.0,0
camera2_clip_20260609_183427_18983,31,422.49306958397716,431.67131601032804,431.67131601032804,400.33020492069676,405.35218618458487,405.35218618458487,72.69977785762899,75.17514120604143,157.93265717407644,165.8270748891217,27.69184190618314,27.782238555993644,13.54409104511971,12.92246737168877,27.69184190618314,27.782238555993644,-27.502059936523438,-27.492263793945312,431.67131601032804,405.35218618458487,165.8270748891217,27.782238555993644,408.5789539024259,179.58722407716027,178.05052147871686,1.5367025984434122,-132.36704381654084,1.1829691144887704,396.5950084194347,395.0319382955339,396.5950084194347,225.0519790649414,161.70717239379883,381.5593032561496,179.58722407716027,178.05052147871686,380.9352363630422,380.50267049792916,380.9352363630422,393.1438205187052,389.93027578891997,393.1438205187052,171.94776664506915,174.48133172207562,174.48133172207562,171.94776664506915,367.7170324247762,367.9879990380804,367.9879990380804,420.29394937140205,420.29394937140205,419.7720705940536,418.79607024315476,0.08477548248572547,-8.487421534391247,412.04606101734225,408.4535923926989,1.0618529313963496,-14.213226318359375,394.3075631705007,0
camera2_clip_20260609_183427_18983,32,84.27686307425799,82.7628525613218,84.27686307425799,69.7153665175053,81.94413723046227,81.94413723046227,70.31014570229775,73.47077874993083,155.52710084157917,164.58965400351437,28.304303538397896,28.05886841144347,14.043151619250082,13.01076623904131,28.304303538397896,28.05886841144347,-28.040481567382812,-27.677978515625,82.7628525613218,81.94413723046227,164.58965400351437,28.05886841144347,80.70679929559105,177.04985959075577,177.91228899077893,0.86242940002316,-133.89220061365967,-2.537364486404499,77.77037812500738,87.77119826499161,87.77119826499161,223.59656524658203,163.70091247558594,74.05339969749058,177.04985959075577,177.91228899077893,68.62627733525342,74.8275102220563,74.8275102220563,74.6622165059014,83.55995058446183,83.55995058446183,171.47795766035085,174.39869608341843,174.39869608341843,171.47795766035085,62.819494312950525,68.13974804770153,68.13974804770153,88.6439386995473,88.6439386995473,90.25402808975726,91.16593003465132,0.10848199570785726,19.22500958328621,90.91820442364302,93.68228996493312,1.0173784732131048,-2.5782241821289062,76.40633273182262,0
camera2_clip_20260609_183427_18983,33,162.78655864404513,163.32318074391156,163.32318074391156,163.58195803723848,156.66344671523575,163.58195803723848,67.69470731159412,70.90337605048725,154.45889349646848,163.18691002195376,28.25395467686999,28.285059383840807,14.149206356588802,13.372481441512031,28.25395467686999,28.285059383840807,-27.838653564453125,-27.742843627929688,163.32318074391156,156.66344671523575,163.18691002195376,28.285059383840807,166.6546427753261,-179.28065074082235,-178.10272172777613,1.1779290130462243,-137.00443277420007,-356.3305103315781,180.75610708922989,172.81660542229585,180.75610708922989,221.09228897094727,168.38637924194336,159.38161322753734,-179.28065074082235,-178.10272172777613,145.4892416058449,150.04801552749865,150.04801552749865,152.31710875326323,169.54636317978685,169.54636317978685,171.57084572539202,174.87192132275518,174.87192132275518,171.57084572539202,144.06815380157764,140.0056744977253,144.06815380157764,181.64856795875485,181.64856795875485,183.0663703593264,182.03110655004605,0.11699312700075876,2.1227558772365818,186.55349982599404,182.12128629781503,1.1455649555161926,-5.0828857421875,158.45020116813774,0
camera2_clip_20260609_183427_18983,34,98.96209120098631,97.72403593744241,98.96209120098631,105.55347638882468,84.94712885048304,105.55347638882468,65.89203738903562,69.1183468747998,155.71681286855278,162.40494628031797,28.457774349911414,28.54426696720113,14.27467918125327,13.97871044121152,28.457774349911414,28.54426696720113,-27.814743041992188,-27.881759643554688,97.72403593744241,84.94712885048304,162.40494628031797,28.54426696720113,101.05275907046514,-174.90539170263582,-176.61573827957105,1.7103465769352226,-137.8583386911207,4.3752590381865275,117.34766190797092,101.78216013708347,117.34766190797092,219.2364959716797,171.36477279663086,105.27733013550989,-174.90539170263582,-176.61573827957105,110.1848388066295,111.9187717364418,111.9187717364418,125.67284749179296,123.77383727357594,125.67284749179296,172.51439610333964,174.49011639872242,174.49011639872242,172.51439610333964,105.3265853885974,97.81652144616602,105.3265853885974,123.76454063099976,123.76454063099976,126.66834479622099,123.96654997920396,0.20649355044656062,-14.013652520671831,128.10580128887062,119.0405742250511,1.512717784938772,-3.062896728515625,106.75082971383286,0
camera2_clip_20260609_183427_18983,35,72.22515710680095,39.47817505640897,72.22515710680095,80.94669180562089,51.14473168481804,80.94669180562089,64.29960340918807,65.80528156192238,155.7249405999951,159.85518426657873,28.565977530810766,27.874292257232096,14.113955654552862,13.631848704434029,28.565977530810766,27.874292257232096,-27.71978759765625,-26.986618041992188,39.47817505640897,51.14473168481804,159.85518426657873,27.874292257232096,67.38606962002011,-167.73393723063333,-174.30781803057542,6.5738807999420885,-139.0444564279863,7.171454472002495,86.11070345531739,74.4109586111544,86.11070345531739,218.04923248291016,173.52811431884766,74.03159474279369,-167.73393723063333,-174.30781803057542,86.29992365020328,75.98273692072961,86.29992365020328,109.27358819015416,80.62950659077175,109.27358819015416,172.6324697048763,173.82513111638423,173.82513111638423,172.6324697048763,70.86308378816153,65.436468828596,70.86308378816153,90.06651588612799,90.06651588612799,92.3181797909423,90.62626745731711,0.26269099079533687,-19.681136544167206,93.74875216100651,87.07589091654857,1.7815985474555434,-1.7889633178710938,74.40014380739474,0
camera2_clip_20260609_183427_18983,36,39.063460627307244,26.524673979629572,39.063460627307244,43.63644519611445,26.416701120201093,43.63644519611445,62.66236355803408,63.959875403688585,155.48959365574197,157.83963377640774,28.487010802899537,27.51394460422696,14.098566295367846,13.623415130206345,28.487010802899537,27.51394460422696,-27.452346801757812,-26.541839599609375,26.524673979629572,26.416701120201093,157.83963377640774,27.51394460422696,38.791676106702745,-156.32795273423838,-168.46786106226264,12.139908328024262,-139.71153009462114,11.40598449639495,55.406621534549906,41.70215418241421,55.406621534549906,217.39426040649414,174.8677749633789,44.73601632970388,-156.32795273423838,-168.46786106226264,35.481494088289395,40.8942100842465,40.8942100842465,56.34298935683612,62.855868197983014,62.855868197983014,175.26154289724238,174.83615763456575,174.83615763456575,175.26154289724238,44.785786816692905,38.28549857825056,44.785786816692905,50.94465886039513,50.94465886039513,52.668583093555185,48.42618873374478,0.42946197513875084,-18.440742582838645,56.452347469038365,44.17105771565663,2.296744565621585,-1.0579833984375,42.61632531354291,0
camera2_clip_20260609_183427_18983,37,12.89965734430007,20.27244095475376,20.27244095475376,18.606913061123382,19.87591966981589,19.87591966981589,62.891907088492424,63.58440279002667,157.67008509566597,157.3114471551007,28.014204263207763,26.99010090202214,13.71029139802221,13.581504394763448,28.014204263207763,26.99010090202214,-26.875534057617188,-26.04296875,20.27244095475376,19.87591966981589,157.3114471551007,26.99010090202214,16.970380073623478,-121.87611013998017,-142.92189815280932,21.04578801282915,-139.11397863743787,34.45184259425821,15.163136916456615,15.004212495291176,15.163136916456615,217.30704879760742,174.98031616210938,4.271328543049665,-121.87611013998017,-142.92189815280932,29.766411521002485,13.54863686039587,29.766411521002485,69.34522374939911,18.22014316596876,69.34522374939911,177.29546054762523,175.2331363486902,175.2331363486902,177.29546054762523,18.804109709549607,7.935578568294572,18.804109709549607,16.889427122401383,16.889427122401383,14.595796752278703,13.425027310853755,0.49274457639293945,-23.79711077249593,7.462505779911083,0.4426255160359421,2.542530996502978,0.4916229248046875,21.620198668029275,0
camera2_clip_20260609_183427_18983,38,35.492989354288106,40.94718705312376,40.94718705312376,28.61126910586757,42.043981942588886,42.043981942588886,63.24987057314188,63.59057837116735,159.1544916227228,157.21065725117697,27.93026356448541,26.84492062204985,13.43440458119839,13.614919653271834,27.93026356448541,26.84492062204985,-26.724807739257812,-25.92047119140625,40.94718705312376,42.043981942588886,157.21065725117697,26.84492062204985,36.19834594233971,-92.63903027387293,-77.32598910767572,15.313041166197209,-139.40138193020576,29.237079866107237,32.4668885955434,37.62775960262654,37.62775960262654,217.25113677978516,173.79610061645508,35.56604210585759,-92.63903027387293,-77.32598910767572,47.79236148515462,43.58238207787292,47.79236148515462,57.18729623419679,42.70014993115561,57.18729623419679,179.2612450625627,174.84675843201182,174.84675843201182,179.2612450625627,38.00866838028902,37.64651637224404,38.00866838028902,38.86723245205987,38.86723245205987,38.98803936553922,39.120787550843936,0.6174995510212139,-22.77211953514175,36.68871448195706,37.52938702726591,2.9850673747728336,1.2685089111328125,40.342287511245935,0
camera2_clip_20260609_183427_18983,39,51.762146353115924,76.32436762990274,76.32436762990274,53.44519852251926,57.80062239431183,57.80062239431183,64.19743304533453,63.27195722310671,158.7935683026613,157.45206981498038,27.94926169594245,26.297891879609484,13.457842615567397,13.007395355610475,27.94926169594245,26.297891879609484,-26.897018432617188,-25.304946899414062,76.32436762990274,57.80062239431183,157.45206981498038,26.297891879609484,59.19346356364081,-112.80954977512546,-137.32435304067334,24.514803265547883,-139.95249417741047,-20.170519501252528,58.02660698476722,57.801839497227874,58.02660698476722,217.35866928100586,171.69728469848633,63.047064536772915,-112.80954977512546,-137.32435304067334,66.72579252325876,73.20148202389875,73.20148202389875,75.2922545067051,87.39300624275464,87.39300624275464,178.77855791489338,176.25504368080792,176.25504368080792,178.77855791489338,67.81691243516474,70.38205240275785,70.38205240275785,65.40461529158195,65.40461529158195,66.76184076326429,65.00940433120728,0.5678047617452314,-18.614616829531506,64.40799935831626,60.863344862181336,2.7440240035102033,2.131195068359375,66.33102345969873,0
camera2_clip_20260609_183427_18983,40,73.67460598363945,49.62685161847467,73.67460598363945,78.03122354113087,49.84032013100049,78.03122354113087,65.40612276889773,66.65838020021086,158.9532348921792,161.16457117507116,28.116588094550934,26.943742308577725,13.559943347921052,13.00691163481163,28.116588094550934,26.943742308577725,-27.206207275390625,-26.100143432617188,49.62685161847467,49.84032013100049,161.16457117507116,26.943742308577725,68.24396018889634,-137.59593884338722,-159.21495535076292,21.619016507375704,-140.70439135529028,-24.786389068261755,85.13862770456528,73.15213215456727,85.13862770456528,217.75778579711914,168.89047241210938,85.05139789534279,-137.59593884338722,-159.21495535076292,97.34062325096963,95.72019693854769,97.34062325096963,117.54229478751232,104.30230328813826,117.54229478751232,177.7638936863488,177.24400537979184,177.24400537979184,177.7638936863488,93.2135813236874,89.80787239645828,93.2135813236874,83.35360966537533,83.35360966537533,85.28287811300906,82.61429962858357,0.536514491399649,-9.96087624405762,86.25695977097972,79.04446266201563,2.5149478142496395,2.0422592163085938,83.94921942655765,0
camera2_clip_20260609_183427_18983,41,63.03683394091922,73.16383103949131,73.16383103949131,80.45170860629408,71.90363142309715,80.45170860629408,65.73419646934609,66.72488439889952,157.8439354839288,160.23122599342773,28.61907313654139,26.98605937083076,14.03166711713507,12.802270451414188,28.61907313654139,26.98605937083076,-27.815414428710938,-26.1796875,73.16383103949131,71.90363142309715,160.23122599342773,26.98605937083076,75.00733760578309,-147.5262684835284,-163.32702356971612,15.800755086187706,-140.67509553264426,-9.930329640141196,84.23057178599835,77.25744883889844,84.23057178599835,218.88439559936523,166.41290283203125,81.65072322754361,-147.5262684835284,-163.32702356971612,84.59115278200682,89.65883352737174,89.65883352737174,95.3495598686358,101.06011715767427,101.06011715767427,177.65451210400903,177.58462537070744,177.58462537070744,177.65451210400903,83.88486276225962,81.77224987620883,83.88486276225962,84.66441283216672,84.66441283216672,86.58257335449674,83.34092915510735,0.41491604412359984,-4.110237073227197,88.35823023360282,79.31496653891692,2.1672323641472744,2.0380783081054688,82.19673346740463,0
camera2_clip_20260609_183427_18983,42,54.491111671687406,50.92800598401272,54.491111671687406,59.56026790877713,54.51332199654716,59.56026790877713,66.8989509161019,67.09580456182692,158.66469208251456,159.77666258848842,28.888058867188576,27.34988092416004,14.181660733479927,12.770049088482937,28.888058867188576,27.34988092416004,-28.168792724609375,-26.58123779296875,50.92800598401272,54.51332199654716,159.77666258848842,27.34988092416004,58.429677168215186,-157.49618796398397,-167.9714901468682,10.475302182884235,-141.64733586663942,-9.969919480455559,68.93945516261186,62.14590028565483,68.93945516261186,220.35431289672852,164.56573867797852,70.81952446744198,-157.49618796398397,-167.9714901468682,74.63178860507492,62.723282227491644,74.63178860507492,97.06516803921785,56.371641229703954,97.06516803921785,175.68470641328403,176.34772742728578,176.34772742728578,175.68470641328403,78.85800738235392,73.47451448580826,78.85800738235392,70.27546857561998,70.27546857561998,69.9968879864565,69.01462780745314,0.4142792984364809,1.979879421274671,68.1437878258597,65.97676996353877,2.167654892180246,1.3123855590820312,66.14187208157847,0
camera2_clip_20260609_183427_18983,43,68.08190044800291,71.94080112647927,71.94080112647927,69.99953194581084,73.15254811827059,73.15254811827059,67.55872472121258,67.90054152769456,159.16618584108772,159.1697344952104,28.81994930941139,27.112285320640176,14.233002838776367,12.346305977938663,28.81994930941139,27.112285320640176,-28.155715942382812,-26.440582275390625,71.94080112647927,73.15254811827059,159.1697344952104,27.112285320640176,72.7938326451309,-159.5624581084514,-168.22888289209962,8.66642478364821,-141.35047051078627,-2.0662701444674383,73.3539359826033,80.23427824961843,80.23427824961843,222.4079818725586,163.1249656677246,75.25984863409413,-159.5624581084514,-168.22888289209962,67.36630146819795,83.79733561223703,83.79733561223703,82.9826768126596,93.30638391402323,93.30638391402323,174.7897147151949,176.8356292829289,176.8356292829289,174.7897147151949,70.80374478435401,77.42008448012557,77.42008448012557,78.28035412903216,78.28035412903216,78.63995592944417,78.24970688714761,0.4056200271829338,3.4334152116404257,77.96214166788059,78.28276175014322,2.1984410412607533,1.581817626953125,76.03662691186524,0
camera2_clip_20260609_183427_18983,44,74.2789719280841,52.58151478954254,74.2789719280841,69.093929698126,64.90590089646466,69.093929698126,67.1875198979926,69.21195081278339,159.56499778061828,158.91062446538308,28.503074852313866,27.360619703908174,14.165254171173759,12.574667306150785,28.503074852313866,27.360619703908174,-27.792526245117188,-26.833099365234375,52.58151478954254,64.90590089646466,158.91062446538308,27.360619703908174,66.46334268492689,-89.83001302026335,-169.96232055665803,80.13230753639468,-140.9812687014396,69.73244508818806,62.573574421745185,75.34616437559882,75.34616437559882,224.1567611694336,161.742431640625,66.87799659634096,-89.83001302026335,-169.96232055665803,53.18809756819233,93.46089203215787,93.46089203215787,54.276171848904994,124.62571795256551,124.62571795256551,174.36764890573258,175.99653271614793,175.99653271614793,174.36764890573258,58.93710487557434,73.12240982282523,73.12240982282523,71.41553435772467,71.41553435772467,71.68649435611776,72.93104289590981,0.43338683196839634,-0.891675410716774,69.5427628267059,75.46939097998211,2.4251602373941545,1.4738082885742188,71.36587085081514,0
camera2_clip_20260609_183427_18983,45,60.18682880241825,59.95004116471118,60.18682880241825,57.59762101291169,64.45652353419133,64.45652353419133,68.0216600589026,69.45803356540073,160.98281183846754,158.61359291613007,28.524415112075555,27.425016226380706,14.170669469445214,12.671710090238104,28.524415112075555,27.425016226380706,-27.830673217773438,-26.935470581054688,59.95004116471118,64.45652353419133,158.61359291613007,27.425016226380706,61.75286910547598,-48.41864439778963,-72.00977015948658,23.59112576169695,-140.60167622303297,41.411368622473724,62.42283586218644,65.90336425643697,65.90336425643697,225.47384643554688,160.14668655395508,62.07257350762494,-48.41864439778963,-72.00977015948658,43.058130155133014,68.11202344555768,68.11202344555768,32.00157557018276,82.29232545571485,82.29232545571485,174.6322777269993,175.99558988242396,175.99558988242396,174.6322777269993,58.17740453549175,61.89636545861837,61.89636545861837,63.544810528809336,63.544810528809336,65.4142861169178,63.68753433522004,0.352316081838467,-1.4493370618521486,68.30032139478249,64.45537407104659,2.240291859538605,1.5770721435546875,59.67125327112953,0
camera2_clip_20260609_183427_18983,46,78.30513913281403,70.26350720129804,78.30513913281403,64.36720076920506,69.93912985947318,69.93912985947318,68.56932185919926,70.08428686730684,162.24527299555814,160.13074172273593,28.089489008934553,27.40237459135886,13.735504070661557,12.703266504542556,28.089489008934553,27.40237459135886,-27.385452270507812,-26.9124755859375,70.26350720129804,69.93912985947318,160.13074172273593,27.40237459135886,69.62931113430224,-52.87803580879428,-54.85151932737952,1.9734835185852404,-140.39909610370756,-4.459391411004653,65.30099591300315,69.59989393001995,69.59989393001995,226.19328689575195,158.14448928833008,63.82593218771418,-52.87803580879428,-54.85151932737952,54.99122935646368,55.58428920670606,55.58428920670606,61.246531001338866,61.127682172176804,61.246531001338866,173.75404370914933,175.5368058915733,175.5368058915733,173.75404370914933,60.0930160751351,61.45245143831685,61.45245143831685,61.03349791543679,61.03349791543679,59.4983103755568,61.0122531478232,0.37743802241823227,-8.485524574057681,59.982860263679655,63.587068990038226,2.2897147671911635,2.4092941284179688,64.35592217132924,0
camera2_clip_20260609_183427_18983,47,99.31915323817556,95.46368532557108,99.31915323817556,89.18236614890088,96.55253816549761,96.55253816549761,66.91519016323907,70.2125259295278,160.65422875818234,161.7406169106536,27.294385530366394,26.896365669610045,13.397138742310759,12.733654435993698,27.294385530366394,26.896365669610045,-26.514785766601562,-26.378921508789062,95.46368532557108,96.55253816549761,161.7406169106536,26.896365669610045,88.85006607066528,-62.21528558005892,-60.99238715653679,1.2228984235221247,-140.28097484196442,-9.337249771264638,73.1393251520794,79.44332839376716,79.44332839376716,226.2133560180664,155.69278717041016,73.55352772107639,-62.21528558005892,-60.99238715653679,77.69093019168295,79.1710833990362,79.1710833990362,90.43059776171918,93.9067851440507,93.9067851440507,175.6674713922254,177.6224076748103,177.6224076748103,175.6674713922254,69.98344898615296,71.79714611841412,71.79714611841412,75.01065855499841,75.01065855499841,74.23631541809594,76.07979441573264,0.38815068549292664,-17.600855625631525,72.67910903456276,77.80585590885106,2.2921204423391814,3.2444229125976562,84.67336566875399,0
camera2_clip_20260609_183427_18983,48,85.50844500995231,85.28269142322029,85.50844500995231,88.6021481140097,92.94311794312617,92.94311794312617,65.30024993481545,68.57871450973032,158.80048430111682,162.10522866165292,27.056293385154873,26.7816906467543,13.502636019726786,12.913444681897555,27.056293385154873,26.7816906467543,-26.2176513671875,-26.105636596679688,85.28269142322029,92.94311794312617,162.10522866165292,26.7816906467543,85.60946253325949,-127.64115150990955,-159.2788603971952,31.63770888728564,-140.22366627607727,-65.42586592985063,77.69685668457241,83.62351602467601,83.62351602467601,225.46805572509766,153.25221633911133,76.55503026161874,-127.64115150990955,-159.2788603971952,79.51134872684246,106.27456792469309,106.27456792469309,84.22779255929821,136.3715168026142,136.3715168026142,174.48795681472384,177.32869942940417,177.32869942940417,174.48795681472384,69.82213202356104,77.14769181316682,77.14769181316682,80.17615863827972,80.17615863827972,77.49907380573156,78.07007239744861,0.32263395833397307,-20.40793379486755,73.36715891175093,77.035520898518,1.9570414451635274,2.8212738037109375,88.91765208747772,0
camera2_clip_20260609_183427_18983,49,89.08723764865198,249.44907054038904,249.44907054038904,87.47343563260412,182.18239907894005,182.18239907894005,63.35431961703524,66.4739326975041,155.82230873953444,158.58830595502698,26.900059306216193,21.958514217361085,13.563850876426773,10.626940341378964,26.900059306216193,21.958514217361085,-26.01629638671875,-21.365158081054688,249.44907054038904,182.18239907894005,158.58830595502698,21.958514217361085,134.2057338837469,-123.98527941334866,-148.52305337507127,24.537773961722607,-140.1817246889159,3.655872096560884,86.68872678809534,110.3535336138008,110.3535336138008,223.51884078979492,150.5816993713379,99.18664106247257,-123.98527941334866,-148.52305337507127,110.26189461508406,105.24784392589886,110.26189461508406,132.34817031395326,112.50537774617565,132.34817031395326,174.3057462173265,177.37533223829126,177.37533223829126,174.3057462173265,95.40299384860958,104.31454372459658,104.31454372459658,89.68850299479664,89.68850299479664,88.73087838043406,89.21103096714339,0.29209544236401597,-21.185570690094973,86.87145326363225,92.65636068578436,1.7372037994710248,5.131538391113281,122.10960228973327,0
camera2_clip_20260609_183427_18983,50,198.31630159609273,379.0242648941578,379.0242648941578,187.39937210919936,293.9288252406343,293.9288252406343,60.04970719918229,65.6962316995494,151.03298234817035,152.57266659300006,25.56700936978737,15.43198137329731,13.363463782062837,7.755479495208935,25.56700936978737,15.43198137329731,-24.662384033203125,-15.152603149414062,379.0242648941578,293.9288252406343,152.57266659300006,15.43198137329731,236.04842480514955,-128.34855356306568,-150.6388578971205,22.29030433405481,-140.02634252897872,-4.363274149717014,165.76499896593853,191.85678602487465,191.85678602487465,219.34896087646484,146.4597625732422,175.89893494043733,-128.34855356306568,-150.6388578971205,171.36771721837653,199.87187383549062,199.87187383549062,184.3312013014473,219.58141802060234,219.58141802060234,174.8438979726312,177.39920862184044,177.39920862184044,174.8438979726312,165.50127357058625,180.51411135078723,180.51411135078723,171.34910402113823,171.34910402113823,169.48643877285676,169.163693466043,0.3407953784014157,-23.064861417435665,166.17150736734988,169.79379039022817,1.7388828771445297,7.988868713378906,211.45484534401567,0
camera2_clip_20260609_183427_18983,51,258.67299171473206,305.7675270930304,305.7675270930304,250.34496316740575,304.6319276811324,304.6319276811324,58.64690640338972,61.8937277147058,150.3148409564109,150.14848561869854,25.03653861730188,14.14784302002658,12.866794964683931,7.5298143162344235,25.03653861730188,14.14784302002658,-23.992019653320312,-13.799301147460938,305.7675270930304,304.6319276811324,150.14848561869854,14.14784302002658,275.3293254873224,-133.76414843989386,-154.55843177403935,20.79428333414549,-140.1313195459417,-5.41559487682818,252.33076107016944,280.2277821974645,280.2277821974645,212.98579025268555,140.25546264648438,266.6176103929471,-133.76414843989386,-154.55843177403935,270.18329451886643,289.44156963373484,289.44156963373484,274.0466572307313,296.5087915822575,296.5087915822575,174.60016318181738,177.3027476162374,177.3027476162374,174.60016318181738,258.60542170847555,275.40807229114665,275.40807229114665,260.5591444843778,260.5591444843778,258.63766202616927,259.76134577866407,0.32725172333982117,-29.059274781429917,255.53091363885923,263.7389456170702,1.6063209590639085,7.194068908691406,276.3474799907622,0
camera2_clip_20260609_183427_18983,52,115.92938416288969,207.09204447046758,207.09204447046758,115.02246558293662,166.69269497714956,166.69269497714956,58.36270365599309,58.464872594109174,149.9519554442754,142.97130284356462,24.84977801059848,11.186246955209318,12.841777546817317,6.142148581001147,24.84977801059848,11.186246955209318,-23.809066772460938,-10.932540893554688,207.09204447046758,166.69269497714956,142.97130284356462,11.186246955209318,140.48233931456485,-134.67322823122927,-154.96663818862308,20.293409957393806,-139.8867465668082,-0.9090797913354152,111.29206573574226,126.86538095820346,126.86538095820346,210.0350341796875,137.6332778930664,118.42522051933557,-134.67322823122927,-154.96663818862308,127.02440785437135,138.0228613163338,138.0228613163338,129.14594983450684,145.14092629638938,145.14092629638938,173.27309197968574,176.5020008735091,176.5020008735091,173.27309197968574,113.0561398966847,122.54219799176921,122.54219799176921,115.0910213006817,115.0910213006817,114.23139219179362,114.69525986686172,0.3052736800522918,-30.523190911714025,113.26492062679006,117.1316126423211,1.5004902982248243,4.1960601806640625,134.81887658978704,0
camera2_clip_20260609_183427_18983,53,183.88719159338729,335.850600522435,335.850600522435,171.613767412132,268.2850556711261,268.2850556711261,58.10332981517934,50.38832885477868,149.32244924047598,120.66176923297891,24.146549560076007,6.154890698100555,12.337677407747282,4.163156760078881,24.146549560076007,6.154890698100555,-23.117706298828125,-6.139656066894531,335.850600522435,268.2850556711261,120.66176923297891,6.154890698100555,219.00760713722764,-128.53410722111502,-149.5572528522576,21.02314563114257,-140.11637524756057,6.139121010114252,166.7955054167169,187.6135222075687,187.6135222075687,205.64343643188477,133.53494834899902,180.20597173027716,-128.53410722111502,-149.5572528522576,184.48572633429464,153.6587488690648,184.48572633429464,190.78547411445825,120.3680470076929,190.78547411445825,173.56297096789223,175.64855404319454,175.64855404319454,173.56297096789223,183.00548853265033,183.81008950166918,183.81008950166918,168.0774417271601,168.0774417271601,169.05397942560643,168.86822080126453,0.32269851660872273,-30.494940681595093,169.5427151751034,171.7582328638015,1.5300191351385877,6.740234375,194.17993476526635,0
camera2_clip_20260609_183427_18983,54,0.0,0.0,0.0,0.0,0.0,0.0,0.0,0.0,0.0,0.0,0.0,0.0,0.0,0.0,0.0,0.0,nan,nan,0.0,0.0,0.0,0.0,0.0,0.0,0.0,0.0,0.0,128.53410722111502,0.0,0.0,0.0,0.0,0.0,0.0,0.0,0.0,0.0,0.0,0.0,0.0,0.0,0.0,0.0,0.0,0.0,0.0,0.0,0.0,0.0,0.0,0.0,0.0,0.0,0.0,0.0,0.0,0.0,0.0,nan,0.0,0
camera2_clip_20260609_183427_18983,55,0.0,0.0,0.0,0.0,0.0,0.0,0.0,0.0,0.0,0.0,0.0,0.0,0.0,0.0,0.0,0.0,nan,nan,0.0,0.0,0.0,0.0,0.0,0.0,0.0,0.0,0.0,0.0,0.0,0.0,0.0,0.0,0.0,0.0,0.0,0.0,0.0,0.0,0.0,0.0,0.0,0.0,0.0,0.0,0.0,0.0,0.0,0.0,0.0,0.0,0.0,0.0,0.0,0.0,0.0,0.0,0.0,0.0,nan,0.0,0
camera2_clip_20260609_183427_18983,56,0.0,0.0,0.0,0.0,0.0,0.0,0.0,0.0,0.0,0.0,0.0,0.0,0.0,0.0,0.0,0.0,nan,nan,0.0,0.0,0.0,0.0,0.0,0.0,0.0,0.0,0.0,0.0,0.0,0.0,0.0,0.0,0.0,0.0,0.0,0.0,0.0,0.0,0.0,0.0,0.0,0.0,0.0,0.0,0.0,0.0,0.0,0.0,0.0,0.0,0.0,0.0,0.0,0.0,0.0,0.0,0.0,0.0,nan,0.0,0
camera2_clip_20260609_183427_18983,57,0.0,0.0,0.0,0.0,0.0,0.0,0.0,0.0,0.0,0.0,0.0,0.0,0.0,0.0,0.0,0.0,nan,nan,0.0,0.0,0.0,0.0,0.0,0.0,0.0,0.0,0.0,0.0,0.0,0.0,0.0,0.0,0.0,0.0,0.0,0.0,0.0,0.0,0.0,0.0,0.0,0.0,0.0,0.0,0.0,0.0,0.0,0.0,0.0,0.0,0.0,0.0,0.0,0.0,0.0,0.0,0.0,0.0,nan,0.0,0
camera2_clip_20260609_183427_18983,58,0.0,0.0,0.0,0.0,0.0,0.0,0.0,0.0,0.0,0.0,0.0,0.0,0.0,0.0,0.0,0.0,nan,nan,0.0,0.0,0.0,0.0,0.0,0.0,0.0,0.0,0.0,0.0,0.0,0.0,0.0,0.0,0.0,0.0,0.0,0.0,0.0,0.0,0.0,0.0,0.0,0.0,0.0,0.0,0.0,0.0,0.0,0.0,0.0,0.0,0.0,0.0,0.0,0.0,0.0,0.0,0.0,0.0,nan,0.0,0
camera2_clip_20260609_183427_18983,59,0.0,0.0,0.0,0.0,0.0,0.0,0.0,0.0,0.0,0.0,0.0,0.0,0.0,0.0,0.0,0.0,nan,nan,0.0,0.0,0.0,0.0,0.0,0.0,0.0,0.0,0.0,0.0,0.0,0.0,0.0,0.0,0.0,0.0,0.0,0.0,0.0,0.0,0.0,0.0,0.0,0.0,0.0,0.0,0.0,0.0,0.0,0.0,0.0,0.0,0.0,0.0,0.0,0.0,0.0,0.0,0.0,0.0,nan,0.0,0
camera2_clip_20260609_183427_18983,60,0.0,0.0,0.0,0.0,0.0,0.0,0.0,0.0,0.0,0.0,0.0,0.0,0.0,0.0,0.0,0.0,nan,nan,0.0,0.0,0.0,0.0,0.0,0.0,0.0,0.0,0.0,0.0,0.0,0.0,0.0,0.0,0.0,0.0,0.0,0.0,0.0,0.0,0.0,0.0,0.0,0.0,0.0,0.0,0.0,0.0,0.0,0.0,0.0,0.0,0.0,0.0,0.0,0.0,0.0,0.0,0.0,0.0,nan,0.0,0
camera2_clip_20260609_183427_18983,61,0.0,0.0,0.0,0.0,0.0,0.0,0.0,0.0,0.0,0.0,0.0,0.0,0.0,0.0,0.0,0.0,nan,nan,0.0,0.0,0.0,0.0,0.0,0.0,0.0,0.0,0.0,0.0,0.0,0.0,0.0,0.0,0.0,0.0,0.0,0.0,0.0,0.0,0.0,0.0,0.0,0.0,0.0,0.0,0.0,0.0,0.0,0.0,0.0,0.0,0.0,0.0,0.0,0.0,0.0,0.0,0.0,0.0,nan,0.0,0
camera2_clip_20260609_183427_18983,62,0.0,0.0,0.0,0.0,0.0,0.0,0.0,0.0,0.0,0.0,0.0,0.0,0.0,0.0,0.0,0.0,nan,nan,0.0,0.0,0.0,0.0,0.0,0.0,0.0,0.0,0.0,0.0,0.0,0.0,0.0,0.0,0.0,0.0,0.0,0.0,0.0,0.0,0.0,0.0,0.0,0.0,0.0,0.0,0.0,0.0,0.0,0.0,0.0,0.0,0.0,0.0,0.0,0.0,0.0,0.0,0.0,0.0,nan,0.0,0
camera2_clip_20260609_183427_18983,63,0.0,0.0,0.0,0.0,0.0,0.0,0.0,0.0,0.0,0.0,0.0,0.0,0.0,0.0,0.0,0.0,nan,nan,0.0,0.0,0.0,0.0,0.0,0.0,0.0,0.0,0.0,0.0,0.0,0.0,0.0,0.0,0.0,0.0,0.0,0.0,0.0,0.0,0.0,0.0,0.0,0.0,0.0,0.0,0.0,0.0,0.0,0.0,0.0,0.0,0.0,0.0,0.0,0.0,0.0,0.0,0.0,0.0,nan,0.0,0
camera2_clip_20260609_183427_18983,64,0.0,0.0,0.0,0.0,0.0,0.0,0.0,0.0,0.0,0.0,0.0,0.0,0.0,0.0,0.0,0.0,nan,nan,0.0,0.0,0.0,0.0,0.0,0.0,0.0,0.0,0.0,0.0,0.0,0.0,0.0,0.0,0.0,0.0,0.0,0.0,0.0,0.0,0.0,0.0,0.0,0.0,0.0,0.0,0.0,0.0,0.0,0.0,0.0,0.0,0.0,0.0,0.0,0.0,0.0,0.0,0.0,0.0,nan,0.0,0
camera2_clip_20260609_183427_18983,65,0.0,0.0,0.0,0.0,0.0,0.0,0.0,0.0,0.0,0.0,0.0,0.0,0.0,0.0,0.0,0.0,nan,nan,0.0,0.0,0.0,0.0,0.0,0.0,0.0,0.0,0.0,0.0,0.0,0.0,0.0,0.0,0.0,0.0,0.0,0.0,0.0,0.0,0.0,0.0,0.0,0.0,0.0,0.0,0.0,0.0,0.0,0.0,0.0,0.0,0.0,0.0,0.0,0.0,0.0,0.0,0.0,0.0,nan,0.0,0
camera2_clip_20260609_183427_18983,66,0.0,0.0,0.0,0.0,0.0,0.0,0.0,0.0,0.0,0.0,0.0,0.0,0.0,0.0,0.0,0.0,nan,nan,0.0,0.0,0.0,0.0,0.0,0.0,0.0,0.0,0.0,0.0,0.0,0.0,0.0,0.0,0.0,0.0,0.0,0.0,0.0,0.0,0.0,0.0,0.0,0.0,0.0,0.0,0.0,0.0,0.0,0.0,0.0,0.0,0.0,0.0,0.0,0.0,0.0,0.0,0.0,0.0,nan,0.0,0
camera2_clip_20260609_183427_18983,67,0.0,0.0,0.0,0.0,0.0,0.0,0.0,0.0,0.0,0.0,0.0,0.0,0.0,0.0,0.0,0.0,nan,nan,0.0,0.0,0.0,0.0,0.0,0.0,0.0,0.0,0.0,0.0,0.0,0.0,0.0,0.0,0.0,0.0,0.0,0.0,0.0,0.0,0.0,0.0,0.0,0.0,0.0,0.0,0.0,0.0,0.0,0.0,0.0,0.0,0.0,0.0,0.0,0.0,0.0,0.0,0.0,0.0,nan,0.0,0
camera2_clip_20260609_183427_18983,68,0.0,0.0,0.0,0.0,0.0,0.0,0.0,0.0,0.0,0.0,0.0,0.0,0.0,0.0,0.0,0.0,nan,nan,0.0,0.0,0.0,0.0,0.0,0.0,0.0,0.0,0.0,0.0,0.0,0.0,0.0,0.0,0.0,0.0,0.0,0.0,0.0,0.0,0.0,0.0,0.0,0.0,0.0,0.0,0.0,0.0,0.0,0.0,0.0,0.0,0.0,0.0,0.0,0.0,0.0,0.0,0.0,0.0,nan,0.0,0
camera2_clip_20260609_183427_18983,69,0.0,0.0,0.0,0.0,0.0,0.0,0.0,0.0,0.0,0.0,0.0,0.0,0.0,0.0,0.0,0.0,nan,nan,0.0,0.0,0.0,0.0,0.0,0.0,0.0,0.0,0.0,0.0,0.0,0.0,0.0,0.0,0.0,0.0,0.0,0.0,0.0,0.0,0.0,0.0,0.0,0.0,0.0,0.0,0.0,0.0,0.0,0.0,0.0,0.0,0.0,0.0,0.0,0.0,0.0,0.0,0.0,0.0,nan,0.0,0
camera2_clip_20260609_183427_18983,70,0.0,0.0,0.0,0.0,0.0,0.0,0.0,0.0,0.0,0.0,0.0,0.0,0.0,0.0,0.0,0.0,nan,nan,0.0,0.0,0.0,0.0,0.0,0.0,0.0,0.0,0.0,0.0,0.0,0.0,0.0,0.0,0.0,0.0,0.0,0.0,0.0,0.0,0.0,0.0,0.0,0.0,0.0,0.0,0.0,0.0,0.0,0.0,0.0,0.0,0.0,0.0,0.0,0.0,0.0,0.0,0.0,0.0,nan,0.0,0
camera2_clip_20260609_183427_18983,71,0.0,0.0,0.0,0.0,0.0,0.0,0.0,0.0,0.0,0.0,0.0,0.0,0.0,0.0,0.0,0.0,nan,nan,0.0,0.0,0.0,0.0,0.0,0.0,0.0,0.0,0.0,0.0,0.0,0.0,0.0,0.0,0.0,0.0,0.0,0.0,0.0,0.0,0.0,0.0,0.0,0.0,0.0,0.0,0.0,0.0,0.0,0.0,0.0,0.0,0.0,0.0,0.0,0.0,0.0,0.0,0.0,0.0,nan,0.0,0
camera2_clip_20260609_183427_18983,72,0.0,0.0,0.0,0.0,0.0,0.0,0.0,0.0,0.0,0.0,0.0,0.0,0.0,0.0,0.0,0.0,nan,nan,0.0,0.0,0.0,0.0,0.0,0.0,0.0,0.0,0.0,0.0,0.0,0.0,0.0,0.0,0.0,0.0,0.0,0.0,0.0,0.0,0.0,0.0,0.0,0.0,0.0,0.0,0.0,0.0,0.0,0.0,0.0,0.0,0.0,0.0,0.0,0.0,0.0,0.0,0.0,0.0,nan,0.0,0
camera2_clip_20260609_183427_18983,73,0.0,0.0,0.0,0.0,0.0,0.0,0.0,0.0,0.0,0.0,0.0,0.0,0.0,0.0,0.0,0.0,nan,nan,0.0,0.0,0.0,0.0,0.0,0.0,0.0,0.0,0.0,0.0,0.0,0.0,0.0,0.0,0.0,0.0,0.0,0.0,0.0,0.0,0.0,0.0,0.0,0.0,0.0,0.0,0.0,0.0,0.0,0.0,0.0,0.0,0.0,0.0,0.0,0.0,0.0,0.0,0.0,0.0,nan,0.0,0
camera2_clip_20260609_183427_18983,74,0.0,0.0,0.0,0.0,0.0,0.0,0.0,0.0,0.0,0.0,0.0,0.0,0.0,0.0,0.0,0.0,nan,nan,0.0,0.0,0.0,0.0,0.0,0.0,0.0,0.0,0.0,0.0,0.0,0.0,0.0,0.0,0.0,0.0,0.0,0.0,0.0,0.0,0.0,0.0,0.0,0.0,0.0,0.0,0.0,0.0,0.0,0.0,0.0,0.0,0.0,0.0,0.0,0.0,0.0,0.0,0.0,0.0,nan,0.0,0
camera2_clip_20260609_183427_18983,75,0.0,0.0,0.0,0.0,0.0,0.0,0.0,0.0,0.0,0.0,0.0,0.0,0.0,0.0,0.0,0.0,nan,nan,0.0,0.0,0.0,0.0,0.0,0.0,0.0,0.0,0.0,0.0,0.0,0.0,0.0,0.0,0.0,0.0,0.0,0.0,0.0,0.0,0.0,0.0,0.0,0.0,0.0,0.0,0.0,0.0,0.0,0.0,0.0,0.0,0.0,0.0,0.0,0.0,0.0,0.0,0.0,0.0,nan,0.0,0
camera2_clip_20260609_183427_18983,76,0.0,0.0,0.0,0.0,0.0,0.0,0.0,0.0,0.0,0.0,0.0,0.0,0.0,0.0,0.0,0.0,nan,nan,0.0,0.0,0.0,0.0,0.0,0.0,0.0,0.0,0.0,0.0,0.0,0.0,0.0,0.0,0.0,0.0,0.0,0.0,0.0,0.0,0.0,0.0,0.0,0.0,0.0,0.0,0.0,0.0,0.0,0.0,0.0,0.0,0.0,0.0,0.0,0.0,0.0,0.0,0.0,0.0,nan,0.0,0
camera2_clip_20260609_183427_18983,77,0.0,0.0,0.0,0.0,0.0,0.0,0.0,0.0,0.0,0.0,0.0,0.0,0.0,0.0,0.0,0.0,nan,nan,0.0,0.0,0.0,0.0,0.0,0.0,0.0,0.0,0.0,0.0,0.0,0.0,0.0,0.0,0.0,0.0,0.0,0.0,0.0,0.0,0.0,0.0,0.0,0.0,0.0,0.0,0.0,0.0,0.0,0.0,0.0,0.0,0.0,0.0,0.0,0.0,0.0,0.0,0.0,0.0,nan,0.0,0
camera2_clip_20260609_183427_18983,78,0.0,0.0,0.0,0.0,0.0,0.0,0.0,0.0,0.0,0.0,0.0,0.0,0.0,0.0,0.0,0.0,nan,nan,0.0,0.0,0.0,0.0,0.0,0.0,0.0,0.0,0.0,0.0,0.0,0.0,0.0,0.0,0.0,0.0,0.0,0.0,0.0,0.0,0.0,0.0,0.0,0.0,0.0,0.0,0.0,0.0,0.0,0.0,0.0,0.0,0.0,0.0,0.0,0.0,0.0,0.0,0.0,0.0,nan,0.0,0
camera2_clip_20260609_183427_18983,79,0.0,0.0,0.0,0.0,0.0,0.0,0.0,0.0,0.0,0.0,0.0,0.0,0.0,0.0,0.0,0.0,nan,nan,0.0,0.0,0.0,0.0,0.0,0.0,0.0,0.0,0.0,0.0,0.0,0.0,0.0,0.0,0.0,0.0,0.0,0.0,0.0,0.0,0.0,0.0,0.0,0.0,0.0,0.0,0.0,0.0,0.0,0.0,0.0,0.0,0.0,0.0,0.0,0.0,0.0,0.0,0.0,0.0,nan,0.0,0
camera2_clip_20260609_183427_18983,80,0.0,0.0,0.0,0.0,0.0,0.0,0.0,0.0,0.0,0.0,0.0,0.0,0.0,0.0,0.0,0.0,nan,nan,0.0,0.0,0.0,0.0,0.0,0.0,0.0,0.0,0.0,0.0,0.0,0.0,0.0,0.0,0.0,0.0,0.0,0.0,0.0,0.0,0.0,0.0,0.0,0.0,0.0,0.0,0.0,0.0,0.0,0.0,0.0,0.0,0.0,0.0,0.0,0.0,0.0,0.0,0.0,0.0,nan,0.0,0
camera2_clip_20260609_183427_18983,81,0.0,0.0,0.0,0.0,0.0,0.0,0.0,0.0,0.0,0.0,0.0,0.0,0.0,0.0,0.0,0.0,nan,nan,0.0,0.0,0.0,0.0,0.0,0.0,0.0,0.0,0.0,0.0,0.0,0.0,0.0,0.0,0.0,0.0,0.0,0.0,0.0,0.0,0.0,0.0,0.0,0.0,0.0,0.0,0.0,0.0,0.0,0.0,0.0,0.0,0.0,0.0,0.0,0.0,0.0,0.0,0.0,0.0,nan,0.0,0
camera2_clip_20260609_183427_18983,82,0.0,0.0,0.0,0.0,0.0,0.0,0.0,0.0,0.0,0.0,0.0,0.0,0.0,0.0,0.0,0.0,nan,nan,0.0,0.0,0.0,0.0,0.0,0.0,0.0,0.0,0.0,0.0,0.0,0.0,0.0,0.0,0.0,0.0,0.0,0.0,0.0,0.0,0.0,0.0,0.0,0.0,0.0,0.0,0.0,0.0,0.0,0.0,0.0,0.0,0.0,0.0,0.0,0.0,0.0,0.0,0.0,0.0,nan,0.0,0
camera2_clip_20260609_183427_18983,83,0.0,0.0,0.0,0.0,0.0,0.0,0.0,0.0,0.0,0.0,0.0,0.0,0.0,0.0,0.0,0.0,nan,nan,0.0,0.0,0.0,0.0,0.0,0.0,0.0,0.0,0.0,0.0,0.0,0.0,0.0,0.0,0.0,0.0,0.0,0.0,0.0,0.0,0.0,0.0,0.0,0.0,0.0,0.0,0.0,0.0,0.0,0.0,0.0,0.0,0.0,0.0,0.0,0.0,0.0,0.0,0.0,0.0,nan,0.0,0
camera2_clip_20260609_183427_18983,84,0.0,0.0,0.0,0.0,0.0,0.0,0.0,0.0,0.0,0.0,0.0,0.0,0.0,0.0,0.0,0.0,nan,nan,0.0,0.0,0.0,0.0,0.0,0.0,0.0,0.0,0.0,0.0,0.0,0.0,0.0,0.0,0.0,0.0,0.0,0.0,0.0,0.0,0.0,0.0,0.0,0.0,0.0,0.0,0.0,0.0,0.0,0.0,0.0,0.0,0.0,0.0,0.0,0.0,0.0,0.0,0.0,0.0,nan,0.0,0
camera2_clip_20260609_183427_18983,85,0.0,0.0,0.0,0.0,0.0,0.0,0.0,0.0,0.0,0.0,0.0,0.0,0.0,0.0,0.0,0.0,nan,nan,0.0,0.0,0.0,0.0,0.0,0.0,0.0,0.0,0.0,0.0,0.0,0.0,0.0,0.0,0.0,0.0,0.0,0.0,0.0,0.0,0.0,0.0,0.0,0.0,0.0,0.0,0.0,0.0,0.0,0.0,0.0,0.0,0.0,0.0,0.0,0.0,0.0,0.0,0.0,0.0,nan,0.0,0
camera2_clip_20260609_183427_18983,86,0.0,0.0,0.0,0.0,0.0,0.0,0.0,0.0,0.0,0.0,0.0,0.0,0.0,0.0,0.0,0.0,nan,nan,0.0,0.0,0.0,0.0,0.0,0.0,0.0,0.0,0.0,0.0,0.0,0.0,0.0,0.0,0.0,0.0,0.0,0.0,0.0,0.0,0.0,0.0,0.0,0.0,0.0,0.0,0.0,0.0,0.0,0.0,0.0,0.0,0.0,0.0,0.0,0.0,0.0,0.0,0.0,0.0,nan,0.0,0
camera2_clip_20260609_183427_18983,87,0.0,0.0,0.0,0.0,0.0,0.0,0.0,0.0,0.0,0.0,0.0,0.0,0.0,0.0,0.0,0.0,nan,nan,0.0,0.0,0.0,0.0,0.0,0.0,0.0,0.0,0.0,0.0,0.0,0.0,0.0,0.0,0.0,0.0,0.0,0.0,0.0,0.0,0.0,0.0,0.0,0.0,0.0,0.0,0.0,0.0,0.0,0.0,0.0,0.0,0.0,0.0,0.0,0.0,0.0,0.0,0.0,0.0,nan,0.0,0
camera2_clip_20260609_183427_18983,88,0.0,0.0,0.0,0.0,0.0,0.0,0.0,0.0,0.0,0.0,0.0,0.0,0.0,0.0,0.0,0.0,nan,nan,0.0,0.0,0.0,0.0,0.0,0.0,0.0,0.0,0.0,0.0,0.0,0.0,0.0,0.0,0.0,0.0,0.0,0.0,0.0,0.0,0.0,0.0,0.0,0.0,0.0,0.0,0.0,0.0,0.0,0.0,0.0,0.0,0.0,0.0,0.0,0.0,0.0,0.0,0.0,0.0,nan,0.0,0
camera2_clip_20260609_183427_18983,89,0.0,0.0,0.0,0.0,0.0,0.0,0.0,0.0,0.0,0.0,0.0,0.0,0.0,0.0,0.0,0.0,nan,nan,0.0,0.0,0.0,0.0,0.0,0.0,0.0,0.0,0.0,0.0,0.0,0.0,0.0,0.0,0.0,0.0,0.0,0.0,0.0,0.0,0.0,0.0,0.0,0.0,0.0,0.0,0.0,0.0,0.0,0.0,0.0,0.0,0.0,0.0,0.0,0.0,0.0,0.0,0.0,0.0,nan,0.0,0
camera2_clip_20260609_183427_18983,90,0.0,0.0,0.0,0.0,0.0,0.0,0.0,0.0,0.0,0.0,0.0,0.0,0.0,0.0,0.0,0.0,nan,nan,0.0,0.0,0.0,0.0,0.0,0.0,0.0,0.0,0.0,0.0,0.0,0.0,0.0,0.0,0.0,0.0,0.0,0.0,0.0,0.0,0.0,0.0,0.0,0.0,0.0,0.0,0.0,0.0,0.0,0.0,0.0,0.0,0.0,0.0,0.0,0.0,0.0,0.0,0.0,0.0,nan,0.0,0
camera2_clip_20260609_183427_18983,91,0.0,0.0,0.0,0.0,0.0,0.0,0.0,0.0,0.0,0.0,0.0,0.0,0.0,0.0,0.0,0.0,nan,nan,0.0,0.0,0.0,0.0,0.0,0.0,0.0,0.0,0.0,0.0,0.0,0.0,0.0,0.0,0.0,0.0,0.0,0.0,0.0,0.0,0.0,0.0,0.0,0.0,0.0,0.0,0.0,0.0,0.0,0.0,0.0,0.0,0.0,0.0,0.0,0.0,0.0,0.0,0.0,0.0,nan,0.0,0
camera2_clip_20260609_183427_18983,92,0.0,0.0,0.0,0.0,0.0,0.0,0.0,0.0,0.0,0.0,0.0,0.0,0.0,0.0,0.0,0.0,nan,nan,0.0,0.0,0.0,0.0,0.0,0.0,0.0,0.0,0.0,0.0,0.0,0.0,0.0,0.0,0.0,0.0,0.0,0.0,0.0,0.0,0.0,0.0,0.0,0.0,0.0,0.0,0.0,0.0,0.0,0.0,0.0,0.0,0.0,0.0,0.0,0.0,0.0,0.0,0.0,0.0,nan,0.0,0
camera2_clip_20260609_183427_18983,93,0.0,0.0,0.0,0.0,0.0,0.0,0.0,0.0,0.0,0.0,0.0,0.0,0.0,0.0,0.0,0.0,nan,nan,0.0,0.0,0.0,0.0,0.0,0.0,0.0,0.0,0.0,0.0,0.0,0.0,0.0,0.0,0.0,0.0,0.0,0.0,0.0,0.0,0.0,0.0,0.0,0.0,0.0,0.0,0.0,0.0,0.0,0.0,0.0,0.0,0.0,0.0,0.0,0.0,0.0,0.0,0.0,0.0,nan,0.0,0
camera2_clip_20260609_183427_18983,94,0.0,0.0,0.0,0.0,0.0,0.0,0.0,0.0,0.0,0.0,0.0,0.0,0.0,0.0,0.0,0.0,nan,nan,0.0,0.0,0.0,0.0,0.0,0.0,0.0,0.0,0.0,0.0,0.0,0.0,0.0,0.0,0.0,0.0,0.0,0.0,0.0,0.0,0.0,0.0,0.0,0.0,0.0,0.0,0.0,0.0,0.0,0.0,0.0,0.0,0.0,0.0,0.0,0.0,0.0,0.0,0.0,0.0,nan,0.0,0
camera2_clip_20260609_183427_18983,95,0.0,0.0,0.0,0.0,0.0,0.0,0.0,0.0,0.0,0.0,0.0,0.0,0.0,0.0,0.0,0.0,nan,nan,0.0,0.0,0.0,0.0,0.0,0.0,0.0,0.0,0.0,0.0,0.0,0.0,0.0,0.0,0.0,0.0,0.0,0.0,0.0,0.0,0.0,0.0,0.0,0.0,0.0,0.0,0.0,0.0,0.0,0.0,0.0,0.0,0.0,0.0,0.0,0.0,0.0,0.0,0.0,0.0,nan,0.0,0
camera2_clip_20260609_183427_18983,96,0.0,0.0,0.0,0.0,0.0,0.0,0.0,0.0,0.0,0.0,0.0,0.0,0.0,0.0,0.0,0.0,nan,nan,0.0,0.0,0.0,0.0,0.0,0.0,0.0,0.0,0.0,0.0,0.0,0.0,0.0,0.0,0.0,0.0,0.0,0.0,0.0,0.0,0.0,0.0,0.0,0.0,0.0,0.0,0.0,0.0,0.0,0.0,0.0,0.0,0.0,0.0,0.0,0.0,0.0,0.0,0.0,0.0,nan,0.0,0
camera2_clip_20260609_183427_18983,97,0.0,0.0,0.0,0.0,0.0,0.0,0.0,0.0,0.0,0.0,0.0,0.0,0.0,0.0,0.0,0.0,nan,nan,0.0,0.0,0.0,0.0,0.0,0.0,0.0,0.0,0.0,0.0,0.0,0.0,0.0,0.0,0.0,0.0,0.0,0.0,0.0,0.0,0.0,0.0,0.0,0.0,0.0,0.0,0.0,0.0,0.0,0.0,0.0,0.0,0.0,0.0,0.0,0.0,0.0,0.0,0.0,0.0,nan,0.0,0
camera2_clip_20260609_183427_18983,98,0.0,0.0,0.0,0.0,0.0,0.0,0.0,0.0,0.0,0.0,0.0,0.0,0.0,0.0,0.0,0.0,nan,nan,0.0,0.0,0.0,0.0,0.0,0.0,0.0,0.0,0.0,0.0,0.0,0.0,0.0,0.0,0.0,0.0,0.0,0.0,0.0,0.0,0.0,0.0,0.0,0.0,0.0,0.0,0.0,0.0,0.0,0.0,0.0,0.0,0.0,0.0,0.0,0.0,0.0,0.0,0.0,0.0,nan,0.0,0
camera2_clip_20260609_183427_18983,99,0.0,0.0,0.0,0.0,0.0,0.0,0.0,0.0,0.0,0.0,0.0,0.0,0.0,0.0,0.0,0.0,nan,nan,0.0,0.0,0.0,0.0,0.0,0.0,0.0,0.0,0.0,0.0,0.0,0.0,0.0,0.0,0.0,0.0,0.0,0.0,0.0,0.0,0.0,0.0,0.0,0.0,0.0,0.0,0.0,0.0,0.0,0.0,0.0,0.0,0.0,0.0,0.0,0.0,0.0,0.0,0.0,0.0,nan,0.0,0
camera2_clip_20260609_183427_18983,100,0.0,0.0,0.0,0.0,0.0,0.0,0.0,0.0,0.0,0.0,0.0,0.0,0.0,0.0,0.0,0.0,nan,nan,0.0,0.0,0.0,0.0,0.0,0.0,0.0,0.0,0.0,0.0,0.0,0.0,0.0,0.0,0.0,0.0,0.0,0.0,0.0,0.0,0.0,0.0,0.0,0.0,0.0,0.0,0.0,0.0,0.0,0.0,0.0,0.0,0.0,0.0,0.0,0.0,0.0,0.0,0.0,0.0,nan,0.0,0
camera2_clip_20260609_183427_18983,101,0.0,0.0,0.0,0.0,0.0,0.0,0.0,0.0,0.0,0.0,0.0,0.0,0.0,0.0,0.0,0.0,nan,nan,0.0,0.0,0.0,0.0,0.0,0.0,0.0,0.0,0.0,0.0,0.0,0.0,0.0,0.0,0.0,0.0,0.0,0.0,0.0,0.0,0.0,0.0,0.0,0.0,0.0,0.0,0.0,0.0,0.0,0.0,0.0,0.0,0.0,0.0,0.0,0.0,0.0,0.0,0.0,0.0,nan,0.0,0
camera2_clip_20260609_183427_18983,102,0.0,0.0,0.0,0.0,0.0,0.0,0.0,0.0,0.0,0.0,0.0,0.0,0.0,0.0,0.0,0.0,nan,nan,0.0,0.0,0.0,0.0,0.0,0.0,0.0,0.0,0.0,0.0,0.0,0.0,0.0,0.0,0.0,0.0,0.0,0.0,0.0,0.0,0.0,0.0,0.0,0.0,0.0,0.0,0.0,0.0,0.0,0.0,0.0,0.0,0.0,0.0,0.0,0.0,0.0,0.0,0.0,0.0,nan,0.0,0
camera2_clip_20260609_183427_18983,103,0.0,0.0,0.0,0.0,0.0,0.0,0.0,0.0,0.0,0.0,0.0,0.0,0.0,0.0,0.0,0.0,nan,nan,0.0,0.0,0.0,0.0,0.0,0.0,0.0,0.0,0.0,0.0,0.0,0.0,0.0,0.0,0.0,0.0,0.0,0.0,0.0,0.0,0.0,0.0,0.0,0.0,0.0,0.0,0.0,0.0,0.0,0.0,0.0,0.0,0.0,0.0,0.0,0.0,0.0,0.0,0.0,0.0,nan,0.0,0
camera2_clip_20260609_183427_18983,104,0.0,0.0,0.0,0.0,0.0,0.0,0.0,0.0,0.0,0.0,0.0,0.0,0.0,0.0,0.0,0.0,nan,nan,0.0,0.0,0.0,0.0,0.0,0.0,0.0,0.0,0.0,0.0,0.0,0.0,0.0,0.0,0.0,0.0,0.0,0.0,0.0,0.0,0.0,0.0,0.0,0.0,0.0,0.0,0.0,0.0,0.0,0.0,0.0,0.0,0.0,0.0,0.0,0.0,0.0,0.0,0.0,0.0,nan,0.0,0
camera2_clip_20260609_183427_18983,105,0.0,0.0,0.0,0.0,0.0,0.0,0.0,0.0,0.0,0.0,0.0,0.0,0.0,0.0,0.0,0.0,nan,nan,0.0,0.0,0.0,0.0,0.0,0.0,0.0,0.0,0.0,0.0,0.0,0.0,0.0,0.0,0.0,0.0,0.0,0.0,0.0,0.0,0.0,0.0,0.0,0.0,0.0,0.0,0.0,0.0,0.0,0.0,0.0,0.0,0.0,0.0,0.0,0.0,0.0,0.0,0.0,0.0,nan,0.0,0
camera2_clip_20260609_183427_18983,106,0.0,0.0,0.0,0.0,0.0,0.0,0.0,0.0,0.0,0.0,0.0,0.0,0.0,0.0,0.0,0.0,nan,nan,0.0,0.0,0.0,0.0,0.0,0.0,0.0,0.0,0.0,0.0,0.0,0.0,0.0,0.0,0.0,0.0,0.0,0.0,0.0,0.0,0.0,0.0,0.0,0.0,0.0,0.0,0.0,0.0,0.0,0.0,0.0,0.0,0.0,0.0,0.0,0.0,0.0,0.0,0.0,0.0,nan,0.0,0
camera2_clip_20260609_183427_18983,107,0.0,0.0,0.0,0.0,0.0,0.0,0.0,0.0,0.0,0.0,0.0,0.0,0.0,0.0,0.0,0.0,nan,nan,0.0,0.0,0.0,0.0,0.0,0.0,0.0,0.0,0.0,0.0,0.0,0.0,0.0,0.0,0.0,0.0,0.0,0.0,0.0,0.0,0.0,0.0,0.0,0.0,0.0,0.0,0.0,0.0,0.0,0.0,0.0,0.0,0.0,0.0,0.0,0.0,0.0,0.0,0.0,0.0,nan,0.0,0
camera2_clip_20260609_183427_18983,108,0.0,0.0,0.0,0.0,0.0,0.0,0.0,0.0,0.0,0.0,0.0,0.0,0.0,0.0,0.0,0.0,nan,nan,0.0,0.0,0.0,0.0,0.0,0.0,0.0,0.0,0.0,0.0,0.0,0.0,0.0,0.0,0.0,0.0,0.0,0.0,0.0,0.0,0.0,0.0,0.0,0.0,0.0,0.0,0.0,0.0,0.0,0.0,0.0,0.0,0.0,0.0,0.0,0.0,0.0,0.0,0.0,0.0,nan,0.0,0
camera2_clip_20260609_183427_18983,109,0.0,0.0,0.0,0.0,0.0,0.0,0.0,0.0,0.0,0.0,0.0,0.0,0.0,0.0,0.0,0.0,nan,nan,0.0,0.0,0.0,0.0,0.0,0.0,0.0,0.0,0.0,0.0,0.0,0.0,0.0,0.0,0.0,0.0,0.0,0.0,0.0,0.0,0.0,0.0,0.0,0.0,0.0,0.0,0.0,0.0,0.0,0.0,0.0,0.0,0.0,0.0,0.0,0.0,0.0,0.0,0.0,0.0,nan,0.0,0
camera2_clip_20260609_183427_18983,110,0.0,0.0,0.0,0.0,0.0,0.0,0.0,0.0,0.0,0.0,0.0,0.0,0.0,0.0,0.0,0.0,nan,nan,0.0,0.0,0.0,0.0,0.0,0.0,0.0,0.0,0.0,0.0,0.0,0.0,0.0,0.0,0.0,0.0,0.0,0.0,0.0,0.0,0.0,0.0,0.0,0.0,0.0,0.0,0.0,0.0,0.0,0.0,0.0,0.0,0.0,0.0,0.0,0.0,0.0,0.0,0.0,0.0,nan,0.0,0
camera2_clip_20260609_183427_18983,111,0.0,0.0,0.0,0.0,0.0,0.0,0.0,0.0,0.0,0.0,0.0,0.0,0.0,0.0,0.0,0.0,nan,nan,0.0,0.0,0.0,0.0,0.0,0.0,0.0,0.0,0.0,0.0,0.0,0.0,0.0,0.0,0.0,0.0,0.0,0.0,0.0,0.0,0.0,0.0,0.0,0.0,0.0,0.0,0.0,0.0,0.0,0.0,0.0,0.0,0.0,0.0,0.0,0.0,0.0,0.0,0.0,0.0,nan,0.0,0
camera2_clip_20260609_183427_18983,112,0.0,0.0,0.0,0.0,0.0,0.0,0.0,0.0,0.0,0.0,0.0,0.0,0.0,0.0,0.0,0.0,nan,nan,0.0,0.0,0.0,0.0,0.0,0.0,0.0,0.0,0.0,0.0,0.0,0.0,0.0,0.0,0.0,0.0,0.0,0.0,0.0,0.0,0.0,0.0,0.0,0.0,0.0,0.0,0.0,0.0,0.0,0.0,0.0,0.0,0.0,0.0,0.0,0.0,0.0,0.0,0.0,0.0,nan,0.0,0
camera2_clip_20260609_183427_18983,113,0.0,0.0,0.0,0.0,0.0,0.0,0.0,0.0,0.0,0.0,0.0,0.0,0.0,0.0,0.0,0.0,nan,nan,0.0,0.0,0.0,0.0,0.0,0.0,0.0,0.0,0.0,0.0,0.0,0.0,0.0,0.0,0.0,0.0,0.0,0.0,0.0,0.0,0.0,0.0,0.0,0.0,0.0,0.0,0.0,0.0,0.0,0.0,0.0,0.0,0.0,0.0,0.0,0.0,0.0,0.0,0.0,0.0,nan,0.0,0
camera2_clip_20260609_183427_18983,114,0.0,0.0,0.0,0.0,0.0,0.0,0.0,0.0,0.0,0.0,0.0,0.0,0.0,0.0,0.0,0.0,nan,nan,0.0,0.0,0.0,0.0,0.0,0.0,0.0,0.0,0.0,0.0,0.0,0.0,0.0,0.0,0.0,0.0,0.0,0.0,0.0,0.0,0.0,0.0,0.0,0.0,0.0,0.0,0.0,0.0,0.0,0.0,0.0,0.0,0.0,0.0,0.0,0.0,0.0,0.0,0.0,0.0,nan,0.0,0
camera2_clip_20260609_183427_18983,115,0.0,0.0,0.0,0.0,0.0,0.0,79.91544096954986,84.73345157630096,158.75630930169194,160.5133884044544,25.026318659962005,22.73825604573327,10.395409113559667,7.841372990420432,25.026318659962005,22.73825604573327,-25.018543243408203,-22.732044219970703,0.0,0.0,160.5133884044544,22.73825604573327,0.0,168.8598782656964,175.96582858918504,7.105950323488628,-105.90912180709319,168.8598782656964,0.0,0.0,0.0,213.67227935791016,44.63143730163574,0.0,168.8598782656964,175.96582858918504,0.0,0.0,0.0,0.0,0.0,0.0,164.58029742684718,172.78401751322332,172.78401751322332,164.58029742684718,0.0,0.0,0.0,0.0,0.0,0.0,0.0,0.9250615619506984,170.47483002996273,0.0,0.0,1.3124677564860443,nan,0.0,0
camera2_clip_20260609_183427_18983,116,218.4827762865578,218.2802244386948,218.4827762865578,207.20306614653475,204.3659518731076,207.20306614653475,79.67508798313888,83.61021036233798,156.2827703513788,154.2460032485514,25.11250669683035,22.44572447931225,10.511498187902895,7.809841073037759,25.11250669683035,22.44572447931225,-25.110977172851562,-22.42755126953125,218.2802244386948,204.3659518731076,154.2460032485514,22.44572447931225,211.56982925134855,168.43346405909463,176.1090197540788,7.675555694984155,-105.76448850966625,-0.42641420660177687,208.1237489861481,212.96320777704827,212.96320777704827,207.63745498657227,48.29440689086914,211.78481122140985,168.43346405909463,176.1090197540788,213.2928270652029,208.64368448533517,213.2928270652029,207.8515893755909,204.56021204214107,207.8515893755909,163.8269009460814,172.7626663208684,172.7626663208684,163.8269009460814,211.87044852950723,214.19830007414575,214.19830007414575,214.90497299637588,214.90497299637588,212.9393581713705,216.16266500477562,1.0422949671714268,170.62768934567012,206.3276939088373,218.62827172878602,1.759256877566389,-3.501741409301758,210.81966975666782,0
camera2_clip_20260609_183427_18983,117,178.43447207336442,176.91673467271795,178.43447207336442,168.56456105164324,174.59504792684254,174.59504792684254,79.20250346695477,83.28179251808527,152.8144645952379,152.25397923909338,24.67091540777888,22.084746893366216,10.391876450932651,7.703874596675939,24.67091540777888,22.084746893366216,-24.670581817626953,-22.061519622802734,176.91673467271795,174.59504792684254,152.25397923909338,22.084746893366216,175.20147402854892,169.42259156000213,177.10051083458168,7.677919274579551,-105.82911835517675,0.9891275009075002,173.69342346625194,179.0046049804735,179.0046049804735,202.52167892456055,51.135684967041016,175.55518574086148,169.42259156000213,177.10051083458168,164.47141717704406,174.38323758853159,174.38323758853159,167.01868815347848,173.36674571276728,173.36674571276728,164.5103417039598,172.50446506771476,172.50446506771476,164.5103417039598,172.7486049842221,176.83520325105286,176.83520325105286,173.92062653612356,173.92062653612356,174.60249952466404,171.4695068210492,0.9332390340593124,170.92982883730355,176.17506770067772,169.2553408170948,1.51747456219803,-2.496490478515625,173.33606175319915,0
camera2_clip_20260609_183427_18983,118,351.23243637167855,346.2940955659345,351.23243637167855,344.6879366443282,337.39138402214525,344.6879366443282,79.07988131414685,82.80645987573554,150.41576226151014,149.092011428432,24.38170072767447,21.983173208153733,10.285028949132581,7.789224421233013,24.38170072767447,21.983173208153733,-24.37720489501953,-21.946876525878906,346.2940955659345,337.39138402214525,149.092011428432,21.983173208153733,344.51090376248766,168.41171195822758,177.10608542545717,8.694373467229582,-105.80728538891256,-1.0108796017745476,346.1603764156846,341.29919355515494,346.1603764156846,192.39777755737305,56.441837310791016,342.9048970616519,168.41171195822758,177.10608542545717,340.8650937799162,341.0206460106897,341.0206460106897,339.9716434164026,343.26449065744276,343.26449065744276,164.4098836108889,172.3458010205998,172.3458010205998,164.4098836108889,343.60050982903533,340.68354320339387,343.60050982903533,348.2297522340972,348.2297522340972,349.6370198489195,348.35112650944296,0.8808044053791992,169.63265339522331,351.8639058814717,346.78869800682196,1.3075830914681692,-5.245002746582031,343.0392791226505,0
camera2_clip_20260609_183427_18983,119,310.8684119133805,305.5030906597717,310.8684119133805,309.4779365521549,300.1698848333408,309.4779365521549,79.87412165863823,81.55441234945022,150.0429847309986,146.2019900334833,24.049951747104547,21.680981017780525,10.129386504215034,7.8290831280263244,24.049951747104547,21.680981017780525,-24.035079956054688,-21.64838409423828,305.5030906597717,300.1698848333408,146.2019900334833,21.680981017780525,306.9983419239533,169.3607808525906,176.99712063972757,7.636339787136961,-105.93447617388053,0.9490688943630232,304.7581557732743,311.2125718117977,311.2125718117977,183.1024169921875,60.69407272338867,306.6540569385321,169.3607808525906,176.99712063972757,294.63479862210903,304.58920626322885,304.58920626322885,296.3595841862546,306.4274847467344,306.4274847467344,165.03158135465324,172.64269807969913,172.64269807969913,165.03158135465324,302.15192249316624,308.5870069890613,308.5870069890613,297.3436862057206,297.3436862057206,295.8459706392369,301.72278671108984,1.0905930501532406,170.98385391089872,298.083191112268,313.02162858886686,1.8392224170826388,-4.055824279785156,304.5616712370229,0
camera2_clip_20260609_183427_18983,120,275.66840747075065,257.9970065102192,275.66840747075065,255.25792633618263,237.5662798006368,255.25792633618263,79.75466499571925,79.15273280683377,144.79607848937948,138.03747828468772,23.543239496601213,21.426024944493115,10.083253819605579,8.017931001143303,23.543239496601213,21.426024944493115,-23.484477996826172,-21.382728576660156,257.9970065102192,237.5662798006368,138.03747828468772,21.426024944493115,256.4860047696988,168.69994014579567,177.47682054167768,8.776880395882017,-107.0229972286496,-0.6608407067949429,256.8584466338445,255.56796186655927,256.8584466338445,175.226318359375,63.38240337371826,249.66787182848176,168.69994014579567,177.47682054167768,246.03366534906635,243.13888384847908,246.03366534906635,247.07715232832513,242.65317153472108,247.07715232832513,164.8989050863949,172.52990521347655,172.52990521347655,164.8989050863949,243.2361919843694,243.02474454424146,243.2361919843694,249.76200883152305,249.76200883152305,246.9585546618214,249.98691369166448,1.2021717682129434,173.3407954838544,245.85278579049478,255.20547232846593,2.185866978414232,-2.3916053771972656,250.33998651728294,0
camera2_clip_20260609_183427_18983,121,211.46846714476894,208.86767586386304,211.46846714476894,210.83767722914385,207.10195847908517,210.83767722914385,79.21539470223502,78.91823817992636,144.11972947970062,137.91960419294344,23.430243836293673,21.507033910056695,10.086292291919834,8.118493986544811,23.430243836293673,21.507033910056695,-23.37793731689453,-21.465251922607422,208.86767586386304,207.10195847908517,137.91960419294344,21.507033910056695,210.36929471762537,168.35229098849888,177.24864071669418,8.896349728195304,-107.48077441665629,-0.3476491572967859,215.02369469258917,208.91629489630188,215.02369469258917,168.41260147094727,64.8960428237915,209.39450326696024,168.35229098849888,177.24864071669418,203.35987224186724,205.5006642380827,205.5006642380827,206.0065299528071,210.18651058550353,210.18651058550353,165.5189529590947,172.86240190098962,172.86240190098962,165.5189529590947,208.47188188982474,205.2014748770125,208.47188188982474,206.9754465584905,206.9754465584905,210.1355073799706,206.31272095323692,1.0746479427166513,173.68660302400562,219.84195279468952,205.53727706249092,1.7053350812154644,-1.5813865661621094,208.4118918409042,0
camera2_clip_20260609_183427_18983,122,191.62169547182629,193.9519739280129,193.9519739280129,194.06753459218558,190.1451605872006,194.06753459218558,79.36149197273019,77.0104906912993,145.66512947666385,136.39410396885165,23.6186534858004,21.418776256246932,10.294575612960749,8.384239617854425,23.6186534858004,21.418776256246932,-23.572227478027344,-21.395465850830078,193.9519739280129,190.1451605872006,136.39410396885165,21.418776256246932,194.51806240744187,169.80794188535125,177.26948104809355,7.461539162742298,-108.36491209212332,1.4556508968523758,192.93419789475345,204.38781197067246,204.38781197067246,162.02195739746094,65.90188884735107,194.07949945160843,169.80794188535125,177.26948104809355,193.248983238917,189.65245958890745,193.248983238917,191.62839552690244,189.28760447224838,191.62839552690244,164.75658153372973,173.18694449082219,173.18694449082219,164.75658153372973,185.41301554383764,193.8178066722817,193.8178066722817,178.28259114029103,178.28259114029103,176.56323185579956,187.90645549902425,1.4543449075623673,174.01832146644762,182.17043472139483,211.2617894632049,2.675436541096739,-1.245574951171875,192.5130532906455,0
camera2_clip_20260609_183427_18983,123,164.0467250969494,188.00725782255878,188.00725782255878,159.661602352406,189.65218092455962,189.65218092455962,77.67576902690543,75.81532422928318,144.244748698514,135.2707585116983,23.72190648153007,20.960165724634926,10.621048924332596,8.30659493104338,23.72190648153007,20.960165724634926,-23.692729949951172,-20.947269439697266,188.00725782255878,189.65218092455962,135.2707585116983,20.960165724634926,178.54446744129254,171.58297574390735,177.49380881964836,5.91083307574101,-109.14105979402196,1.7750338585560996,172.2351297378027,197.66390871347872,197.66390871347872,156.0653305053711,66.84933471679688,180.94516253933963,171.58297574390735,177.49380881964836,167.02151019998328,180.45728728845594,180.45728728845594,168.60280296840406,180.05264988369993,180.05264988369993,164.84125183390236,173.52435109311136,173.52435109311136,164.84125183390236,168.07077097842696,185.98880453957293,185.98880453957293,176.6926566733041,176.6926566733041,174.84944848044918,178.94353448582072,1.5926771300006834,174.72118460956509,173.33376150518706,188.69369394574994,3.195324771850051,-0.9245948791503906,176.78838587552488,0
camera2_clip_20260609_183427_18983,124,140.25396971895117,152.68723168173986,152.68723168173986,132.43502208496682,154.22110568031218,154.22110568031218,76.03336220812939,74.6551669725848,141.6384780003016,133.76928397431197,24.02762277430812,20.662182021616488,10.812519067278643,8.158742102555744,24.02762277430812,20.662182021616488,-24.00908660888672,-20.65747833251953,152.68723168173986,154.22110568031218,133.76928397431197,20.662182021616488,147.8398745847422,173.6918853903882,178.33288032359198,4.640994933203785,-109.95415490581698,2.1089096464808392,144.8855821188572,162.556336223626,162.556336223626,151.16036987304688,67.65522575378418,149.1217262887343,173.6918853903882,178.33288032359198,150.58519927929993,153.38819257086394,153.38819257086394,147.00639909314825,149.78969112619467,149.78969112619467,163.44990256093064,172.87007145158753,172.87007145158753,163.44990256093064,138.81530594880778,150.32541768258562,150.32541768258562,151.3047733064962,151.3047733064962,150.6673615168566,151.93257051644204,1.6369610292566699,175.3383696430114,149.97279498442518,156.07042042850483,3.4064317359083587,-0.8839225769042969,148.07912110077947,0
camera2_clip_20260609_183427_18983,125,101.56486659708484,128.63321704720158,128.63321704720158,110.89487081871921,135.85365537778452,135.85365537778452,74.79713859027228,73.0746332211395,145.81634389772086,133.5953755817201,25.127208870777427,20.497413571792805,11.299249868480674,8.020788634033071,25.127208870777427,20.497413571792805,-25.125972747802734,-20.496746063232422,128.63321704720158,135.85365537778452,133.5953755817201,20.497413571792805,124.08841685775558,174.54574361584625,177.46430094480607,2.918557328959821,-110.4901742117539,0.8538582254580547,120.1860817976786,147.39780950806457,147.39780950806457,146.90281295776367,68.56217765808105,130.59256249582208,174.54574361584625,177.46430094480607,133.37230574508854,137.43964144790226,137.43964144790226,122.5756094630105,129.198387271653,129.198387271653,161.1947887554867,172.03778751523149,172.03778751523149,161.1947887554867,118.46320827384955,136.38393529524424,136.38393529524424,112.16373804972906,112.16373804972906,109.94514941642733,122.41493321497683,2.059699272653518,175.37545358910322,114.42679130300883,146.960322632867,4.499561664228548,-1.3991775512695312,126.8302990536068,0
camera2_clip_20260609_183427_18983,126,96.07576044660439,115.92458894687076,115.92458894687076,101.76487763968122,121.07064710796708,121.07064710796708,73.8780163021632,71.65920082720675,146.76646453831606,132.4287278714181,25.43264732419865,20.048820245192193,11.401579055729535,7.805318919386347,25.43264732419865,20.048820245192193,-25.418678283691406,-20.040599822998047,115.92458894687076,121.07064710796708,132.4287278714181,20.048820245192193,112.41995067969174,175.30497735092524,177.1784974672323,1.8735201163070485,-111.35732914803214,0.7592337350789933,108.40376147398723,131.28006846303964,131.28006846303964,143.2479362487793,69.70787906646729,114.90726664379926,175.30497735092524,177.1784974672323,112.23745339624126,115.25159978898071,115.25159978898071,108.33434749594562,113.70962842663126,113.70962842663126,159.860613774882,172.08997352144982,172.08997352144982,159.860613774882,102.32800387187704,117.95990958904687,117.95990958904687,100.71409387082211,100.71409387082211,95.49919723893458,107.58086654693071,2.475661689144932,175.85214885070474,94.14522469685127,127.24269173809284,5.64335018994874,-1.213287353515625,112.02838722057277,0
camera2_clip_20260609_183427_18983,127,98.00073616786509,98.61714673094812,98.61714673094812,95.92663033774566,102.73071615406724,102.73071615406724,73.00897236744677,73.72509396391057,144.54901486099962,134.3867536450524,24.82709789447755,20.242671247320043,10.971914136098576,7.609776276848935,24.82709789447755,20.242671247320043,-24.809799194335938,-20.241199493408203,98.61714673094812,102.73071615406724,134.3867536450524,20.242671247320043,97.54114310538438,173.72154378649674,176.3685137174962,2.646969930999461,-110.94479431844033,-1.5834335644285034,102.5944930848614,87.37713615681879,102.5944930848614,140.1269645690918,70.55653667449951,97.02894189351008,173.72154378649674,176.3685137174962,108.14004274089727,104.25456559629109,108.14004274089727,100.80670501611405,99.77385831640012,100.80670501611405,159.10822660422585,170.89135654366535,170.89135654366535,159.10822660422585,104.83669420490865,93.6308742859961,104.83669420490865,115.5637661559629,115.5637661559629,118.60535444421954,107.9520672490189,2.110505970534026,175.66816479121655,117.15796998073048,86.9219065813969,4.604709916975497,-0.5517311096191406,99.72413323274277,0
camera2_clip_20260609_183427_18983,128,83.47144049662919,85.97112401767104,85.97112401767104,100.31904306082895,91.24268060971572,100.31904306082895,73.12120528953083,76.13843784020688,147.86159105129028,138.45899803198657,25.071137528665858,20.633507226115942,10.86498316031136,7.5598828289697835,25.071137528665858,20.633507226115942,-25.023025512695312,-20.633380889892578,85.97112401767104,91.24268060971572,138.45899803198657,20.633507226115942,88.89998605045264,172.35143641024044,175.2523156904187,2.900879280178259,-110.88783615210495,-1.3701073762562999,99.60699583010178,72.78863228776923,99.60699583010178,137.40911865234375,71.48141956329346,86.12714616571873,172.35143641024044,175.2523156904187,103.0846316097773,88.83138663986044,103.0846316097773,97.44313750726148,85.74657268500874,97.44313750726148,158.05249912071397,169.6306902493588,169.6306902493588,158.05249912071397,96.14226827733786,76.89112534703872,96.14226827733786,98.67756948881703,98.67756948881703,102.35609508293545,93.31373788850392,1.797237331607334,175.14990786932145,105.9040440716828,76.87637803190218,3.597919281449961,-1.0796051025390625,90.1282531974167,0
camera2_clip_20260609_183427_18983,129,69.36564831803699,81.92387081414242,81.92387081414242,81.37815041739489,87.3127965888447,87.3127965888447,73.03183686503036,77.75672447234986,150.6640708469061,142.79632756000174,25.260645901940606,21.11636795940148,11.03834849553224,7.618154205347796,25.260645901940606,21.11636795940148,-25.179061889648438,-21.11595916748047,81.92387081414242,87.3127965888447,142.79632756000174,21.11636795940148,79.35891431160947,169.9977483159913,173.66345725033403,3.665708934342746,-111.09604260415452,-2.3536880942491507,81.71151427571186,74.46150545552601,81.71151427571186,134.97663497924805,72.25935363769531,76.6155494634958,169.9977483159913,173.66345725033403,75.32784562358692,78.8862283620706,78.8862283620706,78.32612915108407,78.76782457318025,78.76782457318025,158.27601235843733,168.77003328285,168.77003328285,158.27601235843733,77.95002807651292,72.70115994872818,77.95002807651292,85.92823163755426,85.92823163755426,90.09252395003556,80.78852235749584,1.470100334116046,174.1310851252903,93.98933949646693,68.00983193893248,2.6789366293456784,-1.04266357421875,78.1760584670683,0
camera2_clip_20260609_183427_18983,130,77.04112813724136,67.88031210993105,77.04112813724136,72.68703731458308,69.02825397254486,72.68703731458308,72.63673651631211,79.56876775338081,148.73508478845758,145.5041675107335,24.571033391457018,21.21661648116287,10.736583171481735,7.668772132926619,24.571033391457018,21.21661648116287,-24.50328826904297,-21.210453033447266,67.88031210993105,69.02825397254486,145.5041675107335,21.21661648116287,69.85649703834017,168.6896198936991,173.4990591051283,4.809439211429208,-111.02148264397333,-1.3081284222921852,76.00648614542928,56.49576455031136,76.00648614542928,132.9691219329834,73.20252132415771,66.541013849645,168.6896198936991,173.4990591051283,64.25737115344631,64.53709566791267,64.53709566791267,69.9879281256394,68.85146729987471,69.9879281256394,159.42470545157624,168.63859546688963,168.63859546688963,159.42470545157624,73.48965009696919,60.53555341728978,73.48965009696919,87.48208160785074,87.48208160785074,91.65016348869217,78.27067651487177,0.9903957000521935,173.30906372875822,90.3683246772532,56.2302643330769,1.452579134352712,-0.6507644653320312,68.39983733259776,0
camera2_clip_20260609_183427_18983,131,66.11632755247825,62.144607012385976,66.11632755247825,62.00671480857758,59.424053439190786,62.00671480857758,72.32043762458848,80.17062842938599,147.24933455074336,146.02629299325858,24.111043964255796,21.498375522148493,10.585481499428782,7.774998658217697,24.111043964255796,21.498375522148493,-24.054058074951172,-21.487407684326172,62.144607012385976,59.424053439190786,146.02629299325858,21.498375522148493,61.274874954611356,167.27928667841365,173.8130920978707,6.533805419457053,-111.27012898904879,-1.4103332152854477,64.23683738402647,53.720709531009085,64.23683738402647,131.19102668762207,73.91460609436035,57.46145385715535,167.27928667841365,173.8130920978707,57.47561798859629,62.530213730885094,62.530213730885094,60.0103221680105,59.49193910524513,60.0103221680105,159.62663163617154,167.28061727795802,167.28061727795802,159.62663163617154,59.32053356619181,52.6898755771399,59.32053356619181,80.11683069017414,80.11683069017414,81.01607281910633,72.68958942202883,0.7010362955273357,173.81859898036444,75.01800300443392,54.742030316554974,0.7748342232851606,-0.6296463012695312,59.93064598864473,0
camera2_clip_20260609_183427_18983,132,60.48465851694492,55.13006469909143,60.48465851694492,54.18697071288728,53.94611939421786,54.18697071288728,71.48484569027082,79.90788044395495,146.36858544941288,146.04660996419236,24.45364776896159,21.557748484109077,10.826500436989399,7.847352496492971,24.45364776896159,21.557748484109077,-24.384140014648438,-21.548934936523438,55.13006469909143,53.94611939421786,146.04660996419236,21.557748484109077,56.347828118770565,169.07068219878528,174.8221672350709,5.751485036285629,-112.17085823033737,1.7913955203716228,58.426777222227955,55.912378167253955,58.426777222227955,129.7794075012207,74.9415283203125,52.36901934363365,169.07068219878528,174.8221672350709,44.038431044397505,48.27681433450676,48.27681433450676,48.970102319579475,48.321343366995194,48.970102319579475,159.76571648028414,166.5912554970402,166.5912554970402,159.76571648028414,48.145764812166874,47.43957596493901,48.145764812166874,59.05971269076592,59.05971269076592,57.33508312858498,54.74122784802255,0.6235610987136466,177.14564650649243,54.97454582148748,48.477321986679556,0.6579419191448429,-1.2279777526855469,51.939916712934014,0
camera2_clip_20260609_183427_18983,133,60.111567636471555,49.60954365938626,60.111567636471555,53.43360153560615,52.36418485061926,53.43360153560615,72.12889589743085,77.33206664160865,143.92119233233004,142.61201672703982,24.420366051539165,21.372735624475272,10.788838590540957,7.687155815094349,24.420366051539165,21.372735624475272,-24.391403198242188,-21.372726440429688,49.60954365938626,52.36418485061926,142.61201672703982,21.372735624475272,55.07306485067579,172.49179234778333,176.46843621790958,3.976643870126253,-113.1632776932184,3.4211101489980535,46.43970947907407,68.4797819428974,68.4797819428974,128.5012664794922,76.01226425170898,50.021074714442506,172.49179234778333,176.46843621790958,35.93260112996138,48.58804783002319,48.58804783002319,37.38522790673617,44.33216502928004,44.33216502928004,159.67718824552438,166.47215445141288,166.47215445141288,159.67718824552438,35.92962567351265,53.09052863738647,53.09052863738647,42.754914355464194,42.754914355464194,39.229286885885976,47.33753878544231,1.0171740916193184,179.9542314587862,38.24467045096924,64.1097952268325,1.8305959488335979,-1.1241493225097656,48.80804877591288,0
camera2_clip_20260609_183427_18983,134,49.733821276838945,42.58229543569338,49.733821276838945,43.64207014616,39.38851678040315,43.64207014616,70.91588463872547,76.50396907964813,139.41542714236203,140.10205270220047,24.151016203153116,21.24887149793198,10.71179163704703,7.723330123349197,24.151016203153116,21.24887149793198,-24.13134002685547,-21.248870849609375,42.58229543569338,39.38851678040315,140.10205270220047,21.24887149793198,44.978671702262965,173.5175452240275,177.18334796407763,3.6658027400501396,-113.24499754312026,1.0257528762441552,49.69506837757461,44.830258196907664,49.69506837757461,127.40261650085449,77.11259460449219,46.647430740984596,173.5175452240275,177.18334796407763,38.55004792049129,33.52605738278559,38.55004792049129,40.8625476528651,32.027923951012646,40.8625476528651,160.64996449975672,167.4579206294503,167.4579206294503,160.64996449975672,47.67989443891793,44.39647997106061,47.67989443891793,42.476104714207736,42.476104714207736,42.52610704150128,43.19715108614051,1.0752345565700763,-178.51797525663468,45.91129448975342,47.24374922320634,1.9671639411261899,-0.9284133911132812,42.24291512755925,0
camera2_clip_20260609_183427_18983,135,47.183515588228886,36.89189443087782,47.183515588228886,39.64571081496145,35.72274324855984,39.64571081496145,71.04256586368787,75.25732392650512,140.122250036407,139.91213636475928,24.581665652318463,21.25183493546153,10.976377980477523,7.8046142767413285,24.581665652318463,21.25183493546153,-24.561492919921875,-21.24817657470703,36.89189443087782,35.72274324855984,139.91213636475928,21.25183493546153,40.11835791518241,174.36704981428463,176.86351931236928,2.4964694980846502,-114.42939577383417,0.8495045902571405,36.22520387959416,45.04107952887231,45.04107952887231,126.70516586303711,78.00771713256836,34.04281949567656,174.36704981428463,176.86351931236928,29.46486792387344,30.158477962675512,30.158477962675512,27.34504216155313,27.75108944615573,27.75108944615573,160.42902923428446,168.11970334175476,168.11970334175476,160.42902923428446,25.705989534267008,31.110455562659034,31.110455562659034,27.823901189808353,27.823901189808353,25.81061993997507,32.572341921461444,1.512599179447489,-179.2630449469691,27.646330904219898,49.180361015934785,3.0551784824266157,-1.1985969543457031,34.3538391735232,0
camera2_clip_20260609_183427_18983,136,45.03385341974707,26.48184146712976,45.03385341974707,37.99738032470351,26.6143061328807,37.99738032470351,71.57177106337936,74.07915345206834,140.54032055689237,140.77241726656777,24.958223466557037,21.14974562338127,11.211402133211392,7.850850770520131,24.958223466557037,21.14974562338127,-24.945350646972656,-21.132049560546875,26.48184146712976,26.6143061328807,140.77241726656777,21.14974562338127,34.29999968361327,175.9149785315052,177.07669987660321,1.161721345098016,-114.98297590953817,1.5479287172205716,32.24388822419582,37.42872853302276,37.42872853302276,126.21134567260742,78.92258834838867,31.18914794942777,175.9149785315052,177.07669987660321,21.76776931307789,28.372933030962766,28.372933030962766,16.17878394416376,22.795878277271363,22.795878277271363,160.76630616000898,167.9080506843016,167.9080506843016,160.76630616000898,26.580663830081786,31.204004897864262,31.204004897864262,25.954103180494574,25.954103180494574,26.061732202902615,28.89472147218372,1.771648337871747,-179.88218275395184,28.017404795444918,39.52418740379626,3.703822652156919,-1.1021919250488281,29.39166928292512,0
camera2_clip_20260609_183427_18983,137,57.611079508501085,19.74137768031043,57.611079508501085,31.389034481294715,15.497941185125734,31.389034481294715,71.49018027686454,73.23955359374597,144.8164614052655,139.923746847399,26.062688159474693,21.02923391249528,11.841442123667282,7.9925364703079484,26.062688159474693,21.02923391249528,-26.018592834472656,-21.00763702392578,19.74137768031043,15.497941185125734,139.923746847399,21.02923391249528,29.201868393123352,176.61605656295302,176.77527914238104,0.1592225794280182,-115.7882927810987,0.7010780314478211,26.778238373058027,24.193539130450105,26.778238373058027,126.00126838684082,79.61097526550293,21.591852914565276,176.61605656295302,176.77527914238104,18.980836342563386,20.149887353474526,20.149887353474526,8.653910105740046,13.206398752436494,13.206398752436494,161.16648277077712,168.8799662870074,168.8799662870074,161.16648277077712,17.941005609403025,18.348806719204795,18.348806719204795,24.027431824344923,24.027431824344923,24.455269533687787,24.275530248381745,1.892217562456451,-179.8600043009803,24.40846238534718,27.858161623171686,3.9304172589581947,-1.2516059875488281,22.707671270130195,0
camera2_clip_20260609_183427_18983,138,24.43071825487714,16.193906191625615,24.43071825487714,2.203395268768771,8.055395437597348,8.055395437597348,70.23625556912495,74.03717621798084,146.03351641535693,141.12620712767998,26.39176813823145,21.00799280946099,12.369350597715476,8.258102778515914,26.39176813823145,21.00799280946099,-26.30736541748047,-20.99896240234375,16.193906191625615,8.055395437597348,141.12620712767998,21.00799280946099,13.741419071158084,175.01210626925354,175.5416742190126,0.5295679497590697,-115.65082530627404,-1.6039502936994836,13.581721418076878,17.983377856002765,17.983377856002765,126.00078010559082,80.07468223571777,13.911216818810933,175.01210626925354,175.5416742190126,16.54232983234308,17.508783765694492,17.508783765694492,12.022545633644398,11.013331389286416,12.022545633644398,162.1546587333783,169.29950679990242,169.29950679990242,162.1546587333783,13.802973624165697,14.768037265471989,14.768037265471989,19.00742315132528,19.00742315132528,18.803415858606463,20.56050399558786,1.6808319398621054,179.35397517419202,18.861417220734918,21.729154527706022,3.2824896809407753,-0.6183280944824219,14.008876328129547,0
camera2_clip_20260609_183427_18983,139,15.122262028845178,5.7505522806840235,15.122262028845178,7.649353016096926,7.1241905005379715,7.649353016096926,70.33682085109149,72.68253168472225,147.25196507799689,139.24089579750648,25.902509227426034,20.76888024005998,12.287533709373688,8.469293032019998,25.902509227426034,20.76888024005998,-25.8118896484375,-20.757736206054688,5.7505522806840235,7.1241905005379715,139.24089579750648,20.76888024005998,10.903571745755146,175.040772475854,175.54962238084732,0.5088499049933262,-116.49615233714349,0.028666206600462374,17.341813705506844,12.433258942859936,17.341813705506844,126.3311824798584,80.30901145935059,12.151885556283373,175.040772475854,175.54962238084732,19.053633731344252,5.514223115221777,19.053633731344252,22.210310408269805,3.370163005698682,22.210310408269805,161.87975272598433,168.79855230255356,168.79855230255356,161.87975272598433,18.339214337002247,8.186420222352092,18.339214337002247,18.610217868036823,18.610217868036823,20.199854457070067,15.740577768752443,1.9049243508980638,179.56353473656512,25.38370601770955,11.68957391173209,3.9914705854468644,-0.02898406982421875,11.841282941201646,0
camera2_clip_20260609_183427_18983,140,28.56851005813156,10.053293399306202,28.56851005813156,21.072216824909855,10.99438835586419,21.072216824909855,69.92291105591987,72.00414146617682,147.77739145517765,138.27279949498296,25.490739467863246,20.733393283999682,12.125640733215517,8.48696073752772,25.490739467863246,20.733393283999682,-25.378280639648438,-20.718307495117188,10.053293399306202,10.99438835586419,138.27279949498296,20.733393283999682,16.977767438701587,174.5664880638564,175.55876172106306,0.9922736572066526,-116.07579968854107,-0.4742844119975871,21.66306198898912,9.515134005008587,21.66306198898912,126.59513092041016,80.47188568115234,9.30468227601081,174.5664880638564,175.55876172106306,24.300911890383006,2.8935623709569875,24.300911890383006,27.679707055060724,15.345871319509985,27.679707055060724,162.86271105304536,168.37216712101704,168.37216712101704,162.86271105304536,11.03876886928297,4.149107252878298,11.03876886928297,17.948301468315723,17.948301468315723,19.123576411477057,17.39963460472614,1.9633548653935218,179.78280880394047,20.319403357510424,14.968367895332452,4.188411903684131,-0.012104034423828125,15.606211115856794,0
camera2_clip_20260609_183427_18983,141,32.094525944227705,14.296460438799523,32.094525944227705,27.937991516816236,17.153968026643575,27.937991516816236,68.96926011162668,71.39835316689287,146.96914825664564,137.0669966091638,24.966659154076055,20.746687358329517,11.952229787857243,8.580203823073827,24.966659154076055,20.746687358329517,-24.834213256835938,-20.7308349609375,14.296460438799523,17.153968026643575,137.0669966091638,20.746687358329517,21.12878096734087,172.91973982551596,174.78085100582823,1.861111180312264,-116.01331984973221,-1.6467482383404501,21.69870076671273,13.591039110845438,21.69870076671273,127.14189720153809,80.53617286682129,16.515979764389687,172.91973982551596,174.78085100582823,28.216150941593497,22.705391595199345,28.216150941593497,29.411014789865458,26.58133276865461,29.411014789865458,163.55920859924964,168.88591884002162,168.88591884002162,163.55920859924964,19.319338718162083,12.60407139413668,19.319338718162083,26.381099757905925,26.381099757905925,26.52392209472205,23.262459325171932,2.073425158838556,178.85798490012988,23.32109837063024,15.7095602174134,4.462428883951716,0.18822479248046875,22.134165500971406,0
camera2_clip_20260609_183427_18983,142,34.89730158674125,19.865317331300883,34.89730158674125,33.985244151780236,19.643423359493784,33.985244151780236,69.20395839549597,69.65130056156386,145.79264451153202,135.3888306918523,24.20951160952804,20.690953507368967,11.51955084970449,8.593188855459568,24.20951160952804,20.690953507368967,-24.106781005859375,-20.65473175048828,19.865317331300883,19.643423359493784,135.3888306918523,20.690953507368967,26.004848231169618,172.3805552338584,174.66828353462813,2.287728300769743,-115.65599764376377,-0.5391845916575733,37.946173065186166,9.691629892515383,37.946173065186166,127.84396934509277,80.71990394592285,21.77145295484361,172.3805552338584,174.66828353462813,29.716545692561294,21.340415184647593,29.716545692561294,30.481759134508575,28.705045790137248,30.481759134508575,163.34674631409382,169.183126692838,169.183126692838,163.34674631409382,31.09596535767936,12.26853851932973,31.09596535767936,27.439407054465644,27.439407054465644,33.921270588109124,18.206969125664607,2.600582791232341,177.69587287887393,45.387763964098006,6.727070280320795,5.98062442398781,0.2789955139160156,25.80311325549013,0
camera2_clip_20260609_183427_18983,143,35.85115757936171,24.120866495120804,35.85115757936171,27.08693720326658,28.674330548761617,28.674330548761617,69.44353031659126,68.34266279607483,143.5616887348784,133.10810924403998,23.11543988632487,20.58639250848846,10.819598095632331,8.637677618915518,23.11543988632487,20.58639250848846,-23.046852111816406,-20.540664672851562,24.120866495120804,28.674330548761617,133.10810924403998,20.58639250848846,27.76969677075128,171.97950318540953,174.56795206497566,2.58844887956613,-115.6599198361205,-0.4010520484488609,30.85010475524436,20.034784042752626,30.85010475524436,128.7178840637207,80.85297775268555,26.519653393903244,171.97950318540953,174.56795206497566,29.46015124766194,34.449954885278764,34.449954885278764,29.183085599919302,32.33880763607829,32.33880763607829,163.11600550799017,170.26483762720844,170.26483762720844,163.11600550799017,31.613148686782594,24.058201165115506,31.613148686782594,31.2128331975531,31.2128331975531,36.632166269271615,23.113424538574144,3.0509302886705365,177.18502512110675,44.209984364472646,7.751313222318375,7.2116090349900634,0.5179862976074219,28.976794153778673,0
camera2_clip_20260609_183427_18983,144,11.23447204561068,32.8192600900576,32.8192600900576,22.990384708532332,29.17559191567444,29.17559191567444,71.02512440596976,68.65911674258844,142.65080656330153,134.05977966243287,22.887915894767563,20.59487823208765,10.669990935687807,8.541994805940433,22.887915894767563,20.59487823208765,-22.865318298339844,-20.544708251953125,32.8192600900576,29.17559191567444,134.05977966243287,20.59487823208765,26.745415516316907,171.88339519088743,174.7547085015558,2.87131331066837,-115.13152645925814,-0.09610799452210017,33.395729658661395,30.857054679365014,33.395729658661395,129.68639373779297,80.93937873840332,29.17067889498138,171.88339519088743,174.7547085015558,28.599648551234147,33.08789857834012,33.08789857834012,29.10522345943006,35.50936736229262,35.50936736229262,163.21156059552806,170.74560111181265,170.74560111181265,163.21156059552806,27.29240788534924,25.219447505164993,27.29240788534924,25.678446965770327,25.678446965770327,25.906099220395646,23.16252524598754,3.151008421463167,176.2826118792123,29.777747356395935,23.01312373577182,7.462408397642878,0.028209686279296875,28.273873869976054,0
camera2_clip_20260609_183427_18983,145,8.280290508199242,35.35794034458339,35.35794034458339,17.60331923280973,33.27682145697945,33.27682145697945,72.1904342981543,68.85638090720714,141.43913680839736,135.09675009311223,22.58219377303843,20.56281777279121,10.557572465730455,8.641484942888294,22.58219377303843,20.56281777279121,-22.579612731933594,-20.515525817871094,35.35794034458339,33.27682145697945,135.09675009311223,20.56281777279121,26.299480306428894,171.80719050395487,174.85244690708254,3.0452564031276665,-114.97054521563939,-0.07620468693255589,26.600302541863215,36.67820775413835,36.67820775413835,130.70929718017578,81.0352840423584,30.82168638781453,171.80719050395487,174.85244690708254,19.142132717350492,35.80907381814725,35.80907381814725,26.996142132886433,42.07090291306952,42.07090291306952,161.7694194695923,170.25680124420964,170.25680124420964,161.7694194695923,26.126678422042794,33.95631555659074,33.95631555659074,19.874613687981974,19.874613687981974,19.872337871876233,20.98536385959282,3.1259817581921605,175.48820899847556,25.86351207697721,27.613133280815717,7.422163521765545,0.07490158081054688,28.491510616555047,0
camera2_clip_20260609_183427_18983,146,18.136713355900802,31.346093425720603,31.346093425720603,21.727934581108133,27.651732811004294,27.651732811004294,73.14972997679877,69.85166854877022,141.74163281874817,136.89910135812372,22.643427321118423,20.5381053672177,10.533925056297575,8.611748556606647,22.643427321118423,20.5381053672177,-22.643386840820312,-20.49980926513672,31.346093425720603,27.651732811004294,136.89910135812372,20.5381053672177,26.82109455885239,172.19810997923983,175.03233747447447,2.834227495234643,-115.14824946454267,0.39091947528496007,26.509202194125795,35.55489098525472,35.55489098525472,131.7575740814209,81.05855560302734,31.456055450390313,172.19810997923983,175.03233747447447,14.520770610676633,28.51502166274706,28.51502166274706,27.622321433091905,36.07741118744755,36.07741118744755,159.3796819976413,168.8736286694097,168.8736286694097,159.3796819976413,28.084717169938365,35.893039034535384,35.893039034535384,16.823542285687953,16.823542285687953,16.522753476967544,20.39635290484161,2.993255584013386,175.31833068051375,22.696459010913173,31.286230300862858,7.135200645372132,-0.09019851684570312,27.636654037629267,0
camera2_clip_20260609_183427_18983,147,14.545060874488456,27.92690834487213,27.92690834487213,23.791366780308174,24.19080811502883,24.19080811502883,74.2029295118518,71.68717692717593,141.12459473982028,139.51073999721598,22.689802513333095,20.461245861262082,10.580352291097956,8.565716731758549,22.689802513333095,20.461245861262082,-22.684654235839844,-20.441139221191406,27.92690834487213,24.19080811502883,139.51073999721598,20.461245861262082,26.360741215020898,173.13640443643942,175.6963982545372,2.55999381809778,-114.45538384867758,0.9382944571995893,29.453153109426392,38.2571500660014,38.2571500660014,132.70695304870605,81.07297897338867,28.48465571886746,173.13640443643942,175.6963982545372,18.217094082212302,23.068534551538047,23.068534551538047,38.37736452078142,36.6895732901151,38.37736452078142,156.9860563922329,167.05276482334807,167.05276482334807,156.9860563922329,20.28914099748987,26.411270456225175,26.411270456225175,23.74929235993505,23.74929235993505,21.328202795279637,28.307889916174855,2.7576045509722684,175.08560093723358,21.87216072001268,39.34806077550323,6.550504469897057,-0.06438827514648438,26.768118765707275,0
camera2_clip_20260609_183427_18983,148,18.962592211565102,24.64940797498556,24.64940797498556,34.86556023048087,25.769353108909243,34.86556023048087,75.58345997853701,72.516190206431,139.1278358396281,140.08322090617958,22.935574049676916,20.388361255469285,10.613603904466206,8.572120494983173,22.935574049676916,20.388361255469285,-22.899581909179688,-20.37793731689453,24.64940797498556,25.769353108909243,140.08322090617958,20.388361255469285,28.315816238941466,175.8912028213041,177.54282550400572,1.6516226827016283,-113.8806715185345,2.754798384864671,33.403834386886615,32.24414952082141,33.403834386886615,133.6389617919922,81.23273086547852,28.368025453479724,175.8912028213041,177.54282550400572,13.820766310959662,21.936385167852833,21.936385167852833,33.72215724708934,37.52816612016471,37.52816612016471,153.7149171352228,164.834859979245,164.834859979245,153.7149171352228,24.5231681217038,24.41675672172813,24.5231681217038,28.58028434981063,28.58028434981063,28.969163547708906,29.45759508908691,2.720486493370827,175.7824782153977,30.36232690242058,31.026061424334905,6.494227576602492,-0.2624778747558594,27.153524760262272,0
camera2_clip_20260609_183427_18983,149,28.0723369907784,13.794547614096976,28.0723369907784,32.595777556383936,17.259561496459987,32.595777556383936,75.20797912372024,73.68952484838496,137.97447807221764,139.789982634793,23.181325054400393,20.136610440345414,10.690637840269314,8.45561418027214,23.181325054400393,20.136610440345414,-23.14537811279297,-20.135574340820312,13.794547614096976,17.259561496459987,139.789982634793,20.136610440345414,24.00076880676424,176.46579812346368,177.47727641187683,1.0114782884131444,-113.54501671002357,0.5745953021595938,26.175665069446634,26.106724113419478,26.175665069446634,134.48128128051758,81.4318618774414,25.966127023634783,176.46579812346368,177.47727641187683,21.1586189455627,26.904846789945815,26.904846789945815,34.710689592973324,36.900526482781196,36.900526482781196,151.64657309749845,163.89689971448064,163.89689971448064,151.64657309749845,25.542524108008813,26.89044362292181,26.89044362292181,26.2650104788695,26.2650104788695,27.72506856475608,25.009207279559718,2.810980255456546,176.0781169107093,29.21272434555644,22.538207434232916,6.716129052792657,-0.09558486938476562,26.34268853189825,0
camera2_clip_20260609_183427_18983,150,16.503641674499903,19.36068985912246,19.36068985912246,37.952287342389695,15.178474080115805,37.952287342389695,74.78504887342257,74.37785124151185,133.04114480459404,139.87763884641842,22.85508484624859,19.80855688338949,10.2925675541184,7.920634540101491,22.85508484624859,19.80855688338949,-22.79936981201172,-19.80712127685547,19.36068985912246,15.178474080115805,139.87763884641842,19.80855688338949,22.04719456437795,178.25891904800335,178.16274974980212,0.09616929820123232,-113.1412998237901,1.7931209245396644,26.753133861185955,16.534940568953896,26.753133861185955,135.16283988952637,81.74765014648438,22.534860362141917,178.25891904800335,178.16274974980212,32.949460552207526,24.17633433783811,32.949460552207526,31.86755822330325,21.090265944958507,31.86755822330325,152.16347364893625,164.73366686426328,164.73366686426328,152.16347364893625,27.492952930706434,21.38288128404143,27.492952930706434,28.000817731006304,28.000817731006304,28.25671755876595,27.620460154485002,2.8087738140254443,177.02969827996972,24.428071480571354,22.318142285471687,6.744365857926357,0.17571258544921875,24.270218388276916,0
camera2_clip_20260609_183427_18983,151,27.087390767714307,27.504580090133565,27.504580090133565,29.37105188523409,27.609122211799992,29.37105188523409,75.55275712005141,73.62398134334379,123.77525068501505,138.63305992030615,21.810181959624554,19.655397715370864,9.751300570091015,7.557797604335585,21.810181959624554,19.655397715370864,-21.630020141601562,-19.647201538085938,27.504580090133565,27.609122211799992,138.63305992030615,19.655397715370864,26.309591287299188,179.20971830823618,178.77310724694146,0.4366110612947125,-112.78949308562287,0.9507992602328272,27.571461020850922,18.71394174806226,27.571461020850922,135.86333084106445,82.14867210388184,24.214779890625923,179.20971830823618,178.77310724694146,43.28411981578372,27.61008374334615,43.28411981578372,28.075033778882602,24.958607269370855,28.075033778882602,154.87954810807807,165.80698408015874,165.80698408015874,154.87954810807807,28.84015715837159,22.87623574683597,28.84015715837159,27.875698015416976,27.875698015416976,29.537742819354563,25.292907076952837,3.0057519726569044,177.11617760005436,29.601653204538824,19.46554847112311,7.2155841262954965,0.3900260925292969,27.7918154363655,0
camera2_clip_20260609_183427_18983,152,56.038894237424394,25.87464579114311,56.038894237424394,50.37692410469337,31.656596963928965,50.37692410469337,73.8119862769169,72.54824588434633,122.97606131725489,138.191261158629,21.9895985321925,18.855293758250436,9.440708244103849,6.3065892984774665,21.9895985321925,18.855293758250436,-21.90850830078125,-18.79540252685547,25.87464579114311,31.656596963928965,138.191261158629,18.855293758250436,36.032636056163206,178.68447210429122,178.0722505765225,0.6122215277687246,-113.80673483257516,-0.5252462039449597,29.099951182731008,23.148804057058385,29.099951182731008,136.3497200012207,82.78396224975586,24.003149503886487,178.68447210429122,178.0722505765225,38.30859392788404,26.59778669889213,38.30859392788404,16.4832572768528,11.989829538505875,16.4832572768528,157.57938303561755,168.39583793955126,168.39583793955126,157.57938303561755,31.073086130683865,21.755275257885398,31.073086130683865,27.951402875930015,27.951402875930015,28.46391165717745,25.421390714985645,3.266454856797052,177.17917567570615,28.955951683225734,22.83243240361282,7.913937234055597,-0.4363288879394531,30.20030376397361,0
camera2_clip_20260609_183427_18983,153,21.152595108393264,27.291526373816655,27.291526373816655,2.105758579421909,17.703993890381412,17.703993890381412,74.44234793431923,72.42033712156349,121.03346186855154,142.54531358071475,20.88487321053954,18.408920656899415,8.798847746962796,5.590107977039219,20.88487321053954,18.408920656899415,-20.785057067871094,-18.274124145507812,27.291526373816655,17.703993890381412,142.54531358071475,18.408920656899415,16.85334795042146,177.61548803874265,176.93247516620318,0.6830128725394786,-115.85414427678077,-1.0689840655485625,14.432447764680699,18.433765985834807,18.433765985834807,136.9317169189453,83.14915084838867,20.612491657514596,177.61548803874265,176.93247516620318,49.89736180996029,44.458931920378376,49.89736180996029,20.51860871704364,18.960223161125334,20.51860871704364,162.2865612925406,172.58040858255447,172.58040858255447,162.2865612925406,29.65256283212037,29.42375849094564,29.65256283212037,18.49543483094426,18.49543483094426,19.00789417330952,16.87334527685764,3.417522700938985,177.15131506710958,20.581109505033965,16.688633550427543,8.268585161520503,0.31815338134765625,24.5026278861752,0
camera2_clip_20260609_183427_18983,154,9.308421971993358,27.86843909803605,27.86843909803605,4.106894560948048,27.030565196511933,27.030565196511933,75.37093751521365,72.62798416158708,123.15513113484351,147.7212366688238,20.21155012978291,17.951879690877938,8.529412445876178,4.892071031276688,20.21155012978291,17.951879690877938,-20.098594665527344,-17.730667114257812,27.86843909803605,27.030565196511933,147.7212366688238,17.951879690877938,19.029937513262432,175.07125962355227,175.36005733039076,0.28879770683849415,-117.79844101519247,-2.544228415190389,17.979605157284215,27.885699094800994,27.885699094800994,137.60224151611328,83.71655464172363,26.35138080041258,175.07125962355227,175.36005733039076,19.041552562506194,31.528387968083965,31.528387968083965,33.873614910729586,39.61202839352351,39.61202839352351,165.99845614526413,171.2709055544713,171.2709055544713,165.99845614526413,31.812779611098104,35.7448791822687,35.7448791822687,24.12770031610377,24.12770031610377,24.363905614587193,24.815066266605672,3.1707656227293253,176.59055974023332,21.245074779115942,26.53478371204185,7.749712874244174,-0.07601165771484375,25.48273897564872,0
camera2_clip_20260609_183427_18983,155,80.74553621847127,16.89978558152083,80.74553621847127,24.7055287724162,19.880095325162042,24.7055287724162,72.81270283985468,71.7982567331402,132.62714785880053,145.77964469174648,21.607551761573177,17.402231475801912,9.401172581156139,4.855005928546793,21.607551761573177,17.402231475801912,-21.600311279296875,-17.179588317871094,16.89978558152083,19.880095325162042,145.77964469174648,17.402231475801912,31.19760204410805,172.9714161831204,173.96585160027055,0.9944354171501573,-119.67316494602146,-2.0998434404318687,16.359351556208317,28.59531481086964,28.59531481086964,138.3604850769043,84.25607299804688,27.917951552033585,172.9714161831204,173.96585160027055,8.667492180828132,38.14233079248588,38.14233079248588,46.21380463026759,49.299980341025595,49.299980341025595,168.49031658625182,169.33361770516723,169.33361770516723,168.49031658625182,29.2823680962047,43.33701517132173,43.33701517132173,28.305633867287007,28.305633867287007,27.258912329149403,28.018673686604515,3.0541516850147397,175.4950118491804,21.724344960177493,25.978901065096416,7.517203900505514,-1.1112594604492188,33.5107169563985,0
camera2_clip_20260609_183427_18983,156,79.58256662108138,9.635591785703141,79.58256662108138,59.637430100705174,6.893310827640631,59.637430100705174,66.42559201339579,72.29874555227438,133.70659967302555,145.45991043530097,19.92360879122884,16.35170947984406,9.008889403120383,4.359712677924608,19.92360879122884,16.35170947984406,-19.86231231689453,-16.150100708007812,9.635591785703141,6.893310827640631,145.45991043530097,16.35170947984406,30.265435360356054,168.88915383038687,171.3224186855217,2.433264855134837,-121.81424781647496,-4.0822623527335224,3.9284931875642415,21.915219639441762,21.915219639441762,138.89833068847656,84.63399887084961,19.720427999897154,168.88915383038687,171.3224186855217,9.801704883776967,32.27720663816453,32.27720663816453,55.810257920320666,42.20821366078218,55.810257920320666,170.28821695241018,167.27677328689614,167.27677328689614,170.28821695241018,26.214086877962234,37.46503264728877,37.46503264728877,26.256832774602955,26.256832774602955,30.147651266259366,25.55004078042765,2.5585061576210446,175.4335247066347,28.79278202314374,26.92441867732259,6.396798571325508,0.960845947265625,32.11409289920264,0
camera2_clip_20260609_183427_18983,157,76.34641997458696,2.6059672096529702,76.34641997458696,53.91020745996638,36.59697178806136,53.91020745996638,68.50441170431252,72.38829778685727,132.07299621841497,136.33043300820037,17.794607130431125,16.178522839533613,8.184755762421036,5.37661391665667,17.794607130431125,16.178522839533613,-17.788246154785156,-16.13201141357422,2.6059672096529702,36.59697178806136,136.33043300820037,16.178522839533613,37.84149214816434,167.4616310657924,170.9076377389677,3.4460066731753045,-123.23884865555549,-1.427522764594471,20.10580998283287,37.48357647388546,37.48357647388546,139.62398147583008,84.85386657714844,22.74686321482363,167.4616310657924,170.9076377389677,20.802595705409008,37.70738378793952,37.70738378793952,58.25909763583102,48.757437722622825,58.25909763583102,173.23464128352506,164.07870286018223,164.07870286018223,173.23464128352506,18.744479431638354,55.72260580649108,55.72260580649108,30.76021362607513,30.76021362607513,34.39239668837875,31.633500436997142,2.089588476473499,176.24958843098563,28.30242228581487,30.345722857226903,5.101144189707069,0.9457893371582031,38.92021274824316,0
camera2_clip_20260609_183427_18983,158,38.82390264032815,76.04793032717484,76.04793032717484,65.07495094234658,85.32415691696147,85.32415691696147,74.15162232824343,67.8881476106305,139.89408602033242,126.74451564646806,16.676576413886863,14.963125911666474,6.954721541796701,5.445171025003847,16.676576413886863,14.963125911666474,-16.67639923095703,-14.902534484863281,76.04793032717484,85.32415691696147,126.74451564646806,14.963125911666474,60.17062066934124,173.58493045268375,176.93364156676324,3.3487111140794923,-123.06668357220133,6.123299386891347,36.02691696340321,59.725866225833144,59.725866225833144,140.24798583984375,85.3419303894043,23.76613048074185,173.58493045268375,176.93364156676324,33.90512431738283,25.148137532795065,33.90512431738283,19.92840089744667,25.36514376404718,25.36514376404718,172.01051469442348,158.2183934380186,158.2183934380186,172.01051469442348,26.951967233626426,47.565338025940775,47.565338025940775,43.76591222292682,43.76591222292682,49.01599114106597,38.906964487736396,1.298083280749105,179.54470653993988,44.38400412191889,41.74860768317956,2.8474722438727675,0.8483390808105469,44.990652982273865,0
camera2_clip_20260609_183427_18983,159,56.818916927443844,33.685349669495494,56.818916927443844,53.197251023980556,12.934650286430502,53.197251023980556,80.17050417558116,72.03662479107325,143.5037629569656,123.85086288129791,15.858217672082715,14.474009002577997,6.5862295915818185,5.918690338876407,15.858217672082715,14.474009002577997,-15.809944152832031,-14.466140747070312,33.685349669495494,12.934650286430502,123.85086288129791,14.474009002577997,33.83900297102837,-177.51222168670117,-166.89134380607254,10.620877880628626,-123.11099605711637,-351.0971521393849,23.332052293139416,23.065797625680393,23.332052293139416,140.4414520263672,85.7575569152832,13.753440184473178,-177.51222168670117,-166.89134380607254,36.06473089489037,2.584667881351172,36.06473089489037,30.822481854815045,17.916748810573353,30.822481854815045,172.06404776627775,155.41104537301223,155.41104537301223,172.06404776627775,21.32430920651148,23.69598614123533,23.69598614123533,38.10011252449584,38.10011252449584,41.19449581571909,37.71643918234894,0.8862583444023379,-177.7487973799082,38.22931538833193,29.4845619148355,1.6277985679123192,0.3516960144042969,27.95357855129558,0
camera2_clip_20260609_183427_18983,160,153.44234621888546,51.29882727382116,153.44234621888546,93.53152616844854,19.394033602005145,93.53152616844854,94.34820028060787,80.99709434064677,136.29846194710848,124.87971203792384,13.980914808959113,14.446353857966486,5.886199354721809,6.554559398638225,13.980914808959113,14.446353857966486,-13.029533386230469,-14.084609985351562,51.29882727382116,19.394033602005145,124.87971203792384,14.446353857966486,62.01117763653869,-143.42306319322256,-104.62620382857098,38.79685936465158,-122.77518862496271,34.08915849347861,22.761277401717294,31.639055154354544,31.639055154354544,140.58971786499023,86.04480171203613,9.697582118641973,-143.42306319322256,-104.62620382857098,15.24438065227489,16.075488729964093,16.075488729964093,19.068684357071945,52.69661067759099,52.69661067759099,171.11699142177437,155.56729506800357,155.56729506800357,171.11699142177437,17.284057638343445,17.79703164861147,17.79703164861147,29.291669572379266,29.291669572379266,32.625376850566575,29.600478319404473,0.3362716425856384,-165.24836502436412,32.12206735490409,33.200813619193674,0.7622999297562756,1.3599472045898438,42.51944329359075,0
camera2_clip_20260609_183427_18983,161,132.2289043632753,49.65442711686041,132.2289043632753,94.44673422142841,1.9328883358194915,94.44673422142841,103.47788782791855,89.10676746551955,134.0269218216626,123.85144139590817,16.929412158562034,15.49261570442499,7.2509301009118525,7.834461387330917,16.929412158562034,15.49261570442499,-14.447959899902344,-14.159873962402344,49.65442711686041,1.9328883358194915,123.85144139590817,15.49261570442499,57.60270586231135,-53.471415722859504,-52.43654811514555,1.0348676077139558,-121.2841712413789,89.95164747036306,24.5960760498954,42.75720508658919,42.75720508658919,140.94916152954102,86.45957565307617,16.46552316619251,-53.471415722859504,-52.43654811514555,23.70599652655447,24.479891391773556,24.479891391773556,23.92170268591361,28.962931270829376,28.962931270829376,170.7856350508385,157.0685896557959,157.0685896557959,170.7856350508385,26.700737224857438,15.959627065725666,26.700737224857438,25.98231019790606,25.98231019790606,24.222861264282372,24.22367427403693,0.1818675020204852,-155.31853256855592,15.964429775579351,20.680493583090016,1.0688044409469668,-1.0922927856445312,40.77892677829352,0
camera2_clip_20260609_183427_18983,162,46.56586227974965,42.99371445253159,46.56586227974965,31.934535304677606,69.7796414118591,69.7796414118591,107.89150140056303,93.14719178396793,135.028078621411,114.93126352844115,17.321227981819312,15.611387491627857,8.425897806207939,7.776618842610466,17.321227981819312,15.611387491627857,-13.649269104003906,-13.519699096679688,42.99371445253159,69.7796414118591,114.93126352844115,15.611387491627857,41.66288221672198,11.707512955213339,-52.57614756730554,64.28366052251889,-120.27160072523326,65.17892867807285,17.710409686754694,40.99313016475923,40.99313016475923,141.2169075012207,87.22975540161133,24.461771713511244,11.707512955213339,-52.57614756730554,17.664285387941916,10.823999552280162,17.664285387941916,18.5155407818406,25.082195999649006,25.082195999649006,170.8872178725355,157.69523196225984,157.69523196225984,170.8872178725355,23.175454959344837,33.730008673639894,33.730008673639894,20.788670365054664,20.788670365054664,18.571222772820718,23.910416020300694,0.1727227529821874,129.36811323123075,10.111176633013145,27.197916036910925,0.7895479370675202,0.10360336303710938,31.580731554585686,0
camera2_clip_20260609_183427_18983,163,43.5379720241513,103.75762432561972,103.75762432561972,70.30595601892084,122.90459747603776,122.90459747603776,107.22327021172212,98.42582482521372,132.8543437576206,108.99929017845471,17.0350474937978,16.77408474889688,9.52886858265972,7.992490011710039,17.0350474937978,16.77408474889688,-12.7718505859375,-13.70635986328125,103.75762432561972,122.90459747603776,108.99929017845471,16.77408474889688,73.81192639427688,121.02987947747147,167.69813631084068,46.66825683336921,-120.11105265446103,109.32236652225814,39.43229179567623,62.93311672525544,62.93311672525544,141.38216018676758,88.01857376098633,24.178266454623433,121.02987947747147,167.69813631084068,13.414550711858418,21.929341768936148,21.929341768936148,21.208136604778023,36.021033729601506,36.021033729601506,170.5715039669346,156.72121431532997,156.72121431532997,170.5715039669346,26.118764537459704,39.56964698831848,39.56964698831848,18.155637371483902,18.155637371483902,14.338244448177022,21.8124590070058,0.6542983526597489,135.25793839377917,17.053616550083923,39.20434110911625,0.8828977264731968,-0.38877105712890625,50.09441939221781,0
camera2_clip_20260609_183427_18983,164,5.866136747178124,22.51915790832751,22.51915790832751,70.91546090913326,34.85552121774899,70.91546090913326,100.14866163450637,97.05610988597401,113.86051115887022,106.16327489728825,16.80869663215884,16.364819354390296,10.306160264898415,8.71867204617616,16.80869663215884,16.364819354390296,-12.038932800292969,-12.9248046875,22.51915790832751,34.85552121774899,106.16327489728825,16.364819354390296,30.42214804065739,131.38197847388608,-176.45475633383737,307.8367348077235,-120.17982801080284,10.352098996414611,30.498747656106286,17.877863805450176,30.498747656106286,141.94774627685547,88.32254791259766,19.26289487937524,131.38197847388608,-176.45475633383737,28.556071816119466,17.738968053301097,28.556071816119466,77.22343615591507,40.40768872011802,77.22343615591507,167.1872905522472,161.2090222714837,161.2090222714837,167.1872905522472,20.418631440272385,12.418171609901611,20.418631440272385,20.32294523490435,20.32294523490435,20.01130042326718,17.5149970931192,0.7378533880291307,144.89193401684756,20.188009820507506,15.560046809087835,1.1421130788006488,0.3321037292480469,31.607988003297667,0
camera2_clip_20260609_183427_18983,165,70.98449130944732,50.2369447256141,70.98449130944732,62.48396399716774,43.2954310854242,62.48396399716774,91.06336008951077,91.20509627240492,99.79197681925514,98.0543170118822,14.714732078454647,14.922250158060915,10.16421325916403,8.409310241912367,14.714732078454647,14.922250158060915,-10.591888427734375,-12.205413818359375,50.2369447256141,43.2954310854242,98.0543170118822,14.922250158060915,43.960798749528955,130.17830863087167,169.73075251406726,39.55244388319559,-120.54065140753683,-1.20366984301441,16.583338367832305,20.180623011688056,20.180623011688056,142.42661666870117,88.79681015014648,20.219232674267104,130.17830863087167,169.73075251406726,22.77664165352308,36.48510833812166,36.48510833812166,68.50030019340424,25.54800353707317,68.50030019340424,162.4002982539238,159.85886271879076,159.85886271879076,162.4002982539238,25.081387131083737,23.818345003897917,25.081387131083737,22.15692181899695,22.15692181899695,21.720638703844227,24.290400407985587,0.868225523541284,145.22221458267867,17.1464725876903,27.54243410141382,1.5829330784433082,0.6554679870605469,38.83121486285646,0
camera2_clip_20260609_183427_18983,166,52.547592963229256,34.813602918730474,52.547592963229256,37.97385760135994,27.94929379177216,37.97385760135994,88.61038673108334,87.77796354775063,96.42483491728474,91.07791990279321,13.078492322406998,13.647263871563185,9.572837458314376,7.7273057490282575,13.078492322406998,13.647263871563185,-9.20330810546875,-11.540878295898438,34.813602918730474,27.94929379177216,91.07791990279321,13.647263871563185,30.624485113929165,124.19636055232203,155.73028242710595,31.533921874783914,-121.32067811887404,-5.981948078549635,3.309106531913706,27.15345687656946,27.15345687656946,142.58462524414062,89.2157154083252,13.431436733200213,124.19636055232203,155.73028242710595,18.58143832882463,40.025049554513366,40.025049554513366,54.86867428670778,34.206691091523204,54.86867428670778,158.70194926273362,158.7949153339951,158.7949153339951,158.70194926273362,16.858602624906364,20.178911055437627,20.178911055437627,14.824137182703952,14.824137182703952,13.70718388421153,16.338429901325853,1.0100744548357856,144.2453400847237,11.698517576615327,22.831183439640295,2.0207816912095664,0.5959739685058594,30.70552313545733,0
camera2_clip_20260609_183427_18983,167,15.84088101857344,44.12401916593516,44.12401916593516,48.33131193166084,55.5088115378413,55.5088115378413,86.43344440435624,86.05736536494399,84.90819722501817,96.40260585171917,12.191189706667906,12.867092006074364,9.32927893820939,7.217799667854895,12.191189706667906,12.867092006074364,-8.454246520996094,-11.150283813476562,44.12401916593516,55.5088115378413,96.40260585171917,12.867092006074364,34.14519007371609,135.72268280909498,165.06497883410984,29.34229602501486,-121.93073305154233,11.526322256772943,23.02319480309384,18.04292198519196,23.02319480309384,142.76342391967773,89.1318416595459,5.924811802690901,135.72268280909498,165.06497883410984,1.646918483095386,24.21155684127351,24.21155684127351,68.38215583946914,29.748088726095407,68.38215583946914,150.84385742202778,158.25418770298407,158.25418770298407,150.84385742202778,7.200910437589502,14.552068654974606,14.552068654974606,15.013778816602844,15.013778816602844,16.924773650609747,13.740617012428304,0.913089988375669,148.608810655051,18.630054220235,8.683120789225052,1.711019588204584,0.4511604309082031,29.217736618732843,0
camera2_clip_20260609_183427_18983,168,0.0,0.0,0.0,0.0,0.0,0.0,0.0,0.0,0.0,0.0,0.0,0.0,0.0,0.0,0.0,0.0,nan,nan,0.0,0.0,0.0,0.0,0.0,0.0,0.0,0.0,0.0,-135.72268280909498,0.0,0.0,0.0,0.0,0.0,0.0,0.0,0.0,0.0,0.0,0.0,0.0,0.0,0.0,0.0,0.0,0.0,0.0,0.0,0.0,0.0,0.0,0.0,0.0,0.0,0.0,0.0,0.0,0.0,0.0,nan,0.0,0
camera2_clip_20260609_183427_18983,169,0.0,0.0,0.0,0.0,0.0,0.0,0.0,0.0,0.0,0.0,0.0,0.0,0.0,0.0,0.0,0.0,nan,nan,0.0,0.0,0.0,0.0,0.0,0.0,0.0,0.0,0.0,0.0,0.0,0.0,0.0,0.0,0.0,0.0,0.0,0.0,0.0,0.0,0.0,0.0,0.0,0.0,0.0,0.0,0.0,0.0,0.0,0.0,0.0,0.0,0.0,0.0,0.0,0.0,0.0,0.0,0.0,0.0,nan,0.0,0
camera2_clip_20260609_183427_18983,170,0.0,0.0,0.0,0.0,0.0,0.0,0.0,0.0,0.0,0.0,0.0,0.0,0.0,0.0,0.0,0.0,nan,nan,0.0,0.0,0.0,0.0,0.0,0.0,0.0,0.0,0.0,0.0,0.0,0.0,0.0,0.0,0.0,0.0,0.0,0.0,0.0,0.0,0.0,0.0,0.0,0.0,0.0,0.0,0.0,0.0,0.0,0.0,0.0,0.0,0.0,0.0,0.0,0.0,0.0,0.0,0.0,0.0,nan,0.0,0
camera2_clip_20260609_183427_18983,171,0.0,0.0,0.0,0.0,0.0,0.0,0.0,0.0,0.0,0.0,0.0,0.0,0.0,0.0,0.0,0.0,nan,nan,0.0,0.0,0.0,0.0,0.0,0.0,0.0,0.0,0.0,0.0,0.0,0.0,0.0,0.0,0.0,0.0,0.0,0.0,0.0,0.0,0.0,0.0,0.0,0.0,0.0,0.0,0.0,0.0,0.0,0.0,0.0,0.0,0.0,0.0,0.0,0.0,0.0,0.0,0.0,0.0,nan,0.0,0
camera2_clip_20260609_183427_18983,172,0.0,0.0,0.0,0.0,0.0,0.0,0.0,0.0,0.0,0.0,0.0,0.0,0.0,0.0,0.0,0.0,nan,nan,0.0,0.0,0.0,0.0,0.0,0.0,0.0,0.0,0.0,0.0,0.0,0.0,0.0,0.0,0.0,0.0,0.0,0.0,0.0,0.0,0.0,0.0,0.0,0.0,0.0,0.0,0.0,0.0,0.0,0.0,0.0,0.0,0.0,0.0,0.0,0.0,0.0,0.0,0.0,0.0,nan,0.0,0
camera2_clip_20260609_183427_18983,173,0.0,0.0,0.0,0.0,0.0,0.0,0.0,0.0,0.0,0.0,0.0,0.0,0.0,0.0,0.0,0.0,nan,nan,0.0,0.0,0.0,0.0,0.0,0.0,0.0,0.0,0.0,0.0,0.0,0.0,0.0,0.0,0.0,0.0,0.0,0.0,0.0,0.0,0.0,0.0,0.0,0.0,0.0,0.0,0.0,0.0,0.0,0.0,0.0,0.0,0.0,0.0,0.0,0.0,0.0,0.0,0.0,0.0,nan,0.0,0
camera2_clip_20260609_183427_18983,174,0.0,0.0,0.0,0.0,0.0,0.0,0.0,0.0,0.0,0.0,0.0,0.0,0.0,0.0,0.0,0.0,nan,nan,0.0,0.0,0.0,0.0,0.0,0.0,0.0,0.0,0.0,0.0,0.0,0.0,0.0,0.0,0.0,0.0,0.0,0.0,0.0,0.0,0.0,0.0,0.0,0.0,0.0,0.0,0.0,0.0,0.0,0.0,0.0,0.0,0.0,0.0,0.0,0.0,0.0,0.0,0.0,0.0,nan,0.0,0
camera2_clip_20260609_183427_18983,175,0.0,0.0,0.0,0.0,0.0,0.0,0.0,0.0,0.0,0.0,0.0,0.0,0.0,0.0,0.0,0.0,nan,nan,0.0,0.0,0.0,0.0,0.0,0.0,0.0,0.0,0.0,0.0,0.0,0.0,0.0,0.0,0.0,0.0,0.0,0.0,0.0,0.0,0.0,0.0,0.0,0.0,0.0,0.0,0.0,0.0,0.0,0.0,0.0,0.0,0.0,0.0,0.0,0.0,0.0,0.0,0.0,0.0,nan,0.0,0
camera2_clip_20260609_183427_18983,176,0.0,0.0,0.0,0.0,0.0,0.0,62.47850123684559,16.500703047777318,100.15376165792499,60.23692804548823,10.908395856223603,7.483279584583364,5.514953950439946,5.430123936533031,10.908395856223603,7.483279584583364,-5.882537841796875,2.8689117431640625,0.0,0.0,60.23692804548823,7.483279584583364,0.0,-12.531996095834062,-4.966394570116037,7.565601525718025,-115.45251081720673,-12.531996095834062,0.0,0.0,0.0,143.0104637145996,89.29697799682617,0.0,-12.531996095834062,-4.966394570116037,0.0,0.0,0.0,0.0,0.0,0.0,172.99495131372444,158.9862013357595,158.9862013357595,172.99495131372444,0.0,0.0,0.0,0.0,0.0,0.0,0.0,1.5679935756198733,-14.1572746626827,0.0,0.0,7.631948320467578,nan,0.0,0
camera2_clip_20260609_183427_18983,177,61.28421901866959,31.969067824981348,61.28421901866959,54.78304362542654,36.3903159061496,54.78304362542654,56.45604149355868,17.385698052986132,98.09344299496546,58.16955430963855,11.170243314451364,8.05804612235768,5.67495283653669,6.036258048534421,11.170243314451364,8.05804612235768,-4.9419708251953125,3.037017822265625,31.969067824981348,36.3903159061496,58.16955430963855,8.05804612235768,37.53469985157507,-13.157886628995408,-6.79707298142191,6.360813647573498,-114.46057313421902,-0.6258905331613462,25.574353934269848,15.207198799953494,25.574353934269848,143.45885467529297,89.14970970153809,14.15867804513244,-13.157886628995408,-6.79707298142191,17.30012824079376,15.558901726201594,17.30012824079376,29.484072652372987,36.35161202704507,36.35161202704507,171.6141696791753,156.54081125104034,156.54081125104034,171.6141696791753,11.402424377340608,7.280097891909339,11.402424377340608,19.581031119730202,19.581031119730202,21.975868610165517,19.12548264011061,1.4396145543804273,-16.805924184713028,24.406050464722693,18.011620362279263,7.290787228319251,0.8533172607421875,28.548786335426147,0
camera2_clip_20260609_183427_18983,178,94.61762561819502,33.378644540725745,94.61762561819502,120.55003301853469,82.43168147856844,120.55003301853469,47.62726543860513,19.18524197949423,98.45166202475882,74.31912881033011,10.66858051219771,9.385887409366287,4.828984786060646,6.5259278623513906,10.66858051219771,9.385887409366287,-3.8284454345703125,3.6427078247070312,33.378644540725745,82.43168147856844,74.31912881033011,9.385887409366287,79.03214835290724,-18.171401271203546,-10.66433068777416,7.507070583429385,-112.81158376883549,-5.013514642208138,82.24149587643922,60.97340958498037,82.24149587643922,143.44801330566406,88.84909439086914,9.024322150367604,-18.171401271203546,-10.66433068777416,12.059096036742934,9.134549809401376,12.059096036742934,44.07626522925041,51.30564149034528,51.30564149034528,170.99820392984768,158.75368658202638,158.75368658202638,170.99820392984768,32.06376010922082,51.57923324700214,51.57923324700214,13.623020920036572,13.623020920036572,23.17918608674476,1.5529320867638903,0.6516764998762453,-24.12485741198931,52.50344272989952,36.13766688201552,4.383698644813519,1.2580223083496094,56.20095300328387,0
camera2_clip_20260609_183427_18983,179,63.87700106571495,95.30216417067285,95.30216417067285,114.11375141967952,86.26113184481585,114.11375141967952,48.57123643112137,34.46084963792631,86.36816359727898,63.39266630222753,10.087862877946662,8.508249483969813,3.264414833422158,5.895097812324824,10.087862877946662,8.508249483969813,-5.002693176269531,0.5665664672851562,95.30216417067285,86.26113184481585,63.39266630222753,8.508249483969813,84.17469881543265,-53.27498334456425,-40.781243724458584,12.493739620105664,-109.8297075522947,-35.1035820733607,102.135048240858,43.35909615085478,102.135048240858,143.85005950927734,88.55949974060059,14.864575008173516,-53.27498334456425,-40.781243724458584,25.55964596365168,12.73935570995428,25.55964596365168,74.3467870746567,84.34842327522571,84.34842327522571,170.10769264339018,156.15808901824693,156.15808901824693,170.10769264339018,35.66992270929204,44.11727643929718,44.11727643929718,28.58465778958927,28.58465778958927,38.38870648388842,22.500430676689575,0.25556267258960014,-140.98330318909052,70.25992271439421,29.92566894099191,1.641433516668656,-1.5494575500488281,65.15246700538945,0
camera2_clip_20260609_183427_18983,180,161.39111665107194,42.37684180306058,161.39111665107194,171.15174072664473,35.2623395304468,171.15174072664473,33.31251511930686,36.63094916436614,90.4803992601715,78.49768424970873,10.525656387839197,10.211810716246832,3.121535185134653,5.189222395164383,10.525656387839197,10.211810716246832,-2.91217041015625,-1.2031478881835938,42.37684180306058,35.2623395304468,78.49768424970873,10.211810716246832,91.58675914754825,-168.5311898225513,-154.50992274825197,14.021267074299345,-107.27982190333816,-115.25620647798706,95.76556881977218,43.572947354293234,95.76556881977218,144.18611907958984,88.09307861328125,17.246339684919118,-168.5311898225513,-154.50992274825197,32.78114897672242,16.425389565561673,32.78114897672242,67.73417366541982,84.09484240237678,84.09484240237678,168.87429543245779,155.86928604475227,155.86928604475227,168.87429543245779,33.88253147636511,41.880544139888244,41.880544139888244,35.03379148507449,35.03379148507449,43.35906160328345,25.41974344845357,0.9563135491263841,-174.8199313409593,69.45731376090005,29.18744196837914,1.4483604263314465,0.8731346130371094,68.8599320926353,0
camera2_clip_20260609_183427_18983,181,149.35789151184346,31.840324329256596,149.35789151184346,143.19058102624686,19.22846517682178,143.19058102624686,21.37887024670828,35.39619859700893,96.07050104568272,97.92708530369767,11.794287533244074,12.309924249741377,3.4690754251556752,5.258536736387308,11.794287533244074,12.309924249741377,-0.8991470336914062,-2.2149810791015625,31.840324329256596,19.22846517682178,97.92708530369767,12.309924249741377,75.2508598995686,179.67178910509037,-172.22523888859396,351.89702799368433,-104.88756812837697,348.20297892764165,73.00032488133527,34.887572471907596,73.00032488133527,144.25502395629883,87.3234920501709,23.179953065932967,179.67178910509037,-172.22523888859396,6.3198908408354555,19.713645182944163,19.713645182944163,5.935415243890305,42.94056342310796,42.94056342310796,169.7561791989311,158.6956098607462,158.6956098607462,169.7561791989311,26.240524120739973,40.67897810086711,40.67897810086711,39.61364499472327,39.61364499472327,39.483203861693404,32.8000930156086,1.316296557495877,-179.62871807797606,48.06822189113807,24.61160075497909,2.883468012679963,1.4921875,49.44451469248305,0
camera2_clip_20260609_183427_18983,182,79.80388127122689,87.90119108494866,87.90119108494866,104.78377067671069,87.87399511961705,104.78377067671069,18.034041654459415,44.42054049685779,86.14173260246176,110.71397719198991,11.488842207182126,13.051632799737224,2.9960247847380446,5.146243857444842,11.488842207182126,13.051632799737224,-0.59185791015625,-5.0531463623046875,87.90119108494866,87.87399511961705,110.71397719198991,13.051632799737224,82.83625801328334,176.32194099684529,-177.37817671624055,353.70011771308583,-102.69467428160459,-3.3498481082450837,82.7822714486041,53.87243847859266,82.7822714486041,144.22306442260742,86.67779922485352,19.394498519273572,176.32194099684529,-177.37817671624055,4.033247576398176,13.281974296112615,13.281974296112615,22.273316853872043,56.726753902488355,56.726753902488355,170.48118328421523,160.68475130014556,160.68475130014556,170.48118328421523,28.6576848558922,51.86777490133689,51.86777490133689,33.179584173527815,33.179584173527815,35.32090899929276,27.785416311402383,1.8634619011715525,176.7464948211216,53.57968091434217,29.904917384548316,5.069587779940572,-0.4210205078125,56.15485837215002,0
camera2_clip_20260609_183427_18983,183,46.67226137163199,72.01635392504215,72.01635392504215,27.300432551834053,123.22265821946158,123.22265821946158,16.4579336321679,38.27559344552066,90.39852185734418,110.54373998569898,12.55494624871177,13.373174230805413,3.6271171758447376,3.5042070595454593,12.55494624871177,13.373174230805413,0.07312774658203125,-5.454704284667969,72.01635392504215,123.22265821946158,110.54373998569898,13.373174230805413,61.02767274134103,176.67819971472926,-174.92212453266697,351.6003242473962,-101.1186567509138,0.3562587178839749,26.04764856330568,70.9066818167707,70.9066818167707,144.7979965209961,86.08098411560059,24.860846187351893,176.67819971472926,-174.92212453266697,6.23898260227887,4.561197523048556,6.23898260227887,10.636355777743619,15.019120122692211,15.019120122692211,169.9759705814022,156.65202294111262,156.65202294111262,169.9759705814022,17.55611244962215,34.84598455492629,34.84598455492629,43.112843079488954,43.112843079488954,40.859230973683815,46.161877678668375,1.4458954428276631,179.8811857095329,33.02534043855245,57.76407929826581,3.697178693586995,0.9908599853515625,37.91864912319649,0
camera2_clip_20260609_183427_18983,184,44.523962145265116,161.83458708661354,161.83458708661354,32.17466239128935,142.66141922461804,142.66141922461804,14.085613292744103,27.77854206677699,96.03591551935098,96.51652307580241,13.986240419284838,13.767106022280279,4.032476011965791,4.194349974835258,13.986240419284838,13.767106022280279,0.6286087036132812,-2.4282302856445312,161.83458708661354,142.66141922461804,96.51652307580241,13.767106022280279,80.93399761377643,179.13856658052327,-169.33210107516584,348.4706676556891,-100.15079570258388,2.4603668657940148,33.85414008948005,70.55521474539246,70.55521474539246,145.23815536499023,85.28169441223145,27.374138416987087,179.13856658052327,-169.33210107516584,9.912081020765669,16.094029078426345,16.094029078426345,17.98079905663919,11.734266936559221,17.98079905663919,169.50296521327692,157.08872018815282,157.08872018815282,169.50296521327692,24.37943161226586,39.054307181573,39.054307181573,42.968278623902464,42.968278623902464,40.87238787817431,47.413864131997855,1.0343151369673595,-175.49011385452266,34.02052127534509,59.722271157820686,2.323825318043852,2.7796630859375,50.39657504740733,0
camera2_clip_20260609_183427_18983,185,65.6007199366347,123.28315053886953,123.28315053886953,17.1573795788658,69.51204041860015,69.51204041860015,16.003142572486837,24.41498629436015,84.9675184592321,83.30565539462101,13.961467754399196,13.631591040571193,5.698323093591149,6.044586192137018,13.961467754399196,13.631591040571193,1.9398269653320312,0.4078521728515625,123.28315053886953,69.51204041860015,83.30565539462101,13.631591040571193,58.0562978874819,-177.7047419852144,-165.31509951995653,12.389642465257879,-98.77278816895847,-356.8433085657377,27.42072151219403,45.36377533972723,45.36377533972723,145.6181297302246,84.54262161254883,24.930868603387474,-177.7047419852144,-165.31509951995653,4.935904522083297,9.354938824812459,9.354938824812459,17.2004030877372,8.757635099892553,17.2004030877372,167.78665322587432,156.0208034874577,156.0208034874577,167.78665322587432,13.091912298970264,18.20831679834281,18.20831679834281,42.61751634072525,42.61751634072525,43.92053684156805,42.4937180862765,1.10734607306332,-176.50423615356257,40.41991001829659,38.98415093404427,2.3227673078715316,3.073883056640625,34.9905748297275,0
camera2_clip_20260609_183427_18983,186,22.71794949061871,115.78512799686908,115.78512799686908,28.804126511140094,58.22836457333098,58.22836457333098,17.065559305567795,32.69211927456674,74.88300056100816,79.7616816555476,13.198768918560825,12.174679368471866,5.851810587381691,3.70245155822187,13.198768918560825,12.174679368471866,1.8999176025390625,-3.2081527709960938,115.78512799686908,58.22836457333098,79.7616816555476,12.174679368471866,45.42790799247367,177.97027422927857,-171.44121285992324,349.41148708920184,-98.20205504721973,355.675016214493,31.739587071497077,15.292292311386094,31.739587071497077,145.73006057739258,84.15617370605469,12.069939895595956,177.97027422927857,-171.44121285992324,7.191346086759237,15.029981122488783,15.029981122488783,23.00790804635077,38.77884985620011,38.77884985620011,164.99814082251194,157.7207979593233,157.7207979593233,164.99814082251194,11.89379379362912,8.726220117213453,11.89379379362912,53.285717898599295,53.285717898599295,59.91405275627582,48.18580973125514,1.6737646115728126,-179.31507319103878,56.54565224616904,34.2010020527762,3.7497211810312905,-1.2197303771972656,31.432962248123626,0
camera2_clip_20260609_183427_18983,187,16.997561558116402,73.49935801042577,73.49935801042577,22.025787185973403,12.830975651189124,22.025787185973403,18.41115620107437,37.31819799684749,77.00463714535383,85.8610398785898,13.298286333338869,12.08346809653655,5.461996870259978,1.2982490469649977,13.298286333338869,12.08346809653655,1.2006683349609375,-6.253532409667969,73.49935801042577,12.830975651189124,85.8610398785898,12.08346809653655,30.675779673086833,176.4329228959285,-173.2771859392443,349.71010883517283,-97.53882660142573,-1.537351333350074,31.413232048981243,27.287763583835048,31.413232048981243,145.9073944091797,83.44589042663574,21.96257413024683,176.4329228959285,-173.2771859392443,11.237247149689468,16.2664537287186,16.2664537287186,9.605988376025103,6.757458344382678,9.605988376025103,164.70297558589522,161.17919272444496,161.17919272444496,164.70297558589522,16.15895326650929,13.43540102224043,16.15895326650929,51.41011290120119,51.41011290120119,55.895610474045974,48.081104270418685,2.074120328754033,179.32082474448836,52.182033663089186,37.58238031309111,4.618923264252492,-0.9405746459960938,21.45968166050721,0
camera2_clip_20260609_183427_18983,188,15.950764846962645,207.24820902678061,207.24820902678061,25.760943764535977,123.70274701701939,123.70274701701939,22.366051805229056,53.8252612128073,63.562767872998094,152.96105891471478,11.886463990850597,14.438733061039876,4.873434919119393,2.818900408665018,11.886463990850597,14.438733061039876,-0.17173004150390625,-12.365631103515625,207.24820902678061,123.70274701701939,152.96105891471478,14.438733061039876,76.06653309661017,174.86088879337123,-176.44999825065952,351.3108870440308,-96.52545179893157,-1.572034102557268,47.83288306951569,35.903650854846695,47.83288306951569,145.82669830322266,82.9965991973877,13.69441576615317,174.86088879337123,-176.44999825065952,9.366671673912643,9.653324230667963,9.653324230667963,1.606187053258294,16.646264320749868,16.646264320749868,164.93940674084172,167.58166977134408,167.58166977134408,164.93940674084172,14.944435016006006,30.390404750558634,30.390404750558634,53.924260688006314,53.924260688006314,58.11455699878177,44.46424520286836,2.6613256923333624,177.44312030658108,54.37714842287423,28.3881468383409,6.213576562311271,-3.087078094482422,44.917207135401206,0
camera2_clip_20260609_183427_18983,189,46.79991673712304,135.29116272572765,135.29116272572765,15.429857479627412,65.0907057712194,65.0907057712194,27.20759680921131,64.1198995446961,59.426568386222115,158.7715949749794,11.615057664235483,18.06724095022898,3.691303969062468,5.747852761394169,11.615057664235483,18.06724095022898,-2.28143310546875,-17.05548858642578,135.29116272572765,65.0907057712194,158.7715949749794,18.06724095022898,53.13373213024679,174.98849642241996,-176.91722062083295,351.90571704325293,-95.79612107496328,0.12760762904872536,37.30407189136188,18.88667817642135,37.30407189136188,146.04945373535156,82.52348327636719,15.687982392245896,174.98849642241996,-176.91722062083295,12.214534819393904,6.2342085757844545,12.214534819393904,4.099142995824686,3.6764482447636846,4.099142995824686,165.7359454406,169.7151769568352,169.7151769568352,165.7359454406,17.229290967834768,14.34814480143338,17.229290967834768,34.42980806882715,34.42980806882715,35.71510643074621,30.365790325052068,2.9061840475534106,176.85596346786033,36.51023482851471,24.48304037462441,6.94099804075386,-2.7963943481445312,31.383680265542967,0
camera2_clip_20260609_183427_18983,190,46.131791073268104,79.07001672854354,79.07001672854354,35.954241362151706,36.083919715113645,36.083919715113645,30.474876204558345,66.82588395624343,89.48654238998664,161.90878231674787,13.134465061581265,20.895502257704045,2.3572114563366537,7.698371879842583,13.134465061581265,20.895502257704045,-4.5216522216796875,-20.024139404296875,79.07001672854354,36.083919715113645,161.90878231674787,20.895502257704045,45.76484845750117,173.57338173511968,-176.4168496711028,349.9902314062225,-95.14404869397717,-1.4151146873002745,30.917342338749872,46.43177952718012,46.43177952718012,146.22300720214844,81.93411636352539,18.43167782408579,173.57338173511968,-176.4168496711028,17.175545060233382,8.292299577072246,17.175545060233382,9.157876930083797,36.493003464223705,36.493003464223705,169.1741121712588,172.80159139452593,172.80159139452593,169.1741121712588,23.744509716473544,24.716242765547985,24.716242765547985,38.4555886807302,38.4555886807302,34.37150586993512,44.6095137671903,2.4150364683136973,178.22632660601758,31.15645924539342,58.34264733388157,5.075426294779796,-1.8853530883789062,32.847380688220134,0
camera2_clip_20260609_183427_18983,191,42.267624901154754,84.43498035319143,84.43498035319143,11.599641637748023,53.92680935728468,53.92680935728468,37.34678573407984,71.40906217636754,114.25132540442411,169.3353044896101,14.081583806125217,19.28344934946847,2.533426303497419,6.542554026976206,14.081583806125217,19.28344934946847,-6.590423583984375,-18.627159118652344,84.43498035319143,53.92680935728468,169.3353044896101,19.28344934946847,44.601195077226016,176.9588445024095,-176.13266848200922,353.0915129844187,-94.42694279789585,3.385462767289823,34.857385051633784,40.52072916234339,40.52072916234339,146.5308380126953,80.68308639526367,38.65038435086741,176.9588445024095,-176.13266848200922,40.475213942697756,24.158550237043727,40.475213942697756,32.270382933087134,30.79837065841458,32.270382933087134,170.78279144959208,174.43756245597214,174.43756245597214,170.78279144959208,41.88224763350404,42.09818640764946,42.09818640764946,29.561481108992268,29.561481108992268,27.338815754466314,30.661685051996738,2.2401198435953997,178.0217876035632,30.0940378986663,36.930575276441665,4.7499729109167825,0.787506103515625,39.9408435229794,0
camera2_clip_20260609_183427_18983,192,80.40794647700157,179.08751360904466,179.08751360904466,93.50806557515274,126.08792757834537,126.08792757834537,44.74500199343022,65.33683541950415,146.28594268582097,178.69776073864685,15.478385547864542,18.535858293783104,3.606613872441161,5.779971646748486,15.478385547864542,18.535858293783104,-9.382736206054688,-16.89934539794922,179.08751360904466,126.08792757834537,178.69776073864685,18.535858293783104,103.36749624837869,178.64178192427025,-168.99886636494355,347.6406482892138,-93.73790112965457,1.6829374218607427,55.696468991842565,85.41705525888523,85.41705525888523,146.83338928222656,79.58638381958008,34.130110301395156,178.64178192427025,-168.99886636494355,18.930309478419293,11.17876399509925,18.930309478419293,13.707157509551934,42.40256823762986,42.40256823762986,171.98609067241821,174.11402524264417,174.11402524264417,171.98609067241821,49.26272123705754,55.579459137641265,55.579459137641265,39.501769454517856,39.501769454517856,30.925625114355192,51.69270754281015,1.3518226692652904,-179.61018051234433,31.884124793621,78.54261588581548,1.7171871911459498,0.4404029846191406,67.60549642380595,0
camera2_clip_20260609_183427_18983,193,83.42554086188579,39.255278011565515,83.42554086188579,15.084520255182785,30.9437509280075,30.9437509280075,50.05316885262667,66.13778396844623,162.59869747222098,176.25708662072955,18.30278897627147,18.23066466143411,6.209520957923635,5.74000032859056,18.30278897627147,18.23066466143411,-12.766891479492188,-16.51721954345703,39.255278011565515,30.9437509280075,176.25708662072955,18.23066466143411,37.53466128996204,178.49452060470838,-176.78990687396748,355.28442747867587,-93.24415049067652,-0.1472613195618635,29.087862158531323,27.41101552459934,29.087862158531323,147.06107330322266,78.65010452270508,28.906972198006567,178.49452060470838,-176.78990687396748,28.46844149048146,22.22183841995649,28.46844149048146,22.519666921239175,39.71341460163993,39.71341460163993,173.53924294521687,173.05893646903863,173.05893646903863,173.53924294521687,33.67978399309325,26.970340733732012,33.67978399309325,38.55760347694153,38.55760347694153,37.971811693343,40.38746021252298,1.2694974399612815,-178.4668386533589,33.66037779296718,40.32708659514378,1.5048249780239475,-0.6263465881347656,33.23178782499288,0
camera2_clip_20260609_183427_18983,194,36.06214858933294,31.60682590340705,36.06214858933294,38.31828862894256,25.683054469614987,38.31828862894256,54.88191482322344,67.9669235756168,162.72070063943175,168.03678850522795,19.56817048777221,18.098760184833118,7.732494161053233,6.103524460519117,19.56817048777221,18.098760184833118,-14.574249267578125,-16.261306762695312,31.60682590340705,25.683054469614987,168.03678850522795,18.098760184833118,29.147960815232377,177.12875155571174,177.76094430356216,0.6321927478504108,-93.01030546163602,-1.3657690489966399,21.799017778993132,21.418429521103615,21.799017778993132,147.0363883972168,77.94598960876465,21.13642450737757,177.12875155571174,177.76094430356216,18.195702803842018,7.574583000380438,18.195702803842018,14.730681101467894,31.885075299291188,31.885075299291188,174.45738660743567,174.49461164343356,174.49461164343356,174.45738660743567,26.551153286116577,20.928331085474756,26.551153286116577,32.05419198048159,32.05419198048159,30.101666692811133,31.78268730370548,1.2006182282665314,-178.6538384532121,19.23022209110413,27.231449880479033,1.0844508368727142,-0.139404296875,24.562774288997264,0
camera2_clip_20260609_183427_18983,195,59.36993134998585,126.42487732573274,126.42487732573274,2.935476532110434,100.04493447765738,100.04493447765738,60.642960503659644,78.55767994310077,167.54239134744574,167.2894924289659,20.952738080039072,19.701168785008285,9.035948625133104,7.731016115633247,20.952738080039072,19.701168785008285,-17.22722625732422,-18.900047302246094,126.42487732573274,100.04493447765738,167.2894924289659,19.701168785008285,60.96186846160189,175.45054263426752,174.97635643412724,0.4741862001402808,-93.02744056931843,-1.6782089214442237,39.21651732218167,37.779473761943294,39.21651732218167,146.9942855834961,77.20647430419922,22.221385630710124,175.45054263426752,174.97635643412724,23.453936164703364,15.113562396008588,23.453936164703364,19.809871843594575,24.189356853561502,24.189356853561502,173.3849533817205,175.50435748659228,175.50435748659228,173.3849533817205,37.324369037616044,34.39479572073222,37.324369037616044,26.214112631906417,26.214112631906417,30.58158461331096,19.167181193587574,1.6232970061676089,177.46154750530218,40.7570303512207,12.650144660460084,2.6515991240445254,-2.1044082641601562,43.338091898818966,0
camera2_clip_20260609_183427_18983,196,0.0,0.0,0.0,0.0,0.0,0.0,0.0,0.0,0.0,0.0,0.0,0.0,0.0,0.0,0.0,0.0,nan,nan,0.0,0.0,0.0,0.0,0.0,0.0,0.0,0.0,0.0,-175.45054263426752,0.0,0.0,0.0,0.0,0.0,0.0,0.0,0.0,0.0,0.0,0.0,0.0,0.0,0.0,0.0,0.0,0.0,0.0,0.0,0.0,0.0,0.0,0.0,0.0,0.0,0.0,0.0,0.0,0.0,0.0,nan,0.0,0
camera2_clip_20260609_183427_18983,197,0.0,0.0,0.0,0.0,0.0,0.0,0.0,0.0,0.0,0.0,0.0,0.0,0.0,0.0,0.0,0.0,nan,nan,0.0,0.0,0.0,0.0,0.0,0.0,0.0,0.0,0.0,0.0,0.0,0.0,0.0,0.0,0.0,0.0,0.0,0.0,0.0,0.0,0.0,0.0,0.0,0.0,0.0,0.0,0.0,0.0,0.0,0.0,0.0,0.0,0.0,0.0,0.0,0.0,0.0,0.0,0.0,0.0,nan,0.0,0
camera2_clip_20260609_183427_18983,198,0.0,0.0,0.0,0.0,0.0,0.0,0.0,0.0,0.0,0.0,0.0,0.0,0.0,0.0,0.0,0.0,nan,nan,0.0,0.0,0.0,0.0,0.0,0.0,0.0,0.0,0.0,0.0,0.0,0.0,0.0,0.0,0.0,0.0,0.0,0.0,0.0,0.0,0.0,0.0,0.0,0.0,0.0,0.0,0.0,0.0,0.0,0.0,0.0,0.0,0.0,0.0,0.0,0.0,0.0,0.0,0.0,0.0,nan,0.0,0
camera2_clip_20260609_183427_18983,199,0.0,0.0,0.0,0.0,0.0,0.0,0.0,0.0,0.0,0.0,0.0,0.0,0.0,0.0,0.0,0.0,nan,nan,0.0,0.0,0.0,0.0,0.0,0.0,0.0,0.0,0.0,0.0,0.0,0.0,0.0,0.0,0.0,0.0,0.0,0.0,0.0,0.0,0.0,0.0,0.0,0.0,0.0,0.0,0.0,0.0,0.0,0.0,0.0,0.0,0.0,0.0,0.0,0.0,0.0,0.0,0.0,0.0,nan,0.0,0
camera2_clip_20260609_183427_18983,200,0.0,0.0,0.0,0.0,0.0,0.0,0.0,0.0,0.0,0.0,0.0,0.0,0.0,0.0,0.0,0.0,nan,nan,0.0,0.0,0.0,0.0,0.0,0.0,0.0,0.0,0.0,0.0,0.0,0.0,0.0,0.0,0.0,0.0,0.0,0.0,0.0,0.0,0.0,0.0,0.0,0.0,0.0,0.0,0.0,0.0,0.0,0.0,0.0,0.0,0.0,0.0,0.0,0.0,0.0,0.0,0.0,0.0,nan,0.0,0
camera2_clip_20260609_183427_18983,201,0.0,0.0,0.0,0.0,0.0,0.0,0.0,0.0,0.0,0.0,0.0,0.0,0.0,0.0,0.0,0.0,nan,nan,0.0,0.0,0.0,0.0,0.0,0.0,0.0,0.0,0.0,0.0,0.0,0.0,0.0,0.0,0.0,0.0,0.0,0.0,0.0,0.0,0.0,0.0,0.0,0.0,0.0,0.0,0.0,0.0,0.0,0.0,0.0,0.0,0.0,0.0,0.0,0.0,0.0,0.0,0.0,0.0,nan,0.0,0
camera2_clip_20260609_183427_18983,202,0.0,0.0,0.0,0.0,0.0,0.0,0.0,0.0,0.0,0.0,0.0,0.0,0.0,0.0,0.0,0.0,nan,nan,0.0,0.0,0.0,0.0,0.0,0.0,0.0,0.0,0.0,0.0,0.0,0.0,0.0,0.0,0.0,0.0,0.0,0.0,0.0,0.0,0.0,0.0,0.0,0.0,0.0,0.0,0.0,0.0,0.0,0.0,0.0,0.0,0.0,0.0,0.0,0.0,0.0,0.0,0.0,0.0,nan,0.0,0
camera2_clip_20260609_183427_18983,203,0.0,0.0,0.0,0.0,0.0,0.0,0.0,0.0,0.0,0.0,0.0,0.0,0.0,0.0,0.0,0.0,nan,nan,0.0,0.0,0.0,0.0,0.0,0.0,0.0,0.0,0.0,0.0,0.0,0.0,0.0,0.0,0.0,0.0,0.0,0.0,0.0,0.0,0.0,0.0,0.0,0.0,0.0,0.0,0.0,0.0,0.0,0.0,0.0,0.0,0.0,0.0,0.0,0.0,0.0,0.0,0.0,0.0,nan,0.0,0
camera2_clip_20260609_183427_18983,204,0.0,0.0,0.0,0.0,0.0,0.0,0.0,0.0,0.0,0.0,0.0,0.0,0.0,0.0,0.0,0.0,nan,nan,0.0,0.0,0.0,0.0,0.0,0.0,0.0,0.0,0.0,0.0,0.0,0.0,0.0,0.0,0.0,0.0,0.0,0.0,0.0,0.0,0.0,0.0,0.0,0.0,0.0,0.0,0.0,0.0,0.0,0.0,0.0,0.0,0.0,0.0,0.0,0.0,0.0,0.0,0.0,0.0,nan,0.0,0
camera2_clip_20260609_183427_18983,205,0.0,0.0,0.0,0.0,0.0,0.0,0.0,0.0,0.0,0.0,0.0,0.0,0.0,0.0,0.0,0.0,nan,nan,0.0,0.0,0.0,0.0,0.0,0.0,0.0,0.0,0.0,0.0,0.0,0.0,0.0,0.0,0.0,0.0,0.0,0.0,0.0,0.0,0.0,0.0,0.0,0.0,0.0,0.0,0.0,0.0,0.0,0.0,0.0,0.0,0.0,0.0,0.0,0.0,0.0,0.0,0.0,0.0,nan,0.0,0
