video_id,frame_no,left_wrist_speed,right_wrist_speed,wrist_speed_max,left_elbow_speed,right_elbow_speed,elbow_speed_max,left_elbow_angle,right_elbow_angle,left_elbow_joint_angle,right_elbow_joint_angle,left_arm_length,right_arm_length,left_forearm_length,right_forearm_length,left_shoulder_wrist_dist,right_shoulder_wrist_dist,left_wrist_height_rel,right_wrist_height_rel,bat_arm_wrist_speed,bat_arm_elbow_speed,bat_arm_elbow_angle,bat_arm_extension,arm_activity_score,shoulder_line_angle,hip_line_angle,hip_shoulder_separation,trunk_lean,shoulder_rotation_change,left_shoulder_speed,right_shoulder_speed,shoulder_speed_max,body_center_x,body_center_y,body_center_speed,upper_body_rotation,lower_body_rotation,left_knee_speed,right_knee_speed,knee_speed_max,left_ankle_speed,right_ankle_speed,ankle_speed_max,left_knee_angle,right_knee_angle,front_knee_angle,back_knee_angle,left_hip_speed,right_hip_speed,hip_speed_max,head_movement,head_speed,left_eye_speed,right_eye_speed,eye_separation,head_orientation_angle,left_ear_speed,right_ear_speed,ear_separation,wrist_height_change,pose_activity_score,impact_like_frame_flag
cda3cfaa-53c1-4fc8-aa6b-3b840f7011ff_delivery_1,0,0.0,0.0,0.0,0.0,0.0,0.0,85.8875998077171,83.19930745239937,165.97458903427338,160.8192123268046,24.929347993909058,24.08980507445088,11.478252097112131,11.01485851902421,24.929347993909058,24.08980507445088,-24.90936279296875,-24.077392578125,0.0,0.0,160.8192123268046,24.08980507445088,0.0,175.03608586593526,173.66857304214042,1.36751282379484,-106.80650596879293,0.0,0.0,0.0,0.0,184.1780662536621,284.0000991821289,0.0,175.03608586593526,173.66857304214042,0.0,0.0,0.0,0.0,0.0,0.0,167.59920298062084,179.24422866577356,179.24422866577356,167.59920298062084,0.0,0.0,0.0,0.0,0.0,0.0,0.0,3.523532492003144,178.22961942747438,0.0,0.0,7.854691571080367,0.0,0.0,0
cda3cfaa-53c1-4fc8-aa6b-3b840f7011ff_delivery_1,1,15.673235648089424,11.885828627525212,15.673235648089424,15.366877010935493,9.430540635526897,15.366877010935493,86.01767008556848,82.87237767765454,167.35379827503945,159.18913090627933,25.243159306118535,24.39885785577908,11.615268077002844,11.237707104998206,25.243159306118535,24.39885785577908,-25.230712890625,-24.379364013671875,11.885828627525212,9.430540635526897,159.18913090627933,24.39885785577908,11.563938867623405,175.82844584534234,173.62584237198575,2.2026034733565893,-107.02603806288607,0.792359979407081,12.559099796216307,4.468051487447094,12.559099796216307,184.1199722290039,284.19432830810547,6.081930792992186,175.82844584534234,173.62584237198575,6.663773568501263,1.4964590597737342,6.663773568501263,6.740822494262103,4.218344395729519,6.740822494262103,167.39676289339735,179.20262487581755,179.20262487581755,167.39676289339735,9.46099180695999,9.029930057888436,9.46099180695999,9.00036385292438,9.00036385292438,8.832841605904921,8.256766377070868,3.508845812431253,178.47246791588012,8.272245845231978,5.3136262352904415,7.776452925797571,-0.4397430419921875,8.916162882404622,0
cda3cfaa-53c1-4fc8-aa6b-3b840f7011ff_delivery_1,2,6.24021343778402,4.889597834501816,6.24021343778402,11.532684854754086,7.553618923087943,11.532684854754086,85.79733075821682,82.27568079689297,167.9097024904786,157.64050222383122,25.23493439807977,24.53929757460226,11.53059841778797,11.305758454414464,25.23493439807977,24.53929757460226,-25.228546142578125,-24.518310546875,4.889597834501816,7.553618923087943,157.64050222383122,24.53929757460226,7.395575447644842,177.06138795560307,173.18196578509003,3.8794221705130383,-107.40551140609061,1.2329421102607228,12.526865108644639,1.630472527096554,12.526865108644639,184.05167770385742,284.3181381225586,4.241899466973601,177.06138795560307,173.18196578509003,7.621617771133069,4.611319650983961,7.621617771133069,8.810031350906655,3.838695694662296,8.810031350906655,167.11873518669307,178.63348530111057,178.63348530111057,167.11873518669307,6.638577483929498,7.674205341616714,7.674205341616714,5.177395544131952,5.177395544131952,5.327876825300087,4.492305373117339,3.492701851172728,179.00220704389804,7.027405641547236,3.5253830431489437,7.691017997703455,-0.135101318359375,6.963991664925104,0
cda3cfaa-53c1-4fc8-aa6b-3b840f7011ff_delivery_1,3,13.087468510533675,3.468315117790251,13.087468510533675,22.22285332186271,2.395598184169327,22.22285332186271,85.51528084829174,82.5782503378475,169.68815863562185,157.8165877439852,25.465064162272583,24.71409361387424,11.67127016635344,11.419892647717486,25.465064162272583,24.71409361387424,-25.464874267578125,-24.688140869140625,3.468315117790251,2.395598184169327,157.8165877439852,24.71409361387424,11.679912460661448,178.8716651485097,169.46041204727106,9.411253101238628,-108.26067408812753,1.810277192906625,24.26228200468707,4.642957624925652,24.26228200468707,183.93195724487305,284.3249969482422,3.5975031077496804,178.8716651485097,169.46041204727106,19.202902519670236,11.210515948089142,19.202902519670236,13.020093290140442,17.220828722378638,17.220828722378638,165.5466548000485,177.46015006601309,177.46015006601309,165.5466548000485,6.760101228810469,12.254832024278668,12.254832024278668,14.663923927469387,14.663923927469387,16.40779427302346,13.720423743943401,3.4020757676730797,179.2434299471025,18.329127762255617,9.461872570883122,7.408690664642947,-0.1939849853515625,12.479062374778023,0
cda3cfaa-53c1-4fc8-aa6b-3b840f7011ff_delivery_1,4,14.615215372265405,44.57917501473868,44.57917501473868,13.921898128088129,15.620845749067588,15.620845749067588,85.67431281666431,83.22644529370554,170.29818480956786,154.39698507788822,25.785853663062927,23.680036060525268,11.75789872032732,10.665991577658502,25.785853663062927,23.680036060525268,-25.78582763671875,-23.608642578125,44.57917501473868,15.620845749067588,154.39698507788822,23.680036060525268,18.104407486903202,-178.17477761830773,173.58014158328103,351.7549192015888,-108.0270344260271,-357.04644276681745,9.793375423025001,10.09593523423442,10.09593523423442,183.57494354248047,284.45579528808594,11.406589782303199,-178.17477761830773,173.58014158328103,7.42867760984894,20.47867975967348,20.47867975967348,4.604774653022095,20.62821791211421,20.62821791211421,165.8049816312787,178.06500046638794,178.06500046638794,165.8049816312787,12.701845994020324,13.817983804188685,13.817983804188685,12.83107006869188,12.83107006869188,14.743252619456978,11.892495274705462,3.290138422349415,179.2697744618303,16.32972372079051,8.845614124986604,7.139167305118505,0.3210601806640625,15.690552054523915,0
cda3cfaa-53c1-4fc8-aa6b-3b840f7011ff_delivery_1,5,13.973780673425294,83.17594247369804,83.17594247369804,18.658322452730424,46.79107367880821,46.79107367880821,86.83010812194179,85.62170244838401,170.282994312231,148.53200304973993,25.66795488949896,21.236038568650162,11.3837184333181,8.476348176800615,25.66795488949896,21.236038568650162,-25.66302490234375,-21.047119140625,83.17594247369804,46.79107367880821,148.53200304973993,21.236038568650162,33.8482135264201,175.80352559393694,174.0062631074631,1.7972624864738407,-107.27241582289139,353.97830321224467,9.144989413698053,31.34517246616059,31.34517246616059,182.94511032104492,284.8251190185547,21.903901804019057,175.80352559393694,174.0062631074631,10.665329960024932,41.335606985054135,41.335606985054135,10.07460995507513,32.66225641263764,32.66225641263764,166.54511482268728,179.24203676776315,179.24203676776315,166.54511482268728,16.853397127841877,36.80824855334706,36.80824855334706,16.23604297241269,16.23604297241269,16.50610524543882,15.610804616106766,3.2439155398616117,178.84426732504588,15.66329766083488,15.462305503838543,7.075927088473925,0.925079345703125,29.290727512708447,0
cda3cfaa-53c1-4fc8-aa6b-3b840f7011ff_delivery_1,6,15.053556616552344,14.95138693292929,15.053556616552344,7.422893085734979,3.1690936685699462,7.422893085734979,86.28165721039088,84.39813316722838,168.32880089061968,146.51367747745888,25.36465386887263,20.5845680557704,11.172826135862095,8.008212859275432,25.36465386887263,20.5845680557704,-25.357147216796875,-20.4400634765625,14.95138693292929,3.1690936685699462,146.51367747745888,20.5845680557704,10.70724337390502,176.84429131777392,175.54595533287832,1.2983359848956013,-106.7376710070316,1.0407657238369836,11.841978001778335,11.804551937865222,11.841978001778335,182.4350929260254,284.92174530029297,15.572698654715145,176.84429131777392,175.54595533287832,24.83784825361219,23.089971140051247,24.83784825361219,16.646339541754823,19.924238785236216,19.924238785236216,165.1471412190597,179.8679034674305,179.8679034674305,165.1471412190597,19.01889862905218,20.12476432342801,20.12476432342801,17.50451966830781,17.50451966830781,18.79299984105043,15.455716972984323,3.118015209591191,178.98212618567058,17.69211411781391,10.243243190886352,6.8081568527614955,0.3255767822265625,15.657126743047064,0
cda3cfaa-53c1-4fc8-aa6b-3b840f7011ff_delivery_1,7,15.216699304660805,28.633736861232652,28.633736861232652,6.259976776239644,18.369105860344145,18.369105860344145,85.31967379942397,84.73528718198627,164.92113546064428,143.2662915005354,25.164797197855776,19.81434702896528,11.059478167187905,7.544642640525883,25.164797197855776,19.81434702896528,-25.15118408203125,-19.6263427734375,28.633736861232652,18.369105860344145,143.2662915005354,19.81434702896528,16.162637938207673,175.69073368098444,174.4450196886479,1.2457139923365332,-106.16974400436388,-1.1535576367894862,11.062021085002286,17.43428774176651,17.43428774176651,181.87646484375,285.0992202758789,17.584266579511322,175.69073368098444,174.4450196886479,39.01552276851917,19.196742331390297,39.01552276851917,28.638055682049096,4.910497820531561,28.638055682049096,162.37958919772197,179.06594691355414,179.06594691355414,162.37958919772197,20.699865946687122,22.698036263178466,22.698036263178466,23.625217737070123,23.625217737070123,23.17974972662321,20.942048635260225,3.0283841365041226,178.9681661698537,17.56096777444951,14.2210525677825,6.667724306906137,0.2576904296875,19.34454570346681,0
cda3cfaa-53c1-4fc8-aa6b-3b840f7011ff_delivery_1,8,22.062936920282677,72.68226037212142,72.68226037212142,9.68498302071552,30.290465199586713,30.290465199586713,84.75732763795484,87.28288460419608,160.91508890703176,131.61005300549388,24.63296586599768,18.3890045412518,10.634561252688219,7.047363457606733,24.63296586599768,18.3890045412518,-24.602020263671875,-17.847900390625,72.68226037212142,30.290465199586713,131.61005300549388,18.3890045412518,27.711552147970092,170.87278546345092,171.96445861974718,1.0916731562962525,-105.18164132580112,-4.817948217533512,12.072620853967605,19.476046521146596,19.476046521146596,181.2777557373047,285.36353302001953,19.633706699707083,170.87278546345092,171.96445861974718,43.24824218356395,18.536190942679465,43.24824218356395,33.40997071713908,9.288448329728782,33.40997071713908,160.15166032288636,177.844517863954,177.844517863954,160.15166032288636,27.3637466102642,25.41608439447698,27.3637466102642,29.605578591837187,29.605578591837187,29.555257652727192,27.82867687490425,2.925222065564093,177.85480012752367,22.88173451624415,20.97187681682783,6.440385950520584,0.7537994384765625,26.96099967213942,0
cda3cfaa-53c1-4fc8-aa6b-3b840f7011ff_delivery_1,9,13.695605498100834,61.08902736813871,61.08902736813871,13.208127717550935,50.908957952716904,50.908957952716904,83.38522842382532,89.23824369716206,158.45543297429637,120.25050789922066,24.340064353758926,17.232926573988866,10.452555881820178,6.503372292609182,24.340064353758926,17.232926573988866,-24.317657470703125,-16.364776611328125,61.08902736813871,50.908957952716904,120.25050789922066,17.232926573988866,33.32683836473846,163.46106998614664,166.58960258572012,3.128532599573475,-105.4496486633276,-7.411715477304284,22.27379964887734,38.78551200304602,38.78551200304602,180.47717666625977,285.7610397338867,26.815006860118014,163.46106998614664,166.58960258572012,41.369700020351615,26.247521681533872,41.369700020351615,41.93333971989793,14.620646461782497,41.93333971989793,158.57362409876492,176.77365629493022,176.77365629493022,158.57362409876492,22.91223398284808,26.460237051523997,26.460237051523997,27.111881749393433,27.111881749393433,25.415586876530604,29.310556668176144,3.0524378359554336,177.18397903934166,25.901999572480907,35.46525095729913,6.729420209753527,0.2623443603515625,31.12539242553073,0
cda3cfaa-53c1-4fc8-aa6b-3b840f7011ff_delivery_1,10,12.331065760789008,80.9837898884481,80.9837898884481,13.458994101478075,26.070342643750088,26.070342643750088,80.54609289727838,84.94998834529571,156.32347868246532,130.5980015926471,24.161731585121878,19.20904799563796,10.53315409443445,7.8057125433789905,24.161731585121878,19.20904799563796,-24.1602783203125,-18.722625732421875,80.9837898884481,26.070342643750088,130.5980015926471,19.20904799563796,29.245312669316686,162.69943687268102,163.8234945057139,1.1240576330328906,-106.48991798586744,-0.7616331134656207,35.21574585325639,7.411937768178463,35.21574585325639,180.06082153320312,285.99242401123047,14.289900369213639,162.69943687268102,163.8234945057139,40.616649362039055,3.5093477056850313,40.616649362039055,40.19107885193306,5.438282687022328,40.19107885193306,156.39818950086297,175.84013298114476,175.84013298114476,156.39818950086297,17.487407394758794,5.487957203282187,17.487407394758794,33.950582837005776,33.950582837005776,34.6640188482147,31.964149555200194,2.9720508786759563,177.96926923824736,32.17984158905517,24.97997942788993,6.53883272974241,-1.397216796875,24.016883268385044,0
cda3cfaa-53c1-4fc8-aa6b-3b840f7011ff_delivery_1,11,10.837180593404263,44.56561088943131,44.56561088943131,14.67470152724035,38.1691495168415,38.1691495168415,79.36611541575982,86.56625430886314,155.91528828850366,129.7804836345614,23.85870884794145,19.04773372035769,10.495409541265682,7.882410795160147,23.85870884794145,19.04773372035769,-23.8583984375,-18.38922119140625,44.56561088943131,38.1691495168415,129.7804836345614,19.04773372035769,27.451020847691996,159.6010568187351,160.93985602674516,1.338799208010073,-107.55863668255598,-3.098380053945931,25.549098774383584,30.910383784850964,30.910383784850964,179.51340866088867,286.3800506591797,20.12271710973239,159.6010568187351,160.93985602674516,23.558518414905862,12.994263945412483,23.558518414905862,28.074384417233496,11.181112206145992,28.074384417233496,156.21664050367107,175.67437774553244,175.67437774553244,156.21664050367107,12.261667661022685,12.317288290370506,12.317288290370506,37.22081434748255,37.22081434748255,38.03225003550436,36.70995022868546,2.9014957085580697,177.4627009987742,36.50485456862859,33.662805217019965,6.362511967175706,-0.27777099609375,22.091113335103582,0
cda3cfaa-53c1-4fc8-aa6b-3b840f7011ff_delivery_1,12,15.715339859763024,32.395891529941785,32.395891529941785,13.014977976894103,44.74531271784449,44.74531271784449,79.1269515049107,87.00410989533081,155.6499498384423,134.93596491150475,23.750199823613347,18.908689327055175,10.585461912488908,7.590952347839911,23.750199823613347,18.908689327055175,-23.749908447265625,-18.3851318359375,32.395891529941785,44.74531271784449,134.93596491150475,18.908689327055175,28.290761373659524,162.66309203574446,167.61764271761066,4.954550681866209,-108.3012106744397,3.0620352170093668,18.777346636218617,45.09569952129513,45.09569952129513,178.8602523803711,286.77417755126953,22.885677190399257,162.66309203574446,167.61764271761066,11.975955932377692,31.362334423549974,31.362334423549974,11.823103501354142,20.025612956380783,20.025612956380783,157.49528624148778,174.48922064273333,174.48922064273333,157.49528624148778,6.637843790788729,28.994066202011005,28.994066202011005,31.798930917771944,31.798930917771944,33.602331247884145,35.93602951846992,2.9240932668084785,175.3000459174172,33.50425006583969,42.67262673340042,6.512670018774334,-0.6483306884765625,23.380290420701623,0
cda3cfaa-53c1-4fc8-aa6b-3b840f7011ff_delivery_1,13,21.358022661746308,27.79777260492215,27.79777260492215,15.241504383354176,40.69724104599024,40.69724104599024,78.52728249190505,86.31560573877029,154.74144432157254,134.82352242075507,23.93057507098237,18.479379861025915,10.781339970719484,7.156388992533573,23.93057507098237,18.479379861025915,-23.930023193359375,-18.05804443359375,27.79777260492215,40.69724104599024,134.82352242075507,18.479379861025915,28.015662417286226,163.45297125027642,168.96224559863458,5.509274348358161,-109.46438274355738,0.7898792145319646,17.575653361360597,45.42378044634389,45.42378044634389,178.19601440429688,287.1593017578125,23.03431069062135,163.45297125027642,168.96224559863458,10.71684664323116,25.66351882231322,25.66351882231322,9.096220299735641,15.221540636199764,15.221540636199764,158.671295063644,173.73239059682916,173.73239059682916,158.671295063644,6.452607312822831,24.78725133657889,24.78725133657889,29.061582096807463,29.061582096807463,29.18964584099679,33.165216938682576,3.0355552067238554,173.9196891406032,29.10512568434565,41.31332648335348,6.8595455179439515,-0.4974365234375,21.66932996288324,0
cda3cfaa-53c1-4fc8-aa6b-3b840f7011ff_delivery_1,14,22.80619933383052,36.375077721877425,36.375077721877425,23.733872010653414,17.534356462930802,23.733872010653414,78.61014266799107,85.63329502056577,155.30161047146672,139.6613741041818,23.94176824977633,19.19699447484297,10.825043092759945,7.687418727970934,23.94176824977633,19.19699447484297,-23.94085693359375,-18.86590576171875,36.375077721877425,17.534356462930802,139.6613741041818,19.19699447484297,24.39244175799773,164.10524365026725,169.51822876341032,5.4129851131430655,-110.76128518387686,0.6522723999908351,23.763398758177917,22.141746260516324,23.763398758177917,177.77835845947266,287.4036407470703,14.516343442020316,164.10524365026725,169.51822876341032,8.923418940964595,3.474262218598002,8.923418940964595,1.8378923539772778,3.520250258105026,3.520250258105026,157.97569591062725,173.6641377787391,173.6641377787391,157.97569591062725,6.514301305382124,5.77921508766321,6.514301305382124,27.807680972246356,27.807680972246356,29.41798528790595,29.624446049199168,3.0056847793655392,172.88566274253247,29.590041545877234,29.569274697995795,6.784842736617493,-0.815948486328125,14.70033255938972,0
cda3cfaa-53c1-4fc8-aa6b-3b840f7011ff_delivery_1,15,22.294421589823774,85.26415824696801,85.26415824696801,25.11567999721227,66.60133045556738,66.60133045556738,79.39359809042666,89.32136435723426,155.06702078334837,131.0822840669002,23.720518078657427,17.432238368757087,10.480315185594193,6.498865942422375,23.720518078657427,17.432238368757087,-23.720458984375,-16.786651611328125,85.26415824696801,66.60133045556738,131.0822840669002,17.432238368757087,43.84698312989755,163.56697148567608,168.86513580121164,5.298164315535558,-111.89436510669663,-0.5382721645911772,18.33789509446539,45.468413395348506,45.468413395348506,177.0473747253418,287.74302673339844,24.177842346905734,163.56697148567608,168.86513580121164,9.72894751007123,15.441530491001961,15.441530491001961,7.134940428515213,6.287156530374057,7.134940428515213,157.78919239682446,173.71786851249868,173.71786851249868,157.78919239682446,8.736336255693393,25.83795828087358,25.83795828087358,21.022688621280913,21.022688621280913,21.103836528892526,25.078005294647802,3.1312453510365077,171.93165340062058,26.316051826540058,36.29872195064359,7.069373756401858,0.5930938720703125,28.020730689659562,0
cda3cfaa-53c1-4fc8-aa6b-3b840f7011ff_delivery_1,16,27.997849834282338,21.28831146604104,27.997849834282338,28.80396403272459,31.958794733475745,31.958794733475745,80.60318246559993,88.83721346848291,155.94486652359998,136.64828386662455,23.75794433078553,17.50489527464467,10.386237348027704,6.173087295113876,23.75794433078553,17.50489527464467,-23.755218505859375,-17.06671142578125,21.28831146604104,31.958794733475745,136.64828386662455,17.50489527464467,27.39435480974103,165.55172321488394,169.3608535895135,3.809130374629575,-112.9630913285108,1.9847517292078578,19.744063810365503,34.57314498155698,34.57314498155698,176.4122772216797,287.9615707397461,20.149424053344422,165.55172321488394,169.3608535895135,12.575597454502535,23.35341991881667,23.35341991881667,7.063847617106607,10.793630576577499,10.793630576577499,156.56273793306138,172.29338194010637,172.29338194010637,156.56273793306138,7.87896534165184,20.399314086493217,20.399314086493217,16.771106432064396,16.771106432064396,16.075559380717117,19.592382061798876,3.28263092955101,172.2549854396637,17.864144357687916,28.745028026021988,7.492548786490422,-0.5501861572265625,20.535908654466215,0
cda3cfaa-53c1-4fc8-aa6b-3b840f7011ff_delivery_1,17,32.685099103748044,15.920946756096672,32.685099103748044,38.32639020441501,20.500992853593132,38.32639020441501,81.80662409561629,88.6664133589148,157.5209174365278,135.96395851463055,23.545396500499432,17.473849611772753,10.092765534284347,5.999693697726694,23.545396500499432,17.473849611772753,-23.539886474609375,-17.06134033203125,15.920946756096672,20.500992853593132,135.96395851463055,17.473849611772753,26.0448260384816,165.3818492374283,168.82743557723484,3.445586339806539,-114.17709304083412,-0.16987397745563726,29.64192863683308,19.193598676203667,29.64192863683308,175.8555564880371,288.0961608886719,17.182759822271127,165.3818492374283,168.82743557723484,29.84287611445846,28.59331137851327,29.84287611445846,15.5933368926523,21.588856755382388,21.588856755382388,153.85349900377724,169.7844487756773,169.7844487756773,153.85349900377724,13.194018565608678,7.881560666671799,13.194018565608678,21.187434022500582,21.187434022500582,20.884162628796325,21.476997766996302,3.3350140931792858,173.03808083570797,23.39941630919276,23.28279000907704,7.546018982414774,-0.173065185546875,22.746909717014706,0
cda3cfaa-53c1-4fc8-aa6b-3b840f7011ff_delivery_1,18,30.200327898380532,19.26170287095829,30.200327898380532,37.64336192321943,17.032940227981513,37.64336192321943,83.51410330020776,88.3098741914796,159.27372757120156,140.7077904515871,22.91876753524437,17.610133707686348,9.50864036567839,5.820418480593874,22.91876753524437,17.610133707686348,-22.9053955078125,-17.3212890625,19.26170287095829,17.032940227981513,140.7077904515871,17.610133707686348,24.890286952470074,166.65747762213957,169.20444044709865,2.546962824959081,-114.82376218880528,1.2756283847112684,27.609959930310126,17.59342886397054,27.609959930310126,175.3634147644043,288.46571350097656,18.4633514959052,166.65747762213957,169.20444044709865,31.233400587225503,32.79720009190407,32.79720009190407,14.508162881239933,21.628072419718077,21.628072419718077,150.29494268634818,166.5383947014233,166.5383947014233,150.29494268634818,16.055470398797052,12.628980936224256,16.055470398797052,21.341597857528765,21.341597857528765,20.97883810854361,20.28400110615911,3.362683329208019,174.0887847802354,21.999817902061306,19.31987637263984,7.585831055670275,-0.2759552001953125,23.182750752494112,0
cda3cfaa-53c1-4fc8-aa6b-3b840f7011ff_delivery_1,19,29.72459711441721,34.50948690081601,34.50948690081601,18.468755903581943,23.0049881634545,23.0049881634545,84.07687903246692,88.12682749171114,156.26721643543388,131.35880497360327,22.01675624249509,16.080033834771246,8.89876891349813,4.878463326916149,22.01675624249509,16.080033834771246,-21.97711181640625,-15.768890380859375,34.50948690081601,23.0049881634545,131.35880497360327,16.080033834771246,25.538314730749452,166.36426853325966,169.39326642387547,3.0289978906158126,-114.68010900363768,-0.29320908887990527,18.93634274105214,28.585717561174913,28.585717561174913,174.7520408630371,288.95152282714844,23.426691482188772,166.36426853325966,169.39326642387547,23.10655931493264,37.78229177824747,37.78229177824747,8.039416137700773,19.614525259700198,19.614525259700198,147.57343341446847,163.39691069566885,163.39691069566885,147.57343341446847,19.529363068984342,28.0740412309994,28.0740412309994,26.26514971409514,26.26514971409514,24.921139085245972,26.58100440811957,3.430006693680661,174.01097945535545,22.692534759721305,27.56661333940737,7.786590237642173,0.6674346923828125,24.11467376458846,0
cda3cfaa-53c1-4fc8-aa6b-3b840f7011ff_delivery_1,20,37.587591010815096,88.38872009607302,88.38872009607302,23.3801421398097,33.504882128439014,33.504882128439014,85.92981718133508,90.28090065782112,153.08317722135985,101.90090303433635,21.20956594641851,13.181346953211834,8.285154241666074,3.833714214913938,21.20956594641851,13.181346953211834,-21.0888671875,-12.61773681640625,88.38872009607302,33.504882128439014,101.90090303433635,13.181346953211834,37.11192936179458,166.61287937279008,170.66343910582154,4.050559733031463,-114.16618117385903,0.2486108395304143,14.926093501319288,24.88414729431136,24.88414729431136,174.156982421875,289.33812713623047,21.28853438307031,166.61287937279008,170.66343910582154,14.000174033039086,47.93421758285114,47.93421758285114,4.346151427923073,44.86887798619359,44.86887798619359,146.61422255224585,160.85442971132977,160.85442971132977,146.61422255224585,19.023753051960597,29.5375392239695,29.5375392239695,31.942469316013963,31.942469316013963,30.08650316751001,30.0479654747588,3.4131462094574916,173.62778781135648,22.31046181423533,25.38570877723454,7.872598110121802,1.5420074462890625,31.86519078972537,0
cda3cfaa-53c1-4fc8-aa6b-3b840f7011ff_delivery_1,21,53.01505698532478,42.921242849019606,53.01505698532478,13.446541662300277,29.485593371612186,29.485593371612186,87.16057206923514,91.6914233215441,145.15751366531904,84.56942175351773,19.660222563744497,11.921592092258635,7.653543445566602,4.136453174612529,19.660222563744497,11.921592092258635,-19.360870361328125,-11.0614013671875,42.921242849019606,29.485593371612186,84.56942175351773,11.921592092258635,30.547132093828726,165.30219265997735,172.56866175606743,7.266469096090077,-113.17391908502366,-1.3106867128127249,15.782137322974615,28.632220371740885,28.632220371740885,173.56513214111328,289.8990936279297,24.463710750463623,165.30219265997735,172.56866175606743,6.341755099183938,50.286557187945945,50.286557187945945,11.207986141628274,68.74710516582141,68.74710516582141,147.05941865502805,160.25319283502205,160.25319283502205,147.05941865502805,23.501914176252413,35.33610188820001,35.33610188820001,32.00821768682814,32.00821768682814,32.387625323469706,32.446526326330265,3.357718199746909,172.21061839093227,27.013340179109917,30.70314602086753,7.844221927736785,1.00103759765625,31.558684351833694,0
cda3cfaa-53c1-4fc8-aa6b-3b840f7011ff_delivery_1,22,84.69197580344742,170.8265058397129,170.8265058397129,42.14470895821365,88.94529917141094,88.94529917141094,90.45730690774013,103.84353250448106,136.81887509439844,69.25661904774786,17.92487681002072,9.704108315823268,7.159880870205019,6.066735519228855,17.92487681002072,9.704108315823268,-17.202606201171875,-6.286651611328125,170.8265058397129,88.94529917141094,69.25661904774786,9.704108315823268,70.13249320779505,167.10514786063123,174.39129467353555,7.28614681290432,-112.34707238756972,1.8029552006538836,21.94537681911029,12.241092654875185,21.94537681911029,172.95452499389648,290.3157653808594,22.176807572993013,167.10514786063123,174.39129467353555,16.658959949514948,26.603383488232765,26.603383488232765,13.584287140939256,78.89098841133834,78.89098841133834,148.95525940683274,164.55493593166895,164.55493593166895,148.95525940683274,28.669836289911327,26.300858774857744,28.669836289911327,31.142473009816698,31.142473009816698,37.061449197293896,26.76589065105098,2.9166545380364295,171.41062964295173,37.63819896775678,18.37703831653226,6.85428087262304,3.1826324462890625,50.95860610846373,0
cda3cfaa-53c1-4fc8-aa6b-3b840f7011ff_delivery_1,23,218.0616714257768,132.9834070467434,218.0616714257768,114.18032441769493,81.66295929685293,114.18032441769493,102.02745518792898,93.6253322595121,114.86414248703971,42.38664276196197,13.560262299231104,5.643845131634594,6.0467076955527865,5.9967425241574075,13.560262299231104,5.643845131634594,-10.985443115234375,-3.674835205078125,132.9834070467434,81.66295929685293,42.38664276196197,5.643845131634594,99.52769090766436,164.4881135051285,176.26609752238193,11.77798401725343,-111.6571065598341,-2.6170343555027387,35.29183231291053,14.985950946007598,35.29183231291053,172.48149490356445,290.4418411254883,14.68629646197218,164.4881135051285,176.26609752238193,13.232399088850496,42.751669768867856,42.751669768867856,11.43344695358997,99.08996241338028,99.08996241338028,151.26968818898743,167.24464612760244,167.24464612760244,151.26968818898743,26.709706762628965,11.156397469431457,26.709706762628965,24.15913200992432,24.15913200992432,29.147723425755785,24.732077155086582,2.7417091266269624,170.79145754167317,31.329277814371295,19.116660649940158,6.340573562204973,4.298492431640625,66.79497732522792,0
cda3cfaa-53c1-4fc8-aa6b-3b840f7011ff_delivery_1,24,128.94851613167492,122.54409790457058,128.94851613167492,63.76718656718869,68.3671930106811,68.3671930106811,109.9017370285066,101.34177857969566,97.32020262909879,41.47042549204126,12.776214362527393,5.324172981919809,7.111143693248612,7.847765270158161,12.776214362527393,5.324172981919809,-7.61572265625,-0.111846923828125,122.54409790457058,68.3671930106811,41.47042549204126,5.324172981919809,73.11863473418708,170.83992679162048,-179.71560608378036,350.55553287540084,-111.36558548840688,6.351813286491989,29.41407304717061,25.670741743836583,29.41407304717061,171.5644302368164,290.65296173095703,28.231570302519096,170.83992679162048,-179.71560608378036,9.828499119626375,53.56956316224585,53.56956316224585,4.884934786678185,105.11890305519387,105.11890305519387,153.37813666649214,170.5734808751531,170.5734808751531,153.37813666649214,27.16602141917594,33.62390332068825,33.62390332068825,26.011706750675504,26.011706750675504,29.76760382720316,26.919398736015218,2.6235155622786106,169.8199812595766,33.41441765066738,26.361065471737177,6.0763664122690395,3.260986328125,56.075302772394245,0
cda3cfaa-53c1-4fc8-aa6b-3b840f7011ff_delivery_1,25,68.2726417973569,94.99475807108826,94.99475807108826,38.74714481550326,90.0618613716904,90.0618613716904,112.3265736654493,112.31640431165255,87.51965458503983,50.00537535090817,12.20840112053203,6.146713310908045,8.024033466972883,8.023191785868812,12.20840112053203,6.146713310908045,-5.472015380859375,2.367706298828125,94.99475807108826,90.0618613716904,50.00537535090817,6.146713310908045,60.02066373884836,-178.2061020453988,-175.90527419315225,2.300827852246556,-110.637486076012,-349.0460288370193,33.113393392099596,34.934182985351725,34.934182985351725,170.40037536621094,290.8351516723633,35.34678521275923,-178.2061020453988,-175.90527419315225,18.238725957296825,56.43504770972907,56.43504770972907,4.510978631831988,81.71267526898167,81.71267526898167,153.04366921028858,171.67270128537692,171.67270128537692,153.04366921028858,36.47123787993311,43.02409877133835,43.02409877133835,27.022290988504327,27.022290988504327,31.15881047237972,30.58095821937635,2.5900533839072106,168.55409594124436,36.01070105728128,35.10683488554066,6.032535218100686,2.2039031982421875,50.04306222101676,0
cda3cfaa-53c1-4fc8-aa6b-3b840f7011ff_delivery_1,26,38.14524960006279,30.526517669928353,38.14524960006279,41.39199714476115,40.648675468539345,41.39199714476115,110.99394866325127,109.68028467021227,87.66196102878646,46.91210457080009,12.108438606214422,5.119842143022581,7.296713201286241,7.009798493621142,12.108438606214422,5.119842143022581,-6.41375732421875,1.654022216796875,30.526517669928353,40.648675468539345,46.91210457080009,5.119842143022581,39.834819683434965,-175.4848600059954,-176.13852887342387,0.653668867428479,-109.31917593926005,2.721242039403421,39.09390394648766,49.20257427083052,49.20257427083052,168.7005844116211,290.97637939453125,51.16943524148752,-175.4848600059954,-176.13852887342387,27.977038478054677,71.72199140994556,71.72199140994556,14.101382413570153,65.85744103845175,65.85744103845175,154.35887834962875,170.36547012389448,170.36547012389448,154.35887834962875,53.88449921159798,63.16445043547334,63.16445043547334,29.68508902166291,29.68508902166291,29.486098602376575,32.650085391328574,2.695489722969901,168.70469758870706,33.842930170779695,42.134533815160026,6.312032662515751,-0.853912353515625,44.64297675730861,0
cda3cfaa-53c1-4fc8-aa6b-3b840f7011ff_delivery_1,27,59.44383510100304,142.58877310118262,142.58877310118262,12.104529792947279,48.13679969446159,48.13679969446159,105.31832709676964,83.33510688909722,90.26836353937831,26.193579936655958,11.767764687266208,2.945185632338526,5.962921980357767,3.8819560003906712,11.767764687266208,2.945185632338526,-8.20947265625,-2.578094482421875,142.58877310118262,48.13679969446159,26.193579936655958,2.945185632338526,58.70308739025447,-179.83293833275047,-177.89406633660846,1.9388719961420122,-107.87053548952586,-4.348078326755086,27.056724157616106,62.8878624943162,62.8878624943162,166.91518783569336,291.11329650878906,53.719163308451186,-179.83293833275047,-177.89406633660846,20.652520691813717,82.71011360646321,82.71011360646321,20.366011801280912,43.10248814572103,43.10248814572103,157.0835065445944,165.45730376024474,165.45730376024474,157.0835065445944,49.44689823052118,75.93839910866787,75.93839910866787,31.176778902361853,31.176778902361853,27.82655636997103,42.22659717323722,3.1828105736955123,168.0629029744825,29.297601261673744,64.6467585518516,7.554861267176282,-3.15106201171875,53.7029129938329,0
cda3cfaa-53c1-4fc8-aa6b-3b840f7011ff_delivery_1,28,150.17892305679868,171.35816996862425,171.35816996862425,59.83970371569768,137.3923927426943,137.3923927426943,93.74695324538322,96.77076588176656,109.92252145903032,65.6499203705001,14.179691418183852,6.140544539724048,5.351993143917007,3.2680735785341346,14.179691418183852,6.140544539724048,-12.899749755859375,-4.981964111328125,171.35816996862425,137.3923927426943,65.6499203705001,6.140544539724048,105.75789883086584,-179.47720315812526,-178.3853453037791,1.0918578543461592,-107.20327613997111,0.35573517462520954,24.62899216798397,91.14921133339627,91.14921133339627,164.88622665405273,291.21276092529297,60.94193123030714,-179.47720315812526,-178.3853453037791,16.269817673198663,57.255975068484744,57.255975068484744,12.240493120564853,21.920264228404918,21.920264228404918,159.58107746884556,164.0410959920259,164.0410959920259,159.58107746884556,46.06528771918925,82.36196388225613,82.36196388225613,51.59223970007085,51.59223970007085,49.77791113250568,50.2505767074083,3.1969200533667084,168.36049687177783,48.01789799467915,56.76073074325117,7.845071941190005,-3.527679443359375,72.55509955644115,0
cda3cfaa-53c1-4fc8-aa6b-3b840f7011ff_delivery_1,29,24.34533724871426,131.20927075474168,131.20927075474168,43.4691390371435,25.988490869166807,43.4691390371435,86.52774750510719,85.35416466559575,116.73547168557052,134.87418689524463,14.098547259200513,9.805660767616894,5.374186141701514,2.3895041471790424,14.098547259200513,9.805660767616894,-13.52276611328125,-9.763763427734375,131.20927075474168,25.988490869166807,134.87418689524463,9.805660767616894,53.85767960904056,178.37019659337048,-179.3900137219944,357.7602103153649,-106.42700394073172,357.84739975149574,41.68934169976899,56.44449804470817,56.44449804470817,163.3421173095703,290.82112884521484,47.79000333205501,178.37019659337048,-179.3900137219944,11.942165422102544,46.33117693194108,46.33117693194108,6.649063708985689,16.700141812210887,16.700141812210887,162.20939898182323,161.9410248389591,161.9410248389591,162.20939898182323,41.26716997082068,56.51104539230396,56.51104539230396,54.54122092328755,54.54122092328755,54.723893407202915,51.963021702852906,3.1022283771418007,168.34667865552763,50.75658305216623,49.81407286624669,7.800119030062316,-2.039764404296875,41.87890340771736,0
cda3cfaa-53c1-4fc8-aa6b-3b840f7011ff_delivery_1,30,44.48247108603309,149.87132598173625,149.87132598173625,61.468556198699495,64.80266028252719,64.80266028252719,81.65507546772797,75.97677922541489,116.23931537501394,157.3213415953408,13.704994402320585,14.65428628823255,6.283923990227966,4.645712899398697,13.704994402320585,14.65428628823255,-13.178070068359375,-14.54498291015625,149.87132598173625,64.80266028252719,157.3213415953408,14.65428628823255,70.09602604886076,172.9711025154111,178.55471495812955,5.583612442718447,-107.50196874117593,-5.399094077959376,42.453378349521564,57.497764394647014,57.497764394647014,162.02135467529297,290.47332763671875,40.97367026592949,172.9711025154111,178.55471495812955,12.58174594318365,28.758758632536686,28.758758632536686,16.279835074949947,13.088014997323432,16.279835074949947,166.70791619089502,161.7088629261249,161.7088629261249,166.70791619089502,28.136196623511182,43.12559872126124,43.12559872126124,56.90231112598348,56.90231112598348,56.091669830927344,55.207968321271544,3.0694212873200084,168.47104064076203,51.73723677167372,52.399207054218905,7.816399312921807,-1.8952789306640625,46.878858857160886,0
cda3cfaa-53c1-4fc8-aa6b-3b840f7011ff_delivery_1,31,99.1582312247029,71.6800425552194,99.1582312247029,47.43033379632958,32.52316445597526,47.43033379632958,84.2195402880378,78.73516745136499,103.26525346387137,151.10511364919415,12.326102073626611,12.990778844375269,6.500274323585891,3.2075365601492765,12.326102073626611,12.990778844375269,-11.161895751953125,-12.9522705078125,71.6800425552194,32.52316445597526,151.10511364919415,12.990778844375269,49.1251980751852,172.36996182269448,178.57679376773814,6.20683194504366,-108.0153605589034,-0.6011406927166263,24.920365312962247,19.03905110592182,24.920365312962247,161.62594985961914,290.07689666748047,16.797387697684762,172.36996182269448,178.57679376773814,12.168685435999434,6.287120317803322,12.168685435999434,25.68270809401616,4.767532406626418,25.68270809401616,168.77907287257543,163.1483979242624,163.1483979242624,168.77907287257543,12.542040451213571,10.942008852792357,12.542040451213571,34.64038107189112,34.64038107189112,39.49823513970795,26.525221304767037,2.6185557148247742,167.30127794018537,39.48894839682431,13.664173597596562,6.714653177203368,2.3015289306640625,30.59510700079687,0
cda3cfaa-53c1-4fc8-aa6b-3b840f7011ff_delivery_1,32,129.48811471476355,48.00310557417299,129.48811471476355,98.1636885193958,25.303173814076676,98.1636885193958,88.99583312976881,79.8195304727669,96.93346069555625,120.17946312923824,12.013133000955458,12.764839403945137,6.932447707870241,3.6027571091776833,12.013133000955458,12.764839403945137,-9.96575927734375,-12.734649658203125,48.00310557417299,25.303173814076676,120.17946312923824,12.764839403945137,69.09440695835093,172.03397627922698,179.42018006253355,7.38620378330657,-110.34487022321927,-0.3359855434675012,75.72618018416209,37.8821789435344,75.72618018416209,161.35612106323242,289.4389953613281,20.77866911463134,172.03397627922698,179.42018006253355,68.17006745588753,71.09555992112462,71.09555992112462,100.91503714957716,73.90994993517558,100.91503714957716,167.9923459467494,165.89363960026353,165.89363960026353,167.9923459467494,31.14772658527078,48.63171403575037,48.63171403575037,68.2605658048055,68.2605658048055,77.36369360424675,51.40637962001037,1.7440034291349824,167.73196766563404,81.21066095074924,20.272230066880955,4.14850346377317,1.478851318359375,67.36970806940764,0
cda3cfaa-53c1-4fc8-aa6b-3b840f7011ff_delivery_1,33,58.96147291010002,48.280382909557886,58.96147291010002,64.64990716240425,26.47728758029386,64.64990716240425,88.93543483191739,80.02163034033906,102.26509979563882,108.34049041624138,12.272639467797475,12.58829225957604,7.631592777183428,3.908412490730294,12.272639467797475,12.58829225957604,-9.8839111328125,-12.490081787109375,48.280382909557886,26.47728758029386,108.34049041624138,12.58829225957604,44.790426412664665,164.1220549504284,175.86952787007226,11.747472919643855,-112.29064270944656,-7.91192132879857,43.83841120720345,26.535096706428586,43.83841120720345,160.88410186767578,289.07897186279297,17.80946760642464,164.1220549504284,175.86952787007226,6.700539417045868,1.5959320373999082,6.700539417045868,36.84681036677196,4.223150898336161,36.84681036677196,170.42194850984075,165.84936711437499,165.84936711437499,170.42194850984075,10.309982896843536,3.974970489518367,10.309982896843536,48.13345727909893,48.13345727909893,55.24846503244847,46.31117888136773,1.4554454903764793,162.11573416319737,61.301663561100064,36.989888279450035,3.4153480418984574,0.7032623291015625,27.69949538182532,0
cda3cfaa-53c1-4fc8-aa6b-3b840f7011ff_delivery_1,34,120.22554563236098,53.979188011766865,120.22554563236098,26.93194524859838,27.045357711756434,27.045357711756434,79.38618595216064,79.12414949352103,118.27966099493148,120.43190539945381,13.93298745013443,14.114537073206527,7.4010693037581845,4.522274311493639,13.93298745013443,14.114537073206527,-13.3043212890625,-14.05731201171875,53.979188011766865,27.045357711756434,120.43190539945381,14.114537073206527,46.36295958112377,161.65930544358088,173.64007324898895,11.980767805408078,-113.47166975956463,-2.46274950684753,20.369059590503923,29.626661291756054,29.626661291756054,160.33185195922852,288.8797378540039,17.612686804526906,161.65930544358088,173.64007324898895,12.355998250601981,2.5845149218924632,12.355998250601981,40.951298470566854,3.16928277254076,40.951298470566854,173.0647490856842,167.0645082829115,167.0645082829115,173.0647490856842,14.681523406483276,11.431304669466176,14.681523406483276,49.71875994981622,49.71875994981622,54.265465438054115,46.19612738211385,1.2150530194074352,155.2307894019067,50.22535398204086,33.01944902424304,2.9166534153753996,-2.383270263671875,30.27930666485784,0
cda3cfaa-53c1-4fc8-aa6b-3b840f7011ff_delivery_1,35,57.72710363946674,39.99171415934209,57.72710363946674,64.89946723820549,25.003530217680343,64.89946723820549,84.9753786144257,81.16943793664225,127.20932220408771,133.87018813994226,14.40866254778873,15.732235971972383,7.777050242688706,4.8772487546959615,14.40866254778873,15.732235971972383,-13.501922607421875,-15.692291259765625,39.99171415934209,25.003530217680343,133.87018813994226,15.732235971972383,40.047529687292126,156.81394405919767,171.14983475708152,14.335890697883855,-114.23600077039997,-4.84536138438321,36.23526099995218,16.428101869105927,36.23526099995218,159.90595626831055,288.53588104248047,16.421394025362247,156.81394405919767,171.14983475708152,17.788869716566538,1.3567376985427175,17.788869716566538,30.32214642929754,1.6822496060832999,30.32214642929754,173.39492269764523,166.81727969805553,166.81727969805553,173.39492269764523,12.46859727986462,2.03212059717195,12.46859727986462,35.99668115399434,35.99668115399434,42.77852501970986,30.706151993244937,0.8606977514541309,142.94706170018642,47.92109020313958,16.903212056316622,1.9877142463661106,-0.3787689208984375,25.494658287606622,0
cda3cfaa-53c1-4fc8-aa6b-3b840f7011ff_delivery_1,36,53.428295091286785,53.893626654713735,53.893626654713735,75.68165494958116,38.175414173021196,75.68165494958116,87.49790922922813,81.42788110635081,136.46185746244953,130.06457975443993,15.466874375152468,16.72112027149105,8.228050057435475,5.272853582779365,15.466874375152468,16.72112027149105,-14.62469482421875,-16.6470947265625,53.893626654713735,38.175414173021196,130.06457975443993,16.72112027149105,56.87730573109053,150.77744594237038,166.81162391103743,16.034177968667052,-116.58615081965833,-6.036498116827289,69.9009848168398,50.18385870110049,69.9009848168398,158.96780014038086,287.2811584472656,47.00020361852943,150.77744594237038,166.81162391103743,26.521839078670794,14.717728184125539,26.521839078670794,23.122914438104438,3.519052860907207,23.122914438104438,174.54061879969262,167.7175903257038,167.7175903257038,174.54061879969262,44.00529391949063,32.600138035794004,44.00529391949063,50.782188936869794,50.782188936869794,54.40975171876855,50.27225656389494,0.7796229515956365,134.5805283255513,62.49892628555837,50.43197430985245,1.742807376923982,0.244659423828125,40.47923340863631,0
cda3cfaa-53c1-4fc8-aa6b-3b840f7011ff_delivery_1,37,74.05131350752869,91.57706262876354,91.57706262876354,59.14858242271008,90.2421982221737,90.2421982221737,93.71479040735201,85.35931718657757,139.5069001427182,128.65050585674481,14.740018513275253,14.879256666791166,8.00840217676918,3.587128126916243,14.740018513275253,14.879256666791166,-13.426300048828125,-14.791900634765625,91.57706262876354,90.2421982221737,128.65050585674481,14.879256666791166,68.91852603801017,154.0154027456342,167.60232340989478,13.586920664260589,-116.88057686132089,3.2379568032638133,37.36193225507166,61.13006719181342,61.13006719181342,158.21065139770508,286.41587829589844,34.49326837220541,154.0154027456342,167.60232340989478,48.94646785675686,59.896785841780655,59.896785841780655,63.075957598568095,64.62035950714154,64.62035950714154,176.3892220068974,167.79338610427894,167.79338610427894,176.3892220068974,33.92868090131606,54.94346558705625,54.94346558705625,12.75993322329225,12.75993322329225,12.89017535639212,14.445650862450474,1.1159102576401574,139.99440838833698,19.66910220531488,34.15678999310422,2.971136032284352,2.329132080078125,61.57690612672337,0
cda3cfaa-53c1-4fc8-aa6b-3b840f7011ff_delivery_1,38,72.37604139495932,26.331882304653984,72.37604139495932,58.780130656963316,62.78824878446496,62.78824878446496,98.69302362343097,89.21767592103568,143.24078595296444,152.65679461467656,13.369352419619675,15.673366235243586,6.634004615734311,3.5630236590326647,13.369352419619675,15.673366235243586,-12.019561767578125,-15.60858154296875,26.331882304653984,62.78824878446496,152.65679461467656,15.673366235243586,50.42188943225958,155.0974109049452,167.00590173865916,11.908490833713955,-118.19519366651134,1.082008159311016,38.360552016167354,43.89448143634862,43.89448143634862,157.43713760375977,285.17933654785156,43.75640725285662,155.0974109049452,167.00590173865916,33.124845892465046,24.221273771906716,33.124845892465046,13.373573288857433,11.82422987792793,13.373573288857433,175.3115360319173,169.09669698553972,169.09669698553972,175.3115360319173,49.230459267965635,47.352625748424536,49.230459267965635,39.842891946837625,39.842891946837625,36.92108775738417,38.45344568516627,1.1597431392399484,143.23458504785387,27.43521183028559,32.27358536605891,3.081320260749173,1.2667388916015625,40.13819537009207,0
cda3cfaa-53c1-4fc8-aa6b-3b840f7011ff_delivery_1,39,250.16068677688597,166.16866460313167,250.16068677688597,172.51267768017294,101.19029077312406,172.51267768017294,124.2941343240131,96.88419423835735,143.8060356906112,121.10279551037621,11.054934203746846,12.560469072856069,5.594083427186465,1.7655775158882643,11.054934203746846,12.560469072856069,-6.854522705078125,-12.19805908203125,166.16866460313167,101.19029077312406,121.10279551037621,12.560469072856069,136.3419047532505,150.61968379871564,164.11603254257145,13.496348743855805,-118.94888804001192,-4.477727106229565,74.10621286179686,53.91289582439146,74.10621286179686,156.8060531616211,283.6129913330078,50.66097526357001,150.61968379871564,164.11603254257145,24.720015619559323,19.363438518302797,24.720015619559323,7.514749841396276,8.652473200094455,8.652473200094455,174.23673438693265,167.50331481133577,167.50331481133577,174.23673438693265,44.350149611767186,35.19545986704876,44.350149611767186,83.4090104079095,83.4090104079095,81.03388246416397,84.592951788182,0.9468003847378756,141.8163753264325,67.50566503475117,75.88950954827119,2.20498765501364,6.14495849609375,79.82064293147265,0
cda3cfaa-53c1-4fc8-aa6b-3b840f7011ff_delivery_1,40,151.06760102907705,172.7964694250868,172.7964694250868,93.96638091346368,93.2139299879532,93.96638091346368,136.90456193004962,103.60955825009158,134.34342616083958,56.735713931453624,8.528105306956457,9.36089981193062,3.993170256043135,2.8354136938307137,8.528105306956457,9.36089981193062,-3.404815673828125,-8.243560791015625,172.7964694250868,93.2139299879532,56.735713931453624,9.36089981193062,101.26606553509293,149.96854182394992,162.89896183685264,12.930420012902715,-118.49874526520315,-0.6511419747657214,49.96791422750085,46.584097627475956,49.96791422750085,156.22039794921875,282.2970733642578,43.21074999885843,149.96854182394992,162.89896183685264,24.115406706218113,22.953061095150233,24.115406706218113,8.863035991540329,12.209058307191349,12.209058307191349,173.10260331927677,167.1217406154013,167.1217406154013,173.10260331927677,40.15092013321383,36.5845286623781,40.15092013321383,95.21791235123811,95.21791235123811,93.55639272680749,92.8673533700261,1.1017409850705144,148.51705597322027,66.14140720660198,65.8673621468496,2.4758412701604215,5.2059783935546875,62.706033675520786,0
cda3cfaa-53c1-4fc8-aa6b-3b840f7011ff_delivery_1,41,116.42723591701595,152.34541154721052,152.34541154721052,49.40310777076562,80.28539347714495,80.28539347714495,146.8221735939332,109.05031388773794,109.9486168409652,34.189539972884155,8.021591594273561,6.302321884153665,4.25292359265724,4.880186919209803,8.021591594273561,6.302321884153665,-0.459716796875,-4.468536376953125,152.34541154721052,80.28539347714495,34.189539972884155,6.302321884153665,77.95817218575674,153.8802160395588,164.4999424759595,10.619726436400697,-116.82478961239163,3.9116742156088833,28.249999672125004,41.037884730278414,41.037884730278414,155.78728103637695,281.5652389526367,25.51185370764267,153.8802160395588,164.4999424759595,13.858867016959632,24.73926045265646,24.73926045265646,16.6072738899783,13.581537873800153,16.6072738899783,170.99759833229078,165.89767223937903,165.89767223937903,170.99759833229078,16.90214430782489,29.382407026249485,29.382407026249485,112.28292804722743,112.28292804722743,114.6220014278017,108.93440300023727,1.630933807010804,159.8828885405182,81.99362530590336,72.38342317724621,3.704268663723187,4.46710205078125,48.56837697350078,0
cda3cfaa-53c1-4fc8-aa6b-3b840f7011ff_delivery_1,42,84.95797508599814,114.90433978948113,114.90433978948113,31.995799232802145,62.99605068539105,62.99605068539105,142.2690607201317,112.10251097806321,83.40629431804956,23.19092402578855,6.982637978674175,4.538495705691367,4.877214868563128,6.919583433804995,6.982637978674175,4.538495705691367,0.7547607421875,-2.337432861328125,114.90433978948113,62.99605068539105,23.19092402578855,4.538495705691367,65.83208362201522,156.68340106520944,164.996983438371,8.313582373161552,-115.15269062712382,2.8031850256506345,44.56164184707232,55.57669509134657,55.57669509134657,155.14739990234375,280.53648376464844,36.34565437922365,156.68340106520944,164.996983438371,13.513531944002796,23.41740879569737,23.41740879569737,16.684381016703206,9.555029099955703,16.684381016703206,169.81573742663775,165.61722048217257,165.61722048217257,169.81573742663775,24.130701516973172,32.79824211089121,32.79824211089121,116.703198155186,116.703198155186,117.47723826196474,116.09138713562537,1.8904432557174122,164.41682309878033,88.09727398575855,88.34476258263402,4.194931041929037,3.257110595703125,42.92431635135957,0
cda3cfaa-53c1-4fc8-aa6b-3b840f7011ff_delivery_1,43,157.1761458839697,195.83059010905765,195.83059010905765,117.67670291919583,111.19510617058538,117.67670291919583,152.53949929862247,123.53127513040323,90.09061557778672,24.260511455773187,7.673951561009194,4.487274437139284,6.321444865150832,10.90201461198464,7.673951561009194,4.487274437139284,3.6029052734375,2.254150390625,195.83059010905765,111.19510617058538,24.260511455773187,4.487274437139284,119.14914863458044,157.18880879857488,164.37252133003054,7.1837125314556545,-112.66329940667057,0.5054077333654448,72.16492784327187,60.85141888140204,72.16492784327187,154.7575912475586,279.2570495605469,40.124959850115374,157.18880879857488,164.37252133003054,10.21552475766193,10.295242339185132,10.295242339185132,7.042946102777144,7.375004150161646,7.375004150161646,169.17976475202803,167.29000787179493,167.29000787179493,169.17976475202803,20.192210692024357,32.621186132657655,32.621186132657655,115.80265369019766,115.80265369019766,115.59421430115864,113.51749401562304,2.117594541735592,167.6341045289063,93.20562701464746,88.22077154195298,4.836755827883669,5.839813232421875,66.88641716516254,0
cda3cfaa-53c1-4fc8-aa6b-3b840f7011ff_delivery_1,44,62.017716753171335,78.13321269335094,78.13321269335094,46.304113635363926,61.12168230270407,61.12168230270407,148.3896027860802,128.1029996376953,84.44114222373248,20.612530169050366,8.017678177821432,4.660781584373633,7.210462397293837,12.956309419046931,8.017678177821432,4.660781584373633,4.238006591796875,3.568634033203125,78.13321269335094,61.12168230270407,20.612530169050366,4.660781584373633,55.90212927246417,160.39203932323252,165.27832358844447,4.886284265211941,-110.60134017724093,3.2032305246576414,46.674514812108484,41.161535438086275,46.674514812108484,154.57812118530273,278.4147186279297,25.83714018541674,160.39203932323252,165.27832358844447,12.64154517900484,12.63137141270501,12.64154517900484,6.309332378080174,10.775442308423303,10.775442308423303,168.01883210804093,168.84582646198805,168.84582646198805,168.01883210804093,15.978448647598963,33.34418379080314,33.34418379080314,74.22166549577884,74.22166549577884,79.02882813713877,66.28027098021941,2.6335207099558358,171.08841699998143,72.86729362124777,42.21305748790221,6.3924810844963,2.2021026611328125,35.5910916126167,0
cda3cfaa-53c1-4fc8-aa6b-3b840f7011ff_delivery_1,45,46.074653178388814,51.881735285503495,51.881735285503495,89.04940425750937,81.53287086837186,89.04940425750937,152.1909000165099,136.5001444077344,99.71746757463902,18.022088929185248,7.464747401386227,4.611573723829101,6.30279737254645,14.199391375094795,7.464747401386227,4.611573723829101,3.564056396484375,4.152191162109375,51.881735285503495,81.53287086837186,18.022088929185248,4.611573723829101,59.04629140065334,161.38730161485785,165.11611476133447,3.728813146476625,-108.4076337968821,0.9952622916253233,52.59716217785126,33.14192263629527,52.59716217785126,154.49139785766602,277.62940979003906,23.702485434716728,161.38730161485785,165.11611476133447,7.99365118036162,13.441725887877329,13.441725887877329,5.338735367829408,13.5155192271818,13.5155192271818,167.69661905181076,170.07277162690553,170.07277162690553,167.69661905181076,15.86329550347349,29.470796046460357,29.470796046460357,55.44843475316454,55.44843475316454,58.06280470838609,53.63094539910503,2.8411819202291566,172.17521415832456,58.051161008563874,43.19294126667476,7.1454604864834135,1.13824462890625,36.65845596809201,0
cda3cfaa-53c1-4fc8-aa6b-3b840f7011ff_delivery_1,46,79.99823980265198,29.421159516896683,79.99823980265198,91.39390048750518,88.96049765681383,91.39390048750518,-173.43734095205534,146.79186232920995,137.388012051978,15.261010956104132,6.82296235048613,4.039754492411642,5.0901491239559515,14.989796546893189,6.82296235048613,4.039754492411642,4.09661865234375,3.77618408203125,29.421159516896683,88.96049765681383,15.261010956104132,4.039754492411642,60.28934108577383,163.2317515092938,165.4608633203297,2.2291118110359207,-106.27321180390247,1.8444498944359395,43.37595594491608,28.58629310585918,43.37595594491608,154.71728515625,277.03870391845703,18.972681638206854,163.2317515092938,165.4608633203297,5.137700614353643,12.175983480512503,12.175983480512503,11.269502471353224,6.256330459944436,11.269502471353224,167.90513375145977,169.73946404340583,169.73946404340583,167.90513375145977,11.115706741418805,17.50547024008573,17.50547024008573,57.98212631616991,57.98212631616991,60.12052286422581,66.60767841172958,2.6198322559402194,175.1993058828773,56.402448307868156,67.91677485407686,6.798079073261067,0.92138671875,35.43306171019261,0
cda3cfaa-53c1-4fc8-aa6b-3b840f7011ff_delivery_1,47,11.896501290494548,53.63609967313083,53.63609967313083,40.18491287936457,53.74141256925341,53.74141256925341,-148.66386308702195,155.17258248563897,175.65470684520105,19.88458228156417,8.219301053266781,4.759397196021331,4.779244671081667,13.070214389860972,8.219301053266781,4.759397196021331,4.57965087890625,3.320953369140625,53.63609967313083,53.74141256925341,19.88458228156417,4.759397196021331,33.52661431433965,164.51363290499816,166.41790376948353,1.904270864485369,-104.69776227076497,1.2818813957043744,32.63174947916702,9.069009994627548,32.63174947916702,154.94049453735352,277.14227294921875,7.382010210707019,164.51363290499816,166.41790376948353,7.917583422560483,25.729347375138705,25.729347375138705,19.850685590609388,23.256450056105987,23.256450056105987,169.00124558526102,167.49260786194358,167.49260786194358,169.00124558526102,1.9293222605368832,13.597965532296099,13.597965532296099,35.78674424406819,35.78674424406819,35.12731947242524,39.236088763172496,2.4998681105342584,173.6714716663064,34.62455600254438,44.227501783513404,6.548507388569736,-0.159088134765625,24.45342001027379,0
cda3cfaa-53c1-4fc8-aa6b-3b840f7011ff_delivery_1,48,88.93559187541551,113.38226633489705,113.38226633489705,51.81273611848095,148.06182906121447,148.06182906121447,-132.1682798003216,160.2861289821543,178.7933448815706,26.548874871773513,7.618115090124263,5.327090044864167,3.8035126659211476,11.907222507291216,7.618115090124263,5.327090044864167,5.59228515625,4.932098388671875,113.38226633489705,148.06182906121447,26.548874871773513,5.327090044864167,89.78961227107767,165.63712576045017,167.76433645316766,2.127210692717483,-101.60968571863808,1.1234928554520138,60.4721052394989,76.07314499695913,76.07314499695913,155.83172607421875,278.02254486083984,37.579982192957466,165.63712576045017,167.76433645316766,10.066901544502889,9.498658667669156,10.066901544502889,5.664236789521112,2.036446471720409,5.664236789521112,169.79685039183124,165.54163749889602,165.54163749889602,169.79685039183124,21.512170913291573,11.683579283100801,21.512170913291573,56.5251480281504,56.5251480281504,56.931178405075556,63.607584211153345,2.176834924088474,172.36711261663925,57.506103532022635,76.94507016240154,5.628195615795016,0.027374267578125,49.93330560802267,0
cda3cfaa-53c1-4fc8-aa6b-3b840f7011ff_delivery_1,49,94.6091748089015,62.38413091617743,94.6091748089015,80.22509813899897,95.89817277695522,95.89817277695522,-138.16479370934476,166.25810468206097,170.1998456172647,32.3550013347301,7.29731539892094,5.387629625685091,3.6295712914360796,9.586659518095447,7.29731539892094,5.387629625685091,4.38946533203125,4.592864990234375,62.38413091617743,95.89817277695522,32.3550013347301,5.387629625685091,81.21976355013221,168.03226043028215,170.0522130255325,2.019952595250345,-97.23699710037013,2.3951346698319753,76.34422098137891,77.85778367838131,77.85778367838131,156.8138427734375,278.88016510009766,39.11597010304185,168.03226043028215,170.0522130255325,9.657910620268567,5.16413300108288,9.657910620268567,4.238595602028473,2.20290057517945,4.238595602028473,169.5010077103444,164.99492440787878,164.99492440787878,169.5010077103444,19.945488090728393,4.707166476404555,19.945488090728393,51.49753357199809,51.49753357199809,53.76031502630059,58.921525013289354,1.9420625877342792,171.29531968002362,68.512698329725,80.20034947968388,5.166451660568428,-2.1185455322265625,44.436231305540474,0
cda3cfaa-53c1-4fc8-aa6b-3b840f7011ff_delivery_1,50,116.49396123431795,102.64811418656826,116.49396123431795,99.47332686272262,90.27724106139041,99.47332686272262,169.65529021749362,153.21305942343685,141.28805919830216,14.569700241438536,5.492588150776115,2.5263552967716256,3.0935656414422694,7.523164898943729,5.492588150776115,2.5263552967716256,0.980194091796875,0.9351806640625,102.64811418656826,90.27724106139041,14.569700241438536,2.5263552967716256,83.1421250797059,171.479438303983,172.38363547580383,0.9041971718208401,-93.92404691990545,3.447177873700838,42.075211786260496,47.884895346975746,47.884895346975746,157.42653274536133,278.6126708984375,20.056119631076275,171.479438303983,172.38363547580383,7.740196684017142,10.68073838221955,10.68073838221955,6.962569573438854,6.9528804760166,6.962569573438854,168.5955584626872,163.87186311786067,163.87186311786067,168.5955584626872,4.4079993813162925,11.825361764512735,11.825361764512735,53.59869531279613,53.59869531279613,57.401720827786306,58.38337225700218,1.9663849584425543,174.20313915704205,58.564323364441336,60.94532717529442,5.2005613068388366,-3.149322509765625,45.61854139497973,0
cda3cfaa-53c1-4fc8-aa6b-3b840f7011ff_delivery_1,51,108.19002194858335,105.77937527600137,108.19002194858335,103.74038093768499,112.6169241250017,112.6169241250017,111.93864586112069,138.00368420741287,104.9833881540836,7.502267901464744,4.7070910676542645,2.9327257363665638,3.7451969497883124,4.525924440831446,4.7070910676542645,2.9327257363665638,-1.4415283203125,-1.482818603515625,105.77937527600137,112.6169241250017,7.502267901464744,2.9327257363665638,83.49710424306288,170.193717763927,172.86148635846666,2.667768594539666,-91.81505642594927,-1.2857205400559906,32.59765358189743,38.058269589208535,38.058269589208535,157.63970947265625,279.2117004394531,19.074921684311246,170.193717763927,172.86148635846666,10.839967507867323,9.137342498630042,10.839967507867323,12.575990795877834,8.42323687128201,12.575990795877834,167.10476947285477,163.8968596373032,163.8968596373032,167.10476947285477,12.275878184156813,12.724508093359853,12.724508093359853,39.9206780018118,39.9206780018118,40.64894199097224,41.84681134498002,1.8880616706783468,169.01789807694846,28.85874158968854,40.46913464978549,5.186444953357134,-3.335235595703125,47.2466291174626,0
cda3cfaa-53c1-4fc8-aa6b-3b840f7011ff_delivery_1,52,118.67988250331143,120.45286836326886,120.45286836326886,126.62879982926636,85.98937350693237,126.62879982926636,57.42755311160528,122.64533029505559,60.61156064966153,20.425464574629775,4.150351816584962,3.1632381472073456,4.423011246501457,5.398232872449007,4.150351816584962,3.1632381472073456,-3.373046875,-3.1558837890625,120.45286836326886,85.98937350693237,20.425464574629775,3.1632381472073456,85.58843965308114,169.4168590616043,173.03344990062527,3.6165908390209722,-89.56412355186194,-0.7768587023226985,35.988116963929826,25.791596751777995,35.988116963929826,157.92353439331055,279.6416473388672,15.45541425229895,169.4168590616043,173.03344990062527,15.302058182451816,7.3130811886725775,15.302058182451816,17.014447709411183,13.246871565000328,17.014447709411183,163.96266362475103,165.68893499326813,165.68893499326813,163.96266362475103,9.30967051449016,14.960965089299432,14.960965089299432,36.98318499293285,36.98318499293285,33.826103873104394,33.93532786984753,1.9987498612389656,170.7861961575454,31.912295272207366,25.51425284783016,5.842229317933481,-2.3598175048828125,49.22314434731769,0
cda3cfaa-53c1-4fc8-aa6b-3b840f7011ff_delivery_1,53,151.23678370902036,150.41383119855712,151.23678370902036,92.07021769543826,90.51442082418441,92.07021769543826,68.13851182145812,121.56415693672787,91.52189326910265,42.68817670752029,8.936196837537086,7.895324537008466,6.319098846758213,4.306062180517818,8.936196837537086,7.895324537008466,-8.21844482421875,-7.778656005859375,150.41383119855712,90.51442082418441,42.68817670752029,7.895324537008466,86.74347178070808,170.20405135010535,173.33528805380232,3.1312367036969704,-88.27525149947489,0.7871922885010463,30.875763962841983,5.349813294206196,30.875763962841983,158.16786193847656,279.80794525146484,8.866557988028399,170.20405135010535,173.33528805380232,11.129925023993213,3.5992051430321417,11.129925023993213,3.874159861850948,4.9152928217118905,4.9152928217118905,161.64977309397443,166.15762738682454,166.15762738682454,161.64977309397443,6.885636112292549,9.492846494775826,9.492846494775826,20.522797661414316,20.522797661414316,26.644159688446976,21.318538875693495,2.163402836407725,173.1883625594655,38.80881496269445,20.124978922342727,6.445252235665494,-4.913116455078125,46.69649134515874,0
cda3cfaa-53c1-4fc8-aa6b-3b840f7011ff_delivery_1,54,22.52233932940964,81.12741661081729,81.12741661081729,42.84598494724528,62.86114786388756,62.86114786388756,53.70201166339576,114.19837758173023,78.12027829301998,57.91101389114889,9.017985003397428,9.492187521634278,7.3908991656955045,4.593124642495763,9.017985003397428,9.492187521634278,-8.622772216796875,-9.4921875,81.12741661081729,62.86114786388756,57.91101389114889,9.492187521634278,42.474724031067844,167.64147623181145,172.27675331623382,4.63527708442237,-89.76100085149626,-2.5625751182938927,12.061208027312377,33.430247407734925,33.430247407734925,157.99624633789062,280.4792175292969,20.785873732303102,167.64147623181145,172.27675331623382,10.22441558804541,18.500762811363796,18.500762811363796,4.949991964508438,4.261190010998627,4.949991964508438,160.9190772852591,167.4999218176467,167.4999218176467,160.9190772852591,22.47228444663973,27.73442356389119,27.73442356389119,44.56690148558137,44.56690148558137,44.9571221654647,45.15267268141972,2.142116449076511,171.40191128880988,37.58717816109487,39.890200055246794,6.466971044249357,-1.58734130859375,28.582617714321188,0
cda3cfaa-53c1-4fc8-aa6b-3b840f7011ff_delivery_1,55,64.95903143735812,48.53052642320508,64.95903143735812,47.224600812716446,57.72953581971691,57.72953581971691,38.54446032353448,111.25240036860612,68.53652115461385,49.801423150669514,8.828929816555952,8.537389002536449,8.160833198123049,2.82025537559302,8.828929816555952,8.537389002536449,-8.74542236328125,-8.48016357421875,48.53052642320508,57.72953581971691,49.801423150669514,8.537389002536449,57.75995639070962,165.10913978228433,171.63410620946092,6.524966427176594,-90.82873462017939,-2.532336449527122,56.95657985269132,71.15946399856982,71.15946399856982,158.0445671081543,282.1961135864258,51.5272769612493,165.10913978228433,171.63410620946092,22.434521319602734,26.49580497871158,26.49580497871158,5.49882284519034,9.645613758356536,9.645613758356536,161.92832015972414,169.0473592543842,169.0473592543842,161.92832015972414,39.268198627722185,43.62021262169782,43.62021262169782,104.10811492962691,104.10811492962691,105.4063379676011,106.07405699048732,2.024876354750769,168.19166153533158,91.10892431844503,95.48349893340809,6.256306024483734,-1.656158447265625,41.126909374628234,0
cda3cfaa-53c1-4fc8-aa6b-3b840f7011ff_delivery_1,56,48.09684485034011,72.74609814674417,72.74609814674417,18.08637243874589,50.36903568067589,50.36903568067589,30.965413606369907,107.12383998206278,50.704989347971825,71.94567038876113,6.4382526625688685,9.807537345854193,7.526083418690168,2.397899213147934,6.4382526625688685,9.807537345854193,-6.40594482421875,-9.78729248046875,72.74609814674417,50.36903568067589,71.94567038876113,9.807537345854193,41.16659746523045,164.1673225842142,171.69683145732708,7.5295088731128885,-91.63479351082364,-0.9418171980701402,25.414469061184384,32.28676461369226,32.28676461369226,158.30348587036133,283.2352066040039,32.12596927941928,164.1673225842142,171.69683145732708,29.8319634897988,24.797626754327762,29.8319634897988,13.441065343692628,1.8682755460940792,13.441065343692628,163.0479110373233,170.6475431395485,170.6475431395485,163.0479110373233,36.047862199959965,36.30962844143081,36.30962844143081,20.71864999523398,20.71864999523398,18.22306622376721,19.994656279774635,2.2173021650218496,169.68810022384795,14.460236861630637,19.77570523435621,6.62083119691878,-0.4414825439453125,32.44133388055723,0
cda3cfaa-53c1-4fc8-aa6b-3b840f7011ff_delivery_1,57,42.41568226096361,104.97323990263072,104.97323990263072,17.845013802946706,61.295703679473874,61.295703679473874,26.108026278393794,101.4780592278553,52.61875113516652,145.1104646416717,6.65846181023518,12.580296665137396,7.2257209845253945,2.6185571819329674,6.65846181023518,12.580296665137396,-6.63958740234375,-12.5390625,104.97323990263072,61.295703679473874,145.1104646416717,12.580296665137396,45.62665106325448,162.47483524241835,171.40478728508782,8.92995204266947,-92.39014967603438,-1.6924873417958395,15.016527272345982,32.213739461165964,32.213739461165964,158.90918350219727,283.9394760131836,27.86715844369806,162.47483524241835,171.40478728508782,28.057705812602038,24.660725123254224,28.057705812602038,10.658271954478293,3.738767100170591,10.658271954478293,164.74137778019815,171.30690784071516,171.30690784071516,164.74137778019815,29.320015713678472,38.54977539386325,38.54977539386325,2.770766479792922,2.770766479792922,2.6150353856694455,2.996653336243331,2.2504682497067052,169.4404586539226,3.2215631863718395,5.884664794837963,6.569613873120764,-2.1027069091796875,34.06209728979781,0
cda3cfaa-53c1-4fc8-aa6b-3b840f7011ff_delivery_1,58,81.05071852399982,61.74760110361022,81.05071852399982,44.397351210896815,49.98921852175106,49.98921852175106,29.624125740583622,96.06812958344698,65.76354889910577,175.9717526302734,8.874148991883969,14.294088097924323,7.317464805774553,3.6476057056118973,8.874148991883969,14.294088097924323,-8.6922607421875,-14.238800048828125,61.74760110361022,49.98921852175106,175.9717526302734,14.294088097924323,44.18509834797377,161.70080285186944,171.51127591321952,9.81047306135008,-93.67022611398804,-0.7740323905489106,9.01356649492188,18.912134232662797,18.912134232662797,159.50275802612305,284.3961410522461,22.467449922501334,161.70080285186944,171.51127591321952,25.417635819357287,23.14235941891571,25.417635819357287,9.025447098399084,7.12543652143901,9.025447098399084,165.8109425824289,171.54125251457165,171.54125251457165,165.8109425824289,28.68375637425762,36.4177323018837,36.4177323018837,37.134637698797505,37.134637698797505,36.81346696059952,38.921853428137496,2.3316985488831463,167.2733790922104,22.944570989920827,26.51077119624599,6.745115497064772,-2.1932220458984375,32.910246468507914,0
cda3cfaa-53c1-4fc8-aa6b-3b840f7011ff_delivery_1,59,132.88556993879124,77.0276620718243,132.88556993879124,61.642648020402504,42.60469962819847,61.642648020402504,38.66085775253433,93.99996165169787,92.26801760261323,172.79222271683298,12.922426460244278,17.000007105777474,7.938260391848354,5.627245680659375,12.922426460244278,17.000007105777474,-12.566802978515625,-16.89471435546875,77.0276620718243,42.60469962819847,172.79222271683298,17.000007105777474,60.2362621365155,162.3411764727033,172.04534176679974,9.704165294096441,-94.27896578836429,0.6403736208338557,19.553611261871715,27.70338189800474,27.70338189800474,160.42833709716797,284.51573181152344,27.99819118826823,162.3411764727033,172.04534176679974,18.323084231657827,18.09082181830149,18.323084231657827,4.597093355664265,9.014047913699466,9.014047913699466,166.04610350376797,170.76575214638837,170.76575214638837,166.04610350376797,29.73094792857613,36.26230635501309,36.26230635501309,24.69841603572799,24.69841603572799,27.633148031769892,22.42293055939406,2.5723273220371414,167.15142894421226,27.50118086627136,16.971328741600594,7.179062977592779,-3.2863006591796875,39.78632286850044,0
cda3cfaa-53c1-4fc8-aa6b-3b840f7011ff_delivery_1,60,82.94800402005824,90.0467561410614,90.0467561410614,49.59688875146527,41.182440159060256,49.59688875146527,46.14277172994686,93.18531003366263,107.29200226568646,178.38840996332027,14.984993958183871,19.431576676599704,8.366451424404177,7.592542237935267,14.984993958183871,19.431576676599704,-14.676666259765625,-19.388519287109375,90.0467561410614,41.182440159060256,178.38840996332027,19.431576676599704,55.77283105577202,164.30731277296886,173.20512061187492,8.897807838906061,-94.25969240386738,1.9661363002655605,35.25435221573584,35.608545047251155,35.608545047251155,161.56454849243164,284.69149017333984,34.49174687991123,164.30731277296886,173.20512061187492,27.763381194435606,19.819983664203008,27.763381194435606,10.396375482174543,5.944423936217896,10.396375482174543,166.85895491145556,170.83847763533754,170.83847763533754,166.85895491145556,34.610017926660184,34.36726901002062,34.610017926660184,33.49327790301058,33.49327790301058,31.52326776589996,32.881057183580175,2.5313283467015277,166.67645929020253,30.949488875130367,34.02912710401776,7.074379736347811,-2.4743194580078125,38.961536462362005,0
cda3cfaa-53c1-4fc8-aa6b-3b840f7011ff_delivery_1,61,169.88563598652343,63.89758199617427,169.88563598652343,57.68579812755569,39.5979452068658,57.68579812755569,52.844405615659454,92.92334949687746,126.79459560675933,178.94604759305415,20.49665528719697,21.18555917084613,11.492069667942088,8.866291062915465,20.49665528719697,21.18555917084613,-20.154937744140625,-21.165679931640625,63.89758199617427,39.5979452068658,178.94604759305415,21.18555917084613,68.01277998871988,165.50011074615753,173.64277337122022,8.142662625062684,-94.2804293802081,1.192797973188675,36.03331504456041,40.976403570639725,40.976403570639725,162.81118774414062,284.4021530151367,38.39326599179519,165.50011074615753,173.64277337122022,25.829268727664296,33.11525709049635,33.11525709049635,6.353026575884906,9.972969754017129,9.972969754017129,167.7323175041756,172.47825257281377,172.47825257281377,167.7323175041756,36.91992828051698,40.11260546962135,40.11260546962135,38.3089361151794,38.3089361151794,36.666478495703146,38.71950239193451,2.4641962275822182,166.2268935571906,36.1057999548351,40.589872570805895,6.924255923239103,-3.3320770263671875,46.69831131921003,0
cda3cfaa-53c1-4fc8-aa6b-3b840f7011ff_delivery_1,62,108.90097572664402,89.17418558032917,108.90097572664402,53.61659018670739,24.16202166363084,53.61659018670739,58.04424407936263,96.2342315459481,138.17724313363647,174.93892337252927,23.449853772523895,18.680711824807094,12.796739407557231,6.650106113586069,23.449853772523895,18.680711824807094,-23.0484619140625,-18.624786376953125,89.17418558032917,24.16202166363084,174.93892337252927,18.680711824807094,59.05990499988385,167.90829300784083,174.72465663256534,6.8163636247245165,-93.90166925800136,2.4081822616832937,44.7894518508187,33.716204991172965,44.7894518508187,163.99615478515625,284.2554702758789,35.820335605079855,167.90829300784083,174.72465663256534,31.756647802784116,23.833658892947362,31.756647802784116,7.6558849493405665,12.093261815630711,12.093261815630711,169.3817330190853,173.2451147639674,173.2451147639674,169.3817330190853,36.59397902426457,29.92825464112796,36.59397902426457,41.18341167483741,41.18341167483741,44.71055144688114,41.10513796428998,2.59383770105195,167.9513595415535,48.76787084495972,39.97524770843122,7.232037481255668,-0.0236358642578125,41.35175976044987,0
cda3cfaa-53c1-4fc8-aa6b-3b840f7011ff_delivery_1,63,65.9905420215461,37.07703067376928,65.9905420215461,37.58267675985989,33.952520400045756,37.58267675985989,61.825314990134515,97.21920607004397,145.28437638507444,176.84248523727007,25.126662530383435,18.196867959633984,13.371001700643907,5.967105115434071,25.126662530383435,18.196867959633984,-24.7032470703125,-18.090972900390625,37.07703067376928,33.952520400045756,176.84248523727007,18.196867959633984,41.81360040808617,169.51169062481824,175.60566237889648,6.09397175407824,-93.17829222652948,1.6033976169774178,34.469527261959044,41.809305331336915,41.809305331336915,165.06614685058594,284.0060348510742,32.960445174587456,169.51169062481824,175.60566237889648,25.390733397692596,33.25011203727275,33.25011203727275,8.743606944964078,5.326371221462847,8.743606944964078,170.87200386776567,176.2366129476535,176.2366129476535,170.87200386776567,25.944516327383376,31.16277541719272,31.16277541719272,45.41433064362767,45.41433064362767,47.351557089695625,45.111106536295985,2.672430993533878,169.28725923008616,46.97744122379917,43.89204310968394,7.340549172711366,-0.3779296875,31.72497648287378,0
cda3cfaa-53c1-4fc8-aa6b-3b840f7011ff_delivery_1,64,65.05424020365514,77.37239552777636,77.37239552777636,27.822558948183058,44.11706325893031,44.11706325893031,64.60944055361547,99.31547649353287,152.27792170662357,173.59777005356847,26.768473388667683,16.47456235955228,14.109000451091124,4.3676292497183,26.768473388667683,16.47456235955228,-26.258880615234375,-16.171356201171875,77.37239552777636,44.11706325893031,173.59777005356847,16.47456235955228,50.514521795141576,170.60161079360506,176.19002507043658,5.588414276831514,-92.31675438115502,1.0899201687868185,35.387087480952815,53.33378535135175,53.33378535135175,166.26868438720703,283.4620132446289,39.59609111687491,170.60161079360506,176.19002507043658,36.91827503929602,45.940443201320335,45.940443201320335,17.777531202829852,9.733335175829634,17.777531202829852,173.65667630662588,179.4203279285046,179.4203279285046,173.65667630662588,30.382607017986075,40.86738756993537,40.86738756993537,41.902262703707486,41.902262703707486,41.64226543428677,44.07722089957369,2.5928563433842484,169.85179679600168,42.63551304593829,50.2413016760063,7.092757173496845,0.627532958984375,40.392225831503886,0
cda3cfaa-53c1-4fc8-aa6b-3b840f7011ff_delivery_1,65,55.349555852438705,87.93396319971394,87.93396319971394,31.721398989928108,37.058948311801394,37.058948311801394,65.91651279418355,101.49873709787711,156.04947950397346,143.65862819691387,28.231673377831694,14.5855239310603,14.688699222270964,3.012875116321458,28.231673377831694,14.5855239310603,-27.625946044921875,-13.829376220703125,87.93396319971394,37.058948311801394,143.65862819691387,14.5855239310603,48.67847835501053,170.6918757593335,175.79161322651606,5.099737467182564,-92.6665289925022,0.09026496572843712,33.845416743079355,46.16158703310171,46.16158703310171,167.56703186035156,282.94154357910156,41.9635002160144,170.6918757593335,175.79161322651606,11.841314187515923,76.87964320107604,76.87964320107604,44.13745258649514,86.37570022628016,86.37570022628016,175.49942436176292,177.85446741387398,177.85446741387398,175.49942436176292,35.62057316248353,52.646922856385146,52.646922856385146,53.566412419569374,53.566412419569374,55.57770541379823,51.36161780462439,2.7687440182183822,171.30084333533836,49.38768150987595,44.33721741565012,7.312292797627945,1.0322418212890625,49.96437302919159,0
cda3cfaa-53c1-4fc8-aa6b-3b840f7011ff_delivery_1,66,53.827781775853374,32.95477014938171,53.827781775853374,24.652557310241065,35.56663970305042,35.56663970305042,66.91689936981896,101.11110045334867,160.8029331244922,131.32724188206524,28.682888274450665,14.197419770843599,14.803291900174418,3.0641075601053536,28.682888274450665,14.197419770843599,-27.912139892578125,-13.303680419921875,32.95477014938171,35.56663970305042,131.32724188206524,14.197419770843599,34.97030825058986,171.45752520053034,176.78285763726768,5.325332436737341,-92.64021716998634,0.7656494411968424,30.2906489809868,32.529451584025786,32.529451584025786,168.58013916015625,282.6964797973633,31.269768023342795,171.45752520053034,176.78285763726768,26.699239122833653,19.343952950560166,26.699239122833653,7.0766985966627995,31.377663176914517,31.377663176914517,177.34899910564735,179.78506293916837,179.78506293916837,177.34899910564735,30.079491991788295,32.492466631465646,32.492466631465646,41.30790439243568,41.30790439243568,41.30297165008483,38.920186655968045,2.8593086845037647,171.61797423021855,34.918802829473826,32.837116063570875,7.3893224333106176,0.341461181640625,29.740946831147017,0
cda3cfaa-53c1-4fc8-aa6b-3b840f7011ff_delivery_1,67,49.903620562903626,69.00183422782169,69.00183422782169,28.330227333462926,43.69666227190271,43.69666227190271,66.70098094360367,98.71434640319144,163.2619639568009,152.00290098593962,29.260499483290655,15.259253599038475,15.19313071175603,3.484873555749395,29.260499483290655,15.259253599038475,-28.302886962890625,-14.748321533203125,69.00183422782169,43.69666227190271,152.00290098593962,15.259253599038475,41.34262207972821,171.73949508126367,177.07327492339127,5.333779842127598,-92.89009946804183,0.2819698807333282,26.282575922621238,30.840812159657048,30.840812159657048,169.5410614013672,282.3613967895508,30.530099217013213,171.73949508126367,177.07327492339127,26.95692779313596,28.88080518500363,28.88080518500363,12.037897506783944,37.45035871800439,37.45035871800439,178.31627499413,178.53407903311663,178.53407903311663,178.31627499413,30.904185309670098,34.12476431161322,34.12476431161322,39.18988157534099,39.18988157534099,35.3643165617834,35.5147692149401,2.8495610274608607,170.73585183607634,25.01320232907677,29.25401995403166,7.244664303649482,-0.622833251953125,34.86755594188171,0
cda3cfaa-53c1-4fc8-aa6b-3b840f7011ff_delivery_1,68,59.39837099881051,52.70351362000292,59.39837099881051,36.02271568897422,17.72752686402256,36.02271568897422,65.29304527483241,97.20717623710406,164.26823935233733,168.3476418829589,28.34186168534694,16.533224741678815,14.728585451411048,4.684377859674113,28.34186168534694,16.533224741678815,-27.15966796875,-16.25701904296875,52.70351362000292,17.72752686402256,168.3476418829589,16.533224741678815,33.08673459834801,172.23155594457106,177.4762683581416,5.244712413570539,-93.90553821953594,0.49206086330738685,25.65223382061041,7.016046597667433,25.65223382061041,170.29600524902344,282.26175689697266,22.84472563145163,172.23155594457106,177.4762683581416,30.982424673198032,20.757792975061555,30.982424673198032,12.242085232000179,51.392131590884915,51.392131590884915,179.46876966224062,175.4623520147265,175.4623520147265,179.46876966224062,35.679501853248574,24.000565032109847,35.679501853248574,31.08796303208543,31.08796303208543,29.774571677196807,26.825295996158466,2.948004033060887,170.68915787190707,21.285218156394468,15.787986843543532,7.435203778130255,-0.0530548095703125,31.13124241221593,0
cda3cfaa-53c1-4fc8-aa6b-3b840f7011ff_delivery_1,69,55.516061386561844,71.1888674295101,71.1888674295101,31.42863730848484,18.89262042350928,31.42863730848484,63.959674717908314,94.75587522054265,165.5934434607896,174.60746455891694,27.50189829712119,18.463073045813434,14.205401912458386,6.4222557391235675,27.50189829712119,18.463073045813434,-26.056732177734375,-18.339630126953125,71.1888674295101,18.89262042350928,174.60746455891694,18.463073045813434,34.287988945960095,172.58336835565854,177.47604752771747,4.8926791720589335,-94.61057204644986,0.3518124110874794,25.2557467176649,3.4460004100296326,25.2557467176649,170.91186141967773,282.3541946411133,18.68264444684702,172.58336835565854,177.47604752771747,18.811125234008227,19.559735249418114,19.559735249418114,9.15092264173818,66.90249513378697,66.90249513378697,179.57387833580862,171.2933174688495,171.2933174688495,179.57387833580862,29.715775777201774,17.54496546220424,29.715775777201774,36.75687533834868,36.75687533834868,37.17370970790379,31.596146358212106,3.1356386004528503,171.37267347143455,27.954888518471396,16.772266867818367,7.803878276607548,-0.573211669921875,30.617746097843177,0
cda3cfaa-53c1-4fc8-aa6b-3b840f7011ff_delivery_1,70,52.501370151875335,80.5456675367057,80.5456675367057,28.37547707538995,17.94072449601652,28.37547707538995,62.72695514165137,92.56085835714904,166.89743787313023,177.35853799460858,26.444880715709214,20.886822053790457,13.584308277887049,8.625894961904528,26.444880715709214,20.886822053790457,-24.75628662109375,-20.84442138671875,80.5456675367057,17.94072449601652,177.35853799460858,20.886822053790457,34.43990784464983,173.41316097582427,178.28127212214298,4.868111146318711,-94.7515098418564,0.8297926201657333,24.608218336171042,2.6679894717404546,24.608218336171042,171.3836669921875,282.35386657714844,14.154170597018727,173.41316097582427,178.28127212214298,37.822019869311056,8.442785934357188,37.822019869311056,60.13047838421035,15.940591399678873,60.13047838421035,178.7734111889434,169.03185550023827,169.03185550023827,178.7734111889434,24.255278634680817,6.925259808332725,24.255278634680817,28.20783352909457,28.20783352909457,27.611929731580506,24.095018102005113,3.253260626896384,171.2547775876159,22.18107897326709,14.875590726930707,8.058588835663437,-0.6865997314453125,30.0129884248725,0
cda3cfaa-53c1-4fc8-aa6b-3b840f7011ff_delivery_1,71,39.37874533783617,10.794285002788483,39.37874533783617,30.820058229615917,8.090677582397522,30.820058229615917,61.452483857362004,93.95836873652239,166.17378145383603,176.59036666197,25.430267160214704,20.958087102741715,12.678995682149274,8.84792974746165,25.430267160214704,20.958087102741715,-23.627349853515625,-20.86517333984375,10.794285002788483,8.090677582397522,176.59036666197,20.958087102741715,22.05379318486152,173.07827230570908,177.11470873980682,4.0364364340977374,-95.4811642421951,-0.3348886701151912,25.20912894960204,18.02986400692898,25.20912894960204,172.20642852783203,282.4998550415039,25.06839162441248,173.07827230570908,177.11470873980682,19.22316656741474,57.31207227368553,57.31207227368553,34.52724277141113,69.4679195399902,69.4679195399902,176.96649647438096,170.50059094870187,170.50059094870187,176.96649647438096,30.48375660975969,28.695156975449194,30.48375660975969,34.27186472214243,34.27186472214243,31.69774493525801,32.98481331288779,3.216814571378552,170.84726890608243,25.108084642082147,26.770998679856767,8.031142308586032,0.2985382080078125,31.0026728205733,0
cda3cfaa-53c1-4fc8-aa6b-3b840f7011ff_delivery_1,72,55.40171176526845,38.09859542310965,55.40171176526845,32.238631484340246,16.805527036886193,32.238631484340246,58.68545538181589,94.38120297339995,167.09997700249102,171.77464243420724,25.06885576728209,21.970506925471554,12.262019991668163,9.809237178875037,25.06885576728209,21.970506925471554,-22.711700439453125,-21.754364013671875,38.09859542310965,16.805527036886193,171.77464243420724,21.970506925471554,29.63011690525075,173.10079131033885,176.9512812002685,3.850489889929662,-95.9512097491135,0.02251900462977119,17.357652116980248,17.87858360491971,17.87858360491971,172.83982849121094,282.71439361572266,20.06240469367001,173.10079131033885,176.9512812002685,6.015376110625428,46.55148225325348,46.55148225325348,11.60405515133365,52.43127782007476,52.43127782007476,175.63964653630228,171.8607862566658,171.8607862566658,175.63964653630228,20.100454878994878,25.377398057565575,25.377398057565575,34.447282924110816,34.447282924110816,32.427611746886726,33.796195189706204,3.0435847463009624,170.20545993211982,19.317387200625934,24.467737732733514,7.709477561141801,-0.24072265625,28.321728808612686,0
cda3cfaa-53c1-4fc8-aa6b-3b840f7011ff_delivery_1,73,71.9000038556712,14.103026562564484,71.9000038556712,36.68886520812275,26.13382609073845,36.68886520812275,55.63368235790877,95.65493825705562,169.68367523915268,171.19703889502037,25.272725328511225,21.811925185731656,12.347854528491482,9.539625299352767,25.272725328511225,21.811925185731656,-22.02947998046875,-21.51324462890625,14.103026562564484,26.13382609073845,171.19703889502037,21.811925185731656,33.63235276019166,172.46976977334637,176.23128522644268,3.761515453096308,-96.18886706290724,-0.6310215369924776,21.724627530557566,31.243767313495518,31.243767313495518,173.6396827697754,283.0729446411133,26.296257039203837,172.46976977334637,176.23128522644268,4.912971635147396,54.56450052110288,54.56450052110288,11.82907819277164,77.51140449839833,77.51140449839833,174.43841201329587,171.87452649818414,171.87452649818414,174.43841201329587,20.722777414484515,32.29730881889608,32.29730881889608,27.703750049158597,27.703750049158597,25.42691830832643,24.86029886720857,2.7395598281191114,169.36707299047384,15.190196306795661,27.25072765937274,7.0138745233001005,0.0063018798828125,33.63601313682924,0
cda3cfaa-53c1-4fc8-aa6b-3b840f7011ff_delivery_1,74,57.70766356082628,19.791529687203013,57.70766356082628,42.185067357518776,15.082068375450625,42.185067357518776,52.81355621129708,97.39581579583488,169.5484361391924,173.0372251947345,25.197931675653013,21.566470925293387,12.1142899517431,9.201366801265538,25.197931675653013,21.566470925293387,-21.326263427734375,-21.21484375,19.791529687203013,15.082068375450625,173.0372251947345,21.566470925293387,30.755465043555475,172.52978664902565,176.41292418245246,3.8831375334268046,-96.51052193301882,0.060016875679281156,23.313067473835236,26.453393806498898,26.453393806498898,174.55072021484375,283.1935348510742,27.569514006409257,172.52978664902565,176.41292418245246,4.669644793579082,48.82713193360421,48.82713193360421,5.58001778950182,92.31564439606,92.31564439606,172.34319832531077,169.18016303158794,169.18016303158794,172.34319832531077,26.34066162978022,34.58468178972093,34.58468178972093,26.601551003128037,26.601551003128037,24.12776839615042,21.879532434411622,2.438079792729434,168.3599613871568,7.47911659680572,21.267287085696523,6.358501902796564,0.4619903564453125,33.07088104946493,0
cda3cfaa-53c1-4fc8-aa6b-3b840f7011ff_delivery_1,75,54.32489929225029,56.033963790611196,56.033963790611196,32.458321533938836,20.602127078241008,32.458321533938836,51.27335794913584,98.68100798569179,170.1597671800008,174.04022022279403,23.901670363868583,19.993965482089088,11.168180071682148,7.7887633346118434,23.901670363868583,19.993965482089088,-19.781158447265625,-19.626678466796875,56.033963790611196,20.602127078241008,174.04022022279403,19.993965482089088,36.172915490547865,172.42535571848705,176.12377908528785,3.698423366800796,-96.09900419302886,-0.10443093053859798,26.64284906759222,26.975332180653666,26.975332180653666,175.36363220214844,283.30126190185547,24.600567369804992,172.42535571848705,176.12377908528785,10.871223930605073,54.87077893663595,54.87077893663595,1.641461125254985,93.13272163274222,93.13272163274222,172.43056789338343,168.31009681213956,168.31009681213956,172.43056789338343,20.12297132826476,26.13818945516484,26.13818945516484,21.27953924432322,21.27953924432322,19.20054186688717,25.443767366661646,2.1357677830582635,167.58760816243216,14.848006548716,34.78827361596572,5.65826214534723,1.590850830078125,35.317903279329585,0
cda3cfaa-53c1-4fc8-aa6b-3b840f7011ff_delivery_1,76,74.03782760423724,68.41715934782655,74.03782760423724,35.28563425910782,40.09464461207914,40.09464461207914,49.76267568882725,99.52339981139046,174.04653109844392,169.35051172556425,24.928050018338947,18.310868008480544,11.887884927508683,6.400341512330398,24.928050018338947,18.310868008480544,-19.802642822265625,-17.825103759765625,68.41715934782655,40.09464461207914,169.35051172556425,18.310868008480544,47.020618996736495,172.50087041286454,176.63742187842342,4.136551465558881,-95.05734260945309,0.07551469437748892,22.643464892326936,41.644983264841244,41.644983264841244,176.19289779663086,283.30147552490234,24.87796865992844,172.50087041286454,176.63742187842342,18.112397841321314,46.290137012148534,46.290137012148534,26.69829519297565,96.77517212032073,96.77517212032073,172.80073507521652,165.47530801506392,165.47530801506392,172.80073507521652,11.456623448775838,28.296494307345313,28.296494307345313,2.5777688511943224,2.5777688511943224,3.94215326300007,9.403305759075986,1.9451342356440624,166.4152830415084,15.004507368755233,30.47521017894612,5.133323098817875,1.092620849609375,42.47940282527553,0
cda3cfaa-53c1-4fc8-aa6b-3b840f7011ff_delivery_1,77,59.22627287173716,47.95145382522864,59.22627287173716,34.563266027926666,42.85230945868076,42.85230945868076,48.710695722634846,98.54032716252935,176.7445703828286,167.28098082712353,25.24671647022026,17.784697410647993,12.13021299660466,5.919065786982708,25.24671647022026,17.784697410647993,-19.41754150390625,-17.3466796875,47.95145382522864,42.85230945868076,167.28098082712353,17.784697410647993,41.44462144709876,171.79853618442678,175.69142706481412,3.892890880387341,-94.69473029323339,-0.7023342284377634,27.350332581985892,36.72409391703342,36.72409391703342,177.16593551635742,283.2144775390625,29.307574928604588,171.79853618442678,175.69142706481412,9.704576078441143,67.48966960193907,67.48966960193907,14.131774777952343,112.63947532039707,112.63947532039707,172.8247587605374,164.72914833245764,164.72914833245764,172.8247587605374,19.915550109703805,33.84347940093065,33.84347940093065,60.7709992121352,60.7709992121352,64.18378487128521,55.66416723781068,2.2721120294371064,168.25208385412427,52.615399393993755,36.9878734091668,5.683253058176254,0.5991973876953125,42.19935449766305,0
cda3cfaa-53c1-4fc8-aa6b-3b840f7011ff_delivery_1,78,38.96922511998297,38.40035274289932,38.96922511998297,33.02585174365923,38.61744752828828,38.61744752828828,48.08914170734355,97.36736767536154,176.84178421589712,163.58410471057863,25.610829038091886,17.41900837936641,12.260280753316742,5.698766683418152,25.610829038091886,17.41900837936641,-19.503753662109375,-16.99468994140625,38.40035274289932,38.61744752828828,163.58410471057863,17.41900837936641,34.291848464726286,172.19751091251655,175.80259888157983,3.605087969063277,-94.29548208201759,0.39897472808976886,25.80799229106025,30.93022136246766,30.93022136246766,177.9818992614746,283.06874084472656,24.866290750320395,172.19751091251655,175.80259888157983,10.904742626255342,52.51339263691383,52.51339263691383,16.776691869299267,78.79844454819579,78.79844454819579,172.455086521383,164.5563956005167,164.5563956005167,172.455086521383,16.61660174390292,27.37960286791064,27.37960286791064,66.68078519482474,66.68078519482474,69.85434291573829,57.35976504475541,2.7211414370559823,170.38967860217426,57.21595893926019,31.49993444865933,6.583711178294259,0.4247894287109375,34.061713923402955,0
cda3cfaa-53c1-4fc8-aa6b-3b840f7011ff_delivery_1,79,61.40230201631438,40.593153378174634,61.40230201631438,26.86279450504708,35.93825145640674,35.93825145640674,48.619593885805344,95.23093868907516,179.48076040299676,162.78567561015475,26.647256419987592,17.2834796892281,13.182717482629819,5.613450512527466,26.647256419987592,17.2834796892281,-19.915252685546875,-16.9803466796875,40.593153378174634,35.93825145640674,162.78567561015475,17.2834796892281,35.608425054028096,173.01460956817553,175.67914794179808,2.6645383736225483,-94.10041221529052,0.817098655658981,26.22017643974963,22.633872528476118,26.22017643974963,178.7426528930664,283.14969635009766,22.951468224211645,173.01460956817553,175.67914794179808,21.068916504487582,42.72295639573421,42.72295639573421,7.558581773615376,55.33556140204733,55.33556140204733,174.46930615420575,165.37147611874548,165.37147611874548,174.46930615420575,20.276715380221717,22.91768408142665,22.91768408142665,63.37494965228484,63.37494965228484,65.71762437603002,55.39569411387246,3.090436921778427,172.2334452258685,53.79143224276929,31.31282931424298,7.351506441902896,-0.274444580078125,31.960913821808457,0
cda3cfaa-53c1-4fc8-aa6b-3b840f7011ff_delivery_1,80,101.07726226868341,52.04854324228072,101.07726226868341,41.11480713371975,37.7990327810546,41.11480713371975,48.48803605259067,94.51697187624917,176.94275979995828,167.25609314710547,29.17788315588953,18.061146538100243,15.070660841863905,6.246467176455836,29.17788315588953,18.061146538100243,-21.307891845703125,-17.84405517578125,52.04854324228072,37.7990327810546,167.25609314710547,18.061146538100243,48.2025496393942,173.85811015283477,175.70405532325466,1.8459451704198955,-94.54496862772658,0.8435005846592389,23.51775563883263,33.65789677179409,33.65789677179409,179.78816604614258,283.1159362792969,31.381742240866384,173.85811015283477,175.70405532325466,20.616350180459396,39.5605210603391,39.5605210603391,1.051115105285712,30.2965689874859,30.2965689874859,174.97196809509796,166.55016615351138,166.55016615351138,174.97196809509796,28.98154476460226,40.03900768927568,40.03900768927568,37.82860529837976,37.82860529837976,41.280298941709205,32.896199663241305,3.3828145154072615,173.06039524198087,42.148491676665195,22.873389841840222,8.009254308671041,-1.157806396484375,37.48003380198444,0
cda3cfaa-53c1-4fc8-aa6b-3b840f7011ff_delivery_1,81,32.73330702240137,58.52173108754777,58.52173108754777,24.427737646578493,23.310850860701546,24.427737646578493,48.333944690649965,93.09736543331282,176.7166998751674,174.72497729713524,29.41431088363279,19.049496809571558,15.343703087408253,6.854946653426153,29.41431088363279,19.049496809571558,-21.379425048828125,-18.977203369140625,58.52173108754777,23.310850860701546,174.72497729713524,19.049496809571558,29.18865265784993,174.0983668600512,175.2360600692822,1.1376932092310028,-95.81870801207786,0.24025670721641745,24.430179082903692,11.7081102469667,24.430179082903692,180.65972518920898,282.9962463378906,26.39217535071393,174.0983668600512,175.2360600692822,38.85712644365732,40.15302514007565,40.15302514007565,18.173704910475582,22.47431663842345,22.47431663842345,176.64001819036798,169.10767992541372,169.10767992541372,176.64001819036798,39.130619359880896,32.95240133028117,39.130619359880896,43.94004364852982,43.94004364852982,46.456805124763335,36.84034476817002,3.7132173173245495,174.1313626723951,40.58262225895108,18.45858433978369,8.75866623765884,-0.707000732421875,30.572759147491137,0
cda3cfaa-53c1-4fc8-aa6b-3b840f7011ff_delivery_1,82,20.218073529881224,37.75968485734883,37.75968485734883,21.051552671076315,25.292231641526477,25.292231641526477,49.320186990875015,92.26268002502242,175.95800061540206,176.96367729068072,29.33178228154076,19.5231659066252,15.349035436393667,7.170138830367655,29.33178228154076,19.5231659066252,-21.5238037109375,-19.4892578125,37.75968485734883,25.292231641526477,176.96367729068072,19.5231659066252,25.353026037726067,174.61420106528493,175.30369261167735,0.6894915463924178,-96.80815780087106,0.5158342052337446,27.76280794642802,20.03380558009553,27.76280794642802,181.68649291992188,282.98390197753906,30.80525800020525,174.61420106528493,175.30369261167735,31.626426388570405,29.230663174543114,31.626426388570405,5.236040171201007,17.083073054100595,17.083073054100595,178.53394615339474,170.06846082405372,170.06846082405372,178.53394615339474,39.98914805445928,35.52281831286276,39.98914805445928,14.757524947984324,14.757524947984324,15.728948152366502,16.66729991083618,3.6657736287918956,174.7050592919546,21.86740963081709,22.212741691313454,8.746959293609509,-0.3175811767578125,25.90052711517446,0
cda3cfaa-53c1-4fc8-aa6b-3b840f7011ff_delivery_1,83,16.7274544136268,38.11480274513147,38.11480274513147,20.10589864333124,35.54472305817472,35.54472305817472,51.12850937504195,91.01948150232059,175.10554267643252,176.25101561697065,29.228818204714294,19.416610818326586,15.350289309038406,7.013257705266614,29.228818204714294,19.416610818326586,-21.911468505859375,-19.39996337890625,38.11480274513147,35.54472305817472,176.25101561697065,19.416610818326586,28.340505204350233,174.4052578381456,174.69811424014816,0.29285640200257035,-97.37856725184173,-0.20894322713934343,31.996826307817923,27.553326058019238,31.996826307817923,182.80771255493164,282.893310546875,33.74620348301531,174.4052578381456,174.69811424014816,35.051162779945,27.754537154848133,35.051162779945,8.442530684502648,11.943136005114129,11.943136005114129,179.42384548261208,171.01238925672953,171.01238925672953,179.42384548261208,40.20921185322067,35.27801836801953,40.20921185322067,12.861081677119829,12.861081677119829,12.3513357252045,16.227756335568202,3.5277250571020144,174.5843624948288,19.441131898770518,25.227076529428167,8.553126199200943,-0.07745361328125,27.393469005979288,0
cda3cfaa-53c1-4fc8-aa6b-3b840f7011ff_delivery_1,84,4.457914473129943,39.63091430751435,39.63091430751435,19.95952099609643,36.992958373252215,36.992958373252215,51.76712265397385,89.59547334867227,176.31580356593818,174.3348788429338,28.720976581993526,20.18036700368588,14.925924955506185,7.581984213283196,28.720976581993526,20.18036700368588,-21.954254150390625,-20.1712646484375,39.63091430751435,36.992958373252215,174.3348788429338,20.18036700368588,25.644399213997417,173.78569599873057,174.0095891816984,0.2238931829678279,-98.21912769613924,-0.6195618394150131,25.363183345239257,27.46190378875231,27.46190378875231,183.87399291992188,282.7674331665039,32.21054235009893,173.78569599873057,174.0095891816984,29.805410615090857,37.04776241380402,37.04776241380402,14.612607547308762,8.205620096718247,14.612607547308762,178.92082101288952,173.574602038092,173.574602038092,178.92082101288952,38.30911863296518,37.953577476013145,38.30911863296518,12.679600929962472,12.679600929962472,13.583073737194091,15.759635915303994,3.450343021423754,174.70839561712683,20.527132980995937,22.88074409123683,8.47280932593092,-0.282745361328125,26.650041005490394,0
cda3cfaa-53c1-4fc8-aa6b-3b840f7011ff_delivery_1,85,7.832281004343423,46.622831958088675,46.622831958088675,18.5409675524637,43.60005293982435,43.60005293982435,52.5457042102503,88.05314926292591,178.28673326638497,169.82595958376461,28.3574778539653,21.45342095723052,14.533104469846306,8.478893160295852,28.3574778539653,21.45342095723052,-22.244384765625,-21.439605712890625,46.622831958088675,43.60005293982435,169.82595958376461,21.45342095723052,28.37465489797069,173.12336676674272,173.6667734683934,0.5434067016506674,-98.50570999663469,-0.6623292319878544,22.82327500848547,30.82852092461851,30.82852092461851,184.83558654785156,282.7506637573242,28.85219517685427,173.12336676674272,173.6667734683934,27.816668229318466,22.016475818944997,27.816668229318466,20.382258331680884,6.0708269024200066,20.382258331680884,178.3772910357222,174.0384619261048,174.0384619261048,178.3772910357222,29.443551432993775,32.4948241255003,32.4948241255003,10.90184381535363,10.90184381535363,12.201092672640536,14.910495852036343,3.357284960998115,175.03666604329922,19.810689363754157,24.43047944468156,8.318646606377593,-0.7428131103515625,25.706044519056878,0
cda3cfaa-53c1-4fc8-aa6b-3b840f7011ff_delivery_1,86,7.769270187518692,35.78453783278405,35.78453783278405,16.289423520046267,49.11620246663576,49.11620246663576,53.639947268659945,86.39645419760261,179.98431382407094,163.85941427387039,27.96433573152629,22.33719714049611,14.210367385832589,9.169161579241967,27.96433573152629,22.33719714049611,-22.517578125,-22.3076171875,35.78453783278405,49.11620246663576,163.85941427387039,22.33719714049611,28.25614169902904,172.41790224665334,173.55861053092553,1.1407082842721934,-98.13431291312446,-0.7054645200893788,24.188937132891187,36.38847905429828,36.38847905429828,185.77261352539062,282.8214569091797,28.190922373825586,172.41790224665334,173.55861053092553,26.781222318966186,20.305316191161786,26.781222318966186,27.05450079234132,2.5756153441150715,27.05450079234132,178.21559494645626,174.53997954220296,174.53997954220296,178.21559494645626,24.35900175623851,29.27851774630659,29.27851774630659,8.230781879689799,8.230781879689799,8.694916135662336,12.461167348525137,3.2316172328682424,174.92191316025182,18.038980286808606,24.140242526117003,8.115209954531451,-0.503448486328125,24.99091869527531,0
cda3cfaa-53c1-4fc8-aa6b-3b840f7011ff_delivery_1,87,5.424425361223073,19.51552433412869,19.51552433412869,10.437175267594514,21.069780181497862,21.069780181497862,53.726167239759846,85.99240482882678,178.41545652520978,162.69665492145907,27.880079585342404,22.7275363857383,14.152762740636616,9.422890371845021,27.880079585342404,22.7275363857383,-22.706207275390625,-22.694793701171875,19.51552433412869,21.069780181497862,162.69665492145907,22.7275363857383,14.138668767427786,172.10418358747435,173.69777367926008,1.5935900917857282,-97.93147070341121,-0.31371865917898845,11.354851945491328,17.030255514631254,17.030255514631254,186.19554901123047,282.82460021972656,12.688414992638005,172.10418358747435,173.69777367926008,11.900884204261216,5.676013417772589,11.900884204261216,16.788769310374462,2.398991790405288,16.788769310374462,178.40707207930853,174.2477183973118,174.2477183973118,178.40707207930853,9.964402574317646,12.44950157350129,12.44950157350129,4.457838111647429,4.457838111647429,4.697757636194559,7.18091862949837,3.1484599402923,175.13141189437516,9.047602395570678,13.694411284194484,7.956706647310128,-0.29974365234375,12.000881289599933,0
cda3cfaa-53c1-4fc8-aa6b-3b840f7011ff_delivery_1,88,2.212376514621647,37.32443240817942,37.32443240817942,8.206050040506929,19.759736609906586,19.759736609906586,53.61761060896975,85.20355472841173,177.05669961276567,162.2766839132034,27.776622302389228,23.877390329423502,14.043675020122356,10.224080979913323,27.776622302389228,23.877390329423502,-22.782501220703125,-23.85101318359375,37.32443240817942,19.759736609906586,162.2766839132034,23.877390329423502,14.091919268455122,171.90848227492577,173.8112324693598,1.9027501944340202,-98.1578550183858,-0.1957013125485787,7.351180442921823,9.697739594594323,9.697739594594323,186.53369140625,282.82696533203125,10.144519986632323,171.90848227492577,173.8112324693598,14.246105616794432,10.303820224011014,14.246105616794432,16.79551842667342,3.2897131101099792,16.79551842667342,178.39619087060078,174.74106994374068,174.74106994374068,178.39619087060078,11.59082415166321,11.970584753966486,11.970584753966486,7.109105563887582,7.109105563887582,7.591894959107387,8.544765472343137,3.127874580426961,175.63938862682767,8.969005630761599,10.511834268349844,7.923224165346409,-0.615325927734375,12.729006824495771,0
