frame_no,batsman_detected,distance_to_bat,x0,y0,x1,y1,x2,y2,x3,y3,x4,y4,x5,y5,x6,y6,x7,y7,x8,y8,x9,y9,x10,y10,x11,y11,x12,y12,x13,y13,x14,y14,x15,y15,x16,y16
0,1,,228.0344696044922,371.4725646972656,229.5317840576172,368.0705261230469,224.79803466796875,369.4981384277344,234.08731079101562,367.2601318359375,223.05899047851562,370.0889892578125,241.74114990234375,376.6650390625,231.93020629882812,380.5588073730469,243.51255798339844,396.8692626953125,234.56068420410156,400.89410400390625,242.93984985351562,416.6222839355469,239.6595001220703,414.7095947265625,267.3134460449219,401.6788330078125,261.1062316894531,403.6861877441406,245.38504028320312,429.2355651855469,247.47750854492188,430.8076477050781,250.29022216796875,461.099609375,253.08070373535156,459.9171447753906
1,1,,228.09597778320312,371.32672119140625,229.6300506591797,367.9436340332031,224.8505859375,369.34588623046875,234.21275329589844,367.2021789550781,223.0637664794922,369.9722900390625,241.87973022460938,376.65350341796875,231.7672882080078,380.494140625,243.56658935546875,396.90460205078125,234.52310180664062,400.9106750488281,242.87037658691406,416.41070556640625,239.57180786132812,414.681640625,267.2509460449219,401.6817321777344,260.8111877441406,403.6753845214844,245.46214294433594,429.0264587402344,247.30828857421875,430.63079833984375,250.38275146484375,461.02978515625,252.87289428710938,459.91827392578125
2,1,,228.2479248046875,371.29669189453125,229.7537384033203,367.9304504394531,224.97219848632812,369.3198547363281,234.30406188964844,367.17657470703125,223.1180419921875,369.94085693359375,242.2391357421875,376.66619873046875,231.5957489013672,380.5837097167969,243.78277587890625,396.9425048828125,234.47732543945312,401.1180419921875,242.807373046875,416.3484191894531,239.63523864746094,414.6901550292969,267.0981750488281,401.6609802246094,260.2237548828125,403.72906494140625,246.39466857910156,428.67889404296875,247.130126953125,430.59320068359375,250.7265167236328,460.24591064453125,252.4910430908203,459.7256774902344
3,1,,228.45230102539062,371.1687927246094,229.94700622558594,367.834716796875,225.1333770751953,369.2046813964844,234.46522521972656,367.1337890625,223.1557159423828,369.88189697265625,242.6943817138672,376.69830322265625,231.22315979003906,380.70062255859375,244.0212860107422,396.9106750488281,234.2773895263672,401.3019104003906,242.71766662597656,416.2818603515625,239.69497680664062,414.5318298339844,266.8045654296875,401.6662292480469,259.2664794921875,403.8168640136719,247.50987243652344,428.358642578125,246.71603393554688,430.5921936035156,251.16098022460938,459.5570373535156,251.91685485839844,459.63433837890625
4,1,,228.6146697998047,371.10723876953125,230.08302307128906,367.80560302734375,225.2667694091797,369.1609191894531,234.5710906982422,367.1416320800781,223.2173309326172,369.8757019042969,243.1101837158203,376.7381591796875,230.99436950683594,380.7434387207031,244.2105255126953,396.9562072753906,234.22096252441406,401.39862060546875,242.63294982910156,416.19342041015625,239.78848266601562,414.3626403808594,266.6337585449219,401.6552429199219,258.5628356933594,403.8196716308594,248.4242706298828,427.9548645019531,246.36398315429688,430.3138122558594,251.50875854492188,458.963623046875,251.3732147216797,459.31610107421875
5,1,,228.78857421875,371.05224609375,230.21156311035156,367.7821044921875,225.40826416015625,369.1314697265625,234.64183044433594,367.1465759277344,223.29429626464844,369.89288330078125,243.43106079101562,376.72088623046875,230.902099609375,380.8136901855469,244.36090087890625,396.8675231933594,234.25302124023438,401.5200500488281,242.55934143066406,416.0417175292969,239.88613891601562,414.3162841796875,266.451416015625,401.57110595703125,258.027587890625,403.8006896972656,249.33779907226562,427.55621337890625,246.29092407226562,430.1602478027344,251.83364868164062,458.24188232421875,251.06063842773438,459.0594177246094
6,1,,228.8524169921875,371.012939453125,230.23367309570312,367.7635192871094,225.45291137695312,369.1148376464844,234.569580078125,367.1669616699219,223.27392578125,369.92730712890625,243.44346618652344,376.74078369140625,230.8336181640625,380.81243896484375,244.34713745117188,396.7698974609375,234.40615844726562,401.337158203125,242.61859130859375,416.0096435546875,240.08004760742188,413.78076171875,266.2953796386719,401.4706726074219,257.79840087890625,403.6744079589844,249.81524658203125,427.80511474609375,246.45826721191406,430.2481384277344,251.73512268066406,458.4514465332031,251.1676025390625,459.0352783203125
7,1,,228.81942749023438,370.9350280761719,230.21817016601562,367.6942138671875,225.41824340820312,369.0399169921875,234.50466918945312,367.2091369628906,223.2072296142578,369.94122314453125,243.1313018798828,376.79168701171875,230.95306396484375,380.7156066894531,244.149658203125,396.7120666503906,234.7775115966797,400.94952392578125,242.69898986816406,415.9467468261719,240.16773986816406,413.1219177246094,266.25189208984375,401.40045166015625,258.0810241699219,403.47796630859375,249.42196655273438,428.2678527832031,246.77420043945312,430.235107421875,251.34710693359375,459.399658203125,251.51162719726562,459.1522216796875
8,1,,228.73367309570312,370.87237548828125,230.13665771484375,367.63616943359375,225.35304260253906,368.9770202636719,234.3994598388672,367.20355224609375,223.16555786132812,369.9115295410156,242.94020080566406,376.74932861328125,231.07984924316406,380.58734130859375,244.11563110351562,396.5832824707031,235.12905883789062,400.5737609863281,242.85140991210938,415.81195068359375,240.12098693847656,412.34356689453125,266.38604736328125,401.2481994628906,258.4512634277344,403.22357177734375,249.05026245117188,428.4530334472656,246.93783569335938,430.0331115722656,251.04766845703125,460.0504455566406,251.7355499267578,459.099365234375
9,1,,228.6912841796875,370.8704833984375,230.06719970703125,367.6397705078125,225.3429718017578,368.9710388183594,234.23670959472656,367.2485046386719,223.16978454589844,369.9241027832031,242.7261505126953,376.7747497558594,231.18084716796875,380.5184020996094,244.0638427734375,396.64703369140625,235.30162048339844,400.2667541503906,242.9823455810547,415.9370422363281,239.88401794433594,411.4388732910156,266.4973449707031,401.0116271972656,258.8064270019531,402.9073486328125,248.55056762695312,428.6689453125,247.05772399902344,429.98175048828125,250.82655334472656,460.6832275390625,251.94886779785156,459.240478515625
10,1,,228.68753051757812,370.8760986328125,230.0894317626953,367.6391906738281,225.34927368164062,368.9639587402344,234.28759765625,367.2621154785156,223.2078094482422,369.91650390625,242.72203063964844,376.7972106933594,231.30392456054688,380.48724365234375,244.15704345703125,396.728515625,235.3865203857422,400.18170166015625,243.20135498046875,416.0203857421875,239.9470977783203,411.1610107421875,266.6546936035156,400.90362548828125,259.06622314453125,402.76116943359375,248.23272705078125,428.78692626953125,246.98672485351562,430.01953125,250.86773681640625,460.7779541015625,252.0614013671875,459.1805419921875
11,1,,228.79319763183594,371.0359802246094,230.13790893554688,367.77130126953125,225.4475860595703,369.1264343261719,234.34156799316406,367.251220703125,223.3726043701172,369.9980163574219,242.963623046875,376.7388000488281,231.66786193847656,380.56878662109375,244.4669647216797,396.8345642089844,235.5340576171875,400.5665588378906,243.3857879638672,416.1617126464844,240.0130157470703,412.03668212890625,266.7778625488281,400.86785888671875,259.2449035644531,402.7774353027344,248.37135314941406,428.1961669921875,246.8022918701172,429.65997314453125,251.28533935546875,459.64154052734375,251.67269897460938,458.4466247558594
12,1,,228.7714385986328,371.14306640625,230.09950256347656,367.865478515625,225.428466796875,369.24798583984375,234.40892028808594,367.2585754394531,223.44390869140625,370.0830993652344,243.40599060058594,376.7310485839844,231.61427307128906,380.6546630859375,244.7099609375,397.08648681640625,235.17813110351562,400.9922180175781,243.46487426757812,416.44390869140625,239.85409545898438,412.6383972167969,266.9551696777344,400.96685791015625,259.0321350097656,402.91497802734375,248.62937927246094,427.8770751953125,246.152099609375,429.5326232910156,251.79104614257812,459.1837158203125,251.15524291992188,458.32208251953125
13,1,,228.90882873535156,371.1884460449219,230.2203369140625,367.85943603515625,225.4856414794922,369.2984924316406,234.5622100830078,367.1409912109375,223.43495178222656,370.1210632324219,243.7128448486328,376.69586181640625,231.67079162597656,380.6954040527344,244.83363342285156,397.3853759765625,235.0665283203125,401.37982177734375,243.47193908691406,416.61846923828125,239.89027404785156,413.57757568359375,267.0379333496094,401.1640319824219,258.9175109863281,403.14166259765625,248.81777954101562,427.78778076171875,245.80581665039062,429.5794677734375,252.16001892089844,458.8795166015625,250.87596130371094,458.2981872558594
14,1,,229.0948944091797,371.1803894042969,230.41925048828125,367.8418273925781,225.67007446289062,369.2803039550781,234.8628387451172,366.9865417480469,223.65066528320312,369.9669494628906,244.2616729736328,376.6602478027344,231.6551971435547,380.50006103515625,245.19635009765625,397.721435546875,234.78224182128906,401.28875732421875,243.65896606445312,416.86187744140625,239.83322143554688,413.7789306640625,267.2198486328125,401.29400634765625,258.71417236328125,403.2197265625,249.20794677734375,427.759521484375,245.535400390625,429.63751220703125,252.1381378173828,458.392333984375,250.57017517089844,458.20794677734375
15,1,,229.2192840576172,371.1629638671875,230.53289794921875,367.7978515625,225.77902221679688,369.2615661621094,235.04432678222656,366.799072265625,223.760986328125,369.8399963378906,244.74957275390625,376.62548828125,231.55569458007812,380.29278564453125,245.4695281982422,398.1134338378906,234.49827575683594,400.96905517578125,243.767578125,417.1357421875,239.50152587890625,413.22955322265625,267.4224548339844,401.4177551269531,258.5173645019531,403.26287841796875,249.40574645996094,427.7691345214844,245.19003295898438,429.6109619140625,251.93553161621094,458.3464050292969,250.25413513183594,458.3274230957031
16,1,,229.2877655029297,370.9991760253906,230.6453857421875,367.64501953125,225.86929321289062,369.0931396484375,235.2631072998047,366.6197814941406,223.8802947998047,369.6144714355469,245.2196807861328,376.60577392578125,231.25083923339844,380.0350646972656,245.53440856933594,398.3501892089844,234.0126953125,400.3044738769531,243.4902801513672,417.1840515136719,238.90391540527344,411.4990539550781,267.59307861328125,401.4662170410156,258.1802978515625,403.2353515625,249.5460662841797,427.8340759277344,244.93087768554688,429.6728515625,251.7319793701172,458.5030822753906,250.57313537597656,458.66717529296875
17,1,,229.50997924804688,370.74322509765625,230.8926239013672,367.3636474609375,226.0806427001953,368.8074951171875,235.46124267578125,366.29791259765625,223.9903106689453,369.2767639160156,245.17088317871094,376.4009704589844,231.22584533691406,379.8125915527344,245.44931030273438,398.1886901855469,233.78709411621094,400.0751037597656,243.41368103027344,417.044677734375,238.83859252929688,411.5703125,267.6393737792969,401.3685302734375,258.3135681152344,403.1750183105469,249.02159118652344,427.97039794921875,245.12625122070312,429.9088134765625,251.38119506835938,458.7520751953125,250.86550903320312,459.1257019042969
18,1,,229.77511596679688,370.5462951660156,231.23255920410156,367.21783447265625,226.47042846679688,368.55230712890625,235.68739318847656,366.18194580078125,224.4189910888672,368.93023681640625,244.99537658691406,376.3265075683594,231.23443603515625,379.56817626953125,245.39854431152344,398.0431213378906,233.63563537597656,399.1266784667969,243.14173889160156,416.7263488769531,238.4280548095703,408.9704284667969,267.2577819824219,401.1640930175781,258.13372802734375,402.9054870605469,248.6858367919922,428.1463317871094,245.66099548339844,430.0981140136719,251.2325439453125,458.76873779296875,251.474365234375,459.0928649902344
19,1,,230.03240966796875,370.0871887207031,231.5482635498047,366.7494812011719,226.71249389648438,368.055908203125,235.85147094726562,365.80633544921875,224.55682373046875,368.5464172363281,244.5872039794922,376.1098327636719,231.40762329101562,379.4505615234375,245.1228790283203,397.73626708984375,234.25025939941406,398.96942138671875,242.66502380371094,416.2240295410156,238.57501220703125,409.2424621582031,266.7149963378906,401.051025390625,258.0384826660156,402.8080749511719,248.19357299804688,428.1991882324219,246.3462371826172,430.22119140625,251.27503967285156,458.9691162109375,252.2799530029297,459.2362365722656
20,1,,230.32493591308594,369.4468078613281,231.8746795654297,366.1130065917969,226.99476623535156,367.4032287597656,236.01304626464844,365.3826904296875,224.69662475585938,368.0865783691406,244.0779266357422,375.7999572753906,231.66897583007812,379.2267150878906,244.62478637695312,397.2362060546875,234.57275390625,399.0386962890625,242.31947326660156,415.7972106933594,238.67469787597656,409.905029296875,266.3595275878906,400.99725341796875,258.2867126464844,402.7612609863281,247.27108764648438,428.3793029785156,246.9897918701172,430.0923156738281,251.13134765625,459.7684020996094,253.09957885742188,459.31878662109375
21,1,,230.58236694335938,368.800537109375,232.19688415527344,365.43017578125,227.1665496826172,366.73883056640625,236.2336883544922,364.82781982421875,224.61508178710938,367.57904052734375,243.65756225585938,375.3457946777344,231.7281494140625,378.859619140625,244.32321166992188,396.7176513671875,234.75320434570312,399.0744323730469,242.23277282714844,415.28765869140625,238.93753051757812,410.8973388671875,266.0123596191406,400.95013427734375,258.3445739746094,402.7073669433594,246.25221252441406,428.6065673828125,247.25616455078125,429.9723205566406,250.73570251464844,460.70257568359375,253.3773956298828,459.49859619140625
22,1,,230.97921752929688,368.19171142578125,232.61422729492188,364.8896484375,227.6051788330078,366.10845947265625,236.41555786132812,364.37725830078125,225.00172424316406,366.94989013671875,243.39593505859375,375.0201110839844,232.0731201171875,378.1175231933594,244.2301788330078,396.5939636230469,235.42672729492188,398.1589050292969,242.03125,414.7969665527344,238.97767639160156,410.54644775390625,265.4866638183594,400.86724853515625,258.3112487792969,402.3342590332031,245.66494750976562,428.7843017578125,247.85902404785156,429.6104431152344,250.30088806152344,460.9364013671875,254.11029052734375,458.84600830078125
23,1,,231.19752502441406,367.3833923339844,232.8446044921875,364.1036071777344,227.7982940673828,365.30078125,236.5665283203125,363.68756103515625,225.09854125976562,366.1794738769531,243.20567321777344,374.43890380859375,232.41041564941406,377.2806091308594,244.1158905029297,396.3785095214844,235.98989868164062,398.1665954589844,241.93582153320312,414.5230712890625,238.93914794921875,413.3887634277344,265.5830078125,400.8262634277344,258.8114929199219,402.12945556640625,244.74911499023438,428.69879150390625,248.02206420898438,429.08502197265625,249.73548889160156,461.29473876953125,254.18295288085938,458.6122741699219
24,1,,231.26812744140625,366.75457763671875,232.95367431640625,363.52490234375,227.89385986328125,364.66790771484375,236.64517211914062,363.2192077636719,225.1282196044922,365.5391845703125,243.0242919921875,373.8946228027344,232.4141387939453,376.46539306640625,243.92669677734375,395.9056396484375,235.73486328125,397.52691650390625,241.64671325683594,414.02783203125,238.40834045410156,413.7115783691406,265.6756591796875,400.663330078125,259.0672302246094,401.84002685546875,243.84274291992188,428.5152587890625,247.85281372070312,428.6025390625,249.3064727783203,461.5629577636719,254.0406494140625,458.4237365722656
25,1,,231.4189910888672,366.1597595214844,233.18829345703125,363.0160827636719,228.11134338378906,364.0259704589844,236.80050659179688,362.7431945800781,225.29412841796875,364.7480163574219,242.83413696289062,373.3558349609375,232.34776306152344,375.4853820800781,243.93280029296875,395.4432373046875,235.9083709716797,396.3596496582031,241.24473571777344,413.3614501953125,237.91932678222656,413.6402587890625,265.3841247558594,400.39056396484375,258.877685546875,401.3618469238281,243.3451385498047,428.534423828125,247.7523193359375,428.50482177734375,249.0193328857422,461.46185302734375,254.0332489013672,458.24554443359375
26,1,,231.63909912109375,365.4402160644531,233.454345703125,362.3833923339844,228.43606567382812,363.2617492675781,236.94482421875,362.13958740234375,225.68624877929688,363.82977294921875,242.53155517578125,372.6702880859375,232.77471923828125,374.3819274902344,243.75875854492188,394.89617919921875,236.44424438476562,395.0554504394531,240.93197631835938,412.7562561035156,237.57398986816406,413.1674499511719,265.2185974121094,399.9944152832031,259.2005615234375,400.76318359375,242.97840881347656,428.61431884765625,247.9519500732422,428.47137451171875,248.9913330078125,461.439208984375,254.09034729003906,458.13446044921875
27,1,,231.65538024902344,364.7123107910156,233.54769897460938,361.6409912109375,228.46730041503906,362.493896484375,237.16641235351562,361.35601806640625,225.76715087890625,362.94476318359375,242.34469604492188,371.77496337890625,233.1845703125,373.3573303222656,243.4757080078125,394.15289306640625,236.69586181640625,394.0486755371094,240.5630340576172,411.91357421875,237.2171173095703,412.2024841308594,265.2248840332031,399.5174865722656,259.5847473144531,400.2772216796875,242.57801818847656,428.2281494140625,247.88360595703125,428.1983642578125,249.13397216796875,461.2625732421875,253.81338500976562,458.22100830078125
28,1,,231.8740234375,363.9723815917969,233.75624084472656,360.9098205566406,228.7167510986328,361.7333984375,237.37478637695312,360.6064147949219,226.15780639648438,362.0949401855469,242.1226806640625,371.0123291015625,234.12937927246094,372.37255859375,242.93994140625,393.3623352050781,237.32766723632812,392.78607177734375,240.0762176513672,411.0740966796875,237.39529418945312,410.7260437011719,265.0747375488281,399.2901916503906,260.2046203613281,399.9471130371094,242.47354125976562,428.2635498046875,248.20831298828125,428.1312561035156,249.16172790527344,461.3583679199219,253.8533172607422,458.1937255859375
29,1,,232.27444458007812,363.217529296875,234.1186065673828,360.1307067871094,229.1195068359375,360.9607849121094,237.6692352294922,359.7310485839844,226.6730499267578,361.22601318359375,241.92852783203125,370.1982421875,235.3931884765625,371.43389892578125,242.48484802246094,392.7367858886719,238.41403198242188,391.8876647949219,239.53778076171875,410.03515625,237.4090576171875,409.31414794921875,264.6891784667969,399.1687927246094,260.8000183105469,399.70355224609375,242.31185913085938,428.6230773925781,248.65052795410156,428.2098388671875,249.0572967529297,461.60577392578125,253.92007446289062,458.0242614746094
30,1,,232.51231384277344,362.3597106933594,234.29345703125,359.225341796875,229.36776733398438,360.0898742675781,237.8226318359375,358.81488037109375,227.14793395996094,360.3861083984375,241.70738220214844,369.4039306640625,236.69085693359375,370.6960144042969,241.8853302001953,392.1919250488281,239.23548889160156,391.39202880859375,238.88467407226562,408.8746643066406,237.0615997314453,408.0389404296875,264.4053649902344,398.8875732421875,261.53631591796875,399.40264892578125,242.1488494873047,428.417236328125,249.21542358398438,427.97552490234375,248.93667602539062,461.6388244628906,253.78981018066406,457.99609375
31,1,,232.8150177001953,361.6129150390625,234.56214904785156,358.4443664550781,229.67506408691406,359.32293701171875,238.01226806640625,358.1211242675781,227.5740203857422,359.7419738769531,241.49937438964844,368.8865966796875,237.63153076171875,370.34906005859375,241.36630249023438,391.7511291503906,239.34353637695312,391.3597106933594,238.13929748535156,407.72528076171875,235.521728515625,407.15203857421875,264.00030517578125,398.7035827636719,261.9393310546875,399.2349853515625,242.09176635742188,428.3990783691406,249.82460021972656,427.8995666503906,248.80189514160156,461.7467956542969,253.6839599609375,457.95703125
32,1,,233.2033233642578,360.972900390625,234.93092346191406,357.8030700683594,230.05130004882812,358.68023681640625,238.29098510742188,357.5810241699219,227.9595184326172,359.2218017578125,241.51541137695312,368.51507568359375,238.2119598388672,370.1200866699219,240.96192932128906,391.2226867675781,239.4984588623047,391.2771911621094,237.3735809326172,406.5145263671875,234.58396911621094,406.24432373046875,263.552490234375,398.644287109375,261.8810119628906,399.183837890625,242.24229431152344,428.63189697265625,250.28233337402344,428.0395812988281,248.54173278808594,461.909912109375,253.6603546142578,457.9695129394531
33,1,,233.44573974609375,360.3994445800781,235.18307495117188,357.1999816894531,230.23521423339844,358.1161193847656,238.52651977539062,357.016845703125,228.05670166015625,358.79156494140625,241.750244140625,368.07427978515625,238.18988037109375,369.9449157714844,240.78453063964844,390.65618896484375,239.2799835205078,391.0700988769531,236.6350860595703,405.20684814453125,233.4568634033203,404.8077087402344,263.1533508300781,398.3275451660156,261.3120422363281,398.9607849121094,242.39410400390625,428.53985595703125,250.30267333984375,428.1136779785156,248.29261779785156,461.85980224609375,253.62339782714844,458.2140197753906
34,1,,233.5527801513672,359.7278137207031,235.3651123046875,356.5543518066406,230.335205078125,357.4462890625,238.79379272460938,356.5200500488281,228.14573669433594,358.2477111816406,241.9352569580078,367.64483642578125,238.0648956298828,369.5501403808594,240.56924438476562,389.9368896484375,238.92800903320312,390.41217041015625,235.95260620117188,403.9653625488281,232.46263122558594,403.23663330078125,262.8918762207031,397.98291015625,260.8366394042969,398.6103515625,242.6617431640625,428.49151611328125,250.4976348876953,428.01287841796875,248.12107849121094,461.9005126953125,253.64015197753906,458.182373046875
35,1,,233.7102508544922,359.2142639160156,235.60623168945312,356.0552673339844,230.46353149414062,356.93023681640625,239.09271240234375,356.049560546875,228.17401123046875,357.7537536621094,242.19223022460938,367.16815185546875,237.84048461914062,369.0994567871094,240.57077026367188,389.2431335449219,238.74998474121094,389.64398193359375,235.28453063964844,402.7305603027344,231.79837036132812,401.2652587890625,262.71630859375,397.6070251464844,260.3286437988281,398.2110595703125,242.9033966064453,428.64544677734375,250.58248901367188,428.0387878417969,248.01646423339844,461.9456787109375,253.7367401123047,458.0397644042969
36,1,,233.53038024902344,358.7505187988281,235.50912475585938,355.614501953125,230.3342742919922,356.4825744628906,239.30276489257812,355.5688171386719,228.22686767578125,357.23907470703125,242.57562255859375,366.63177490234375,237.70550537109375,368.4495544433594,240.6121063232422,388.34454345703125,239.0107421875,388.39862060546875,234.7288818359375,401.2358093261719,232.2780303955078,399.0167541503906,262.49554443359375,397.37109375,259.7148132324219,397.9154052734375,243.0988006591797,428.6571350097656,250.53794860839844,428.0132751464844,247.9213104248047,461.8760070800781,253.80030822753906,457.98443603515625
37,1,,233.3901824951172,358.14691162109375,235.40907287597656,355.05328369140625,230.28018188476562,355.9016418457031,239.40219116210938,355.039794921875,228.39122009277344,356.64581298828125,242.7894744873047,366.0589294433594,237.74655151367188,367.7986755371094,240.53782653808594,387.4934387207031,239.0252227783203,387.1712646484375,234.2047119140625,399.9858703613281,231.8976287841797,396.42144775390625,262.2637023925781,397.15008544921875,259.3459777832031,397.6421813964844,243.20025634765625,428.686767578125,250.56675720214844,427.9615783691406,247.80862426757812,461.8748779296875,253.83006286621094,457.83746337890625
38,1,,233.4113311767578,357.6969909667969,235.47808837890625,354.6565856933594,230.3898468017578,355.4464111328125,239.55853271484375,354.6405334472656,228.64529418945312,356.0843200683594,242.78712463378906,365.5628662109375,237.9404296875,367.13238525390625,240.28211975097656,386.9728088378906,239.05984497070312,386.190673828125,233.58871459960938,398.9022521972656,231.512451171875,393.9883728027344,261.9748229980469,397.0342102050781,259.1844787597656,397.4502258300781,243.15731811523438,428.7215270996094,250.77703857421875,427.87554931640625,247.7191619873047,461.8733825683594,253.8632049560547,457.63092041015625
39,1,,233.55743408203125,357.34320068359375,235.547607421875,354.3279113769531,230.60862731933594,355.12030029296875,239.58592224121094,354.2288818359375,229.03692626953125,355.6728515625,242.90652465820312,365.1209411621094,238.3955535888672,366.6143798828125,240.1256103515625,386.6994934082031,239.4495391845703,385.5461730957031,233.0865478515625,397.8480529785156,231.57379150390625,392.0809631347656,261.7642517089844,397.0278625488281,259.177490234375,397.4111022949219,243.18016052246094,428.6802062988281,250.77151489257812,427.854248046875,247.65476989746094,461.860107421875,253.8920440673828,457.7320556640625
40,1,,233.79209899902344,357.01220703125,235.74891662597656,354.0353088378906,230.88548278808594,354.81182861328125,239.7395782470703,353.90765380859375,229.3808135986328,355.30474853515625,242.91513061523438,364.72833251953125,238.7930908203125,366.0912780761719,239.92568969726562,386.1638488769531,239.8433837890625,384.68646240234375,232.73753356933594,396.5361633300781,231.88526916503906,390.41217041015625,261.4514465332031,397.0936279296875,259.10345458984375,397.44195556640625,243.13075256347656,428.63104248046875,250.73822021484375,427.8638000488281,247.5833740234375,461.8552551269531,253.89927673339844,457.90228271484375
41,1,,234.2872772216797,356.6389465332031,236.198486328125,353.7165832519531,231.37493896484375,354.4421081542969,239.9284210205078,353.6247863769531,229.70455932617188,354.9001770019531,242.79727172851562,364.4283142089844,239.0615234375,365.63641357421875,239.63052368164062,385.88446044921875,240.0928192138672,384.09197998046875,232.17835998535156,395.69952392578125,232.0207977294922,389.29998779296875,261.18121337890625,397.1709289550781,259.0838317871094,397.5101013183594,243.0372314453125,428.66571044921875,250.77279663085938,428.0845642089844,247.52880859375,461.9034423828125,254.00315856933594,458.3192443847656
42,1,,234.6888885498047,356.1957702636719,236.5587615966797,353.30316162109375,231.7369842529297,354.0138244628906,240.0983428955078,353.2245788574219,229.87448120117188,354.469482421875,242.82293701171875,364.0572509765625,239.13143920898438,365.0874938964844,239.5576934814453,385.3806457519531,240.18431091308594,383.0838928222656,231.599609375,394.8516845703125,232.03717041015625,388.1448669433594,260.9280700683594,397.23931884765625,258.8481140136719,397.52557373046875,243.0480499267578,428.5677185058594,250.63865661621094,428.0234069824219,247.5409393310547,461.9183044433594,254.05540466308594,458.488037109375
43,1,,234.72300720214844,355.7173156738281,236.58229064941406,352.8563537597656,231.83929443359375,353.5304870605469,240.08270263671875,352.6988830566406,229.9518280029297,353.8443298339844,242.81076049804688,363.6423645019531,238.80905151367188,364.4125671386719,239.55120849609375,384.5902404785156,239.95823669433594,381.7635192871094,231.32106018066406,393.8218994140625,232.1734619140625,386.8594665527344,260.6536865234375,397.41571044921875,258.3550109863281,397.614013671875,243.06053161621094,428.6650085449219,250.4522705078125,428.0310974121094,247.5965118408203,461.8631896972656,254.23231506347656,458.3757629394531
44,1,,234.564208984375,355.283447265625,236.5006561279297,352.4590759277344,231.79347229003906,353.045166015625,240.0625,352.1941833496094,229.9542236328125,353.1094970703125,242.6263427734375,363.2295227050781,238.2778778076172,363.598388671875,239.35406494140625,384.13067626953125,239.32257080078125,380.3663330078125,230.82046508789062,393.0361328125,232.3232421875,385.270263671875,260.4661865234375,397.335205078125,257.9501647949219,397.42498779296875,243.02003479003906,428.480712890625,250.31008911132812,427.88433837890625,247.669921875,461.56585693359375,254.39013671875,458.1965637207031
45,1,,234.0993194580078,354.83251953125,236.11131286621094,352.0587463378906,231.548095703125,352.5523376464844,239.9390869140625,351.7800598144531,230.06814575195312,352.4373779296875,242.61326599121094,363.0250244140625,237.83030700683594,362.9417419433594,239.06890869140625,384.0273132324219,238.4396514892578,379.20281982421875,229.9726104736328,392.7436828613281,232.0606689453125,384.0302429199219,260.45135498046875,397.3458251953125,257.6535339355469,397.274169921875,243.03294372558594,428.2947692871094,250.15896606445312,427.64453125,247.80084228515625,461.30938720703125,254.50186157226562,457.93316650390625
46,1,,233.7291259765625,354.5362243652344,235.76065063476562,351.81524658203125,231.42236328125,352.2391052246094,239.79501342773438,351.4145812988281,230.33119201660156,351.8755798339844,242.75999450683594,362.7900085449219,237.38839721679688,362.2591247558594,238.89202880859375,383.8626403808594,237.53208923339844,377.934326171875,229.23004150390625,392.3952941894531,231.8734588623047,382.5972595214844,260.4388122558594,397.28564453125,257.248779296875,397.0201110839844,243.0778045654297,428.10125732421875,249.92405700683594,427.2159729003906,247.87844848632812,461.0885009765625,254.54017639160156,457.4381408691406
47,1,,233.92796325683594,354.3617248535156,235.92864990234375,351.6260681152344,231.63385009765625,352.0510559082031,239.8170928955078,351.0632019042969,230.46664428710938,351.5457458496094,242.71072387695312,362.56219482421875,237.24786376953125,361.8948974609375,238.6259307861328,383.7577819824219,237.12648010253906,377.4458923339844,228.76071166992188,392.0108642578125,232.0848388671875,382.1731872558594,260.4747619628906,397.14923095703125,257.2330627441406,396.8174743652344,242.97470092773438,427.92462158203125,249.77774047851562,426.91632080078125,247.8588104248047,460.8145446777344,254.5868682861328,457.0019226074219
48,1,,234.15472412109375,354.2503356933594,236.14437866210938,351.495849609375,231.8069610595703,351.95379638671875,239.96395874023438,350.8948669433594,230.5553741455078,351.48699951171875,242.8213348388672,362.4856262207031,237.24932861328125,361.8073425292969,238.43170166015625,383.76513671875,236.92518615722656,377.22308349609375,228.1934051513672,391.97174072265625,232.12930297851562,382.0726623535156,260.3725280761719,397.0103454589844,257.0584411621094,396.6479797363281,242.9609832763672,427.77728271484375,249.50054931640625,426.74176025390625,247.7496795654297,460.6962890625,254.485595703125,456.8579406738281
49,1,,234.45277404785156,354.1871337890625,236.42742919921875,351.3974914550781,231.99371337890625,351.9209899902344,240.17422485351562,350.7916259765625,230.55593872070312,351.5753173828125,243.00502014160156,362.4050598144531,237.3086700439453,361.9432067871094,238.36297607421875,383.4787902832031,236.85787963867188,377.3545837402344,228.02418518066406,392.025390625,231.77108764648438,382.6003112792969,260.2698669433594,397.05859375,256.8668518066406,396.74078369140625,242.98287963867188,427.7568054199219,249.26170349121094,426.6637268066406,247.6494903564453,460.7425231933594,254.41213989257812,456.76422119140625
50,1,,235.19117736816406,354.1244812011719,237.05726623535156,351.3189392089844,232.5183868408203,351.9173889160156,240.39395141601562,350.7006530761719,230.5911102294922,351.73199462890625,243.2039337158203,362.1919250488281,237.38424682617188,362.0731506347656,238.59378051757812,382.8340759277344,237.0219268798828,377.62054443359375,228.4614715576172,392.0122375488281,231.5634307861328,383.3439636230469,259.82025146484375,396.9786376953125,256.346923828125,396.71533203125,243.03482055664062,427.9532165527344,249.00949096679688,426.583984375,247.44644165039062,461.0122375488281,254.32484436035156,456.486083984375
51,1,,235.7921142578125,354.1075744628906,237.6134796142578,351.273193359375,232.87513732910156,351.9393310546875,240.67164611816406,350.7771301269531,230.4455108642578,352.0072937011719,243.3628387451172,362.2066955566406,237.496826171875,362.4189758300781,238.6961212158203,382.5927734375,237.32675170898438,378.24737548828125,229.06346130371094,392.3385009765625,231.33950805664062,384.4208984375,259.6835632324219,397.0484313964844,256.16943359375,396.8833923339844,242.98062133789062,428.28045654296875,248.76832580566406,426.7971496582031,247.34921264648438,461.50640869140625,254.23739624023438,456.71588134765625
52,1,,235.74288940429688,354.06439208984375,237.576416015625,351.26373291015625,232.823974609375,351.9306335449219,240.7433624267578,350.9566345214844,230.4404296875,352.1761169433594,243.63375854492188,362.3306579589844,237.5060577392578,362.68890380859375,238.79373168945312,382.482666015625,237.55523681640625,378.73602294921875,229.6016082763672,392.76580810546875,231.36422729492188,385.1964111328125,259.6233215332031,397.1551513671875,255.9087371826172,397.0344543457031,242.98770141601562,428.58331298828125,248.49807739257812,427.0718994140625,247.37149047851562,461.8764953613281,254.32589721679688,456.99420166015625
53,1,,235.8715362548828,353.98345947265625,237.681640625,351.2112731933594,232.91110229492188,351.8888244628906,240.8282470703125,351.11224365234375,230.47157287597656,352.35406494140625,243.85433959960938,362.4136962890625,237.6536102294922,362.93572998046875,239.0291290283203,382.2654113769531,237.88201904296875,379.31756591796875,230.4418487548828,393.05059814453125,231.38377380371094,386.4792175292969,259.6684265136719,397.11444091796875,255.89845275878906,397.0169982910156,242.91497802734375,428.8869934082031,248.33241271972656,427.2005615234375,247.49107360839844,462.3300476074219,254.4763946533203,457.0992431640625
54,1,,235.8456268310547,353.92437744140625,237.66064453125,351.1725769042969,232.88299560546875,351.8730163574219,240.91635131835938,351.3105773925781,230.49740600585938,352.5935974121094,244.15475463867188,362.5662841796875,237.6133270263672,363.2974548339844,239.26022338867188,382.0057067871094,237.80361938476562,379.9180603027344,231.45013427734375,393.3384704589844,231.60438537597656,387.8094787597656,259.7882995605469,396.9983215332031,255.7949676513672,396.96630859375,242.77487182617188,429.0727233886719,248.05361938476562,427.32586669921875,247.46469116210938,462.6170959472656,254.57662963867188,457.2082214355469
55,1,,235.81747436523438,353.98663330078125,237.65573120117188,351.18963623046875,232.8055877685547,351.96160888671875,241.0187225341797,351.474609375,230.42225646972656,352.90447998046875,244.26773071289062,362.8012390136719,237.67930603027344,363.74151611328125,239.0771942138672,382.33905029296875,237.75054931640625,379.96026611328125,232.10552978515625,393.9879150390625,231.88906860351562,386.16949462890625,260.12030029296875,396.9486083984375,256.073486328125,397.0692138671875,242.62672424316406,428.9993591308594,247.87380981445312,427.5096740722656,247.43927001953125,462.54644775390625,254.64866638183594,457.3621520996094
56,1,,235.82540893554688,353.9013977050781,237.65719604492188,351.0726013183594,232.77020263671875,351.90142822265625,241.0227508544922,351.4590148925781,230.40191650390625,353.0380859375,244.20947265625,362.8664245605469,237.91180419921875,364.0217590332031,239.13711547851562,382.3765869140625,238.0857391357422,380.2850646972656,232.821533203125,394.20367431640625,232.16580200195312,386.40264892578125,260.2093505859375,396.7685241699219,256.36767578125,396.97967529296875,242.4066619873047,428.7530212402344,247.703125,427.387451171875,247.37850952148438,462.1670227050781,254.76138305664062,457.087890625
57,1,,235.93212890625,354.0268859863281,237.73561096191406,351.1708068847656,232.86016845703125,352.04278564453125,241.0229034423828,351.5537109375,230.4774169921875,353.2491149902344,244.0403289794922,362.91424560546875,238.17330932617188,364.2504577636719,239.217529296875,382.416259765625,238.208251953125,380.5749816894531,233.4885711669922,394.5625,232.19732666015625,387.0423278808594,260.2674255371094,396.6627197265625,256.7480773925781,396.96820068359375,241.97023010253906,428.4374084472656,247.55264282226562,427.2564697265625,247.33563232421875,461.8313293457031,254.70779418945312,456.99627685546875
58,1,,235.92041015625,354.17047119140625,237.69630432128906,351.2805480957031,232.8682403564453,352.19732666015625,240.97024536132812,351.6712341308594,230.55020141601562,353.4789123535156,243.9978790283203,363.02703857421875,238.20811462402344,364.5953369140625,239.29327392578125,382.6318664550781,237.84481811523438,381.1899108886719,234.1956329345703,394.8294372558594,232.4491729736328,387.61224365234375,260.4576721191406,396.5294189453125,257.0353698730469,396.9783630371094,241.4732666015625,428.0056457519531,247.28274536132812,427.1336669921875,247.21804809570312,461.4325866699219,254.61776733398438,457.0215148925781
59,1,,235.52098083496094,354.32861328125,237.1956329345703,351.4831237792969,232.80384826660156,352.3136901855469,240.529296875,351.7879638671875,231.12908935546875,353.3277893066406,243.8932342529297,363.14276123046875,238.6325225830078,364.4521179199219,239.5107879638672,383.1484069824219,238.11502075195312,381.30706787109375,234.73631286621094,395.34423828125,232.82154846191406,387.32135009765625,260.4713134765625,396.7742004394531,257.41424560546875,397.1669921875,241.22860717773438,427.5302429199219,247.14361572265625,426.6809387207031,247.19952392578125,461.19537353515625,254.45956420898438,457.0513610839844
60,1,,234.68186950683594,354.45697021484375,236.3001251220703,351.6992492675781,232.44793701171875,352.3865051269531,239.94175720214844,351.9178161621094,231.7406768798828,353.0325012207031,243.89849853515625,363.2293701171875,238.85240173339844,364.1949768066406,240.01785278320312,383.3150634765625,238.3710174560547,382.0255126953125,235.34786987304688,395.324951171875,233.22239685058594,390.2182922363281,260.6048278808594,397.0630187988281,257.7121887207031,397.32012939453125,240.9941864013672,427.1424560546875,246.8917236328125,426.2140197753906,247.24424743652344,461.1195068359375,254.40545654296875,457.2498779296875
61,1,,234.10012817382812,354.6268005371094,235.70518493652344,351.91650390625,232.18655395507812,352.4929504394531,239.6002960205078,352.0312194824219,232.08151245117188,352.81292724609375,243.97872924804688,363.34283447265625,238.90225219726562,364.015869140625,240.58444213867188,383.615234375,238.66329956054688,382.3757629394531,236.0988311767578,395.53924560546875,234.03955078125,391.2185974121094,260.71392822265625,397.3191833496094,257.8111267089844,397.486572265625,240.89181518554688,426.71630859375,246.73681640625,425.7223205566406,247.13951110839844,460.91485595703125,254.2971954345703,457.2128601074219
62,1,,233.7947998046875,354.69573974609375,235.43994140625,351.9894714355469,231.9609832763672,352.5089416503906,239.52015686035156,352.07244873046875,231.9897003173828,352.6822509765625,244.1168975830078,363.5016784667969,238.73736572265625,363.9618835449219,241.0526885986328,383.93988037109375,238.86463928222656,382.7136535644531,236.83480834960938,395.75341796875,234.80807495117188,392.019775390625,260.8043518066406,397.59759521484375,257.6991271972656,397.683837890625,240.96014404296875,426.5411376953125,246.51089477539062,425.3240051269531,247.0101318359375,460.8799133300781,254.24571228027344,457.0432434082031
63,1,,233.5432891845703,354.8028869628906,235.22268676757812,352.08734130859375,231.71945190429688,352.60009765625,239.39019775390625,352.1567687988281,231.8218231201172,352.7447509765625,243.9987030029297,363.5855407714844,238.78073120117188,363.9745178222656,241.3249053955078,384.2549743652344,238.89505004882812,382.6113586425781,237.40438842773438,396.3196105957031,234.3008575439453,391.4471740722656,260.7218322753906,397.7455749511719,257.73626708984375,397.77191162109375,240.95816040039062,426.7494201660156,246.36463928222656,425.32476806640625,246.98501586914062,461.0372619628906,254.00192260742188,456.8334045410156
64,1,,233.84190368652344,354.8414611816406,235.6070556640625,352.04595947265625,231.66732788085938,352.6470947265625,239.70408630371094,352.1238098144531,231.07322692871094,352.9671936035156,243.8919219970703,363.6263122558594,238.53298950195312,364.1673278808594,241.57339477539062,384.1860656738281,239.04541015625,382.57989501953125,238.02601623535156,396.6968994140625,234.44100952148438,392.1123352050781,260.7152099609375,397.8379211425781,257.6685485839844,397.917724609375,240.7091064453125,426.8415832519531,246.21348571777344,425.38134765625,246.83485412597656,460.99786376953125,254.0189666748047,456.66925048828125
65,1,,234.28311157226562,354.830078125,236.11737060546875,351.9251403808594,231.6703338623047,352.655029296875,240.06539916992188,352.0546569824219,230.24444580078125,353.26702880859375,243.718505859375,363.68927001953125,238.46749877929688,364.4845275878906,241.72821044921875,384.2598876953125,239.2279510498047,382.4893798828125,238.6009521484375,397.4452819824219,234.37850952148438,392.05517578125,260.6771545410156,397.9141540527344,257.7275085449219,398.08355712890625,240.39320373535156,426.80914306640625,246.03700256347656,425.3590087890625,246.76580810546875,460.8329772949219,253.83116149902344,456.3824462890625
66,1,,234.34088134765625,354.75927734375,236.26121520996094,351.77783203125,231.45457458496094,352.6208801269531,240.2058868408203,352.05633544921875,229.63783264160156,353.5885009765625,243.55027770996094,363.7690124511719,238.30270385742188,364.8614196777344,241.5714569091797,384.40264892578125,238.99342346191406,382.6120300292969,238.8851776123047,397.9652099609375,233.8720703125,391.69036865234375,260.6531982421875,397.7873840332031,257.7157287597656,398.0399169921875,240.23095703125,427.18798828125,245.79412841796875,425.7480773925781,246.8301239013672,461.1065368652344,253.77378845214844,456.3349304199219
67,1,,234.06654357910156,354.6182556152344,236.0584716796875,351.6001281738281,231.11520385742188,352.49237060546875,240.08616638183594,352.095947265625,229.32052612304688,353.7681579589844,243.35366821289062,363.8869323730469,238.17755126953125,365.2568664550781,241.5011749267578,384.6602783203125,238.759033203125,383.0534973144531,239.1454620361328,398.3543395996094,233.2091064453125,391.2554931640625,260.6942138671875,397.5473327636719,257.8151550292969,397.88250732421875,239.97508239746094,427.2948913574219,245.5442657470703,425.9610900878906,246.78619384765625,461.2591552734375,253.5866241455078,456.3193054199219
68,1,,233.83480834960938,354.4454345703125,235.9058074951172,351.4122009277344,230.86312866210938,352.29034423828125,240.0557403564453,352.0802307128906,229.08914184570312,353.7112731933594,243.27273559570312,364.0347595214844,238.05938720703125,365.42529296875,241.54518127441406,384.9665832519531,239.1711883544922,383.54522705078125,239.3240509033203,398.5195617675781,233.6791229248047,391.7318115234375,260.7853698730469,397.446533203125,257.8612365722656,397.7939147949219,239.885009765625,427.0479431152344,245.38848876953125,425.7643127441406,246.71920776367188,461.16815185546875,253.59933471679688,456.2694091796875
69,1,,233.6515655517578,354.5245361328125,235.73040771484375,351.4873352050781,230.6872100830078,352.3683776855469,239.9299774169922,352.2251892089844,228.93565368652344,353.8596496582031,243.2870330810547,364.22467041015625,237.71766662597656,365.6849365234375,241.48597717285156,385.2065734863281,238.71554565429688,383.93310546875,239.28028869628906,398.8336486816406,233.5026092529297,391.8836364746094,260.7676086425781,397.3964538574219,257.5844421386719,397.7975769042969,240.06190490722656,426.88531494140625,245.16761779785156,425.72564697265625,246.8879852294922,461.10882568359375,253.40985107421875,456.35595703125
70,1,,233.46388244628906,354.5388488769531,235.60415649414062,351.5244445800781,230.50372314453125,352.39642333984375,239.79660034179688,352.394775390625,228.7228240966797,354.0184631347656,242.96841430664062,364.4189147949219,237.2417449951172,365.9190673828125,241.1957244873047,385.29351806640625,238.18760681152344,384.11773681640625,239.27183532714844,398.89019775390625,233.49227905273438,392.11346435546875,260.657958984375,397.4605407714844,257.3580017089844,397.8984069824219,240.07269287109375,427.2815246582031,245.19578552246094,426.21136474609375,247.06979370117188,461.2623291015625,253.41323852539062,456.4313659667969
71,1,,233.26878356933594,354.7272644042969,235.40927124023438,351.72381591796875,230.328125,352.5806579589844,239.58218383789062,352.6218566894531,228.5521240234375,354.197265625,242.664306640625,364.58984375,237.1339569091797,366.07293701171875,241.03244018554688,385.4134826660156,237.70309448242188,384.1329345703125,239.03233337402344,399.457763671875,233.1393280029297,391.78076171875,260.50103759765625,397.6905517578125,257.3504638671875,398.1078186035156,239.85089111328125,427.3937683105469,245.23683166503906,426.1722412109375,247.1149139404297,461.31561279296875,253.17526245117188,456.0989990234375
72,1,,233.1383056640625,355.1700744628906,235.2461700439453,352.18011474609375,230.18035888671875,353.0369567871094,239.3298797607422,352.99444580078125,228.29249572753906,354.5661315917969,242.32669067382812,364.7585754394531,236.85440063476562,366.2711486816406,240.8404998779297,385.19537353515625,237.2177276611328,383.95782470703125,238.8361053466797,399.6717224121094,232.96548461914062,391.8188171386719,260.3505859375,398.0353698730469,257.255615234375,398.4981994628906,239.81884765625,427.46148681640625,245.4612274169922,426.3195495605469,247.15640258789062,461.30859375,253.12234497070312,456.1361389160156
73,1,,233.03834533691406,355.63153076171875,235.09561157226562,352.6532897949219,230.06411743164062,353.52239990234375,239.0936279296875,353.36968994140625,228.09100341796875,354.96539306640625,241.97296142578125,364.9140319824219,236.65821838378906,366.4715270996094,240.45553588867188,384.9219970703125,236.64291381835938,383.68121337890625,238.43409729003906,399.81756591796875,232.86349487304688,391.7488708496094,260.1459655761719,398.3543701171875,257.1819763183594,398.8964538574219,239.66098022460938,427.37957763671875,245.76876831054688,426.4684143066406,247.1952362060547,461.158935546875,253.169189453125,456.2916564941406
74,1,,232.53323364257812,356.0635070800781,234.627197265625,353.094970703125,229.64170837402344,353.9496154785156,238.65878295898438,353.791748046875,227.9279327392578,355.3788757324219,241.3837127685547,365.1442565917969,236.7259521484375,366.8794250488281,239.98052978515625,384.9660339355469,236.74795532226562,383.9102783203125,238.02651977539062,399.41705322265625,232.07566833496094,390.7680358886719,260.039794921875,398.3857421875,257.50445556640625,398.9374084472656,239.3500213623047,427.86395263671875,245.66148376464844,426.9410705566406,247.31475830078125,461.40289306640625,253.20602416992188,456.21484375
75,1,,232.21693420410156,356.62158203125,234.28114318847656,353.6398620605469,229.38064575195312,354.48736572265625,238.31687927246094,354.1675720214844,227.84764099121094,355.7560729980469,241.11923217773438,365.3095703125,236.837646484375,367.2276306152344,239.60108947753906,385.08245849609375,236.8639678955078,384.1580505371094,237.2962188720703,399.4333801269531,231.32359313964844,389.7552795410156,259.87774658203125,398.4631652832031,257.5947570800781,399.0727233886719,239.29335021972656,428.0960388183594,245.5720977783203,427.31890869140625,247.43115234375,461.6226501464844,253.48439025878906,456.56689453125
76,1,,231.8585662841797,357.0991516113281,233.82858276367188,354.1497497558594,229.1638641357422,354.9634704589844,237.7534942626953,354.5235595703125,227.84925842285156,356.0565490722656,240.82508850097656,365.5588073730469,236.56446838378906,367.56646728515625,239.17095947265625,385.16351318359375,236.71080017089844,384.45513916015625,236.69158935546875,399.13873291015625,230.70445251464844,389.361083984375,259.5585021972656,398.7032775878906,257.2566833496094,399.3590087890625,239.5077362060547,428.30975341796875,245.3877716064453,427.7089538574219,247.7025146484375,461.72320556640625,253.72601318359375,456.9923095703125
77,1,,231.0527801513672,357.3441162109375,232.85655212402344,354.468017578125,228.71299743652344,355.2269287109375,236.82382202148438,354.82818603515625,228.16212463378906,356.1926574707031,240.62347412109375,365.8783264160156,236.44314575195312,367.814208984375,238.42849731445312,385.2734375,236.53866577148438,385.05755615234375,235.9931640625,398.9619445800781,231.0294647216797,390.54058837890625,259.5008544921875,398.97979736328125,257.16973876953125,399.610595703125,239.69703674316406,428.5718994140625,245.01046752929688,428.0254211425781,247.925048828125,462.0377197265625,253.87606811523438,457.5735778808594
78,1,,230.60739135742188,357.72528076171875,232.37576293945312,354.8023986816406,228.28396606445312,355.6026306152344,236.46388244628906,355.0592041015625,227.96676635742188,356.514892578125,240.37367248535156,366.24200439453125,236.76490783691406,368.19451904296875,237.82040405273438,385.6864013671875,237.42750549316406,385.96484375,235.2550048828125,399.06561279296875,231.77320861816406,392.3782958984375,259.4538879394531,399.45599365234375,257.42755126953125,400.0045166015625,239.68875122070312,429.22418212890625,244.94102478027344,428.3763427734375,248.1407012939453,462.5447082519531,254.0489501953125,457.6903381347656
79,1,,230.4309844970703,357.8135070800781,232.0928497314453,354.90045166015625,228.17547607421875,355.6936340332031,236.14768981933594,355.1578063964844,228.02867126464844,356.5527648925781,240.17929077148438,366.5084228515625,236.93841552734375,368.2777099609375,237.14059448242188,385.862548828125,237.64002990722656,386.40142822265625,234.29185485839844,399.4107360839844,232.56739807128906,394.49859619140625,259.2646179199219,399.8936767578125,257.4591979980469,400.3623962402344,239.62303161621094,429.4620666503906,245.45887756347656,428.4715576171875,248.05386352539062,462.7359313964844,254.24119567871094,457.81219482421875
80,1,,230.13128662109375,357.8518371582031,231.65292358398438,354.97259521484375,228.0419158935547,355.716796875,235.62979125976562,355.25469970703125,228.27432250976562,356.4996337890625,239.95550537109375,366.8829650878906,237.0982666015625,368.2882385253906,236.35159301757812,386.3184509277344,237.4086456298828,386.7005310058594,233.1428680419922,399.7032470703125,232.74205017089844,396.3548889160156,258.9306945800781,400.2325439453125,257.371826171875,400.5325927734375,239.65382385253906,429.6581726074219,245.70712280273438,428.4618225097656,247.917236328125,462.9076232910156,254.3297576904297,457.896240234375
81,1,,229.9727325439453,357.76483154296875,231.33929443359375,354.91943359375,228.04518127441406,355.6107177734375,235.0604705810547,355.3213806152344,228.612548828125,356.42291259765625,239.5281524658203,367.1346435546875,237.315185546875,368.37518310546875,235.5989990234375,386.2590026855469,237.22723388671875,387.0794372558594,232.38514709472656,399.5443420410156,233.0830841064453,398.63226318359375,258.79931640625,400.10076904296875,257.6632995605469,400.34002685546875,239.62974548339844,429.5755615234375,246.0064697265625,428.370849609375,247.8277130126953,462.87872314453125,254.3258056640625,458.0154113769531
82,1,,230.31280517578125,357.77716064453125,231.7545928955078,354.8497314453125,228.1571502685547,355.5755920410156,235.3453369140625,355.2469177246094,228.27357482910156,356.478515625,239.08680725097656,367.2414855957031,237.39450073242188,368.5700988769531,234.97592163085938,386.5354309082031,236.81947326660156,387.3385314941406,231.4040985107422,399.53570556640625,232.0103302001953,398.9664306640625,258.4364929199219,399.89178466796875,257.7037658691406,400.15673828125,239.3801727294922,429.6119384765625,246.42100524902344,428.4554748535156,247.86355590820312,462.7496032714844,254.28382873535156,457.8890686035156
83,1,,230.31488037109375,357.5933837890625,231.6989288330078,354.706787109375,228.2509002685547,355.3727722167969,235.04249572753906,355.1896057128906,228.36000061035156,356.3050842285156,238.77227783203125,367.2029113769531,236.8292999267578,368.5946350097656,234.56716918945312,386.21380615234375,235.09860229492188,387.2607727050781,230.78636169433594,398.9114685058594,230.33180236816406,398.7820739746094,258.20654296875,399.4604797363281,257.370361328125,399.8138732910156,239.48776245117188,429.2845153808594,246.53346252441406,428.4521179199219,247.8954620361328,462.4653625488281,254.1282196044922,458.103759765625
84,1,,229.6941680908203,357.283203125,231.16259765625,354.4326477050781,227.82699584960938,355.0590515136719,234.86517333984375,355.1301574707031,228.36651611328125,356.12445068359375,238.83291625976562,367.2023620605469,236.17088317871094,368.7039489746094,234.39801025390625,385.7478942871094,233.60794067382812,387.1628723144531,230.59230041503906,398.28619384765625,229.01116943359375,398.58660888671875,258.096435546875,399.2081298828125,256.74664306640625,399.6929931640625,240.06610107421875,429.1328430175781,246.26351928710938,428.7400817871094,248.31033325195312,462.3877258300781,253.58595275878906,458.7820739746094
85,1,,228.8203582763672,356.8246154785156,230.30902099609375,353.99822998046875,227.17184448242188,354.6434020996094,234.4449920654297,354.8785400390625,228.29367065429688,355.86273193359375,238.86285400390625,366.8629150390625,235.64891052246094,368.67547607421875,234.349365234375,384.7110595703125,232.37257385253906,387.0898132324219,230.91427612304688,396.81182861328125,228.29127502441406,398.0707092285156,258.14520263671875,398.7899475097656,256.430908203125,399.4842529296875,240.3891143798828,428.9129943847656,246.4786376953125,428.9632263183594,248.42474365234375,462.2662353515625,253.26797485351562,459.3507995605469
86,1,,227.80059814453125,356.37310791015625,229.28448486328125,353.5623474121094,226.39141845703125,354.2138671875,233.9330596923828,354.5595397949219,228.29095458984375,355.505126953125,238.91761779785156,366.5906066894531,235.450439453125,368.4453125,233.76834106445312,384.4116516113281,231.21946716308594,386.8520812988281,230.34066772460938,395.8203125,227.62440490722656,397.14898681640625,258.0256042480469,398.6169738769531,256.1536560058594,399.39752197265625,240.71360778808594,428.8278503417969,246.6826629638672,429.3822326660156,248.3001251220703,462.0946350097656,253.07020568847656,460.0845031738281
87,1,,226.84828186035156,355.766845703125,228.27427673339844,353.0075378417969,225.7392120361328,353.6342468261719,233.3475799560547,354.1280822753906,228.49432373046875,354.9507141113281,239.0774688720703,366.25836181640625,235.41094970703125,367.9192199707031,233.28648376464844,384.1479797363281,230.3857421875,386.2453918457031,229.787353515625,395.10394287109375,227.18307495117188,396.181396484375,257.9666748046875,398.2954406738281,255.93115234375,399.0144958496094,241.34173583984375,428.82659912109375,246.72454833984375,429.4825744628906,248.3572235107422,461.93988037109375,252.86669921875,460.2454833984375
88,1,,226.0491485595703,355.5360412597656,227.41180419921875,352.8511962890625,225.19967651367188,353.4316101074219,232.76498413085938,353.8643798828125,228.54995727539062,354.54241943359375,239.20388793945312,365.8111877441406,235.15440368652344,367.3193359375,232.83250427246094,383.557373046875,229.93409729003906,385.3769836425781,229.14166259765625,394.2039794921875,226.95042419433594,394.8392639160156,257.91455078125,398.07012939453125,255.48614501953125,398.7491760253906,242.15187072753906,428.7281799316406,246.2831268310547,429.4206848144531,248.7707061767578,461.46221923828125,252.3068084716797,460.03424072265625
89,1,,225.9009552001953,355.55889892578125,227.1638641357422,352.8756408691406,225.0682830810547,353.4705810546875,232.41587829589844,353.6939392089844,228.50662231445312,354.3790588378906,238.9733123779297,365.48687744140625,235.22817993164062,366.77490234375,231.97647094726562,383.56622314453125,229.5756378173828,384.8685302734375,228.26565551757812,393.8702697753906,226.7416534423828,393.9642639160156,257.8559875488281,397.8461608886719,255.67750549316406,398.4168395996094,241.99156188964844,428.7288513183594,246.5893096923828,429.1529235839844,248.44931030273438,461.4390869140625,252.91598510742188,459.61981201171875
90,1,,226.16468811035156,355.4230041503906,227.4426727294922,352.7667541503906,225.23312377929688,353.3129577636719,232.4512939453125,353.50604248046875,228.25802612304688,354.0836181640625,238.7470245361328,365.2891540527344,234.7497100830078,366.3268127441406,231.05418395996094,383.818359375,229.22955322265625,384.6564025878906,227.2783966064453,393.91204833984375,226.74337768554688,393.6692199707031,257.7937927246094,397.7262878417969,255.35047912597656,398.2210693359375,242.19464111328125,428.4397888183594,246.14999389648438,428.625732421875,248.67832946777344,461.0399475097656,252.8316192626953,458.9532470703125
91,1,,226.57154846191406,355.3681640625,227.9851531982422,352.6939392089844,225.40350341796875,353.2504577636719,232.95199584960938,353.3054504394531,227.69818115234375,353.907958984375,238.7745819091797,364.98193359375,234.04551696777344,365.9787292480469,230.70057678222656,383.6000671386719,229.17178344726562,384.3205261230469,226.77626037597656,393.83477783203125,226.9390106201172,393.3007507324219,257.9598693847656,397.5746154785156,254.83126831054688,398.09381103515625,242.715576171875,428.028076171875,245.22543334960938,427.99786376953125,249.59481811523438,460.45782470703125,252.1828155517578,458.0889587402344
92,1,,226.7493896484375,355.421142578125,228.11370849609375,352.7574768066406,225.50747680664062,353.303466796875,232.72525024414062,353.1810607910156,227.59246826171875,353.7448425292969,238.47300720214844,364.7575988769531,233.42662048339844,365.5049133300781,230.71603393554688,383.61358642578125,228.9647674560547,383.8669128417969,226.24310302734375,393.7265930175781,226.67257690429688,393.0252990722656,257.87152099609375,397.747314453125,254.63949584960938,398.241455078125,242.5683135986328,427.6479187011719,244.9962615966797,427.6498107910156,249.23822021484375,460.5335693359375,252.64974975585938,457.5447692871094
93,1,,226.57470703125,355.37530517578125,227.77586364746094,352.7177429199219,225.4084014892578,353.2829895019531,232.13485717773438,353.0643005371094,227.77487182617188,353.59521484375,238.08901977539062,364.8714904785156,233.19395446777344,365.1907958984375,230.38070678710938,384.3649597167969,228.46258544921875,383.8179931640625,225.49569702148438,394.2239685058594,226.12203979492188,392.878173828125,257.6036376953125,398.0091552734375,254.6742401123047,398.38775634765625,242.12974548339844,427.354736328125,245.06640625,427.40338134765625,248.41336059570312,461.3572692871094,253.74510192871094,457.6853332519531
94,1,,226.73410034179688,355.70050048828125,227.95974731445312,353.0350341796875,225.4087371826172,353.5619201660156,232.12652587890625,353.0693664550781,227.28944396972656,353.5632019042969,237.987060546875,364.8100280761719,232.47218322753906,364.9773254394531,230.35467529296875,384.86187744140625,227.91238403320312,383.4754943847656,224.70877075195312,394.3763122558594,225.29095458984375,392.3819580078125,257.5356140136719,397.9626159667969,254.2012481689453,398.4151306152344,242.2045440673828,426.5826110839844,244.6029815673828,427.3040771484375,248.06027221679688,461.2016906738281,253.5423126220703,457.89031982421875
95,1,,226.92041015625,356.477783203125,228.1402587890625,353.753173828125,225.46250915527344,354.2855529785156,232.13270568847656,353.4159240722656,226.9830780029297,353.9782409667969,237.97547912597656,364.9356384277344,232.0409393310547,365.0092468261719,230.48373413085938,385.4619140625,227.61859130859375,383.2569274902344,224.08457946777344,394.6379089355469,224.25694274902344,392.1954650878906,257.70245361328125,397.7967529296875,254.09800720214844,398.2850646972656,242.2318115234375,425.9627685546875,244.11785888671875,427.09088134765625,247.6914825439453,461.11944580078125,253.28233337402344,457.7115478515625
96,1,,227.14283752441406,357.1899719238281,228.34719848632812,354.42547607421875,225.55191040039062,354.96331787109375,232.13137817382812,353.82659912109375,226.70277404785156,354.4608154296875,238.01614379882812,365.2819519042969,231.54249572753906,365.2400207519531,230.6486358642578,386.2129821777344,227.12010192871094,383.2066650390625,223.5653839111328,394.96429443359375,223.10902404785156,392.14752197265625,257.89129638671875,397.81646728515625,254.03085327148438,398.3254089355469,241.9762725830078,425.5015869140625,244.00831604003906,426.93865966796875,246.8042755126953,461.2005310058594,253.6160430908203,457.57177734375
97,1,,227.5902557373047,358.24957275390625,228.95059204101562,355.4351501464844,225.7576141357422,355.9329833984375,232.7727508544922,354.5686340332031,226.052978515625,355.1915588378906,238.17868041992188,365.8407287597656,231.0755157470703,365.8346252441406,230.30465698242188,387.0338439941406,226.71726989746094,383.570556640625,222.94027709960938,395.1973876953125,222.36549377441406,392.22943115234375,258.3203430175781,397.61834716796875,253.8998260498047,398.2171325683594,242.10052490234375,424.8377380371094,243.8656768798828,426.5088806152344,246.90138244628906,460.6960754394531,253.11566162109375,457.4248962402344
98,1,,228.00314331054688,359.0315856933594,229.61239624023438,356.1834716796875,225.92620849609375,356.60723876953125,233.54322814941406,355.29302978515625,225.52500915527344,355.8348083496094,238.3151092529297,366.3413391113281,230.6299591064453,366.47991943359375,230.22622680664062,387.83251953125,226.4148712158203,384.21295166015625,222.33958435058594,395.3312683105469,221.6880645751953,392.61822509765625,258.6570129394531,397.51690673828125,253.83705139160156,398.2767639160156,241.87103271484375,424.6136779785156,243.94696044921875,426.79962158203125,246.7230682373047,460.0670166015625,252.70245361328125,457.7527770996094
99,1,,228.159912109375,359.8072204589844,229.87265014648438,356.9122314453125,225.9564971923828,357.316162109375,233.8948211669922,356.02099609375,225.35397338867188,356.57037353515625,238.4036865234375,366.9850158691406,230.56304931640625,367.24627685546875,230.22422790527344,388.6462707519531,226.28607177734375,385.17266845703125,221.8402099609375,395.3620910644531,221.26593017578125,393.1707763671875,258.9302978515625,397.8222961425781,254.0687713623047,398.64642333984375,241.35824584960938,424.9351501464844,244.00753784179688,427.3102722167969,246.5176239013672,460.1246337890625,252.82666015625,458.15362548828125
100,1,,228.2402801513672,360.49420166015625,230.01300048828125,357.6418151855469,225.98110961914062,358.0558166503906,234.0649871826172,356.927001953125,225.2466278076172,357.4956970214844,238.543212890625,367.8410949707031,230.5998077392578,368.1317138671875,230.11891174316406,389.4253845214844,226.0671844482422,386.2978210449219,221.45033264160156,395.54779052734375,220.92213439941406,393.6948547363281,259.05511474609375,398.2646484375,254.1376495361328,398.93182373046875,240.9065399169922,425.6927795410156,243.98876953125,427.4273376464844,246.39158630371094,460.25445556640625,252.79815673828125,457.9819641113281
101,1,,228.35833740234375,361.4959411621094,230.2308349609375,358.6235656738281,225.89515686035156,359.10638427734375,234.35220336914062,357.9957580566406,224.82894897460938,358.74237060546875,238.6333770751953,368.7129211425781,230.52017211914062,369.2046813964844,229.88316345214844,390.3699951171875,225.7841033935547,387.6588439941406,220.8446044921875,395.91888427734375,220.5625762939453,394.4501953125,259.1163635253906,398.7075500488281,254.15777587890625,399.31787109375,240.20816040039062,426.126708984375,244.33807373046875,427.51995849609375,245.76121520996094,460.5757751464844,253.06484985351562,458.4168701171875
102,1,,228.31430053710938,362.26629638671875,230.11082458496094,359.4483947753906,225.87582397460938,359.9787902832031,234.23281860351562,358.9647216796875,224.91111755371094,359.79632568359375,238.89393615722656,369.7130432128906,230.21046447753906,370.2283630371094,229.7727813720703,391.3504333496094,225.0561981201172,388.60797119140625,220.3123321533203,396.4288635253906,220.0930633544922,394.85003662109375,259.0135192871094,399.44970703125,253.78521728515625,400.144775390625,239.72930908203125,426.32012939453125,244.17755126953125,428.193115234375,244.88795471191406,460.8179626464844,253.49839782714844,459.4732666015625
103,1,,228.4749298095703,363.5606384277344,230.32119750976562,360.68426513671875,225.8717498779297,361.34765625,234.55430603027344,360.05804443359375,224.65264892578125,361.2064514160156,239.28729248046875,370.5676574707031,230.3346405029297,371.2557678222656,229.6410675048828,392.30401611328125,225.266357421875,389.5354309082031,220.37930297851562,397.1113586425781,220.136474609375,395.37237548828125,259.3157043457031,399.8252868652344,253.87147521972656,400.4520568847656,239.5612030029297,426.5660095214844,244.23275756835938,428.1044616699219,244.05734252929688,460.7782287597656,253.51417541503906,459.63323974609375
104,1,,228.68759155273438,364.5261535644531,230.494873046875,361.62530517578125,225.94384765625,362.4495849609375,234.59786987304688,361.1022033691406,224.48223876953125,362.6432800292969,239.55067443847656,371.4737548828125,230.3699493408203,372.5600280761719,229.40390014648438,393.0717468261719,225.49693298339844,391.010009765625,220.4778594970703,397.6578063964844,220.17019653320312,396.1875,259.47576904296875,400.2595520019531,253.80531311035156,400.8601379394531,239.8903350830078,426.6501159667969,244.07032775878906,427.5896911621094,243.1412353515625,460.5111999511719,253.0345458984375,459.154541015625
105,1,,228.48431396484375,365.7676696777344,230.3358612060547,362.794189453125,225.71109008789062,363.6741638183594,234.71035766601562,362.0926818847656,224.41395568847656,363.7552490234375,239.73207092285156,372.3769836425781,230.6019287109375,373.52301025390625,229.12245178222656,394.38909912109375,225.66893005371094,392.1676940917969,220.13516235351562,398.32293701171875,220.08685302734375,396.8365783691406,259.5806579589844,400.7901916503906,254.0164031982422,401.4171142578125,239.991943359375,426.7568359375,244.55364990234375,427.9176940917969,241.64492797851562,460.60748291015625,252.99420166015625,459.7416076660156
106,1,,228.5450439453125,366.9959411621094,230.38796997070312,363.9483642578125,225.7251434326172,364.90020751953125,234.9000244140625,363.0631408691406,224.47280883789062,364.8932800292969,240.06866455078125,373.39788818359375,230.83056640625,374.7462463378906,229.12611389160156,395.4796447753906,226.28671264648438,393.32745361328125,220.02734375,399.1510009765625,220.10386657714844,397.0831604003906,259.3121337890625,401.84503173828125,253.68045043945312,402.6022033691406,240.41554260253906,427.4371032714844,244.51016235351562,428.8397216796875,240.56031799316406,460.6975402832031,253.01022338867188,460.42901611328125
107,1,,228.35617065429688,368.3506774902344,230.34027099609375,365.19390869140625,225.4462890625,366.2284240722656,235.18463134765625,364.06689453125,224.27459716796875,366.1359558105469,240.4034881591797,374.14776611328125,231.2308807373047,375.9576110839844,229.3031463623047,396.204345703125,227.6501922607422,394.9881286621094,220.29747009277344,399.6309509277344,220.5723419189453,397.8666076660156,258.93377685546875,402.5341491699219,253.30914306640625,403.24493408203125,241.1411590576172,428.75323486328125,244.7388458251953,429.6857604980469,239.5529022216797,460.8677673339844,253.02976989746094,460.71075439453125
108,1,,228.26577758789062,369.2185974121094,230.27096557617188,366.02203369140625,225.29624938964844,367.0955810546875,235.22491455078125,364.91619873046875,224.10195922851562,367.1173095703125,240.55665588378906,375.1890563964844,231.12217712402344,377.3550109863281,229.1687774658203,396.81256103515625,227.8932647705078,396.50445556640625,219.95230102539062,400.2051086425781,220.3990478515625,398.7795104980469,258.18743896484375,403.7771301269531,252.36505126953125,404.57952880859375,241.87158203125,430.010498046875,244.7391357421875,430.9225769042969,238.93829345703125,461.31268310546875,252.99610900878906,461.1031494140625
109,1,,227.93511962890625,370.1426696777344,230.0051727294922,366.9376220703125,225.02609252929688,367.98883056640625,235.26998901367188,365.70672607421875,223.98440551757812,367.8573303222656,240.88018798828125,376.1332092285156,230.7110137939453,378.2210998535156,229.3459930419922,397.50762939453125,228.15411376953125,397.0467529296875,219.63743591308594,401.3343811035156,220.45175170898438,399.7704772949219,257.3871765136719,404.8999328613281,251.06497192382812,405.6958923339844,242.51344299316406,431.0843505859375,244.5950469970703,432.2174377441406,238.66217041015625,461.6661071777344,253.41798400878906,461.9866027832031
110,1,,227.8877410888672,370.9403991699219,229.98292541503906,367.6875915527344,224.85556030273438,368.8158264160156,235.35791015625,366.3809509277344,223.61134338378906,368.7697448730469,241.1583251953125,376.91461181640625,230.1514129638672,379.3224792480469,229.52110290527344,397.745849609375,228.1734161376953,397.7545471191406,219.69772338867188,402.35723876953125,220.49464416503906,400.9671325683594,256.5816650390625,406.1094665527344,249.69329833984375,407.0658874511719,242.94757080078125,431.7840881347656,244.14187622070312,433.28912353515625,238.64610290527344,461.8518981933594,253.97975158691406,462.7697448730469
111,1,,227.47792053222656,371.5556335449219,229.5989532470703,368.3626708984375,224.6027374267578,369.414306640625,235.1096649169922,366.96832275390625,223.63192749023438,369.1809387207031,240.94229125976562,377.353515625,230.1363983154297,379.7271728515625,229.3785858154297,397.8246154785156,228.69236755371094,398.36395263671875,219.5901336669922,403.13226318359375,220.73614501953125,402.6603088378906,256.0440368652344,406.85101318359375,249.25393676757812,407.7150573730469,243.1584014892578,432.5419006347656,244.064453125,433.9515075683594,238.8801727294922,462.2910461425781,254.14938354492188,462.9298400878906
112,1,,227.16836547851562,372.23974609375,229.2521514892578,369.09674072265625,224.4096221923828,370.1123962402344,234.8123016357422,367.60650634765625,223.61300659179688,369.7188720703125,240.70750427246094,377.82379150390625,230.11956787109375,380.1285400390625,229.3896026611328,397.5859375,229.32180786132812,398.4322204589844,219.7545623779297,403.9693298339844,221.3871612548828,403.88958740234375,255.56640625,407.7914123535156,248.85055541992188,408.58575439453125,243.1033477783203,433.14752197265625,243.6690216064453,434.316650390625,239.4490509033203,462.81072998046875,254.21563720703125,462.9882507324219
113,1,,226.784912109375,373.0894470214844,228.82933044433594,369.9657897949219,224.1083984375,370.9755554199219,234.421142578125,368.1648254394531,223.39724731445312,370.2526550292969,240.48422241210938,378.03839111328125,229.7764892578125,380.3443603515625,229.5858917236328,397.3672790527344,229.63270568847656,398.47845458984375,220.03074645996094,404.5711669921875,222.11883544921875,404.97576904296875,255.2759246826172,408.36309814453125,248.4597930908203,409.1717224121094,242.8964080810547,433.3726501464844,243.35427856445312,434.5938415527344,239.80433654785156,463.03509521484375,254.42588806152344,463.25677490234375
114,1,,226.35952758789062,373.8230895996094,228.38272094726562,370.77532958984375,223.79415893554688,371.73004150390625,233.93653869628906,368.81793212890625,223.11656188964844,370.7628173828125,240.10565185546875,378.2100830078125,229.1559600830078,380.6343994140625,229.85531616210938,396.82354736328125,229.18316650390625,398.89776611328125,220.44171142578125,404.70660400390625,222.40444946289062,405.79632568359375,255.03631591796875,408.7189025878906,248.14622497558594,409.538818359375,242.54063415527344,433.99688720703125,243.87705993652344,434.9215087890625,239.60377502441406,463.8828430175781,254.83042907714844,463.3904724121094
115,1,,226.07029724121094,374.56524658203125,228.03501892089844,371.6036071777344,223.596923828125,372.5059509277344,233.44021606445312,369.4444580078125,222.85113525390625,371.2628479003906,239.8619384765625,378.2668762207031,228.43002319335938,380.8172912597656,230.68536376953125,395.8427734375,228.67567443847656,398.87164306640625,220.98660278320312,404.7491455078125,222.63497924804688,406.41668701171875,254.9275665283203,409.04510498046875,247.81874084472656,409.8468933105469,242.27706909179688,434.5601501464844,244.4925994873047,435.0260314941406,239.3459014892578,464.7942199707031,255.11627197265625,463.3123779296875
116,1,,225.7205810546875,375.1879577636719,227.60231018066406,372.240966796875,223.19496154785156,373.20263671875,232.7735137939453,369.95159912109375,222.13259887695312,371.95538330078125,239.49620056152344,378.15789794921875,227.19613647460938,381.29449462890625,231.9334716796875,394.5544128417969,227.7210235595703,398.9928283691406,221.8953399658203,404.3161926269531,222.57252502441406,406.8639831542969,254.8232421875,408.95733642578125,247.2588348388672,410.0148620605469,241.93447875976562,434.1844482421875,245.01914978027344,434.8710021972656,239.23214721679688,465.0906982421875,255.25001525878906,463.6031188964844
117,1,,225.3697052001953,375.59228515625,227.27471923828125,372.6397399902344,222.78005981445312,373.638916015625,232.35195922851562,370.34332275390625,221.40921020507812,372.45196533203125,239.2036590576172,378.0963134765625,225.9466552734375,381.6845703125,233.0499725341797,393.33233642578125,225.63609313964844,399.1417541503906,222.841064453125,403.7032775878906,221.85189819335938,406.92669677734375,255.07272338867188,408.9422607421875,247.03627014160156,410.1275329589844,241.41050720214844,433.7053527832031,245.6555633544922,433.9837951660156,238.95913696289062,465.4094543457031,254.7994384765625,462.7370300292969
118,1,,224.7801055908203,375.9346008300781,226.718994140625,373.0193786621094,222.30838012695312,374.0077819824219,231.9125213623047,370.8308410644531,221.06459045410156,372.93890380859375,238.85475158691406,378.057373046875,225.357177734375,382.2757873535156,234.4140625,391.8648681640625,224.87371826171875,399.92425537109375,223.85000610351562,402.85809326171875,221.8144989013672,408.6795959472656,255.06460571289062,408.8104248046875,246.9445037841797,410.1966247558594,241.10182189941406,433.2702941894531,246.1700439453125,433.52752685546875,239.36708068847656,465.4296569824219,254.11936950683594,462.3374938964844
119,1,,224.41212463378906,376.2576904296875,226.32003784179688,373.33154296875,221.9430389404297,374.3726806640625,231.43556213378906,371.2141418457031,220.6568603515625,373.4947509765625,238.39627075195312,378.0307312011719,224.96421813964844,383.012939453125,235.5894775390625,390.24566650390625,224.5076446533203,400.89276123046875,224.88583374023438,401.5631103515625,221.86766052246094,410.97174072265625,255.10031127929688,408.6706848144531,247.11936950683594,410.2804260253906,240.62979125976562,432.891357421875,246.79568481445312,433.0549621582031,239.49639892578125,465.42352294921875,253.7939453125,461.7958068847656
120,1,,223.89222717285156,376.33697509765625,225.91848754882812,373.40069580078125,221.3831329345703,374.4261779785156,231.1181182861328,371.6076354980469,219.96543884277344,373.8841247558594,237.8383026123047,378.203857421875,224.2152557373047,383.889404296875,236.47702026367188,388.8794860839844,224.03147888183594,401.97479248046875,226.0833282470703,400.09735107421875,222.58303833007812,411.7763671875,254.92701721191406,408.51043701171875,246.87344360351562,410.39404296875,240.41812133789062,432.45843505859375,247.1165313720703,432.7021179199219,239.6852569580078,465.1673889160156,253.44842529296875,461.2624206542969
121,1,,223.44102478027344,376.45587158203125,225.6073760986328,373.5377502441406,220.91529846191406,374.5267639160156,231.01272583007812,372.1645202636719,219.44932556152344,374.3616638183594,237.54965209960938,378.7947082519531,223.44427490234375,384.83905029296875,236.8845977783203,387.7835998535156,222.97103881835938,402.6139221191406,227.10202026367188,398.8519287109375,223.09397888183594,412.5051574707031,254.71719360351562,408.7388916015625,246.4239044189453,410.7615661621094,240.29641723632812,432.6357116699219,247.47348022460938,432.73480224609375,239.66586303710938,465.3661193847656,253.5236053466797,460.9671936035156
122,1,,223.1903076171875,376.51513671875,225.40090942382812,373.621826171875,220.63418579101562,374.5675354003906,230.77342224121094,372.6329345703125,219.04420471191406,374.7657165527344,237.15333557128906,379.2420959472656,222.951171875,385.73626708984375,237.44638061523438,386.39288330078125,223.0309295654297,403.237548828125,227.81568908691406,397.03546142578125,224.11993408203125,413.4398193359375,254.3070526123047,408.6110534667969,246.00552368164062,410.8056945800781,240.3924102783203,432.96099853515625,247.87879943847656,433.1778564453125,239.7743682861328,465.43243408203125,254.23910522460938,461.1334228515625
123,1,,222.94537353515625,376.8419494628906,225.17697143554688,373.96551513671875,220.35360717773438,374.85076904296875,230.46798706054688,373.1973571777344,218.6118621826172,375.1601257324219,236.7375946044922,379.9534606933594,222.33297729492188,386.1134033203125,237.37014770507812,386.37310791015625,222.19989013671875,402.78533935546875,228.625,396.5077209472656,224.18301391601562,412.17486572265625,254.02859497070312,408.4857177734375,245.7416229248047,410.52215576171875,240.21009826660156,433.5829772949219,248.50929260253906,433.18475341796875,239.03050231933594,466.03802490234375,255.2069854736328,460.7588195800781
124,1,,222.83514404296875,377.1777648925781,225.1074981689453,374.26373291015625,220.15115356445312,375.142822265625,230.34886169433594,373.55499267578125,218.1605682373047,375.5278625488281,236.6390838623047,380.248779296875,221.6905059814453,386.6155090332031,238.05726623535156,385.4605712890625,221.72711181640625,402.5469665527344,229.3267059326172,395.0514221191406,224.97398376464844,410.6563720703125,253.7676239013672,408.518310546875,245.1902313232422,410.6568298339844,240.32215881347656,433.79229736328125,248.36642456054688,433.46221923828125,239.18118286132812,465.97442626953125,256.037353515625,460.69598388671875
125,1,,222.9170379638672,377.91180419921875,225.1709442138672,374.92803955078125,220.1890106201172,375.8320007324219,230.36038208007812,373.9530944824219,218.07229614257812,376.0193786621094,236.9582061767578,380.2883605957031,221.338134765625,386.87921142578125,238.60008239746094,384.0911865234375,221.71371459960938,402.33245849609375,229.91607666015625,392.45843505859375,225.34922790527344,410.71087646484375,254.0311737060547,407.9442443847656,245.0704803466797,410.1155700683594,240.4043731689453,433.7352600097656,248.0775146484375,433.3250732421875,238.85191345214844,466.09527587890625,257.0919494628906,460.822509765625
126,1,,222.90347290039062,378.5137939453125,225.15338134765625,375.4503479003906,220.15501403808594,376.3655700683594,230.29640197753906,374.12109375,217.9864501953125,376.2359619140625,237.1772918701172,380.0436706542969,221.26158142089844,386.7137145996094,239.06170654296875,383.22882080078125,222.0167694091797,402.26409912109375,230.64015197753906,389.8887023925781,226.13169860839844,409.9936828613281,254.43698120117188,407.1389465332031,245.3062286376953,409.2254638671875,240.5243682861328,433.2083740234375,247.4510498046875,432.3009033203125,238.65280151367188,465.83074951171875,257.9244689941406,459.8608703613281
127,1,,222.91407775878906,379.2279052734375,225.04225158691406,376.062255859375,220.177978515625,377.05499267578125,230.174560546875,374.3531494140625,218.17063903808594,376.59466552734375,237.5350799560547,380.5065612792969,221.817626953125,386.5859375,239.7134552001953,386.2762756347656,223.3614959716797,402.5071716308594,231.7614288330078,393.6556396484375,227.00592041015625,409.92254638671875,254.94168090820312,406.8625183105469,245.95596313476562,408.8157653808594,240.3590850830078,432.7961120605469,247.13230895996094,431.9483337402344,238.35426330566406,465.6470031738281,257.9081115722656,460.1685791015625
128,1,,223.02923583984375,379.7798767089844,225.13832092285156,376.50091552734375,220.2084197998047,377.57147216796875,230.29930114746094,374.41021728515625,218.1447296142578,376.82672119140625,238.095703125,380.6759033203125,221.71463012695312,386.3848876953125,240.2360382080078,388.2398681640625,223.55331420898438,402.3173828125,232.4236602783203,396.0069885253906,227.64564514160156,409.6239318847656,255.43421936035156,406.40643310546875,246.020263671875,408.3385925292969,240.5695037841797,432.2071533203125,246.28778076171875,431.81390380859375,238.29051208496094,465.2841491699219,258.2454833984375,460.8432312011719
129,1,,223.27516174316406,380.4397888183594,225.3831329345703,377.0592041015625,220.3817596435547,378.1829833984375,230.49807739257812,374.5703430175781,218.18482971191406,377.0907287597656,238.40084838867188,380.66412353515625,221.54232788085938,386.04254150390625,240.07809448242188,389.4094543457031,223.79757690429688,401.80889892578125,233.30386352539062,397.6629333496094,228.2575225830078,409.1572570800781,255.8507080078125,405.2955017089844,246.10934448242188,407.2015380859375,240.79571533203125,431.25750732421875,245.6664581298828,431.07025146484375,237.95826721191406,464.9515686035156,258.4745788574219,461.06573486328125
130,1,,223.3632049560547,380.7828063964844,225.4575653076172,377.3420104980469,220.42274475097656,378.5072021484375,230.4572296142578,374.6951599121094,218.13427734375,377.2869873046875,238.46200561523438,380.93927001953125,221.4204559326172,385.8179626464844,240.10321044921875,391.79632568359375,224.0454559326172,401.6085510253906,233.921630859375,401.4037170410156,228.5939178466797,408.6116638183594,256.0830993652344,404.769775390625,246.17440795898438,406.5623474121094,240.83026123046875,430.2527160644531,244.72911071777344,430.0778503417969,238.25123596191406,464.5446472167969,258.3156433105469,460.7640380859375
131,1,,223.75485229492188,381.6832275390625,225.8463897705078,378.180908203125,220.76158142089844,379.3424987792969,230.70445251464844,375.0579528808594,218.23660278320312,377.5929870605469,238.7415771484375,381.51593017578125,221.0758819580078,385.4869079589844,240.53868103027344,394.6741943359375,224.0155029296875,400.85272216796875,234.5800323486328,406.2001953125,228.70472717285156,408.47998046875,255.96449279785156,404.4848937988281,245.7145538330078,406.0721435546875,240.8406982421875,430.5303955078125,244.45590209960938,430.529296875,238.1915740966797,464.5972595214844,258.50653076171875,461.44134521484375
132,1,,223.99652099609375,382.06121826171875,226.2086639404297,378.55096435546875,220.92440795898438,379.671875,230.94798278808594,375.0684814453125,217.93685913085938,377.58758544921875,238.8468475341797,380.67974853515625,219.75389099121094,385.1312255859375,240.4022216796875,390.83343505859375,222.49098205566406,399.46783447265625,233.97799682617188,401.1249084472656,228.2462158203125,407.6490478515625,255.3683624267578,403.8023681640625,244.06626892089844,405.4977722167969,241.267578125,430.2460021972656,242.6077880859375,430.1907043457031,238.7705841064453,464.1139221191406,258.3070373535156,460.76318359375
133,1,,224.31478881835938,381.5986328125,226.52871704101562,378.12384033203125,221.21502685546875,379.3031311035156,231.10516357421875,374.45379638671875,217.71624755859375,377.2149353027344,239.3177032470703,379.1346130371094,219.15606689453125,384.9847106933594,240.83880615234375,386.1723327636719,222.61778259277344,399.10992431640625,233.40040588378906,396.7715759277344,228.57516479492188,407.3238220214844,255.09915161132812,403.3822021484375,242.9425048828125,405.5858459472656,241.57203674316406,429.2724914550781,241.23927307128906,429.29632568359375,239.147705078125,463.84686279296875,257.7560119628906,460.1744384765625
134,1,,224.36875915527344,381.1825866699219,226.61460876464844,377.78802490234375,221.3542022705078,378.9202880859375,231.10031127929688,374.0428466796875,217.50804138183594,376.7357177734375,239.5322723388672,378.23272705078125,218.8850555419922,384.75787353515625,241.20751953125,383.7630615234375,222.77243041992188,398.9371032714844,232.88719177246094,395.0487976074219,228.677001953125,407.5503234863281,254.67971801757812,403.6361083984375,242.03941345214844,406.0934753417969,241.8399200439453,429.1971435546875,239.72999572753906,429.0119934082031,239.70285034179688,463.7706298828125,256.2041015625,459.91851806640625
135,1,,224.45123291015625,380.8565979003906,226.79254150390625,377.50335693359375,221.5013427734375,378.50732421875,231.23587036132812,373.5926208496094,217.4788360595703,376.0081787109375,238.99786376953125,377.166259765625,218.80259704589844,384.37408447265625,241.25498962402344,380.7233581542969,223.14710998535156,398.4794006347656,232.45387268066406,392.800537109375,229.09249877929688,407.59564208984375,253.958251953125,403.79962158203125,241.33787536621094,406.61065673828125,242.15443420410156,429.66363525390625,238.63546752929688,430.18572998046875,241.51132202148438,463.0528259277344,253.71640014648438,460.122802734375
136,1,,224.32147216796875,379.74688720703125,226.65647888183594,376.4925231933594,221.4808807373047,377.423828125,231.17713928222656,372.6660461425781,217.47706604003906,375.007080078125,238.88011169433594,375.39337158203125,219.0773468017578,384.0115966796875,241.3980255126953,376.8154602050781,223.55201721191406,398.0495910644531,231.7476043701172,389.6080627441406,229.1100616455078,407.0970764160156,253.37953186035156,403.6152648925781,241.0198211669922,407.1091003417969,241.69387817382812,428.8120422363281,238.29344177246094,430.00579833984375,241.44374084472656,462.01727294921875,253.0394744873047,460.0498962402344
137,1,,224.37657165527344,378.75531005859375,226.7159423828125,375.6217346191406,221.5905303955078,376.4660949707031,231.23545837402344,371.8821716308594,217.45785522460938,374.0987854003906,238.93765258789062,374.2769775390625,219.21734619140625,383.5555419921875,241.68136596679688,376.4082946777344,223.9790496826172,398.629638671875,232.05108642578125,391.1974182128906,229.6556854248047,407.7015686035156,253.22637939453125,403.3600769042969,241.0120391845703,407.29559326171875,241.62196350097656,428.3445129394531,238.9335174560547,429.9613342285156,240.9503631591797,462.1114501953125,252.55136108398438,460.7673034667969
138,1,,224.29820251464844,378.32269287109375,226.83721923828125,375.27789306640625,221.5962677001953,375.8226623535156,231.31446838378906,371.7073669433594,217.49624633789062,373.2015380859375,238.1909942626953,374.0067443847656,218.75257873535156,382.9380798339844,242.23240661621094,376.9226989746094,224.18211364746094,399.2289733886719,232.94619750976562,392.2287292480469,230.7110595703125,408.86395263671875,252.5969696044922,402.9493408203125,240.50038146972656,406.77593994140625,241.69357299804688,428.69549560546875,239.00364685058594,430.6816101074219,241.34010314941406,461.8657531738281,250.8706817626953,461.0917663574219
139,1,,224.14996337890625,377.6198425292969,226.75558471679688,374.66143798828125,221.50901794433594,375.0663757324219,231.3589324951172,371.1972961425781,217.5390625,372.3727111816406,238.10023498535156,373.4039001464844,218.74002075195312,382.0668640136719,242.92689514160156,377.52996826171875,223.9320068359375,399.0419616699219,233.6657257080078,393.4903259277344,231.1212921142578,409.2371520996094,252.24522399902344,402.5337219238281,240.28253173828125,406.33782958984375,241.28582763671875,428.612548828125,239.7755126953125,430.62554931640625,241.0699005126953,461.7279968261719,250.81884765625,461.0389099121094
140,1,,224.06109619140625,376.6916198730469,226.69448852539062,373.86883544921875,221.5120391845703,374.18157958984375,231.32781982421875,370.58062744140625,217.59706115722656,371.5007629394531,238.3770751953125,372.9715576171875,218.14468383789062,381.1315612792969,243.7240447998047,378.11114501953125,223.40835571289062,398.8802795410156,234.5190887451172,394.4161376953125,231.2567901611328,409.7271728515625,251.96702575683594,402.27191162109375,239.6840362548828,405.8471984863281,240.91067504882812,428.9181213378906,240.53341674804688,430.42315673828125,239.25254821777344,462.4524841308594,252.064453125,461.01019287109375
141,1,,224.26148986816406,376.1274108886719,226.9561004638672,373.32373046875,221.69540405273438,373.5960998535156,231.40733337402344,370.1406555175781,217.61170959472656,370.91339111328125,238.33656311035156,372.91766357421875,217.3611602783203,380.5321350097656,244.58221435546875,378.897216796875,222.8602752685547,399.5184631347656,235.59535217285156,395.3386535644531,231.63267517089844,410.9900817871094,251.91273498535156,402.1155090332031,238.9777374267578,405.3509521484375,241.5247039794922,429.5962829589844,239.82669067382812,430.7281188964844,239.97305297851562,463.1191711425781,250.308349609375,460.82476806640625
142,1,,224.38388061523438,376.0783386230469,227.093505859375,373.2212219238281,221.83755493164062,373.4906311035156,231.47947692871094,369.7529296875,217.6438751220703,370.456787109375,238.58599853515625,372.516357421875,217.1138458251953,379.90191650390625,246.01712036132812,379.6106872558594,222.29664611816406,399.7940368652344,236.5970916748047,395.8756408691406,231.70205688476562,411.6245422363281,251.87828063964844,402.03399658203125,238.79238891601562,405.12646484375,241.04324340820312,429.7669677734375,239.91297912597656,430.5513916015625,239.82115173339844,463.16339111328125,250.0461883544922,460.4735412597656
143,1,,224.3455047607422,375.75469970703125,227.03616333007812,372.87237548828125,221.78736877441406,373.2255554199219,231.49937438964844,369.2203674316406,217.38401794433594,370.1091003417969,239.3180389404297,372.0501403808594,216.94346618652344,379.3326721191406,247.48216247558594,380.2294616699219,221.3472137451172,399.6763610839844,237.7869415283203,396.5939636230469,231.09031677246094,411.7975769042969,251.9508819580078,402.2236328125,238.54476928710938,405.23150634765625,240.40869140625,430.0840759277344,240.16961669921875,429.9161376953125,239.04066467285156,463.5423889160156,250.53744506835938,459.9704895019531
144,1,,224.23110961914062,375.39996337890625,227.02357482910156,372.499755859375,221.7225341796875,372.7989196777344,231.62078857421875,368.8994445800781,217.53842163085938,369.608642578125,239.48081970214844,372.2265930175781,216.40264892578125,379.07568359375,248.7099609375,380.48828125,220.4399871826172,399.8334655761719,239.06275939941406,396.50091552734375,230.30316162109375,411.6636657714844,251.94873046875,402.6537170410156,238.210205078125,405.3303527832031,240.09205627441406,430.6830749511719,239.6233367919922,430.1085205078125,238.94851684570312,463.6374816894531,250.4609375,459.1080627441406
145,1,,224.45782470703125,375.3995361328125,227.1698455810547,372.4537048339844,221.90850830078125,372.79327392578125,231.69252014160156,368.6313781738281,217.68923950195312,369.4793701171875,240.1392822265625,372.26361083984375,216.35528564453125,378.878173828125,250.72357177734375,381.3551025390625,219.4464111328125,399.99224853515625,240.17388916015625,396.87274169921875,229.4274444580078,412.09124755859375,251.60755920410156,403.0668029785156,237.55902099609375,405.5345764160156,240.29225158691406,430.56573486328125,239.564208984375,429.7600402832031,239.2143096923828,463.2938537597656,250.0989532470703,458.61090087890625
146,1,,224.41978454589844,375.0685729980469,227.1050567626953,372.12689208984375,221.9159393310547,372.48480224609375,231.69174194335938,368.1850891113281,217.72720336914062,369.0704345703125,240.7454376220703,372.0146484375,216.41990661621094,378.33843994140625,252.30259704589844,382.10498046875,218.4554901123047,399.6118469238281,241.21466064453125,397.4375915527344,228.258544921875,412.239013671875,250.87249755859375,403.7083740234375,236.89344787597656,405.9317932128906,239.62388610839844,431.02593994140625,240.06381225585938,429.0796813964844,237.83457946777344,463.8924865722656,250.66455078125,458.0174865722656
147,1,,224.41253662109375,374.2771301269531,227.0975341796875,371.352783203125,221.92861938476562,371.7010803222656,231.75100708007812,367.5616760253906,217.96478271484375,368.4058532714844,240.9774627685547,372.3218994140625,216.11546325683594,377.955078125,253.5242156982422,382.3339538574219,217.18408203125,399.0791931152344,242.8740692138672,397.96392822265625,226.87457275390625,412.3440856933594,249.8663787841797,404.9120178222656,235.62954711914062,406.6592102050781,239.67178344726562,432.8190002441406,240.0550079345703,429.9860534667969,237.12774658203125,464.8992919921875,250.52085876464844,457.48590087890625
148,1,,224.7503204345703,373.9095764160156,227.3327178955078,370.93804931640625,222.26849365234375,371.32708740234375,231.91493225097656,367.0597229003906,218.4568634033203,367.96282958984375,241.38429260253906,372.4310302734375,216.1979522705078,377.7776794433594,254.85006713867188,382.8946533203125,216.4181365966797,398.8338623046875,244.56829833984375,398.7598876953125,225.51991271972656,412.9457702636719,249.09161376953125,405.5713806152344,234.91644287109375,407.1492004394531,239.53250122070312,434.2092590332031,239.9713897705078,430.8328552246094,236.53260803222656,465.5242614746094,250.8760223388672,457.54595947265625
149,1,,225.13946533203125,373.44512939453125,227.5684356689453,370.4155578613281,222.59027099609375,370.894287109375,231.96585083007812,366.3814697265625,218.618896484375,367.4931335449219,242.01585388183594,372.1773376464844,216.3600616455078,377.4105529785156,256.38671875,383.8093566894531,215.77276611328125,398.5431823730469,246.3070526123047,400.20501708984375,224.24688720703125,413.7611083984375,248.28594970703125,405.8456115722656,234.12982177734375,407.3710021972656,239.47149658203125,435.12066650390625,240.03671264648438,431.1949157714844,235.72848510742188,466.2828674316406,250.8996124267578,458.252197265625
150,1,,225.1136932373047,372.52252197265625,227.5162353515625,369.441650390625,222.5835723876953,369.99261474609375,232.05374145507812,365.4610900878906,218.67678833007812,366.6918029785156,242.49615478515625,371.67840576171875,216.4307861328125,376.86248779296875,257.43701171875,384.0257263183594,215.06427001953125,398.0711975097656,248.47303771972656,401.2817077636719,222.64208984375,414.287353515625,247.44676208496094,405.6557312011719,233.32655334472656,407.1457214355469,238.80238342285156,436.0105285644531,239.51345825195312,431.14892578125,234.75726318359375,467.35107421875,250.97479248046875,458.3619079589844
151,1,,225.14109802246094,371.7936706542969,227.54861450195312,368.697021484375,222.5634765625,369.2623291015625,232.229248046875,364.8141174316406,218.72232055664062,366.09698486328125,242.9930877685547,371.5113220214844,216.25025939941406,376.458984375,258.5926208496094,384.18798828125,214.38067626953125,397.56182861328125,251.1680145263672,402.00323486328125,221.2176971435547,415.1298828125,247.27276611328125,405.08782958984375,232.82423400878906,406.5119323730469,238.92010498046875,435.4916076660156,238.79840087890625,430.8388366699219,234.83221435546875,467.2613830566406,250.8621826171875,458.6210021972656
152,1,,225.2759246826172,371.093994140625,227.6861572265625,368.0008850097656,222.6406707763672,368.5765380859375,232.29833984375,364.34442138671875,218.59835815429688,365.6490478515625,243.39649963378906,371.0770568847656,216.1766357421875,375.98187255859375,259.7649841308594,384.75787353515625,214.04039001464844,397.0091247558594,253.74851989746094,403.10308837890625,219.57423400878906,415.7091369628906,247.46575927734375,403.8587341308594,232.9472198486328,405.3924560546875,238.56805419921875,433.8930969238281,238.2032470703125,429.75567626953125,234.446533203125,466.429931640625,250.48728942871094,459.2126770019531
153,1,,225.3719482421875,369.9555969238281,227.8229522705078,366.91168212890625,222.691650390625,367.4743347167969,232.37954711914062,363.6584777832031,218.4193878173828,364.94219970703125,243.6142578125,370.693359375,215.8574981689453,375.3447570800781,260.5212707519531,384.7545471191406,213.4751739501953,396.15179443359375,256.3936767578125,403.5935974121094,217.88330078125,415.6778869628906,247.9337158203125,403.10113525390625,233.0690155029297,404.5684814453125,238.61656188964844,432.7657470703125,237.531982421875,429.0497741699219,234.449951171875,466.0816650390625,249.97816467285156,459.4403076171875
154,1,,225.5743865966797,368.9886779785156,228.067138671875,365.9808044433594,222.84457397460938,366.5431213378906,232.5431671142578,363.022705078125,218.301513671875,364.29705810546875,243.80674743652344,370.2265319824219,215.53736877441406,374.6451110839844,261.04522705078125,384.69024658203125,212.9011688232422,395.2115783691406,259.0140380859375,403.82769775390625,216.3741912841797,415.2282409667969,248.3746337890625,402.36956787109375,233.1630096435547,403.8070983886719,238.6140899658203,431.59503173828125,236.85914611816406,428.35260009765625,234.41941833496094,465.6153564453125,249.46372985839844,459.6234130859375
155,1,,225.79214477539062,368.57366943359375,228.38055419921875,365.5703430175781,222.9825897216797,366.095703125,232.86158752441406,362.6061706542969,218.15980529785156,363.8206481933594,243.94293212890625,369.8266906738281,215.3789520263672,374.19189453125,261.255126953125,384.6353454589844,212.37158203125,394.52008056640625,261.7553405761719,404.12298583984375,215.02957153320312,414.7547607421875,249.0950469970703,402.0384216308594,233.71502685546875,403.6141357421875,238.72189331054688,430.50439453125,236.809814453125,428.3065490722656,234.3429718017578,464.6709289550781,249.0199737548828,460.12249755859375
156,1,,225.8650665283203,367.92816162109375,228.48390197753906,364.9093322753906,223.02825927734375,365.4255065917969,233.04232788085938,362.0834655761719,218.22845458984375,363.21820068359375,243.96420288085938,369.6595153808594,215.54226684570312,373.7591857910156,261.3504943847656,384.5361633300781,212.03594970703125,393.91595458984375,264.00140380859375,404.36932373046875,213.4242706298828,414.1137390136719,248.8316192626953,401.9690856933594,233.55801391601562,403.4666748046875,238.6813507080078,430.75213623046875,236.5301971435547,428.4153137207031,234.19366455078125,464.56158447265625,248.88082885742188,459.9971008300781
157,1,,225.83155822753906,367.1720275878906,228.49790954589844,364.1322937011719,222.99758911132812,364.6357727050781,233.23883056640625,361.4120788574219,218.34695434570312,362.4532470703125,244.02220153808594,369.47802734375,215.71148681640625,373.17327880859375,261.2245788574219,384.41937255859375,211.76136779785156,393.22015380859375,265.8614501953125,404.4349670410156,211.87118530273438,413.2784118652344,248.37460327148438,402.024169921875,233.1168212890625,403.306396484375,238.96067810058594,431.41326904296875,236.02305603027344,428.3555603027344,234.78208923339844,465.0543212890625,248.99285888671875,459.4693908691406
158,1,,225.81802368164062,366.7341003417969,228.53208923339844,363.6663513183594,222.9617156982422,364.1706237792969,233.4753875732422,360.92230224609375,218.5726776123047,361.9468994140625,244.213623046875,369.4334411621094,215.88282775878906,372.73114013671875,261.1089172363281,384.6744384765625,211.4456024169922,392.693603515625,267.267822265625,405.0713195800781,209.95045471191406,412.5688781738281,247.6643524169922,402.0393371582031,232.4950408935547,403.0504150390625,238.99864196777344,431.7957458496094,235.75596618652344,427.8508605957031,234.37657165527344,465.5576171875,249.12210083007812,458.6423645019531
159,1,,225.89666748046875,366.256591796875,228.62997436523438,363.13055419921875,223.01100158691406,363.656005859375,233.71890258789062,360.30279541015625,218.86094665527344,361.3636169433594,244.3560028076172,369.326416015625,216.07626342773438,372.3073425292969,260.90374755859375,384.85491943359375,211.23390197753906,392.2178955078125,268.60870361328125,405.44512939453125,208.09793090820312,412.0571594238281,246.98985290527344,402.1941223144531,231.9045867919922,403.03741455078125,239.3382110595703,432.2862243652344,235.48699951171875,427.8994140625,234.50790405273438,465.72967529296875,249.37124633789062,458.0489807128906
160,1,,226.1332244873047,365.38299560546875,228.8590087890625,362.2221374511719,223.22503662109375,362.7778015136719,233.93836975097656,359.562744140625,219.20594787597656,360.6426086425781,244.4955596923828,369.29046630859375,216.37796020507812,371.79736328125,260.9117736816406,385.2076110839844,211.23191833496094,391.54681396484375,269.148193359375,405.82012939453125,206.40284729003906,411.08184814453125,246.398681640625,402.44134521484375,231.466552734375,402.9728088378906,239.4663848876953,433.0887451171875,235.3114471435547,427.8310852050781,234.39402770996094,466.5661315917969,249.35406494140625,457.6659240722656
161,1,,226.595947265625,365.2020568847656,229.35813903808594,361.9800720214844,223.6441192626953,362.5523376464844,234.36573791503906,359.0459289550781,219.45785522460938,360.14520263671875,244.73988342285156,368.9476623535156,216.5081329345703,371.1510314941406,261.11492919921875,385.64654541015625,211.29046630859375,390.547607421875,269.6033630371094,406.4243469238281,205.25186157226562,409.777099609375,246.47433471679688,402.58258056640625,231.46139526367188,403.0301208496094,239.55908203125,433.1327209472656,234.99485778808594,428.39324951171875,234.5587615966797,466.9903869628906,248.6022491455078,458.6358947753906
162,1,,226.93112182617188,364.4991455078125,229.72463989257812,361.26837158203125,223.9611358642578,361.830078125,234.72354125976562,358.35546875,219.7482452392578,359.45880126953125,244.9562530517578,368.64471435546875,216.68055725097656,370.69134521484375,261.2061767578125,385.91412353515625,211.1642608642578,389.7210388183594,269.61102294921875,406.7408447265625,204.00926208496094,408.7981262207031,246.48611450195312,402.8050842285156,231.44639587402344,403.25177001953125,239.4959259033203,433.1973876953125,234.7291717529297,429.25665283203125,234.47836303710938,467.19317626953125,247.66128540039062,459.7914123535156
163,1,,227.41961669921875,363.5912780761719,230.22186279296875,360.3310546875,224.40748596191406,360.89630126953125,235.16708374023438,357.4602966308594,220.0857696533203,358.5682067871094,245.0764617919922,368.1871337890625,216.9747772216797,370.0745544433594,261.21728515625,385.9090881347656,211.08489990234375,388.6517333984375,269.4672546386719,406.5868835449219,203.1981658935547,407.45684814453125,246.4558868408203,402.8726501464844,231.4659881591797,403.40118408203125,239.5642852783203,432.79901123046875,234.4453582763672,429.98394775390625,234.96568298339844,466.9119873046875,246.74624633789062,460.95599365234375
164,1,,227.8309326171875,362.6707763671875,230.65733337402344,359.43450927734375,224.84010314941406,359.94390869140625,235.5729522705078,356.7859802246094,220.47193908691406,357.73583984375,245.22621154785156,367.8644714355469,217.36524963378906,369.51678466796875,261.0177307128906,385.7529296875,211.1465606689453,387.831298828125,268.6314392089844,405.6878662109375,202.26165771484375,406.3293151855469,246.3339385986328,402.8393249511719,231.47166442871094,403.2294616699219,239.3139190673828,432.84393310546875,234.15255737304688,430.2869567871094,234.41705322265625,467.2999267578125,245.6715545654297,461.654052734375
165,1,,228.0337677001953,361.9739074707031,230.89306640625,358.74871826171875,225.09933471679688,359.23785400390625,235.82730102539062,356.1468505859375,220.77171325683594,357.0274353027344,245.3861541748047,367.4019470214844,217.58738708496094,368.9437255859375,260.5681457519531,385.4693298339844,211.1344757080078,386.96685791015625,267.7514343261719,404.5742492675781,201.58624267578125,405.17022705078125,246.43370056152344,402.94842529296875,231.531494140625,403.25543212890625,239.09584045410156,432.95648193359375,233.71493530273438,430.5535583496094,234.10397338867188,467.4295349121094,245.3631134033203,461.7914123535156
166,1,,228.0631866455078,361.2725830078125,230.9610595703125,358.10418701171875,225.23240661621094,358.5307922363281,236.01800537109375,355.6226501464844,221.17262268066406,356.3636169433594,245.6182861328125,366.9169921875,217.94252014160156,368.33782958984375,260.06353759765625,385.07000732421875,211.14962768554688,386.24774169921875,266.6829528808594,403.3320007324219,201.02749633789062,404.0718688964844,246.4996795654297,403.0799560546875,231.6227569580078,403.2368469238281,238.92967224121094,433.4299011230469,233.71383666992188,430.7517395019531,233.65184020996094,467.5261535644531,245.54559326171875,461.5683898925781
167,1,,228.40235900878906,360.64007568359375,231.302734375,357.49102783203125,225.62594604492188,357.92706298828125,236.3290557861328,355.04669189453125,221.63404846191406,355.7826232910156,245.8588409423828,366.35626220703125,218.33399963378906,367.7356872558594,259.5774230957031,384.6518859863281,211.35159301757812,385.4984130859375,265.5931701660156,402.19549560546875,200.6297607421875,402.9537048339844,246.62734985351562,402.99456787109375,231.80393981933594,403.0675964355469,238.78057861328125,433.48162841796875,233.771484375,430.747802734375,233.2840576171875,467.3796081542969,245.85321044921875,461.2281188964844
168,1,,228.71450805664062,360.5917053222656,231.58616638183594,357.4188232421875,226.0330810546875,357.8980712890625,236.586669921875,354.7074279785156,222.20628356933594,355.496337890625,246.17645263671875,365.7663879394531,218.74356079101562,367.10589599609375,259.1517333984375,384.3995056152344,211.52145385742188,384.8679504394531,264.59930419921875,401.53961181640625,200.2393341064453,402.0547180175781,246.63487243652344,403.1333312988281,231.8363494873047,403.0814514160156,238.6605682373047,434.01806640625,233.74302673339844,431.021728515625,232.9307098388672,467.53289794921875,246.18603515625,460.7605285644531
169,1,,229.12069702148438,359.7542419433594,231.96005249023438,356.60986328125,226.459228515625,357.1061706542969,236.88722229003906,354.0506286621094,222.68846130371094,354.8800354003906,246.373291015625,365.30328369140625,219.06649780273438,366.6005859375,258.876953125,384.17620849609375,211.61378479003906,384.1752014160156,263.92724609375,401.66033935546875,200.159912109375,401.07794189453125,246.6028289794922,403.0411071777344,231.865234375,402.99853515625,238.5270233154297,434.20782470703125,233.72427368164062,431.4416809082031,232.99998474121094,467.5139465332031,246.36587524414062,460.9823913574219
170,1,,229.72793579101562,358.58953857421875,232.4920654296875,355.52349853515625,227.08535766601562,356.0088195800781,237.284423828125,353.3680114746094,223.3722686767578,354.1798095703125,246.58876037597656,364.8470764160156,219.50820922851562,366.06671142578125,258.7293701171875,383.79022216796875,211.82289123535156,383.4784851074219,263.34259033203125,401.89666748046875,200.19979858398438,400.08447265625,246.31546020507812,402.6488037109375,231.70596313476562,402.6135559082031,238.42599487304688,434.2568664550781,233.6267852783203,431.8892517089844,232.9937744140625,467.65863037109375,246.0454864501953,461.66156005859375
171,1,,230.11839294433594,357.13897705078125,232.8875274658203,354.1097717285156,227.4769287109375,354.5935363769531,237.62802124023438,352.3446044921875,223.78244018554688,353.168701171875,246.7624969482422,364.2627258300781,219.7537384033203,365.51971435546875,258.4422912597656,383.37005615234375,212.02474975585938,382.9409484863281,262.8412780761719,401.8149719238281,200.23681640625,399.33563232421875,246.19869995117188,402.484130859375,231.568115234375,402.49468994140625,238.49525451660156,434.33123779296875,233.5056610107422,432.2303466796875,233.10984802246094,467.5628356933594,246.0439910888672,461.8792724609375
172,1,,230.8894805908203,356.0187683105469,233.63694763183594,353.0048828125,228.22592163085938,353.4980773925781,238.1695098876953,351.5242919921875,224.38223266601562,352.3627014160156,247.0494842529297,363.8336486816406,219.95382690429688,365.0492248535156,258.2225341796875,383.0769348144531,212.23548889160156,382.5195617675781,262.5902404785156,401.7865295410156,200.4641571044922,398.70758056640625,246.01670837402344,402.5951843261719,231.23870849609375,402.6128234863281,238.65841674804688,434.72442626953125,233.05911254882812,432.73382568359375,233.2883758544922,467.6883239746094,245.95077514648438,462.27911376953125
173,1,,231.44573974609375,354.839599609375,234.2222137451172,351.871826171875,228.75901794433594,352.3182067871094,238.69422912597656,350.7427062988281,224.84844970703125,351.4956359863281,247.2990264892578,363.4983215332031,220.2057342529297,364.61505126953125,258.0059814453125,382.8106994628906,212.5879364013672,381.99822998046875,262.2292785644531,401.5650329589844,200.94895935058594,398.0211181640625,245.8350830078125,402.6275634765625,230.97613525390625,402.6485595703125,238.76278686523438,434.82501220703125,232.7969512939453,433.0829772949219,233.42433166503906,467.6598815917969,245.84361267089844,462.8474426269531
174,1,,231.9908447265625,353.8301696777344,234.80104064941406,350.90679931640625,229.33883666992188,351.31146240234375,239.18133544921875,349.9436340332031,225.35675048828125,350.5838317871094,247.49913024902344,362.9873962402344,220.5152130126953,363.8990478515625,257.8070983886719,382.40618896484375,212.8092498779297,381.4244689941406,262.119873046875,401.2528991699219,201.62374877929688,397.3883361816406,245.57022094726562,402.6324768066406,230.66943359375,402.53839111328125,238.87586975097656,434.8383483886719,232.463134765625,432.6103515625,233.61634826660156,467.5613708496094,245.7971649169922,462.57781982421875
175,1,,232.56710815429688,352.9866943359375,235.42665100097656,350.0491943359375,229.87939453125,350.4288024902344,239.67572021484375,349.17486572265625,225.68426513671875,349.75238037109375,247.65951538085938,362.528564453125,220.6431884765625,363.3120422363281,257.639404296875,382.2556457519531,212.97598266601562,380.91705322265625,261.9911193847656,401.0699768066406,202.12808227539062,396.8857727050781,245.5478973388672,402.72686767578125,230.5509033203125,402.6070251464844,239.07168579101562,434.7030029296875,232.4422607421875,432.3536376953125,233.87852478027344,467.3018493652344,245.89830017089844,462.42889404296875
176,1,,233.3164825439453,352.08697509765625,236.17584228515625,349.1617126464844,230.58392333984375,349.494140625,240.29318237304688,348.5029602050781,226.2376251220703,348.9779968261719,247.97555541992188,362.41180419921875,220.85433959960938,362.8857727050781,257.7918701171875,382.3408508300781,212.97752380371094,380.6379699707031,262.0225830078125,401.4875793457031,202.3682403564453,396.98431396484375,245.3282470703125,402.7419738769531,230.28973388671875,402.4901428222656,238.99696350097656,434.6647033691406,232.0662384033203,432.0943908691406,233.9192657470703,467.4312744140625,245.6541748046875,462.5876159667969
177,1,,233.41464233398438,351.2087097167969,236.34030151367188,348.31756591796875,230.67030334472656,348.57171630859375,240.70350646972656,347.8576354980469,226.49734497070312,348.19317626953125,248.25802612304688,362.2398376464844,221.12095642089844,362.3439636230469,257.88873291015625,382.3204040527344,213.11666870117188,379.9139404296875,262.0043640136719,401.6102600097656,203.1658172607422,396.2131042480469,245.05462646484375,402.5918273925781,230.01829528808594,402.1751403808594,238.83863830566406,434.39031982421875,231.93299865722656,431.6189270019531,233.88226318359375,467.5200500488281,245.4494171142578,462.4634094238281
178,1,,233.2908477783203,349.9029541015625,236.31968688964844,347.1028747558594,230.5887908935547,347.25201416015625,241.05711364746094,347.1482238769531,226.69607543945312,347.2979736328125,248.51673889160156,362.02606201171875,221.3799591064453,361.96014404296875,258.0686950683594,381.9719543457031,213.19088745117188,379.6826477050781,262.21942138671875,401.51483154296875,203.5741729736328,396.1051025390625,244.7850341796875,402.390869140625,229.76239013671875,401.86505126953125,238.61203002929688,434.2583312988281,231.81849670410156,431.1812744140625,233.79788208007812,467.7232971191406,245.2687530517578,462.4218444824219
179,1,,233.29100036621094,349.6495056152344,236.3660125732422,346.82916259765625,230.55389404296875,346.96649169921875,241.28883361816406,346.89349365234375,226.78082275390625,347.0612487792969,248.7567596435547,361.91668701171875,221.4340057373047,361.84588623046875,258.2366943359375,382.00970458984375,213.22860717773438,379.51806640625,262.2012634277344,401.5609436035156,203.6830291748047,396.0284729003906,244.85276794433594,402.4783020019531,229.75015258789062,401.9809875488281,238.49713134765625,434.1983947753906,231.91981506347656,431.4668884277344,233.79806518554688,467.7901916503906,245.2417449951172,462.7470397949219
180,1,,233.0006103515625,349.2393493652344,236.1536102294922,346.4598388671875,230.3042449951172,346.5267639160156,241.50526428222656,346.64129638671875,226.93505859375,346.71295166015625,249.1300506591797,361.9122619628906,221.6318817138672,361.6993713378906,258.4555969238281,381.9569396972656,213.2602081298828,379.50946044921875,262.3899230957031,401.5372619628906,203.8330078125,396.2227783203125,244.68609619140625,402.4863586425781,229.48670959472656,401.8899230957031,238.35394287109375,434.24029541015625,231.56387329101562,431.4272155761719,233.74481201171875,468.00189208984375,245.01339721679688,463.0177917480469
