frame_no,batsman_detected,distance_to_bat,x0,y0,x1,y1,x2,y2,x3,y3,x4,y4,x5,y5,x6,y6,x7,y7,x8,y8,x9,y9,x10,y10,x11,y11,x12,y12,x13,y13,x14,y14,x15,y15,x16,y16
0,1,,181.2407989501953,369.8316345214844,182.40016174316406,368.0728759765625,181.0856475830078,367.9460754394531,185.79837036132812,368.1316223144531,183.5833282470703,367.2741394042969,191.20220947265625,376.3293151855469,186.91854858398438,375.65081787109375,189.84625244140625,393.01446533203125,188.57974243164062,391.9081726074219,185.61708068847656,401.2442321777344,186.2866973876953,401.14593505859375,203.2417449951172,400.4332275390625,200.07049560546875,400.1840515136719,193.4955291748047,425.9873962402344,191.94578552246094,425.6380310058594,199.31814575195312,452.3335876464844,196.62680053710938,450.97650146484375
1,1,,181.2500762939453,369.8421630859375,182.41351318359375,368.07757568359375,181.06777954101562,367.9652099609375,185.8336639404297,368.1412658691406,183.52931213378906,367.32025146484375,191.18527221679688,376.294677734375,186.95486450195312,375.6852722167969,189.70059204101562,392.796142578125,188.52423095703125,391.8437805175781,185.55580139160156,401.2430725097656,186.2106475830078,401.1783447265625,203.24026489257812,400.41900634765625,200.09915161132812,400.18963623046875,193.45355224609375,425.9969482421875,191.8931427001953,425.6366882324219,199.3394775390625,452.3489685058594,196.62710571289062,450.927978515625
2,1,,181.22201538085938,369.8386535644531,182.36566162109375,368.07550048828125,181.0499267578125,367.9739074707031,185.77548217773438,368.12884521484375,183.5474090576172,367.3338317871094,191.13551330566406,376.2276306152344,187.00767517089844,375.6755676269531,189.59532165527344,392.5736083984375,188.499755859375,391.7416687011719,185.49053955078125,401.2391052246094,186.14515686035156,401.2016296386719,203.21536254882812,400.4470520019531,200.1394805908203,400.23712158203125,193.41000366210938,426.0015563964844,191.8594970703125,425.66253662109375,199.35089111328125,452.3553466796875,196.6265869140625,450.9332580566406
3,1,,181.16986083984375,369.8460693359375,182.31153869628906,368.07421875,180.9806365966797,367.9920959472656,185.74606323242188,368.1080017089844,183.464111328125,367.363525390625,191.10733032226562,376.16326904296875,186.98245239257812,375.7189636230469,189.50100708007812,392.40447998046875,188.38946533203125,391.79156494140625,185.42877197265625,401.36102294921875,186.03192138671875,401.3872985839844,203.19117736816406,400.4898681640625,200.11965942382812,400.32208251953125,193.36227416992188,426.0275573730469,191.82264709472656,425.7381591796875,199.35165405273438,452.361083984375,196.63694763183594,450.9609680175781
4,1,,181.0642547607422,369.91180419921875,182.27757263183594,368.1278991699219,180.80673217773438,368.0334167480469,185.82400512695312,368.23699951171875,183.09751892089844,367.4715270996094,191.25811767578125,376.4718322753906,186.42897033691406,375.9808044433594,190.16470336914062,392.7926025390625,188.1021728515625,391.9580078125,185.93592834472656,401.5267639160156,185.8407745361328,401.5524597167969,203.1696014404297,400.55242919921875,199.63307189941406,400.4130859375,193.4851531982422,426.02764892578125,191.76914978027344,425.92938232421875,199.48231506347656,452.2639465332031,196.33413696289062,451.2568359375
5,1,,181.056640625,369.9345703125,182.32464599609375,368.14971923828125,180.76893615722656,368.0306396484375,185.91453552246094,368.35614013671875,182.90716552734375,367.53985595703125,191.42506408691406,376.8088684082031,185.8983612060547,376.2244567871094,190.88043212890625,393.2291564941406,187.6566925048828,392.102783203125,186.53553771972656,401.70904541015625,185.61585998535156,401.7197570800781,203.1481170654297,400.64129638671875,199.1680145263672,400.5131530761719,193.60101318359375,426.0477294921875,191.76004028320312,426.09490966796875,199.591064453125,452.18511962890625,196.04774475097656,451.5094909667969
6,1,,180.9737548828125,370.0385437011719,182.3555450439453,368.26177978515625,180.6818084716797,368.0821228027344,186.09707641601562,368.5419006347656,182.66326904296875,367.5694580078125,191.61447143554688,377.2464904785156,185.27613830566406,376.3785095214844,191.7299041748047,394.0081481933594,187.64898681640625,392.2297058105469,187.1791534423828,401.8564453125,185.58839416503906,401.7969970703125,203.27593994140625,400.79931640625,198.75013732910156,400.5993347167969,193.78102111816406,426.0633239746094,191.71527099609375,426.1599426269531,199.62623596191406,452.0936279296875,195.7960205078125,451.6586608886719
7,1,,180.9542999267578,370.1797180175781,182.46038818359375,368.3996887207031,180.5993194580078,368.1800537109375,186.3668975830078,368.7373962402344,182.32203674316406,367.6663513183594,191.80612182617188,377.6482238769531,184.68344116210938,376.57708740234375,192.47415161132812,394.5704345703125,187.67242431640625,392.2679138183594,187.9031219482422,402.052978515625,185.5591583251953,401.893798828125,203.402587890625,400.91461181640625,198.34320068359375,400.6683349609375,193.97396850585938,426.0711975097656,191.6724853515625,426.19183349609375,199.6581573486328,451.9805908203125,195.5519561767578,451.715576171875
8,1,,181.0837860107422,370.25445556640625,182.6417999267578,368.4676818847656,180.6406707763672,368.22906494140625,186.53115844726562,368.8935852050781,182.0774383544922,367.7919006347656,191.948974609375,378.00439453125,184.1973419189453,376.8453369140625,193.10609436035156,394.9211730957031,187.53530883789062,392.31707763671875,188.49375915527344,401.9254455566406,185.56329345703125,401.7612609863281,203.37710571289062,400.9626770019531,197.89715576171875,400.7281799316406,194.07412719726562,426.03546142578125,191.61279296875,426.2941589355469,199.72019958496094,451.8387756347656,195.2674560546875,451.9188537597656
9,1,,181.13319396972656,370.3978576660156,182.7169952392578,368.61773681640625,180.69210815429688,368.3660888671875,186.63174438476562,368.9876403808594,182.0747833251953,367.8404541015625,191.90817260742188,378.04449462890625,184.20233154296875,376.7744140625,193.03468322753906,394.9345397949219,187.80531311035156,392.0992736816406,188.6270751953125,401.9373474121094,185.717529296875,401.6672668457031,203.55059814453125,401.0176696777344,198.08070373535156,400.7319641113281,194.09889221191406,426.05157470703125,191.5796356201172,426.1925964355469,199.6359100341797,451.8038330078125,195.32102966308594,451.7042236328125
10,1,,181.40200805664062,370.51611328125,183.03909301757812,368.74017333984375,180.85128784179688,368.4764099121094,186.89254760742188,369.0911560058594,181.8832550048828,367.9145202636719,191.8672637939453,378.07586669921875,184.03114318847656,376.7220153808594,193.17831420898438,394.7538757324219,188.0093231201172,391.7287902832031,188.98597717285156,401.7479553222656,185.90138244628906,401.3769226074219,203.74888610839844,401.06903076171875,198.1872100830078,400.74896240234375,194.07447814941406,426.05963134765625,191.58233642578125,426.0610046386719,199.5616912841797,451.7827453613281,195.4249267578125,451.4390563964844
11,1,,181.8162841796875,370.5100402832031,183.4886932373047,368.7182922363281,181.06607055664062,368.4842834472656,187.22006225585938,369.1344299316406,181.65635681152344,368.05682373046875,191.90699768066406,378.1100158691406,183.95179748535156,376.881591796875,193.19479370117188,394.43475341796875,187.9004669189453,391.5943298339844,189.24949645996094,401.7686767578125,185.88780212402344,401.4043273925781,203.80091857910156,401.0734558105469,198.17100524902344,400.8038024902344,194.04396057128906,426.0558166503906,191.58116149902344,426.019775390625,199.55625915527344,451.7508850097656,195.48846435546875,451.2687683105469
12,1,,182.03305053710938,370.5723876953125,183.74461364746094,368.790771484375,181.1931915283203,368.537353515625,187.4029998779297,369.2572326660156,181.54443359375,368.13153076171875,191.87550354003906,378.23272705078125,183.8686065673828,376.90606689453125,193.0048065185547,394.5450744628906,187.844970703125,391.56402587890625,188.8758087158203,401.7518615722656,185.934326171875,401.3796691894531,203.86639404296875,401.0748596191406,198.19052124023438,400.7712707519531,194.0412139892578,426.08416748046875,191.6315460205078,425.9713134765625,199.58226013183594,451.8250427246094,195.5131378173828,451.1977233886719
13,1,,182.04603576660156,370.6571044921875,183.7919158935547,368.868408203125,181.16030883789062,368.6266174316406,187.5332489013672,369.3539123535156,181.4591064453125,368.2550964355469,191.92791748046875,378.2981262207031,183.9219512939453,377.0141296386719,192.82138061523438,394.5377197265625,187.8345947265625,391.6791076660156,188.68150329589844,401.998779296875,185.87017822265625,401.6704406738281,203.92721557617188,401.1196594238281,198.2415008544922,400.8170471191406,194.1129913330078,426.1300354003906,191.65501403808594,425.9524230957031,199.63934326171875,451.93389892578125,195.5874481201172,451.147216796875
14,1,,182.32196044921875,370.5670166015625,184.03929138183594,368.77325439453125,181.32606506347656,368.543212890625,187.60226440429688,369.32568359375,181.4006805419922,368.2723083496094,191.86593627929688,378.2785339355469,183.97897338867188,377.070556640625,192.53567504882812,394.4219665527344,187.67369079589844,391.7524108886719,188.28099060058594,402.11041259765625,185.78961181640625,401.8049011230469,203.76194763183594,401.0739440917969,198.16017150878906,400.8095397949219,194.09164428710938,426.1235656738281,191.73399353027344,425.97296142578125,199.70973205566406,452.0472412109375,195.64279174804688,451.2452697753906
15,1,,182.747802734375,370.4935607910156,184.49185180664062,368.6893005371094,181.6103057861328,368.44622802734375,187.87510681152344,369.30169677734375,181.2996063232422,368.223388671875,191.77857971191406,378.3570251464844,183.8870391845703,377.1105651855469,192.12335205078125,394.5444641113281,187.64747619628906,391.840087890625,187.61517333984375,402.43194580078125,185.6607666015625,402.1458740234375,203.69970703125,401.0968933105469,198.08071899414062,400.8402099609375,194.12062072753906,426.0966796875,191.83485412597656,425.97967529296875,199.78089904785156,452.0564270019531,195.69007873535156,451.26239013671875
16,1,,183.35874938964844,370.3258056640625,185.0863800048828,368.5049133300781,182.03260803222656,368.23822021484375,188.1182861328125,369.1829528808594,181.1756134033203,368.0619201660156,191.63006591796875,378.3540954589844,183.6999969482422,377.04388427734375,191.8092498779297,394.5511474609375,187.1822052001953,391.7976989746094,187.0867156982422,402.552490234375,185.44439697265625,402.2839050292969,203.45887756347656,401.1225891113281,197.84474182128906,400.88787841796875,194.0946044921875,426.1494445800781,191.91624450683594,426.1193542480469,199.85433959960938,452.1580505371094,195.6481170654297,451.48907470703125
17,1,,184.06201171875,370.0448303222656,185.7738800048828,368.18017578125,182.47671508789062,367.931640625,188.44921875,368.9744873046875,180.97731018066406,367.93804931640625,191.62474060058594,378.36822509765625,183.51812744140625,377.1755676269531,191.87037658691406,394.5048522949219,186.73403930664062,391.9121398925781,187.10882568359375,402.8199157714844,185.16647338867188,402.5650939941406,203.2472686767578,401.158447265625,197.56982421875,401.0095520019531,194.0054473876953,426.1626892089844,191.9271240234375,426.2842102050781,199.91380310058594,452.1266784667969,195.6411590576172,451.66607666015625
18,1,,184.60882568359375,369.8269348144531,186.32008361816406,367.9576721191406,182.86672973632812,367.6925048828125,188.70094299316406,368.82000732421875,180.8555450439453,367.76824951171875,191.5946807861328,378.3319396972656,183.25326538085938,377.1305847167969,192.1619873046875,394.4171447753906,186.5520477294922,391.808837890625,187.39418029785156,403.001953125,185.0439910888672,402.7342224121094,203.18267822265625,401.1183166503906,197.38162231445312,400.98931884765625,193.89898681640625,426.15533447265625,191.93994140625,426.28338623046875,199.903564453125,452.11175537109375,195.5642547607422,451.6448974609375
19,1,,185.08660888671875,369.6263427734375,186.79074096679688,367.73126220703125,183.21633911132812,367.4740295410156,188.9562225341797,368.6351013183594,180.830810546875,367.6286926269531,191.60899353027344,378.29345703125,183.22354125976562,377.17706298828125,192.35926818847656,394.3641357421875,186.55020141601562,391.9121398925781,187.73440551757812,403.0972595214844,185.050537109375,402.8915100097656,203.17376708984375,401.1175842285156,197.36972045898438,401.02716064453125,193.7859649658203,426.1819152832031,191.99365234375,426.3098449707031,199.9150390625,452.1110534667969,195.49700927734375,451.6208801269531
20,1,,185.09429931640625,369.3997802734375,186.6551055908203,367.4835205078125,183.24102783203125,367.2735595703125,188.6261749267578,368.35693359375,180.9639129638672,367.4904479980469,191.4833526611328,378.02642822265625,183.58929443359375,377.1178894042969,192.27650451660156,394.1856994628906,186.6545867919922,392.16436767578125,187.8218994140625,402.8874206542969,185.14707946777344,402.9002685546875,202.9691619873047,400.95721435546875,197.51382446289062,400.92218017578125,193.62705993652344,426.1965026855469,192.05064392089844,426.3284912109375,199.89930725097656,452.22259521484375,195.44107055664062,451.73095703125
21,1,,184.33853149414062,369.4306335449219,185.77403259277344,367.5259704589844,182.78579711914062,367.3589172363281,187.8888397216797,368.29052734375,181.34884643554688,367.5164489746094,191.22030639648438,377.7696533203125,184.17984008789062,377.1123962402344,191.9870147705078,393.93450927734375,187.1781463623047,392.5126647949219,187.74868774414062,402.6905212402344,185.41049194335938,402.97625732421875,202.88037109375,400.7746887207031,197.96905517578125,400.782958984375,193.42230224609375,426.1742858886719,192.16482543945312,426.29388427734375,199.86094665527344,452.2649841308594,195.45347595214844,451.6978759765625
22,1,,183.54002380371094,369.48583984375,184.8170166015625,367.5968322753906,182.3436737060547,367.480224609375,187.06488037109375,368.22967529296875,181.90103149414062,367.5615234375,190.8798065185547,377.4181823730469,184.9348907470703,377.0751647949219,191.47438049316406,393.358154296875,187.6940460205078,392.79541015625,187.66184997558594,402.0107421875,185.75294494628906,402.8512878417969,202.6817169189453,400.5509033203125,198.47239685058594,400.623779296875,193.28018188476562,426.13153076171875,192.33921813964844,426.2491149902344,199.8048095703125,452.3530578613281,195.4467315673828,451.69293212890625
23,1,,183.4685821533203,369.42034912109375,184.7447052001953,367.51666259765625,182.27452087402344,367.4380798339844,187.0511474609375,368.14324951171875,181.96775817871094,367.5682373046875,190.69192504882812,377.2559814453125,185.3400115966797,377.11407470703125,190.8023681640625,393.077880859375,187.89688110351562,393.005859375,187.2626495361328,401.5640563964844,185.93341064453125,402.68792724609375,202.57461547851562,400.51470947265625,198.7436981201172,400.6524353027344,193.1417999267578,426.16888427734375,192.44552612304688,426.32891845703125,199.73789978027344,452.332763671875,195.51309204101562,451.6544494628906
24,1,,183.1029052734375,369.4780578613281,184.35226440429688,367.586669921875,181.9969940185547,367.5460205078125,186.7948455810547,368.18109130859375,182.03424072265625,367.6944274902344,190.53024291992188,377.0722961425781,185.64439392089844,377.138916015625,190.40219116210938,392.5711975097656,188.0479278564453,392.9849548339844,186.96751403808594,401.17333984375,186.05392456054688,402.4938659667969,202.38987731933594,400.4201965332031,198.85691833496094,400.6186828613281,193.06288146972656,426.1988525390625,192.50196838378906,426.4173889160156,199.62562561035156,452.3247375488281,195.56544494628906,451.65069580078125
25,1,,182.11643981933594,369.6465148925781,183.4168701171875,367.7471923828125,181.26779174804688,367.7411193847656,186.46771240234375,368.2709655761719,182.21237182617188,367.8229675292969,190.50497436523438,376.967529296875,186.1999053955078,377.2045593261719,189.89796447753906,392.36785888671875,188.27166748046875,393.1734924316406,186.58676147460938,401.39447021484375,186.03021240234375,402.6247863769531,202.2528839111328,400.413818359375,199.09982299804688,400.6357421875,192.9467010498047,426.18865966796875,192.4315185546875,426.4881896972656,199.41275024414062,452.2712707519531,195.6422882080078,451.6224060058594
26,1,,181.62600708007812,369.6734313964844,182.968994140625,367.75390625,180.87571716308594,367.7769470214844,186.39370727539062,368.2188720703125,182.2520294189453,367.8185729980469,190.5586700439453,376.8475341796875,186.55892944335938,377.19427490234375,189.61016845703125,392.3358154296875,188.51824951171875,393.3714599609375,186.32127380371094,401.4189453125,186.06439208984375,402.6336975097656,202.1542510986328,400.4183349609375,199.20062255859375,400.6605224609375,192.92315673828125,426.1019287109375,192.3568115234375,426.486328125,199.26478576660156,452.16497802734375,195.70880126953125,451.5914611816406
27,1,,181.47085571289062,369.67974853515625,182.89373779296875,367.7471618652344,180.69998168945312,367.76190185546875,186.53314208984375,368.20098876953125,182.116943359375,367.7694091796875,190.67547607421875,376.92022705078125,186.6609649658203,377.1878356933594,189.65420532226562,392.8162536621094,188.9363250732422,393.59991455078125,186.05186462402344,401.7372741699219,186.15060424804688,402.578857421875,202.1505889892578,400.5155944824219,199.16845703125,400.7115783691406,192.89869689941406,426.0850830078125,192.20838928222656,426.4629821777344,199.17332458496094,452.0924377441406,195.6864013671875,451.5211181640625
28,1,,180.69076538085938,369.8045959472656,182.08921813964844,367.8888854980469,180.19281005859375,367.8770751953125,186.00865173339844,368.2774658203125,182.3160400390625,367.7476806640625,190.6599884033203,376.947509765625,186.87149047851562,377.0863342285156,190.0516815185547,393.1628112792969,189.49087524414062,393.7361145019531,186.1307830810547,401.7426452636719,186.40011596679688,402.34918212890625,202.06088256835938,400.4743347167969,199.21852111816406,400.5673828125,192.86695861816406,426.04718017578125,192.07276916503906,426.3098449707031,199.1109619140625,452.1604919433594,195.60398864746094,451.447998046875
29,1,,180.2847900390625,369.90557861328125,181.66798400878906,367.9896240234375,179.95570373535156,367.955322265625,185.7197723388672,368.3084411621094,182.50758361816406,367.7220458984375,190.68601989746094,377.0455017089844,187.00079345703125,377.0886535644531,190.4405517578125,393.64166259765625,189.8090057373047,393.9562683105469,186.5121307373047,401.72479248046875,186.6011505126953,402.0915222167969,201.98341369628906,400.6368408203125,199.21710205078125,400.679931640625,192.85806274414062,426.08721923828125,191.85693359375,426.2538146972656,199.1377410888672,452.21624755859375,195.50828552246094,451.4187316894531
30,1,,180.38162231445312,369.9621887207031,181.74685668945312,368.0753173828125,180.07577514648438,367.99591064453125,185.59530639648438,368.384521484375,182.48240661621094,367.6998291015625,190.6053466796875,377.06268310546875,186.6208038330078,377.01470947265625,191.08334350585938,393.5572814941406,189.87118530273438,393.8000793457031,186.95387268066406,401.12823486328125,186.81748962402344,401.63800048828125,201.96376037597656,400.65130615234375,198.9792022705078,400.6582946777344,192.8815460205078,426.1792297363281,191.69903564453125,426.2580261230469,199.3679962158203,452.4071044921875,195.19723510742188,451.5232849121094
31,1,,180.63925170898438,370.0553894042969,181.9841766357422,368.1980285644531,180.27252197265625,368.0805969238281,185.57113647460938,368.4984130859375,182.35704040527344,367.7359313964844,190.50999450683594,377.1226806640625,186.25901794433594,376.93328857421875,191.41163635253906,393.5155334472656,189.89334106445312,393.55743408203125,187.0461883544922,400.687744140625,186.85552978515625,401.2970275878906,201.8870086669922,400.7125244140625,198.69961547851562,400.6629333496094,192.8612060546875,426.3261413574219,191.5201416015625,426.2741394042969,199.53074645996094,452.58856201171875,194.9872589111328,451.5506896972656
32,1,,180.59103393554688,370.2570495605469,181.9420166015625,368.4051513671875,180.21173095703125,368.2794189453125,185.52694702148438,368.63751220703125,182.2010040283203,367.8558044433594,190.52169799804688,377.13531494140625,185.98805236816406,376.884033203125,191.7091064453125,393.43621826171875,189.70260620117188,393.3667297363281,187.35028076171875,400.51666259765625,186.85511779785156,401.142333984375,201.882568359375,400.7220153808594,198.50918579101562,400.6436767578125,192.8125,426.4197082519531,191.36581420898438,426.28558349609375,199.65408325195312,452.7294616699219,194.8697967529297,451.5987854003906
33,1,,180.71115112304688,370.5342712402344,182.07708740234375,368.67437744140625,180.26011657714844,368.5554504394531,185.60443115234375,368.8120422363281,182.05409240722656,368.04840087890625,190.34759521484375,377.1509704589844,185.9249725341797,376.9386291503906,191.2194366455078,393.3168029785156,189.6302947998047,393.3834533691406,186.98727416992188,400.4721984863281,186.69529724121094,401.2568054199219,201.8018341064453,400.8226013183594,198.46649169921875,400.77508544921875,192.80096435546875,426.489501953125,191.2751007080078,426.3871765136719,199.83023071289062,452.8179626464844,194.79371643066406,451.7012634277344
34,1,,181.04869079589844,370.57763671875,182.40553283691406,368.7245788574219,180.45309448242188,368.6061706542969,185.71031188964844,368.8683166503906,181.7923126220703,368.10137939453125,190.1148681640625,377.07244873046875,185.69895935058594,376.8660888671875,190.69723510742188,392.9120178222656,189.5638427734375,393.1651611328125,186.38954162597656,400.2751159667969,186.5048065185547,401.3961486816406,201.76971435546875,400.7427978515625,198.38522338867188,400.6998596191406,192.72596740722656,426.4788818359375,191.23696899414062,426.3986511230469,199.974609375,452.8951721191406,194.69288635253906,451.7493591308594
35,1,,181.6842041015625,370.5711364746094,182.97503662109375,368.7110595703125,180.8990936279297,368.6036376953125,185.86700439453125,368.8784484863281,181.6871795654297,368.1702575683594,189.97247314453125,377.1611022949219,185.62229919433594,376.9495544433594,190.2838897705078,393.03253173828125,189.55197143554688,393.2193603515625,186.08689880371094,400.3348693847656,186.4814453125,401.4451904296875,201.69764709472656,400.71124267578125,198.35751342773438,400.6868591308594,192.62136840820312,426.4465637207031,191.27684020996094,426.33343505859375,199.91876220703125,452.82769775390625,194.91152954101562,451.6374206542969
36,1,,182.4691162109375,370.5079650878906,183.6627197265625,368.62646484375,181.48435974121094,368.5434265136719,186.05606079101562,368.8076477050781,181.62930297851562,368.1979675292969,189.83251953125,377.20404052734375,185.48284912109375,377.06414794921875,190.0393524169922,393.0848388671875,189.34402465820312,393.2498779296875,186.1201629638672,400.6174621582031,186.44520568847656,401.54132080078125,201.6712646484375,400.697021484375,198.35533142089844,400.74639892578125,192.51795959472656,426.399169921875,191.37696838378906,426.3572998046875,199.9250946044922,452.7604675292969,195.05172729492188,451.66510009765625
37,1,,183.34490966796875,370.3280944824219,184.40670776367188,368.45343017578125,182.1597442626953,368.383056640625,186.1363983154297,368.66314697265625,181.55294799804688,368.1338806152344,189.49725341796875,377.0444030761719,185.20889282226562,377.0712585449219,189.71954345703125,392.5036315917969,189.05625915527344,393.02178955078125,185.99839782714844,400.40338134765625,186.24960327148438,401.59857177734375,201.51454162597656,400.6546630859375,198.271484375,400.82415771484375,192.39309692382812,426.29510498046875,191.45680236816406,426.39190673828125,199.77911376953125,452.5452575683594,195.2825469970703,451.59210205078125
38,1,,184.12185668945312,370.0435791015625,185.08924865722656,368.16864013671875,182.70602416992188,368.12823486328125,186.3070526123047,368.4463195800781,181.35858154296875,368.0470886230469,189.4624481201172,376.870361328125,184.814453125,377.1096496582031,190.06826782226562,391.8619689941406,188.7142791748047,392.75860595703125,186.32411193847656,400.1042175292969,186.13563537597656,401.6321105957031,201.46046447753906,400.6178894042969,198.02871704101562,400.9029235839844,192.3500518798828,426.2420349121094,191.53912353515625,426.4515686035156,199.5992889404297,452.3482360839844,195.3936309814453,451.5353698730469
39,1,,183.63687133789062,370.0792236328125,184.61038208007812,368.203857421875,182.30250549316406,368.19891357421875,186.0821533203125,368.4749755859375,181.29617309570312,368.1607360839844,189.5251922607422,376.8039855957031,184.86805725097656,377.2341613769531,190.20272827148438,391.504150390625,188.5460968017578,392.81964111328125,186.43040466308594,399.9007568359375,186.04324340820312,401.6865234375,201.38858032226562,400.60443115234375,197.9970703125,400.9354248046875,192.3668975830078,426.20855712890625,191.6656494140625,426.44482421875,199.22073364257812,452.19793701171875,195.61521911621094,451.3971862792969
40,1,,182.8513946533203,370.2419128417969,183.8478240966797,368.36639404296875,181.66078186035156,368.4108581542969,185.7764892578125,368.5860900878906,181.2215576171875,368.378173828125,189.68832397460938,376.72161865234375,184.9658966064453,377.3753967285156,190.56439208984375,391.0751037597656,188.33047485351562,392.8072509765625,186.716552734375,399.8843078613281,185.7791748046875,401.8441162109375,201.32244873046875,400.6917419433594,197.93609619140625,401.0750427246094,192.33554077148438,426.1940002441406,191.67189025878906,426.53302001953125,198.8677215576172,452.07147216796875,195.68556213378906,451.3840026855469
41,1,,181.78843688964844,370.3782958984375,182.8557891845703,368.51727294921875,180.79071044921875,368.6004943847656,185.41683959960938,368.7061767578125,181.09840393066406,368.5718688964844,189.93310546875,376.61688232421875,185.02696228027344,377.4751281738281,191.07046508789062,390.600830078125,188.25169372558594,392.75885009765625,187.0340118408203,399.74847412109375,185.5747833251953,401.9039611816406,201.2669677734375,400.7419738769531,197.7861785888672,401.1493835449219,192.3780059814453,426.1535949707031,191.5950164794922,426.5397033691406,198.56402587890625,451.9700012207031,195.7395477294922,451.322998046875
42,1,,180.81369018554688,370.52972412109375,181.93585205078125,368.68524169921875,179.98373413085938,368.80224609375,185.0638885498047,368.8616638183594,180.95779418945312,368.7876281738281,190.27139282226562,376.6495666503906,184.9380645751953,377.5447998046875,191.89990234375,390.531494140625,187.94329833984375,392.5610046386719,187.90443420410156,400.07733154296875,185.35543823242188,401.8643798828125,201.27561950683594,400.7684631347656,197.54180908203125,401.1532287597656,192.48121643066406,426.17095947265625,191.5072479248047,426.5400085449219,198.49595642089844,452.0198974609375,195.61865234375,451.377685546875
43,1,,180.04119873046875,370.69097900390625,181.16929626464844,368.86572265625,179.4010467529297,369.00469970703125,184.7084197998047,369.0606384277344,181.003173828125,369.0242004394531,190.60562133789062,376.81719970703125,184.90597534179688,377.7041015625,192.6678924560547,390.601806640625,187.68316650390625,392.4180908203125,188.5291290283203,400.4390869140625,185.13087463378906,401.8201599121094,201.25674438476562,400.82757568359375,197.30726623535156,401.1731872558594,192.5084686279297,426.1761779785156,191.32298278808594,426.5250549316406,198.4383087158203,452.0399475097656,195.56922912597656,451.4090576171875
44,1,,180.00633239746094,370.6961364746094,181.08909606933594,368.8822021484375,179.39248657226562,369.0316162109375,184.6118927001953,369.12982177734375,181.03782653808594,369.12322998046875,190.77279663085938,376.9949951171875,184.7161407470703,377.7769775390625,193.11419677734375,390.8125915527344,187.31700134277344,392.133544921875,189.09033203125,401.0013732910156,184.88780212402344,401.8107604980469,201.17843627929688,400.9203796386719,197.00535583496094,401.236083984375,192.46511840820312,426.1669921875,191.0563201904297,426.51702880859375,198.61546325683594,452.04534912109375,195.44427490234375,451.494140625
45,1,,180.22088623046875,370.5901794433594,181.3311767578125,368.79412841796875,179.5260772705078,368.9243469238281,184.7647247314453,369.1050109863281,180.88429260253906,369.063232421875,190.83370971679688,377.06805419921875,184.3544464111328,377.72509765625,193.3410186767578,390.98443603515625,187.07798767089844,391.94171142578125,189.2646942138672,401.3248291015625,184.7073211669922,401.85504150390625,201.0670623779297,400.9802551269531,196.5940704345703,401.2718811035156,192.50262451171875,426.1507263183594,190.8291015625,426.4980773925781,198.8824462890625,452.0199890136719,195.25204467773438,451.5072021484375
46,1,,181.00637817382812,370.5240478515625,182.1792449951172,368.71697998046875,180.08087158203125,368.808837890625,185.29254150390625,369.133544921875,180.71823120117188,369.03704833984375,190.92788696289062,377.377197265625,183.9080810546875,377.87518310546875,193.80877685546875,391.3946838378906,186.80068969726562,391.7757263183594,189.84523010253906,401.8857421875,184.54742431640625,401.7909240722656,201.11880493164062,401.0955810546875,196.3116912841797,401.3912658691406,192.52584838867188,426.1646728515625,190.65452575683594,426.53607177734375,199.08474731445312,451.93017578125,195.1477508544922,451.4742431640625
47,1,,180.90219116210938,370.6710510253906,182.0919189453125,368.8441467285156,179.99728393554688,368.93963623046875,185.2875518798828,369.26654052734375,180.7218475341797,369.17108154296875,190.96966552734375,377.6293029785156,183.9053955078125,378.0956115722656,193.5624237060547,391.9173278808594,186.77684020996094,392.17169189453125,189.40357971191406,402.31549072265625,184.542236328125,402.00823974609375,201.12452697753906,401.1595458984375,196.26231384277344,401.44580078125,192.51956176757812,426.0866394042969,190.55184936523438,426.4853820800781,199.2384033203125,451.8176574707031,195.13693237304688,451.4071960449219
48,1,,180.5425567626953,370.9232177734375,181.66131591796875,369.09136962890625,179.71917724609375,369.198486328125,184.83428955078125,369.43988037109375,180.67469787597656,369.362548828125,190.7693328857422,377.72589111328125,183.90969848632812,378.20953369140625,193.48208618164062,392.2104187011719,186.7853240966797,392.4250793457031,189.42507934570312,402.7286071777344,184.6156768798828,402.1058044433594,201.10316467285156,401.1363525390625,196.38111877441406,401.4296569824219,192.40904235839844,425.93280029296875,190.51202392578125,426.357177734375,199.21812438964844,451.7215576171875,195.1161346435547,451.3164978027344
49,1,,180.30345153808594,371.263916015625,181.3570556640625,369.42376708984375,179.51925659179688,369.54144287109375,184.44659423828125,369.6953125,180.56539916992188,369.6478271484375,190.65701293945312,377.8959045410156,183.77626037597656,378.4928283691406,193.74391174316406,392.5068054199219,186.76370239257812,392.9674987792969,189.6865997314453,403.0767517089844,184.64712524414062,402.4615783691406,201.15634155273438,401.191650390625,196.4412078857422,401.5313415527344,192.38912963867188,425.8072509765625,190.5163116455078,426.3070983886719,199.08670043945312,451.5932922363281,195.080322265625,451.2414245605469
50,1,,179.90647888183594,371.6241149902344,180.8697509765625,369.77569580078125,179.19879150390625,369.9259033203125,183.94174194335938,369.98834228515625,180.46189880371094,370.0231628417969,190.6055450439453,378.1016540527344,183.6295928955078,378.86566162109375,194.04017639160156,392.60003662109375,186.59280395507812,393.3916931152344,190.0591583251953,403.3904113769531,184.58067321777344,402.7915954589844,201.2588653564453,401.3008117675781,196.50927734375,401.6883239746094,192.3538818359375,425.6829833984375,190.44801330566406,426.189208984375,198.99795532226562,451.4107666015625,195.22634887695312,450.99609375
51,1,,179.77105712890625,371.84796142578125,180.6703338623047,369.983154296875,179.02284240722656,370.1684875488281,183.6302032470703,370.193115234375,180.13955688476562,370.3108825683594,190.43789672851562,378.26361083984375,183.31329345703125,379.1824951171875,194.13720703125,392.6511535644531,186.47268676757812,393.81109619140625,190.12991333007812,403.3868408203125,184.8169708251953,402.8990173339844,201.26670837402344,401.44232177734375,196.42103576660156,401.8786315917969,192.18728637695312,425.7070617675781,190.29830932617188,426.2359619140625,198.9388427734375,451.29248046875,195.30589294433594,450.8301696777344
52,1,,180.14266967773438,371.93145751953125,181.06031799316406,370.0475769042969,179.1844482421875,370.2442321777344,183.78134155273438,370.3486328125,179.7097930908203,370.5209045410156,190.39183044433594,378.5532531738281,182.8528594970703,379.5551452636719,194.62994384765625,392.68939208984375,186.3756103515625,393.98687744140625,190.6588134765625,403.31732177734375,184.9735565185547,402.8732604980469,201.3672637939453,401.6958923339844,196.270751953125,402.1745910644531,191.9925994873047,425.8042907714844,190.023681640625,426.32464599609375,198.80813598632812,451.1024169921875,195.3047332763672,450.54327392578125
53,1,,180.74888610839844,372.0320739746094,181.71942138671875,370.1192321777344,179.4951171875,370.3310546875,184.18199157714844,370.46746826171875,179.2340087890625,370.6997375488281,190.21600341796875,378.7836608886719,182.54148864746094,379.79595947265625,194.34620666503906,392.85614013671875,186.3551483154297,394.13433837890625,190.57565307617188,403.42620849609375,185.0179901123047,403.13885498046875,201.4278106689453,401.8906555175781,196.23016357421875,402.4001770019531,191.83468627929688,425.87890625,189.8020477294922,426.3896179199219,198.8416290283203,450.8835144042969,195.34652709960938,450.2486572265625
54,1,,181.48756408691406,372.1064758300781,182.501220703125,370.15875244140625,179.89222717285156,370.3980712890625,184.64854431152344,370.5840148925781,178.6715087890625,370.9173583984375,190.14105224609375,379.0285339355469,182.0039825439453,380.1056823730469,194.45840454101562,392.8694763183594,186.11878967285156,394.1496887207031,190.597412109375,403.30780029296875,185.07093811035156,403.0692138671875,201.52442932128906,402.0579833984375,196.02467346191406,402.62420654296875,191.49636840820312,425.8772888183594,189.45790100097656,426.4339599609375,198.89166259765625,450.5596923828125,195.24044799804688,449.9131164550781
55,1,,182.36439514160156,372.17230224609375,183.4224395751953,370.1896667480469,180.44937133789062,370.43585205078125,185.22169494628906,370.7239074707031,178.32473754882812,371.0970764160156,190.0649871826172,379.4099426269531,181.6536407470703,380.4256896972656,194.2814178466797,393.2437744140625,186.00343322753906,394.2527160644531,190.62086486816406,403.2012023925781,185.27590942382812,402.9089660644531,201.61080932617188,402.2239685058594,195.9164581298828,402.8184814453125,191.2518310546875,425.88079833984375,189.1874542236328,426.5264587402344,198.79173278808594,450.2467346191406,194.90150451660156,449.7441101074219
56,1,,182.12997436523438,372.46795654296875,183.2290496826172,370.4604187011719,180.18499755859375,370.73858642578125,185.20286560058594,370.9748840332031,178.18519592285156,371.41119384765625,189.98977661132812,379.7140197753906,181.84732055664062,380.672119140625,193.54136657714844,393.8940734863281,186.02293395996094,394.7331237792969,189.8837127685547,403.2422180175781,185.15061950683594,403.18218994140625,201.57737731933594,402.3252868652344,196.05001831054688,402.8825988769531,190.88333129882812,425.69329833984375,189.11648559570312,426.33709716796875,198.4701385498047,449.8843994140625,194.8415985107422,449.42547607421875
57,1,,182.26084899902344,372.7099609375,183.39732360839844,370.68109130859375,180.21510314941406,370.9712829589844,185.35128784179688,371.1979675292969,178.0956573486328,371.6536865234375,189.7141571044922,379.9674377441406,182.18943786621094,380.80914306640625,192.47389221191406,394.5280456542969,186.13880920410156,395.14202880859375,188.945556640625,403.3955993652344,185.05430603027344,403.5173034667969,201.47706604003906,402.39825439453125,196.41452026367188,402.9018859863281,190.19088745117188,425.569580078125,189.41192626953125,426.105712890625,197.8040771484375,449.7422180175781,195.27452087402344,449.1431579589844
58,1,,181.72398376464844,373.0177001953125,182.89845275878906,371.0003967285156,179.8070068359375,371.2652587890625,185.07228088378906,371.5227966308594,178.08706665039062,371.882080078125,189.4588165283203,380.2695617675781,182.344970703125,380.9806823730469,191.8938751220703,394.9762878417969,186.10227966308594,395.474609375,188.38482666015625,403.26129150390625,185.04100036621094,403.5545349121094,201.3966522216797,402.5154724121094,196.6693115234375,402.9588317871094,189.46307373046875,425.49859619140625,189.6316375732422,425.9787292480469,197.0534210205078,449.62322998046875,195.61293029785156,448.9842529296875
59,1,,181.04934692382812,373.2440490722656,182.3072509765625,371.25299072265625,179.2946014404297,371.4701843261719,184.82350158691406,371.7778625488281,178.12789916992188,371.9741516113281,189.17214965820312,380.45672607421875,182.7991943359375,380.91143798828125,191.35833740234375,395.5193786621094,186.5457305908203,395.6279602050781,187.85044860839844,403.39849853515625,185.1717071533203,403.5809326171875,201.318603515625,402.5173034667969,197.16445922851562,402.82696533203125,188.767578125,425.47637939453125,190.14398193359375,425.741943359375,196.1973419189453,449.7371826171875,196.25730895996094,448.83404541015625
60,1,,180.18991088867188,373.5118713378906,181.51470947265625,371.5649108886719,178.66705322265625,371.75592041015625,184.4415740966797,371.9989929199219,178.1239013671875,372.09033203125,189.02548217773438,380.3641052246094,182.95010375976562,380.7793884277344,191.63272094726562,395.2795715332031,186.88246154785156,395.33673095703125,187.87356567382812,403.5342102050781,185.2754669189453,403.3760986328125,201.45147705078125,402.55517578125,197.6094207763672,402.8194580078125,188.1130828857422,425.43212890625,190.70704650878906,425.5963439941406,195.35702514648438,449.83758544921875,197.12930297851562,448.7054138183594
61,1,,179.6235809326172,373.66998291015625,180.9624786376953,371.7672119140625,178.24903869628906,371.926025390625,184.0760040283203,372.17388916015625,178.06332397460938,372.1615905761719,188.80650329589844,380.2462158203125,183.02415466308594,380.6088562011719,192.14425659179688,394.8047180175781,187.07476806640625,394.8020935058594,188.37930297851562,403.52728271484375,185.48333740234375,403.14208984375,201.46307373046875,402.4124450683594,197.9383544921875,402.65020751953125,187.58602905273438,425.44476318359375,191.21578979492188,425.5472412109375,194.6651153564453,450.0344543457031,197.7296600341797,448.78076171875
62,1,,178.9574432373047,373.8731689453125,180.19586181640625,372.0417785644531,177.8811492919922,372.1640930175781,183.31370544433594,372.3185119628906,178.22085571289062,372.19281005859375,188.53602600097656,379.9910583496094,182.78440856933594,380.4523010253906,192.68812561035156,394.1108703613281,187.13633728027344,394.452880859375,188.97377014160156,403.4652404785156,185.65159606933594,402.9475402832031,201.6024932861328,402.3150634765625,198.14439392089844,402.6020202636719,187.53346252441406,425.4069519042969,191.48020935058594,425.57330322265625,194.20645141601562,450.1650695800781,197.9357147216797,448.9189453125
63,1,,178.68788146972656,373.8768310546875,179.8905792236328,372.0895080566406,177.77935791015625,372.1930236816406,183.017578125,372.3238220214844,178.404052734375,372.1363525390625,188.4738006591797,379.80517578125,182.61570739746094,380.32269287109375,192.95654296875,393.75341796875,187.0707244873047,394.2381591796875,189.3800048828125,403.6216125488281,185.75050354003906,402.7987365722656,201.74835205078125,402.22113037109375,198.27059936523438,402.5414733886719,187.51962280273438,425.32379150390625,191.7396240234375,425.4939880371094,193.7085418701172,450.2077941894531,198.20274353027344,448.8923034667969
64,1,,178.45913696289062,373.865478515625,179.59683227539062,372.1077880859375,177.61328125,372.2238464355469,182.70343017578125,372.2941589355469,178.35284423828125,372.13092041015625,188.54627990722656,379.724853515625,182.28781127929688,380.2356872558594,193.09063720703125,393.8405456542969,186.7209930419922,394.1748962402344,189.24301147460938,404.1881408691406,185.5996551513672,403.1593322753906,201.86402893066406,402.13653564453125,198.18594360351562,402.4708251953125,187.3643035888672,425.214599609375,191.9016876220703,425.4496154785156,192.86746215820312,450.1134033203125,198.38270568847656,448.9537658691406
65,1,,178.14761352539062,373.8817443847656,179.1944580078125,372.1474914550781,177.4290771484375,372.252685546875,182.20220947265625,372.33612060546875,178.45346069335938,372.1295471191406,188.28330993652344,379.71380615234375,182.20103454589844,380.19537353515625,192.71505737304688,393.8966064453125,186.3487548828125,394.32708740234375,188.96286010742188,404.4278564453125,185.43772888183594,403.6900329589844,201.74757385253906,401.90032958984375,198.24362182617188,402.2322692871094,187.18690490722656,425.1799621582031,192.06405639648438,425.39239501953125,192.08389282226562,450.22772216796875,198.4266815185547,449.07696533203125
66,1,,177.9545135498047,373.91192626953125,178.90867614746094,372.20477294921875,177.31961059570312,372.3188171386719,181.83091735839844,372.3853759765625,178.5027313232422,372.2015686035156,188.27114868164062,379.6124267578125,182.0161590576172,380.2087707519531,192.79385375976562,393.53173828125,186.02146911621094,394.3462219238281,189.0640411376953,404.4678039550781,185.30091857910156,404.0713806152344,201.70668029785156,401.6940002441406,198.1443328857422,402.05938720703125,187.1190948486328,425.136474609375,192.05210876464844,425.31524658203125,191.2869110107422,450.3550109863281,198.51060485839844,449.1567077636719
67,1,,177.61338806152344,373.8839416503906,178.5709228515625,372.1767272949219,177.0336456298828,372.2836608886719,181.63954162597656,372.4315490722656,178.47117614746094,372.2161865234375,188.2924346923828,379.693359375,182.06515502929688,380.1897277832031,192.67721557617188,393.74658203125,185.8059539794922,394.4587097167969,188.95506286621094,404.5374755859375,185.27789306640625,404.3610534667969,201.5388946533203,401.4021911621094,198.05096435546875,401.7061462402344,186.92437744140625,425.04473876953125,192.0020751953125,425.1091613769531,190.61106872558594,450.4712829589844,198.53427124023438,449.22357177734375
68,1,,177.38992309570312,373.841796875,178.3497314453125,372.1256103515625,176.80079650878906,372.2239990234375,181.5074920654297,372.4447021484375,178.3102569580078,372.2078857421875,188.43124389648438,379.8136291503906,181.95767211914062,380.1712646484375,192.83937072753906,394.17327880859375,185.7008056640625,394.67071533203125,188.76837158203125,404.57904052734375,185.26162719726562,404.71868896484375,201.4344940185547,401.1485290527344,197.82643127441406,401.367431640625,186.81884765625,424.9363098144531,191.92434692382812,424.8529357910156,190.0776824951172,450.6484680175781,198.5712890625,449.3526306152344
69,1,,177.30795288085938,373.81011962890625,178.2779541015625,372.10693359375,176.78121948242188,372.1789245605469,181.39923095703125,372.4776611328125,178.33518981933594,372.1717834472656,188.29835510253906,379.81549072265625,181.7644805908203,380.1766052246094,192.85385131835938,393.880859375,185.67018127441406,394.593017578125,189.0108184814453,404.1210021972656,185.30819702148438,404.5116882324219,201.4107208251953,401.0486145019531,197.74496459960938,401.2555236816406,186.79588317871094,424.89935302734375,191.63829040527344,424.69024658203125,190.08477783203125,450.69384765625,198.51829528808594,449.158203125
70,1,,177.55001831054688,373.8031005859375,178.6256561279297,372.07379150390625,176.80618286132812,372.13458251953125,181.71768188476562,372.49993896484375,177.83909606933594,372.1785888671875,188.31785583496094,380.03326416015625,181.40301513671875,380.2484436035156,192.74354553222656,394.4002990722656,185.8246612548828,394.8105163574219,188.93222045898438,403.89947509765625,185.47877502441406,404.3093566894531,201.47511291503906,401.0795593261719,197.5228729248047,401.2245788574219,186.73342895507812,424.8690490722656,191.39913940429688,424.4920959472656,190.12594604492188,450.635986328125,198.517333984375,448.8819885253906
71,1,,177.3908233642578,373.7810363769531,178.5113525390625,372.0764465332031,176.7135772705078,372.0950012207031,181.666015625,372.5343933105469,177.8028106689453,372.08209228515625,188.29397583007812,380.2389221191406,180.97930908203125,380.1717834472656,192.42724609375,394.9603271484375,185.5626678466797,394.76019287109375,188.58815002441406,403.98980712890625,185.502685546875,403.9704284667969,201.59861755371094,401.1683654785156,197.33602905273438,401.2291564941406,186.80148315429688,424.76904296875,191.26290893554688,424.296630859375,190.17236328125,450.5253601074219,198.44801330566406,448.683349609375
72,1,,177.97882080078125,373.6854553222656,179.08522033691406,371.9753723144531,177.08677673339844,372.0111389160156,181.90509033203125,372.4297180175781,177.45013427734375,372.04864501953125,188.33749389648438,380.2602233886719,180.26510620117188,380.1995849609375,192.61798095703125,394.927978515625,185.1309814453125,394.54034423828125,188.67979431152344,403.8462829589844,185.45849609375,403.5259704589844,201.76832580566406,401.2463073730469,196.99830627441406,401.3612060546875,186.79730224609375,424.6634826660156,191.15789794921875,424.2290344238281,190.2603302001953,450.2872619628906,198.4773712158203,448.4576110839844
73,1,,178.6929473876953,373.6083984375,179.750244140625,371.8756103515625,177.54141235351562,371.9454345703125,182.1522216796875,372.3395080566406,177.1289520263672,372.0810241699219,188.24217224121094,380.19012451171875,179.86790466308594,380.2427062988281,192.6997833251953,394.5894470214844,184.7283477783203,394.23663330078125,188.95034790039062,403.5184326171875,185.60765075683594,402.882568359375,201.71945190429688,401.2486877441406,196.77540588378906,401.46160888671875,186.72080993652344,424.6524963378906,191.05667114257812,424.3045959472656,190.27598571777344,450.11297607421875,198.52960205078125,448.3512268066406
74,1,,178.8605499267578,373.6650085449219,179.90084838867188,371.8977355957031,177.56373596191406,372.0041198730469,182.21408081054688,372.3079528808594,176.83767700195312,372.15155029296875,188.3170623779297,380.23016357421875,179.5888214111328,380.2654113769531,192.62359619140625,394.7982177734375,184.44113159179688,394.16802978515625,188.88568115234375,403.46759033203125,185.7526397705078,402.453369140625,201.758056640625,401.1336669921875,196.5504913330078,401.37066650390625,186.88262939453125,424.5130615234375,190.94119262695312,424.22210693359375,190.53282165527344,449.92413330078125,198.4113006591797,448.299072265625
75,1,,178.77638244628906,373.6717529296875,179.74139404296875,371.8862609863281,177.49691772460938,372.0177001953125,182.02700805664062,372.23577880859375,176.89151000976562,372.1300964355469,188.34756469726562,380.2601623535156,179.62709045410156,380.1555480957031,192.21051025390625,395.22503662109375,184.0877227783203,394.1187438964844,188.50296020507812,403.65887451171875,185.7117156982422,402.1605224609375,201.68287658691406,400.9801025390625,196.46893310546875,401.17291259765625,186.9529571533203,424.4032897949219,190.94532775878906,424.07183837890625,190.6246337890625,449.8217468261719,198.3768310546875,448.2333679199219
76,1,,179.10792541503906,373.8429870605469,180.0372314453125,371.98675537109375,177.6298828125,372.1774597167969,182.15582275390625,372.18572998046875,176.62661743164062,372.2475280761719,188.4007568359375,380.274658203125,179.65374755859375,380.2281494140625,192.07275390625,395.66143798828125,184.26788330078125,394.43292236328125,188.3565673828125,403.79833984375,185.83558654785156,402.0628356933594,201.7764892578125,400.88092041015625,196.5364227294922,401.0841979980469,186.9050750732422,424.35614013671875,190.97763061523438,423.9687805175781,190.69235229492188,449.7025451660156,198.3798828125,448.0437316894531
77,1,,179.33216857910156,373.8540954589844,180.2389373779297,371.940185546875,177.6971435546875,372.1752624511719,182.2831268310547,372.1527099609375,176.45291137695312,372.3284912109375,188.44235229492188,380.5555725097656,179.83627319335938,380.34002685546875,191.58462524414062,396.6365966796875,184.5293426513672,394.8119812011719,187.82969665527344,404.2354736328125,185.94882202148438,402.16217041015625,201.7799835205078,400.9119567871094,196.60757446289062,401.01416015625,186.95150756835938,424.4182434082031,191.0164337158203,423.80615234375,190.6787567138672,449.7376708984375,198.34144592285156,447.8206481933594
78,1,,179.64756774902344,373.8143310546875,180.53271484375,371.8619384765625,177.86843872070312,372.1333312988281,182.4240264892578,372.1015319824219,176.2828826904297,372.36944580078125,188.425537109375,380.8581848144531,179.81935119628906,380.4398193359375,191.0388946533203,397.6664123535156,184.90167236328125,395.2164306640625,187.14846801757812,404.9090576171875,185.8997039794922,402.5818176269531,201.96885681152344,400.97308349609375,196.75439453125,400.94781494140625,187.0601348876953,424.4244384765625,191.13978576660156,423.4652404785156,190.61492919921875,449.7976379394531,198.3323516845703,447.3502502441406
79,1,,180.34930419921875,373.6474304199219,181.17042541503906,371.65533447265625,178.3485565185547,371.9581298828125,182.65399169921875,372.02838134765625,176.09658813476562,372.40692138671875,188.34788513183594,381.09405517578125,179.60926818847656,380.7131652832031,190.8166961669922,398.048583984375,184.88221740722656,395.59857177734375,186.9186248779297,405.02117919921875,185.89663696289062,402.8116760253906,201.9989471435547,401.0049133300781,196.73228454589844,400.9963684082031,187.1373291015625,424.3699951171875,191.28585815429688,423.2898254394531,190.25921630859375,449.8489074707031,198.5343780517578,447.1778564453125
80,1,,181.1110076904297,373.54010009765625,181.8708953857422,371.5188293457031,178.90333557128906,371.8485107421875,182.90040588378906,372.0439147949219,175.8994140625,372.54132080078125,188.3385009765625,381.2965393066406,179.1129150390625,381.1794128417969,191.1318359375,397.86083984375,184.717041015625,395.87799072265625,187.13858032226562,404.85577392578125,185.8600311279297,402.8549499511719,202.08360290527344,400.986328125,196.5052947998047,401.1092834472656,187.3470458984375,424.11474609375,191.0933074951172,423.1482238769531,190.18197631835938,449.5726623535156,198.44837951660156,446.99383544921875
81,1,,181.8014373779297,373.4017028808594,182.47476196289062,371.3822326660156,179.45140075683594,371.6890563964844,183.00518798828125,372.1566162109375,175.82269287109375,372.64141845703125,188.10842895507812,381.6050109863281,178.72286987304688,381.5682678222656,191.0436553955078,397.79278564453125,184.24891662597656,396.0785217285156,187.17837524414062,404.7226257324219,185.7396697998047,402.9752197265625,201.7833251953125,400.99932861328125,196.10720825195312,401.2025451660156,187.6218719482422,423.863525390625,190.85679626464844,422.98687744140625,190.17274475097656,449.4204406738281,198.21913146972656,446.9784240722656
82,1,,181.7262420654297,373.6766357421875,182.38543701171875,371.671875,179.42315673828125,371.9336242675781,182.8275909423828,372.4886169433594,175.722900390625,372.8760681152344,187.97845458984375,381.8028259277344,178.2206573486328,381.8875427246094,191.3935089111328,397.4921875,183.566650390625,396.18994140625,187.51246643066406,404.4341735839844,185.57211303710938,402.89453125,201.5645751953125,401.0260009765625,195.59512329101562,401.34112548828125,188.01217651367188,423.5704650878906,190.37420654296875,423.0138244628906,190.73846435546875,449.0451965332031,197.5163116455078,447.10772705078125
83,1,,180.6400909423828,374.3854064941406,181.49749755859375,372.3853454589844,178.55203247070312,372.6016540527344,182.70249938964844,373.0623474121094,175.5540771484375,373.3198547363281,188.2667694091797,382.1242980957031,177.8632049560547,382.2301330566406,191.75515747070312,397.6246337890625,182.69625854492188,396.3707275390625,187.83389282226562,404.34246826171875,185.25326538085938,402.8871154785156,201.49205017089844,401.3810119628906,194.88697814941406,401.7517395019531,188.87644958496094,423.5529479980469,189.42462158203125,423.38934326171875,192.53872680664062,448.727294921875,195.618896484375,447.4904479980469
84,1,,179.96163940429688,374.9924621582031,180.9918975830078,372.99847412109375,177.97532653808594,373.1692199707031,182.7064208984375,373.58819580078125,175.42056274414062,373.7303466796875,188.44891357421875,382.5414123535156,177.68408203125,382.6194152832031,191.8880615234375,398.1639404296875,182.27037048339844,396.9622802734375,187.79208374023438,404.8748779296875,184.96202087402344,403.8974609375,201.27952575683594,401.8838806152344,194.34947204589844,402.25054931640625,189.17721557617188,423.7456359863281,188.98684692382812,423.8866271972656,193.14788818359375,448.57879638671875,194.71717834472656,447.86785888671875
85,1,,179.83856201171875,375.56842041015625,180.93142700195312,373.5753173828125,177.87144470214844,373.6790466308594,182.7500457763672,374.12493896484375,175.31710815429688,374.0787353515625,188.3568878173828,383.1343994140625,177.40367126464844,382.89544677734375,191.6202392578125,399.0107727050781,181.8134765625,397.2317199707031,187.5810089111328,405.27496337890625,184.87657165527344,404.1366271972656,201.11705017089844,402.2887268066406,193.9130859375,402.5876770019531,189.81471252441406,423.9566955566406,188.39666748046875,424.315185546875,194.18951416015625,448.5648193359375,193.4064483642578,448.36083984375
86,1,,179.71766662597656,376.334716796875,180.83277893066406,374.321044921875,177.78286743164062,374.38250732421875,182.68153381347656,374.68048095703125,175.170166015625,374.5184020996094,188.2645263671875,383.6685791015625,177.09841918945312,383.1681823730469,191.6712646484375,399.9527282714844,181.83935546875,397.57440185546875,187.1170654296875,405.31768798828125,184.86117553710938,404.1427307128906,201.0527801513672,402.75341796875,193.5655975341797,402.9726867675781,190.05838012695312,424.18511962890625,187.83998107910156,424.71185302734375,195.11546325683594,448.6824035644531,192.20750427246094,448.87579345703125
87,1,,179.1524658203125,377.35369873046875,180.4352569580078,375.36474609375,177.30410766601562,375.34246826171875,182.5992431640625,375.5212707519531,174.94281005859375,375.09991455078125,187.90432739257812,384.2466125488281,177.01812744140625,383.3876037597656,190.8258819580078,400.9836120605469,181.94227600097656,398.04168701171875,186.35813903808594,405.73486328125,184.76119995117188,404.5061340332031,201.14996337890625,403.1772766113281,193.8282012939453,403.2824401855469,189.95672607421875,424.47698974609375,187.78834533691406,425.0033874511719,194.45623779296875,448.8295593261719,192.18502807617188,449.19415283203125
88,1,,179.25491333007812,378.1695861816406,180.5423126220703,376.22784423828125,177.3887176513672,376.120849609375,182.47116088867188,376.2741394042969,174.81210327148438,375.62005615234375,187.4781036376953,384.7384338378906,176.96160888671875,383.49896240234375,190.70510864257812,401.3629150390625,182.3276824951172,397.7861022949219,185.4962921142578,405.53485107421875,184.19834899902344,404.4964599609375,201.09783935546875,403.43206787109375,194.15023803710938,403.3882751464844,189.19041442871094,424.5340576171875,187.90423583984375,425.0461730957031,192.70016479492188,448.9359436035156,193.01072692871094,449.5083923339844
89,1,,179.66590881347656,379.06719970703125,180.78768920898438,377.09942626953125,177.7669219970703,377.00439453125,182.2765350341797,376.9721984863281,174.8289794921875,376.35601806640625,187.18804931640625,385.3027038574219,176.98765563964844,384.0462341308594,190.73812866210938,401.8741455078125,182.7743377685547,397.99932861328125,185.03318786621094,404.5555725097656,183.8915557861328,403.461181640625,201.2694854736328,403.7827453613281,194.4149627685547,403.7711486816406,188.8872833251953,424.2049255371094,187.1788330078125,425.0539245605469,193.20944213867188,448.83856201171875,191.867919921875,450.0948486328125
90,1,,179.67410278320312,379.9096374511719,180.67800903320312,377.9416809082031,177.76744079589844,377.93896484375,182.04672241210938,377.6435546875,174.8451385498047,377.2926025390625,187.34144592285156,385.6755065917969,177.30018615722656,384.6354064941406,191.20138549804688,402.304931640625,183.61009216308594,398.4765930175781,184.58790588378906,404.113525390625,183.53018188476562,403.3898620605469,201.34829711914062,404.4399719238281,194.66204833984375,404.43292236328125,188.1560516357422,424.06964111328125,186.8195037841797,424.9090881347656,192.21009826660156,449.0126953125,192.39053344726562,450.288330078125
91,1,,179.5286865234375,380.71142578125,180.4920654296875,378.8078308105469,177.6634063720703,378.87255859375,181.92555236816406,378.4493408203125,174.9364013671875,378.27740478515625,187.68392944335938,386.1053161621094,177.518798828125,385.1730041503906,191.6035919189453,402.3638610839844,184.03219604492188,398.6982727050781,184.40504455566406,403.4766845703125,183.12454223632812,403.1622009277344,201.6175994873047,405.1543884277344,194.9458770751953,405.05499267578125,187.57269287109375,424.32391357421875,186.34371948242188,424.70086669921875,190.85791015625,449.4383239746094,193.40695190429688,449.9671325683594
92,1,,180.23841857910156,381.1615905761719,180.98025512695312,379.2640686035156,178.28868103027344,379.4620666503906,181.99563598632812,378.9225769042969,175.199462890625,379.1513977050781,188.24627685546875,386.5153503417969,177.5901641845703,385.8936767578125,192.38719177246094,402.46685791015625,184.27586364746094,399.2601013183594,184.35853576660156,402.2792053222656,182.5540313720703,402.6010437011719,201.64134216308594,405.9015808105469,194.66070556640625,405.7514343261719,187.15098571777344,424.56256103515625,185.3688507080078,424.4063720703125,190.6634063720703,449.965576171875,193.5614776611328,449.50213623046875
93,1,,180.8981170654297,381.6600036621094,181.45965576171875,379.7639465332031,178.88157653808594,380.0862121582031,182.07040405273438,379.40826416015625,175.48529052734375,380.0047302246094,188.65830993652344,386.8369140625,177.54342651367188,386.8141784667969,192.83645629882812,402.37274169921875,184.3024444580078,400.4474792480469,184.73049926757812,401.3277893066406,182.71051025390625,402.0854187011719,201.6090545654297,406.67022705078125,194.3444366455078,406.6588134765625,186.88040161132812,424.79254150390625,184.5845947265625,424.3791198730469,190.4725799560547,450.24273681640625,193.94131469726562,449.0619812011719
94,1,,181.13702392578125,382.3009338378906,181.69073486328125,380.424560546875,179.07260131835938,380.83282470703125,182.34457397460938,379.9951477050781,175.69129943847656,380.8229064941406,189.16603088378906,387.2121887207031,177.88174438476562,387.2423400878906,193.0067138671875,402.8375244140625,184.63816833496094,401.0520935058594,184.3908233642578,401.5901184082031,182.5269012451172,402.5760803222656,201.5345458984375,407.3539733886719,194.2832489013672,407.18487548828125,186.69448852539062,425.56219482421875,184.40611267089844,424.29888916015625,189.3454132080078,450.89788818359375,195.40194702148438,448.3220520019531
95,1,,180.9727325439453,382.9400939941406,181.6644744873047,381.0458984375,178.91184997558594,381.490478515625,182.68890380859375,380.46881103515625,175.8489532470703,381.37811279296875,189.52935791015625,387.4560241699219,178.51248168945312,387.6009521484375,192.92767333984375,403.09466552734375,185.05055236816406,401.6435852050781,184.009765625,401.9684753417969,182.31460571289062,402.845703125,201.6060791015625,407.84735107421875,194.53306579589844,407.58258056640625,186.5355682373047,426.30902099609375,184.13455200195312,424.5794372558594,189.24093627929688,451.2793884277344,195.7788543701172,447.843017578125
96,1,,180.67422485351562,383.2379455566406,181.4451904296875,381.3023376464844,178.6741180419922,381.7975158691406,182.8820343017578,380.57647705078125,176.1244659423828,381.6051330566406,189.88095092773438,387.4417419433594,179.2788848876953,387.914306640625,192.6702117919922,403.4719543457031,185.24607849121094,402.5483703613281,183.6993865966797,402.8460388183594,181.64720153808594,403.43316650390625,201.74392700195312,408.1297912597656,194.89306640625,407.9489440917969,186.61880493164062,426.3789978027344,184.11497497558594,424.8417663574219,189.72003173828125,451.0721740722656,195.56227111816406,447.8197326660156
97,1,,180.5210723876953,383.2813720703125,181.3383331298828,381.3280029296875,178.5516357421875,381.8580627441406,183.11802673339844,380.4173278808594,176.3700714111328,381.5187683105469,190.47816467285156,387.1492614746094,179.75135803222656,387.73101806640625,193.24098205566406,403.44732666015625,185.6189422607422,402.5698547363281,184.1746368408203,404.0783386230469,182.39256286621094,404.1354064941406,201.98646545410156,408.15435791015625,195.0481414794922,408.0072021484375,186.91444396972656,426.48016357421875,184.41810607910156,425.0840148925781,189.95106506347656,451.0071105957031,195.69525146484375,447.99200439453125
98,1,,181.0330047607422,382.58258056640625,181.8175811767578,380.5779113769531,178.94456481933594,381.1632385253906,183.53321838378906,379.7864990234375,176.57559204101562,381.03973388671875,191.02818298339844,386.8136291503906,179.87393188476562,387.5886535644531,193.33436584472656,403.7242126464844,185.47024536132812,403.00628662109375,183.74993896484375,405.1011047363281,182.74778747558594,404.4386901855469,202.24668884277344,407.733642578125,195.0408172607422,407.6669006347656,187.29345703125,426.5104675292969,184.9070281982422,425.1589050292969,190.00601196289062,451.1719970703125,195.91253662109375,448.12017822265625
99,1,,181.5913543701172,381.5077819824219,182.38418579101562,379.4925842285156,179.46585083007812,380.088134765625,184.03591918945312,378.78680419921875,176.9024658203125,380.08929443359375,191.67208862304688,385.7996826171875,179.49484252929688,387.1281433105469,194.03770446777344,402.387939453125,184.579345703125,402.9054260253906,184.0742645263672,405.03839111328125,182.90541076660156,403.88006591796875,202.3485870361328,407.0794372558594,194.52671813964844,407.31658935546875,187.91651916503906,426.1336975097656,185.39341735839844,425.2461853027344,189.90847778320312,450.9090881347656,196.06373596191406,448.30303955078125
100,1,,181.9964141845703,380.29644775390625,182.7515106201172,378.3226318359375,179.9206085205078,378.900146484375,184.38426208496094,377.59979248046875,177.299072265625,378.8706970214844,192.4649658203125,384.38812255859375,179.0026092529297,385.9186096191406,195.23992919921875,400.17083740234375,183.89547729492188,401.61419677734375,186.02618408203125,403.28582763671875,183.54830932617188,402.86981201171875,202.443115234375,406.0149841308594,193.8280487060547,406.37255859375,188.69203186035156,425.8709411621094,185.93081665039062,425.0099182128906,189.83026123046875,450.9569091796875,196.2494354248047,448.3216552734375
101,1,,182.75418090820312,378.7557678222656,183.4939422607422,376.81201171875,180.68505859375,377.3806457519531,185.0301055908203,376.1580810546875,177.88177490234375,377.4468994140625,193.41421508789062,382.83538818359375,178.5538787841797,384.745849609375,196.57955932617188,397.5535888671875,183.15884399414062,400.4423522949219,187.3157501220703,400.54913330078125,184.61488342285156,401.35009765625,202.4196014404297,404.69921875,192.95864868164062,405.244140625,189.6328125,425.84375,186.69068908691406,425.0644226074219,189.84547424316406,451.02838134765625,196.78024291992188,448.4605712890625
102,1,,183.15939331054688,377.11248779296875,183.98837280273438,375.17071533203125,181.12332153320312,375.7777099609375,185.79197692871094,374.5523681640625,178.47732543945312,375.9942321777344,194.23194885253906,380.84783935546875,178.7991180419922,383.473876953125,196.97727966308594,393.7298889160156,182.21041870117188,398.3223571777344,186.88731384277344,396.232421875,182.14956665039062,398.2680358886719,202.24961853027344,403.366943359375,192.4214324951172,404.1683349609375,190.57350158691406,425.61907958984375,187.19793701171875,425.2510681152344,190.27194213867188,450.8103942871094,196.99217224121094,448.7698669433594
103,1,,183.1884002685547,375.8331298828125,184.10414123535156,373.8873291015625,181.3264617919922,374.523681640625,186.4475860595703,372.9732666015625,179.2711944580078,374.5263671875,195.0771484375,378.3982849121094,179.74952697753906,381.900146484375,198.45640563964844,388.6763610839844,182.67201232910156,395.81500244140625,188.56597900390625,391.9245300292969,181.25177001953125,396.371826171875,202.2268829345703,401.9707946777344,192.4029541015625,403.0506286621094,191.9724884033203,425.06805419921875,188.00454711914062,425.1087646484375,191.4046630859375,450.49932861328125,196.79617309570312,448.96124267578125
104,1,,182.66665649414062,374.49652099609375,183.6839141845703,372.6395263671875,181.19189453125,373.2506408691406,186.72967529296875,371.734619140625,180.17062377929688,373.2799377441406,195.61181640625,376.1862487792969,180.80978393554688,380.77044677734375,199.51116943359375,382.5875244140625,182.6392822265625,393.5988464355469,190.30662536621094,385.67584228515625,179.18710327148438,395.0843200683594,202.38479614257812,400.6319274902344,192.83755493164062,401.9870300292969,193.06353759765625,424.5665283203125,188.5349578857422,424.8469543457031,192.6828155517578,450.11749267578125,196.41168212890625,448.7103576660156
105,1,,183.6576385498047,372.8070373535156,184.57566833496094,371.01324462890625,182.27005004882812,371.62652587890625,187.3269805908203,370.3764343261719,181.2354736328125,371.9940185546875,195.80230712890625,374.4328918457031,181.47738647460938,380.0313720703125,200.14028930664062,377.52496337890625,181.86996459960938,392.146728515625,191.11561584472656,379.80645751953125,177.69580078125,394.5283203125,202.53260803222656,399.388916015625,193.3167724609375,401.2049865722656,193.9900360107422,423.474853515625,189.6478729248047,424.515625,194.00918579101562,449.38873291015625,196.41566467285156,449.0280456542969
106,1,,184.20254516601562,371.66510009765625,185.11276245117188,369.8697814941406,182.85189819335938,370.517822265625,187.93228149414062,369.0996398925781,181.90232849121094,370.8507995605469,195.95469665527344,372.4411926269531,182.3188018798828,379.0497131347656,200.48951721191406,372.4106140136719,181.7191925048828,390.77813720703125,192.4254913330078,374.26495361328125,176.46412658691406,395.3687438964844,202.88616943359375,398.2502136230469,194.1048583984375,400.48150634765625,194.74598693847656,422.3342590332031,190.62261962890625,423.96612548828125,195.39002990722656,448.3664855957031,196.43283081054688,448.82684326171875
107,1,,184.55262756347656,370.4903869628906,185.44589233398438,368.7194519042969,183.4484405517578,369.2785949707031,188.34542846679688,367.9796142578125,182.97219848632812,369.45916748046875,196.09091186523438,371.669921875,183.2163543701172,377.84765625,200.8247833251953,372.868896484375,182.5367431640625,390.5639343261719,194.0630645751953,376.55712890625,178.3173370361328,397.8211975097656,203.13986206054688,397.33282470703125,194.81190490722656,399.4913635253906,195.25564575195312,421.3000183105469,191.49172973632812,423.10919189453125,196.7217559814453,447.6039123535156,195.79067993164062,448.4699401855469
108,1,,185.54428100585938,369.124267578125,186.41204833984375,367.357421875,184.388427734375,367.8474426269531,188.98947143554688,366.8790588378906,183.6803741455078,368.1135559082031,196.1247100830078,371.448486328125,183.71546936035156,376.5716552734375,200.24185180664062,374.8453369140625,182.45849609375,389.0696105957031,194.7769775390625,378.64892578125,180.09820556640625,395.12799072265625,203.49374389648438,396.43255615234375,195.51358032226562,398.39300537109375,195.2001495361328,420.33642578125,192.03038024902344,422.17242431640625,197.2525634765625,446.603759765625,196.1637725830078,447.75579833984375
109,1,,186.71995544433594,367.99871826171875,187.48703002929688,366.18133544921875,185.3983917236328,366.6815490722656,189.67311096191406,365.75482177734375,184.3606719970703,366.9147644042969,196.27462768554688,370.9716796875,184.5519256591797,374.9494934082031,199.82249450683594,376.4028015136719,183.3236541748047,386.7563171386719,195.361572265625,379.6024169921875,183.95262145996094,391.0249328613281,203.9021759033203,395.1535339355469,196.36505126953125,396.8801574707031,195.09524536132812,419.16827392578125,192.7001190185547,420.96112060546875,197.84896850585938,445.5781555175781,196.80081176757812,447.00006103515625
110,1,,186.36831665039062,367.6427307128906,187.140869140625,365.7678527832031,185.30975341796875,366.2226257324219,189.78414916992188,365.0871887207031,185.24838256835938,366.01544189453125,196.7359161376953,370.8460693359375,185.9333038330078,373.4779052734375,199.29046630859375,379.9013671875,184.26724243164062,385.342529296875,194.8728485107422,382.93353271484375,186.31069946289062,386.6266174316406,204.07455444335938,394.3577880859375,197.0956268310547,395.6171875,195.07989501953125,418.5443420410156,192.73153686523438,420.0274353027344,198.40170288085938,444.5483703613281,197.00588989257812,445.85955810546875
111,1,,186.94004821777344,367.2164611816406,187.67501831054688,365.3068542480469,186.1688232421875,365.7301330566406,190.68215942382812,365.0652160644531,186.97598266601562,365.82598876953125,198.04513549804688,372.4430236816406,187.4746551513672,373.4322204589844,200.4534454345703,385.25,184.77786254882812,383.768310546875,196.58946228027344,390.8742370605469,187.92127990722656,381.3115234375,203.4274444580078,394.8121032714844,196.68423461914062,395.4879150390625,195.38458251953125,418.4774475097656,192.56544494628906,419.7119140625,198.7962646484375,443.8121032714844,196.96055603027344,445.1242980957031
112,1,,187.42103576660156,367.1129150390625,188.05996704101562,365.1519470214844,186.7127227783203,365.60601806640625,191.12606811523438,365.028076171875,187.921875,365.8919982910156,198.53282165527344,372.90606689453125,188.7620391845703,373.6403503417969,200.52198791503906,384.3179626464844,184.77589416503906,382.0837097167969,197.2722930908203,385.75506591796875,188.7653350830078,375.41412353515625,202.32676696777344,395.6931457519531,196.1441192626953,396.2568664550781,195.5531005859375,418.6834716796875,192.59674072265625,419.72760009765625,199.30894470214844,443.04632568359375,198.14437866210938,444.42926025390625
113,1,,187.203857421875,367.0317687988281,187.70924377441406,365.1365966796875,187.12893676757812,365.4949645996094,190.96592712402344,365.22894287109375,190.10101318359375,365.8362731933594,198.20448303222656,373.49005126953125,191.52682495117188,373.8089294433594,199.87103271484375,384.17120361328125,186.97589111328125,381.5997314453125,197.75326538085938,384.6373596191406,189.58175659179688,374.61614990234375,200.5761260986328,397.2188720703125,196.50735473632812,397.4629211425781,195.48147583007812,419.3005065917969,193.40237426757812,419.9415283203125,199.77728271484375,442.590087890625,199.1190185546875,443.51434326171875
114,1,,189.4080810546875,366.9619445800781,189.60214233398438,365.15765380859375,189.55850219726562,365.3568420410156,191.67250061035156,365.53857421875,192.78079223632812,365.8466491699219,197.6553955078125,374.4627990722656,194.37713623046875,374.1765441894531,198.24317932128906,385.1640930175781,189.94326782226562,382.4380798339844,196.84121704101562,383.8214416503906,191.03614807128906,376.55975341796875,198.63436889648438,398.7149353027344,196.80194091796875,398.6031494140625,195.29164123535156,419.8971252441406,194.45668029785156,420.0257263183594,200.00331115722656,442.2867126464844,199.82192993164062,442.8372497558594
115,1,,190.354736328125,366.83465576171875,190.4737091064453,365.04559326171875,190.5965118408203,365.2264099121094,192.31365966796875,365.7448425292969,194.0299072265625,366.0657958984375,197.67953491210938,375.21820068359375,195.77947998046875,374.9014587402344,198.03451538085938,385.04443359375,191.17938232421875,382.5292663574219,197.51248168945312,383.7650451660156,191.38206481933594,377.0223693847656,197.25611877441406,400.1299743652344,196.370361328125,399.927001953125,195.3520965576172,420.5196533203125,194.9431610107422,420.4806213378906,200.22174072265625,442.2239990234375,200.3214569091797,442.6065368652344
116,1,,193.88998413085938,365.934326171875,193.69154357910156,364.24261474609375,193.7804412841797,364.3304138183594,193.78013610839844,364.8638000488281,195.85601806640625,365.0601501464844,197.1939697265625,374.03997802734375,197.89892578125,373.58538818359375,195.05563354492188,382.04901123046875,192.8824462890625,380.93585205078125,193.83770751953125,376.2126159667969,191.74533081054688,376.04150390625,197.19485473632812,400.380126953125,197.86126708984375,400.09710693359375,196.0982208251953,421.35406494140625,196.8062744140625,420.82769775390625,200.80255126953125,442.8020935058594,201.19204711914062,442.6542663574219
117,0,,,,,,,,,,,,,,,,,,,,,,,,,,,,,,,,,,,
118,1,,201.17823791503906,364.6396179199219,200.17620849609375,363.12127685546875,200.5596923828125,363.047119140625,196.56658935546875,363.8841552734375,200.29708862304688,363.81597900390625,196.6580047607422,372.27044677734375,202.16127014160156,371.6078796386719,190.45135498046875,378.3053283691406,197.9104766845703,377.57421875,190.3291015625,371.58587646484375,195.12152099609375,373.2263488769531,197.97377014160156,397.74139404296875,201.86244201660156,397.5635986328125,195.8323516845703,420.416259765625,201.75917053222656,420.508544921875,197.1415557861328,442.5721435546875,202.69627380371094,443.39788818359375
119,1,,202.27890014648438,364.4648742675781,201.2952880859375,362.9236145019531,201.64309692382812,362.8816833496094,197.76806640625,363.2615051269531,201.42849731445312,363.209716796875,197.8201904296875,370.97662353515625,203.00540161132812,370.40374755859375,189.69912719726562,377.4935302734375,196.5350341796875,376.0567626953125,190.04876708984375,372.573974609375,193.4368438720703,371.5088195800781,199.43035888671875,396.30419921875,203.41709899902344,396.34405517578125,196.21133422851562,420.065185546875,203.91748046875,420.74420166015625,194.52349853515625,442.6151428222656,204.21669006347656,444.3563537597656
120,1,,202.91159057617188,365.1924133300781,201.84417724609375,363.6594543457031,202.2584686279297,363.6092224121094,197.90643310546875,363.784912109375,201.6915283203125,363.7337341308594,197.37387084960938,371.0679626464844,203.28155517578125,370.56695556640625,189.4303741455078,377.6770935058594,197.12733459472656,376.52044677734375,190.62757873535156,374.3161926269531,194.181396484375,373.8239440917969,199.3105926513672,395.9557189941406,203.93235778808594,396.07647705078125,195.7622528076172,419.9624328613281,204.82241821289062,420.6380310058594,193.47740173339844,442.68853759765625,205.10946655273438,444.433349609375
121,1,,201.01806640625,365.592041015625,199.99105834960938,364.0790100097656,200.69273376464844,363.90057373046875,196.44223022460938,364.1234436035156,201.32142639160156,363.67694091796875,196.79270935058594,371.367919921875,203.76206970214844,370.3791198730469,190.42684936523438,379.4791259765625,199.0406494140625,377.2165222167969,191.88946533203125,377.9659729003906,194.9962158203125,375.9433898925781,199.99179077148438,395.9599914550781,205.3828125,395.82611083984375,195.63888549804688,419.8446044921875,205.1200408935547,420.3684997558594,192.41262817382812,442.9599914550781,204.69204711914062,444.5221252441406
122,1,,199.98338317871094,366.19305419921875,199.03973388671875,364.6869201660156,199.7835693359375,364.4144592285156,195.7074737548828,364.687744140625,201.0186309814453,363.9845275878906,196.5206298828125,372.1004333496094,204.0626983642578,370.8457946777344,192.21139526367188,381.91912841796875,200.2989044189453,379.40667724609375,193.7259063720703,381.7805480957031,195.76075744628906,380.1890869140625,200.38458251953125,396.6213073730469,206.47531127929688,396.3401794433594,195.41781616210938,420.5376281738281,206.56350708007812,420.9142761230469,191.2172393798828,443.6884765625,206.19680786132812,445.1031494140625
123,1,,198.9409942626953,366.84661865234375,198.27732849121094,365.2886962890625,198.6798858642578,365.0478820800781,195.80303955078125,365.1308288574219,199.76791381835938,364.5168151855469,197.65151977539062,372.8741149902344,202.57766723632812,371.713623046875,195.9574737548828,385.03509521484375,200.17750549316406,382.4634704589844,195.04043579101562,386.2965393066406,196.36634826660156,384.6531982421875,201.44065856933594,397.37994384765625,205.50564575195312,397.03924560546875,197.60641479492188,421.3102722167969,205.0437774658203,421.12628173828125,194.57101440429688,444.7450256347656,203.62014770507812,445.34228515625
124,1,,197.27549743652344,367.9461364746094,196.71701049804688,366.3004455566406,197.30592346191406,366.0240783691406,194.70199584960938,366.0478820800781,199.4354705810547,365.2940673828125,196.61294555664062,374.26519775390625,203.02151489257812,372.84051513671875,196.6981964111328,388.0552978515625,202.8265380859375,384.75445556640625,195.5834503173828,390.1793212890625,198.44505310058594,387.5038757324219,200.6768341064453,398.5904846191406,205.83969116210938,398.0877380371094,197.38743591308594,422.1583251953125,206.2689208984375,421.84088134765625,194.58494567871094,445.4480895996094,204.7535400390625,445.95166015625
125,1,,195.3249969482422,368.402587890625,194.93507385253906,366.7283630371094,195.7340087890625,366.3589172363281,193.7070770263672,366.68109130859375,199.39170837402344,365.58453369140625,196.2512969970703,375.6923522949219,203.85418701171875,373.39813232421875,197.70947265625,391.02838134765625,204.97216796875,385.1755065917969,196.0571746826172,393.3732604980469,199.4074249267578,387.9992980957031,200.53004455566406,399.9021301269531,206.54681396484375,399.0242614746094,197.44618225097656,423.0042724609375,207.1873779296875,422.457763671875,194.43177795410156,446.1969299316406,205.7263946533203,446.79168701171875
126,1,,195.73727416992188,369.87677001953125,195.40174865722656,368.1578369140625,196.34735107421875,367.805419921875,194.36053466796875,368.00469970703125,200.6136474609375,366.9077453613281,196.00144958496094,376.9496765136719,205.46307373046875,374.6300964355469,196.8382568359375,392.40093994140625,206.87059020996094,386.5375061035156,195.87841796875,394.8925476074219,201.39144897460938,390.1319580078125,199.680419921875,400.7428283691406,207.1881561279297,399.9538879394531,196.56602478027344,423.2717590332031,209.60902404785156,423.0753479003906,192.9911651611328,445.9617004394531,208.50103759765625,447.4255676269531
127,1,,196.18634033203125,371.09027099609375,195.93821716308594,369.3953857421875,196.97193908691406,369.1101379394531,195.13021850585938,369.257080078125,201.45504760742188,368.3074035644531,196.12210083007812,377.8037414550781,206.2032012939453,375.7012023925781,197.46063232421875,390.7156677246094,208.48826599121094,384.615966796875,195.67715454101562,392.88409423828125,202.74472045898438,387.0346374511719,199.39093017578125,401.3094482421875,207.1829376220703,400.64129638671875,196.7486572265625,423.55340576171875,210.14585876464844,423.4231262207031,193.2271728515625,446.0486145019531,208.8213348388672,447.7232971191406
128,1,,197.5178985595703,372.1880798339844,197.2615966796875,370.495849609375,198.03941345214844,370.29107666015625,196.31524658203125,370.4966735839844,201.70518493652344,369.7558898925781,197.15773010253906,378.39495849609375,206.23468017578125,376.85345458984375,199.881591796875,387.9154357910156,209.80238342285156,383.17193603515625,198.7034454345703,389.46112060546875,204.66270446777344,384.0599670410156,200.13168334960938,401.94061279296875,207.08059692382812,401.4078369140625,198.44041442871094,423.6675720214844,210.00262451171875,423.8858947753906,193.9849853515625,446.27740478515625,208.22283935546875,447.9828186035156
129,1,,198.5439910888672,372.9264221191406,198.5679473876953,371.33685302734375,198.59413146972656,371.2098693847656,198.3582000732422,371.6575622558594,200.71160888671875,371.1571960449219,200.43482971191406,378.82562255859375,203.79873657226562,378.1678771972656,205.48008728027344,384.7737121582031,207.2042236328125,382.1490173339844,202.03109741210938,385.7214660644531,204.4970245361328,381.0396728515625,202.6687774658203,402.7474365234375,205.19207763671875,402.4571228027344,202.51170349121094,424.1268005371094,206.72320556640625,424.4702453613281,198.6910400390625,446.92926025390625,203.39993286132812,448.1356506347656
130,1,,199.20794677734375,374.31353759765625,199.69644165039062,372.7099914550781,198.789794921875,372.6893310546875,200.60977172851562,372.8633728027344,199.497314453125,372.75543212890625,203.8728485107422,378.9583740234375,200.96156311035156,379.9779052734375,210.9291534423828,382.241943359375,203.50186157226562,384.9028625488281,205.3035888671875,382.23065185546875,202.12966918945312,383.9327697753906,204.9327850341797,403.3023681640625,202.80572509765625,403.4559631347656,206.75238037109375,424.22808837890625,203.44775390625,424.7420959472656,203.62901306152344,447.1785888671875,198.88909912109375,447.8596496582031
131,1,,199.9593048095703,375.2066650390625,200.7078094482422,373.6300354003906,199.10728454589844,373.73516845703125,202.2837371826172,373.6826477050781,198.34413146972656,374.0035095214844,206.87661743164062,378.9475402832031,198.133544921875,381.2256774902344,216.47723388671875,379.6899108886719,200.15966796875,386.3130187988281,209.7515106201172,378.8697204589844,200.69447326660156,384.60174560546875,206.72544860839844,403.6158142089844,200.3134002685547,404.0445251464844,210.62376403808594,424.398681640625,200.2353057861328,424.474609375,208.3447265625,447.8107604980469,194.84742736816406,446.9894714355469
132,1,,199.83241271972656,376.4279479980469,200.99972534179688,374.7971496582031,198.66104125976562,374.96319580078125,203.92752075195312,374.5104675292969,197.08035278320312,375.0505676269531,210.4136199951172,379.13299560546875,195.4755096435547,382.4125061035156,221.0096435546875,380.0981140136719,195.8039093017578,390.1707458496094,213.5883026123047,379.8738708496094,197.02053833007812,389.7537841796875,209.16754150390625,404.2044677734375,198.245361328125,404.8076171875,214.76174926757812,424.58642578125,196.70811462402344,424.5794677734375,212.98651123046875,448.2396240234375,190.7189483642578,446.7024841308594
133,1,,198.90133666992188,377.6159362792969,200.26377868652344,375.94769287109375,197.91482543945312,376.0885925292969,204.0200653076172,375.1394348144531,196.9861297607422,375.6319885253906,211.48580932617188,379.4101867675781,195.14161682128906,382.8374938964844,222.2345428466797,381.5088806152344,193.4374542236328,392.5516357421875,215.13833618164062,382.7672424316406,194.0065155029297,394.7479553222656,209.7699432373047,404.6552429199219,198.14427185058594,405.2549743652344,215.0869903564453,424.8079833984375,196.28945922851562,424.6011047363281,213.09832763671875,448.281494140625,191.3580322265625,446.5785217285156
134,1,,198.21824645996094,377.9356994628906,199.5752410888672,376.2395324707031,197.41348266601562,376.42401123046875,203.83935546875,375.32769775390625,197.15785217285156,375.92138671875,212.28866577148438,379.8893127441406,195.48342895507812,383.183349609375,223.28309631347656,383.533203125,193.28660583496094,394.4819030761719,217.3487091064453,385.1321716308594,193.29318237304688,397.99005126953125,210.34902954101562,404.9924011230469,198.56573486328125,405.4345397949219,215.19473266601562,424.76690673828125,195.91468811035156,424.0510559082031,213.17469787597656,448.24310302734375,192.05630493164062,445.9073791503906
135,1,,197.95689392089844,378.1919860839844,199.2118377685547,376.50299072265625,197.2624053955078,376.7461853027344,203.66114807128906,375.56341552734375,197.364013671875,376.2368469238281,212.97097778320312,380.4278869628906,195.7284393310547,383.29901123046875,224.27975463867188,385.2098388671875,194.46893310546875,394.2682800292969,218.6187286376953,387.45184326171875,197.06723022460938,396.1087951660156,210.9893798828125,405.5975341796875,198.89706420898438,405.87286376953125,215.1281280517578,425.0857849121094,195.41510009765625,424.0291442871094,213.07408142089844,448.3717041015625,192.52333068847656,445.44952392578125
136,1,,197.56100463867188,378.3591003417969,198.81912231445312,376.60980224609375,196.95010375976562,376.8830261230469,203.6084747314453,375.65167236328125,197.40773010253906,376.36309814453125,213.65878295898438,380.7764892578125,195.9034881591797,383.37127685546875,225.0554656982422,386.4911804199219,195.25289916992188,394.0155029296875,218.82879638671875,389.4122009277344,199.51185607910156,395.0555419921875,211.81829833984375,406.1107177734375,199.24526977539062,406.2381286621094,215.29959106445312,425.2701721191406,194.2129364013672,423.96343994140625,213.2047882080078,448.68414306640625,192.1862030029297,445.44879150390625
137,1,,197.50045776367188,378.2115478515625,198.69630432128906,376.45556640625,196.8871612548828,376.7651062011719,203.56056213378906,375.6634826660156,197.49737548828125,376.38623046875,214.03421020507812,381.2408142089844,196.12315368652344,383.37237548828125,225.45730590820312,387.6888732910156,196.34056091308594,393.7340087890625,219.693115234375,390.72418212890625,203.16207885742188,393.6505432128906,212.42825317382812,406.4727478027344,199.67779541015625,406.4201354980469,215.44618225097656,425.3591003417969,193.9783172607422,423.7183532714844,213.09764099121094,448.95916748046875,192.12025451660156,445.126708984375
138,1,,197.18753051757812,377.89031982421875,198.39794921875,376.1809387207031,196.6625213623047,376.4329833984375,203.40780639648438,375.70196533203125,197.49688720703125,376.22979736328125,214.30105590820312,381.7558898925781,196.1570587158203,383.3370666503906,225.8515625,388.6935119628906,196.503662109375,393.3530578613281,220.05422973632812,391.5959777832031,203.7003936767578,392.32537841796875,212.97628784179688,406.8765869140625,200.07122802734375,406.54046630859375,215.47735595703125,425.4959716796875,193.74937438964844,423.2124938964844,213.05828857421875,449.35162353515625,192.336669921875,444.4294738769531
139,1,,197.38352966308594,378.3218078613281,198.62867736816406,376.5752258300781,196.74331665039062,376.81292724609375,203.5655059814453,375.8535461425781,197.30406188964844,376.3372802734375,214.3794708251953,381.86041259765625,196.01800537109375,383.1917419433594,225.89938354492188,389.40484619140625,196.51295471191406,393.1891784667969,219.9102325439453,392.42633056640625,203.5753936767578,392.35675048828125,213.18997192382812,406.9974060058594,200.11209106445312,406.5852355957031,215.61575317382812,425.7247619628906,193.7985076904297,423.5068054199219,213.03729248046875,449.526611328125,192.0540771484375,444.7490539550781
140,1,,198.0953369140625,378.2015075683594,199.2980194091797,376.4166564941406,197.2506866455078,376.6932373046875,203.82455444335938,375.6478271484375,197.3383331298828,376.23443603515625,214.32872009277344,381.7139587402344,195.93356323242188,383.17852783203125,225.87966918945312,389.4814147949219,195.82772827148438,393.6364440917969,220.8444366455078,392.62371826171875,200.98629760742188,393.6073913574219,213.41226196289062,406.7696838378906,200.3739013671875,406.4530334472656,215.68222045898438,425.6888122558594,194.06686401367188,423.7628479003906,213.13340759277344,449.6072998046875,191.87091064453125,445.2083435058594
141,1,,198.82447814941406,377.72900390625,200.01007080078125,375.93646240234375,197.71620178222656,376.2497253417969,204.07977294921875,375.23223876953125,197.170654296875,375.9069519042969,214.0806884765625,381.4351501464844,195.64488220214844,383.0692443847656,225.53089904785156,389.3831787109375,195.38414001464844,393.954345703125,221.50274658203125,392.58795166015625,198.74728393554688,394.578857421875,213.57057189941406,406.3677673339844,200.59117126464844,406.21917724609375,215.67364501953125,425.6888427734375,194.86264038085938,424.40496826171875,213.0989227294922,449.5398254394531,192.053955078125,445.9472351074219
142,1,,199.5347137451172,377.1756591796875,200.755859375,375.3204345703125,198.1541290283203,375.68603515625,204.47366333007812,374.7140808105469,197.0001983642578,375.5566101074219,214.04586791992188,381.1664733886719,195.3363800048828,383.0709228515625,225.50274658203125,389.3456115722656,194.412109375,394.1396484375,221.6501007080078,392.88433837890625,195.67767333984375,395.3509216308594,213.68603515625,405.9466552734375,200.61135864257812,405.975830078125,215.5476837158203,425.6186218261719,194.98867797851562,424.7942810058594,213.33438110351562,449.36798095703125,192.0121612548828,446.44805908203125
143,1,,200.46022033691406,376.2587890625,201.64126586914062,374.3442687988281,198.78163146972656,374.81561279296875,204.84548950195312,373.9383850097656,196.95645141601562,375.066650390625,213.93240356445312,380.76904296875,194.91754150390625,383.09893798828125,225.13755798339844,389.4949951171875,194.1011505126953,394.78741455078125,220.93118286132812,393.2982482910156,195.91253662109375,396.3229064941406,213.7711181640625,405.26702880859375,200.5410614013672,405.65740966796875,215.1969451904297,425.25347900390625,195.16671752929688,425.32940673828125,213.45501708984375,448.76287841796875,192.04209899902344,447.2888488769531
144,1,,200.68760681152344,375.4745788574219,201.78611755371094,373.5740661621094,198.9704132080078,374.0570373535156,204.5641326904297,373.38507080078125,196.96035766601562,374.5548400878906,213.4694061279297,380.4203186035156,194.63438415527344,382.91754150390625,224.41932678222656,389.0295715332031,193.91648864746094,395.0508728027344,220.45957946777344,392.3690185546875,195.6427001953125,396.7814636230469,213.89306640625,404.3870544433594,200.79078674316406,404.88970947265625,214.6937713623047,424.7926940917969,195.29115295410156,424.87957763671875,213.61720275878906,448.5897521972656,192.3705596923828,447.1295471191406
145,1,,200.50799560546875,374.7195739746094,201.65443420410156,372.7909851074219,198.7803192138672,373.2757568359375,204.46775817871094,372.6791076660156,196.75167846679688,373.84893798828125,213.3114776611328,379.8493347167969,194.39227294921875,382.37384033203125,223.83338928222656,388.6925048828125,193.82492065429688,394.48333740234375,219.709716796875,392.6935119628906,195.62525939941406,395.86248779296875,214.07040405273438,403.38031005859375,200.9060821533203,403.9192810058594,214.22227478027344,424.5373840332031,195.30770874023438,424.5486145019531,213.7146453857422,448.7040710449219,192.50648498535156,447.0682067871094
146,1,,200.09783935546875,373.8277893066406,201.2491912841797,371.9084167480469,198.38470458984375,372.4203796386719,204.10910034179688,371.93157958984375,196.40553283691406,373.1724548339844,212.91949462890625,379.2104797363281,193.94436645507812,381.93817138671875,222.9842987060547,388.0609436035156,193.24168395996094,394.130859375,218.9520263671875,393.2870178222656,195.44985961914062,396.05413818359375,213.8975067138672,402.76177978515625,200.71255493164062,403.44049072265625,213.83230590820312,424.45172119140625,195.2442626953125,424.56884765625,213.6598663330078,448.7035217285156,192.7512969970703,447.2098693847656
147,1,,198.94586181640625,373.0403747558594,200.0076446533203,371.1510925292969,197.4150390625,371.7071228027344,203.0452423095703,371.190185546875,195.9243621826172,372.5361022949219,212.27333068847656,378.4635925292969,193.5101318359375,381.37530517578125,221.94818115234375,387.4194030761719,192.99571228027344,393.75079345703125,218.0931854248047,393.7030029296875,195.81472778320312,396.3677673339844,213.54237365722656,402.0902404785156,200.48716735839844,402.89483642578125,213.33401489257812,424.12518310546875,195.2088623046875,424.36358642578125,213.57933044433594,448.44903564453125,193.13031005859375,447.22747802734375
148,1,,197.0359344482422,372.405517578125,198.06590270996094,370.5372619628906,195.7938995361328,371.104736328125,201.66717529296875,370.45458984375,195.16378784179688,371.81231689453125,211.5624542236328,377.5830078125,193.2334747314453,380.55908203125,221.3116455078125,386.42132568359375,192.81739807128906,392.8839111328125,218.0699462890625,393.7190856933594,194.53941345214844,396.7426452636719,213.12950134277344,401.5924377441406,200.3736114501953,402.4003601074219,212.95713806152344,424.0242919921875,195.38943481445312,424.2789306640625,213.5032196044922,448.47088623046875,193.58335876464844,447.3487548828125
149,1,,196.02725219726562,371.9129943847656,197.13197326660156,369.9743957519531,194.8218231201172,370.59259033203125,201.24142456054688,369.6358337402344,194.4893798828125,371.1213684082031,211.4004364013672,376.7541198730469,192.93775939941406,379.96160888671875,221.04959106445312,385.84173583984375,192.64308166503906,392.2357482910156,218.1192626953125,394.8641052246094,193.94448852539062,396.786865234375,212.69696044921875,401.6065673828125,199.9199981689453,402.5662536621094,212.90777587890625,423.98785400390625,195.4884033203125,424.6807861328125,213.2881622314453,448.11102294921875,194.364501953125,447.68817138671875
150,1,,194.75425720214844,371.35736083984375,195.80728149414062,369.404541015625,193.68838500976562,370.0533447265625,200.24977111816406,368.84234619140625,193.85142517089844,370.41119384765625,210.85861206054688,375.9241027832031,192.74913024902344,379.3309326171875,220.33621215820312,385.1669921875,192.4467010498047,391.93707275390625,217.6971893310547,394.7604064941406,193.3273468017578,397.48956298828125,212.28378295898438,401.8452453613281,199.7479705810547,402.9085998535156,212.9897918701172,423.94305419921875,195.66598510742188,424.9381408691406,213.12939453125,447.7082824707031,195.16748046875,447.85797119140625
151,1,,194.07766723632812,370.8614807128906,195.13548278808594,368.8885803222656,193.10887145996094,369.5410461425781,199.77337646484375,368.180419921875,193.5853271484375,369.7615661621094,210.6246337890625,375.2476501464844,192.724609375,378.6821594238281,220.02879333496094,384.86444091796875,192.5639190673828,391.2471923828125,217.3921661376953,394.6018981933594,192.70111083984375,396.2702941894531,212.11734008789062,401.56671142578125,199.74008178710938,402.68096923828125,212.9954071044922,423.8215637207031,195.93019104003906,425.0328369140625,213.14842224121094,447.586181640625,195.81881713867188,448.1242980957031
152,1,,193.62098693847656,370.5148010253906,194.7310791015625,368.4987487792969,192.7080078125,369.121337890625,199.58767700195312,367.5128479003906,193.33961486816406,369.0088195800781,210.52247619628906,374.39154052734375,192.6937255859375,377.9167785644531,219.69757080078125,384.46966552734375,192.52322387695312,390.7160949707031,217.2467803955078,394.09759521484375,192.61358642578125,393.89544677734375,212.20652770996094,401.3770446777344,199.89064025878906,402.5663146972656,213.1288604736328,423.9253234863281,196.4414825439453,425.2470397949219,213.10743713378906,447.69061279296875,196.6519775390625,448.2539367675781
153,1,,193.87013244628906,369.9154968261719,194.9532012939453,367.87744140625,192.8961181640625,368.5163879394531,199.61373901367188,366.84716796875,193.36209106445312,368.3979187011719,210.45501708984375,373.69610595703125,192.66099548339844,377.46221923828125,219.28903198242188,384.12841796875,192.36080932617188,390.2624816894531,216.85911560058594,393.73443603515625,192.61978149414062,391.2275695800781,212.29066467285156,401.2142639160156,199.99554443359375,402.57611083984375,213.21023559570312,424.2083435058594,197.0356903076172,425.77642822265625,213.1841278076172,448.168701171875,197.48687744140625,448.890869140625
154,1,,194.0881805419922,368.9361572265625,195.14122009277344,366.91668701171875,193.04901123046875,367.56622314453125,199.5756378173828,366.0682373046875,193.3544464111328,367.6629943847656,210.20298767089844,372.9826965332031,192.64639282226562,376.95269775390625,218.73719787597656,383.47882080078125,192.14883422851562,389.81671142578125,216.51231384277344,393.1697692871094,192.34422302246094,390.01568603515625,212.30691528320312,400.84783935546875,200.18191528320312,402.34686279296875,213.22959899902344,424.4954528808594,197.7167205810547,426.2001953125,213.25103759765625,448.79833984375,198.40638732910156,449.59295654296875
155,1,,194.093994140625,368.0097961425781,195.14340209960938,366.0028076171875,192.9916534423828,366.6999816894531,199.57568359375,365.3426818847656,193.22666931152344,367.0789489746094,210.16021728515625,372.37774658203125,192.560791015625,376.38031005859375,218.570068359375,382.80670166015625,191.94178771972656,388.8658142089844,216.21392822265625,392.91253662109375,192.06289672851562,389.4523010253906,212.0604248046875,400.31475830078125,200.01478576660156,401.8698425292969,213.08245849609375,424.4400634765625,198.27064514160156,426.18548583984375,213.2607879638672,449.13262939453125,199.56353759765625,450.07891845703125
156,1,,193.64007568359375,367.6629638671875,194.6106414794922,365.6622009277344,192.5785675048828,366.38970947265625,199.09963989257812,364.9566955566406,192.981689453125,366.7848205566406,210.00119018554688,371.9159851074219,192.3966522216797,375.93511962890625,218.36795043945312,382.2657165527344,191.4519500732422,388.6132507324219,215.91494750976562,392.74090576171875,191.83457946777344,390.77728271484375,211.80978393554688,399.9609375,199.88426208496094,401.5211181640625,212.92530822753906,424.3055725097656,198.8296661376953,425.94415283203125,213.12332153320312,449.2864074707031,201.07315063476562,450.2216796875
157,1,,194.670166015625,367.39837646484375,195.44046020507812,365.41717529296875,193.40447998046875,366.2076721191406,199.31356811523438,364.7111511230469,193.41717529296875,366.7347717285156,209.93138122558594,371.79180908203125,193.20986938476562,375.5843505859375,218.49098205566406,381.9859924316406,193.05520629882812,387.9818115234375,216.05918884277344,393.0044860839844,193.9341583251953,392.6464538574219,211.23219299316406,400.0120544433594,199.99301147460938,401.49188232421875,212.5544891357422,424.532470703125,199.4562225341797,426.03497314453125,213.0474853515625,449.57421875,202.7529296875,450.6156921386719
158,1,,195.2982177734375,367.392822265625,195.9910125732422,365.4034729003906,193.91238403320312,366.2078857421875,199.54605102539062,364.5932922363281,193.6102752685547,366.67059326171875,210.04852294921875,371.7144470214844,193.36758422851562,375.2586364746094,218.480224609375,382.0482482910156,192.75286865234375,387.71160888671875,216.113525390625,393.39666748046875,193.40255737304688,394.5021667480469,211.1340789794922,400.16387939453125,200.0143585205078,401.5345153808594,212.50311279296875,424.57208251953125,199.31759643554688,425.84674072265625,212.99913024902344,449.6488037109375,203.7880859375,450.5664978027344
159,1,,194.8193817138672,367.4629211425781,195.51312255859375,365.4756774902344,193.53482055664062,366.2549743652344,199.24050903320312,364.60943603515625,193.4857177734375,366.6135559082031,209.94996643066406,371.81365966796875,193.2532501220703,375.12982177734375,218.6419219970703,382.3180236816406,192.460693359375,387.6373596191406,216.33529663085938,394.1445007324219,193.0498046875,395.923583984375,210.92294311523438,400.54443359375,199.85565185546875,401.8316955566406,212.32945251464844,424.7685546875,199.23231506347656,425.9875183105469,213.1785125732422,449.55596923828125,204.52432250976562,450.5706787109375
160,1,,194.7882080078125,367.58331298828125,195.30508422851562,365.64080810546875,193.96461486816406,366.1698303222656,198.27825927734375,364.9611511230469,195.16270446777344,366.21002197265625,206.5072021484375,372.7025451660156,196.92584228515625,374.6148681640625,213.0391387939453,384.1448974609375,197.97793579101562,387.08148193359375,211.2970733642578,395.7076110839844,198.14385986328125,396.6396179199219,208.7265625,401.3118896484375,202.38104248046875,402.0495910644531,209.30581665039062,425.3899841308594,202.01564025878906,426.008056640625,211.4333953857422,449.7327880859375,206.85076904296875,450.26580810546875
161,1,,194.6745147705078,367.7088317871094,195.11361694335938,365.7818603515625,194.33554077148438,366.0755310058594,197.56243896484375,365.2484130859375,196.89120483398438,365.76617431640625,203.15017700195312,373.4934997558594,200.7059326171875,374.0221862792969,207.420654296875,385.6959533691406,203.8238983154297,386.22222900390625,206.41871643066406,396.9024353027344,203.38507080078125,396.6324157714844,206.4947509765625,402.00738525390625,204.84417724609375,402.1537780761719,206.5087890625,426.22906494140625,204.75250244140625,426.045654296875,209.73849487304688,450.14031982421875,208.9491424560547,449.7812194824219
162,1,,194.3380126953125,367.59222412109375,194.95997619628906,365.6582336425781,194.04273986816406,365.90826416015625,197.62255859375,365.2919921875,196.565185546875,365.69329833984375,202.81863403320312,373.67852783203125,199.9239959716797,374.2586975097656,206.96578979492188,385.880859375,201.67088317871094,386.53192138671875,206.18350219726562,396.8932800292969,200.8683624267578,396.85797119140625,206.48602294921875,402.189453125,204.55514526367188,402.4178161621094,206.17465209960938,426.1090087890625,204.13128662109375,426.1597900390625,210.22735595703125,449.7762756347656,208.55874633789062,449.6519470214844
163,1,,194.3650360107422,367.7778015136719,195.0524444580078,365.8136901855469,194.04347229003906,366.0531311035156,197.69142150878906,365.35821533203125,196.42356872558594,365.7440490722656,202.32666015625,373.7376708984375,199.75668334960938,374.4055480957031,206.6013946533203,385.9427185058594,201.36302185058594,386.6635437011719,205.9515380859375,396.9035949707031,200.91412353515625,396.7673034667969,206.037109375,402.2240905761719,204.3365478515625,402.5890808105469,205.46751403808594,425.9989013671875,204.0752716064453,426.4639892578125,210.97079467773438,449.1825256347656,208.65199279785156,449.6517333984375
164,1,,195.12159729003906,368.00848388671875,195.71446228027344,366.0106506347656,194.73524475097656,366.2578125,197.86508178710938,365.4190673828125,196.98435974121094,365.8599548339844,201.60501098632812,373.78326416015625,201.15074157714844,374.3240966796875,206.2469024658203,386.1216735839844,204.4457244873047,386.44097900390625,206.09869384765625,397.12322998046875,204.68148803710938,396.6435241699219,205.030029296875,402.1273498535156,204.6848907470703,402.41259765625,204.26678466796875,426.1324768066406,204.5024871826172,426.5080871582031,211.18524169921875,449.0227966308594,209.2911376953125,449.39849853515625
165,1,,195.44308471679688,368.1365051269531,196.23995971679688,366.0839538574219,194.57357788085938,366.54718017578125,198.85372924804688,365.3031311035156,195.40855407714844,366.42913818359375,204.42559814453125,373.2099914550781,197.56439208984375,375.1093444824219,211.5808563232422,384.8298645019531,198.66017150878906,387.4927062988281,211.7083740234375,396.03515625,199.1875,396.5935974121094,206.5222930908203,401.7378845214844,201.9853057861328,402.5949401855469,205.81678771972656,425.85479736328125,201.1337432861328,426.97442626953125,212.99822998046875,448.27923583984375,207.3614044189453,449.30120849609375
166,1,,195.92147827148438,368.06097412109375,196.88645935058594,365.95953369140625,194.53814697265625,366.6244201660156,199.8186492919922,365.0931701660156,193.89625549316406,366.8846435546875,207.08949279785156,372.6942138671875,194.26600646972656,375.8477783203125,216.83924865722656,383.685546875,193.07240295410156,388.19403076171875,217.27151489257812,394.88543701171875,193.47885131835938,395.6231994628906,207.82252502441406,401.3498840332031,199.4343719482422,402.7552795410156,206.9606475830078,425.4094543457031,198.12855529785156,427.29779052734375,214.78829956054688,447.56512451171875,205.7294158935547,449.334228515625
167,1,,195.6047821044922,368.113525390625,196.6138153076172,366.0022888183594,194.21743774414062,366.6680908203125,199.60545349121094,365.096435546875,193.5541229248047,366.8955993652344,206.83767700195312,372.60870361328125,193.76092529296875,375.81585693359375,216.55136108398438,383.5603942871094,192.22915649414062,388.0768737792969,217.6294403076172,394.703857421875,192.49464416503906,394.9071350097656,207.40579223632812,401.0712890625,198.895263671875,402.5264892578125,206.19656372070312,425.301513671875,197.69268798828125,427.2227478027344,214.5679473876953,447.2358703613281,205.700439453125,449.0054931640625
168,1,,194.5605010986328,368.04180908203125,195.65618896484375,365.9542541503906,193.3533172607422,366.5888977050781,199.06553649902344,365.12188720703125,193.18634033203125,366.8194885253906,206.47715759277344,372.5890197753906,193.33114624023438,375.6566162109375,216.26870727539062,383.3824157714844,191.5025177001953,387.7289123535156,218.21505737304688,394.6275939941406,191.39537048339844,394.5904846191406,206.73828125,400.9434509277344,198.2135772705078,402.3072814941406,205.64498901367188,425.3694763183594,197.53182983398438,427.0384521484375,214.13595581054688,447.3456115722656,205.50418090820312,448.74920654296875
169,1,,193.68515014648438,367.58294677734375,194.86907958984375,365.5706481933594,192.4583282470703,366.2096252441406,198.685546875,364.9414367675781,192.19674682617188,366.64306640625,206.7754669189453,372.45391845703125,191.41180419921875,375.61004638671875,216.10238647460938,383.1627502441406,187.2837677001953,387.42437744140625,218.26651000976562,394.24517822265625,186.59982299804688,392.4417419433594,206.6240997314453,400.785400390625,196.81724548339844,402.2482604980469,205.66812133789062,424.8088073730469,196.66770935058594,426.617919921875,213.52044677734375,446.95550537109375,204.7559051513672,448.519287109375
170,1,,192.8085174560547,367.146240234375,194.04026794433594,365.1390380859375,191.5821533203125,365.7922058105469,198.13710021972656,364.6260986328125,191.43191528320312,366.3460388183594,206.57144165039062,372.2445068359375,190.47689819335938,375.4101257324219,215.95901489257812,382.82403564453125,185.93955993652344,386.7680358886719,218.4309539794922,393.8214416503906,185.7117919921875,390.2464904785156,206.2073516845703,400.5783996582031,195.9912109375,402.0999450683594,205.7610321044922,424.5142517089844,196.73646545410156,426.33953857421875,213.3330841064453,447.267822265625,204.61671447753906,448.79449462890625
171,1,,191.49411010742188,366.7926330566406,192.71302795410156,364.8520812988281,190.3981170654297,365.4804992675781,197.2800750732422,364.3776550292969,190.577392578125,366.01458740234375,206.5294952392578,372.0227355957031,189.28668212890625,375.16973876953125,215.70162963867188,382.7398986816406,184.1840057373047,386.8081970214844,218.47341918945312,393.8892822265625,183.85430908203125,389.6893310546875,205.94805908203125,400.73223876953125,195.0538787841797,402.26361083984375,205.98297119140625,424.50274658203125,196.3904571533203,426.3883361816406,213.0876922607422,447.7814636230469,204.27725219726562,449.475341796875
172,1,,190.76571655273438,366.2497253417969,191.9494171142578,364.3391418457031,189.6438751220703,364.99114990234375,196.62997436523438,363.9539489746094,189.90187072753906,365.6548156738281,206.21923828125,371.8189697265625,188.74098205566406,374.94000244140625,215.3574676513672,382.47283935546875,183.8685302734375,386.75164794921875,218.6436767578125,393.82208251953125,182.88475036621094,390.3472900390625,205.4964141845703,400.77423095703125,194.56475830078125,402.2381591796875,205.71661376953125,424.5829772949219,196.5220184326172,426.28387451171875,212.45355224609375,448.3280944824219,204.73313903808594,449.7962951660156
173,1,,190.57192993164062,365.63848876953125,191.7052459716797,363.7608947753906,189.34059143066406,364.437255859375,196.2673797607422,363.49224853515625,189.40631103515625,365.26593017578125,206.108642578125,371.6252136230469,188.2562713623047,374.78173828125,215.13389587402344,382.342529296875,183.5015411376953,386.74237060546875,218.80348205566406,393.88580322265625,182.11837768554688,389.9855651855469,205.3057403564453,400.7779846191406,194.2909393310547,402.20074462890625,205.11761474609375,424.6878662109375,196.47654724121094,426.2176208496094,211.1881866455078,448.8514404296875,205.23887634277344,449.98638916015625
174,1,,190.1510009765625,365.4127502441406,191.3403778076172,363.4844055175781,188.88961791992188,364.16357421875,195.89718627929688,363.16021728515625,188.9139404296875,364.9283447265625,205.6279296875,371.3669128417969,187.72879028320312,374.6380615234375,214.45591735839844,382.1506042480469,182.88613891601562,386.9526672363281,218.78782653808594,393.82696533203125,181.24124145507812,390.2252197265625,205.2136688232422,400.6413269042969,194.2285614013672,402.1021728515625,204.60411071777344,424.87701416015625,196.26956176757812,426.3059997558594,210.50779724121094,449.5273742675781,205.58323669433594,450.29571533203125
175,1,,189.70851135253906,365.20831298828125,190.90896606445312,363.2802429199219,188.4337615966797,363.93218994140625,195.4210968017578,362.9130554199219,188.39332580566406,364.6167907714844,205.1940155029297,371.1146545410156,187.2299346923828,374.5072326660156,213.8336639404297,382.08441162109375,182.55523681640625,387.4639892578125,218.705810546875,394.2243957519531,180.55838012695312,390.3600769042969,205.06936645507812,400.5258483886719,194.11822509765625,401.97137451171875,204.005615234375,424.96221923828125,195.93997192382812,426.1726379394531,209.67262268066406,450.0019226074219,205.99514770507812,450.1933898925781
176,1,,189.398193359375,365.2351989746094,190.64613342285156,363.2600402832031,188.07772827148438,363.90673828125,195.0738525390625,362.7507019042969,187.92681884765625,364.4129333496094,204.68850708007812,370.76654052734375,186.75213623046875,374.28167724609375,213.32505798339844,381.80755615234375,182.334716796875,387.4642333984375,218.7372589111328,394.5787658691406,181.00457763671875,389.53546142578125,204.92152404785156,400.13458251953125,194.0474853515625,401.626708984375,203.30459594726562,424.7420959472656,195.7008056640625,425.8580017089844,208.54714965820312,450.0356750488281,206.25753784179688,449.7148132324219
177,1,,188.9580535888672,365.434326171875,190.2570037841797,363.4208068847656,187.62576293945312,364.0522155761719,194.71783447265625,362.7615051269531,187.43434143066406,364.36383056640625,204.35177612304688,370.5208740234375,186.26390075683594,374.17779541015625,213.17233276367188,381.81646728515625,181.7782745361328,387.45843505859375,219.01980590820312,394.8470458984375,181.19876098632812,387.0209045410156,204.73655700683594,399.9647521972656,193.8102569580078,401.5143127441406,202.98121643066406,424.8099365234375,195.50625610351562,425.80255126953125,207.54928588867188,450.3509521484375,205.94033813476562,449.48687744140625
178,1,,188.54470825195312,365.5830078125,189.92758178710938,363.5133056640625,187.1196746826172,364.14495849609375,194.39602661132812,362.78558349609375,186.72879028320312,364.3804931640625,203.8922119140625,370.4005432128906,185.6157684326172,374.30950927734375,212.85650634765625,381.6831970214844,181.1625213623047,387.8297424316406,219.28257751464844,394.5821228027344,181.5464630126953,385.33740234375,204.57861328125,399.8466491699219,193.5397186279297,401.5084533691406,202.92893981933594,424.7948913574219,195.19125366210938,425.6782531738281,206.88711547851562,450.506103515625,205.54176330566406,449.15576171875
179,1,,188.2618408203125,365.76934814453125,189.65724182128906,363.6842956542969,186.8060760498047,364.3202819824219,194.11489868164062,362.88946533203125,186.3627471923828,364.48638916015625,203.63778686523438,370.3125,185.3145751953125,374.34344482421875,212.88929748535156,381.57330322265625,181.08407592773438,388.0227355957031,219.5316162109375,394.6555480957031,181.80335998535156,384.7961730957031,204.43161010742188,399.77203369140625,193.38311767578125,401.4615478515625,202.7171630859375,424.8634948730469,195.10694885253906,425.6411437988281,206.4127655029297,450.63629150390625,205.4211883544922,448.93890380859375
180,1,,188.0545196533203,366.0751037597656,189.43722534179688,363.97515869140625,186.60940551757812,364.6114501953125,193.91427612304688,363.0307922363281,186.19630432128906,364.6081237792969,203.47869873046875,370.27227783203125,185.13702392578125,374.2798767089844,212.83998107910156,381.5594177246094,180.77670288085938,388.00152587890625,219.83773803710938,394.72491455078125,181.86260986328125,384.3934631347656,204.24432373046875,399.84490966796875,193.21395874023438,401.5174255371094,202.66183471679688,424.95245361328125,195.13922119140625,425.6009826660156,205.82928466796875,450.73199462890625,205.14910888671875,448.78704833984375
