frame,tracker_id,nose_x,nose_y,nose_conf,left_eye_x,left_eye_y,left_eye_conf,right_eye_x,right_eye_y,right_eye_conf,left_ear_x,left_ear_y,left_ear_conf,right_ear_x,right_ear_y,right_ear_conf,left_shoulder_x,left_shoulder_y,left_shoulder_conf,right_shoulder_x,right_shoulder_y,right_shoulder_conf,left_elbow_x,left_elbow_y,left_elbow_conf,right_elbow_x,right_elbow_y,right_elbow_conf,left_wrist_x,left_wrist_y,left_wrist_conf,right_wrist_x,right_wrist_y,right_wrist_conf,left_hip_x,left_hip_y,left_hip_conf,right_hip_x,right_hip_y,right_hip_conf,left_knee_x,left_knee_y,left_knee_conf,right_knee_x,right_knee_y,right_knee_conf,left_ankle_x,left_ankle_y,left_ankle_conf,right_ankle_x,right_ankle_y,right_ankle_conf,right_elbow_angle,left_elbow_angle,right_knee_angle,left_knee_angle,right_shoulder_wrist_dist,left_shoulder_wrist_dist,right_upper_arm_len,right_forearm_len,left_upper_arm_len,left_forearm_len,right_hip_ankle_dist,left_hip_ankle_dist,right_shoulder_wrist_alpha,left_shoulder_wrist_alpha,pose_bbox_x1,pose_bbox_y1,pose_bbox_x2,pose_bbox_y2,max_kpt_distance,max_kpt_1_name,max_kpt_2_name,dist_lw_la,dist_rw_ra,mid_hip_x,mid_hip_y,mid_shoulder_x,mid_shoulder_y,timestamp
1,1.0,529.8636474609375,986.8765258789062,0.6040428876876831,531.4163208007812,984.5475463867188,0.5896307229995728,529.6048583984375,984.5475463867188,0.6609281897544861,535.0391235351562,985.3238525390625,0.6431008577346802,528.5697631835938,985.8414306640625,0.6231420636177063,538.1444091796875,994.3809814453125,0.6710507869720459,532.192626953125,994.3809814453125,0.5616199970245361,539.4382934570312,1010.6837158203125,0.5502220392227173,535.0391235351562,1010.4249267578125,0.4668213725090027,533.7452392578125,1020.2583618164062,0.4829113483428955,532.7101440429688,1019.7408447265625,0.4661298990249634,550.8243408203125,1017.9293823242188,0.6610020995140076,544.87255859375,1018.1881713867188,0.5162116289138794,541.2496948242188,1043.030517578125,0.6205220818519592,539.1795043945312,1044.0655517578125,0.5333341360092163,547.2015380859375,1070.4605712890625,0.6733438372612,544.61376953125,1069.9429931640625,0.5929454565048218,155.9031000012085,144.72658701598516,155.7327325426532,146.8786012800576,25.36514320050199,26.24864779130151,16.294499807665357,9.602628446186444,16.353999040753425,11.139331760287792,51.75546878334196,52.65596370509533,88.83093099857278,99.64807815201769,528.5697631835938,984.5475463867188,550.8243408203125,1070.4605712890625,86.64607317198589,right_ear,left_ankle,51.974357274412306,51.59410826350275,547.8484497070312,1018.0587768554688,535.1685180664062,994.3809814453125,0.0
2,4.0,528.7172241210938,986.8247680664062,0.6800374984741211,530.5333251953125,984.4898071289062,0.6586299538612366,528.457763671875,984.749267578125,0.721966564655304,534.9437866210938,985.2681274414062,0.6629089117050171,528.1983642578125,985.7869873046875,0.5846703052520752,538.3164672851562,994.3485107421875,0.6810852885246277,532.6088256835938,994.3485107421875,0.5622775554656982,540.3920288085938,1010.4337768554688,0.5491259098052979,535.462646484375,1010.4337768554688,0.47502514719963074,533.906005859375,1020.0330200195312,0.4752926230430603,532.6088256835938,1019.7736206054688,0.47574013471603394,550.7695922851562,1017.95751953125,0.6616737842559814,545.3213500976562,1018.2169799804688,0.5133785605430603,540.910888671875,1043.1231689453125,0.6303096413612366,539.8731079101562,1043.9014892578125,0.5187561511993408,546.8779907226562,1070.8831787109375,0.6694685816764832,545.8402099609375,1069.5860595703125,0.5895837545394897,152.94865815234147,138.60133513768608,154.9447590215737,146.47580278927435,25.42510986328125,26.06043335799045,16.336464706234512,9.76611357897223,16.218623294615615,11.585075011435745,51.37169992773673,53.06854023172008,90.0,99.74361991256201,528.1983642578125,984.4898071289062,550.7695922851562,1070.8831787109375,87.12227176052761,right_ear,left_ankle,52.47867214625763,51.53977692540998,548.0454711914062,1018.0872497558594,535.462646484375,994.3485107421875,0.016667
3,7.0,529.0562744140625,986.72216796875,0.6683145761489868,530.8759155273438,984.382568359375,0.648951530456543,528.536376953125,984.642578125,0.7179558277130127,535.0352172851562,985.1624755859375,0.6605472564697266,528.0164794921875,985.9423217773438,0.6086415648460388,538.4146118164062,994.2608642578125,0.6835305690765381,531.915771484375,994.5208129882812,0.5732356309890747,541.2741088867188,1010.8978881835938,0.5312354564666748,534.5153198242188,1010.637939453125,0.46689966320991516,535.295166015625,1019.4763793945312,0.453041136264801,532.4356689453125,1019.4763793945312,0.48005354404449463,550.8923950195312,1017.9166259765625,0.6573536992073059,544.9134521484375,1018.4365844726562,0.5185532569885254,541.2741088867188,1043.1322021484375,0.6231844425201416,539.4544067382812,1043.9119873046875,0.5286997556686401,546.733154296875,1070.687255859375,0.6697332262992859,545.1734008789062,1069.6474609375,0.5887508392333984,157.59698090346157,135.3722426170605,155.37636940919018,147.91503722313698,24.96098131137161,25.407737910213577,16.325422415819787,9.0798110319533,16.880974160342273,10.45649412145078,51.21153621636398,52.93428625775345,88.80653392110837,97.05230741604917,528.0164794921875,984.382568359375,550.8923950195312,1070.687255859375,86.78719818217573,right_ear,left_ankle,52.47267330925212,51.76279781854255,547.9029235839844,1018.1766052246094,535.1651916503906,994.3908386230469,0.033333
4,10.0,530.3131103515625,986.7024536132812,0.608985185623169,531.87255859375,984.36328125,0.593752384185791,529.7933349609375,984.6232299804688,0.6733860373497009,535.5111694335938,985.1430053710938,0.6400725245475769,528.23388671875,985.9227294921875,0.6507357954978943,538.6300048828125,994.2396240234375,0.6647489666938782,531.6126098632812,994.7593994140625,0.5695805549621582,542.0087280273438,1009.5738525390625,0.4964408576488495,533.9517822265625,1010.3535766601562,0.4508746266365051,537.0706176757812,1017.8907470703125,0.4571128487586975,532.6522216796875,1019.1903076171875,0.4623546004295349,550.845458984375,1017.8907470703125,0.6513582468032837,544.6077880859375,1018.4105834960938,0.5133056640625,541.22900390625,1042.8414306640625,0.6113142967224121,539.1497802734375,1043.881103515625,0.5239903926849365,546.9468994140625,1070.39111328125,0.6634746193885803,544.86767578125,1069.6114501953125,0.5861812233924866,163.10292039736183,136.87458577284178,155.37626429970737,147.19722875036607,24.453017571627676,23.70247476192886,15.768642659649778,8.931778749048169,15.702048728009922,9.672417923567243,51.20152626988128,52.64491636431597,87.56335479323147,93.77221727945484,528.23388671875,984.36328125,550.845458984375,1070.39111328125,86.51638402101236,right_ear,left_ankle,53.4212447744945,51.87975460419016,547.7266235351562,1018.1506652832031,535.1213073730469,994.49951171875,0.0499
5,13.0,529.5162963867188,986.8515625,0.6353020668029785,531.0726928710938,984.7763061523438,0.6179293394088745,528.9974365234375,984.7763061523438,0.6868582367897034,534.9638061523438,985.2951049804688,0.6400100588798523,528.21923828125,986.0733032226562,0.6118454933166504,538.5955200195312,994.6337280273438,0.6647037863731384,532.1103515625,994.6337280273438,0.5651925206184387,541.1895751953125,1010.9763793945312,0.5094839334487915,534.4450073242188,1010.7169799804688,0.4552629590034485,536.00146484375,1019.7962036132812,0.4509202241897583,532.629150390625,1020.0556030273438,0.45218968391418457,550.7876586914062,1018.23974609375,0.6584614515304565,544.8212890625,1018.7586059570312,0.5143495202064514,541.1895751953125,1043.4022216796875,0.6197910904884338,539.3737182617188,1044.180419921875,0.530888557434082,547.1559448242188,1070.639892578125,0.6770161390304565,544.8212890625,1069.8616943359375,0.5917345285415649,160.73697426994008,140.51529252754358,155.92896651005972,146.76552635123636,25.42716816202089,25.295835623040766,16.25181869556222,9.513528095028963,16.547246778979062,10.232584632908686,51.10308837890625,52.525847896031905,88.83089434645971,95.88595522578564,528.21923828125,984.7763061523438,550.7876586914062,1070.639892578125,86.66087288915914,right_ear,left_ankle,52.05288782755912,51.27665138085957,547.8044738769531,1018.4991760253906,535.3529357910156,994.6337280273438,0.066467
6,15.0,529.42822265625,987.4756469726562,0.6516944169998169,531.2508544921875,985.1322631835938,0.6339569091796875,528.907470703125,985.1322631835938,0.6998692750930786,535.1564331054688,985.6530151367188,0.6525194644927979,528.38671875,986.1737670898438,0.6068699359893799,538.2808837890625,994.7660522460938,0.6827422976493835,532.8130493164062,994.5056762695312,0.5604347586631775,540.8846435546875,1010.9091186523438,0.5363587737083435,535.1564331054688,1010.9091186523438,0.46572455763816833,535.1564331054688,1020.5429077148438,0.4648308753967285,532.8130493164062,1020.5429077148438,0.46590685844421387,550.7787475585938,1018.4599609375,0.6639624238014221,545.5712890625,1018.7203369140625,0.5168135166168213,540.624267578125,1043.716064453125,0.6296900510787964,539.8431396484375,1044.4971923828125,0.5187546014785767,546.8731689453125,1070.7947998046875,0.6754859685897827,545.5712890625,1069.7532958984375,0.5922151803970337,158.19830352604168,140.10197792387655,154.69262928626267,145.10235051534028,26.0372314453125,25.965524641936973,16.56998399483507,9.914703186862708,16.351701988285036,11.208134842661535,51.032958984375,52.48036683902847,90.0,96.91119065480189,528.38671875,985.1322631835938,550.7787475585938,1070.7947998046875,86.6167883181455,right_ear,left_ankle,51.599753462104644,50.83733850821451,548.1750183105469,1018.5901489257812,535.5469665527344,994.6358642578125,0.083233
7,17.0,530.3916625976562,987.3772583007812,0.5952862501144409,531.9471435546875,985.0440673828125,0.5826650857925415,529.8731689453125,985.3032836914062,0.6575874090194702,535.3173217773438,985.5625610351562,0.6367990374565125,528.5769653320312,986.3402709960938,0.6385789513587952,538.4282836914062,994.8953857421875,0.6768286228179932,532.724853515625,994.3768920898438,0.5478087663650513,540.761474609375,1010.9686279296875,0.5225899815559387,535.05810546875,1010.9686279296875,0.4421406686306,535.5765991210938,1020.042236328125,0.4436964988708496,532.984130859375,1020.301513671875,0.4434353709220886,550.8720703125,1018.4867553710938,0.6616514921188354,545.4279174804688,1019.0052490234375,0.5102007389068604,540.761474609375,1043.8929443359375,0.6203768253326416,539.7244873046875,1044.411376953125,0.5104482173919678,546.9833984375,1070.59521484375,0.6736290454864502,545.168701171875,1069.8175048828125,0.5881518125534058,159.46633007186935,141.9959634290091,155.2525628188186,145.18301407756493,25.925918091988613,25.308026380577832,16.754992177136856,9.56055055721473,16.241702320807434,10.450516886603038,50.8129170449132,52.25335699804248,89.42699251363094,96.46977469041528,528.5769653320312,985.0440673828125,550.8720703125,1070.59521484375,86.2420566918357,right_ear,left_ankle,51.82392022460294,50.993108743259576,548.1499938964844,1018.7460021972656,535.5765686035156,994.6361389160156,0.0999
8,19.0,530.4810180664062,987.692626953125,0.6144890189170837,532.0343017578125,985.36279296875,0.5957406759262085,529.7044067382812,985.6216430664062,0.6766685247421265,535.399658203125,985.8805541992188,0.6380346417427063,528.4100341796875,986.3983154296875,0.6396845579147339,538.2472534179688,995.199951171875,0.6871211528778076,532.8109130859375,994.42333984375,0.548664927482605,540.3182373046875,1011.5089721679688,0.5377432107925415,534.8818969726562,1010.9912719726562,0.45556312799453735,534.1052856445312,1021.0872802734375,0.4656716287136078,532.8109130859375,1020.0518188476562,0.4544474184513092,550.9320068359375,1018.4985961914062,0.6670814156532288,545.4956665039062,1018.7574462890625,0.509590744972229,540.8359985351562,1043.8681640625,0.6244128942489624,539.8004760742188,1044.3858642578125,0.5118660926818848,547.0489501953125,1070.791015625,0.6758195161819458,545.23681640625,1070.014404296875,0.5908876061439514,159.9999965753545,139.79370459423052,155.49512417141446,145.3049610318074,25.62847900390625,26.216592170776117,16.696866451136653,9.294217768759292,16.439986013074204,11.416862725579504,51.257611606352775,52.43639250647583,90.0,99.09026638356863,528.4100341796875,985.36279296875,550.9320068359375,1070.791015625,86.426483420844,right_ear,left_ankle,51.36146181624229,51.484590103216696,548.2138366699219,1018.6280212402344,535.5290832519531,994.8116455078125,0.116567
9,21.0,531.5349731445312,987.5300903320312,0.6300594806671143,533.0916137695312,985.1951293945312,0.6048225164413452,530.23779296875,985.45458984375,0.6963709592819214,535.9453735351562,985.7139892578125,0.6413213014602661,528.4217529296875,986.4923095703125,0.6687854528427124,538.5397338867188,994.7942504882812,0.6997155547142029,532.5726928710938,994.7942504882812,0.5631934404373169,541.3935546875,1010.3604125976562,0.5199325680732727,535.426513671875,1010.8793334960938,0.4832491874694824,536.983154296875,1020.7378540039062,0.43311601877212524,532.8321533203125,1020.7378540039062,0.47383904457092285,550.99267578125,1018.4029541015625,0.6696922779083252,545.5444946289062,1018.9218139648438,0.5205365419387817,541.1340942382812,1044.3465576171875,0.6294139623641968,539.8369140625,1044.3465576171875,0.5195712447166443,547.1011352539062,1071.0684814453125,0.6826122403144836,545.2850952148438,1070.03076171875,0.5948590040206909,155.19562238810238,146.5856198346094,155.37130740650375,146.60547257047526,25.944900907512803,25.990257855501703,16.33628441632889,10.194171483584094,15.82560254708533,11.27576701363491,51.10960603025164,52.80910771894596,89.42700738988066,93.43354977581417,528.4217529296875,985.1951293945312,550.99267578125,1071.0684814453125,86.61436470380578,right_ear,left_ankle,51.33756516716081,50.84158251680089,548.2685852050781,1018.6623840332031,535.5562133789062,994.7942504882812,0.133233
10,23.0,530.3558959960938,987.3629760742188,0.678242564201355,532.1771850585938,985.0213012695312,0.6478281021118164,529.315185546875,985.281494140625,0.7385695576667786,535.8197021484375,985.5416870117188,0.6593244671821594,528.2744140625,986.0620727539062,0.6353587508201599,538.4215087890625,994.3878784179688,0.7063935995101929,532.9577026367188,994.3878784179688,0.5646559000015259,541.8038940429688,1009.21826171875,0.5380542278289795,535.8197021484375,1010.5191650390625,0.4804094433784485,536.340087890625,1020.9263916015625,0.4705294370651245,532.697509765625,1020.1458740234375,0.48923781514167786,551.1704711914062,1018.0643920898438,0.6634151935577393,545.7066040039062,1018.5847778320312,0.5174064040184021,541.0233764648438,1043.8223876953125,0.6287628412246704,539.722412109375,1044.0826416015625,0.5240648984909058,547.2677001953125,1070.6212158203125,0.6811407208442688,545.186279296875,1070.100830078125,0.599526047706604,151.97009114933806,142.1352893162104,154.93219315655583,145.38224733694733,25.759309733405424,26.62001117490809,16.38320631796342,10.120356275603084,15.211206357614566,12.920274107897109,51.51867988237866,52.70153073757454,90.57875024779418,94.48453924191683,528.2744140625,985.0213012695312,551.1704711914062,1070.6212158203125,86.66598868211132,right_ear,left_ankle,50.88210161553883,51.492397485749656,548.4385375976562,1018.3245849609375,535.6896057128906,994.3878784179688,0.1499
11,25.0,530.968994140625,987.2235717773438,0.6946277618408203,532.7880859375,985.1446533203125,0.6609750986099243,529.669677734375,985.1446533203125,0.7553553581237793,536.1663818359375,985.6643676757812,0.6668069362640381,528.1104736328125,986.18408203125,0.66982102394104,538.5051879882812,994.7597045898438,0.7018733024597168,532.5281982421875,994.4998779296875,0.5582866668701172,541.3637084960938,1010.8715209960938,0.5482149124145508,535.1268920898438,1010.6116333007812,0.46713870763778687,534.607177734375,1021.7859497070312,0.46503230929374695,532.7880859375,1019.9669189453125,0.4767499566078186,550.9788208007812,1018.1478271484375,0.6630064249038696,545.5216064453125,1018.40771484375,0.5106350183486938,541.1038208007812,1043.874755859375,0.6265878677368164,539.8045043945312,1044.3944091796875,0.517441987991333,547.080810546875,1070.64111328125,0.6792548894882202,545.26171875,1069.8614501953125,0.5957767367362976,156.8014147020851,138.18000205874225,155.4977813576122,146.41348026084802,25.468367040422926,27.30590428961948,16.319983788344114,9.643204016768154,16.363427740002745,12.836489474158757,51.45439168081581,52.637815047367646,89.41532464576977,98.20720422365213,528.1104736328125,985.1446533203125,550.9788208007812,1070.64111328125,86.56132976217798,right_ear,left_ankle,50.42240100793245,51.43010562110779,548.2502136230469,1018.2777709960938,535.5166931152344,994.6297912597656,0.166567
12,27.0,531.4622802734375,987.122802734375,0.6794609427452087,533.0208740234375,985.0446166992188,0.6475746631622314,529.9036254882812,985.0446166992188,0.7463313341140747,536.39794921875,985.5641479492188,0.6656889319419861,528.344970703125,986.083740234375,0.6776024103164673,538.7359008789062,994.65625,0.7038159966468811,532.5013427734375,994.3964233398438,0.5576788187026978,540.8140869140625,1010.7621459960938,0.5425352454185486,535.0990600585938,1010.5023803710938,0.4573433995246887,534.3197631835938,1021.932373046875,0.477647602558136,532.7611083984375,1019.8541870117188,0.4707053303718567,550.9452514648438,1018.2955932617188,0.6623831987380981,545.230224609375,1018.5553588867188,0.5174950361251831,541.0738525390625,1043.7532958984375,0.6286389827728271,540.0347290039062,1044.2728271484375,0.521129846572876,547.0486450195312,1070.7696533203125,0.6811807155609131,545.489990234375,1069.9903564453125,0.5980325937271118,156.80147007514978,142.47405782103533,156.60252032641046,146.33535123326868,25.459088934071662,27.631307616763735,16.31410392838267,9.639621642412383,16.239419417999745,12.920921526041969,51.435653510308164,52.61853780582044,89.41538629799376,99.19666303074457,528.344970703125,985.0446166992188,550.9452514648438,1070.7696533203125,86.72676235242011,right_ear,left_ankle,50.46884561092662,51.726781441215536,548.0877380371094,1018.4254760742188,535.6186218261719,994.5263366699219,0.183233
13,29.0,531.1677856445312,987.0458984375,0.6772257089614868,532.979248046875,984.9757080078125,0.6472182273864746,529.8739624023438,984.9757080078125,0.7436718940734863,536.0845336914062,985.4932250976562,0.6633230447769165,528.3212890625,986.0108032226562,0.6783756017684937,538.9310302734375,994.8091430664062,0.7013942003250122,532.461669921875,994.5503540039062,0.5664700865745544,541.777587890625,1011.1119384765625,0.5291427373886108,534.7906494140625,1010.5943603515625,0.45997679233551025,535.3082275390625,1021.462890625,0.46172720193862915,532.720458984375,1019.9102783203125,0.47405317425727844,551.0934448242188,1018.3576049804688,0.6625179648399353,545.1416015625,1018.8751220703125,0.5188355445861816,541.260009765625,1043.976318359375,0.6267070770263672,539.9661254882812,1044.4937744140625,0.5230430960655212,547.4705810546875,1070.8887939453125,0.6792331337928772,545.400390625,1070.3712158203125,0.5971546173095703,159.2117949553833,138.09024366487873,156.7190491055958,146.00668449167338,25.361244707480797,26.89882820067516,16.21216472771801,9.543165932522019,16.549441937823158,12.206343995546405,51.49674400666181,52.65596790443325,89.41533711908865,97.74026361476005,528.3212890625,984.9757080078125,551.0934448242188,1070.8887939453125,87.01131359149439,right_ear,left_ankle,50.900321826761704,52.029673070180145,548.1175231933594,1018.6163635253906,535.6963500976562,994.6797485351562,0.1999
14,31.0,531.4317626953125,987.1617431640625,0.6877315044403076,532.9867553710938,984.829345703125,0.6580045819282532,529.8768310546875,985.0885009765625,0.7545618414878845,536.0966186523438,985.34765625,0.6745645999908447,528.3218994140625,986.1251220703125,0.6955478191375732,538.9473876953125,994.9365234375,0.7124216556549072,532.4684448242188,994.6773681640625,0.5728147029876709,541.0206298828125,1012.0409545898438,0.5688889026641846,534.8008422851562,1010.4860229492188,0.48177748918533325,534.0233764648438,1022.9255981445312,0.49159523844718933,532.9867553710938,1020.0748901367188,0.48959749937057495,551.1278076171875,1018.5199584960938,0.6703820824623108,544.9080200195312,1018.7791137695312,0.5285918712615967,541.27978515625,1043.91748046875,0.635836660861969,539.724853515625,1044.435791015625,0.5382072329521179,547.4996337890625,1070.8699951171875,0.6876435279846191,545.1671752929688,1070.0924072265625,0.604907751083374,160.89417978251853,140.35368452154657,156.602662648069,145.81124347799948,25.40281024167521,28.41890549534867,15.979788610367514,9.758959230947067,17.22962269503593,12.939745774468504,51.31394787836107,52.475613188956146,88.83087471653275,99.97772720816403,528.3218994140625,984.829345703125,551.1278076171875,1070.8699951171875,86.88773793515986,right_ear,left_ankle,49.80235649585479,51.47926422654097,548.0179138183594,1018.6495361328125,535.7079162597656,994.8069458007812,0.216567
15,33.0,531.1031494140625,987.0302734375,0.6778355836868286,532.6600952148438,984.6947631835938,0.6518368124961853,529.8056030273438,984.9542846679688,0.7451934814453125,536.0335693359375,985.2137451171875,0.6747884154319763,528.2486572265625,985.9922485351562,0.6853039264678955,538.8880615234375,995.07470703125,0.7069376707077026,532.400634765625,994.2962036132812,0.5708139538764954,540.70458984375,1012.2015991210938,0.573951244354248,534.99560546875,1010.3851318359375,0.4779903292655945,533.6981201171875,1022.841064453125,0.49769994616508484,532.9196166992188,1020.24609375,0.48805755376815796,551.0845336914062,1018.4295654296875,0.6690562963485718,545.1160278320312,1018.6890869140625,0.5245034694671631,540.70458984375,1043.8604736328125,0.6414257287979126,541.2235717773438,1044.3795166015625,0.5287320017814636,547.1920166015625,1070.5888671875,0.6827704310417175,545.89453125,1069.810302734375,0.6011631488800049,158.94907338505044,140.57933819613467,160.97671555341483,144.1537386382132,25.95507927853756,28.247231656918544,16.296855043346916,10.077117605834072,17.22295583794053,12.739263737780595,51.127143226653665,52.30434445777203,88.85427218591326,100.58725762783679,528.2486572265625,984.6947631835938,551.0845336914062,1070.5888671875,86.69163022933918,right_ear,left_ankle,49.61791922573756,51.23435585470822,548.1002807617188,1018.559326171875,535.6443481445312,994.6854553222656,0.233233
16,35.0,530.4561767578125,987.279541015625,0.6847067475318909,532.0184936523438,984.9360961914062,0.6580951809883118,529.4146728515625,985.196533203125,0.7523562908172607,535.9241333007812,985.196533203125,0.6752339601516724,528.3731689453125,985.9776611328125,0.6468605995178223,538.788330078125,995.0909423828125,0.7088460922241211,533.0599975585938,994.3097534179688,0.5688023567199707,540.6109619140625,1012.2759399414062,0.5891163349151611,535.1430053710938,1010.4533081054688,0.47799885272979736,533.8411254882812,1022.6911010742188,0.5223188400268555,532.7996215820312,1020.0873413085938,0.4981573224067688,551.0261840820312,1018.2646484375,0.6682562828063965,545.2977905273438,1018.5250854492188,0.5226821899414062,540.871337890625,1043.7818603515625,0.6434128284454346,540.6109619140625,1044.3026123046875,0.5356319546699524,547.380859375,1070.6009521484375,0.6857933402061462,545.2977905273438,1069.81982421875,0.6058406233787537,158.97658928351407,140.92207506136685,159.2874435854841,144.65640899360795,25.778902868587473,28.0400355392888,16.277385523948226,9.914940410398636,17.281380960393356,12.422007352045917,51.29473876953125,52.46310206557732,90.57871734446549,100.16209593325455,528.3731689453125,984.9360961914062,551.0261840820312,1070.6009521484375,86.73173397197817,right_ear,left_ankle,49.78632566957497,51.278885356397495,548.1619873046875,1018.3948669433594,535.9241638183594,994.7003479003906,0.2499
17,37.0,529.8936767578125,987.210693359375,0.666380763053894,531.7103271484375,984.8749389648438,0.644628643989563,529.3745727539062,985.1344604492188,0.7319097518920898,535.6031494140625,985.3939819335938,0.6692512631416321,528.5960083007812,985.9130249023438,0.6384011507034302,538.7174682617188,994.9963989257812,0.7032375931739807,533.0079345703125,994.2178344726562,0.5724128484725952,540.7936401367188,1012.384521484375,0.5922104120254517,534.8245849609375,1010.3082885742188,0.4735478162765503,534.3055419921875,1023.0250244140625,0.5108204483985901,533.0079345703125,1019.9107055664062,0.4979948401451111,550.9151000976562,1018.3535766601562,0.6659910678863525,545.20556640625,1018.6130981445312,0.5226758122444153,541.0531616210938,1043.52734375,0.6386189460754395,539.7555541992188,1044.0465087890625,0.5418763160705566,547.541259765625,1070.2584228515625,0.6908250451087952,544.946044921875,1069.7393798828125,0.611906111240387,162.8454572014563,141.8180679664553,156.48404074718485,144.96415181047914,25.69287109375,28.373736803073882,16.192681428233172,9.772749394802325,17.51163315534042,12.462572773298382,51.126940410931724,52.01438124922357,90.0,98.94540776192795,528.5960083007812,984.8749389648438,550.9151000976562,1070.2584228515625,86.44691265903161,right_ear,left_ankle,49.05280983729389,51.23880622044748,548.0603332519531,1018.4833374023438,535.8627014160156,994.6071166992188,0.266567
18,39.0,530.5132446289062,987.2460327148438,0.6510380506515503,532.3282470703125,984.9124145507812,0.627810001373291,529.7353515625,985.1716918945312,0.7247011065483093,535.6990356445312,985.4309692382812,0.6620189547538757,528.6981811523438,985.9495849609375,0.6527759432792664,538.8104858398438,995.0247192382812,0.6943755745887756,533.1061401367188,994.246826171875,0.5663721561431885,540.62548828125,1011.8784790039062,0.5772637128829956,535.180419921875,1010.32275390625,0.4624907970428467,534.661865234375,1021.9907836914062,0.5070849061012268,533.1061401367188,1019.91650390625,0.48820093274116516,550.9970703125,1018.3607177734375,0.6631611585617065,545.033447265625,1018.6200561523438,0.5201252698898315,540.8848266601562,1043.5118408203125,0.6336032748222351,539.84765625,1044.0303955078125,0.537936270236969,547.3670654296875,1070.2186279296875,0.6865438222885132,545.033447265625,1069.7000732421875,0.611016035079956,160.44752235500792,143.32391222440384,157.044181982675,144.4540136549978,25.669677734375,27.28332247029697,16.209197671320908,9.81543048926576,16.95120798349518,11.73982563490843,51.08001708984375,51.98480336812807,90.0,98.74615251754305,528.6981811523438,984.9124145507812,550.9970703125,1070.2186279296875,86.31221722925375,right_ear,left_ankle,49.87331021573449,51.192425525397354,548.0152587890625,1018.4903869628906,535.9583129882812,994.6357727050781,0.283233
19,41.0,530.5470581054688,987.2564086914062,0.6628149747848511,532.1082763671875,984.9146118164062,0.635658323764801,529.5062866210938,985.1748046875,0.7294368743896484,535.7510986328125,985.1748046875,0.6548865437507629,528.4654541015625,985.9554443359375,0.6469663381576538,538.61328125,994.2818603515625,0.6712186932563782,532.628662109375,994.2818603515625,0.5550520420074463,541.7356567382812,1009.8938598632812,0.5223652124404907,534.970458984375,1010.154052734375,0.4472126364707947,536.7918701171875,1019.521240234375,0.4683290719985962,533.1490478515625,1019.2610473632812,0.47313979268074036,550.8427124023438,1017.9600830078125,0.6522641181945801,545.1182861328125,1018.48046875,0.511109471321106,540.955078125,1043.199462890625,0.6203532814979553,539.654052734375,1043.9801025390625,0.5220979452133179,547.1998901367188,1070.26025390625,0.6734107732772827,545.1182861328125,1069.7398681640625,0.6002395153045654,160.29707448922358,141.50905771290678,155.9289674900773,145.61238146064872,24.984606962829947,25.30501601231767,16.04401769011649,9.287351058599034,15.921173243317405,10.822544939367393,51.2593994140625,52.42688270405463,88.80654264516373,94.12762012266512,528.4654541015625,984.9146118164062,550.8427124023438,1070.26025390625,86.36133399989845,right_ear,left_ankle,51.79550549151617,51.87845424133921,547.9804992675781,1018.2202758789062,535.6209716796875,994.2818603515625,0.2999
20,43.0,530.915771484375,987.2249755859375,0.6571025848388672,532.47412109375,984.887451171875,0.6296945810317993,529.8768920898438,985.1471557617188,0.7280572652816772,535.8505249023438,985.1471557617188,0.6519191861152649,528.3185424804688,986.1860961914062,0.6597276926040649,538.44775390625,993.7180786132812,0.6740159392356873,532.2144165039062,994.4972534179688,0.5605732202529907,542.8630981445312,1005.9251098632812,0.5005577802658081,534.8116455078125,1010.3404541015625,0.4394122362136841,539.7463989257812,1018.1322021484375,0.5140475034713745,532.9935913085938,1020.2099609375,0.44549787044525146,550.91455078125,1017.8724365234375,0.6415733695030212,545.2006225585938,1018.3919067382812,0.5023174285888672,540.7852783203125,1043.325439453125,0.6179779767990112,540.265869140625,1044.1046142578125,0.5121691823005676,547.2783813476562,1070.5965576171875,0.6701720356941223,545.4603271484375,1069.8173828125,0.5960131883621216,160.25271553554342,145.7919917485861,157.7148592636284,144.90697438437905,25.724510517427124,24.448638139508375,16.054675530802772,10.035561083263556,12.981019862899833,12.598687077567968,51.42613183911494,52.84935830507514,88.26429129348898,86.95517141161929,528.3185424804688,984.887451171875,550.91455078125,1070.5965576171875,86.5135913483137,right_ear,left_ankle,53.00225800807728,51.149934580453504,548.0575866699219,1018.1321716308594,535.3310852050781,994.107666015625,0.316567
21,45.0,531.8405151367188,987.2574462890625,0.683593213558197,533.3982543945312,984.9208374023438,0.6584908366203308,530.2827758789062,985.1804809570312,0.7484298944473267,536.5137939453125,985.4400634765625,0.6733455657958984,528.2057495117188,986.218994140625,0.7080092430114746,538.8504028320312,994.2673950195312,0.6703864336013794,531.5808715820312,994.5269775390625,0.5599271655082703,543.523681640625,1005.9505615234375,0.48940229415893555,534.1771240234375,1009.8449096679688,0.42891600728034973,540.1485595703125,1017.8933715820312,0.5174442529678345,533.138671875,1018.9318237304688,0.44597598910331726,551.0528564453125,1017.8933715820312,0.6334619522094727,544.8218383789062,1018.6722412109375,0.49867331981658936,541.1870727539062,1043.5963134765625,0.6131757497787476,539.888916015625,1044.375244140625,0.5101776123046875,547.4180908203125,1070.597412109375,0.6640638709068298,545.341064453125,1070.078125,0.59169602394104,163.86082099984176,142.4178735415436,157.15971104799306,146.00665794951033,24.45451409001965,23.661614049953236,15.536395059513847,9.146058716401,12.583159952128415,12.410566509436972,51.408505948439576,52.829228738044,86.3476739811662,86.85497929018932,528.2057495117188,984.9208374023438,551.0528564453125,1070.597412109375,86.53803486021029,right_ear,left_ankle,53.20302597129809,52.581769827425305,547.9373474121094,1018.2828063964844,535.2156372070312,994.3971862792969,0.333233
22,47.0,530.7682495117188,987.3885498046875,0.6639279127120972,532.3238525390625,985.0551147460938,0.6408960223197937,529.7311401367188,985.3143920898438,0.7251174449920654,535.9537353515625,985.5736694335938,0.6533278226852417,528.4347534179688,986.0922241210938,0.6444929838180542,539.0650634765625,993.8704833984375,0.6928337216377258,531.8052978515625,995.1668701171875,0.5794968008995056,544.5098876953125,1006.3157348632812,0.49907010793685913,534.9166259765625,1010.7234497070312,0.48790937662124634,539.3243408203125,1018.760986328125,0.48542526364326477,532.8424072265625,1020.057373046875,0.49894267320632935,550.9917602539062,1017.983154296875,0.6462772488594055,545.0284423828125,1018.760986328125,0.5115519762039185,540.8800048828125,1044.1700439453125,0.6252121925354004,540.1021728515625,1044.6885986328125,0.5218633413314819,547.3618774414062,1070.6163330078125,0.6708650588989258,545.5469970703125,1069.8385009765625,0.5966825485229492,156.16113639207106,133.7505540751852,157.02626411073314,145.11505130074,24.91210011116074,24.89185330251173,15.864662972674811,9.56161640816716,13.584196509042485,13.482365534876207,51.08014684420235,52.75819889315752,87.61404428176624,89.40318762205429,528.4347534179688,985.0551147460938,550.9917602539062,1070.6163330078125,86.61732509661374,right_ear,left_ankle,52.474555493172126,51.376719446163825,548.0101013183594,1018.3720703125,535.4351806640625,994.5186767578125,0.3499
23,49.0,531.5836181640625,987.6235961914062,0.6540864109992981,533.1265258789062,985.56640625,0.6223027110099792,530.2979125976562,985.8235473632812,0.7177426815032959,536.2122802734375,986.0806884765625,0.6427373886108398,528.4978637695312,986.8521728515625,0.6928925514221191,538.526611328125,994.8236694335938,0.6931020021438599,532.0979614257812,995.080810546875,0.5818102359771729,542.8980712890625,1009.4810180664062,0.49507656693458557,535.1837158203125,1010.7667236328125,0.4825984835624695,536.7265625,1019.766845703125,0.4530077874660492,532.6122436523438,1018.9954223632812,0.48484450578689575,550.8695678710938,1018.4810791015625,0.6444449424743652,544.9552612304688,1018.73828125,0.4974744915962219,540.8408813476562,1044.1956787109375,0.612357497215271,539.2980346679688,1044.452880859375,0.5132821798324585,547.26953125,1070.424560546875,0.6631096601486206,545.4695434570312,1069.6531982421875,0.5767375230789185,151.51675759098512,132.42932023299807,153.83175971449705,144.9226257882698,23.920140980729094,25.008043070111285,15.986549018564144,8.621134026765615,15.295343446091367,11.995239510145803,50.917514261105694,52.06808550669729,88.76804774374692,94.12765065568495,528.4978637695312,985.56640625,550.8695678710938,1070.424560546875,85.65465244277691,right_ear,left_ankle,51.74319533285672,52.263949480163795,547.9124145507812,1018.6096801757812,535.3122863769531,994.9522399902344,0.366567
24,51.0,528.6591796875,988.2638549804688,0.6988018751144409,530.2010498046875,985.9511108398438,0.674031138420105,527.8883056640625,986.2080688476562,0.7299888134002686,534.5696411132812,986.2080688476562,0.6660411357879639,528.145263671875,987.2359619140625,0.5664489269256592,538.1672973632812,994.4312744140625,0.6961079835891724,532.5138549804688,995.4591674804688,0.577983558177948,542.535888671875,1008.8218994140625,0.4968530535697937,535.340576171875,1011.3916625976562,0.4906221628189087,537.139404296875,1018.8439331054688,0.44596463441848755,532.5138549804688,1019.1009521484375,0.49080735445022583,551.0160522460938,1018.3300170898438,0.6451525092124939,545.6195678710938,1018.8439331054688,0.4925520122051239,540.737060546875,1044.2845458984375,0.5989380478858948,540.2230834960938,1044.54150390625,0.4991251826286316,547.1614379882812,1071.010009765625,0.6528656482696533,546.133544921875,1069.9820556640625,0.5784112215042114,149.80316717863246,134.8124001830434,155.0610440980769,144.87798721554344,23.64178466796875,24.434288787256715,16.18130876515088,8.211181283574863,15.039104957149075,11.382583314929047,51.14070542362986,52.82082619002563,90.0,92.41101017898661,527.8883056640625,985.9511108398438,551.0160522460938,1071.010009765625,85.90521508655823,right_ear,left_ankle,53.12005942603021,52.67240880259597,548.3178100585938,1018.5869750976562,535.340576171875,994.9452209472656,0.383233
25,53.0,528.9024658203125,988.1144409179688,0.6978534460067749,530.7030029296875,985.7994384765625,0.6764016151428223,528.1307983398438,986.056640625,0.7385578155517578,534.8185424804688,986.056640625,0.6687164306640625,527.8735961914062,987.0855712890625,0.5908530354499817,538.4196166992188,994.544921875,0.6995383501052856,532.5035400390625,995.5737915039062,0.5755454897880554,543.0496215820312,1008.9492797851562,0.48076900839805603,535.5902099609375,1011.2642822265625,0.46605196595191956,537.64794921875,1017.1803588867188,0.42971763014793396,532.5035400390625,1016.6658935546875,0.4899955093860626,551.0234375,1018.4664306640625,0.6388394236564636,545.621826171875,1018.9808959960938,0.49087652564048767,540.734619140625,1043.9312744140625,0.5957962274551392,540.4774169921875,1044.7030029296875,0.4965752959251404,547.1651000976562,1071.1966552734375,0.6553096175193787,546.13623046875,1070.167724609375,0.5771111845970154,139.12559358289144,128.905974986903,156.16131485412032,144.7287384595782,21.09210205078125,22.64858669789133,15.991217287135138,6.221329130237055,15.130184136974293,9.845238823736851,51.189413312383955,52.87119589025258,90.0,91.95252132449102,527.8735961914062,985.7994384765625,551.0234375,1071.1966552734375,86.29505531599968,right_ear,left_ankle,54.84830385882239,55.21137722024345,548.3226318359375,1018.7236633300781,535.4615783691406,995.0593566894531,0.3999
26,55.0,529.3248291015625,988.0684204101562,0.6511085033416748,530.8641357421875,985.7593994140625,0.6300147771835327,528.5551147460938,986.0159912109375,0.699101448059082,534.7125244140625,986.2725219726562,0.6518914699554443,528.5551147460938,987.042236328125,0.5960278511047363,538.3043212890625,994.7389526367188,0.6885824799537659,532.4035034179688,995.7651977539062,0.5759638547897339,542.1527099609375,1010.6455688476562,0.4688267707824707,535.4822387695312,1011.6718139648438,0.4638817012310028,535.2256469726562,1018.598876953125,0.4190051257610321,532.4035034179688,1017.8291625976562,0.4514698386192322,551.1322631835938,1018.34228515625,0.6342889070510864,545.4879760742188,1019.1119995117188,0.4850466251373291,540.6133422851562,1043.7415771484375,0.5749598741531372,539.0740356445312,1044.51123046875,0.49604332447052,547.5404663085938,1071.1932373046875,0.6483794450759888,545.7445068359375,1070.423583984375,0.569122314453125,142.48030810860732,125.34464497156708,151.39177548885695,143.34118105576923,22.06396484375,24.057726906986325,16.20182244832415,6.884152348035205,16.365528853412453,10.547004857500108,51.312225727659154,52.972862371101776,90.0,97.35231890322923,528.5551147460938,985.7593994140625,551.1322631835938,1071.1932373046875,86.26606829634201,right_ear,left_ankle,54.01686325645714,54.26007310354449,548.3101196289062,1018.7271423339844,535.3539123535156,995.2520751953125,0.416567
27,57.0,528.6666870117188,988.2178344726562,0.6775645613670349,530.1983642578125,985.9203491210938,0.6501777768135071,527.9008178710938,986.1755981445312,0.7025184631347656,534.5380859375,986.1755981445312,0.6565513610839844,528.411376953125,986.9414672851562,0.5437441468238831,538.1119995117188,995.1103515625,0.665798008441925,533.0064086914062,995.6209106445312,0.556405782699585,539.388427734375,1012.4693603515625,0.4930517375469208,535.0486450195312,1012.4693603515625,0.4753275513648987,532.2406005859375,1023.4463500976562,0.42862388491630554,532.2406005859375,1022.6804809570312,0.44968217611312866,550.6206665039062,1018.5960083007812,0.6392583847045898,545.5150756835938,1019.1065673828125,0.4653487801551819,540.664794921875,1044.1239013671875,0.5763319134712219,539.388427734375,1044.634521484375,0.48582741618156433,547.0467529296875,1071.694091796875,0.6237936615943909,546.2809448242188,1070.6729736328125,0.5712112188339233,157.71259249365107,142.7237918204888,151.6779456586345,145.66093322306713,27.070404643291408,28.937901415445495,16.971770289226605,10.590188740549685,17.405874156339937,13.099073892065327,51.57209331683755,53.21822365688401,91.62108500230413,101.70638982224891,527.9008178710938,985.9203491210938,550.6206665039062,1071.694091796875,86.77721244319982,right_ear,left_ankle,50.46847259726477,50.00410602704896,548.06787109375,1018.8512878417969,535.5592041015625,995.3656311035156,0.433233
28,59.0,531.809814453125,988.3099365234375,0.6457700729370117,533.3312377929688,986.02783203125,0.6152890920639038,530.2883911132812,986.2813720703125,0.7021247744560242,536.1204833984375,986.7885131835938,0.6224660873413086,528.5133666992188,987.295654296875,0.6586758494377136,538.4026489257812,995.1563720703125,0.6493297815322876,532.3169555664062,996.4242553710938,0.5590846538543701,540.4312133789062,1012.6527709960938,0.41545671224594116,535.3598022460938,1012.9063720703125,0.4719524681568146,533.07763671875,1022.034912109375,0.3726333975791931,532.5704956054688,1021.5277709960938,0.41109028458595276,550.82763671875,1018.4849243164062,0.6232829093933105,545.2490844726562,1019.2456665039062,0.46368446946144104,540.6847534179688,1043.842041015625,0.5523862838745117,538.9097900390625,1044.602783203125,0.46813058853149414,547.2776489257812,1071.73486328125,0.6122236847877502,546.7705078125,1070.467041015625,0.5617223978042603,151.61200579140615,135.29775283265977,149.05854157859102,144.89985807021012,25.10479594193163,27.400942860356427,16.760641002144006,9.061387916478182,17.613604092023916,11.92055626077563,51.243964872448856,53.36814043125179,89.42134478350957,101.20598530128645,528.5133666992188,986.02783203125,550.82763671875,1071.73486328125,86.49900751676313,right_ear,left_ankle,51.68873661801569,50.9577520768374,548.0383605957031,1018.8652954101562,535.3598022460938,995.7903137207031,0.4499
29,61.0,530.4246826171875,988.6287231445312,0.6217315793037415,532.4126586914062,986.3922119140625,0.6005027890205383,529.4306640625,986.3922119140625,0.6868138313293457,535.6431884765625,986.8892211914062,0.6319246292114258,528.1881713867188,987.38623046875,0.6161524653434753,537.879638671875,995.3381958007812,0.651192307472229,532.6611938476562,996.5806884765625,0.5721777677536011,540.6131591796875,1012.7330932617188,0.43790704011917114,535.6431884765625,1012.9816284179688,0.5153483748435974,532.90966796875,1021.6790771484375,0.41412296891212463,532.1641845703125,1021.4305419921875,0.48639529943466187,550.5531005859375,1018.6970825195312,0.6228008270263672,544.589111328125,1019.4425659179688,0.4654722809791565,541.1101684570312,1043.79541015625,0.5486387610435486,537.879638671875,1044.29248046875,0.4874451756477356,547.5711059570312,1071.6273193359375,0.6331955790519714,545.0861206054688,1070.63330078125,0.5448809862136841,147.31477013437407,130.33716654381422,149.58952542426047,146.31258081297355,24.854823233525238,26.805645654623312,16.669826721608132,9.137155397842406,17.608367103259784,11.805693733890559,51.19314753035336,53.01417038309355,91.14579097241385,100.68489788704899,528.1881713867188,986.3922119140625,550.5531005859375,1071.6273193359375,86.44223045529539,right_ear,left_ankle,52.05559202915064,50.87128761247681,547.5711059570312,1019.06982421875,535.2704162597656,995.9594421386719,0.466567
30,63.0,531.8602905273438,988.892822265625,0.6944534778594971,533.3809814453125,986.61181640625,0.6567305326461792,530.086181640625,986.865234375,0.7427921295166016,536.1689453125,987.1187133789062,0.6478222608566284,528.31201171875,987.8790283203125,0.6707645058631897,537.4361572265625,996.2428588867188,0.6812013387680054,532.8740844726562,996.2428588867188,0.5549705028533936,538.9568481445312,1013.7308349609375,0.5464056730270386,534.6482543945312,1012.9705200195312,0.513571560382843,532.11376953125,1023.1084594726562,0.45923328399658203,532.11376953125,1021.0808715820312,0.4925822615623474,550.6155395507812,1019.0532836914062,0.6334695816040039,545.0396728515625,1019.5601806640625,0.45657068490982056,540.7310180664062,1043.6378173828125,0.5642879009246826,538.196533203125,1043.891357421875,0.4743952453136444,547.3206787109375,1071.5172119140625,0.6336194276809692,545.0396728515625,1070.50341796875,0.550597071647644,156.59170110348484,138.91113718307372,149.8705197490235,144.79824295105382,24.849646948450406,27.387740060515018,16.821484057177948,8.497141636429745,17.55396844136505,11.608943379581776,50.9432373046875,52.56728899711267,91.75333022269896,101.20586006691401,528.31201171875,986.61181640625,550.6155395507812,1071.5172119140625,85.77106257754832,right_ear,left_ankle,50.74108197242762,51.08490058709552,547.8276062011719,1019.3067321777344,535.1551208496094,996.2428588867188,0.483233
31,65.0,529.109619140625,989.3819580078125,0.6305004358291626,530.6503295898438,986.8140869140625,0.6074903607368469,528.5960693359375,987.0708618164062,0.6802153587341309,534.5021362304688,987.0708618164062,0.6366602182388306,528.3392944335938,987.8412475585938,0.593841552734375,537.3268432617188,996.0584106445312,0.694439172744751,533.4750366210938,996.0584106445312,0.5458390116691589,539.1243286132812,1012.7495727539062,0.5407533645629883,534.7589721679688,1012.7495727539062,0.484335720539093,532.1911010742188,1023.27783203125,0.4585314989089966,532.1911010742188,1022.250732421875,0.4531134366989136,550.6797485351562,1019.426025390625,0.6577211618423462,545.5440063476562,1019.426025390625,0.4739268124103546,540.4082641601562,1043.82080078125,0.59102463722229,538.3539428710938,1044.07763671875,0.48211348056793213,547.3414916992188,1071.2969970703125,0.6649593710899353,545.0304565429688,1070.5267333984375,0.5774753093719482,160.47734197928534,140.4871530156793,149.5726309522216,143.00421345062438,26.223771860211965,27.699688598325963,16.740471410625357,9.84205247854089,16.787669467514466,12.606105168504243,51.103288468567335,51.978280672773565,92.80636633430223,100.68491708151257,528.3392944335938,986.8140869140625,550.6797485351562,1071.2969970703125,85.59173807958611,right_ear,left_ankle,50.35250288852392,49.954192207881654,548.1118774414062,1019.426025390625,535.4009399414062,996.0584106445312,0.4999
32,67.0,529.9327392578125,989.2310791015625,0.6523950695991516,531.485595703125,986.9017944335938,0.6236600279808044,529.1563720703125,987.16064453125,0.7045368552207947,534.8500366210938,987.16064453125,0.644383430480957,528.3799438476562,987.93701171875,0.6130958795547485,537.1792602539062,996.21875,0.6967030763626099,534.3324584960938,995.4423217773438,0.5470694303512573,538.7321166992188,1013.041015625,0.5912187099456787,535.88525390625,1012.2645874023438,0.46712905168533325,531.744384765625,1021.84033203125,0.49190253019332886,532.7796020507812,1021.58154296875,0.43030738830566406,550.6370849609375,1019.5111083984375,0.6598936319351196,546.2374267578125,1019.5111083984375,0.4824219346046448,540.543701171875,1043.8387451171875,0.5995514988899231,539.2496948242188,1044.3563232421875,0.48764699697494507,547.2726440429688,1071.27197265625,0.6682184934616089,544.6845703125,1070.4954833984375,0.5836265683174133,156.29125273975282,136.27212898638632,152.5456947069244,143.6850724948685,26.18530594881431,26.19166541778497,16.89377975302919,9.820933482809304,16.893785363198067,11.23638584212318,51.008017578419704,51.870092841696305,93.39978279671428,101.97612057040409,528.3799438476562,986.9017944335938,550.6370849609375,1071.27197265625,85.44969183750526,right_ear,left_ankle,51.8132601856278,50.34184976410331,548.437255859375,1019.5111083984375,535.755859375,995.8305358886719,0.516567
33,70.0,530.945068359375,989.124755859375,0.7154742479324341,532.4797973632812,986.8226928710938,0.6821759343147278,529.1546020507812,987.0784912109375,0.7636304497718811,535.804931640625,987.334228515625,0.6812376976013184,527.3641357421875,988.3573608398438,0.6755964756011963,537.8511962890625,996.7982177734375,0.6976431608200073,533.2471313476562,996.2866821289062,0.5559357404708862,539.6416625976562,1013.9356689453125,0.5431573390960693,535.03759765625,1012.65673828125,0.4679618179798126,533.2471313476562,1021.0975952148438,0.444097101688385,532.9913330078125,1020.841796875,0.44914358854293823,550.8961181640625,1019.5629272460938,0.647125780582428,545.0131225585938,1019.8186645507812,0.4700908660888672,540.664794921875,1044.3739013671875,0.5861936807632446,538.36279296875,1044.3739013671875,0.47643035650253296,547.315185546875,1071.2310791015625,0.6524314880371094,545.0131225585938,1070.4637451171875,0.5547047853469849,159.72187075444393,132.2754618417657,150.5458035187587,143.68231300448875,24.556447075757877,24.731703500256693,16.46768071202186,8.436965283475201,17.230728431224524,9.601209184130319,50.64508056640625,51.79209393883024,90.5968465348709,100.72879641482402,527.3641357421875,986.8226928710938,550.8961181640625,1071.2310791015625,85.24140758359083,right_ear,left_ankle,52.06991795242283,51.057430128763905,547.9546203613281,1019.6907958984375,535.5491638183594,996.5424499511719,0.533233
34,72.0,531.8104248046875,989.3102416992188,0.7315510511398315,533.603271484375,987.0051879882812,0.7021504640579224,530.0176391601562,987.2612915039062,0.7826703190803528,536.4205932617188,987.5174560546875,0.6944922208786011,527.7125244140625,988.5419311523438,0.7285505533218384,538.21337890625,997.2499389648438,0.7066036462783813,532.5787963867188,996.4815673828125,0.5680307745933533,539.7501220703125,1014.6659545898438,0.5561403632164001,534.6277465820312,1012.3609008789062,0.48044952750205994,533.34716796875,1022.0933837890625,0.4322914481163025,532.8348999023438,1021.3250122070312,0.4568282961845398,550.76318359375,1020.04443359375,0.6483638882637024,544.6163330078125,1020.04443359375,0.4851571321487427,541.2868041992188,1044.887939453125,0.6089175939559937,538.21337890625,1044.887939453125,0.5099536180496216,547.4336547851562,1071.26806640625,0.6765869855880737,543.8480224609375,1070.499755859375,0.57835853099823,161.33752298646172,134.19383551633106,153.1400837765654,146.00451460723517,24.844764835770068,25.31554383421865,16.010978395558347,9.141640504848429,17.483683244743855,9.80635129577374,50.461171667179045,51.331728205828824,89.40937615878201,101.08250098295426,527.7125244140625,987.0051879882812,550.76318359375,1071.26806640625,85.0443204285934,right_ear,left_ankle,51.15250259107476,50.39289912045474,547.6897583007812,1020.04443359375,535.3960876464844,996.8657531738281,0.5499
35,75.0,532.098876953125,989.2879028320312,0.68824303150177,533.6275024414062,986.9949340820312,0.6539729833602905,530.3154907226562,987.5045166015625,0.7493512034416199,535.92041015625,987.5045166015625,0.6592576503753662,528.0225830078125,988.268798828125,0.7219013571739197,537.7037963867188,996.9309692382812,0.6973528861999512,532.8631591796875,996.4214477539062,0.5608683228492737,539.741943359375,1014.5101318359375,0.5527113080024719,534.6465454101562,1012.7267456054688,0.46524888277053833,533.3727416992188,1021.8984375,0.43327265977859497,532.8631591796875,1021.1341552734375,0.4457850754261017,550.4423217773438,1019.8602905273438,0.650102972984314,544.3278198242188,1020.1150512695312,0.48375633358955383,541.525390625,1044.8277587890625,0.6102748513221741,538.21337890625,1044.8277587890625,0.5191614627838135,547.6398315429688,1071.069091796875,0.6831226944923401,543.3087768554688,1070.5594482421875,0.6090088486671448,161.78199596632425,132.62310978420817,154.90209078702082,147.22987609690477,24.71270751953125,25.340333583164387,16.402536525647314,8.594475188868715,17.696920656345394,9.75468043419953,50.45468892488675,51.28542949977228,90.0,99.84104989838428,528.0225830078125,986.9949340820312,550.4423217773438,1071.069091796875,85.09244946410298,right_ear,left_ankle,51.1986630352046,50.5170319167245,547.3850708007812,1019.9876708984375,535.2834777832031,996.6762084960938,0.566567
36,78.0,527.5197143554688,989.8344116210938,0.6063433885574341,528.789306640625,987.5491943359375,0.5792338252067566,527.7736206054688,987.8031005859375,0.6263120174407959,533.1058349609375,987.8031005859375,0.630592405796051,528.535400390625,988.3109130859375,0.5562344789505005,537.42236328125,996.6900634765625,0.6926456689834595,534.1215209960938,996.1822509765625,0.5464545488357544,539.1997680664062,1015.225830078125,0.5333962440490723,534.6293334960938,1012.9405517578125,0.4619199335575104,533.1058349609375,1023.60498046875,0.43277862668037415,532.8519287109375,1023.0971069335938,0.4515266418457031,550.1181030273438,1020.8118896484375,0.6518086791038513,545.293701171875,1020.5579833984375,0.4766046106815338,539.7075805664062,1044.4259033203125,0.6215908527374268,541.9928588867188,1045.4415283203125,0.5022407174110413,546.0554809570312,1072.1025390625,0.6645776629447937,546.8171997070312,1070.5791015625,0.6002413034439087,168.33805707986653,138.4952250521896,161.57976965075068,143.2912304802089,26.944783089835198,27.258854954608847,16.76599292049238,10.310905916018497,18.620789759779154,10.360800256864287,50.04431346486558,51.45129362224491,92.70067948190379,99.11132597430381,527.5197143554688,987.5491943359375,550.1181030273438,1072.1025390625,85.60367869927968,right_ear,left_ankle,50.196678385908776,49.49311677328292,547.7059020996094,1020.6849365234375,535.7719421386719,996.4361572265625,0.583233
37,81.0,530.7689208984375,989.5648193359375,0.6003794074058533,531.7831420898438,987.2827758789062,0.5594049692153931,529.5010986328125,987.5363159179688,0.6721175909042358,534.5723876953125,987.5363159179688,0.6087719202041626,528.2332763671875,988.8041381835938,0.6423494815826416,537.361572265625,996.918212890625,0.6924910545349121,533.3045654296875,996.6646118164062,0.5659037232398987,538.3758544921875,1015.1748657226562,0.5672082901000977,534.0652465820312,1012.8927612304688,0.4931381344795227,532.290283203125,1025.3175048828125,0.4534430503845215,532.290283203125,1022.274658203125,0.4678029417991638,550.039794921875,1020.7532958984375,0.6478937268257141,544.7149658203125,1021.0068359375,0.471242755651474,539.6436767578125,1044.3348388671875,0.6211661696434021,542.432861328125,1045.6026611328125,0.510040819644928,546.236328125,1071.7198486328125,0.6676558256149292,546.7434692382812,1070.4520263671875,0.6023539304733276,166.60308894633357,145.85638939916518,164.85789232793516,142.67353464689364,25.630123768039176,28.848531304261524,16.245967783443007,9.548323716862285,18.28480629004407,11.828241925467914,49.48678290962923,51.10827582007398,92.26800583077066,100.12464608391132,528.2332763671875,987.2827758789062,550.039794921875,1071.7198486328125,84.98773256593252,left_ear,left_ankle,48.452757139879246,50.29864202722036,547.3773803710938,1020.8800659179688,535.3330688476562,996.7914123535156,0.5999
38,84.0,530.095458984375,989.6592407226562,0.5449002981185913,530.8621826171875,987.359130859375,0.5065646171569824,529.5843505859375,987.61474609375,0.6262398958206177,534.1845092773438,987.61474609375,0.5972838997840881,528.0509643554688,988.636962890625,0.6034713983535767,536.9957275390625,996.8150634765625,0.6850171685218811,534.1845092773438,996.3038940429688,0.5475544333457947,538.2735595703125,1015.2156982421875,0.5543191432952881,534.6956176757812,1013.1712036132812,0.4784974157810211,532.651123046875,1025.949462890625,0.45385435223579407,532.3955688476562,1022.8826293945312,0.46323853731155396,550.029541015625,1020.5825805664062,0.6479647159576416,544.6626586914062,1020.5825805664062,0.4664658010005951,539.8069458007812,1044.605712890625,0.6286872625350952,541.5958862304688,1045.6279296875,0.5068425536155701,545.9404907226562,1071.9510498046875,0.6679561734199524,546.7071533203125,1070.417724609375,0.5947726964950562,164.93998177414923,148.3815454520412,161.36872247486468,144.30655273416698,26.638871611788826,29.45655813926096,16.87505152394235,9.98008092735156,18.444950920997755,12.117157091831837,49.877064268770575,51.53096121927744,93.85061111658032,98.48160785404208,528.0509643554688,987.359130859375,550.029541015625,1071.9510498046875,85.21309894591475,right_ear,left_ankle,47.882703472487286,49.64279129140742,547.3460998535156,1020.5825805664062,535.5901184082031,996.5594787597656,0.616567
39,87.0,528.4423828125,989.5936279296875,0.5425756573677063,529.4632568359375,987.296630859375,0.5203157663345337,528.9528198242188,987.5518798828125,0.594711422920227,533.8020629882812,987.5518798828125,0.6106917262077332,528.1871948242188,988.57275390625,0.5832724571228027,537.1199340820312,996.7398681640625,0.670438289642334,533.2915649414062,996.484619140625,0.5562962889671326,538.39599609375,1014.6053466796875,0.49490058422088623,534.3125,1012.8187866210938,0.4717150330543518,533.2915649414062,1023.7933349609375,0.42143672704696655,532.5259399414062,1022.0067749023438,0.4474477469921112,550.13623046875,1020.4754638671875,0.6404082775115967,544.0109252929688,1020.7306518554688,0.48206472396850586,540.4378051757812,1044.46630859375,0.6249337196350098,538.906494140625,1045.4871826171875,0.5275180339813232,546.5631103515625,1071.77490234375,0.6616760492324829,545.7974243164062,1070.7540283203125,0.5849793553352356,165.41990931082736,146.85995007819815,153.09465840428382,145.34654081774696,25.53363695923592,27.323002690160315,16.36604215055884,9.360070806321383,17.91099262603863,10.510677715799522,50.055267172438775,51.42372580222548,91.7182690184542,98.05451487148757,528.1871948242188,987.296630859375,550.13623046875,1071.77490234375,85.20722842625418,right_ear,left_ankle,49.78317713932304,50.521549989202974,547.0735778808594,1020.6030578613281,535.2057495117188,996.6122436523438,0.633233
40,91.0,528.2367553710938,989.920654296875,0.5964083671569824,529.5201416015625,987.610595703125,0.5706939101219177,528.2367553710938,987.8672485351562,0.6394864916801453,533.626953125,987.610595703125,0.6207220554351807,528.493408203125,988.380615234375,0.5616458058357239,536.9637451171875,997.1076049804688,0.6693044304847717,533.3702392578125,996.59423828125,0.5472808480262756,538.2471313476562,1015.0748901367188,0.504267692565918,534.39697265625,1013.2781982421875,0.4830043315887451,532.85693359375,1025.855224609375,0.45790794491767883,532.3435668945312,1023.2885131835938,0.4582997262477875,549.7975463867188,1020.7217407226562,0.6386957168579102,543.8939819335938,1020.9784545898438,0.48190808296203613,540.5571899414062,1044.8492431640625,0.6330170631408691,539.0171508789062,1045.8759765625,0.5370413661003113,546.9740600585938,1071.5435791015625,0.6722955703735352,544.150634765625,1070.7735595703125,0.595399022102356,164.88623061520698,149.3491741770493,157.26722258711132,145.52765595388163,26.71401071916055,29.039482351056378,16.715522769259497,10.21875141337732,18.01306237435929,12.052793998428609,49.79576639325971,50.90020954040147,92.20253275651504,98.13011938471175,528.2367553710938,987.610595703125,549.7975463867188,1071.5435791015625,85.19162548148834,right_ear,left_ankle,47.81965072883931,48.93093583880698,546.8457641601562,1020.85009765625,535.1669921875,996.8509216308594,0.6499
41,95.0,530.1277465820312,989.71630859375,0.604300320148468,531.4117431640625,987.4050903320312,0.575802206993103,529.1005249023438,987.661865234375,0.6780053973197937,534.4933471679688,987.661865234375,0.6264399886131287,527.8165283203125,988.4323120117188,0.6333898901939392,537.8317260742188,997.6770629882812,0.6827132105827332,532.43896484375,996.64990234375,0.5640358924865723,538.6021118164062,1015.9098510742188,0.5542078018188477,534.2365112304688,1013.0850830078125,0.507850170135498,532.18212890625,1026.6954345703125,0.47565150260925293,532.18212890625,1023.3570556640625,0.4776034951210022,549.64453125,1020.7890625,0.6515775918960571,543.4813232421875,1020.5322875976562,0.504845142364502,540.6565551757812,1044.67138671875,0.646429181098938,539.11572265625,1045.6986083984375,0.5526701807975769,547.0765380859375,1070.864990234375,0.6573840379714966,543.7381591796875,1070.6082763671875,0.6013174653053284,162.44839501288442,146.81784251334585,159.64615600478933,145.60489616569032,26.708388254881097,29.563217643435895,16.53318893839841,10.475395409473101,18.24905629281882,12.551692790930959,50.07664741119369,50.1417303984318,90.55098203288121,101.01711675643192,527.8165283203125,987.4050903320312,549.64453125,1070.864990234375,84.65278740320342,right_ear,left_ankle,46.61322851265159,48.643804267512145,546.5629272460938,1020.6606750488281,535.1353454589844,997.1634826660156,0.666567
42,98.0,530.0845947265625,989.35888671875,0.6213565468788147,531.6219482421875,987.0527954101562,0.5960985422134399,528.8034057617188,987.3090209960938,0.6953659057617188,534.69677734375,987.5653076171875,0.6444339752197266,527.2660522460938,988.333984375,0.6631864905357361,538.0277709960938,997.5582885742188,0.6948792934417725,532.1344604492188,996.7896118164062,0.5729124546051025,538.7964477539062,1015.750732421875,0.5711252689361572,533.9280395507812,1012.6759643554688,0.5153208374977112,531.6219482421875,1026.7686767578125,0.52591872215271,531.878173828125,1022.4127197265625,0.4911843538284302,549.8143920898438,1020.619140625,0.6536753177642822,543.4086303710938,1020.619140625,0.5042874813079834,540.3338623046875,1044.4486083984375,0.64036625623703,539.5651245117188,1045.4735107421875,0.5404403209686279,546.2271728515625,1070.8404541015625,0.6593402028083801,546.2271728515625,1070.07177734375,0.5872619152069092,161.6697613106782,144.50978126040695,156.0552451012526,145.71724960499503,25.624389588976815,29.90453716396053,15.987280037233953,9.95019369848869,18.20867587465181,13.147948152980746,49.53289270929841,50.34926483251422,90.57306288259814,102.36912865890372,527.2660522460938,987.0527954101562,549.8143920898438,1070.8404541015625,84.65720076493969,right_ear,left_ankle,46.428807265827636,49.77227688114146,546.6115112304688,1020.619140625,535.0811157226562,997.1739501953125,0.683233
43,102.0,527.6118774414062,989.7835083007812,0.6104444861412048,529.1544799804688,987.4696044921875,0.5867235660552979,527.8689575195312,987.7266845703125,0.650004506111145,533.2681274414062,987.7266845703125,0.6514049768447876,528.1260375976562,988.4979858398438,0.6023789048194885,537.3817749023438,997.49658203125,0.7106611728668213,533.010986328125,996.4681396484375,0.5646098852157593,537.8959350585938,1015.7508544921875,0.6236321926116943,534.8107299804688,1012.9227294921875,0.5146011114120483,531.7254638671875,1027.0633544921875,0.5423309803009033,532.2396850585938,1022.94970703125,0.5004788637161255,549.72265625,1020.8928833007812,0.6557540893554688,544.06640625,1020.6358032226562,0.5042901039123535,540.7240600585938,1044.803466796875,0.6534250974655151,539.6956787109375,1045.57470703125,0.5577828884124756,546.3803100585938,1071.02783203125,0.6616659760475159,545.8661499023438,1070.256591796875,0.5976380109786987,159.37647716114006,149.77607620343673,156.02320153196908,147.20500233686866,26.492797449473308,30.10295480984022,16.552721955623863,10.351355010778207,18.26151208811626,12.885936945910238,49.65341615580412,50.24623729464663,91.66832335715107,100.83018967544021,527.6118774414062,987.4696044921875,549.72265625,1071.02783203125,84.52451700811613,right_ear,left_ankle,46.34263482125833,49.23029443712558,546.89453125,1020.7643432617188,535.1963806152344,996.9823608398438,0.6998
44,105.0,528.3910522460938,990.0406494140625,0.6571000218391418,529.9265747070312,987.4814453125,0.6357255578041077,527.3673706054688,987.7373657226562,0.7100470662117004,533.7654418945312,987.7373657226562,0.6657344698905945,527.1114501953125,988.7610473632812,0.6210892796516418,536.8365478515625,996.9506225585938,0.6797293424606323,531.9739990234375,996.6947021484375,0.575747549533844,538.6279907226562,1014.865234375,0.5349075794219971,534.2772827148438,1013.0737915039062,0.5275121927261353,531.718017578125,1026.1258544921875,0.5196393728256226,531.718017578125,1023.0548095703125,0.4952126145362854,549.120849609375,1020.2396850585938,0.6403981447219849,543.234619140625,1020.2396850585938,0.48509636521339417,540.41943359375,1045.064208984375,0.62605881690979,538.3720703125,1045.3201904296875,0.5275518298149109,546.8175659179688,1070.6566162109375,0.6520594358444214,543.7464599609375,1069.8887939453125,0.5855388641357422,157.61380389897295,142.75449829202876,156.68865118338178,146.64726426830347,26.361350302917597,29.62082899817432,16.540244371759677,10.303909922061237,18.00396023359625,13.211710497954114,49.651747142176106,50.46951617147987,90.55637843988735,99.9507572532857,527.1114501953125,987.4814453125,549.120849609375,1070.6566162109375,84.23310034514891,right_ear,left_ankle,47.021113335600305,48.35396073326759,546.177734375,1020.2396850585938,534.4052734375,996.8226623535156,0.716367
45,108.0,529.7811889648438,988.9071655273438,0.6456485986709595,531.2863159179688,986.6494750976562,0.6183252334594727,528.2760620117188,986.9003295898438,0.700424313545227,534.2965698242188,987.1511840820312,0.6664617657661438,527.2726440429688,987.9037475585938,0.6446201205253601,536.5542602539062,996.6836547851562,0.68145751953125,532.5405883789062,996.1819458007812,0.5751071572303772,537.5576782226562,1014.2435302734375,0.5612241625785828,534.7982788085938,1012.2366943359375,0.49939775466918945,532.0388793945312,1025.0302734375,0.5258508920669556,532.0388793945312,1021.2674560546875,0.49030399322509766,549.3478393554688,1019.511474609375,0.6431099772453308,543.3273315429688,1019.511474609375,0.47369149327278137,540.8187866210938,1044.3460693359375,0.6137222051620483,538.5610961914062,1044.596923828125,0.49960246682167053,546.3375854492188,1070.4349365234375,0.6388282775878906,546.5884399414062,1068.9298095703125,0.5538127422332764,155.0044770850251,149.63397046718026,150.98446967833416,149.1015909753118,25.090526829937993,28.703997166363653,16.212714658668496,9.44293081342699,17.58852110849434,12.116557621402333,49.525818098218,51.0123573449911,91.1457600511809,99.05070251198903,527.2726440429688,986.6494750976562,549.3478393554688,1070.4349365234375,84.70459930118608,right_ear,left_ankle,47.602903533144406,49.83361972359215,546.3375854492188,1019.511474609375,534.5474243164062,996.4328002929688,0.733133
46,113.0,530.7842407226562,988.7578125,0.6747939586639404,532.2800903320312,986.2647094726562,0.6417378783226013,529.0390625,986.7633666992188,0.7269125580787659,534.773193359375,987.0126342773438,0.6606782674789429,527.2938842773438,987.5112915039062,0.6823193430900574,536.2691040039062,996.2371826171875,0.6956733465194702,532.5294189453125,995.7385864257812,0.5659482479095459,537.266357421875,1013.6890258789062,0.5795018672943115,534.773193359375,1012.193115234375,0.4999276101589203,531.5321655273438,1024.65869140625,0.5178033709526062,531.781494140625,1021.1683349609375,0.48155778646469116,549.2332763671875,1019.1738891601562,0.6391932368278503,543.00048828125,1019.1738891601562,0.4655252695083618,541.0059814453125,1043.855712890625,0.6012842655181885,538.2635498046875,1044.3543701171875,0.49794694781303406,546.7401733398438,1069.5347900390625,0.6437826752662659,545.2443237304688,1068.53759765625,0.5377238988876343,153.80020355494545,149.1319994806763,153.24465300575497,148.97725344150453,25.440744919808232,28.813551464154767,16.60680709630973,9.460699411541729,17.480313143969948,12.37798523448391,49.41467913495431,50.42257331830626,91.68466411208956,99.46236211373501,527.2938842773438,986.2647094726562,549.2332763671875,1069.5347900390625,84.29716762886572,right_ear,left_ankle,47.38298988167565,49.24525184078864,546.1168823242188,1019.1738891601562,534.3992614746094,995.9878845214844,0.7498
47,116.0,531.4669189453125,988.7286376953125,0.6801966428756714,532.956298828125,986.2463989257812,0.6473531723022461,529.7293090820312,986.7428588867188,0.7383308410644531,535.1903076171875,986.9910888671875,0.6519904136657715,527.2470703125,987.4874877929688,0.7234153151512146,536.9279174804688,996.4237060546875,0.7116659879684448,531.96337890625,995.92724609375,0.5909057259559631,538.1690063476562,1014.2960205078125,0.5718978643417358,534.1973876953125,1012.0619506835938,0.5121309161186218,531.7151489257812,1024.9697265625,0.5312072038650513,531.4669189453125,1020.9981079101562,0.47296351194381714,549.3392333984375,1019.2605590820312,0.6487939357757568,542.8853149414062,1019.5087890625,0.48950284719467163,540.8995361328125,1043.3385009765625,0.607183575630188,537.9207763671875,1043.8349609375,0.5105060338973999,546.6087646484375,1069.1541748046875,0.6618303060531616,544.8711547851562,1068.1612548828125,0.5603002905845642,155.12627065184802,144.86838446070382,152.51993330177817,148.2131868884778,25.07577685157832,29.018067524168295,16.288630619887403,9.344001582436283,17.91535446168,12.47318229497844,48.69297680653444,49.9682734289951,91.13443819718228,100.34871707656443,527.2470703125,986.2463989257812,549.3392333984375,1069.1541748046875,83.9304651186225,right_ear,left_ankle,46.62708714642916,49.03096950718521,546.1122741699219,1019.3846740722656,534.4456481933594,996.1754760742188,0.766467
48,119.0,530.0808715820312,988.60498046875,0.6721175909042358,531.5772094726562,986.1110229492188,0.643243670463562,528.5845336914062,986.3604125976562,0.7305054664611816,534.320556640625,986.8591918945312,0.6683036088943481,526.8387451171875,987.3580322265625,0.6916486024856567,536.315673828125,996.3361206054688,0.710862398147583,531.5772094726562,995.5879516601562,0.5903627872467041,537.5626831054688,1013.7936401367188,0.5623568296432495,533.82177734375,1011.7985229492188,0.5163784623146057,531.3278198242188,1025.51513671875,0.5302153825759888,530.8290405273438,1021.2754516601562,0.500747561454773,548.5359497070312,1019.2802734375,0.6564299464225769,542.3011474609375,1019.2802734375,0.5074505805969238,540.3059692382812,1043.2220458984375,0.6278554797172546,537.3132934570312,1043.471435546875,0.5255444645881653,546.7902221679688,1068.6600341796875,0.675381064414978,543.2987060546875,1067.6624755859375,0.5871564149856567,154.59107350902323,147.90496975154807,154.4525555275421,146.72919622004562,25.6983931992008,29.602257834553946,16.365228579085713,9.938241868885306,17.502000466282606,13.276558374008296,48.39248503518118,49.41060954487733,91.66831367727055,99.70036905290142,526.8387451171875,986.1110229492188,548.5359497070312,1068.6600341796875,83.71425779455846,right_ear,left_ankle,45.831954607618655,48.03382711230521,545.4185485839844,1019.2802734375,533.9464416503906,995.9620361328125,0.783133
49,122.0,531.0404052734375,988.0708618164062,0.6659245491027832,532.51806640625,985.8544311523438,0.645379900932312,529.3165283203125,985.8544311523438,0.7260670065879822,534.980712890625,986.3469848632812,0.6538839340209961,527.3463745117188,986.59326171875,0.6883252263069153,536.7046508789062,995.7052001953125,0.6913198828697205,531.7792358398438,995.212646484375,0.5803015232086182,537.4434204101562,1013.4365844726562,0.5637544393539429,534.241943359375,1011.958984375,0.5042585134506226,531.532958984375,1025.996337890625,0.5175209045410156,531.2866821289062,1022.3023071289062,0.47276926040649414,548.7718505859375,1018.3619995117188,0.6390708088874817,542.6151123046875,1018.6082763671875,0.4811072051525116,541.137451171875,1042.74267578125,0.6055459380149841,538.1822509765625,1042.9888916015625,0.5108367800712585,547.0479125976562,1068.1083984375,0.6413121223449707,543.6001586914062,1067.123291015625,0.5449124574661255,155.68854724381748,152.41309515741207,157.04258854933386,149.49648878271032,27.094138166659288,30.72945524945638,16.926451520438015,10.75722522455426,17.7467678412475,13.880956746054135,48.525013783842375,49.77626109171328,91.04165717856662,99.68884948962554,527.3463745117188,985.8544311523438,548.7718505859375,1068.1083984375,83.86219718817382,right_ear,left_ankle,44.87916475521726,46.481634024943,545.6934814453125,1018.4851379394531,534.241943359375,995.4589233398438,0.7998
50,127.0,531.054931640625,988.0613403320312,0.7381002902984619,532.8225708007812,985.7886352539062,0.7057538628578186,529.2872314453125,986.0411376953125,0.7812395095825195,535.0953369140625,986.2936401367188,0.6771939992904663,527.0145263671875,986.7987060546875,0.7158291339874268,536.1054077148438,995.132080078125,0.6791682243347168,531.3074340820312,994.8795166015625,0.5768424868583679,537.3680419921875,1012.5562744140625,0.5487078428268433,534.3377685546875,1011.0411376953125,0.5027528405189514,531.8125,1022.9098510742188,0.4776145815849304,531.8125,1020.132080078125,0.47641870379447937,548.4791870117188,1017.8593139648438,0.6413127779960632,542.9236450195312,1017.8593139648438,0.46892249584198,540.1458129882812,1042.6068115234375,0.6185427308082581,540.3983764648438,1043.11181640625,0.49261075258255005,545.701416015625,1067.859375,0.6378604173660278,546.7114868164062,1066.8492431640625,0.5702977180480957,153.8560887790411,147.63813586269066,159.39597156669154,148.98226342659652,25.25761377722195,28.10753667896908,16.443263769523185,9.435158434330082,17.469882471695104,11.749918999069351,49.13614665826594,50.077161613115514,88.85420393913633,98.78525735950599,527.0145263671875,985.7886352539062,548.4791870117188,1067.859375,83.18672907738608,right_ear,left_ankle,47.04637806721646,49.03542734547675,545.701416015625,1017.8593139648438,533.7064208984375,995.0057983398438,0.816467
51,132.0,530.8265380859375,987.8735961914062,0.7084779143333435,532.3427734375,985.3466186523438,0.6779139041900635,529.0576782226562,985.5993041992188,0.758598804473877,534.6170654296875,985.8519897460938,0.6650019288063049,527.2887573242188,986.357421875,0.6871211528778076,535.880615234375,995.2019653320312,0.6922322511672974,532.3427734375,994.191162109375,0.5600385665893555,537.1441040039062,1012.1329345703125,0.5939531326293945,534.6170654296875,1010.364013671875,0.4698895514011383,532.3427734375,1023.5045166015625,0.503716766834259,532.090087890625,1018.9558715820312,0.46809133887290955,548.5156860351562,1017.945068359375,0.6363780498504639,544.472412109375,1017.4396362304688,0.4508814215660095,539.923828125,1042.204345703125,0.6259820461273193,542.1981201171875,1042.4571533203125,0.5050187110900879,545.4832153320312,1067.7271728515625,0.645698606967926,547.2521362304688,1066.2110595703125,0.5822784900665283,155.60602535160712,152.84162709354766,162.7941704035882,148.20925092433254,24.76599857164394,28.522810747613228,16.331978806267994,8.955760036492766,16.978048274709245,12.343648289762426,48.85057421140151,49.874380259171005,90.58459450116423,97.12506197096788,527.2887573242188,985.3466186523438,548.5156860351562,1067.7271728515625,83.37910215507148,right_ear,left_ankle,46.13365950137943,49.628021335406466,546.4940490722656,1017.6923522949219,534.1116943359375,994.6965637207031,0.833133
52,137.0,530.0381469726562,988.287109375,0.6818146705627441,531.5554809570312,985.75830078125,0.6522628664970398,528.5208740234375,986.2640380859375,0.7329654693603516,534.0842895507812,986.0111694335938,0.6516811847686768,527.2564086914062,986.5169677734375,0.6595839262008667,536.1073608398438,995.3678588867188,0.6798056364059448,532.3140869140625,994.1034545898438,0.5692431330680847,537.118896484375,1012.3110961914062,0.5626159906387329,534.590087890625,1010.03515625,0.4887511134147644,532.3140869140625,1023.1851196289062,0.5071759223937988,532.3140869140625,1019.1389770507812,0.4517981708049774,548.7515258789062,1018.12744140625,0.6317309737205505,543.1881103515625,1017.6216430664062,0.45891356468200684,540.1535034179688,1041.8985595703125,0.623619019985199,538.8890991210938,1041.8985595703125,0.49181270599365234,546.4755859375,1067.1868896484375,0.6570167541503906,546.2227172851562,1065.6695556640625,0.5614454746246338,157.83322844389897,152.74463659957036,152.81245633331451,146.07867986342427,25.0355224609375,28.074702532259497,16.093455136593224,9.384014792083972,16.973405513423387,11.888253897283061,48.143646976869434,49.11221196855994,90.0,97.7651884584878,527.2564086914062,985.75830078125,548.7515258789062,1067.1868896484375,82.927758135231,right_ear,left_ankle,46.22449371753616,48.5648509200477,545.9698181152344,1017.8745422363281,534.2107238769531,994.7356567382812,0.8498
53,142.0,530.5933227539062,987.5291748046875,0.6703892946243286,531.8806762695312,985.2118530273438,0.6393680572509766,529.0484619140625,985.4693603515625,0.7286039590835571,534.197998046875,985.726806640625,0.6469976305961609,527.24609375,986.499267578125,0.6955878138542175,536.5152587890625,994.2235717773438,0.7023966312408447,531.1082763671875,994.2235717773438,0.6113704442977905,538.8325805664062,1009.6722412109375,0.510441780090332,533.425537109375,1009.4147338867188,0.5103321075439453,533.6830444335938,1018.94140625,0.512249231338501,531.8806762695312,1018.4264526367188,0.4781840443611145,549.38916015625,1017.3965454101562,0.6374842524528503,543.209716796875,1017.6539916992188,0.4959988594055176,540.6349487304688,1041.08447265625,0.6293144226074219,538.5750732421875,1041.599365234375,0.5238879919052124,546.8143920898438,1066.3172607421875,0.6711277961730957,544.7545776367188,1065.287353515625,0.5813438296318054,161.59940813023366,142.41455235682733,154.42486991380716,145.95673569334303,24.2152027351051,24.87956549405469,15.366883339851125,9.143176135434793,15.621503368376727,10.603543884217203,47.658406949321666,48.98842535939916,88.17210853349602,96.53654782489942,527.24609375,985.2118530273438,549.38916015625,1066.3172607421875,82.18169098196665,right_ear,left_ankle,49.16201664022973,48.59713332692319,546.2994384765625,1017.5252685546875,533.811767578125,994.2235717773438,0.866467
54,145.0,530.099609375,987.325439453125,0.7181559801101685,531.8856811523438,985.0291137695312,0.68089359998703,528.5687255859375,985.2843017578125,0.769134521484375,534.1820068359375,985.5394287109375,0.6778485178947449,526.78271484375,986.0497436523438,0.7113595008850098,535.457763671875,993.9592895507812,0.7350995540618896,531.6304931640625,993.7041625976562,0.5842483043670654,536.7334594726562,1010.5439453125,0.5713254809379578,534.6923217773438,1009.5233764648438,0.49097371101379395,532.1408081054688,1019.9844360351562,0.5046740770339966,532.1408081054688,1017.4329833984375,0.47941961884498596,548.9805908203125,1016.9226684570312,0.6476237773895264,543.8776245117188,1016.9226684570312,0.48890650272369385,540.0504150390625,1041.1617431640625,0.6336414813995361,539.7952880859375,1041.4168701171875,0.5002734661102295,546.4291381835938,1065.9111328125,0.6683974266052246,545.6636962890625,1064.6353759765625,0.5752335786819458,151.16690103948423,149.6592569893737,156.35346522557816,145.3227008329227,23.73430761440096,26.235671208541433,16.112799937718,8.310962872117729,16.63364681934908,10.498348044577677,47.746125614945534,49.05486265870542,88.76797983058165,97.26329918592126,526.78271484375,985.0291137695312,548.9805908203125,1065.9111328125,82.24246730636357,right_ear,left_ankle,48.098002591578876,49.101266479851716,546.4291076660156,1016.9226684570312,533.5441284179688,993.8317260742188,0.883133
55,148.0,528.5589599609375,986.8381958007812,0.6502601504325867,530.0809936523438,984.55517578125,0.626562774181366,527.7979736328125,984.808837890625,0.7143670916557312,533.125,985.0625,0.6619129180908203,527.0369262695312,985.823486328125,0.6529581546783447,536.1690063476562,994.1945190429688,0.7121963500976562,531.6029663085938,993.6871948242188,0.6107406616210938,537.9447021484375,1011.4439697265625,0.5647366642951965,533.885986328125,1008.6536254882812,0.4904521107673645,533.378662109375,1020.3223876953125,0.49694257974624634,532.1102905273438,1016.517333984375,0.495236873626709,549.6134033203125,1017.024658203125,0.6528108716011047,543.779052734375,1017.024658203125,0.5048903226852417,540.2277221679688,1040.3621826171875,0.6333944797515869,538.9593505859375,1040.6158447265625,0.5098909139633179,546.5693969726562,1065.475341796875,0.6852061152458191,544.793701171875,1064.4605712890625,0.571552038192749,158.6023132227023,146.9064570756034,154.70426049751944,143.91915789748828,22.835775264593718,26.276444608855222,15.139558356562809,8.061699999903816,17.340606807797847,9.983738140904174,47.44676344860983,48.54621216270377,88.72700060026307,96.09583841815841,527.0369262695312,984.55517578125,549.6134033203125,1065.475341796875,82.0118009275682,right_ear,left_ankle,47.0402460700536,49.59256908884019,546.6962280273438,1017.024658203125,533.885986328125,993.9408569335938,0.8998
56,151.0,529.3201904296875,986.7489013671875,0.7395958304405212,531.0620727539062,984.5093994140625,0.7204960584640503,527.8272094726562,984.7582397460938,0.783266544342041,534.0481567382812,985.007080078125,0.7275099754333496,526.3341674804688,985.5046997070312,0.710767388343811,536.038818359375,994.2140502929688,0.7386716604232788,531.0620727539062,993.7163696289062,0.6094017028808594,536.5364990234375,1011.1350708007812,0.5868337154388428,533.79931640625,1008.6466674804688,0.5148376226425171,533.0527954101562,1021.33740234375,0.5346454381942749,532.0574340820312,1017.107177734375,0.5216652750968933,549.227294921875,1016.8583374023438,0.6493374705314636,543.255126953125,1017.107177734375,0.4995642602443695,540.2691040039062,1040.000244140625,0.6333523392677307,537.5318603515625,1040.4979248046875,0.5316007733345032,546.4900512695312,1065.1329345703125,0.6987040638923645,543.7528076171875,1064.1375732421875,0.5817850828170776,157.9773423766554,159.46224126757625,151.50742012856125,144.93601462366482,23.411976593196684,27.287223375123393,15.179140184762375,8.637962015885375,16.928337811763825,10.780712396583258,47.0330286890463,48.35213784872343,87.56333270186622,96.282420797829,526.3341674804688,984.5093994140625,549.227294921875,1065.1329345703125,82.13960943880895,right_ear,left_ankle,45.8105717933992,48.462767809402955,546.2412109375,1016.9827575683594,533.5504455566406,993.9652099609375,0.916467
57,154.0,528.7162475585938,986.6968383789062,0.7239986062049866,530.4569702148438,984.2101440429688,0.7067675590515137,527.2242431640625,984.70751953125,0.7663118243217468,533.6896362304688,984.9561767578125,0.7260071039199829,525.9808959960938,985.7022094726562,0.6859428286552429,536.6737060546875,994.4055786132812,0.7111935615539551,530.9542846679688,994.1569213867188,0.6210193037986755,537.6683959960938,1010.569091796875,0.5317161679267883,534.18701171875,1008.8284301757812,0.5309016108512878,533.9383544921875,1020.0185546875,0.5254260301589966,532.4462890625,1017.0345458984375,0.5484429597854614,549.6044921875,1016.5371704101562,0.6553847789764404,543.1390991210938,1017.0345458984375,0.5144064426422119,540.6524047851562,1039.6634521484375,0.6256555318832397,536.92236328125,1040.1607666015625,0.5426256656646729,546.6204833984375,1064.779052734375,0.6910051107406616,543.8851318359375,1063.784423828125,0.5765737891197205,155.59763269720932,154.93757740822238,148.5313834278859,145.47182339863645,22.92622473091667,25.758623634599992,15.023438166158606,8.388709711249291,16.194090481275683,10.15901365990627,46.755830131143,48.33408237090026,86.26863939932944,96.09582877884024,525.9808959960938,984.2101440429688,549.6044921875,1064.779052734375,81.72600386888755,right_ear,left_ankle,46.522452418150124,48.12897474948023,546.3717956542969,1016.7858581542969,533.8139953613281,994.28125,0.933133
58,157.0,528.6238403320312,986.7682495117188,0.7314289808273315,530.5948486328125,984.5509033203125,0.7156751751899719,527.1456298828125,984.5509033203125,0.7723270654678345,534.0440673828125,985.0436401367188,0.7303556203842163,525.9137573242188,985.7827758789062,0.6723831295967102,536.261474609375,994.4058227539062,0.7135773301124573,530.8412475585938,994.1594848632812,0.6104847192764282,536.7542114257812,1011.1593017578125,0.562614917755127,534.2904663085938,1009.1882934570312,0.5331425666809082,533.7977294921875,1021.999755859375,0.5326781272888184,532.8121948242188,1018.0578002929688,0.5344514846801758,549.565673828125,1016.3331909179688,0.6440027356147766,543.159912109375,1016.825927734375,0.4956457316875458,540.4498291015625,1039.4923095703125,0.6167993545532227,536.5078125,1039.985107421875,0.5468786358833313,546.8555297851562,1064.62255859375,0.6922925114631653,543.6527099609375,1063.6370849609375,0.5872728824615479,157.61160776950263,163.06026621449544,147.16538772532317,144.21433825716798,23.97945190159096,27.703703438918588,15.419539478626637,8.991853985372444,16.760723382496643,11.236379779615383,46.81375108461678,48.36535858711714,85.2853593575732,95.1021674975457,525.9137573242188,984.5509033203125,549.565673828125,1064.62255859375,81.57370392675237,right_ear,left_ankle,44.578127612367254,46.85069859962773,546.36279296875,1016.5795593261719,533.5513610839844,994.2826538085938,0.9498
59,160.0,528.0768432617188,987.1883544921875,0.6405065059661865,529.5838012695312,984.927978515625,0.6133208274841309,527.072265625,985.1791381835938,0.6950458288192749,532.59765625,985.1791381835938,0.644154965877533,526.3187866210938,985.9326171875,0.6199135184288025,535.1091918945312,993.969482421875,0.6794247031211853,531.3418579101562,993.7183227539062,0.5867955088615417,536.6160888671875,1009.0386962890625,0.5136821269989014,534.6068725585938,1008.7875366210938,0.5114990472793579,534.1045532226562,1019.8383178710938,0.5198720097541809,532.59765625,1018.3313598632812,0.5163536667823792,549.6760864257812,1016.0709838867188,0.6475514769554138,543.397216796875,1016.3221435546875,0.4937005937099457,540.1322021484375,1039.42822265625,0.615855872631073,536.8672485351562,1039.9305419921875,0.5228333473205566,546.4110717773438,1064.5435791015625,0.6856024861335754,543.6483764648438,1063.5389404296875,0.5868073105812073,155.88620733580962,161.19762613590953,148.51296432869916,143.7385211003247,24.645052753399113,25.88833610643572,15.418869194255054,9.753025799865261,15.14437007805992,11.087814825691588,47.21746486538454,48.58243311647333,87.0792061766598,92.22401366003064,526.3187866210938,984.927978515625,549.6760864257812,1064.5435791015625,81.13805060422791,right_ear,left_ankle,46.36820872776217,46.538626515346024,546.5366516113281,1016.1965637207031,533.2255249023438,993.8439025878906,0.966467
60,163.0,529.1098022460938,987.125732421875,0.6694812774658203,530.6093139648438,984.6265258789062,0.6413319110870361,527.6102905273438,985.1263427734375,0.7219712138175964,533.3584594726562,985.1263427734375,0.6657758951187134,526.3607177734375,985.8760986328125,0.6608462333679199,535.1078491210938,993.87353515625,0.726551353931427,531.6090087890625,993.3737182617188,0.5951207876205444,536.607421875,1008.8687133789062,0.5703986287117004,535.1078491210938,1008.8687133789062,0.5313459038734436,533.6083374023438,1020.8648071289062,0.5417466759681702,533.1085205078125,1018.6155395507812,0.514948844909668,549.353271484375,1015.866455078125,0.6380850076675415,543.8550415039062,1016.1163330078125,0.4780084192752838,540.356201171875,1039.35888671875,0.6241620779037476,536.607421875,1039.6087646484375,0.5163154602050781,546.354248046875,1064.350830078125,0.6907486915588379,544.10498046875,1063.35107421875,0.5853462219238281,155.683686775943,160.25268035743662,145.32900998763813,145.5485984876141,25.28632194257673,27.032892891745185,15.885111184713598,9.949770616885225,15.06997307142525,12.36530520985701,47.23540247261988,48.57703943962929,86.60029130840039,93.17982294409458,526.3607177734375,984.6265258789062,549.353271484375,1064.350830078125,80.98163204214138,right_ear,left_ankle,45.31547671710356,46.0672355769427,546.6041564941406,1015.9913940429688,533.3584289550781,993.6236267089844,0.983133
61,166.0,527.9546508789062,987.421630859375,0.6234669089317322,528.95703125,985.166259765625,0.5927263498306274,527.2028198242188,985.4168090820312,0.6801939010620117,532.2147827148438,985.4168090820312,0.6376065015792847,526.4510498046875,986.4192504882812,0.6348596215248108,535.2219848632812,993.6865234375,0.7156122326850891,531.21240234375,993.9371337890625,0.5938562154769897,537.4773559570312,1006.9682006835938,0.540915846824646,534.4701538085938,1008.9729614257812,0.5059125423431396,534.9713745117188,1017.9945068359375,0.5136131048202515,532.4653930664062,1018.9968872070312,0.5064646005630493,549.5059814453125,1015.7390747070312,0.6375666856765747,543.7422485351562,1016.2402954101562,0.47824016213417053,539.4821166992188,1039.79638671875,0.6079287528991699,537.2267456054688,1040.0469970703125,0.4847032427787781,545.7470703125,1064.35498046875,0.6873749494552612,544.74462890625,1063.6031494140625,0.5812160968780518,156.46511892298906,157.55821500373042,146.99355074984808,143.06911099654408,25.091058708640794,24.30927523491853,15.384702055217286,10.222433844316361,13.471809427093582,11.30749178064986,47.37345993067946,48.76100599799701,87.13758781385171,90.59068687428605,526.4510498046875,985.166259765625,549.5059814453125,1064.35498046875,80.28894329250109,right_ear,left_ankle,47.59631430530811,46.26551913566871,546.6241149902344,1015.9896850585938,533.2171936035156,993.8118286132812,0.9998
62,169.0,529.6700439453125,988.0967407226562,0.6595326066017151,530.9210205078125,985.5947875976562,0.6203510761260986,527.918701171875,986.0951538085938,0.7145088911056519,533.1727905273438,986.0951538085938,0.6341384053230286,525.9171142578125,987.095947265625,0.7030627131462097,535.17431640625,994.6017456054688,0.7027115225791931,530.420654296875,994.3515625,0.5765396356582642,537.4260864257812,1007.3616333007812,0.52581787109375,534.4237060546875,1009.6134033203125,0.48661166429519653,535.17431640625,1018.6204223632812,0.4751746356487274,532.4221801757812,1019.871337890625,0.4885498285293579,549.4353637695312,1016.36865234375,0.624740719795227,543.4307250976562,1016.6188354492188,0.47360217571258545,539.1774291992188,1040.1370849609375,0.6003771424293518,536.6754760742188,1040.1370849609375,0.4808604121208191,545.4322509765625,1064.6561279296875,0.6770989894866943,544.6817016601562,1063.6552734375,0.5664738416671753,154.26204975511055,158.68191756298103,145.17415746857588,142.34506869438246,25.59814528109177,24.0186767578125,15.778092679417329,10.451379214856942,12.957052219461303,11.481759419824533,47.05307047351269,48.453123846618396,85.51545007092308,90.0,525.9171142578125,985.5947875976562,549.4353637695312,1064.6561279296875,79.97763553515145,right_ear,left_ankle,47.16472631793446,45.46788843787181,546.4330444335938,1016.4937438964844,532.7974853515625,994.4766540527344,1.016467
63,174.0,529.560791015625,988.2582397460938,0.6556501984596252,530.8037719726562,986.0209350585938,0.6147467494010925,528.0692749023438,986.5181274414062,0.7131202816963196,532.7924194335938,986.5181274414062,0.6331454515457153,526.0806274414062,987.263916015625,0.6905844211578369,535.0297241210938,995.2186279296875,0.7148709297180176,530.8037719726562,994.472900390625,0.5745894312858582,536.7698364257812,1010.3824462890625,0.5204709768295288,534.5325317382812,1010.1338500976562,0.4600297510623932,534.283935546875,1020.8230590820312,0.44575241208076477,532.2952880859375,1020.0773315429688,0.4664207994937897,549.44775390625,1017.0942993164062,0.6203134059906006,543.481689453125,1017.0942993164062,0.45490843057632446,538.2613525390625,1039.9642333984375,0.5934443473815918,535.7754516601562,1039.7156982421875,0.45796895027160645,545.2217407226562,1064.8228759765625,0.6727755069732666,545.2217407226562,1063.5799560546875,0.5488225817680359,153.92746644261268,160.0609917172074,139.59265135828994,138.2931156239189,25.64783645751214,25.61529026250818,16.098726506028544,10.192059772844072,15.263334434816109,10.732478682599355,46.5182121411594,47.91530253929657,86.66615858921811,91.6684010433397,526.0806274414062,986.0209350585938,549.44775390625,1064.8228759765625,79.88600933748006,right_ear,left_ankle,45.3389398730895,45.38250232387948,546.4647216796875,1017.0942993164062,532.916748046875,994.8457641601562,1.033133
64,178.0,530.0689697265625,988.6574096679688,0.7152765393257141,531.55029296875,986.4354248046875,0.6735795736312866,528.0938720703125,986.92919921875,0.7565704584121704,533.7723388671875,986.92919921875,0.6665084362030029,525.625,987.6698608398438,0.7373387813568115,535.7474365234375,995.5703125,0.7096266150474548,530.3158569335938,995.3234252929688,0.594961404800415,537.7225341796875,1011.8649291992188,0.4973096251487732,534.26611328125,1010.3836059570312,0.5285111665725708,534.0192260742188,1021.2467041015625,0.4503175914287567,532.5379028320312,1020.2590942382812,0.49045681953430176,549.5731811523438,1016.8026733398438,0.6306821703910828,542.9071655273438,1017.2964477539062,0.4802139401435852,538.21630859375,1040.7508544921875,0.5846508741378784,535.253662109375,1040.7508544921875,0.4818395972251892,545.6229858398438,1065.19287109375,0.6668245792388916,544.6354370117188,1064.2052001953125,0.5483461022377014,155.3762741405099,151.5479492633306,140.12627907686527,137.7700213278479,25.034477700263395,25.734486531376106,15.569636053755415,10.0255663256444,16.413882664567296,10.086237714939978,46.94057922451363,48.55116148630278,84.90775813565196,93.85062057233539,525.625,986.4354248046875,549.5731811523438,1065.19287109375,80.06083035091407,right_ear,left_ankle,45.452313846531155,45.58081352954689,546.2401733398438,1017.049560546875,533.0316467285156,995.4468688964844,1.0498
65,182.0,528.3388061523438,989.8178100585938,0.6417156457901001,529.7930908203125,987.39404296875,0.6145033836364746,526.8845825195312,987.8787841796875,0.6990994215011597,532.7015380859375,987.6364135742188,0.6399922966957092,525.6727294921875,988.8482666015625,0.6583467721939087,535.3676147460938,995.6347045898438,0.7144929766654968,530.7625732421875,996.1194458007812,0.5982481837272644,538.2760620117188,1008.9651489257812,0.4960588216781616,534.3981323242188,1011.146484375,0.5103562474250793,535.6099853515625,1019.871826171875,0.5014224052429199,532.4591674804688,1021.5684814453125,0.472834050655365,550.1522827148438,1017.4481201171875,0.6443136930465698,543.1234741210938,1017.932861328125,0.4839900732040405,538.03369140625,1041.2005615234375,0.5730017423629761,535.3676147460938,1040.9581298828125,0.4581734538078308,546.031982421875,1065.9224853515625,0.6623559594154358,545.0625,1064.9530029296875,0.5210316181182861,155.86038650260136,153.95576974773303,139.38368205837756,135.04117708450445,25.505525817869177,24.23833340171226,15.460568493752039,10.600830514582373,13.644039419851062,11.227803583439151,47.0601055841363,48.649161959686644,86.18594340652251,89.4270627450238,525.6727294921875,987.39404296875,550.1522827148438,1065.9224853515625,79.71784226744876,right_ear,left_ankle,47.21526483900455,45.178099727922046,546.6378784179688,1017.6904907226562,533.0650939941406,995.8770751953125,1.066467
66,186.0,529.9785766601562,990.0186767578125,0.6521332263946533,531.199951171875,987.8202514648438,0.6131418347358704,528.2686767578125,988.0645141601562,0.7140799760818481,533.1541748046875,988.0645141601562,0.618001401424408,525.8259887695312,989.0415649414062,0.7129173278808594,535.1083374023438,996.12548828125,0.7236118316650391,530.71142578125,996.12548828125,0.5786617398262024,537.3068237304688,1012.2474975585938,0.5479536056518555,534.8640747070312,1011.5147094726562,0.4984440207481384,533.1541748046875,1023.2398071289062,0.5007979869842529,532.6655883789062,1021.28564453125,0.4806760549545288,550.0089721679688,1017.3772583007812,0.655776858329773,543.4136352539062,1017.8657836914062,0.48519831895828247,537.7953491210938,1041.560302734375,0.5860828757286072,536.8182373046875,1041.560302734375,0.4406139850616455,545.3677978515625,1066.7203369140625,0.6574397087097168,545.612060546875,1065.7432861328125,0.5331082344055176,152.21836616152714,151.53928240540463,144.4622621442016,136.45369810822905,25.235931010812592,27.18464710145132,15.939655641789109,10.015214129224047,16.271217694865694,11.750547340033823,47.92794919246625,49.56087071543157,85.55881380566308,94.12225041871335,525.8259887695312,987.8202514648438,550.0089721679688,1066.7203369140625,80.09915054092949,right_ear,left_ankle,45.16335968823639,46.30435226162839,546.7113037109375,1017.6215209960938,532.9098815917969,996.12548828125,1.083133
67,189.0,529.5910034179688,990.6277465820312,0.6425994038581848,530.5581665039062,988.2098999023438,0.5883687138557434,527.8984985351562,988.6934814453125,0.698233962059021,532.2506713867188,988.6934814453125,0.602908730506897,525.9642333984375,989.4188232421875,0.675771951675415,534.4267578125,996.1888427734375,0.7286568284034729,531.2835083007812,996.1888427734375,0.5577412843704224,537.0863647460938,1010.6959838867188,0.5428032279014587,534.6685180664062,1011.9049072265625,0.4639773964881897,534.4267578125,1021.3345947265625,0.5234060287475586,532.2506713867188,1021.5763549804688,0.46873435378074646,549.41748046875,1017.9495849609375,0.6232304573059082,544.3399658203125,1018.1913452148438,0.4369400143623352,537.0863647460938,1042.128173828125,0.5769912600517273,536.1192016601562,1041.64453125,0.41816866397857666,544.8235473632812,1066.548583984375,0.6550331711769104,545.7906494140625,1065.0977783203125,0.5559818148612976,153.808859928614,155.57526601437002,138.27366782826937,135.39845136314253,25.405928058171007,25.145751953125,16.076472654415078,9.969096459710585,14.748920378179383,10.966017948319294,46.92886051852304,48.81564224157663,87.8183140572558,90.0,525.9642333984375,988.2098999023438,549.41748046875,1066.548583984375,79.40197551302889,right_ear,left_ankle,46.39394419068957,45.579000586968206,546.8787231445312,1018.0704650878906,532.8551330566406,996.1888427734375,1.0998
68,193.0,529.007080078125,990.94189453125,0.6520239114761353,530.2088623046875,988.7786254882812,0.6180073022842407,527.3245239257812,989.0189819335938,0.7051146030426025,532.3721313476562,989.0189819335938,0.6575925350189209,525.6419677734375,989.7401123046875,0.6867579221725464,534.7757568359375,997.4317016601562,0.7563682198524475,530.6895751953125,996.7105712890625,0.5740020275115967,536.6986083984375,1013.7763061523438,0.6365981101989746,534.535400390625,1012.8148193359375,0.4952496886253357,531.6510620117188,1025.313720703125,0.5625934600830078,531.8914184570312,1022.4293212890625,0.4949725866317749,549.6781616210938,1018.102783203125,0.6298184394836426,544.6305541992188,1018.3431396484375,0.44822749495506287,537.1793823242188,1042.37939453125,0.5780833959579468,535.01611328125,1041.6583251953125,0.427786260843277,545.111328125,1067.617431640625,0.6551801562309265,545.3516845703125,1065.6944580078125,0.5689725875854492,151.19263654922426,149.66123606919794,134.3225330227814,135.31121877296326,25.74681589611109,28.05656257735383,16.557088409143006,9.971423583010331,16.457322204339455,12.59323862406555,47.356809218770195,49.724806465890495,87.3245010675566,96.39436893395975,525.6419677734375,988.7786254882812,549.6781616210938,1067.617431640625,80.27411076711208,right_ear,left_ankle,44.3934986560409,45.310603826615214,547.1543579101562,1018.2229614257812,532.732666015625,997.0711364746094,1.116467
69,197.0,526.962646484375,991.7244262695312,0.6821913719177246,528.4194946289062,989.2964477539062,0.6598569750785828,525.7486572265625,989.7820434570312,0.7295346856117249,531.8186645507812,989.5392456054688,0.6901654005050659,525.020263671875,990.2676391601562,0.65017169713974,534.7322998046875,998.0372314453125,0.746703028678894,530.6046752929688,997.308837890625,0.6063308715820312,536.6746826171875,1014.3048095703125,0.6192270517349243,534.4894409179688,1013.0908203125,0.5600992441177368,532.0614624023438,1025.959228515625,0.5731267333030701,532.0614624023438,1022.5599975585938,0.5325437784194946,549.5430297851562,1018.6752319335938,0.6398372650146484,543.7158813476562,1018.9180297851562,0.4646812677383423,537.403076171875,1042.4696044921875,0.587425947189331,534.2466430664062,1041.255615234375,0.4670458734035492,544.6870727539062,1067.47802734375,0.6552307605743408,544.9298706054688,1065.292724609375,0.5596038103103638,151.79014547340108,151.59563542517023,133.0645579787528,136.73038117475426,25.2931471600371,28.049443716842195,16.253072728735116,9.775499853730048,16.383130013622974,12.53424436108942,46.39058191009793,49.04378817480267,86.69815821563569,95.46391943660312,525.020263671875,989.2964477539062,549.5430297851562,1067.47802734375,79.67576433853836,right_ear,left_ankle,43.396044668607715,44.628263363913526,546.6294555664062,1018.796630859375,532.6684875488281,997.6730346679688,1.133133
70,200.0,530.1251831054688,991.069091796875,0.6600819826126099,531.1246948242188,988.8201904296875,0.6302320957183838,528.1261596679688,989.3199462890625,0.7192819118499756,532.6239624023438,989.3199462890625,0.6290836334228516,525.3775024414062,990.5693359375,0.7172123193740845,534.1232299804688,998.5654296875,0.7023232579231262,530.6249389648438,997.56591796875,0.5909088253974915,537.8713989257812,1013.8079833984375,0.5770626068115234,534.1232299804688,1013.058349609375,0.4765894412994385,533.3735961914062,1024.3028564453125,0.5172731876373291,531.1246948242188,1022.053955078125,0.5037718415260315,549.3657836914062,1018.8055419921875,0.6293712854385376,543.6185913085938,1019.055419921875,0.44877997040748596,537.3716430664062,1042.7938232421875,0.5786675214767456,534.1232299804688,1042.044189453125,0.4528247117996216,544.6181030273438,1067.53173828125,0.6573891639709473,544.6181030273438,1065.7825927734375,0.5587210655212402,148.84069486245377,142.98638372106282,133.7067726417944,137.10809522314648,24.493136128089166,25.748341440400914,15.882489671630239,9.482200737838875,15.696630659903404,11.41808169997809,46.73786159395526,48.95694717287998,88.83086067209258,91.66833744829331,525.3775024414062,988.8201904296875,549.3657836914062,1067.53173828125,79.33102851614136,right_ear,left_ankle,44.66738361230588,45.76314914452529,546.4921875,1018.9304809570312,532.3740844726562,998.065673828125,1.1498
71,203.0,529.0848388671875,992.0567626953125,0.6418265104293823,530.3438110351562,989.538818359375,0.608604907989502,527.322265625,990.0424194335938,0.7038019895553589,532.1063842773438,990.0424194335938,0.6186565160751343,525.0560913085938,991.0496215820312,0.6992616653442383,534.37255859375,998.8552856445312,0.6846534609794617,530.3438110351562,998.099853515625,0.57389235496521,538.1494750976562,1014.2147827148438,0.5329387187957764,533.6171875,1013.9630126953125,0.4526160955429077,533.6171875,1025.545654296875,0.5059322118759155,531.0992431640625,1023.53125,0.4768620729446411,549.228515625,1019.250732421875,0.6236358880996704,543.4371948242188,1019.250732421875,0.4500349760055542,536.8905029296875,1042.9195556640625,0.5687479376792908,534.1207885742188,1042.667724609375,0.43662887811660767,544.1925659179688,1067.3436279296875,0.6374576091766357,543.9407958984375,1065.8328857421875,0.5401993989944458,153.59712513031667,144.38386249640374,135.33224957124915,135.82292293225285,25.442613954679754,26.70105549013535,16.19737054711958,9.893998625312884,15.81705562139862,12.203699507786647,46.58487546402861,48.355841299445096,88.29854609428396,91.6211100963792,525.0560913085938,989.538818359375,549.228515625,1067.3436279296875,78.65735861984857,right_ear,left_ankle,43.115069621798455,44.207848433218835,546.3328552246094,1019.250732421875,532.3581848144531,998.4775695800781,1.166467
72,208.0,528.107177734375,992.1727905273438,0.62464439868927,529.0828857421875,989.9774169921875,0.5873292684555054,526.6436157226562,990.2213745117188,0.6884258985519409,531.2781982421875,990.2213745117188,0.631709098815918,524.9360961914062,991.1970825195312,0.6772797107696533,533.96142578125,998.514892578125,0.7079352140426636,530.302490234375,998.514892578125,0.5857649445533752,536.8885498046875,1014.8580932617188,0.5518640279769897,533.96142578125,1014.3702392578125,0.48502326011657715,533.4735717773438,1026.32275390625,0.5096900463104248,532.010009765625,1024.1273193359375,0.4875084161758423,549.0849609375,1019.7366333007812,0.6235489845275879,543.474609375,1019.9805908203125,0.44723474979400635,537.3764038085938,1043.6416015625,0.5560758113861084,534.2053833007812,1043.15380859375,0.4443834125995636,543.9624633789062,1068.7662353515625,0.6289692521095276,544.4503173828125,1067.0587158203125,0.5547176599502563,155.6954177338557,153.25857517231765,135.00018297338767,139.21580679666613,25.669281785315107,27.812140391802952,16.27205665148886,9.950308342809357,16.603260632562634,11.962462899482878,47.088234832409405,49.296469026653135,86.18587079237025,91.00507938845652,524.9360961914062,989.9774169921875,549.0849609375,1068.7662353515625,79.8684926578222,right_ear,left_ankle,43.7203152347729,44.697494982480386,546.27978515625,1019.8586120605469,532.1319580078125,998.514892578125,1.183133
73,211.0,526.892822265625,992.5250854492188,0.5971248149871826,527.8496704101562,990.1328735351562,0.5511384606361389,525.9359130859375,990.6112670898438,0.6636470556259155,530.4811401367188,990.8505249023438,0.6042816042900085,524.7398071289062,991.3289794921875,0.6262211799621582,533.8302001953125,998.7448120117188,0.7272709608078003,530.7203369140625,998.5055541992188,0.5674604773521423,536.4616088867188,1014.5333251953125,0.5708275437355042,534.5478515625,1015.0117797851562,0.44892165064811707,532.8733520507812,1026.0159912109375,0.4938276410102844,532.1556396484375,1025.05908203125,0.4526669383049011,548.901123046875,1019.7962036132812,0.608545184135437,543.8775024414062,1020.035400390625,0.43188008666038513,537.1793212890625,1043.71826171875,0.5427827835083008,541.2460327148438,1043.2398681640625,0.44256335496902466,542.681396484375,1069.07568359375,0.6005202531814575,545.3128051757812,1067.161865234375,0.5655379891395569,153.55232249779226,153.18403530522826,163.8819717248778,141.65284256478745,26.592290880361595,27.287960225850416,16.944183411361593,10.32816345078558,16.00629439469742,12.030262089707003,47.14831685870143,49.67043532784556,86.90599162773186,92.00947966432341,524.7398071289062,990.1328735351562,548.901123046875,1069.07568359375,79.79004090271032,right_ear,left_ankle,44.16259552736671,44.11071704431098,546.3893127441406,1019.9158020019531,532.2752685546875,998.6251831054688,1.1998
74,214.0,527.6533813476562,992.5812377929688,0.6012371778488159,529.07177734375,990.2171630859375,0.568107545375824,526.2349243164062,990.4535522460938,0.6692904829978943,530.9630737304688,990.9263916015625,0.6196359992027283,524.8164672851562,991.399169921875,0.6415044069290161,534.0363159179688,999.43701171875,0.7187002897262573,530.490234375,998.727783203125,0.5618414282798767,536.6367797851562,1015.9854125976562,0.5909372568130493,534.0363159179688,1015.2761840820312,0.44476234912872314,532.3814697265625,1027.5693359375,0.5245155692100525,531.90869140625,1024.49609375,0.4404054284095764,549.1663208007812,1020.24072265625,0.6026228666305542,543.72900390625,1020.4771728515625,0.42138925194740295,537.3460083007812,1044.590576171875,0.5462436676025391,541.1285400390625,1044.3541259765625,0.4345306158065796,543.019775390625,1069.649658203125,0.5977717041969299,544.9110107421875,1067.7584228515625,0.5517709255218506,154.91091681152582,150.89879104287886,164.60391319766077,141.3488022179761,25.807321612086984,28.180954239806706,16.924073562779405,9.462215403824311,16.751477068411994,12.340783752993403,47.29602247253677,49.78978743029901,86.84924386517488,93.36646795041688,524.8164672851562,990.2171630859375,549.1663208007812,1069.649658203125,80.33989881893471,right_ear,left_ankle,43.40422870390487,45.17399060749001,546.4476623535156,1020.3589477539062,532.2632751464844,999.0823974609375,1.216467
75,218.0,528.7960205078125,992.912353515625,0.6108531355857849,529.9827880859375,990.538818359375,0.5797861814498901,526.6597900390625,991.0134887695312,0.6842913627624512,531.1695556640625,991.0134887695312,0.600078821182251,524.2862548828125,991.7255859375,0.6584463715553284,533.780517578125,999.795654296875,0.6845863461494446,529.9827880859375,998.8462524414062,0.5486880540847778,536.8660888671875,1015.9359130859375,0.5356718897819519,534.017822265625,1015.2238159179688,0.416237473487854,533.5431518554688,1026.854248046875,0.4668399393558502,531.4069213867188,1023.7686157226562,0.4123101830482483,548.9712524414062,1020.2083129882812,0.6053439378738403,543.2747192382812,1020.4456787109375,0.40777865052223206,536.6287841796875,1044.4185791015625,0.5313445925712585,541.1385498046875,1044.1812744140625,0.43629950284957886,542.0879516601562,1069.578369140625,0.5730409026145935,544.9362182617188,1067.679443359375,0.5596727132797241,149.1686013151078,152.24986828741208,165.676811557756,140.74511169804975,24.963019592609232,27.059634849972223,16.867308210265215,8.93478634896554,16.432550135563137,11.412797584426022,47.26297813160812,49.84759045461207,86.72951607285466,90.50260207149117,524.2862548828125,990.538818359375,548.9712524414062,1069.578369140625,79.8621077897727,right_ear,left_ankle,43.57022064364147,45.94782538568619,546.1229858398438,1020.3269958496094,531.8816528320312,999.3209533691406,1.233133
76,222.0,524.7503662109375,993.1981811523438,0.6306438446044922,525.9507446289062,990.7975463867188,0.5944368839263916,524.5103149414062,991.2776489257812,0.6839618682861328,529.3116455078125,991.2776489257812,0.633529782295227,524.5103149414062,991.7578125,0.6118029952049255,533.1527099609375,1000.16015625,0.7164268493652344,531.232177734375,998.9597778320312,0.5575248003005981,536.2735595703125,1016.96484375,0.6144554018974304,534.8331909179688,1015.5244140625,0.4485422968864441,532.4324951171875,1030.16845703125,0.5100389122962952,531.4722290039062,1024.4068603515625,0.44999557733535767,548.2769165039062,1020.3257446289062,0.6021782159805298,548.5169677734375,1020.085693359375,0.41778498888015747,536.0335083007812,1044.8126220703125,0.5546401739120483,541.7951049804688,1044.3323974609375,0.49111878871917725,541.5550537109375,1070.01953125,0.6044372320175171,545.3961181640625,1068.0989990234375,0.6033447980880737,147.00944455259653,153.25903719859667,155.88946321101727,141.07957663983422,25.448214738323717,30.01694230262515,16.951532951216358,9.497047807916882,17.092022240126894,13.750970140825041,48.11462587483179,50.14634451433418,89.4595248141509,91.37486459669212,524.5103149414062,990.7975463867188,548.5169677734375,1070.01953125,80.09631540480288,right_ear,left_ankle,40.881893200837986,45.85714416605848,548.3969421386719,1020.2057189941406,532.1924438476562,999.5599670410156,1.2498
77,228.0,524.8496704101562,992.9293212890625,0.6171169281005859,525.8148803710938,990.7576904296875,0.577538251876831,524.8496704101562,990.9989624023438,0.6663041114807129,529.4342651367188,990.9989624023438,0.6321032643318176,524.8496704101562,991.7228393554688,0.6003047227859497,532.571044921875,999.9268188476562,0.7099233865737915,532.0885009765625,998.4790649414062,0.5557149052619934,535.9491577148438,1015.61083984375,0.6081321239471436,534.5014038085938,1015.3695678710938,0.4584437608718872,532.571044921875,1030.08837890625,0.519562840461731,531.6058959960938,1026.468994140625,0.45954304933547974,547.7725219726562,1020.1954345703125,0.6095554828643799,549.702880859375,1019.7128295898438,0.4290289878845215,535.2252807617188,1044.5660400390625,0.573223888874054,541.7401733398438,1044.0833740234375,0.5197092294692993,540.7750244140625,1070.14306640625,0.6267620325088501,545.6008911132812,1067.971435546875,0.6309681534767151,157.24908426568103,154.7109033987464,152.72538678913887,140.51590479543844,27.994089450175935,30.16156005859375,17.061980813920947,11.470886147330072,16.043695355120924,14.866431426143683,48.43262711017306,50.43541313502728,90.98780131603964,90.0,524.8496704101562,990.7576904296875,549.702880859375,1070.14306640625,80.02092795541562,right_ear,left_ankle,40.886223477240954,43.798544850363655,548.7377014160156,1019.9541320800781,532.3297729492188,999.2029418945312,1.266467
78,234.0,528.0446166992188,992.748291015625,0.615838885307312,529.02587890625,990.5404052734375,0.577494204044342,526.5726928710938,991.031005859375,0.6875084042549133,530.7431640625,991.031005859375,0.6170772314071655,524.3648071289062,991.7669677734375,0.6713802218437195,533.1963500976562,999.6172485351562,0.7096776962280273,530.497802734375,998.635986328125,0.5390472412109375,536.385498046875,1015.0723876953125,0.6070799827575684,533.9323120117188,1015.0723876953125,0.44336825609207153,533.441650390625,1029.0556640625,0.548034131526947,531.4791259765625,1026.8477783203125,0.45513197779655457,548.160888671875,1020.469482421875,0.6029150485992432,548.6514892578125,1020.469482421875,0.41936245560646057,535.1588745117188,1045.246826171875,0.5790596604347229,541.5372314453125,1044.2655029296875,0.518290638923645,541.2919311523438,1070.024169921875,0.6369173526763916,545.4623413085938,1067.8162841796875,0.6302709579467773,156.4292463342824,156.45207628324786,153.8927236983475,138.40877269450303,28.22885408081795,29.43943751151309,16.791400890915664,12.02821458465152,15.780747482353343,14.28979555432313,47.45408624487045,50.02848819050783,88.00781814691578,89.52258482750467,524.3648071289062,990.5404052734375,548.6514892578125,1070.024169921875,80.06695458056492,right_ear,left_ankle,41.71385118144158,43.289130083331514,548.4061889648438,1020.469482421875,531.8470764160156,999.1266174316406,1.283133
79,240.0,528.2109985351562,992.9656982421875,0.641991138458252,529.4430541992188,990.7479858398438,0.6180428862571716,526.486083984375,991.2408447265625,0.7158281803131104,530.9215698242188,991.2408447265625,0.6429068446159363,524.0219116210938,992.2265014648438,0.7049787044525146,533.3856811523438,1000.1117553710938,0.7202447652816772,529.9359130859375,998.8796997070312,0.5640830397605896,536.0962524414062,1016.8679809570312,0.6449118256568909,534.371337890625,1015.14306640625,0.46850836277008057,532.646484375,1030.1744384765625,0.5788874626159668,531.6608276367188,1026.2318115234375,0.45511922240257263,547.9241943359375,1020.3178100585938,0.6061944365501404,544.2279663085938,1020.3178100585938,0.4230632185935974,535.849853515625,1045.2056884765625,0.5721694827079773,541.5173950195312,1044.466552734375,0.4860667288303375,541.27099609375,1070.0936279296875,0.6227465271949768,545.7064819335938,1068.122314453125,0.6191995143890381,151.0090903091764,156.2769092331556,163.553520181348,141.83134320502887,27.406447252876234,30.071769608313236,16.85734527116576,11.415215026905123,16.974047619819984,13.74637084583004,47.82736297204903,50.218493521671306,86.39151738021062,91.40853439709025,524.0219116210938,990.7479858398438,547.9241943359375,1070.0936279296875,79.75475094962557,right_ear,left_ankle,40.84022390953975,44.18251509737172,546.0760803222656,1020.3178100585938,531.6607971191406,999.4957275390625,1.2998
80,247.0,526.607666015625,993.010986328125,0.6170912981033325,528.0692749023438,990.574951171875,0.5923970937728882,525.6332397460938,991.0621948242188,0.700896680355072,529.7744750976562,991.0621948242188,0.630579948425293,523.6844482421875,991.5493774414062,0.6698180437088013,532.9412841796875,999.5882568359375,0.7273211479187012,530.2616577148438,998.6138305664062,0.5531095862388611,535.8645629882812,1015.4224243164062,0.6467005014419556,534.1593017578125,1014.6915893554688,0.4685347378253937,532.2105102539062,1029.794921875,0.5921001434326172,531.236083984375,1025.8973388671875,0.4756603240966797,547.8010864257812,1020.0508422851562,0.5990103483200073,544.6342163085938,1019.8072509765625,0.4104422330856323,534.89013671875,1044.4111328125,0.581230640411377,541.2238159179688,1043.9239501953125,0.5002070069313049,540.9801635742188,1070.23291015625,0.6195566654205322,545.608642578125,1068.04052734375,0.6301612854003906,151.75221355108945,155.2753059253991,161.64620194794847,138.80580563253423,27.300903497019142,30.21550336024079,16.54345661477571,11.580760953854712,16.10175204107638,14.829726479520001,48.243118220822346,50.64350821542705,87.95455950824591,91.38585626679077,523.6844482421875,990.574951171875,547.8010864257812,1070.23291015625,80.5620263482402,right_ear,left_ankle,41.37798588129901,44.52660750048051,546.2176513671875,1019.9290466308594,531.6014709472656,999.1010437011719,1.316467
81,252.0,526.230712890625,992.6848754882812,0.5902062654495239,527.4236450195312,990.2989501953125,0.5421770811080933,525.514892578125,990.5375366210938,0.6655216217041016,528.855224609375,991.0147094726562,0.5784091949462891,524.0833740234375,991.2532958984375,0.6141190528869629,532.43408203125,999.60400390625,0.7105538249015808,531.479736328125,998.1724853515625,0.5344577431678772,536.0130004882812,1016.06689453125,0.6062965393066406,534.104248046875,1015.3511352539062,0.431972861289978,532.1954956054688,1030.1439208984375,0.531272828578949,531.2411499023438,1026.326416015625,0.41917943954467773,547.4653930664062,1019.6458129882812,0.586968719959259,549.6127319335938,1019.4072265625,0.40119272470474243,535.05859375,1044.45947265625,0.5703195333480835,541.7391967773438,1044.2208251953125,0.5051543712615967,541.0234375,1069.98876953125,0.59160977602005,545.5567016601562,1067.8414306640625,0.6112635135650635,156.69287536534807,152.56218993685366,153.21476798498196,140.28393988228913,28.154941579044447,30.540848930117672,17.37797670124894,11.342579899818736,16.84741597553737,14.585472733949674,48.60373965582129,50.753443873364816,90.48553319918346,90.44760164734092,524.0833740234375,990.2989501953125,549.6127319335938,1069.98876953125,80.537199844378,right_ear,left_ankle,40.81108330668227,43.91390968008415,548.5390625,1019.5265197753906,531.9569091796875,998.8882446289062,1.333133
82,257.0,525.0714721679688,992.727783203125,0.6713252067565918,526.5265502929688,990.5451049804688,0.6206498742103577,524.1013793945312,990.78759765625,0.7124829292297363,529.6793212890625,990.78759765625,0.6450734734535217,523.6163330078125,991.2726440429688,0.6031957864761353,532.3470458984375,999.2757568359375,0.7208008766174316,531.376953125,998.3057250976562,0.5377249717712402,535.9848022460938,1015.76708984375,0.6292022466659546,534.2871704101562,1015.03955078125,0.4433322846889496,531.8619995117188,1029.5906982421875,0.5499106645584106,531.1344604492188,1025.71044921875,0.4553711712360382,547.3832397460938,1019.4049072265625,0.5949256420135498,549.8084106445312,1018.9198608398438,0.4237253665924072,534.772216796875,1044.141845703125,0.5849980115890503,541.562744140625,1044.141845703125,0.5215486884117126,540.835205078125,1069.848876953125,0.621006429195404,545.9281005859375,1067.666259765625,0.6324857473373413,153.6744957369049,150.95368784367994,151.38357053351498,139.71660742783422,27.405796957050256,30.31882158761517,16.985001815005027,11.126888763766559,16.887786581416744,14.425312874940417,48.90059523545936,50.86718824337821,90.50697260170271,90.91666809574632,523.6163330078125,990.5451049804688,549.8084106445312,1069.848876953125,80.44074796845757,right_ear,left_ankle,41.246083102020314,44.48754687707565,548.5958251953125,1019.1623840332031,531.8619995117188,998.7907409667969,1.3497
83,261.0,525.0029296875,992.2613525390625,0.6165128946304321,526.4443969726562,989.85888671875,0.5760294198989868,524.5223999023438,990.09912109375,0.6750736236572266,529.567626953125,990.33935546875,0.6325802803039551,523.5614013671875,991.0601196289062,0.6167213320732117,532.4506225585938,998.7481079101562,0.7186422348022461,530.5286254882812,998.02734375,0.5518441200256348,536.2946166992188,1016.0460205078125,0.6265996694564819,533.89208984375,1014.8447875976562,0.4620121121406555,531.7298583984375,1029.259765625,0.5628738403320312,530.7688598632812,1024.9351806640625,0.46557876467704773,547.3460693359375,1019.1692504882812,0.591641902923584,548.0668334960938,1019.1692504882812,0.39579176902770996,534.8530883789062,1043.6746826171875,0.5624793171882629,541.33984375,1043.6746826171875,0.493674635887146,540.8593139648438,1069.38134765625,0.5777519345283508,545.664306640625,1067.6995849609375,0.599577784538269,151.4915379287705,148.4134059032053,154.44591649552146,139.83636665009274,26.908909304331086,30.52016968305304,17.150490081615157,10.562698412123588,17.719877854807976,13.979988496652915,48.58976743429769,50.62936595741595,89.48847430128056,91.35322262067501,523.5614013671875,989.85888671875,548.0668334960938,1069.38134765625,80.20868120064891,right_ear,left_ankle,41.147154259186735,45.284308646188485,547.7064514160156,1019.1692504882812,531.4896240234375,998.3877258300781,1.366267
84,265.0,525.7711791992188,991.89599609375,0.6421539783477783,527.456298828125,989.7294311523438,0.5948729515075684,524.8082885742188,989.9701538085938,0.7015398144721985,530.3450317382812,990.2108764648438,0.6557086110115051,523.3639526367188,990.93310546875,0.6332327127456665,532.7523193359375,998.3956298828125,0.732097864151001,530.3450317382812,997.9141845703125,0.5585358142852783,535.8817749023438,1015.96875,0.6130285263061523,533.7152099609375,1014.5243530273438,0.5026598572731018,531.7893676757812,1028.727294921875,0.5723819732666016,531.0671997070312,1024.6348876953125,0.49315857887268066,547.4366455078125,1018.6167602539062,0.6045650839805603,548.1588745117188,1018.6167602539062,0.4070476293563843,534.4373779296875,1042.689453125,0.5645225048065186,541.6592407226562,1042.93017578125,0.5099704265594482,540.93701171875,1068.68798828125,0.5729079246520996,545.7515869140625,1067.0029296875,0.6074846982955933,153.85400944142646,152.11844174331407,155.38526846647,137.59468540907616,26.73046019187611,30.34694679768764,16.94862228688286,10.451548668833276,17.849595031686604,13.398815821986782,48.44601558471317,50.49131722938289,88.45187057754211,91.81838157790308,523.3639526367188,989.7294311523438,548.1588745117188,1068.68798828125,79.71595954817435,right_ear,left_ankle,40.99434601623569,44.8406312388417,547.7977600097656,1018.6167602539062,531.5486755371094,998.1549072265625,1.383033
85,268.0,525.497314453125,991.4874267578125,0.6482436656951904,527.1788940429688,989.325439453125,0.6108841300010681,524.2962036132812,989.8058471679688,0.7036577463150024,530.0615844726562,989.8058471679688,0.6665031909942627,523.0950927734375,990.7667846679688,0.6271883249282837,532.9442138671875,998.213623046875,0.677301287651062,529.1007080078125,998.213623046875,0.5591797232627869,536.307373046875,1015.5096435546875,0.5829917788505554,533.6649169921875,1014.3085327148438,0.48739928007125854,531.9833374023438,1028.481689453125,0.5364338159561157,531.0224609375,1025.1185302734375,0.4738650619983673,547.8380126953125,1018.152099609375,0.5888572335243225,542.0726928710938,1018.392333984375,0.4016951322555542,535.1062622070312,1042.89501953125,0.536353349685669,533.6649169921875,1042.65478515625,0.4345288872718811,542.0726928710938,1068.358642578125,0.5474958419799805,545.435791015625,1066.917236328125,0.5547006726264954,150.43134651198133,150.56128832366213,135.00679608745534,137.47062186740482,26.973453008332054,30.283314342288403,16.729558298805244,11.128280245292057,17.61996495667874,13.673743417453245,48.64130525181478,50.53648058134311,85.91443864229187,91.81827548353202,523.0950927734375,989.325439453125,547.8380126953125,1068.358642578125,79.87894415561863,right_ear,left_ankle,41.133520203214346,44.21397869211899,544.9553527832031,1018.272216796875,531.0224609375,998.213623046875,1.3997
86,272.0,526.472900390625,991.1563110351562,0.686694324016571,527.902099609375,988.7742919921875,0.6668936610221863,524.5672607421875,989.2506713867188,0.7439364790916443,530.5223388671875,989.4888916015625,0.7031816244125366,522.66162109375,990.679931640625,0.6692698001861572,533.142578125,999.0170288085938,0.7185202240943909,529.5695190429688,997.5878295898438,0.5435602068901062,535.7628173828125,1015.929443359375,0.6286832094192505,533.3807983398438,1014.2620239257812,0.430484801530838,531.4751586914062,1029.0306396484375,0.5726927518844604,530.998779296875,1025.4576416015625,0.42625200748443604,547.6730346679688,1018.3115234375,0.5975823402404785,546.9583740234375,1018.0733032226562,0.39041459560394287,535.2864379882812,1042.846435546875,0.5575841665267944,541.479736328125,1042.846435546875,0.4897022247314453,541.479736328125,1068.5723876953125,0.6079721450805664,545.7673950195312,1066.4285888671875,0.6106085777282715,155.11353904919343,153.0713485896146,157.22478357189584,139.67691547346254,27.90643664895142,30.059892268820796,17.104227741450305,11.446216399462807,17.11418767297061,13.784968670930542,48.36995018347606,50.641005324426224,87.06424632974834,93.179823666687,522.66162109375,988.7742919921875,547.6730346679688,1068.5723876953125,80.13336490629631,right_ear,left_ankle,40.78776056970615,43.551469897193066,547.3157043457031,1018.1924133300781,531.3560485839844,998.3024291992188,1.416367
87,278.0,525.575927734375,991.0138549804688,0.6927801370620728,527.0198974609375,988.607177734375,0.6673667430877686,523.8912963867188,989.0885620117188,0.7486763000488281,529.9078979492188,989.0885620117188,0.6913787126541138,522.2066040039062,990.2918701171875,0.6687828898429871,532.7958984375,998.2338256835938,0.7184658050537109,529.1859130859375,997.2711791992188,0.5533496141433716,536.4058837890625,1015.321044921875,0.6013132333755493,533.9992065429688,1013.6364135742188,0.45502668619155884,531.833251953125,1027.594970703125,0.5296523571014404,531.592529296875,1024.2257080078125,0.4355059266090393,547.957763671875,1017.487060546875,0.611214280128479,546.032470703125,1017.487060546875,0.41784703731536865,534.9618530273438,1042.2755126953125,0.5485233068466187,541.4598388671875,1042.034912109375,0.4935912787914276,541.2191772460938,1068.0267333984375,0.5940974354743958,545.5511474609375,1065.8607177734375,0.5974814891815186,150.80612783764843,147.63784782954662,159.704544986236,138.67551986445312,27.06175206597048,29.3769216411765,17.058390605569492,10.85933938912515,17.464393935535945,13.098023361968117,48.376051777056304,50.98693047204045,84.89791519329432,91.87785014108293,522.2066040039062,988.607177734375,547.957763671875,1068.0267333984375,80.0261639130864,right_ear,left_ankle,41.50690338070589,43.912607064871295,546.9951171875,1017.487060546875,530.9909057617188,997.7525024414062,1.433033
88,281.0,524.1400756835938,991.1805419921875,0.6447058916091919,525.3443603515625,988.77197265625,0.6035577058792114,523.1766357421875,989.2537231445312,0.6917092204093933,528.9572143554688,989.0128784179688,0.6459190845489502,522.4540405273438,989.9762573242188,0.602901816368103,532.0883178710938,997.6837158203125,0.6743118166923523,529.920654296875,996.7202758789062,0.5300928354263306,535.9420776367188,1014.06201171875,0.5461161136627197,534.0151977539062,1013.0985717773438,0.41969844698905945,533.0517578125,1027.0682373046875,0.4607801139354706,532.3292236328125,1024.4188232421875,0.42795389890670776,547.7440185546875,1017.193115234375,0.598058819770813,547.021484375,1017.193115234375,0.39900708198547363,535.4603271484375,1042.0013427734375,0.5351076722145081,541.9635009765625,1041.5196533203125,0.4904405474662781,541.2409057617188,1067.7730712890625,0.6031007766723633,545.8171997070312,1065.6053466796875,0.6019158363342285,157.4928145447022,154.2303297503353,159.16413954845262,141.0157166063717,27.803070554921682,29.400311552539588,16.882353587645653,11.445112579799943,16.82557698469579,13.323507521616339,48.42720779764211,50.99629820381272,85.0302592718897,88.12209721712745,522.4540405273438,988.77197265625,547.7440185546875,1067.7730712890625,80.03305922189327,right_ear,left_ankle,41.52042453816824,43.33884183323816,547.3827514648438,1017.193115234375,531.0044860839844,997.2019958496094,1.4497
89,285.0,524.5269775390625,990.952880859375,0.6187204122543335,525.96533203125,988.5555419921875,0.5838713645935059,523.5680541992188,989.0350341796875,0.6791300177574158,529.561279296875,988.7952880859375,0.642511785030365,522.609130859375,989.9939575195312,0.6267925500869751,532.91748046875,998.144775390625,0.6849502325057983,529.321533203125,996.7063598632812,0.534762442111969,536.2737426757812,1015.1655883789062,0.5735705494880676,533.63671875,1013.0079956054688,0.42863935232162476,532.1983032226562,1028.3507080078125,0.5017831921577454,531.7188720703125,1024.5150146484375,0.428203821182251,547.78076171875,1017.3231201171875,0.5911163091659546,543.2258911132812,1017.3231201171875,0.39982879161834717,535.5545043945312,1041.535888671875,0.5299967527389526,542.0272216796875,1041.535888671875,0.4935774803161621,541.0682983398438,1067.6663818359375,0.61219322681427,545.8629150390625,1065.5087890625,0.6100667715072632,155.71099459001894,151.66913450938455,168.07550196078088,141.2932801707981,27.911798842140602,30.214492899689226,16.863100372556758,11.665745717357026,17.34856105803562,13.800600942156711,48.25777229516916,50.78878975813183,85.0728061172361,91.36390549193658,522.609130859375,988.5555419921875,547.78076171875,1067.6663818359375,79.83574614957796,right_ear,left_ankle,40.30383383672629,43.365233681059436,545.5033264160156,1017.3231201171875,531.1195068359375,997.4255676269531,1.466367
90,288.0,523.8270263671875,991.096923828125,0.6548398733139038,525.0460205078125,988.6589965820312,0.6296424865722656,522.8518676757812,989.1466064453125,0.6984904408454895,529.1904907226562,988.6589965820312,0.6858229637145996,522.1204833984375,989.8779907226562,0.6226301789283752,532.6035766601562,997.4356079101562,0.7010526657104492,529.1904907226562,996.7042236328125,0.5541600584983826,536.5042724609375,1014.5011596679688,0.586212158203125,533.8225708007812,1012.55078125,0.4469872713088989,531.8721923828125,1027.1783447265625,0.50054931640625,531.3846435546875,1023.7653198242188,0.43457484245300293,547.9625854492188,1016.6952514648438,0.6042178273200989,546.2560424804688,1016.6952514648438,0.41033679246902466,534.553955078125,1040.5870361328125,0.5411248803138733,541.8677368164062,1041.0745849609375,0.5141006708145142,541.1363525390625,1066.916748046875,0.6149258613586426,545.524658203125,1064.9664306640625,0.621065616607666,151.44122465804136,147.05335140390622,161.09372925953033,136.66165576800245,27.14990301512793,29.75172795471136,16.509680619715382,11.476470044830274,17.505670067975398,13.496932498163986,48.27671969225161,50.683292855562144,85.36451575404045,91.40863933012204,522.1204833984375,988.6589965820312,547.9625854492188,1066.916748046875,79.35095090314447,right_ear,left_ankle,40.80398708274075,43.55997645425347,547.1093139648438,1016.6952514648438,530.8970336914062,997.0699157714844,1.483033
91,291.0,523.4136962890625,991.318115234375,0.6406227350234985,524.3868408203125,988.6419067382812,0.6027475595474243,522.6837768554688,989.1284790039062,0.6753836870193481,528.279541015625,988.8851928710938,0.6483877897262573,522.4404907226562,989.6150512695312,0.5988172888755798,531.928955078125,997.6437377929688,0.6871445178985596,530.2258911132812,995.940673828125,0.5346901416778564,536.06494140625,1013.7011108398438,0.5600142478942871,533.6320190429688,1012.4846801757812,0.4157659113407135,532.6588745117188,1025.62255859375,0.4497295022010803,531.928955078125,1023.432861328125,0.40110456943511963,547.7430419921875,1016.3773803710938,0.5973446369171143,548.2296142578125,1016.3773803710938,0.4124540090560913,534.3618774414062,1040.46337890625,0.554925799369812,541.9039916992188,1040.9500732421875,0.510130763053894,541.1741333007812,1067.2257080078125,0.6143897175788879,545.7966918945312,1065.2794189453125,0.6163858771324158,159.5244514948828,149.61085148023835,156.4737829296425,136.66414791501805,27.544887010178595,27.988340354186192,16.89099918609576,11.079850965283073,16.581484012987037,12.3984760450282,48.962521258000315,51.27087852618803,86.45521672375322,88.5055903799535,522.4404907226562,988.6419067382812,548.2296142578125,1067.2257080078125,79.83961049248836,right_ear,left_ankle,42.465652866917225,44.084560889473565,547.986328125,1016.3773803710938,531.0774230957031,996.7922058105469,1.4997
92,294.0,525.5421752929688,990.718017578125,0.6465427875518799,526.9868774414062,988.3101196289062,0.6051400899887085,523.8566284179688,988.7916870117188,0.7097201347351074,529.154052734375,988.5509033203125,0.6481437683105469,522.411865234375,989.7548828125,0.6603055596351624,532.0435180664062,997.460205078125,0.7188272476196289,531.0803833007812,995.2930908203125,0.5383158922195435,536.3778076171875,1014.315673828125,0.6315367221832275,534.6922607421875,1012.3893432617188,0.3855154812335968,531.5619506835938,1026.3553466796875,0.5103855133056641,531.5619506835938,1022.743408203125,0.40094685554504395,547.695068359375,1016.2420043945312,0.5849698781967163,549.8621826171875,1016.001220703125,0.4247284531593323,534.210693359375,1040.56201171875,0.5661182403564453,541.916015625,1040.8028564453125,0.5283149480819702,541.1936645507812,1067.0491943359375,0.5975283980369568,546.009521484375,1065.3636474609375,0.6213021278381348,151.24923186909703,143.77778371679165,152.77270713250516,136.2243862886229,27.454541182859476,28.8991542318895,17.47362315583201,10.816908147608133,17.403818336567355,12.96711997235678,49.51254561446712,51.22146816740545,88.99494974398512,90.95480495622252,522.411865234375,988.3101196289062,549.8621826171875,1067.0491943359375,79.54348860493837,right_ear,left_ankle,41.81816769167984,45.00241211798284,548.7786254882812,1016.1216125488281,531.5619506835938,996.3766479492188,1.516367
93,297.0,525.1641845703125,991.04443359375,0.6453381776809692,526.6238403320312,988.6116943359375,0.6164957284927368,523.9478759765625,989.3414916992188,0.7048823833465576,529.0565795898438,988.8549194335938,0.6664227247238159,522.4882202148438,990.0712890625,0.6626690030097961,532.46240234375,998.099365234375,0.7079553008079529,530.27294921875,995.909912109375,0.5465595722198486,536.8413696289062,1014.6419677734375,0.6477020382881165,534.6519165039062,1012.4525146484375,0.39618921279907227,531.9758911132812,1026.8056640625,0.5069633722305298,531.7326049804688,1022.9132690429688,0.39779701828956604,547.7886962890625,1016.3449096679688,0.6052168011665344,548.5184936523438,1016.1016235351562,0.4179854989051819,534.4086303710938,1040.6722412109375,0.5664819478988647,541.7068481445312,1040.91552734375,0.5202782154083252,541.7068481445312,1067.1890869140625,0.6041288375854492,545.8424682617188,1064.9996337890625,0.6196094751358032,149.58041043478514,143.37197074934573,154.90633264446163,135.80067089822495,27.042778714950586,28.710421201838592,17.112365507137397,10.860467866237617,17.112365507137397,13.100701836106388,48.971180491002976,51.2066327411336,86.90591053175672,90.97094968458289,522.4882202148438,988.6116943359375,548.5184936523438,1067.1890869140625,79.47647705437265,right_ear,left_ankle,41.53928701785978,44.388628491504555,548.1535949707031,1016.2232666015625,531.36767578125,997.004638671875,1.533033
94,301.0,527.0875244140625,990.6253662109375,0.6389545202255249,528.2896728515625,988.2210083007812,0.5981624722480774,524.923583984375,988.701904296875,0.707534670829773,529.25146484375,988.701904296875,0.6099292039871216,522.5191650390625,989.6636352539062,0.6777365207672119,532.13671875,997.357666015625,0.6990543007850647,530.2131958007812,995.674560546875,0.5203601121902466,536.7050170898438,1013.7073974609375,0.6185343265533447,534.5410766601562,1012.2647705078125,0.36423319578170776,532.3771362304688,1025.729248046875,0.5098365545272827,531.6558227539062,1023.0844116210938,0.37944337725639343,547.76513671875,1016.3521728515625,0.5730196833610535,548.7268676757812,1016.3521728515625,0.3907214403152466,535.0219116210938,1040.3958740234375,0.5524733662605286,541.7542114257812,1040.8768310546875,0.5003978610038757,542.4755249023438,1066.6036376953125,0.5903894901275635,545.8416137695312,1065.1610107421875,0.5875612497329712,150.4476278387536,144.59010211274656,154.57469712191403,136.2002867136275,27.447788771351572,28.372600647823294,17.14542560804293,11.197737446633441,16.975955585935644,12.777145387117981,48.89404203312344,50.529097677584815,86.98720579942194,89.51449386076354,522.5191650390625,988.2210083007812,548.7268676757812,1066.6036376953125,79.48597533323965,right_ear,left_ankle,42.10336308301925,44.40356810365823,548.2460021972656,1016.3521728515625,531.1749572753906,996.51611328125,1.5497
95,306.0,526.1122436523438,990.8463745117188,0.6342765092849731,527.3220825195312,988.4265747070312,0.6003429889678955,524.4183959960938,988.9105834960938,0.7090093493461609,529.0159301757812,988.9105834960938,0.6410149931907654,522.2406005859375,989.8784790039062,0.6751717329025269,531.9196166992188,997.379638671875,0.7136510610580444,530.709716796875,995.6858520507812,0.530798077583313,536.7590942382812,1014.0758666992188,0.6470557451248169,534.581298828125,1012.6240234375,0.35711002349853516,531.9196166992188,1025.690673828125,0.5582659244537354,531.4356689453125,1023.0289306640625,0.3881102502346039,547.64794921875,1016.4956665039062,0.5743497610092163,549.3417358398438,1016.253662109375,0.4146597385406494,534.581298828125,1039.9671630859375,0.5624262094497681,541.5985717773438,1040.693115234375,0.5172996520996094,542.08251953125,1066.3424072265625,0.5975830554962158,545.9541015625,1064.8905029296875,0.6147647500038147,150.30378854421022,141.21577047095712,152.21623647896433,135.01923070513342,27.352713842942524,28.31103515625,17.375004959727512,10.870008360301087,17.383456882684452,12.582697941728629,48.75467517046391,50.156470851508516,88.47916813267825,90.0,522.2406005859375,988.4265747070312,549.3417358398438,1066.3424072265625,78.99641806228861,right_ear,left_ankle,41.90284026496232,44.30774332111666,548.4948425292969,1016.3746643066406,531.3146667480469,996.5327453613281,1.566367
96,311.0,522.3544921875,991.9249267578125,0.7330603003501892,523.7598876953125,989.5825805664062,0.7005336284637451,521.183349609375,990.0510864257812,0.7458603978157043,527.9761352539062,989.5825805664062,0.7160939574241638,521.4175415039062,990.7537841796875,0.5483111143112183,531.9581298828125,997.5465698242188,0.7547059059143066,530.3184814453125,997.078125,0.5768752098083496,537.1112670898438,1014.4114379882812,0.6337183713912964,534.5347290039062,1013.0060424804688,0.41331467032432556,533.5977783203125,1026.357421875,0.5261504650115967,531.4896240234375,1022.3754272460938,0.4186183512210846,548.5888061523438,1016.2853393554688,0.5993863940238953,547.65185546875,1016.2853393554688,0.4457381069660187,534.7689208984375,1040.645751953125,0.5560734868049622,540.8590698242188,1040.8800048828125,0.4993654489517212,543.4356079101562,1066.1773681640625,0.6051753759384155,545.3095092773438,1065.2403564453125,0.5732671022415161,147.16893939175245,146.61984714824536,154.20711348203832,131.68361999938924,25.324396851031164,28.857471179758672,16.476507480044724,9.851803653565241,17.63458537266183,12.451953033776116,49.01102206593216,50.15745199629695,87.34937545617697,86.74276527198457,521.183349609375,989.5825805664062,548.5888061523438,1066.1773681640625,78.57170145362835,right_ear,left_ankle,41.01720387230982,45.03766627707492,548.1203308105469,1016.2853393554688,531.1383056640625,997.3123474121094,1.583033
97,317.0,521.7622680664062,992.4130859375,0.6707674860954285,522.70556640625,990.0548095703125,0.6403254270553589,521.5264282226562,990.2906494140625,0.6835912466049194,527.1862182617188,990.0548095703125,0.6757948398590088,522.4697265625,990.7623291015625,0.5715670585632324,532.1384887695312,997.6011962890625,0.7430458068847656,530.01611328125,997.3653564453125,0.5774402618408203,537.32666015625,1014.58056640625,0.6604052782058716,533.081787109375,1013.4014282226562,0.3751109540462494,533.081787109375,1026.371826171875,0.52690589427948,531.1951904296875,1022.126953125,0.3938390612602234,548.8820190429688,1016.4671630859375,0.6033441424369812,547.2312622070312,1016.7030029296875,0.4408043622970581,534.7326049804688,1040.521240234375,0.5605086088180542,540.628173828125,1040.757080078125,0.4816474914550781,543.4580688476562,1065.990234375,0.6149176955223083,545.3446655273438,1065.0469970703125,0.574584424495697,156.97669760678386,143.21012180613099,153.6611869323678,130.62350124638195,24.78965294330436,28.78608962001848,16.32648014939446,8.92715138514122,17.754327132122103,12.532069024887022,48.380791813493424,49.819211411089164,87.27379636574557,88.12212454319035,521.5264282226562,990.0548095703125,548.8820190429688,1065.990234375,78.10088503793132,right_ear,left_ankle,40.95467606100225,45.192231830335075,548.056640625,1016.5850830078125,531.0773010253906,997.4832763671875,1.5997
98,323.0,525.5662841796875,992.6492919921875,0.5292350053787231,526.028564453125,990.337890625,0.4994426369667053,524.6417236328125,990.5690307617188,0.6248817443847656,527.6466064453125,990.8001708984375,0.5777682065963745,522.330322265625,991.262451171875,0.6287224888801575,532.5005493164062,998.89013671875,0.6876559257507324,529.4957275390625,997.7344360351562,0.5067287683486938,537.1234130859375,1016.6880493164062,0.6036301851272583,532.731689453125,1013.9143676757812,0.315147340297699,532.731689453125,1023.622314453125,0.4120587110519409,531.3448486328125,1022.0043334960938,0.34030064940452576,548.91162109375,1016.4569091796875,0.5823726654052734,547.0625,1016.6880493164062,0.3997756242752075,535.0431518554688,1040.2645263671875,0.5464739799499512,540.5905151367188,1040.9580078125,0.47518444061279297,542.9019775390625,1066.1524658203125,0.580081582069397,545.21337890625,1064.534423828125,0.5657835006713867,158.96264299171293,133.09206009982447,153.97478176165689,132.89147902998278,24.34023770598331,24.73325779689196,16.500352644854626,8.207976269136598,18.38848993978178,8.208000332195224,47.88209271465691,50.05760846740448,85.64305773899787,89.46454497849238,522.330322265625,990.337890625,548.91162109375,1066.1524658203125,77.6640669468985,right_ear,left_ankle,43.72926405814352,44.734156028654326,547.987060546875,1016.5724792480469,530.9981384277344,998.3122863769531,1.616367
99,327.0,525.9088134765625,993.4173583984375,0.5160255432128906,525.9088134765625,991.2114868164062,0.4974769651889801,524.8058471679688,991.2114868164062,0.6279214024543762,527.2323608398438,991.4320678710938,0.5677816867828369,522.3793334960938,992.0938720703125,0.6189860701560974,532.305908203125,999.1527099609375,0.6659631729125977,529.6588134765625,998.2703857421875,0.4880659878253937,537.60009765625,1016.3587646484375,0.590333878993988,533.4088745117188,1014.1528930664062,0.2822161018848419,533.1882934570312,1025.182373046875,0.44047194719314575,531.6441650390625,1023.1970825195312,0.34035128355026245,549.07080078125,1017.0205688476562,0.5647423267364502,547.7472534179688,1017.0205688476562,0.39796996116638184,535.173583984375,1039.9619140625,0.5252590179443359,540.6883544921875,1041.06494140625,0.4779517650604248,542.4530639648438,1066.6534423828125,0.5747054219245911,545.5413208007812,1064.888671875,0.5605494976043701,0.0,136.33216238737543,152.12512649403592,133.53864340265233,25.005636025831468,26.044614877239567,0.0,0.0,18.002132092472287,9.86509409287215,47.91890468435154,50.072113755343224,85.44614195998258,88.05846129589631,522.3793334960938,991.2114868164062,549.07080078125,1066.6534423828125,77.21453347729722,right_ear,left_ankle,42.49335906266493,43.94678101124709,548.4090270996094,1017.0205688476562,530.9823608398438,998.7115478515625,1.633033
100,331.0,522.6859130859375,994.2888793945312,0.5666197538375854,523.1339111328125,991.8248901367188,0.5380455255508423,522.909912109375,992.2728881835938,0.6063951253890991,526.9418334960938,992.0488891601562,0.601298451423645,522.6859130859375,992.4968872070312,0.5880082249641418,532.09375,999.8887939453125,0.6885854601860046,528.957763671875,999.4407958984375,0.5205140113830566,537.2456665039062,1016.0165405273438,0.5838626623153687,532.7657470703125,1014.8965454101562,0.3366355299949646,533.8856811523438,1027.21630859375,0.41717371344566345,532.09375,1025.2003173828125,0.34280291199684143,549.117431640625,1017.58447265625,0.6071373224258423,545.7575073242188,1018.032470703125,0.4143577516078949,534.7816772460938,1040.6561279296875,0.5450677871704102,540.82958984375,1041.1041259765625,0.47248804569244385,542.3975830078125,1066.8636474609375,0.6059080362319946,546.2055053710938,1065.295654296875,0.5825223326683044,162.4276826193689,145.58471301984792,155.41440473543707,131.94105810674154,25.949708232544044,27.386202257985794,15.917943665303318,10.32566205756343,16.93063653491629,11.692916928808131,47.26530678697138,49.73523333692986,83.05891885719669,86.24834821729391,522.6859130859375,991.8248901367188,549.117431640625,1066.8636474609375,76.93480981825407,right_ear,left_ankle,40.55075772962484,42.506207569080736,547.4374694824219,1017.8084716796875,530.5257568359375,999.664794921875,1.6497
101,335.0,526.21875,994.9365234375,0.5340182781219482,527.0996704101562,992.5140380859375,0.5050138235092163,524.0164794921875,992.7342529296875,0.629641056060791,528.6412353515625,992.9544677734375,0.5754155516624451,521.814208984375,993.6151733398438,0.6389143466949463,532.3851318359375,1000.4421997070312,0.661287784576416,528.2008056640625,1000.0017700195312,0.484072208404541,536.7896728515625,1016.518798828125,0.574130654335022,532.3851318359375,1014.0962524414062,0.26507556438446045,531.063720703125,1021.583984375,0.3760035037994385,531.063720703125,1021.80419921875,0.26939719915390015,549.1223754882812,1018.0603637695312,0.5826223492622375,543.396484375,1018.2805786132812,0.3949785828590393,535.6885375976562,1041.6246337890625,0.5327438712120056,540.3132934570312,1042.0650634765625,0.4449176490306854,542.2953491210938,1066.95068359375,0.5873327255249023,546.0391845703125,1065.4091796875,0.5645769238471985,0.0,116.1745321866675,158.83237517753307,135.6919074231436,0.0,21.183040063425253,0.0,0.0,16.669043789572193,7.64477812826948,47.2026366163497,49.36468030416758,0.0,93.57646824744263,521.814208984375,992.5140380859375,549.1223754882812,1066.95068359375,76.14180300925833,right_ear,left_ankle,46.73635495975114,0.0,546.2594299316406,1018.1704711914062,530.29296875,1000.2219848632812,1.666367
102,340.0,527.1871948242188,995.3555297851562,0.6002890467643738,528.291748046875,992.925537109375,0.5719133615493774,524.7572021484375,993.3673095703125,0.6714404821395874,529.1754150390625,993.5882568359375,0.5964988470077515,521.8853759765625,994.6928100585938,0.6573635935783386,532.4890747070312,1001.541015625,0.6532986164093018,527.6290283203125,1000.6573486328125,0.4924730062484741,537.128173828125,1017.2256469726562,0.5878949165344238,532.7099609375,1015.0165405273438,0.27223914861679077,532.4890747070312,1020.318359375,0.35969507694244385,532.0472412109375,1021.4229125976562,0.27276313304901123,549.0573120117188,1018.5510864257812,0.575878381729126,542.6509399414062,1018.7720336914062,0.37876826524734497,535.3609008789062,1041.5257568359375,0.5194549560546875,540.4418334960938,1042.1884765625,0.44728320837020874,540.8836059570312,1067.1513671875,0.5883627533912659,545.74365234375,1065.60498046875,0.5795726776123047,0.0,107.21306973171572,161.85320858890705,137.03651925617447,0.0,18.77734375,0.0,0.0,16.356310744395078,5.575491965642462,46.93495258177133,49.28282419653245,0.0,90.0,521.8853759765625,992.925537109375,549.0573120117188,1067.1513671875,74.90777825829406,right_ear,left_ankle,47.57939444415946,0.0,545.8541259765625,1018.6615600585938,530.0590515136719,1001.0991821289062,1.683033
103,343.0,527.65185546875,996.1965942382812,0.5238195061683655,528.5245971679688,994.0147705078125,0.5177759528160095,525.4700317382812,994.2329711914062,0.645329475402832,528.5245971679688,994.4511108398438,0.5619922876358032,521.7609252929688,994.8875122070312,0.6376336812973022,532.6700439453125,1002.3057250976562,0.6263958215713501,527.2154541015625,1000.1239013671875,0.4505804777145386,537.4700927734375,1017.7966918945312,0.5442379713058472,532.6700439453125,1014.9603271484375,0.24755145609378815,532.4518432617188,1018.014892578125,0.3346099853515625,531.1427612304688,1022.1603393554688,0.22852833569049835,548.8156127929688,1019.323974609375,0.5343002080917358,542.9246215820312,1019.323974609375,0.3502857983112335,535.5064086914062,1042.233154296875,0.5354174971580505,540.7427978515625,1042.8876953125,0.4749218821525574,540.0882568359375,1067.7606201171875,0.5921471118927002,546.1973876953125,1066.2332763671875,0.5987187623977661,0.0,75.27355653112333,161.5589407460257,139.66983613356896,0.0,15.710682813542435,0.0,0.0,16.21759911498209,5.022991110900581,47.02333026740825,49.21661680825107,0.0,90.79578846885815,521.7609252929688,994.0147705078125,548.8156127929688,1067.7606201171875,75.41457921607596,right_ear,right_ankle,50.328443455636034,0.0,545.8701171875,1019.323974609375,529.9427490234375,1001.2148132324219,1.6997
104,346.0,522.8843994140625,997.4948120117188,0.6272602081298828,524.213134765625,995.2802734375,0.5962928533554077,522.2200317382812,995.501708984375,0.6762077808380127,528.1994018554688,995.501708984375,0.6743123531341553,521.5556640625,996.3875122070312,0.5910011529922485,533.29296875,1003.4741821289062,0.6726194620132446,528.1994018554688,1002.3668823242188,0.5052598118782043,537.7221069335938,1019.1976928710938,0.6094650626182556,534.1787719726562,1016.983154296875,0.3434765636920929,531.078369140625,1020.3049926757812,0.40004897117614746,531.078369140625,1022.7410278320312,0.35785770416259766,549.4593505859375,1020.3049926757812,0.5512816309928894,542.1512451171875,1020.5264892578125,0.39952266216278076,536.3933715820312,1042.0079345703125,0.5440675020217896,539.9367065429688,1042.4508056640625,0.42681747674942017,539.9367065429688,1067.91845703125,0.5648635625839233,545.9160766601562,1066.5897216796875,0.5632002949714661,129.45019426497979,83.73046958868534,160.31970408914478,141.16344163042308,20.576546304045202,16.975883926754527,15.7920319584584,6.539541678720316,16.33542332200344,6.735381557059871,46.21682959375955,48.55638719569838,81.9570728417932,97.49592213689765,521.5556640625,995.2802734375,549.4593505859375,1067.91845703125,74.30867995578146,right_ear,right_ankle,48.43048760298883,46.291095435090334,545.8052978515625,1020.4157409667969,530.7461853027344,1002.9205322265625,1.716367
105,349.0,524.2378540039062,998.0902099609375,0.6506732702255249,525.9747314453125,995.7020874023438,0.6417191028594971,522.5010375976562,996.1362915039062,0.6990934610366821,529.2312622070312,995.919189453125,0.7028661966323853,520.5470581054688,997.0046997070312,0.6488655805587769,533.5733642578125,1003.9520874023438,0.6469250321388245,525.1062622070312,1003.0836181640625,0.5237435102462769,537.6983642578125,1020.0178833007812,0.5738796591758728,530.533935546875,1017.41259765625,0.3601631820201874,529.882568359375,1021.53759765625,0.5131582021713257,529.6654663085938,1021.9718017578125,0.4325461983680725,549.63916015625,1020.8862915039062,0.539402961730957,540.9549560546875,1021.53759765625,0.39769479632377625,536.6128540039062,1042.3797607421875,0.5651378631591797,535.0931396484375,1043.4652099609375,0.4610692858695984,538.5668334960938,1068.6494140625,0.5420639514923096,546.1654663085938,1067.56396484375,0.5421667098999023,148.46891787132338,86.60335742657165,140.35661298341614,144.5277532488603,19.430641304674197,17.968643389364846,15.322509297487162,4.641183131222592,16.586905161911645,7.962172897409993,46.32036154419176,49.029708281984036,76.42960181177416,101.85303473704232,520.5470581054688,995.7020874023438,549.63916015625,1068.6494140625,75.06605581416754,right_ear,right_ankle,47.905528971727634,48.486032368659764,545.2970581054688,1021.2119445800781,529.3398132324219,1003.5178527832031,1.733033
106,352.0,525.1306762695312,998.9935913085938,0.6213983297348022,526.6151123046875,996.6608276367188,0.6245437264442444,523.2220458984375,997.0849609375,0.6901350021362305,529.1599731445312,996.6608276367188,0.6958735585212708,520.67724609375,997.9332275390625,0.668043851852417,533.1892700195312,1004.0831909179688,0.6032639145851135,523.4341430664062,1004.0831909179688,0.5094852447509766,535.3099365234375,1020.62451171875,0.3925081193447113,525.3427124023438,1018.291748046875,0.42093682289123535,527.8875732421875,1022.1090087890625,0.44175538420677185,528.099609375,1023.3814086914062,0.42445021867752075,550.1547241210938,1021.0486450195312,0.5398280620574951,540.1875,1022.321044921875,0.42486709356307983,538.0668334960938,1041.831298828125,0.5655422806739807,534.2495727539062,1043.5279541015625,0.49924924969673157,545.7012939453125,1068.1278076171875,0.5030344724655151,537.854736328125,1068.33984375,0.469570130109787,159.20757305354556,94.00440745287389,156.0905593916459,133.6270904460712,19.85416291631663,18.789308093720212,14.33616868607068,5.788361287474328,16.676705917391132,7.569359829643103,46.077886582744426,47.28932851317636,76.40915502773196,106.38949832070794,520.67724609375,996.6608276367188,550.1547241210938,1068.33984375,74.5216884082855,right_ear,left_ankle,49.34631182644133,46.00460177840232,545.1711120605469,1021.6848449707031,528.3117065429688,1004.0831909179688,1.7497
107,355.0,524.9024658203125,999.5043334960938,0.5727357864379883,526.1771240234375,996.9549560546875,0.5829311609268188,523.2028198242188,997.3798217773438,0.6660915613174438,528.93896484375,997.3798217773438,0.6838479042053223,520.6534423828125,998.4420776367188,0.6604520678520203,534.250244140625,1004.8156127929688,0.6389877796173096,523.415283203125,1004.6031494140625,0.5017074942588806,538.4992065429688,1020.3244018554688,0.5115748643875122,528.5140991210938,1017.7750244140625,0.34360069036483765,527.2393798828125,1019.2621459960938,0.6190685033798218,527.8767700195312,1021.3866577148438,0.40837258100509644,550.60888671875,1021.1741943359375,0.586268424987793,541.4735107421875,1022.4489135742188,0.4230054020881653,536.587158203125,1041.14453125,0.5551093816757202,538.9241333007812,1043.4814453125,0.4238147437572479,538.2868041992188,1068.762939453125,0.5778356790542603,546.35986328125,1067.48828125,0.5765138268470764,148.83093791213992,69.28920945688597,155.87930385221316,141.40468029612433,17.36637600351207,16.057849769831137,14.124312895888298,3.667435545856332,16.080305335460842,11.309822453404916,45.303654176790324,49.158136452135516,75.11358041831132,115.88717609210217,520.6534423828125,996.9549560546875,550.60888671875,1068.762939453125,73.67630764916437,right_ear,right_ankle,50.718577828073926,49.66874700552316,546.0411987304688,1021.8115539550781,528.832763671875,1004.7093811035156,1.766367
108,358.0,524.7125854492188,1000.416259765625,0.6306512355804443,526.23828125,997.80078125,0.6453319787979126,522.9689331054688,998.4546508789062,0.6804550290107727,529.5076293945312,998.0187377929688,0.7406569719314575,520.5714111328125,999.3264770507812,0.6945647597312927,535.3925170898438,1004.5574951171875,0.6479466557502747,520.3534545898438,1005.4293212890625,0.5741841793060303,538.8798217773438,1020.2504272460938,0.52468341588974,521.4432373046875,1019.5965576171875,0.41504770517349243,527.7639770507812,1018.288818359375,0.5960890054702759,525.5844116210938,1020.6863403320312,0.4101254343986511,550.8674926757812,1022.2120361328125,0.5959054231643677,540.1875610351562,1023.9556884765625,0.44123536348342896,537.1361694335938,1040.7384033203125,0.548880934715271,536.04638671875,1044.879638671875,0.4581543207168579,538.2259521484375,1068.85498046875,0.6075094938278198,546.0724487304688,1067.5472412109375,0.5702977180480957,109.14224898852225,67.46331365181646,144.9447620021823,141.23535492153147,16.128841915658263,15.708082668136756,14.209089046892379,4.282166634361044,16.075739883001265,11.287599984474172,43.98699095164657,48.32569506204581,71.07542590397594,119.05469059319499,520.3534545898438,997.80078125,550.8674926757812,1068.85498046875,72.8311443075882,right_ear,right_ankle,51.63709590416149,51.14395072516205,545.5275268554688,1023.0838623046875,527.8729858398438,1004.993408203125,1.783033
109,362.0,522.9533081054688,1001.0510864257812,0.5926432609558105,524.0153198242188,998.7146606445312,0.5807839632034302,522.3161010742188,998.9270629882812,0.645348310470581,528.263427734375,998.9270629882812,0.665106475353241,521.2540893554688,999.3518676757812,0.5859372019767761,534.2107543945312,1006.1488037109375,0.628410816192627,524.0153198242188,1004.2371826171875,0.4324518144130707,535.4852294921875,1023.1412353515625,0.5170615911483765,530.8123168945312,1020.1675415039062,0.283077210187912,526.989013671875,1018.2559204101562,0.5343921184539795,526.989013671875,1019.7427368164062,0.3385826647281647,550.5659790039062,1022.7164306640625,0.5591506958007812,541.6449584960938,1023.5660400390625,0.4219379425048828,536.7596435546875,1042.2576904296875,0.5389650464057922,534.2107543945312,1044.3817138671875,0.45725488662719727,539.0960693359375,1069.233154296875,0.5670979022979736,545.89306640625,1067.533935546875,0.5529521107673645,0.0,55.8118482103222,133.57116913098022,139.8077372117291,15.78813054558705,14.097369039426226,0.0,0.0,17.040159032000247,9.80061147796685,44.17264148997941,47.909961441466635,79.14349427415439,120.81553756017578,521.2540893554688,998.7146606445312,550.5659790039062,1069.233154296875,72.49740387963806,right_ear,right_ankle,52.3952208850572,51.39418143991777,546.10546875,1023.1412353515625,529.113037109375,1005.1929931640625,1.7997
110,365.0,526.7230834960938,1001.103271484375,0.5553646683692932,527.1702270507812,998.6436767578125,0.5514837503433228,524.263427734375,999.3145141601562,0.6179637908935547,528.7354736328125,998.8673095703125,0.6158518195152283,521.3566284179688,1000.4324951171875,0.6192992329597473,534.549072265625,1006.0225219726562,0.5692079067230225,523.3690795898438,1006.9169311523438,0.45725715160369873,533.6546630859375,1023.23974609375,0.3755757212638855,525.1578369140625,1023.4633178710938,0.31591612100601196,525.6050415039062,1017.6497192382812,0.3899633288383484,524.263427734375,1018.9913330078125,0.3429226875305176,550.8718872070312,1023.01611328125,0.5456039309501648,541.033447265625,1024.804931640625,0.43920642137527466,537.0086669921875,1042.91650390625,0.5252960920333862,534.325439453125,1045.152587890625,0.48572954535484314,539.46826171875,1069.5250244140625,0.6042866110801697,545.7290649414062,1067.2889404296875,0.5490604043006897,5.1400573075197835,58.195869243645205,134.4987421010086,139.85654631730011,12.107478629796283,14.669267279599508,16.642793221432893,4.56055001048403,17.24044008187383,9.800245295846688,42.74271666782832,47.8865481010777,85.7638505728439,127.56869377455267,521.3566284179688,998.6436767578125,550.8718872070312,1069.5250244140625,71.46821256361692,left_ear,left_ankle,53.69577415221508,52.85293240096939,545.9526672363281,1023.9105224609375,528.9590759277344,1006.4697265625,1.816367
111,368.0,522.2376708984375,1001.7991333007812,0.5528144836425781,523.3594970703125,999.5554809570312,0.5503153800964355,521.7889404296875,1000.0042114257812,0.586896538734436,527.6224365234375,999.5554809570312,0.6352527141571045,521.1158447265625,1000.4529418945312,0.5605827569961548,534.3533935546875,1006.06201171875,0.5288111567497253,523.8082275390625,1007.632568359375,0.43564462661743164,532.5584716796875,1022.889404296875,0.3059803545475006,528.2955322265625,1023.5625,0.32348787784576416,524.7056884765625,1017.504638671875,0.28921839594841003,524.2569580078125,1018.62646484375,0.2895234227180481,550.7320556640625,1023.5625,0.5272756814956665,540.6356201171875,1025.80615234375,0.4538417160511017,538.3919677734375,1042.85791015625,0.5162651538848877,533.6802978515625,1046.44775390625,0.5206758975982666,540.8599853515625,1069.557373046875,0.6090898513793945,545.5716552734375,1066.864990234375,0.5443055629730225,0.0,0.0,131.16114657880092,142.11842567794133,0.0,0.0,16.549882943194643,0.0,16.922850986630174,0.0,41.3544751144584,47.04238640686814,0.0,0.0,521.1158447265625,999.5554809570312,550.7320556640625,1069.557373046875,71.86969802294144,right_ear,left_ankle,0.0,0.0,545.683837890625,1024.684326171875,529.080810546875,1006.8472900390625,1.833033
112,371.0,521.727294921875,1002.5928955078125,0.644183874130249,522.876953125,1000.0635375976562,0.625586986541748,520.8075561523438,1000.5234375,0.6551969051361084,527.7056884765625,999.3737182617188,0.6626504063606262,520.8075561523438,1000.5234375,0.5332634449005127,533.4541625976562,1005.3521118164062,0.581792950630188,525.63623046875,1006.9617309570312,0.44267895817756653,530.6948852539062,1021.677734375,0.3613448143005371,529.3152465820312,1021.90771484375,0.29321011900901794,523.7967529296875,1016.8490600585938,0.39944881200790405,522.1871337890625,1017.5388793945312,0.3035580813884735,550.6995239257812,1023.9771728515625,0.5866435766220093,541.73193359375,1025.816650390625,0.47990530729293823,538.0529174804688,1043.06201171875,0.5212256908416748,533.68408203125,1046.2811279296875,0.5027279257774353,540.352294921875,1071.114501953125,0.651336669921875,545.8707885742188,1066.055908203125,0.5705069303512573,0.0,64.60127499542737,126.88779385544122,141.78358936409984,11.1253016576963,15.014838673076529,0.0,0.0,16.55716048679233,8.42023308563088,40.45155114269653,48.25964093202818,108.06060186941475,130.0301808032533,520.8075561523438,999.3737182617188,550.6995239257812,1071.114501953125,73.24681012982386,right_ear,left_ankle,56.73468211476848,53.98905063433113,546.2157287597656,1024.8969116210938,529.5451965332031,1006.1569213867188,1.8497
113,375.0,525.884033203125,1001.24462890625,0.5629751086235046,526.3529052734375,998.900146484375,0.5660250186920166,524.477294921875,999.603515625,0.6186850070953369,527.9940795898438,998.900146484375,0.5946364402770996,521.429443359375,1000.5413208007812,0.6309798955917358,532.4486694335938,1005.2303466796875,0.586534321308136,523.7739868164062,1006.6370239257812,0.4509449303150177,528.931884765625,1022.1107788085938,0.5016050338745117,525.884033203125,1020.7041015625,0.2899189591407776,522.836181640625,1015.3117065429688,0.4746164083480835,523.7739868164062,1016.4839477539062,0.3425633907318115,551.2047729492188,1023.5175170898438,0.6036235094070435,541.5922241210938,1025.6275634765625,0.5261781811714172,538.0755004882812,1042.9769287109375,0.5058622360229492,533.1520385742188,1046.0247802734375,0.531989336013794,540.185546875,1071.3455810546875,0.6663587093353271,545.8123779296875,1065.71875,0.582370400428772,0.0,53.64617107884423,124.78558380254391,141.73864603192564,9.846923828125,13.92959935758927,0.0,0.0,17.24287572475863,9.131537672337876,40.31268950374367,49.081025314269134,90.0,133.6361569781264,521.429443359375,998.900146484375,551.2047729492188,1071.3455810546875,73.46409234889154,left_ear,left_ankle,58.65829495332083,53.9421582352237,546.3984985351562,1024.5725402832031,528.111328125,1005.9336853027344,1.866367
114,378.0,527.8417358398438,1000.7520141601562,0.5922830104827881,528.3048095703125,998.2051391601562,0.5765109062194824,525.7579345703125,998.8997192382812,0.6454446315765381,529.2308959960938,998.2051391601562,0.5646939277648926,521.8218994140625,1000.0574340820312,0.6344496011734009,532.00927734375,1004.45654296875,0.540736198425293,524.8318481445312,1006.540283203125,0.4179903268814087,528.7678833007812,1020.20068359375,0.4037610590457916,527.1471557617188,1020.20068359375,0.26133179664611816,524.13720703125,1016.2646484375,0.4265234172344208,524.8318481445312,1017.65380859375,0.29587358236312866,551.2264404296875,1023.6736450195312,0.5990750789642334,542.1967163085938,1025.7574462890625,0.5146521329879761,537.5661010742188,1043.3538818359375,0.5078855156898499,532.7039184570312,1045.669189453125,0.4914088845252991,541.0390625,1071.6007080078125,0.6671139597892761,545.4381713867188,1066.0439453125,0.5953079462051392,0.0,61.26921977919055,122.5053777504985,138.22555491379862,0.0,14.19157657788829,0.0,0.0,16.074346001053005,6.07746126803255,40.41669252411599,48.99781664283586,0.0,123.69006752597979,521.8218994140625,998.2051391601562,551.2264404296875,1071.6007080078125,74.33937262753179,left_ear,left_ankle,57.859763282057145,0.0,546.7115783691406,1024.7155456542969,528.4205627441406,1005.4984130859375,1.883033
115,382.0,527.1725463867188,1000.8443603515625,0.5963608026504517,528.1016235351562,998.5216674804688,0.6052512526512146,525.3143310546875,999.2184448242188,0.6496232748031616,529.9598388671875,998.5216674804688,0.6448776721954346,522.0625,1000.1475830078125,0.6797337532043457,533.9085083007812,1004.7930297851562,0.5860590934753418,523.9207153320312,1006.4189453125,0.4709259271621704,528.7984619140625,1019.6586303710938,0.34181538224220276,519.73974609375,1018.2649536132812,0.2587442994117737,521.5979614257812,1015.0131225585938,0.47072869539260864,519.9720458984375,1015.9421997070312,0.31517788767814636,551.7936401367188,1024.536376953125,0.6292464733123779,541.8058471679688,1026.39453125,0.5516951084136963,539.0185546875,1043.1182861328125,0.47331681847572327,532.05029296875,1046.3701171875,0.5243778824806213,541.5735473632812,1070.7589111328125,0.6436491012573242,545.0576782226562,1065.4166259765625,0.5778281688690186,0.0,76.14172022611517,119.64008088250714,140.21023578908887,10.309430855229417,15.999995645600709,0.0,0.0,15.71937196121533,8.569011034987472,39.15735284792687,47.338915939109214,112.52058088787727,140.3008820950731,519.9720458984375,998.5216674804688,551.7936401367188,1070.7589111328125,73.257358871233,right_ear,left_ankle,59.21669508937446,55.47078333506002,546.7997436523438,1025.4654541015625,528.9146118164062,1005.6059875488281,1.8997
116,386.0,523.2898559570312,1001.0689697265625,0.6598731875419617,524.6621704101562,998.78173828125,0.6307052373886108,522.6036376953125,999.0104370117188,0.6785712242126465,529.2366943359375,998.3242797851562,0.6680262684822083,522.3749389648438,999.2391967773438,0.5612367391586304,532.8963012695312,1004.4998779296875,0.664414644241333,527.1781616210938,1005.414794921875,0.4989294111728668,527.6356201171875,1018.4521484375,0.5502413511276245,528.550537109375,1018.4521484375,0.2982664704322815,520.087646484375,1012.0478515625,0.5622280836105347,524.8909301757812,1015.7074584960938,0.3443017601966858,551.65185546875,1024.6278076171875,0.6402330994606018,542.5028076171875,1026.0001220703125,0.5440228581428528,539.3006591796875,1044.2982177734375,0.4862271547317505,533.353759765625,1045.4417724609375,0.4816914200782776,541.587890625,1070.6016845703125,0.6525681614875793,545.24755859375,1065.3409423828125,0.6015403866767883,0.0,70.34496638110929,123.93189090320239,142.90530028662036,10.543735160581178,14.86719689003071,0.0,0.0,14.911090453410818,9.898834498301682,39.43645269016666,47.0625195933804,102.52866380983443,149.48970831242664,520.087646484375,998.3242797851562,551.65185546875,1070.6016845703125,73.90360055841064,right_ear,left_ankle,62.3763725942225,53.64582969141611,547.0773315429688,1025.31396484375,530.0372314453125,1004.9573364257812,1.916367
117,389.0,523.728515625,999.7536010742188,0.673896074295044,525.1893920898438,997.5623168945312,0.6552566885948181,523.2415771484375,997.5623168945312,0.6995776891708374,530.0588989257812,997.31884765625,0.6644810438156128,522.7545776367188,997.8057861328125,0.5711389780044556,534.6849365234375,1003.8927001953125,0.6097214221954346,526.40673828125,1005.110107421875,0.49635618925094604,528.8414916992188,1017.5274047851562,0.5182325839996338,525.6763305664062,1017.283935546875,0.3368419408798218,521.5372314453125,1012.6578369140625,0.5481593608856201,521.7807006835938,1013.1448364257812,0.3754613399505615,552.2152709960938,1024.5882568359375,0.6253895163536072,542.2327270507812,1026.5360107421875,0.5221750736236572,540.5283813476562,1043.3358154296875,0.4899982810020447,533.7110595703125,1046.988037109375,0.47686031460762024,542.2327270507812,1069.63134765625,0.6019343137741089,544.9109497070312,1065.4921875,0.5602474808692932,46.697876218006044,79.50819161463592,126.1951627486728,144.35289071013702,9.271304871545404,15.801574937952655,12.195720013469655,5.6840191518062975,14.834116645961602,8.778662147957576,39.04813163497559,46.13600778423525,119.93141278518225,146.30993247402023,521.5372314453125,997.31884765625,552.2152709960938,1069.63134765625,74.41981989197265,right_ear,left_ankle,60.61587634148442,57.22983124537187,547.2239990234375,1025.5621337890625,530.5458374023438,1004.5014038085938,1.932933
118,392.0,529.0653686523438,998.6759643554688,0.6271607279777527,530.2237548828125,996.3593139648438,0.6116346716880798,526.9804077148438,997.0543212890625,0.6640889644622803,532.5404052734375,996.3593139648438,0.6317362785339355,523.9686889648438,998.4443359375,0.6819943189620972,536.0154418945312,1002.1510009765625,0.5867595076560974,526.5170288085938,1007.4793090820312,0.5313943028450012,529.9920654296875,1011.8810424804688,0.391571581363678,526.7487182617188,1022.3060302734375,0.39777815341949463,523.273681640625,1013.0393676757812,0.33096736669540405,526.0537109375,1022.0744018554688,0.257762610912323,552.00048828125,1023.927734375,0.610769510269165,541.80712890625,1026.939453125,0.5030025243759155,541.80712890625,1043.1561279296875,0.45040497183799744,532.7720947265625,1048.94775390625,0.4019531309604645,542.7337646484375,1069.3345947265625,0.5110251307487488,542.9654541015625,1067.712890625,0.5120799541473389,0.0,131.5418212576012,129.16932099718346,150.04379002603395,0.0,16.760339607080784,14.828531326142334,0.0,11.443547164449132,6.8175067286533375,40.78988750688707,46.342800237720034,0.0,139.48472713970997,523.273681640625,996.3593139648438,552.00048828125,1069.3345947265625,73.6837578954791,left_ear,left_ankle,59.56380964453135,0.0,546.90380859375,1025.43359375,531.2662353515625,1004.8151550292969,1.9495
119,395.0,525.7470703125,998.5814819335938,0.6604994535446167,527.111328125,996.0804443359375,0.6311498880386353,525.2923583984375,996.7625732421875,0.6728217601776123,532.1134643554688,995.1709594726562,0.6455530524253845,525.5197143554688,997.4446411132812,0.5383844971656799,536.4334716796875,1000.173095703125,0.6579351425170898,530.067138671875,1006.7667846679688,0.5738800764083862,528.9302368164062,1013.3605346679688,0.5213428735733032,528.702880859375,1021.091064453125,0.5074158310890198,515.5154418945312,1016.3163452148438,0.5082679986953735,518.926025390625,1019.2720947265625,0.3654397130012512,552.1219482421875,1023.1373901367188,0.6268014311790466,542.7998046875,1026.09326171875,0.5178920030593872,542.7998046875,1043.1458740234375,0.47110432386398315,533.0228881835938,1048.602783203125,0.40078863501548767,543.9366455078125,1068.838623046875,0.5208210349082947,542.11767578125,1067.7017822265625,0.5058634877204895,84.90119707149023,132.0644809047059,131.05907612395538,152.48519452309918,16.748348718820345,26.422877869193048,14.38909971966291,9.944624363090727,15.172576573049101,13.736576676340462,41.61411153315417,46.42845970266207,131.69818251365638,142.3412474499504,515.5154418945312,995.1709594726562,552.1219482421875,1068.838623046875,74.61040322264324,left_ear,left_ankle,59.71896251185776,53.69625014084906,547.4608764648438,1024.6153259277344,533.2503051757812,1003.4699401855469,1.966267
120,399.0,530.03857421875,996.4973754882812,0.606619119644165,531.1932373046875,994.1881103515625,0.5901485681533813,528.6530151367188,994.880859375,0.6556112170219421,534.1953125,993.4953002929688,0.6144599914550781,526.1128540039062,996.0355224609375,0.6740148067474365,538.8138427734375,998.806640625,0.6585667133331299,529.8076782226562,1004.3489379882812,0.5349302887916565,528.8839721679688,1011.0458374023438,0.49437040090560913,524.7272338867188,1016.357177734375,0.3629080057144165,514.79736328125,1015.6643676757812,0.5772061347961426,514.3355102539062,1016.5880737304688,0.3838212490081787,552.2076416015625,1022.8231201171875,0.6391893625259399,541.81591796875,1026.05615234375,0.5473142862319946,543.4324340820312,1042.4520263671875,0.5000654458999634,532.8097534179688,1049.6107177734375,0.4854094386100769,542.0468139648438,1069.7015380859375,0.5292801260948181,543.894287109375,1067.85400390625,0.5187218189239502,114.20510085640167,147.20560866977917,127.79281684665418,158.82365969445047,19.727757737992047,29.342362694870104,13.03873983367354,10.394288480784336,15.760719145898577,14.824418093606317,41.84949239268603,47.966952055721976,141.65452049709157,144.93408809066435,514.3355102539062,993.4953002929688,552.2076416015625,1069.7015380859375,76.60963877875253,left_ear,left_ankle,60.518991634807286,59.176996256818185,547.0117797851562,1024.4396362304688,534.3107604980469,1001.5777893066406,1.982933
121,401.0,531.8289794921875,995.0130615234375,0.617168664932251,533.1952514648438,992.5081787109375,0.6179931163787842,529.5518188476562,993.4190063476562,0.6502780914306641,536.1555786132812,991.5972900390625,0.648702085018158,526.5914916992188,994.3298950195312,0.6493132710456848,540.9376220703125,997.5179443359375,0.6646329164505005,529.0963745117188,1002.7554321289062,0.5411996841430664,528.4132080078125,1008.9037475585938,0.3976532816886902,521.1262817382812,1012.3195190429688,0.3669794797897339,513.1561889648438,1014.5966796875,0.44346657395362854,511.3344421386719,1015.507568359375,0.42672449350357056,551.8680419921875,1022.3390502929688,0.6423949599266052,541.39306640625,1025.9825439453125,0.6417014598846436,544.5811157226562,1042.378173828125,0.5862045884132385,533.1952514648438,1050.575927734375,0.5812336206436157,542.7593383789062,1069.4764404296875,0.6061948537826538,542.7593383789062,1067.427001953125,0.5718265771865845,147.83997293587376,158.18869953400926,131.9872630646732,163.8630882888373,21.86557156959599,32.6112132034726,12.449664144744718,10.297756123948394,16.926235926336286,16.28453580246745,41.46697238362839,48.00939523068202,144.323635084305,148.4187297961517,511.3344421386719,991.5972900390625,551.8680419921875,1069.4764404296875,78.15863169610682,left_ear,left_ankle,62.35490834209487,60.68897501528027,546.6305541992188,1024.1607971191406,535.0169982910156,1000.1366882324219,1.9996
122,404.0,531.97412109375,994.014404296875,0.6498686075210571,533.152587890625,991.4217529296875,0.645477294921875,529.8528442382812,992.364501953125,0.6985867023468018,536.4523315429688,990.4789428710938,0.7019245624542236,527.7315673828125,993.7786865234375,0.6953051686286926,542.1090698242188,995.664306640625,0.7048618793487549,531.2670288085938,1002.7351684570312,0.6370937824249268,533.152587890625,1005.0921630859375,0.4119655191898346,528.9100341796875,1010.984619140625,0.35727065801620483,516.65380859375,1010.2775268554688,0.4990973174571991,514.7681884765625,1013.5772705078125,0.3938327431678772,551.5369873046875,1021.82666015625,0.6496224403381348,540.6948852539062,1024.8907470703125,0.6356173753738403,545.8802490234375,1041.625244140625,0.5880396962165833,534.3310546875,1051.5245361328125,0.6464864611625671,542.5805053710938,1069.908935546875,0.5956311225891113,544.7017822265625,1066.609130859375,0.5415797233581543,116.33422972737512,150.97855045968635,132.0531017577409,170.70898788714243,19.74241396540494,29.35160181930321,8.579560610062632,14.37753946274446,13.003962695279146,17.29444175766765,41.91036589342778,48.90934241396723,146.68935225749314,150.14095895989087,514.7681884765625,990.4789428710938,551.5369873046875,1069.908935546875,79.66604201880736,left_ear,left_ankle,65.02383031093945,60.89661934079482,546.1159362792969,1023.3587036132812,536.6880493164062,999.1997375488281,2.016267
123,407.0,532.7530517578125,991.5986328125,0.6287015676498413,533.7380981445312,989.1359252929688,0.6166014671325684,530.7828979492188,990.1210327148438,0.6833717823028564,537.1858520507812,988.3971557617188,0.6721230745315552,528.5664672851562,991.1060791015625,0.66110759973526,543.0963134765625,994.0613403320312,0.703942596912384,530.7828979492188,999.9718017578125,0.6306370496749878,531.5216674804688,1001.203125,0.4513407051563263,523.1485595703125,1009.3300170898438,0.3936687707901001,518.4694213867188,1006.1284790039062,0.5114334225654602,514.775390625,1011.792724609375,0.4228641986846924,551.469482421875,1021.1509399414062,0.6647455096244812,540.3873901367188,1024.106201171875,0.6279874444007874,546.0515747070312,1043.5614013671875,0.5668154954910278,535.9545288085938,1048.9793701171875,0.6541635990142822,544.3276977539062,1069.419677734375,0.5363352298736572,544.0814208984375,1067.2032470703125,0.5724242925643921,145.59682859344133,168.9989355734021,145.86055859169477,170.22312245872163,19.899108216136458,27.424435267313523,12.077223053512991,8.727822552819312,13.600644035431653,13.950635833380765,43.2550717077264,48.79422236669013,143.55557129300675,153.8952181310764,514.775390625,988.3971557617188,551.469482421875,1069.419677734375,81.33667700894111,left_ear,left_ankle,68.36977616916364,62.68308711113146,545.9284362792969,1022.6285705566406,536.9396057128906,997.0165710449219,2.032933
124,410.0,529.7814331054688,992.1954345703125,0.6526358127593994,530.508056640625,989.7734375,0.6240555644035339,528.8126831054688,990.5000610351562,0.6656310558319092,535.1098022460938,988.0780639648438,0.5929744243621826,529.7814331054688,989.7734375,0.4380425214767456,542.8601684570312,993.1642456054688,0.6130428910255432,532.4456176757812,997.5238037109375,0.510591447353363,531.234619140625,998.2503662109375,0.4303485155105591,523.7265014648438,1007.4539184570312,0.35844531655311584,520.0935668945312,1000.91455078125,0.5591596961021423,518.882568359375,1004.7897338867188,0.4091107249259949,549.8838500976562,1021.2591552734375,0.5477705597877502,539.9537353515625,1022.7123413085938,0.5052887797355652,545.2821044921875,1044.5101318359375,0.4742576479911804,537.2896118164062,1047.9010009765625,0.5451712608337402,543.8289184570312,1069.69873046875,0.5263663530349731,544.0711059570312,1068.24560546875,0.5029098987579346,102.47369388073224,169.81956864649771,155.5276101774481,172.1067723575293,15.386684115773502,24.049644010325164,13.21477076495925,5.52825174489615,12.689445209368596,11.455170211519416,45.71904292284942,48.8165406627198,151.82137411484032,161.2001763455615,518.882568359375,988.0780639648438,549.8838500976562,1069.69873046875,82.08505459608172,left_ear,left_ankle,72.7642102209442,68.2723228295609,544.9187927246094,1021.9857482910156,537.6528930664062,995.3440246582031,2.0496
125,413.0,531.8145141601562,989.6481323242188,0.6015712022781372,533.0712280273438,987.385986328125,0.5912216901779175,530.0551147460938,988.1400146484375,0.6398199200630188,537.0928344726562,986.6319580078125,0.6223417520523071,528.79833984375,989.1453857421875,0.5875349640846252,544.1305541992188,991.1561889648438,0.6770398616790771,529.5523681640625,998.1939086914062,0.616694450378418,537.3441772460938,996.9371948242188,0.41211608052253723,524.5254516601562,1010.5099487304688,0.4965116083621979,527.0389404296875,995.680419921875,0.46845540404319763,523.2687377929688,1003.4722290039062,0.4248841404914856,550.4142456054688,1020.0611572265625,0.622660756111145,539.3549194335938,1022.8259887695312,0.6232829093933105,547.9007568359375,1042.4310302734375,0.5502982139587402,538.6008911132812,1047.960693359375,0.5922743082046509,543.8792114257812,1069.5765380859375,0.5145405530929565,544.3818969726562,1068.822509765625,0.5367083549499512,32.32782517405697,132.62066270125328,162.7931168901535,177.98394201178095,8.20638019847252,17.68026942666288,13.30243330301023,7.149043900664502,8.9148718945386,10.381588943768481,46.27040573544101,49.94476562542509,139.9693622241265,165.1735818913157,523.2687377929688,986.6319580078125,550.4142456054688,1069.5765380859375,83.22174160930783,left_ear,left_ankle,75.79070528065407,68.67623086761743,544.8845825195312,1021.4435729980469,536.8414611816406,994.675048828125,2.066267
126,416.0,531.1873779296875,989.8597412109375,0.6685887575149536,532.638916015625,987.4404907226562,0.6414249539375305,529.73583984375,988.166259765625,0.6891898512840271,537.2354736328125,986.2308959960938,0.6215866804122925,528.7681884765625,988.650146484375,0.537433385848999,544.251220703125,991.0693359375,0.6066528558731079,530.7035522460938,996.633544921875,0.5459277629852295,537.7192993164062,998.3270263671875,0.4472707211971283,528.0424194335938,1010.906982421875,0.3730712831020355,532.638916015625,993.0046997070312,0.34633326530456543,523.2039184570312,1007.5200805664062,0.36223289370536804,549.0896606445312,1020.1000366210938,0.5598112344741821,538.9288940429688,1021.7935180664062,0.5618089437484741,547.1542358398438,1045.01806640625,0.5126667618751526,539.8966064453125,1047.437255859375,0.5583030581474304,544.9769897460938,1070.177978515625,0.5547743439674377,544.4931030273438,1069.2103271484375,0.5135107040405273,65.56931464507127,85.65488331170633,170.2404968292556,179.495486598831,13.219726370454776,11.772478629233042,14.519388620467819,5.906115125763629,9.764223849106047,7.357815950420815,47.74216380877181,50.2465354657503,124.56259726392243,170.53777546258797,523.2039184570312,986.2308959960938,549.0896606445312,1070.177978515625,84.30328424962566,left_ear,left_ankle,78.15333022621255,65.26037008032249,544.00927734375,1020.94677734375,537.4773864746094,993.8514404296875,2.082933
127,419.0,534.1114501953125,988.2359008789062,0.6734533309936523,535.352783203125,985.7532348632812,0.6401520371437073,531.8770751953125,986.746337890625,0.7103830575942993,538.5802612304688,985.7532348632812,0.6397597789764404,529.8909912109375,987.9876098632812,0.6276699304580688,543.7937622070312,990.718505859375,0.6177806258201599,531.13232421875,996.4285888671875,0.5286613702774048,535.352783203125,996.9251098632812,0.3668307065963745,524.6774291992188,1008.5935668945312,0.47784096002578735,528.1531372070312,996.9251098632812,0.4131230115890503,528.4014282226562,1000.6491088867188,0.3794587254524231,548.5108032226562,1019.7654418945312,0.5619908571243286,538.3319702148438,1021.0067749023438,0.5571934580802917,546.0281372070312,1044.840087890625,0.5158030986785889,540.3180541992188,1046.5780029296875,0.5762531757354736,544.290283203125,1069.66650390625,0.5797871947288513,547.2694702148438,1067.680419921875,0.5570112466812134,2.835972758013011,143.67316510581097,166.20860368428959,178.34969725821216,5.026985396512003,16.827093737539172,13.771432754761777,8.77397183517588,10.477216224059292,7.19964599609375,47.52165870063054,50.07922502528034,122.90496807464167,158.3555433960044,524.6774291992188,985.7532348632812,548.5108032226562,1069.66650390625,84.1073187802695,left_ear,left_ankle,74.50985094746663,69.63619509788577,543.42138671875,1020.3861083984375,537.4630432128906,993.5735473632812,2.0996
128,422.0,533.1485595703125,987.69921875,0.656240701675415,534.4349975585938,985.1264038085938,0.6319093704223633,530.8330688476562,985.898193359375,0.6948565244674683,538.0369262695312,984.8690795898438,0.6571422219276428,528.5175170898438,987.44189453125,0.6211835145950317,542.1534423828125,991.3011474609375,0.6338998079299927,531.09033203125,995.9321899414062,0.5232269763946533,532.8912963867188,999.0195922851562,0.46157529950141907,527.2310791015625,1007.2525634765625,0.3885543644428253,521.8281860351562,1007.2525634765625,0.5057470798492432,519.25537109375,1010.5972290039062,0.3473242521286011,548.0709228515625,1020.1166381835938,0.5730486512184143,538.0369262695312,1021.9176025390625,0.5519766807556152,543.4398193359375,1045.5875244140625,0.5339513421058655,540.6097412109375,1046.61669921875,0.5298322439193726,544.7262573242188,1069.5147705078125,0.6207495927810669,549.3572998046875,1064.369140625,0.5790432691574097,131.57592731606235,176.85043099765983,159.71496042904818,166.61756100352335,18.844884480855853,25.837254469108718,11.960129186207295,8.648624498478709,12.056605615075277,13.790367119456052,43.934996788861476,49.51123372135688,128.90417899172542,141.8749069820556,519.25537109375,984.8690795898438,549.3572998046875,1069.5147705078125,84.9095998161545,left_ear,left_ankle,66.33931031568858,61.62422081864468,543.0539245605469,1021.0171203613281,536.6218872070312,993.6166687011719,2.116267
129,426.0,532.9038696289062,987.8894653320312,0.5770263671875,533.8916015625,985.4202270507812,0.5508987903594971,531.4223022460938,985.9140625,0.6407166719436646,536.8546752929688,985.6671142578125,0.612795352935791,529.2000122070312,987.148681640625,0.6331397294998169,542.2870483398438,990.8526000976562,0.6828622817993164,530.6815185546875,994.8034057617188,0.5583523511886597,535.8670043945312,1000.7296142578125,0.6241946816444397,525.2492065429688,1002.7050170898438,0.42944571375846863,527.4714965820312,1002.7050170898438,0.6114330887794495,529.2000122070312,1000.9765014648438,0.44132018089294434,547.2255249023438,1019.9898071289062,0.5807315111160278,537.595458984375,1020.9774780273438,0.5683977603912354,544.0155029296875,1045.6700439453125,0.49776872992515564,540.064697265625,1046.4107666015625,0.5103568434715271,545.0032348632812,1069.621826171875,0.592081606388092,549.4478759765625,1064.93017578125,0.527949333190918,31.861862568528526,136.26425500577028,158.67544680186464,170.5135545763606,6.34838338619259,18.973148458943655,9.588820332732132,4.312381205442937,11.780168631206887,8.624776390060534,45.52273529131274,49.681746017016444,103.49541189248575,141.34024931658942,525.2492065429688,985.4202270507812,549.4478759765625,1069.621826171875,84.34923043895634,left_ear,left_ankle,69.17529316803267,67.08240041768374,542.4104919433594,1020.483642578125,536.4842834472656,992.8280029296875,2.132933
130,429.0,536.1008911132812,986.7496948242188,0.7123309969902039,536.5914916992188,984.5419921875,0.7085579633712769,533.402587890625,985.2778930664062,0.7295500636100769,538.0632934570312,985.523193359375,0.6403920650482178,528.7418212890625,987.485595703125,0.7285723686218262,543.2146606445312,991.4104614257812,0.6486762166023254,528.251220703125,997.788330078125,0.6475813984870911,543.4599609375,995.5806274414062,0.39477041363716125,534.8743896484375,1001.9584350585938,0.47972068190574646,532.1760864257812,993.8634643554688,0.34054574370384216,538.5538940429688,994.599365234375,0.4139867424964905,548.8566284179688,1019.8655395507812,0.615456223487854,538.0632934570312,1022.0732421875,0.6442399024963379,548.3660278320312,1044.1505126953125,0.5635112524032593,540.0257568359375,1047.8299560546875,0.6170951128005981,546.4036254882812,1068.6806640625,0.5976235866546631,549.592529296875,1063.2840576171875,0.5277590751647949,84.36936531734091,77.98079015190922,152.59773904374296,176.5834212357784,10.78492349171753,11.307844363799301,7.826630336631606,8.227676541229714,4.177374394473667,11.41378434437599,42.79316052163601,48.87671842981749,-17.198755098844533,167.4712593786258,528.251220703125,984.5419921875,549.592529296875,1068.6806640625,83.57467362863338,left_ear,left_ankle,76.15796898405813,69.56607244907796,543.4599609375,1020.9693908691406,535.7329406738281,994.5993957519531,2.1496
131,433.0,533.0176391601562,987.2477416992188,0.5936932563781738,533.7696533203125,984.7410888671875,0.5956526398658752,530.76171875,985.4931030273438,0.639009416103363,536.0255737304688,985.4931030273438,0.6429768800735474,527.7537841796875,987.2477416992188,0.6986821293830872,542.79345703125,991.5089721679688,0.623542308807373,527.7537841796875,997.0234985351562,0.657930850982666,550.56396484375,992.7622680664062,0.5443313121795654,537.7802124023438,1000.2821044921875,0.5048193335533142,544.2974243164062,994.7675170898438,0.42718425393104553,542.79345703125,995.2688598632812,0.3445940613746643,549.561279296875,1020.0842895507812,0.6381775736808777,538.0308837890625,1022.089599609375,0.6510577201843262,549.0599975585938,1044.6490478515625,0.6056760549545288,539.5348510742188,1047.90771484375,0.6179941892623901,547.806640625,1069.2138671875,0.589429497718811,547.0546875,1065.955322265625,0.5460830330848694,116.99575125126822,26.906571478434785,160.71398407907225,178.2482058646368,15.141681424163743,3.5888762311756603,10.542664543998226,7.089798545693292,7.870930203804617,6.579555746920816,44.78426796955125,49.16090067961748,-6.654463279295357,65.22451915049298,527.7537841796875,984.7410888671875,550.56396484375,1069.2138671875,84.54560833499232,left_ear,left_ankle,74.52901208229788,70.81478695912146,543.7960815429688,1021.0869445800781,535.2736206054688,994.2662353515625,2.166267
132,436.0,533.7064819335938,986.2835083007812,0.6438809037208557,534.464599609375,984.0091552734375,0.6608534455299377,531.179443359375,984.5145874023438,0.6775990724563599,536.2335205078125,985.0199584960938,0.65671706199646,527.3888549804688,986.0308227539062,0.7242355346679688,542.2984008789062,991.3375854492188,0.656175971031189,526.1253662109375,996.6444091796875,0.7010457515716553,554.42822265625,995.380859375,0.6543367505073547,529.4105224609375,997.9078979492188,0.4287106394767761,548.3633422851562,996.3916625976562,0.5073530673980713,537.749755859375,993.6119384765625,0.4148188829421997,549.8795166015625,1019.6405029296875,0.6562865972518921,537.749755859375,1021.914794921875,0.6412937641143799,549.1214599609375,1044.910888671875,0.6233687400817871,538.7605590820312,1048.701416015625,0.6014697551727295,547.3524780273438,1070.181396484375,0.6957603693008423,547.3524780273438,1063.86376953125,0.46715426445007324,131.7077085957206,27.89717890362458,152.62250270965296,177.7139537252013,12.013422212842281,7.894758392984794,3.519752186965107,9.380729260794196,12.785954809439348,6.148536172993579,43.034041685776934,50.60402993104247,-14.62097196057339,39.805344231745146,526.1253662109375,984.0091552734375,554.42822265625,1070.181396484375,86.48621453344329,right_ear,left_ankle,73.79665760466725,70.9050917746501,543.8146362304688,1020.7776489257812,534.2118835449219,993.9909973144531,2.182933
133,440.0,532.09228515625,985.7243041992188,0.653578519821167,533.40966796875,983.6165161132812,0.6873793601989746,529.9844360351562,983.8799438476562,0.6935347318649292,536.04443359375,984.67041015625,0.7031030654907227,527.086181640625,985.7243041992188,0.7231795787811279,543.685302734375,991.5208129882812,0.6574170589447021,526.5592651367188,997.0538330078125,0.725945234298706,555.0148315429688,997.8442993164062,0.6929799914360046,530.77490234375,997.0538330078125,0.46216580271720886,547.637451171875,996.7903442382812,0.5723527073860168,539.7330932617188,990.9938354492188,0.5149728059768677,549.4818115234375,1019.9763793945312,0.6592088937759399,537.6253051757812,1022.6111450195312,0.6481989026069641,549.4818115234375,1045.53369140625,0.6501501202583313,538.1522827148438,1049.222412109375,0.6186692714691162,547.3739624023438,1070.5640869140625,0.7122792601585388,545.2661743164062,1063.4501953125,0.4892944097518921,145.9226059374255,21.037290214887328,154.56941699108467,175.18638817412074,14.500804042438586,6.5869140625,4.21563720703125,10.81539434939568,12.974771765497053,7.452285719596695,41.54769440120337,50.63160258177628,-24.70256168432045,53.13010235415598,526.5592651367188,983.6165161132812,555.0148315429688,1070.5640869140625,87.23177620189483,right_ear,left_ankle,73.77421320979342,72.66731776111635,543.5535583496094,1021.2937622070312,535.1222839355469,994.2873229980469,2.1996
134,443.0,529.9447021484375,986.5643310546875,0.567963719367981,531.599365234375,984.0823364257812,0.6098290681838989,528.5657958984375,984.6338500976562,0.6248719692230225,535.736083984375,984.90966796875,0.6476443409919739,526.6353149414062,986.5643310546875,0.6128069162368774,544.2853393554688,992.9073486328125,0.6567391753196716,526.9110717773438,997.8714599609375,0.7066147327423096,554.4893188476562,1001.1808471679688,0.7177956104278564,529.3931274414062,996.768310546875,0.5075713396072388,547.3189697265625,992.3557739257812,0.6772061586380005,539.8728637695312,989.04638671875,0.6227554082870483,549.2494506835938,1020.7613525390625,0.6613390445709229,537.1150512695312,1023.243408203125,0.6862759590148926,549.801025390625,1046.13330078125,0.6546427011489868,537.3908081054688,1048.339599609375,0.6015951037406921,547.043212890625,1070.677978515625,0.675471305847168,541.5275268554688,1058.5435791015625,0.47541895508766174,167.5783457217691,11.87071396036146,158.56178352874653,172.34380901543756,15.680879100953167,3.083366323656502,2.716162541022016,13.017410691623258,13.13666531080912,11.37083217044134,35.57487886494328,49.96535834038577,-34.24910360636303,-10.304947911877596,526.6353149414062,984.0823364257812,554.4893188476562,1070.677978515625,86.55395997808884,right_ear,left_ankle,78.32269003070508,69.51688758151947,543.1822509765625,1022.0023803710938,535.5982055664062,995.389404296875,2.216267
135,446.0,531.31884765625,986.5474243164062,0.6597405672073364,532.9168701171875,983.8839721679688,0.6877356767654419,528.9216918945312,984.6829833984375,0.6921823620796204,536.37939453125,984.4166870117188,0.7084202766418457,526.5245971679688,986.2810668945312,0.7121458649635315,544.3696899414062,992.67333984375,0.67967689037323,526.7909545898438,996.6685180664062,0.6948457956314087,553.9581298828125,1002.2617797851562,0.7112840414047241,528.3890380859375,996.1358032226562,0.5595461130142212,547.8322143554688,991.8743286132812,0.6360945701599121,540.37451171875,988.411865234375,0.5947674512863159,548.3648681640625,1020.6395263671875,0.6552982330322266,536.6456909179688,1023.03662109375,0.6557886600494385,549.1638793945312,1045.4095458984375,0.6710721850395203,537.1784057617188,1048.605712890625,0.6518354415893555,547.0331420898438,1070.4459228515625,0.7311487197875977,543.8370361328125,1065.6517333984375,0.5483874082565308,165.63617924868922,14.470365910447402,159.8566033260611,173.28796586617344,15.896079399114408,3.5535185752144374,1.6845343467079588,14.258709487525786,13.560101807136604,12.059269583861145,43.217626528306525,49.824197184656335,-31.292980018510423,-12.994100456230354,526.5245971679688,983.8839721679688,553.9581298828125,1070.4459228515625,86.68639891141919,left_ear,left_ankle,78.57565741138157,77.31743858483502,542.5052795410156,1021.8380737304688,535.580322265625,994.6709289550781,2.232933
136,450.0,531.6851806640625,986.121826171875,0.5949132442474365,532.7213134765625,983.5315551757812,0.636945903301239,529.0949096679688,984.3086547851562,0.6279209852218628,536.3477172851562,984.8267211914062,0.653598427772522,526.24560546875,986.639892578125,0.6367631554603577,544.3776245117188,993.6336669921875,0.6385312080383301,527.5407104492188,997.2601318359375,0.6752597689628601,554.2207641601562,1002.181640625,0.6663392186164856,531.4261474609375,993.8927001953125,0.4915130138397217,549.0401611328125,992.3385620117188,0.6234362125396729,542.564453125,986.121826171875,0.5685787200927734,549.0401611328125,1020.831787109375,0.6577438116073608,536.8657836914062,1022.6449584960938,0.6438614130020142,549.0401611328125,1046.2166748046875,0.6736519932746887,537.1248168945312,1049.06591796875,0.679684042930603,546.9679565429688,1070.5654296875,0.7186216711997986,543.3414916992188,1067.197998046875,0.6049720644950867,173.98753146788047,21.269616308619227,161.6371781365395,175.13555425544982,18.70226449000702,4.83906443989696,5.141616149258549,13.581175801609465,13.036688665681176,11.12316700918214,45.021196423639445,49.776794150998285,-36.55250641936824,-15.523608107997035,526.24560546875,983.5315551757812,554.2207641601562,1070.5654296875,86.4460040322296,right_ear,left_ankle,78.25430887961608,81.07989538011482,542.9529724121094,1021.7383728027344,535.9591674804688,995.4468994140625,2.2496
137,454.0,531.9216918945312,985.4688720703125,0.5243573188781738,532.9614868164062,983.38916015625,0.5641053318977356,529.3220825195312,984.1690673828125,0.552402138710022,536.0809936523438,984.68896484375,0.5685603618621826,526.2025756835938,985.98876953125,0.5631011724472046,544.9195556640625,994.0474243164062,0.5762729644775391,528.0222778320312,996.6470336914062,0.6184009313583374,553.7581176757812,1002.6260375976562,0.6592696309089661,529.3220825195312,994.5673828125,0.5563198328018188,550.1187133789062,992.2277221679688,0.6499645113945007,541.5401000976562,986.5086669921875,0.5670817494392395,548.8189086914062,1021.343017578125,0.6468993425369263,536.6008911132812,1023.1627197265625,0.6342298984527588,548.8189086914062,1046.558837890625,0.6857452392578125,537.120849609375,1048.11865234375,0.6841089725494385,546.7392578125,1070.994873046875,0.7207229137420654,542.0599975585938,1067.615478515625,0.6130719780921936,155.41373414697262,26.56505202155034,166.97786726349048,175.1355116806847,16.89727783203125,5.508407832835849,2.4524355248981595,14.636353856474175,12.317174362013256,11.016815665671698,44.7867123948591,49.69538911476371,-36.86989764584402,-19.29001625838667,526.2025756835938,983.38916015625,553.7581176757812,1070.994873046875,87.45166063473518,right_ear,left_ankle,78.83961426532791,81.10847778665497,542.7098999023438,1022.2528686523438,536.4709167480469,995.3472290039062,2.266267
138,459.0,532.7781982421875,983.9104614257812,0.6010186076164246,533.8983764648438,981.6699829101562,0.6357256174087524,529.9776000976562,982.5101928710938,0.6231908798217773,536.6989135742188,983.63037109375,0.6232026219367981,526.616943359375,985.5907592773438,0.6464040279388428,543.9803466796875,993.7123413085938,0.5894615650177002,528.0172729492188,996.2328491210938,0.6429404020309448,553.502197265625,1002.114013671875,0.643038809299469,531.3778686523438,992.3120727539062,0.47492823004722595,552.1019287109375,991.1918334960938,0.5953114032745361,544.2603759765625,983.9104614257812,0.4964866042137146,547.901123046875,1021.437744140625,0.6542253494262695,536.4188842773438,1022.8380126953125,0.6630768775939941,548.18115234375,1046.6427001953125,0.7000644207000732,537.259033203125,1048.04296875,0.7089853882789612,547.0609741210938,1070.167236328125,0.716633677482605,540.8997802734375,1068.2069091796875,0.6375782489776611,163.7119719820371,41.27049823123581,171.67421398015804,176.63724417824162,20.388222935569754,8.503708268937524,5.1639220367234655,15.380054221862421,12.69857224576221,11.011574447710716,45.58963914243831,48.73673418551057,-37.184781846986205,-17.24156774643298,526.616943359375,981.6699829101562,553.502197265625,1070.167236328125,87.15504198478413,left_ear,left_ankle,79.1361199178888,84.36340858101282,542.1600036621094,1022.1378784179688,535.9988098144531,994.9725952148438,2.282933
139,465.0,532.8411865234375,986.4735717773438,0.6131572127342224,533.9105834960938,984.0673828125,0.6582092046737671,530.1676635742188,984.8694458007812,0.6437337398529053,536.5841674804688,984.8694458007812,0.6608614921569824,526.95947265625,987.0082397460938,0.6664554476737976,543.5352783203125,993.9594116210938,0.6543704271316528,527.494140625,997.4349975585938,0.6849946975708008,553.6947021484375,1001.4453125,0.679919958114624,534.4453125,990.751220703125,0.44283241033554077,553.1599731445312,989.9491577148438,0.6332622766494751,547.5455932617188,983.2653198242188,0.47128069400787354,547.8129272460938,1020.9620361328125,0.6489697694778442,536.3167724609375,1023.1008911132812,0.6491856575012207,548.080322265625,1047.16259765625,0.6950819492340088,537.653564453125,1048.2320556640625,0.6853945255279541,546.7435302734375,1070.6895751953125,0.7279111742973328,539.5250244140625,1068.818115234375,0.6444458365440369,165.8684496640022,50.95249250996492,177.85041007732718,176.16325244296533,24.552810835800816,10.426739032503718,9.643218523371269,15.08827584598942,12.619532657285031,11.508584185376128,45.829657013041746,49.73903649144794,-35.24754559118645,-22.61968435172854,526.95947265625,983.2653198242188,553.6947021484375,1070.6895751953125,87.42793450738377,right_wrist,left_ankle,80.99497363440767,85.92793682576142,542.0648498535156,1022.0314636230469,535.5147094726562,995.6972045898438,2.2996
140,472.0,532.5745849609375,985.4298706054688,0.5938963890075684,533.7095336914062,983.1599731445312,0.6283186674118042,530.02099609375,984.0111694335938,0.6192973852157593,536.5468139648438,984.294921875,0.6239489316940308,527.1836547851562,986.5647583007812,0.620685338973999,543.64013671875,993.6580810546875,0.5873085260391235,527.1836547851562,996.2117309570312,0.6749516129493713,553.8545532226562,1000.4677124023438,0.6864153146743774,535.4119262695312,990.2532958984375,0.5023752450942993,554.4219970703125,987.9834594726562,0.6306480765342712,547.8961791992188,981.7413330078125,0.5243313908576965,547.8961791992188,1021.7476806640625,0.6779294610023499,535.6956176757812,1023.1663208007812,0.6910802721977234,548.7473754882812,1046.7161865234375,0.7132519483566284,536.83056640625,1047.85107421875,0.703869104385376,546.76123046875,1069.9822998046875,0.7545006275177002,537.6817626953125,1068.2799072265625,0.7245383858680725,178.37690959629427,58.91231424363493,179.75342794535635,173.16818995123415,25.266600175169774,12.183999455837574,10.159104289653586,15.109933271321486,12.276212103342589,12.497142222630494,45.15728570491193,48.2479698252884,-34.939317975898675,-27.7583668186916,527.1836547851562,981.7413330078125,554.4219970703125,1069.9822998046875,88.24826530798205,right_wrist,left_ankle,82.35591758168668,87.13930876664891,541.7958984375,1022.4570007324219,535.4118957519531,994.9349060058594,2.316267
141,478.0,533.6630859375,984.906494140625,0.6337089538574219,534.4920043945312,982.6959228515625,0.6770505905151367,530.62353515625,983.52490234375,0.6461902856826782,536.9789428710938,983.8012084960938,0.6343451738357544,527.0313110351562,986.0117797851562,0.6472623944282532,542.50537109375,994.025146484375,0.6000430583953857,527.583984375,995.1304321289062,0.6406736373901367,554.38720703125,999.2752685546875,0.7060236930847168,539.7421264648438,989.0513305664062,0.4516005516052246,554.66357421875,987.946044921875,0.6265252232551575,551.0713500976562,980.4853515625,0.5426982641220093,546.926513671875,1022.2100219726562,0.6278680562973022,536.1499633789062,1023.3153076171875,0.6481806039810181,548.0317993164062,1047.3553466796875,0.6747196912765503,536.9789428710938,1047.6317138671875,0.6878429651260376,546.6502075195312,1070.2900390625,0.682366132736206,536.7025756835938,1068.908447265625,0.6806862354278564,169.4723896079833,67.55863237142205,177.30327949711503,174.03578443949985,27.679138956736672,13.593284335875186,13.593229744399235,14.203073766535185,12.990065704177516,11.332594007754974,45.59648849814222,48.08081102112869,-31.9447830470321,-26.56505117707799,527.0313110351562,980.4853515625,554.66357421875,1070.2900390625,89.91344948709713,right_wrist,left_ankle,82.73298868581645,89.58295335545832,541.5382385253906,1022.7626647949219,535.044677734375,994.5777893066406,2.332933
142,482.0,535.3546752929688,985.2040405273438,0.5503161549568176,534.5552368164062,983.338623046875,0.5736486911773682,532.15673828125,983.87158203125,0.5551614165306091,535.6212158203125,984.6710815429688,0.467573344707489,528.4258422851562,985.737060546875,0.5313448309898376,542.0170288085938,994.264892578125,0.5221112966537476,528.1593627929688,994.7978515625,0.5537464618682861,554.8087768554688,997.9957885742188,0.662885844707489,540.9510498046875,988.66845703125,0.43122148513793945,555.6082763671875,986.0035400390625,0.5730040073394775,551.3443603515625,979.607666015625,0.5698138475418091,546.5474853515625,1022.2467651367188,0.5262491703033447,535.8876953125,1022.77978515625,0.5544063448905945,547.6134643554688,1047.2972412109375,0.6015055179595947,536.420654296875,1047.2972412109375,0.5982133150100708,546.5474853515625,1069.6827392578125,0.5915325284004211,535.6212158203125,1069.1497802734375,0.5813831090927124,164.5207347314798,77.55407359879754,176.6595664612119,174.83702924372835,27.717969780279514,15.905092139741127,14.184383452427236,13.78835878386597,13.324729003938458,12.01886951415131,46.37076081420003,47.43597412109375,-33.23173654138916,-31.293057415916998,528.1593627929688,979.607666015625,555.6082763671875,1069.6827392578125,90.91208665358927,right_wrist,right_ankle,84.1683213312472,90.91208665358927,541.2175903320312,1022.5132751464844,535.0881958007812,994.5313720703125,2.3496
143,486.0,535.5195922851562,985.6644287109375,0.5373108386993408,535.2556762695312,983.5527954101562,0.5638139247894287,532.0882568359375,984.3446655273438,0.5445146560668945,536.575439453125,985.1365356445312,0.47468626499176025,528.3929443359375,986.72021484375,0.5269479751586914,542.6463012695312,994.9027099609375,0.5140639543533325,528.6568603515625,994.9027099609375,0.5167564153671265,555.0520629882812,997.0143432617188,0.650063693523407,542.118408203125,989.3597412109375,0.3616477847099304,556.371826171875,985.4004516601562,0.5656704902648926,552.4125366210938,979.593505859375,0.5172871947288513,546.6055908203125,1021.5618286132812,0.5225929021835327,535.5195922851562,1022.3536987304688,0.5517964363098145,547.9253540039062,1046.9012451171875,0.5944005846977234,535.7835693359375,1046.9012451171875,0.5830957889556885,546.6055908203125,1069.60107421875,0.6153252720832825,534.727783203125,1069.337158203125,0.5614386796951294,158.88745960626815,86.82313003182689,176.6896506932061,173.69111505638926,28.261349671345638,16.693799647163154,14.55808274201598,14.18972983631968,12.584193220837452,11.688637773222911,46.9901311515633,48.03924560546875,-32.799515092946166,-34.695074038260515,528.3929443359375,979.593505859375,556.371826171875,1069.60107421875,91.4695230087608,right_wrist,right_ankle,84.76511188099073,91.4695230087608,541.0625915527344,1021.957763671875,535.6515808105469,994.9027099609375,2.366267
144,492.0,535.314208984375,984.0049438476562,0.5829035639762878,535.314208984375,982.1473999023438,0.6039855480194092,532.3952026367188,982.9434814453125,0.5821301937103271,536.9064331054688,984.5357055664062,0.49877190589904785,528.4147338867188,985.8624877929688,0.5606892108917236,542.2136840820312,994.8849487304688,0.5336843729019165,528.9454956054688,994.8849487304688,0.5459322929382324,555.2166137695312,996.7424926757812,0.6446811556816101,541.9483642578125,988.5161743164062,0.4219752550125122,556.5433959960938,986.9239501953125,0.6154496073722839,552.0322265625,980.5552368164062,0.5268211364746094,545.9288330078125,1020.8906860351562,0.5312877893447876,535.314208984375,1021.9521484375,0.5616573095321655,548.0517578125,1046.631103515625,0.5975562930107117,535.57958984375,1046.896484375,0.5936460494995117,546.9902954101562,1069.4525146484375,0.6120617389678955,533.9874267578125,1068.9217529296875,0.6028158664703369,167.8053617091291,89.56575052253123,175.25584970820702,172.62223206253526,27.172371810763405,16.392624598177825,14.478807987100351,12.847599186571932,13.134940044280217,9.907781160153446,46.98834001355275,48.57342792821288,-31.82747674159248,-29.05474914292317,528.4147338867188,980.5552368164062,556.5433959960938,1069.4525146484375,90.19011015621416,right_wrist,right_ankle,83.07963457730568,90.19011015621416,540.6215209960938,1021.4214172363281,535.57958984375,994.8849487304688,2.382933
145,498.0,535.4072875976562,983.9346923828125,0.6236584186553955,535.9268188476562,982.1162109375,0.6382210850715637,532.8094482421875,982.8955688476562,0.6178843975067139,538.264892578125,984.1944580078125,0.5305663347244263,528.9127807617188,986.0128784179688,0.5919979810714722,542.94091796875,994.585693359375,0.5404576063156128,529.1725463867188,995.6248168945312,0.5772841572761536,555.929931640625,996.9237060546875,0.6466168165206909,539.8235473632812,988.6107177734375,0.38145607709884644,557.2288208007812,987.052001953125,0.6100472211837769,552.0332641601562,981.0770874023438,0.48420214653015137,546.5778198242188,1021.0833129882812,0.564342200756073,535.4072875976562,1022.3822021484375,0.5999205708503723,548.3963012695312,1046.801513671875,0.623211145401001,535.6670532226562,1047.3211669921875,0.6309984922409058,547.097412109375,1069.1427001953125,0.6407250165939331,533.5888061523438,1067.84375,0.6153159737586975,178.30891331430252,87.29181569902762,173.62080239157976,172.62810238559263,27.097026598773216,16.152420052183256,12.753094067059314,14.346873207363258,13.197756609802974,9.956789388109868,45.4979033344049,48.06219590133344,-32.47119229084849,-27.80167814866242,528.9127807617188,981.0770874023438,557.2288208007812,1069.1427001953125,88.70542130860706,right_wrist,right_ankle,82.71353081547292,88.70542130860706,540.9925537109375,1021.7327575683594,536.0567321777344,995.1052551269531,2.3996
146,504.0,536.681884765625,984.2383422851562,0.5500550270080566,536.166748046875,982.6929931640625,0.5316238403320312,533.8486328125,982.9505004882812,0.5486105680465698,537.712158203125,985.0110473632812,0.38595080375671387,530.7578735351562,985.5261840820312,0.5079152584075928,527.6670532226562,995.0560913085938,0.42722761631011963,530.5003051757812,994.0258178710938,0.4050729274749756,555.4841918945312,995.8287963867188,0.5180283784866333,554.1963500976562,992.48046875,0.333839476108551,556.2568359375,986.0413208007812,0.5465465784072876,553.6812133789062,982.1778564453125,0.47434332966804504,534.106201171875,1022.1004638671875,0.5296704769134521,545.6966552734375,1021.8428955078125,0.4888896942138672,535.136474609375,1047.0843505859375,0.6101446151733398,548.0147705078125,1047.0843505859375,0.602893590927124,533.33349609375,1067.9471435546875,0.5855805277824402,547.2420654296875,1068.9774169921875,0.6360742449760437,90.86884929202581,92.92253519850233,172.73142235834783,172.69932838278805,26.0332229097457,29.977354169280925,23.746381805352645,10.315482835994775,27.82786871156474,9.817925298272426,47.159849534450906,45.853190854137786,-27.071965941536558,-17.500814160188117,527.6670532226562,982.1778564453125,556.2568359375,1068.9774169921875,88.1498735675046,right_wrist,left_ankle,85.05317930910263,87.03807406786152,539.9014282226562,1021.9716796875,529.0836791992188,994.5409545898438,2.416267
147,510.0,538.1668701171875,984.7731323242188,0.5148589611053467,537.6552124023438,983.493896484375,0.5059736967086792,535.3524780273438,983.749755859375,0.5231709480285645,533.0498046875,985.5407104492188,0.4192587733268738,532.7939453125,985.5407104492188,0.4712933301925659,527.6768798828125,996.28662109375,0.5147364139556885,540.9812622070312,993.98388671875,0.46851515769958496,555.0532836914062,994.75146484375,0.393523633480072,555.5650024414062,993.98388671875,0.44039386510849,556.0767211914062,985.5407104492188,0.4400119483470917,555.8208618164062,982.726318359375,0.4468131363391876,533.8173828125,1022.1278686523438,0.5909591317176819,545.074951171875,1021.6162109375,0.5515601634979248,535.0966186523438,1046.94580078125,0.6461734771728516,547.8893432617188,1046.68994140625,0.6552308797836304,533.3056640625,1067.4141845703125,0.6372780799865723,547.3776245117188,1068.4375,0.6598460078239441,91.30198089011665,99.54986730412585,172.2477430293498,172.0487458545049,18.62650160208738,30.364874146512744,14.583740234375,11.260475539948414,27.41941265240925,9.267438741787451,46.87787766083496,45.28920694272722,-37.18456203517828,-20.72560253376105,527.6768798828125,982.726318359375,556.0767211914062,1068.4375,87.62972562583518,right_wrist,left_ankle,84.98109676525316,86.12604086114419,539.4461669921875,1021.8720397949219,534.3290710449219,995.13525390625,2.432933
148,516.0,537.4110717773438,984.4322509765625,0.5456372499465942,538.1779174804688,982.6430053710938,0.5660823583602905,534.85498046875,982.8986206054688,0.5305585861206055,540.2227783203125,984.6878662109375,0.511536717414856,531.0208129882812,984.6878662109375,0.5516951680183411,543.5457153320312,994.65673828125,0.5589801073074341,528.9758911132812,994.1455078125,0.575476884841919,556.3262939453125,996.4459838867188,0.6550729870796204,537.9223022460938,987.7551879882812,0.43264079093933105,558.3712158203125,986.2215576171875,0.6030412912368774,549.93603515625,980.5980834960938,0.5301384925842285,546.3574829101562,1020.4734497070312,0.5906537175178528,534.85498046875,1021.7515258789062,0.6112902164459229,548.146728515625,1046.2901611328125,0.6497747898101807,535.110595703125,1046.8013916015625,0.6585769653320312,547.635498046875,1067.7615966796875,0.6623725891113281,533.3212890625,1067.5059814453125,0.6461041569709778,175.24630761451488,93.34067502999781,174.47608487528743,174.6714705445417,24.957170190363204,17.057190201302248,10.994292137882939,13.984059609021331,12.905215593974063,10.426916994775313,45.780153052472954,47.305413715527536,-32.87628901976305,-29.638331458422073,528.9758911132812,980.5980834960938,558.3712158203125,1067.7615966796875,88.48182024411344,right_wrist,right_ankle,82.24374508997586,88.48182024411344,540.6062316894531,1021.1124877929688,536.2608032226562,994.401123046875,2.4496
149,520.0,537.1107177734375,984.3051147460938,0.6115362048149109,537.8871459960938,982.2346801757812,0.6466853618621826,534.5226440429688,982.7523193359375,0.6110563278198242,539.9575805664062,984.0463256835938,0.6252061128616333,530.8994140625,984.82275390625,0.6529839038848877,543.8396606445312,994.6573486328125,0.6437761783599854,529.3465576171875,994.1397094726562,0.6847211122512817,556.2622680664062,997.7630004882812,0.6810829043388367,539.9575805664062,987.1519775390625,0.4675635099411011,558.3327026367188,988.1871948242188,0.592100203037262,550.568603515625,980.940673828125,0.5215319991111755,545.9100952148438,1020.2789916992188,0.650296151638031,534.5226440429688,1021.3142700195312,0.6441779136657715,547.9805297851562,1045.383056640625,0.689486026763916,535.040283203125,1045.9007568359375,0.6825103759765625,547.9805297851562,1067.381591796875,0.7398706078529358,533.2286376953125,1066.8638916015625,0.7116712927818298,176.97682424280958,88.1641686978317,173.85462233258522,175.2852527860201,24.991794134495315,15.871709312300627,12.705203878907762,12.295287789163496,12.804930636493129,9.797078821048474,45.5679984056138,47.148081989299115,-31.879515700696047,-24.057500345625524,529.3465576171875,980.940673828125,558.3327026367188,1067.381591796875,87.65542634196227,right_wrist,right_ankle,79.86814129933971,87.65542634196227,540.2163696289062,1020.796630859375,536.5931091308594,994.3985290527344,2.466267
150,525.0,536.6495971679688,984.1856689453125,0.5531781911849976,537.4256591796875,982.1160888671875,0.5905905365943909,534.0626220703125,982.3748168945312,0.547868013381958,539.75390625,983.6682739257812,0.5794620513916016,530.6996459960938,984.1856689453125,0.5912802219390869,543.63427734375,994.2747192382812,0.6199353933334351,528.8887939453125,993.2399291992188,0.6581999063491821,556.0515747070312,998.1550903320312,0.713805079460144,539.2365112304688,988.0660400390625,0.4472024738788605,558.3798217773438,987.5486450195312,0.653486967086792,549.584228515625,981.857421875,0.5279085636138916,545.9625244140625,1019.8853149414062,0.6135532855987549,534.5800170898438,1020.9201049804688,0.6386635899543762,548.0320434570312,1045.2371826171875,0.6753982901573181,535.3560791015625,1046.0133056640625,0.6818666458129883,548.0320434570312,1067.2261962890625,0.6886796951293945,533.5452270507812,1066.9674072265625,0.6847089529037476,175.6014741903821,85.02689199377686,173.28934088930814,175.33318791388444,23.61911270644982,16.20713284449847,11.569113278687515,12.067402061779836,13.0094793759536,10.85897861621764,46.05892784865985,47.38609454093128,-28.810832662854022,-24.519759787838257,528.8887939453125,981.857421875,558.3798217773438,1067.2261962890625,86.60807799814313,right_wrist,right_ankle,80.34667816702263,86.60807799814313,540.2712707519531,1020.4027099609375,536.2615356445312,993.75732421875,2.482933
151,529.0,536.81396484375,984.6033935546875,0.494613379240036,537.074951171875,982.7767944335938,0.5232947468757629,533.943603515625,983.2987060546875,0.4869126081466675,539.4234008789062,984.3424682617188,0.47617560625076294,530.5513916015625,984.6033935546875,0.49917924404144287,543.3375854492188,994.5192260742188,0.5288299322128296,528.9857177734375,993.4754638671875,0.5753896832466125,555.3409423828125,998.6943359375,0.6573365330696106,539.6843872070312,988.517578125,0.39379560947418213,558.4722290039062,987.4737548828125,0.6172028183937073,550.1220703125,981.9939575195312,0.4895349442958832,545.68603515625,1020.3525390625,0.5639939308166504,534.4655151367188,1021.1353759765625,0.603029727935791,547.7735595703125,1045.403076171875,0.6336910724639893,535.2483520507812,1046.1859130859375,0.6368886232376099,548.2954711914062,1066.8004150390625,0.6298690438270569,533.4217529296875,1067.061279296875,0.6293028593063354,172.85788822047593,86.41349708247647,173.20941397644253,176.63365146370703,24.05349011405215,16.694193596468782,11.791613913366538,12.308649577199127,12.708741875013494,11.649308782423649,45.93776262870796,46.52111713142435,-28.511310960055475,-24.962894607902093,528.9857177734375,981.9939575195312,558.4722290039062,1067.061279296875,86.69111739421065,right_wrist,right_ankle,79.97678044982469,86.69111739421065,540.0757751464844,1020.7439575195312,536.1616516113281,993.9973449707031,2.4996
152,533.0,537.0781860351562,984.4996337890625,0.5424424409866333,537.33837890625,982.4180297851562,0.5671418905258179,534.2160034179688,982.9384155273438,0.5311965942382812,539.4199829101562,983.718994140625,0.5073637366294861,530.5731811523438,984.4996337890625,0.5458126068115234,543.0628051757812,994.38720703125,0.5427758097648621,529.011962890625,993.0862426757812,0.5757901668548584,555.292236328125,999.3310546875,0.6582897305488586,541.2413940429688,988.1423950195312,0.4183931350708008,558.4146118164062,988.1423950195312,0.6192260980606079,550.8687744140625,981.377197265625,0.511173665523529,545.4046020507812,1020.4072265625,0.5677981376647949,534.4761962890625,1020.9276123046875,0.6023362278938293,547.7463989257812,1045.386474609375,0.6301264762878418,535.2567749023438,1045.9068603515625,0.6230705976486206,548.7872314453125,1066.462646484375,0.6139557361602783,533.4353637695312,1066.9830322265625,0.6361278891563416,166.91556001478205,83.58119102485063,173.27088878051504,177.4714063880998,24.795603529419715,16.573341370793177,13.190929306084708,11.766662800436638,13.190929306084708,11.616166917509844,46.067179602336786,46.17947472417792,-28.178670029859124,-22.135521692949947,529.011962890625,981.377197265625,558.4146118164062,1066.9830322265625,87.36293714190317,right_wrist,right_ankle,78.90974744812,87.36293714190317,539.9403991699219,1020.6674194335938,536.0373840332031,993.7367248535156,2.516267
153,537.0,536.9029541015625,984.595458984375,0.5656754970550537,537.41357421875,982.8081665039062,0.5938025116920471,534.3497314453125,983.0635375976562,0.5656610131263733,539.966796875,984.3401489257812,0.5108489990234375,530.7752075195312,985.1060791015625,0.550160825252533,543.5413208007812,994.808349609375,0.5168925523757935,529.2432861328125,994.0423583984375,0.5406322479248047,555.54150390625,999.4041748046875,0.6232022643089294,537.9242553710938,989.4465942382812,0.3668951988220215,558.3500366210938,988.9359130859375,0.6006942391395569,549.9243774414062,983.8294677734375,0.4578351378440857,545.5839233398438,1020.8511962890625,0.5697773098945618,534.3497314453125,1021.6171875,0.585112452507019,547.8818359375,1045.1068115234375,0.6213833093643188,535.3710327148438,1045.872802734375,0.6270703673362732,549.158447265625,1065.7879638671875,0.6020857095718384,533.3284301757812,1066.8092041015625,0.6347422003746033,177.18672430671845,84.06241147216339,172.01667022556046,178.1203850760802,23.06535654683458,15.930586146422122,9.822437331526327,13.24971846585614,12.850136333543189,10.838466654587,45.20355539997984,45.07871228935459,-26.281424447758425,-21.630936092249232,529.2432861328125,982.8081665039062,558.3500366210938,1066.8092041015625,84.6230589539787,right_wrist,right_ankle,77.39976113763785,84.6230589539787,539.9668273925781,1021.2341918945312,536.3923034667969,994.4253540039062,2.532933
154,541.0,537.612548828125,985.2625122070312,0.5598007440567017,537.864501953125,983.4986572265625,0.5778783559799194,535.3447265625,983.7506103515625,0.5559757947921753,539.8803100585938,984.758544921875,0.47355398535728455,531.5650024414062,985.2625122070312,0.5355815887451172,543.1560668945312,994.8377685546875,0.5111457109451294,529.5491943359375,993.577880859375,0.5498360395431519,554.7471313476562,1000.88525390625,0.605078399181366,537.864501953125,989.546142578125,0.3903118371963501,558.2748413085938,990.0501098632812,0.592059850692749,550.2114868164062,984.2545776367188,0.45412135124206543,545.6759033203125,1020.7916870117188,0.5602419972419739,534.5887451171875,1021.547607421875,0.5702735185623169,547.9436645507812,1045.2337646484375,0.6041737794876099,535.3447265625,1045.7376708984375,0.6224521398544312,549.45556640625,1065.14013671875,0.594112753868103,533.328857421875,1066.4000244140625,0.6375924944877625,177.33181107748914,80.48152287126568,172.6377096317205,179.042519793537,22.66835489244925,15.858720488384575,9.241171697190415,13.433119322898015,13.07382324470776,11.394958709902324,44.87010839128729,44.509222015895524,-24.28599492649784,-17.571419950457415,529.5491943359375,983.4986572265625,558.2748413085938,1066.4000244140625,83.86237297812711,right_wrist,right_ankle,75.60616207001998,83.86237297812711,540.13232421875,1021.1696472167969,536.3526306152344,994.2078247070312,2.5496
155,545.0,537.656982421875,984.865966796875,0.5709679126739502,538.3965454101562,983.1402587890625,0.6008697152137756,534.9451904296875,983.3867797851562,0.5553241968154907,540.3687744140625,984.3728637695312,0.527652382850647,531.000732421875,985.1124877929688,0.5716387629508972,543.08056640625,994.9735717773438,0.5651478171348572,528.781982421875,993.0013427734375,0.6143138408660889,554.4207763671875,1001.3832397460938,0.638526439666748,539.1361083984375,988.8103637695312,0.4106847047805786,558.6117553710938,991.275634765625,0.6041008234024048,550.722900390625,984.3728637695312,0.4605488181114197,545.29931640625,1020.6123657226562,0.5835139751434326,534.2056274414062,1021.3519287109375,0.6208416223526001,548.0111083984375,1044.5255126953125,0.6472064256668091,535.1917114257812,1045.758056640625,0.6495317220687866,549.4902954101562,1064.7406005859375,0.6146726608276367,533.219482421875,1066.46630859375,0.6603372097015381,178.919439720226,83.04483842630077,172.24595681578364,177.71520907407955,23.576567418355616,15.96535526708766,11.17014904778398,12.407463677973045,13.026289012138715,10.94202830614049,45.125156556074835,44.32680246938745,-21.46771502932611,-13.39261951592514,528.781982421875,983.1402587890625,558.6117553710938,1066.46630859375,83.93868788404909,right_wrist,right_ankle,74.02906344672118,83.93868788404909,539.7524719238281,1020.9821472167969,535.9312744140625,993.9874572753906,2.566167
156,550.0,534.3174438476562,983.2898559570312,0.6664499044418335,535.607666015625,981.4835815429688,0.6815517544746399,531.9951171875,981.7415771484375,0.6423717737197876,538.1880493164062,983.2898559570312,0.6159878969192505,528.6405639648438,984.06396484375,0.6571556925773621,542.3167114257812,994.1275634765625,0.6695948839187622,527.866455078125,992.3212890625,0.6968852877616882,553.4124755859375,1002.1268310546875,0.6571550369262695,536.3817749023438,990.2569580078125,0.4736345410346985,558.0571899414062,993.8695068359375,0.6115090847015381,548.2516479492188,986.3863525390625,0.44993236660957336,544.8971557617188,1019.673583984375,0.6487893462181091,533.0272827148438,1020.7057495117188,0.6559699773788452,547.735595703125,1043.67138671875,0.664016842842102,534.8335571289062,1045.9937744140625,0.6838731169700623,549.5418701171875,1065.6048583984375,0.6616381406784058,533.5433349609375,1067.92724609375,0.7036236524581909,175.56660984889115,83.56863374359115,172.54790452096384,177.9622629385902,21.231569888468535,15.742593723101123,8.761970920522394,12.485009925652722,13.678606072412851,9.47400520885717,47.22431629327721,46.165521125010706,-16.232368677587118,-0.9392492040887329,527.866455078125,981.4835815429688,558.0571899414062,1067.92724609375,84.76474019661143,left_ear,right_ankle,72.23898764174511,82.856815004308,538.9622192382812,1020.1896667480469,535.0915832519531,993.2244262695312,2.582733
157,555.0,533.9887084960938,983.1422119140625,0.7252503633499146,535.27734375,981.3381958007812,0.7315650582313538,531.6693115234375,981.595947265625,0.7184330224990845,537.8544921875,982.884521484375,0.6890416145324707,528.5767211914062,983.9153442382812,0.7325869798660278,542.2356567382812,993.4508666992188,0.6790854930877686,527.8035278320312,992.1622924804688,0.7459487915039062,553.5751953125,1001.9555053710938,0.5988423824310303,537.8544921875,990.1005859375,0.49346724152565,557.6986694335938,994.7394409179688,0.5797560214996338,551.2557373046875,985.2039794921875,0.5116908550262451,544.5551147460938,1020.25341796875,0.6670290231704712,533.215576171875,1021.2842407226562,0.6745333075523376,547.9054565429688,1043.9632568359375,0.7089381217956543,535.0195922851562,1045.5096435546875,0.7148244380950928,549.70947265625,1065.353759765625,0.6716065406799316,533.4733276367188,1067.6732177734375,0.7318224310874939,171.52049311364505,82.87508524505613,171.75032801897336,176.77777283225902,24.462711394942122,15.516609975526958,10.260239682591411,14.267800298967522,14.174414062505257,8.311114547338647,46.38969311857472,45.39392289349909,-16.525718075990035,4.763604257966694,527.8035278320312,981.3381958007812,557.6986694335938,1067.6732177734375,84.9018116486327,left_ear,right_ankle,71.06482457211571,84.36462147303844,538.8853454589844,1020.7688293457031,535.0195922851562,992.8065795898438,2.5995
158,560.0,534.2750854492188,984.171630859375,0.6481986045837402,535.8223876953125,982.366455078125,0.668982744216919,532.2120361328125,982.6243896484375,0.638373613357544,538.6590576171875,984.171630859375,0.6342623829841614,529.117431640625,984.4295654296875,0.673602819442749,542.2694091796875,994.4869384765625,0.6730766892433167,527.8280029296875,992.4238891601562,0.7070692777633667,552.8425903320312,1003.5128173828125,0.6277494430541992,535.8223876953125,990.8765869140625,0.5145566463470459,558.258056640625,995.7763671875,0.5631834268569946,548.20068359375,987.5241088867188,0.5113996267318726,544.0745849609375,1020.0172119140625,0.657863974571228,532.727783203125,1020.7908935546875,0.6672481298446655,547.6849365234375,1043.2265625,0.6612473130226135,535.3065795898438,1046.0633544921875,0.6904316544532776,549.7479858398438,1065.4044189453125,0.6636842489242554,533.5014038085938,1067.9832763671875,0.6953747868537903,175.79990201985456,84.5057893328546,169.4658489525584,176.4726915399318,20.953614584787832,16.040557160857386,8.142747203593137,12.824247279006174,13.901749879442006,9.443512956737278,47.198723334034696,45.74042019516572,-13.523218163149995,4.610726427924967,527.8280029296875,982.366455078125,558.258056640625,1067.9832763671875,83.97019301833555,left_ear,right_ankle,70.14618233819233,81.79087025978158,538.4011840820312,1020.404052734375,535.0487060546875,993.4554138183594,2.616167
159,565.0,534.249267578125,983.7918090820312,0.6949498653411865,535.8046875,981.9772338867188,0.6986122727394104,532.4346923828125,982.2364501953125,0.7123103737831116,538.9154052734375,983.7918090820312,0.6422465443611145,529.0647583007812,984.3102416992188,0.7081280946731567,542.8037719726562,993.9016723632812,0.6616165637969971,527.5093994140625,992.6055297851562,0.7429718971252441,553.1728515625,1003.7523193359375,0.5892117619514465,535.54541015625,991.0501708984375,0.5131516456604004,558.0982055664062,995.7162475585938,0.5415486693382263,548.7659912109375,988.1986694335938,0.5418478846549988,544.359130859375,1020.0836181640625,0.6714773178100586,532.6939086914062,1021.1204833984375,0.6677844524383545,547.9883422851562,1043.15478515625,0.6822140216827393,535.0269775390625,1046.2655029296875,0.7137519121170044,549.543701171875,1065.7076416015625,0.6840078234672546,533.4716186523438,1068.2998046875,0.7235915660858154,178.78257874243076,77.97310752361422,170.66131324472718,175.00549864287353,21.708595370892773,15.401700623407532,8.185145686855419,13.52460069752775,14.302204631469094,9.425367986153965,47.185730788872256,45.91765764878263,-11.712487700039217,6.766106033525803,527.5093994140625,981.9772338867188,558.0982055664062,1068.2998046875,84.68315141768122,left_ear,right_ankle,70.51223146032308,81.54820476825746,538.5265197753906,1020.60205078125,535.1565856933594,993.2536010742188,2.632833
160,570.0,534.1740112304688,983.28857421875,0.6918578743934631,536.0148315429688,981.4478149414062,0.6871702671051025,532.59619140625,981.4478149414062,0.6986398696899414,539.4334106445312,983.28857421875,0.643233060836792,529.7034912109375,983.28857421875,0.6859596967697144,542.5890502929688,994.0704345703125,0.6687618494033813,528.1256713867188,992.4926147460938,0.7285679578781128,553.10791015625,1004.0632934570312,0.5592223405838013,538.64453125,991.440673828125,0.4858807921409607,557.5784301757812,996.9630737304688,0.540846586227417,552.5819702148438,987.4961547851562,0.5739868879318237,544.1669311523438,1020.1045532226562,0.6718855500221252,532.59619140625,1021.1564331054688,0.6769963502883911,548.1114501953125,1044.2978515625,0.6936054825782776,534.9629516601562,1046.401611328125,0.7160041332244873,549.6892700195312,1066.1243896484375,0.6823657155036926,533.3850708007812,1068.754150390625,0.7313356995582581,169.90852235383173,78.6647660689626,170.6062687504309,174.8745362496315,24.961473604573104,15.265938247685058,10.571328796241566,14.484869187503486,14.508743624215818,8.390391493279497,47.604254236956365,46.34998998079409,-11.546717112931395,10.922627146941531,528.1256713867188,981.4478149414062,557.5784301757812,1068.754150390625,85.67932729227081,left_ear,right_ankle,69.60981588451473,83.49480700577739,538.3815612792969,1020.6304931640625,535.3573608398438,993.2815246582031,2.6495
161,575.0,534.7646484375,983.8641967773438,0.6466938853263855,536.3497314453125,982.0150146484375,0.6635210514068604,533.1796264648438,982.2791748046875,0.65376877784729,539.255615234375,983.6000366210938,0.6240098476409912,530.0095825195312,983.8641967773438,0.6604984998703003,542.6898193359375,993.6385498046875,0.6299115419387817,528.160400390625,992.5818481445312,0.6859537363052368,554.3133544921875,1002.0919799804688,0.46351271867752075,537.4063720703125,991.789306640625,0.4321102201938629,557.4833984375,989.4118041992188,0.4636380970478058,549.5582885742188,987.2984008789062,0.4671686291694641,544.2748413085938,1019.79150390625,0.6548818349838257,532.6513061523438,1020.8482055664062,0.6663718223571777,548.2374267578125,1044.359375,0.6644692420959473,535.0288696289062,1046.7369384765625,0.6785070896148682,550.0866088867188,1066.021484375,0.6539528369903564,533.1796264648438,1068.3990478515625,0.6868749856948853,164.61679656628402,68.00903120708458,169.87342633984477,175.71680850982418,22.04051800040601,15.385556897543102,9.279876849236592,12.955203945849242,14.37244068574954,13.070426024373171,47.55377718310506,46.593859429362055,-13.86973207962794,-15.945427122262776,528.160400390625,982.0150146484375,557.4833984375,1068.3990478515625,85.01640985828934,left_ear,right_ankle,76.96593787055438,82.73799315838217,538.4630737304688,1020.3198547363281,535.4251098632812,993.1101989746094,2.666167
162,,0.0,0.0,0.0,0.0,0.0,0.0,0.0,0.0,0.0,0.0,0.0,0.0,0.0,0.0,0.0,0.0,0.0,0.0,0.0,0.0,0.0,0.0,0.0,0.0,0.0,0.0,0.0,0.0,0.0,0.0,0.0,0.0,0.0,0.0,0.0,0.0,0.0,0.0,0.0,0.0,0.0,0.0,0.0,0.0,0.0,0.0,0.0,0.0,0.0,0.0,0.0,0.0,0.0,0.0,0.0,0.0,0.0,0.0,0.0,0.0,0.0,0.0,0.0,0.0,0.0,,,,,0.0,,,0.0,0.0,,,,,2.682833
163,,0.0,0.0,0.0,0.0,0.0,0.0,0.0,0.0,0.0,0.0,0.0,0.0,0.0,0.0,0.0,0.0,0.0,0.0,0.0,0.0,0.0,0.0,0.0,0.0,0.0,0.0,0.0,0.0,0.0,0.0,0.0,0.0,0.0,0.0,0.0,0.0,0.0,0.0,0.0,0.0,0.0,0.0,0.0,0.0,0.0,0.0,0.0,0.0,0.0,0.0,0.0,0.0,0.0,0.0,0.0,0.0,0.0,0.0,0.0,0.0,0.0,0.0,0.0,0.0,0.0,,,,,0.0,,,0.0,0.0,,,,,2.6995
164,,0.0,0.0,0.0,0.0,0.0,0.0,0.0,0.0,0.0,0.0,0.0,0.0,0.0,0.0,0.0,0.0,0.0,0.0,0.0,0.0,0.0,0.0,0.0,0.0,0.0,0.0,0.0,0.0,0.0,0.0,0.0,0.0,0.0,0.0,0.0,0.0,0.0,0.0,0.0,0.0,0.0,0.0,0.0,0.0,0.0,0.0,0.0,0.0,0.0,0.0,0.0,0.0,0.0,0.0,0.0,0.0,0.0,0.0,0.0,0.0,0.0,0.0,0.0,0.0,0.0,,,,,0.0,,,0.0,0.0,,,,,2.716167
165,,0.0,0.0,0.0,0.0,0.0,0.0,0.0,0.0,0.0,0.0,0.0,0.0,0.0,0.0,0.0,0.0,0.0,0.0,0.0,0.0,0.0,0.0,0.0,0.0,0.0,0.0,0.0,0.0,0.0,0.0,0.0,0.0,0.0,0.0,0.0,0.0,0.0,0.0,0.0,0.0,0.0,0.0,0.0,0.0,0.0,0.0,0.0,0.0,0.0,0.0,0.0,0.0,0.0,0.0,0.0,0.0,0.0,0.0,0.0,0.0,0.0,0.0,0.0,0.0,0.0,,,,,0.0,,,0.0,0.0,,,,,2.732833
166,,0.0,0.0,0.0,0.0,0.0,0.0,0.0,0.0,0.0,0.0,0.0,0.0,0.0,0.0,0.0,0.0,0.0,0.0,0.0,0.0,0.0,0.0,0.0,0.0,0.0,0.0,0.0,0.0,0.0,0.0,0.0,0.0,0.0,0.0,0.0,0.0,0.0,0.0,0.0,0.0,0.0,0.0,0.0,0.0,0.0,0.0,0.0,0.0,0.0,0.0,0.0,0.0,0.0,0.0,0.0,0.0,0.0,0.0,0.0,0.0,0.0,0.0,0.0,0.0,0.0,,,,,0.0,,,0.0,0.0,,,,,2.7495
167,,0.0,0.0,0.0,0.0,0.0,0.0,0.0,0.0,0.0,0.0,0.0,0.0,0.0,0.0,0.0,0.0,0.0,0.0,0.0,0.0,0.0,0.0,0.0,0.0,0.0,0.0,0.0,0.0,0.0,0.0,0.0,0.0,0.0,0.0,0.0,0.0,0.0,0.0,0.0,0.0,0.0,0.0,0.0,0.0,0.0,0.0,0.0,0.0,0.0,0.0,0.0,0.0,0.0,0.0,0.0,0.0,0.0,0.0,0.0,0.0,0.0,0.0,0.0,0.0,0.0,,,,,0.0,,,0.0,0.0,,,,,2.766167
168,,0.0,0.0,0.0,0.0,0.0,0.0,0.0,0.0,0.0,0.0,0.0,0.0,0.0,0.0,0.0,0.0,0.0,0.0,0.0,0.0,0.0,0.0,0.0,0.0,0.0,0.0,0.0,0.0,0.0,0.0,0.0,0.0,0.0,0.0,0.0,0.0,0.0,0.0,0.0,0.0,0.0,0.0,0.0,0.0,0.0,0.0,0.0,0.0,0.0,0.0,0.0,0.0,0.0,0.0,0.0,0.0,0.0,0.0,0.0,0.0,0.0,0.0,0.0,0.0,0.0,,,,,0.0,,,0.0,0.0,,,,,2.782833
169,,0.0,0.0,0.0,0.0,0.0,0.0,0.0,0.0,0.0,0.0,0.0,0.0,0.0,0.0,0.0,0.0,0.0,0.0,0.0,0.0,0.0,0.0,0.0,0.0,0.0,0.0,0.0,0.0,0.0,0.0,0.0,0.0,0.0,0.0,0.0,0.0,0.0,0.0,0.0,0.0,0.0,0.0,0.0,0.0,0.0,0.0,0.0,0.0,0.0,0.0,0.0,0.0,0.0,0.0,0.0,0.0,0.0,0.0,0.0,0.0,0.0,0.0,0.0,0.0,0.0,,,,,0.0,,,0.0,0.0,,,,,2.7995
170,,0.0,0.0,0.0,0.0,0.0,0.0,0.0,0.0,0.0,0.0,0.0,0.0,0.0,0.0,0.0,0.0,0.0,0.0,0.0,0.0,0.0,0.0,0.0,0.0,0.0,0.0,0.0,0.0,0.0,0.0,0.0,0.0,0.0,0.0,0.0,0.0,0.0,0.0,0.0,0.0,0.0,0.0,0.0,0.0,0.0,0.0,0.0,0.0,0.0,0.0,0.0,0.0,0.0,0.0,0.0,0.0,0.0,0.0,0.0,0.0,0.0,0.0,0.0,0.0,0.0,,,,,0.0,,,0.0,0.0,,,,,2.816167
171,,0.0,0.0,0.0,0.0,0.0,0.0,0.0,0.0,0.0,0.0,0.0,0.0,0.0,0.0,0.0,0.0,0.0,0.0,0.0,0.0,0.0,0.0,0.0,0.0,0.0,0.0,0.0,0.0,0.0,0.0,0.0,0.0,0.0,0.0,0.0,0.0,0.0,0.0,0.0,0.0,0.0,0.0,0.0,0.0,0.0,0.0,0.0,0.0,0.0,0.0,0.0,0.0,0.0,0.0,0.0,0.0,0.0,0.0,0.0,0.0,0.0,0.0,0.0,0.0,0.0,,,,,0.0,,,0.0,0.0,,,,,2.832833
172,,0.0,0.0,0.0,0.0,0.0,0.0,0.0,0.0,0.0,0.0,0.0,0.0,0.0,0.0,0.0,0.0,0.0,0.0,0.0,0.0,0.0,0.0,0.0,0.0,0.0,0.0,0.0,0.0,0.0,0.0,0.0,0.0,0.0,0.0,0.0,0.0,0.0,0.0,0.0,0.0,0.0,0.0,0.0,0.0,0.0,0.0,0.0,0.0,0.0,0.0,0.0,0.0,0.0,0.0,0.0,0.0,0.0,0.0,0.0,0.0,0.0,0.0,0.0,0.0,0.0,,,,,0.0,,,0.0,0.0,,,,,2.8495
173,,0.0,0.0,0.0,0.0,0.0,0.0,0.0,0.0,0.0,0.0,0.0,0.0,0.0,0.0,0.0,0.0,0.0,0.0,0.0,0.0,0.0,0.0,0.0,0.0,0.0,0.0,0.0,0.0,0.0,0.0,0.0,0.0,0.0,0.0,0.0,0.0,0.0,0.0,0.0,0.0,0.0,0.0,0.0,0.0,0.0,0.0,0.0,0.0,0.0,0.0,0.0,0.0,0.0,0.0,0.0,0.0,0.0,0.0,0.0,0.0,0.0,0.0,0.0,0.0,0.0,,,,,0.0,,,0.0,0.0,,,,,2.866167
174,,0.0,0.0,0.0,0.0,0.0,0.0,0.0,0.0,0.0,0.0,0.0,0.0,0.0,0.0,0.0,0.0,0.0,0.0,0.0,0.0,0.0,0.0,0.0,0.0,0.0,0.0,0.0,0.0,0.0,0.0,0.0,0.0,0.0,0.0,0.0,0.0,0.0,0.0,0.0,0.0,0.0,0.0,0.0,0.0,0.0,0.0,0.0,0.0,0.0,0.0,0.0,0.0,0.0,0.0,0.0,0.0,0.0,0.0,0.0,0.0,0.0,0.0,0.0,0.0,0.0,,,,,0.0,,,0.0,0.0,,,,,2.882833
175,,0.0,0.0,0.0,0.0,0.0,0.0,0.0,0.0,0.0,0.0,0.0,0.0,0.0,0.0,0.0,0.0,0.0,0.0,0.0,0.0,0.0,0.0,0.0,0.0,0.0,0.0,0.0,0.0,0.0,0.0,0.0,0.0,0.0,0.0,0.0,0.0,0.0,0.0,0.0,0.0,0.0,0.0,0.0,0.0,0.0,0.0,0.0,0.0,0.0,0.0,0.0,0.0,0.0,0.0,0.0,0.0,0.0,0.0,0.0,0.0,0.0,0.0,0.0,0.0,0.0,,,,,0.0,,,0.0,0.0,,,,,2.8995
176,,0.0,0.0,0.0,0.0,0.0,0.0,0.0,0.0,0.0,0.0,0.0,0.0,0.0,0.0,0.0,0.0,0.0,0.0,0.0,0.0,0.0,0.0,0.0,0.0,0.0,0.0,0.0,0.0,0.0,0.0,0.0,0.0,0.0,0.0,0.0,0.0,0.0,0.0,0.0,0.0,0.0,0.0,0.0,0.0,0.0,0.0,0.0,0.0,0.0,0.0,0.0,0.0,0.0,0.0,0.0,0.0,0.0,0.0,0.0,0.0,0.0,0.0,0.0,0.0,0.0,,,,,0.0,,,0.0,0.0,,,,,2.916167
177,,0.0,0.0,0.0,0.0,0.0,0.0,0.0,0.0,0.0,0.0,0.0,0.0,0.0,0.0,0.0,0.0,0.0,0.0,0.0,0.0,0.0,0.0,0.0,0.0,0.0,0.0,0.0,0.0,0.0,0.0,0.0,0.0,0.0,0.0,0.0,0.0,0.0,0.0,0.0,0.0,0.0,0.0,0.0,0.0,0.0,0.0,0.0,0.0,0.0,0.0,0.0,0.0,0.0,0.0,0.0,0.0,0.0,0.0,0.0,0.0,0.0,0.0,0.0,0.0,0.0,,,,,0.0,,,0.0,0.0,,,,,2.932833
178,,0.0,0.0,0.0,0.0,0.0,0.0,0.0,0.0,0.0,0.0,0.0,0.0,0.0,0.0,0.0,0.0,0.0,0.0,0.0,0.0,0.0,0.0,0.0,0.0,0.0,0.0,0.0,0.0,0.0,0.0,0.0,0.0,0.0,0.0,0.0,0.0,0.0,0.0,0.0,0.0,0.0,0.0,0.0,0.0,0.0,0.0,0.0,0.0,0.0,0.0,0.0,0.0,0.0,0.0,0.0,0.0,0.0,0.0,0.0,0.0,0.0,0.0,0.0,0.0,0.0,,,,,0.0,,,0.0,0.0,,,,,2.9495
179,,0.0,0.0,0.0,0.0,0.0,0.0,0.0,0.0,0.0,0.0,0.0,0.0,0.0,0.0,0.0,0.0,0.0,0.0,0.0,0.0,0.0,0.0,0.0,0.0,0.0,0.0,0.0,0.0,0.0,0.0,0.0,0.0,0.0,0.0,0.0,0.0,0.0,0.0,0.0,0.0,0.0,0.0,0.0,0.0,0.0,0.0,0.0,0.0,0.0,0.0,0.0,0.0,0.0,0.0,0.0,0.0,0.0,0.0,0.0,0.0,0.0,0.0,0.0,0.0,0.0,,,,,0.0,,,0.0,0.0,,,,,2.966167
180,,0.0,0.0,0.0,0.0,0.0,0.0,0.0,0.0,0.0,0.0,0.0,0.0,0.0,0.0,0.0,0.0,0.0,0.0,0.0,0.0,0.0,0.0,0.0,0.0,0.0,0.0,0.0,0.0,0.0,0.0,0.0,0.0,0.0,0.0,0.0,0.0,0.0,0.0,0.0,0.0,0.0,0.0,0.0,0.0,0.0,0.0,0.0,0.0,0.0,0.0,0.0,0.0,0.0,0.0,0.0,0.0,0.0,0.0,0.0,0.0,0.0,0.0,0.0,0.0,0.0,,,,,0.0,,,0.0,0.0,,,,,2.982833
181,,0.0,0.0,0.0,0.0,0.0,0.0,0.0,0.0,0.0,0.0,0.0,0.0,0.0,0.0,0.0,0.0,0.0,0.0,0.0,0.0,0.0,0.0,0.0,0.0,0.0,0.0,0.0,0.0,0.0,0.0,0.0,0.0,0.0,0.0,0.0,0.0,0.0,0.0,0.0,0.0,0.0,0.0,0.0,0.0,0.0,0.0,0.0,0.0,0.0,0.0,0.0,0.0,0.0,0.0,0.0,0.0,0.0,0.0,0.0,0.0,0.0,0.0,0.0,0.0,0.0,,,,,0.0,,,0.0,0.0,,,,,2.9995
