frame,tracker_id,nose_x,nose_y,nose_conf,left_eye_x,left_eye_y,left_eye_conf,right_eye_x,right_eye_y,right_eye_conf,left_ear_x,left_ear_y,left_ear_conf,right_ear_x,right_ear_y,right_ear_conf,left_shoulder_x,left_shoulder_y,left_shoulder_conf,right_shoulder_x,right_shoulder_y,right_shoulder_conf,left_elbow_x,left_elbow_y,left_elbow_conf,right_elbow_x,right_elbow_y,right_elbow_conf,left_wrist_x,left_wrist_y,left_wrist_conf,right_wrist_x,right_wrist_y,right_wrist_conf,left_hip_x,left_hip_y,left_hip_conf,right_hip_x,right_hip_y,right_hip_conf,left_knee_x,left_knee_y,left_knee_conf,right_knee_x,right_knee_y,right_knee_conf,left_ankle_x,left_ankle_y,left_ankle_conf,right_ankle_x,right_ankle_y,right_ankle_conf,right_elbow_angle,left_elbow_angle,right_knee_angle,left_knee_angle,right_shoulder_wrist_dist,left_shoulder_wrist_dist,right_upper_arm_len,right_forearm_len,left_upper_arm_len,left_forearm_len,right_hip_ankle_dist,left_hip_ankle_dist,right_shoulder_wrist_alpha,left_shoulder_wrist_alpha,pose_bbox_x1,pose_bbox_y1,pose_bbox_x2,pose_bbox_y2,max_kpt_distance,max_kpt_1_name,max_kpt_2_name,dist_lw_la,dist_rw_ra,mid_hip_x,mid_hip_y,mid_shoulder_x,mid_shoulder_y,timestamp
1,1.0,526.39599609375,987.3135986328125,0.7171127200126648,528.09423828125,985.1301879882812,0.6829389333724976,526.1533813476562,985.372802734375,0.7154488563537598,532.7036743164062,985.372802734375,0.7000010013580322,527.3663940429688,985.8579711914062,0.4978914260864258,536.1001586914062,993.8639526367188,0.7012723684310913,533.6741333007812,993.8639526367188,0.5921837687492371,535.8575439453125,1010.6036376953125,0.5630887746810913,534.64453125,1010.3610229492188,0.4725179076194763,531.0054321289062,1021.5208129882812,0.4580855071544647,530.520263671875,1022.0060424804688,0.432500422000885,548.715576171875,1016.4261474609375,0.6090551614761353,542.6504516601562,1016.9113159179688,0.44283872842788696,540.9522094726562,1041.414306640625,0.6300175189971924,535.6149291992188,1041.8995361328125,0.5392268896102905,545.319091796875,1069.0712890625,0.6763919591903687,541.19482421875,1068.100830078125,0.5849825143814087,157.131196769193,156.86771356058875,152.25298990170327,153.76832317445098,28.318264678645725,28.122200540720012,16.525586255120174,12.353787392503039,16.74144312106722,11.946870111301807,51.210206123399,52.754592599679754,96.3944273880089,100.43755902633306,526.1533813476562,985.1301879882812,548.715576171875,1069.0712890625,85.12787808796129,right_ear,left_ankle,49.65811744292453,47.314645581912,545.6830139160156,1016.6687316894531,534.8871459960938,993.8639526367188,0.0
2,6.0,526.6063232421875,987.3795776367188,0.6832770705223083,528.06591796875,984.9468994140625,0.649718165397644,526.3630981445312,985.190185546875,0.6907699704170227,532.4447021484375,985.4334106445312,0.6833395957946777,527.3361206054688,985.9199829101562,0.5209537744522095,536.3369750976562,993.7044677734375,0.6953556537628174,533.4177856445312,993.94775390625,0.5967445373535156,536.0936889648438,1010.0032958984375,0.5210998058319092,534.1475830078125,1010.7330932617188,0.4736359119415283,531.2283935546875,1021.6799926757812,0.4491860866546631,530.4985961914062,1022.653076171875,0.4329582452774048,548.500244140625,1016.5714111328125,0.596267819404602,541.9320678710938,1017.0579833984375,0.43162858486175537,540.958984375,1041.384521484375,0.6249123811721802,535.607177734375,1041.87109375,0.536166250705719,545.3377685546875,1068.87353515625,0.6827409863471985,541.445556640625,1067.9005126953125,0.5778713226318359,160.48986595143856,158.23528092314012,153.05760460659553,154.04407046722957,28.85337403903784,28.438136347918725,16.801197024905704,12.465997648191808,16.300643741604496,12.649756798378275,50.84485695211429,52.39764717231766,95.80673508038349,100.34869881481241,526.3630981445312,984.9468994140625,548.500244140625,1068.87353515625,84.88433989336913,right_ear,left_ankle,49.25753662888993,46.55283509110122,545.2161560058594,1016.814697265625,534.8773803710938,993.8261108398438,0.016667
3,11.0,527.0703735351562,987.20849609375,0.684074878692627,528.5498657226562,984.9892578125,0.6382262706756592,526.5772705078125,985.23583984375,0.7013053297996521,532.9883422851562,985.482421875,0.6816191673278809,526.8238525390625,985.9755859375,0.5573405027389526,536.1939086914062,994.6058959960938,0.6964191198348999,532.7417602539062,993.8661499023438,0.5821694731712341,535.7007446289062,1011.3733520507812,0.5541871786117554,533.7280883789062,1010.1405029296875,0.4589229226112366,531.0156860351562,1023.948974609375,0.45970070362091064,530.5225219726562,1022.222900390625,0.4222036600112915,548.5228881835938,1017.0447387695312,0.6039940118789673,541.61865234375,1017.5379028320312,0.4276044964790344,540.87890625,1041.7027587890625,0.6337157487869263,535.7007446289062,1041.9493408203125,0.534905195236206,545.3173828125,1068.82666015625,0.6918051242828369,541.3720703125,1068.0869140625,0.5912913084030151,161.6729989909073,161.2517761735775,154.1307829936002,153.48322301024524,28.443458242689204,29.796480536850392,16.304214474447356,12.50039936917807,16.774706952385724,13.419987211733204,50.5496126501103,51.88104323531314,94.47492528422565,100.00804099026455,526.5772705078125,984.9892578125,548.5228881835938,1068.82666015625,84.88999447034597,right_ear,left_ankle,47.10143512415814,47.12982547466671,545.0707702636719,1017.2913208007812,534.4678344726562,994.2360229492188,0.033333
4,16.0,526.4761962890625,987.1879272460938,0.7509905099868774,528.46240234375,984.9534301757812,0.7146943211555481,525.9796752929688,985.2017211914062,0.7475520372390747,533.1796875,985.449951171875,0.7242952585220337,526.2279052734375,985.946533203125,0.5291856527328491,536.4072875976562,994.63623046875,0.7083529829978943,532.4348754882812,994.1396484375,0.5808956027030945,535.6624755859375,1011.767333984375,0.5920671820640564,533.6762084960938,1010.2776489257812,0.5038554668426514,530.6968994140625,1023.932861328125,0.5127837657928467,530.4486694335938,1021.6983642578125,0.46216022968292236,548.3245849609375,1016.9811401367188,0.6108015775680542,541.12451171875,1017.2293701171875,0.43718472123146057,540.3796997070312,1041.560546875,0.6297141313552856,535.4141845703125,1042.05712890625,0.5317006707191467,545.34521484375,1068.8709716796875,0.6844498515129089,541.372802734375,1068.1260986328125,0.5868984460830688,159.8209755393949,160.28579040753516,154.17236678761574,151.78262185026406,27.63019783056972,29.847966646286153,16.185671669598722,11.868013612026953,17.147287033109926,13.139901151463116,50.89733413472335,51.975294745223565,94.12228188974296,101.02958385026398,525.9796752929688,984.9534301757812,548.3245849609375,1068.8709716796875,85.0995535937784,right_ear,left_ankle,47.26528225766593,47.69560994021142,544.7245483398438,1017.1052551269531,534.4210815429688,994.387939453125,0.05
5,21.0,526.9593505859375,987.2942504882812,0.7262353897094727,528.69140625,985.0673217773438,0.6940370798110962,526.217041015625,985.0673217773438,0.7335463762283325,533.3926391601562,985.3147583007812,0.7215415239334106,525.72216796875,986.0570678710938,0.5511370897293091,536.3618774414062,994.4698486328125,0.6881471872329712,532.1554565429688,994.222412109375,0.5802412033081055,535.3721313476562,1011.790283203125,0.5552224516868591,533.6400756835938,1010.3056640625,0.4755108654499054,530.6708374023438,1023.91455078125,0.4686228930950165,530.4234008789062,1022.4299926757812,0.4294418692588806,548.4861450195312,1016.7389526367188,0.6072553396224976,540.815673828125,1017.2338256835938,0.433005690574646,540.5682373046875,1041.7298583984375,0.6274041533470154,535.3721313476562,1041.977294921875,0.531859278678894,545.26953125,1068.7001953125,0.6820979118347168,541.310546875,1067.9578857421875,0.5890293717384338,159.86737752969591,162.0762592084214,154.7176365325244,152.53207815836328,28.260708027820368,29.989638566285063,16.15162801021647,12.54377698789092,17.348690182102214,13.003846702657064,50.726474036348606,52.060708260201075,93.51377301246504,100.93917969646326,525.72216796875,985.0673217773438,548.4861450195312,1068.7001953125,84.92341211082886,right_ear,left_ankle,47.10494473128144,46.81152630502858,544.6509094238281,1016.9863891601562,534.2586669921875,994.3461303710938,0.066667
6,25.0,527.6741333007812,987.3204956054688,0.723116397857666,529.651123046875,985.096435546875,0.693253755569458,526.6856689453125,985.096435546875,0.7440205812454224,533.8521118164062,985.3435668945312,0.7187620997428894,525.6972045898438,986.0848999023438,0.5934566259384155,536.3233032226562,994.4869995117188,0.6988607048988342,531.8751831054688,993.9927368164062,0.5780465006828308,535.8291015625,1011.7853393554688,0.5826828479766846,533.6050415039062,1010.0554809570312,0.47217434644699097,530.88671875,1022.9057006835938,0.48077186942100525,530.3924560546875,1021.1758422851562,0.42734670639038086,548.4321899414062,1016.7277221679688,0.6092403531074524,540.771484375,1017.221923828125,0.4324803650379181,540.5243530273438,1041.686767578125,0.6266863346099854,535.3348388671875,1041.933837890625,0.5343728065490723,545.2196044921875,1068.869873046875,0.6845407485961914,541.2656860351562,1068.1285400390625,0.586508572101593,157.73969512239407,157.67396620660472,154.83505504235578,152.62028187194764,27.22351377820844,28.934046157159848,16.155623151269268,11.575108696534562,17.30539790443346,12.1692063805884,50.90901501039463,52.24102414336032,93.12215611542578,100.83000831721506,525.6972045898438,985.096435546875,548.4321899414062,1068.869873046875,85.05572218544611,right_ear,left_ankle,48.147032668068235,48.19525865246329,544.6018371582031,1016.9748229980469,534.0992431640625,994.2398681640625,0.083333
7,29.0,527.904296875,986.7128295898438,0.6877495646476746,529.6219482421875,984.749755859375,0.6693838834762573,526.9227294921875,984.749755859375,0.7227237224578857,533.5481567382812,985.240478515625,0.7109860181808472,526.6773681640625,985.7312622070312,0.5924854278564453,536.4927978515625,994.3197631835938,0.717620849609375,532.3212280273438,993.8289794921875,0.6091253757476807,535.756591796875,1011.0059814453125,0.5947010517120361,533.7935180664062,1010.0244750976562,0.50699782371521,530.848876953125,1022.7845458984375,0.5079675912857056,530.603515625,1021.3121948242188,0.4567570686340332,548.2713012695312,1016.64990234375,0.6096817255020142,540.664306640625,1017.140625,0.4472499489784241,540.4189453125,1041.67919921875,0.6322799324989319,535.51123046875,1041.924560546875,0.5356245040893555,545.32666015625,1068.9169921875,0.6942698955535889,541.1550903320312,1068.180908203125,0.5999563932418823,159.02493929130685,159.90650473734206,156.1231464700136,152.36798974531513,27.536841882902316,29.018919657890216,16.262278925964843,11.729822343139134,16.702451294126703,12.760103665879205,51.04264274199519,52.349972225595884,93.57635814029486,101.21499518862562,526.6773681640625,984.749755859375,548.2713012695312,1068.9169921875,85.2505821926943,right_ear,left_ankle,48.35089251596008,48.041773724459084,544.4678039550781,1016.895263671875,534.4070129394531,994.0743713378906,0.1
8,33.0,527.6835327148438,987.063232421875,0.7097987532615662,529.6400756835938,984.8621826171875,0.6907272338867188,526.9498291015625,985.1067504882812,0.7402122020721436,533.5531005859375,985.3512573242188,0.7241075038909912,526.460693359375,986.0849609375,0.586406409740448,536.2433471679688,994.1556396484375,0.7212244272232056,532.3302612304688,993.66650390625,0.6014819741249084,535.998779296875,1011.2752685546875,0.5872193574905396,533.7976684570312,1009.5632934570312,0.49329516291618347,530.8628540039062,1021.5470581054688,0.5093092918395996,530.8628540039062,1020.5687866210938,0.45520833134651184,548.22705078125,1016.9002685546875,0.602399468421936,540.8900756835938,1017.389404296875,0.43868207931518555,540.4009399414062,1041.6014404296875,0.6309185028076172,535.5096435546875,1042.090576171875,0.5328918695449829,545.2922973632812,1068.748291015625,0.6938507556915283,541.1346435546875,1068.2591552734375,0.597985029220581,159.7945666296032,154.25327333468843,155.580447785198,152.2061143625864,26.942273460826364,27.914861844127323,15.964372896872455,11.390084093565676,17.121375742950153,11.484223490967729,50.87033888093387,51.93101395827121,93.12215167028467,101.11311297491903,526.460693359375,984.8621826171875,548.22705078125,1068.748291015625,84.78122108677714,right_ear,left_ankle,49.357524491208316,48.78402323273461,544.5585632324219,1017.1448364257812,534.2868041992188,993.9110717773438,0.116667
9,37.0,527.7100219726562,986.763671875,0.7027890682220459,529.6829833984375,984.5440673828125,0.6844804286956787,526.9701538085938,984.5440673828125,0.7372643947601318,533.6289672851562,985.0372924804688,0.7103186845779419,526.4768676757812,985.530517578125,0.5925679206848145,536.09521484375,993.915771484375,0.7289900779724121,532.1492309570312,993.6691284179688,0.5924451351165771,536.09521484375,1011.1795043945312,0.5846060514450073,533.6289672851562,1009.6997680664062,0.5028500556945801,530.6694946289062,1021.5377197265625,0.5276927947998047,530.6694946289062,1020.0579833984375,0.45604121685028076,548.1798095703125,1016.8518676757812,0.6099014282226562,541.0277099609375,1017.3450927734375,0.4450313448905945,540.7811279296875,1041.2677001953125,0.6365503072738647,535.6019897460938,1041.760986328125,0.5193929076194763,545.2203369140625,1068.6429443359375,0.6914613246917725,541.0277099609375,1068.1497802734375,0.5951396226882935,158.78084971572903,152.35407455599764,155.8527709057193,153.93073415247875,26.430310001605793,28.1497862255444,16.098789617198843,10.772701762687886,17.26373291015625,11.693205921153162,50.8046875,51.87556361160111,93.20945915605014,101.1130013535317,526.4768676757812,984.5440673828125,548.1798095703125,1068.6429443359375,85.19972488605313,right_ear,left_ankle,49.30141171109768,49.19464962301274,544.603759765625,1017.0984802246094,534.1222229003906,993.7924499511719,0.133333
10,41.0,527.2877807617188,986.8363037109375,0.7137799263000488,529.255615234375,984.62255859375,0.6987655758857727,526.5498657226562,984.8685302734375,0.7358170747756958,533.4371337890625,984.8685302734375,0.7258274555206299,526.3038940429688,985.6064453125,0.5633255243301392,536.3887939453125,994.2155151367188,0.7300628423690796,532.4532470703125,993.7235717773438,0.6059771776199341,536.142822265625,1011.6795043945312,0.6014877557754517,533.9290771484375,1009.9577026367188,0.5212530493736267,531.223388671875,1022.9942626953125,0.54023677110672,530.7314453125,1020.5345458984375,0.47323381900787354,548.1954345703125,1016.844970703125,0.6157490015029907,541.3082275390625,1017.0909423828125,0.44711774587631226,540.5703125,1041.1961669921875,0.637651801109314,535.65087890625,1041.6881103515625,0.5161606073379517,544.997802734375,1068.4991455078125,0.6919942498207092,541.062255859375,1068.0072021484375,0.593585729598999,157.9842520033005,157.30847615797768,155.4287633716685,153.40204159630764,26.866204320952466,29.23863407685321,16.301076012914304,11.049636317144847,17.465721366843074,12.33793265861077,50.9168538952262,51.75305424911088,93.67449117875259,100.17548971331908,526.3038940429688,984.62255859375,548.1954345703125,1068.4991455078125,84.97447833221806,right_ear,left_ankle,47.5439674674354,48.58372914861608,544.7518310546875,1016.9679565429688,534.4210205078125,993.9695434570312,0.15
11,44.0,526.8107299804688,986.9091186523438,0.730399489402771,528.539306640625,984.6866455078125,0.7104284763336182,526.0698852539062,984.6866455078125,0.739622950553894,533.231201171875,984.93359375,0.736431360244751,526.0698852539062,985.6744384765625,0.5391939282417297,536.4414672851562,994.3174438476562,0.717481255531311,531.9965209960938,993.8235473632812,0.6006783843040466,536.1945190429688,1011.3564453125,0.591870129108429,533.4781494140625,1009.6278686523438,0.504181444644928,531.2556762695312,1021.9749755859375,0.5208008885383606,530.7617797851562,1020.246337890625,0.463329553604126,548.294677734375,1016.7891845703125,0.6108224391937256,540.8864135742188,1017.2830810546875,0.44704312086105347,540.6394653320312,1041.2364501953125,0.6433095932006836,535.4536743164062,1041.7303466796875,0.5285848379135132,545.08447265625,1068.6470947265625,0.6935780048370361,541.1333618164062,1068.1531982421875,0.5967025756835938,160.29485169496633,155.88646817890154,155.339821831401,153.40190674047432,26.451624621370122,28.139500534156102,15.873619441603315,10.96040842875709,17.040790895767337,11.710907441724766,50.870716587289216,51.95717719831704,92.67549453818225,100.61966291035229,526.0698852539062,984.6866455078125,548.294677734375,1068.6470947265625,85.12353504913922,right_ear,left_ankle,48.67773941528119,49.01670105765033,544.5905456542969,1017.0361328125,534.218994140625,994.0704956054688,0.166667
12,49.0,526.6356201171875,986.8784790039062,0.7115960121154785,528.3580322265625,984.6640014648438,0.6788516044616699,526.1434936523438,984.6640014648438,0.7216473817825317,532.7870483398438,985.1560668945312,0.7087042331695557,526.3895874023438,985.648193359375,0.5407400131225586,536.2318725585938,994.5062255859375,0.7132337093353271,532.541015625,993.76806640625,0.606979489326477,536.4779052734375,1011.4841918945312,0.5896309614181519,533.7713012695312,1009.7617797851562,0.518738865852356,531.5567626953125,1023.294921875,0.5355218648910522,530.818603515625,1020.8343505859375,0.4699062705039978,548.2886352539062,1016.8974609375,0.6124960780143738,541.6450805664062,1017.1434936523438,0.44127070903778076,540.660888671875,1041.010986328125,0.6445782780647278,535.49365234375,1041.503173828125,0.5235267877578735,545.0899047851562,1068.8154296875,0.6913650035858154,540.9069213867188,1068.0772705078125,0.5934751033782959,160.66981760580816,156.54988150047237,154.3137884151522,153.39575665070026,27.12103321723056,29.16583080005832,16.04096226582883,11.459504708504488,16.979748881314997,12.794959435097015,50.93912547087201,52.01641429143003,93.64121099436531,99.22396577903824,526.1434936523438,984.6640014648438,548.2886352539062,1068.8154296875,85.24371571368833,right_ear,left_ankle,47.489604823916714,48.308049434984675,544.9668579101562,1017.0204772949219,534.3864440917969,994.1371459960938,0.183333
13,52.0,527.005859375,986.8005981445312,0.6958993673324585,528.7384643554688,984.572998046875,0.6542384624481201,526.5108642578125,984.572998046875,0.7188428640365601,532.9462280273438,984.8204956054688,0.6948935985565186,526.2633666992188,985.5630493164062,0.5755391120910645,536.1638793945312,993.978515625,0.7135188579559326,532.2036743164062,993.4834594726562,0.5957812666893005,536.411376953125,1011.304443359375,0.5974017381668091,533.6887817382812,1009.5718383789062,0.5007213354110718,531.4611206054688,1022.9376220703125,0.5334783792495728,530.7185668945312,1020.4624633789062,0.46468788385391235,548.2920532226562,1016.749755859375,0.595372200012207,541.3616943359375,1016.9972534179688,0.4207722842693329,540.3716430664062,1041.253662109375,0.6264564990997314,535.4213256835938,1041.5010986328125,0.5274312496185303,545.0744018554688,1068.7276611328125,0.6921844482421875,541.1141357421875,1068.2325439453125,0.5951327085494995,159.4706742928782,156.13043030615052,154.3506296992017,152.3743289541928,27.01984818291844,29.338469393256435,16.1567781406312,11.288396215081123,17.327695371811412,12.642621754530207,51.23588860045915,52.07740313163863,93.15076857944292,99.22391825968855,526.2633666992188,984.572998046875,548.2920532226562,1068.7276611328125,85.26551297109056,right_ear,left_ankle,47.77079760415224,48.888121757614144,544.8268737792969,1016.8735046386719,534.1837768554688,993.7309875488281,0.2
14,56.0,528.2830810546875,986.6836547851562,0.6769437789916992,530.01416015625,984.4579467773438,0.6435809135437012,527.2938842773438,984.4579467773438,0.7206381559371948,533.476318359375,984.7052612304688,0.6878873109817505,526.057373046875,985.4471435546875,0.6191174983978271,535.9493408203125,994.1026000976562,0.7143896222114563,531.9925537109375,993.6080322265625,0.5918194055557251,536.4439086914062,1011.6608276367188,0.5917946100234985,533.7236328125,1009.6824340820312,0.4878087043762207,531.4979858398438,1023.2838745117188,0.518704354763031,530.7560424804688,1020.5635986328125,0.4462019205093384,548.3142700195312,1016.3594970703125,0.6005185842514038,541.389892578125,1016.8541259765625,0.4211551547050476,540.1534423828125,1041.336669921875,0.622542142868042,535.4547119140625,1041.583984375,0.5158634185791016,545.099365234375,1068.786865234375,0.6855091452598572,541.389892578125,1068.292236328125,0.587676465511322,158.59829123038625,155.3354853365711,153.97539902382454,151.6923020370655,26.98391224979856,29.518830220572134,16.16734455211998,11.278578561146075,17.565191478962333,12.631602096015191,51.4381103515625,52.52584645094046,92.62644245767589,98.67312442332754,526.057373046875,984.4579467773438,548.3142700195312,1068.786865234375,85.48746502333887,right_ear,left_ankle,47.49231186350187,48.89889184991649,544.8520812988281,1016.6068115234375,533.970947265625,993.8553161621094,0.216667
15,59.0,530.0010986328125,986.593505859375,0.6906169652938843,531.7262573242188,984.3754272460938,0.6644288301467896,528.5223388671875,984.3754272460938,0.7507756352424622,534.1907958984375,984.8683471679688,0.6869826316833496,526.3042602539062,985.607666015625,0.6828233003616333,536.1624755859375,994.4801025390625,0.715086817741394,531.9727172851562,993.4942626953125,0.5816836357116699,536.408935546875,1011.4855346679688,0.5808587074279785,533.6978759765625,1009.5138549804688,0.49390166997909546,531.4797973632812,1023.5618286132812,0.51869797706604,530.7404174804688,1020.35791015625,0.4434874653816223,548.23876953125,1016.4146118164062,0.6055222153663635,540.8450927734375,1016.6610717773438,0.4236682057380676,540.105712890625,1041.306640625,0.6169942617416382,535.423095703125,1041.5531005859375,0.5017076730728149,545.0348510742188,1068.6632080078125,0.6751664876937866,541.3380126953125,1067.923828125,0.5740392804145813,158.59840900284104,156.966033434584,155.06961403236505,151.6920292211098,26.891896878319436,29.45631115385689,16.112216157101795,11.240110916334643,17.007218008927335,13.043514813368107,51.265126142520636,52.34673721877933,92.62645330973486,99.14713303023294,526.3042602539062,984.3754272460938,548.23876953125,1068.6632080078125,85.14140055280977,right_ear,left_ankle,47.09430862000045,48.732182144323616,544.5419311523438,1016.537841796875,534.0675964355469,993.9871826171875,0.233333
16,62.0,527.8158569335938,986.4993896484375,0.7398930788040161,529.804443359375,984.26220703125,0.7109428644180298,526.572998046875,984.5108032226562,0.7653090357780457,533.284423828125,984.7593994140625,0.7351755499839783,525.3301391601562,985.5050659179688,0.6120215654373169,535.7701416015625,994.4536743164062,0.7096916437149048,531.79296875,993.7079467773438,0.5639359354972839,536.0186767578125,1011.3565063476562,0.6018615961074829,533.7815551757812,1009.367919921875,0.4853087067604065,530.7987060546875,1021.7965087890625,0.5336635112762451,530.5501098632812,1019.8079223632812,0.4638945460319519,548.447265625,1016.3279418945312,0.6063465476036072,541.4872436523438,1016.5764770507812,0.4146823287010193,539.995849609375,1040.9365234375,0.6143503189086914,535.5215454101562,1041.18505859375,0.495728075504303,544.96728515625,1068.7764892578125,0.6725544929504395,541.73583984375,1067.7822265625,0.570141077041626,155.5643896844394,152.592679663874,153.22209114150763,150.92110380343465,26.129550776827934,27.791109520776807,15.785728835256274,10.928672828127242,16.90465913292969,11.672263924280147,51.20635295667196,52.56386957389304,92.72631735980337,100.30486897857435,525.3301391601562,984.26220703125,548.447265625,1068.7764892578125,85.55552260325089,right_ear,left_ankle,49.07002342165087,49.2610842206618,544.9672546386719,1016.4522094726562,533.7815551757812,994.080810546875,0.25
17,66.0,527.3904418945312,986.4378051757812,0.7518008947372437,529.3944091796875,984.183349609375,0.7166022062301636,526.3884887695312,984.433837890625,0.7685573101043701,533.1517333984375,984.684326171875,0.7263568639755249,525.6370239257812,985.686279296875,0.5791879296302795,536.1576538085938,993.9525146484375,0.699355959892273,532.1497802734375,993.9525146484375,0.56591796875,536.6586303710938,1010.7354125976562,0.5803182125091553,533.9032592773438,1009.7334594726562,0.5106160640716553,531.3983154296875,1022.0075073242188,0.5496991872787476,530.3963623046875,1020.5045776367188,0.4881969690322876,548.4317016601562,1016.4967041015625,0.6068155765533447,541.41796875,1016.7471923828125,0.4206259846687317,540.16552734375,1041.0447998046875,0.6128387451171875,535.9071655273438,1041.5458984375,0.49172908067703247,544.9248657226562,1068.598876953125,0.6631637811660767,541.66845703125,1067.847412109375,0.5683693885803223,155.62527365032986,153.2732935924077,155.1158613309975,151.59003532903114,26.609895217884464,28.455823935410297,15.878063740965919,11.327634920009679,16.790373464877582,12.439092925425872,51.1008336574073,52.2200566271872,93.77815440826878,99.62817451932158,525.6370239257812,984.183349609375,548.4317016601562,1068.598876953125,85.12649229992077,right_ear,left_ankle,48.51518614542854,48.6662521202314,544.9248352050781,1016.6219482421875,534.1537170410156,993.9525146484375,0.266667
18,69.0,526.5266723632812,986.6234741210938,0.7195966243743896,528.2923583984375,984.3533325195312,0.6726251244544983,526.0221557617188,984.6055297851562,0.7319860458374023,532.5804443359375,984.6055297851562,0.6972234845161438,526.2744140625,985.3623046875,0.5466066598892212,535.6073608398438,994.1907348632812,0.7054991126060486,532.8327026367188,993.4340209960938,0.5669459104537964,535.859619140625,1010.8387451171875,0.6272104978561401,534.34619140625,1009.8297729492188,0.48952049016952515,530.8147583007812,1022.44189453125,0.5936247110366821,530.5625610351562,1020.6762084960938,0.49137210845947266,547.9672241210938,1016.6403198242188,0.6122585535049438,541.6611938476562,1016.6403198242188,0.41874027252197266,540.1477661132812,1041.1077880859375,0.6208845376968384,535.6073608398438,1041.360107421875,0.4983047842979431,545.1925659179688,1068.6021728515625,0.6764850616455078,541.408935546875,1067.845458984375,0.5760293006896973,155.49535740896536,155.63327307740903,153.88379411409935,151.87960282314538,27.336611397104452,28.654791251769616,16.465458704934385,11.48742890544166,16.64992131105972,12.652418631172774,51.20576052224281,52.03588087252335,94.76355670147557,99.62814645976746,526.0221557617188,984.3533325195312,547.9672241210938,1068.6021728515625,85.36259205059955,right_ear,left_ankle,48.34762296623865,48.40022759940993,544.814208984375,1016.6403198242188,534.2200317382812,993.8123779296875,0.283333
19,72.0,526.5859375,986.7774047851562,0.7307273149490356,528.5814208984375,984.532470703125,0.6865944862365723,525.837646484375,984.532470703125,0.7471460103988647,532.82177734375,984.7819213867188,0.7180173397064209,525.5882568359375,985.5302124023438,0.5518513917922974,535.5655517578125,993.7615356445312,0.7065063714981079,532.073486328125,993.5120849609375,0.5671688914299011,535.5655517578125,1010.22412109375,0.6002711057662964,533.8195190429688,1009.7252197265625,0.4822213649749756,531.3251953125,1022.4463500976562,0.5425335168838501,530.576904296875,1021.1991577148438,0.46613001823425293,548.0372314453125,1016.4599609375,0.5981563329696655,541.3025512695312,1016.7093505859375,0.41113030910491943,540.3048095703125,1040.9044189453125,0.6120365262031555,535.5655517578125,1041.4031982421875,0.508723795413971,545.29345703125,1068.5914306640625,0.6767182350158691,541.3025512695312,1068.0926513671875,0.5802465677261353,158.072702492934,160.86639250197342,154.78942663886554,152.23250722877057,27.727490969367533,28.99653777597443,16.30688103745234,11.923330212256483,16.46258544921875,12.93690475373574,51.38330078125,52.20362471981009,93.09402402148,98.40889720838716,525.5882568359375,984.532470703125,548.0372314453125,1068.5914306640625,85.3666263469409,right_ear,left_ankle,48.212869608887836,48.104461850273864,544.6698913574219,1016.5846557617188,533.8195190429688,993.6368103027344,0.3
20,76.0,526.7955322265625,986.6580810546875,0.7267661094665527,528.54931640625,984.4031982421875,0.6806309223175049,526.0438842773438,984.6537475585938,0.743000864982605,532.8084716796875,984.6537475585938,0.7135323286056519,525.5427856445312,985.6559448242188,0.5589457750320435,535.5643920898438,993.6731567382812,0.699852705001831,532.0568237304688,993.6731567382812,0.5570935010910034,535.81494140625,1009.7077026367188,0.5928446054458618,534.0611572265625,1009.7077026367188,0.4590233564376831,531.8062744140625,1022.2346801757812,0.5173587799072266,530.5535888671875,1020.9819946289062,0.4489917755126953,547.8408203125,1016.4722900390625,0.593447744846344,540.8257446289062,1016.7228393554688,0.405769944190979,540.3246459960938,1041.025146484375,0.6137799024581909,535.3138427734375,1041.5262451171875,0.5130628347396851,545.0848999023438,1068.58447265625,0.6758647561073303,541.5773315429688,1068.0833740234375,0.5794010162353516,155.5933806557771,161.3599779810228,154.2004430041748,153.17962540845838,27.35017992611054,28.807708508937,16.159332131392752,11.807315347732176,16.036503270010282,13.15274029692786,51.366033565664864,52.185004306162654,93.15070821433969,97.49590198130505,525.5427856445312,984.4031982421875,547.8408203125,1068.58447265625,85.19997041110625,right_ear,left_ankle,48.214366716162,48.37419604964421,544.3332824707031,1016.5975646972656,533.8106079101562,993.6731567382812,0.316667
21,79.0,526.5587768554688,986.6580200195312,0.7308024764060974,528.3171997070312,984.3972778320312,0.6849768161773682,525.8052368164062,984.6484375,0.7448335886001587,532.5875244140625,984.6484375,0.7153270244598389,525.8052368164062,985.6532592773438,0.5473077893257141,535.6019287109375,993.9427490234375,0.7034569978713989,532.0851440429688,993.6915283203125,0.5632567405700684,535.8530883789062,1010.2705688476562,0.6045844554901123,534.0947265625,1009.7681884765625,0.46758008003234863,531.582763671875,1023.0816040039062,0.5249727964401245,530.5779418945312,1021.3232421875,0.45453113317489624,547.9105834960938,1016.5504760742188,0.5972816944122314,540.8770751953125,1016.8016967773438,0.4131718873977661,540.3746337890625,1040.6654052734375,0.6199392080307007,535.0994873046875,1040.9166259765625,0.5134127140045166,545.1473999023438,1068.54833984375,0.6819599866867065,541.1282348632812,1068.0458984375,0.5845739841461182,155.9473374592666,160.6838601014829,153.997874489377,152.9326268150303,27.67278933454986,29.414733675218116,16.20177223893614,12.078370778524336,16.32975141852946,13.504010325757124,51.244817152230866,52.07123025402319,93.12216717021947,97.85333766878458,525.8052368164062,984.3972778320312,547.9105834960938,1068.54833984375,85.1217578234495,right_ear,left_ankle,47.44705917119709,47.89901135495512,544.3938293457031,1016.6760864257812,533.8435363769531,993.817138671875,0.333333
22,82.0,526.853515625,986.6951904296875,0.6598646640777588,528.5794067382812,984.4761962890625,0.6052091121673584,526.1138916015625,984.7227172851562,0.6940614581108093,532.5242919921875,984.7227172851562,0.6637895107269287,525.8673095703125,985.46240234375,0.5529622435569763,535.2363891601562,993.3521728515625,0.7098243236541748,532.5242919921875,993.1055908203125,0.5653461217880249,535.7294921875,1008.3919677734375,0.5473030805587769,534.2501831054688,1009.871337890625,0.4427972435951233,531.5380859375,1021.9525146484375,0.47163495421409607,530.5518798828125,1022.1990356445312,0.4160345792770386,548.0572509765625,1016.28173828125,0.5905149579048157,541.6467895507812,1016.5283203125,0.39797601103782654,540.16748046875,1041.1837158203125,0.5913648009300232,535.2363891601562,1041.4302978515625,0.48028817772865295,545.0985717773438,1068.7978515625,0.6673245429992676,541.4002685546875,1068.3048095703125,0.5742568373680115,157.42337033788235,160.94637415636407,152.64623175089937,152.29541224742505,29.160228758860413,28.838463856883653,16.85434587756509,12.870492556167958,15.04787632483842,14.193530846889766,51.77707612897708,52.59939103043848,93.87847583129603,97.36801789580517,525.8673095703125,984.4761962890625,548.0572509765625,1068.7978515625,85.52566014107373,right_ear,left_ankle,48.76855920369834,47.36485961207228,544.8520202636719,1016.405029296875,533.8803405761719,993.2288818359375,0.35
23,86.0,527.4041748046875,986.9550170898438,0.6582269072532654,529.121337890625,984.7471923828125,0.6027328968048096,526.668212890625,984.9925537109375,0.698026180267334,532.5556640625,984.9925537109375,0.6455259323120117,525.9323120117188,985.483154296875,0.5683145523071289,535.2540893554688,993.3330688476562,0.7013378143310547,532.5556640625,993.3330688476562,0.5650088787078857,535.7446899414062,1008.5422973632812,0.5330651998519897,534.2728271484375,1010.01416015625,0.45018094778060913,531.3291015625,1021.7890014648438,0.4612201452255249,530.5932006835938,1022.2796020507812,0.415050745010376,548.0101928710938,1016.1469116210938,0.5947403907775879,541.6321411132812,1016.6375122070312,0.4031250476837158,540.1602783203125,1041.16845703125,0.5898109078407288,535.0087890625,1041.413818359375,0.47450119256973267,545.0664672851562,1068.8885498046875,0.6642532348632812,541.1415405273438,1068.152587890625,0.574400782585144,157.42341613073395,159.71743507697636,152.11549141873087,152.5451335644565,29.01298066371613,28.725348218757404,16.769241375487095,12.8054955307829,15.217139053561377,13.963258584094355,51.51741173255227,52.823724959665775,93.87849800528791,97.85337568095393,525.9323120117188,984.7471923828125,548.0101928710938,1068.8885498046875,85.57205091525296,right_ear,left_ankle,49.06202880859381,47.07014237626384,544.8211669921875,1016.3922119140625,533.9048767089844,993.3330688476562,0.366667
24,90.0,525.4354248046875,986.8488159179688,0.7279945611953735,527.4114379882812,984.3787841796875,0.6851343512535095,524.94140625,984.6257934570312,0.7284916639328003,532.1044921875,984.872802734375,0.7158277034759521,525.4354248046875,985.3668212890625,0.5085392594337463,535.0685424804688,993.5178833007812,0.6991655826568604,532.3515014648438,993.2708740234375,0.539997935295105,535.5625610351562,1009.3260498046875,0.5979406833648682,534.0805053710938,1009.820068359375,0.4281914234161377,530.8695068359375,1022.417236328125,0.47116461396217346,530.37548828125,1021.6762084960938,0.40638187527656555,547.9126586914062,1016.4891357421875,0.5853885412216187,541.7376098632812,1016.7361450195312,0.38665810227394104,539.5145874023438,1041.4364013671875,0.5742014646530151,535.3155517578125,1041.930419921875,0.4722573459148407,544.70166015625,1068.853759765625,0.6527230739593506,541.7376098632812,1068.1126708984375,0.5478929281234741,156.68166134018043,158.48781175056735,151.9181578491476,150.68193877896297,28.473982064425233,29.20281674330554,16.639269445394937,12.421562324343405,15.815883868680848,13.906973873141359,51.37652587890625,52.46298085992392,93.9793622102813,98.26714294929002,524.94140625,984.3787841796875,547.9126586914062,1068.853759765625,85.68113398415738,right_ear,left_ankle,48.452855173231214,47.80630551809191,544.8251342773438,1016.6126403808594,533.7100219726562,993.3943786621094,0.383333
25,94.0,525.3650512695312,986.820068359375,0.7266106605529785,527.3217163085938,984.6188354492188,0.6864882707595825,525.1204833984375,984.8634033203125,0.721782386302948,531.96875,984.8634033203125,0.7074920535087585,526.0988159179688,985.3526000976562,0.47771748900413513,534.9036865234375,993.4237060546875,0.7177515625953674,533.4362182617188,993.1791381835938,0.5575188398361206,535.8820190429688,1009.0768432617188,0.5798940658569336,534.9036865234375,1010.05517578125,0.4247693419456482,531.2349853515625,1021.5504150390625,0.46653255820274353,530.5012817382812,1022.5287475585938,0.4168466329574585,547.866455078125,1016.6588134765625,0.5963143110275269,546.1543579101562,1016.6588134765625,0.3951071500778198,539.7952880859375,1041.3614501953125,0.5885108709335327,535.8820190429688,1041.8505859375,0.4694629907608032,544.6868896484375,1068.75439453125,0.6564294099807739,541.751953125,1068.0206298828125,0.5485896468162537,155.5904005737843,155.990727022163,145.17386437831797,151.78139508566812,29.495989945443352,28.364963010380222,16.939719835246958,13.22766649023603,15.683680656686377,13.311082413298001,51.550144058399084,52.19252055368833,95.71054594869013,97.4314079711725,525.1204833984375,984.6188354492188,547.866455078125,1068.75439453125,85.4480883329333,right_ear,left_ankle,49.083290528561164,46.86244726913542,547.0104064941406,1016.6588134765625,534.1699523925781,993.3014221191406,0.4
26,97.0,526.7376098632812,986.6740112304688,0.6629959344863892,528.4754638671875,984.4396362304688,0.6083254218101501,525.9928588867188,984.6879272460938,0.6928576231002808,532.199462890625,984.9361572265625,0.6564139127731323,525.7445678710938,985.4327392578125,0.5514987707138062,534.9303588867188,993.3771362304688,0.6781489253044128,531.951171875,993.3771362304688,0.5292791128158569,535.6751098632812,1009.5143432617188,0.5710510015487671,533.9373168945312,1010.0108642578125,0.4298088550567627,530.9581298828125,1022.424072265625,0.4728451669216156,530.2133178710938,1021.4310302734375,0.4095578193664551,548.0883178710938,1016.4656982421875,0.5908979773521423,542.1300048828125,1016.7139892578125,0.38317805528640747,539.6473388671875,1041.2921142578125,0.5871034860610962,535.4268798828125,1041.7886962890625,0.4734715223312378,544.6126708984375,1068.6011962890625,0.651852548122406,541.6334838867188,1068.1046142578125,0.5502536296844482,155.13023695248074,157.2862237303616,151.7626269592654,150.91703506732773,28.10766990543703,29.31728323514873,16.75188586775381,12.012009013940991,16.154383454236662,13.744489917433867,51.393023563419455,52.2512227462118,93.54477085129146,97.78701492429519,525.7445678710938,984.4396362304688,548.0883178710938,1068.6011962890625,85.28187120841882,right_ear,left_ankle,48.15364236922596,48.05042802900868,545.1091613769531,1016.58984375,533.4407653808594,993.3771362304688,0.416667
27,100.0,525.709716796875,986.910888671875,0.6775798797607422,527.4266967773438,984.7033081054688,0.6317435503005981,525.709716796875,984.9486083984375,0.6824477910995483,531.841796875,984.9486083984375,0.6702228784561157,526.6908569335938,985.439208984375,0.5037227869033813,534.7852172851562,993.5335083007812,0.7062485218048096,533.5587768554688,993.04296875,0.5531321167945862,536.0115966796875,1008.9863891601562,0.5618610382080078,535.0304565429688,1010.2127685546875,0.4238060414791107,531.5964965820312,1020.5147094726562,0.43966835737228394,530.8606567382812,1022.231689453125,0.4134610593318939,548.030517578125,1016.3448486328125,0.5987079739570618,543.3701171875,1016.5901489257812,0.39985132217407227,539.6908569335938,1041.36376953125,0.5886203050613403,535.5210571289062,1041.8543701171875,0.4811350703239441,544.841796875,1068.344970703125,0.6605181694030762,541.1625366210938,1067.8543701171875,0.5493219494819641,155.96744872421246,154.5066021178485,150.498815372793,150.75681226795842,29.313158622908755,27.168974150669122,17.232755625135727,12.721701536118099,15.501468745682425,12.344848241267462,51.311731468725554,52.09779875436139,95.2812466180312,96.74012582095567,525.709716796875,984.7033081054688,548.030517578125,1068.344970703125,84.86944059508517,right_ear,left_ankle,49.630352298022224,46.77133438437393,545.7003173828125,1016.4674987792969,534.1719970703125,993.2882385253906,0.433333
28,103.0,525.6126708984375,987.37451171875,0.6888859272003174,527.0706787109375,984.9445190429688,0.6517525315284729,525.3696899414062,985.1875,0.6961893439292908,531.6876220703125,985.1875,0.6843366026878357,526.3416748046875,985.6735229492188,0.4891470670700073,535.089599609375,993.2064208984375,0.692244827747345,532.6596069335938,993.6924438476562,0.5700989961624146,536.7905883789062,1008.029296875,0.5387616157531738,534.6035766601562,1010.459228515625,0.4480275511741638,532.6596069335938,1019.2071533203125,0.4452657401561737,530.7156372070312,1022.8521118164062,0.40424618124961853,547.9684448242188,1016.2911987304688,0.5997387766838074,542.1365356445312,1016.7771606445312,0.4147648811340332,540.1925659179688,1041.3199462890625,0.5859287977218628,535.3325805664062,1041.805908203125,0.48148685693740845,544.8095092773438,1068.53564453125,0.6606184244155884,541.16455078125,1067.806640625,0.5533344745635986,155.96868677965517,153.17098245651346,152.14969436814098,153.11298964629395,29.22439484994576,26.114037429671658,16.87910206141972,12.988442158240098,14.920154657731437,11.916773154404272,51.03873608987108,52.33986043944023,93.81405891466136,95.33927543315639,525.3696899414062,984.9445190429688,547.9684448242188,1068.53564453125,84.89518303876116,right_ear,left_ankle,50.80275752466789,46.15289216597567,545.052490234375,1016.5341796875,533.8746032714844,993.4494323730469,0.45
29,106.0,528.7430419921875,987.0697631835938,0.619391918182373,530.7086181640625,984.8583984375,0.5770338177680969,527.7601928710938,984.8583984375,0.6911509037017822,532.9199829101562,985.5955200195312,0.6378891468048096,526.040283203125,985.8412475585938,0.6007979512214661,534.639892578125,993.949462890625,0.7253396511077881,532.6742553710938,993.7037353515625,0.5473688840866089,535.868408203125,1009.4288330078125,0.5763787031173706,534.3942260742188,1010.6573486328125,0.41323143243789673,531.2000732421875,1021.7139892578125,0.4443551301956177,530.4629516601562,1023.4339599609375,0.3863503634929657,547.6622314453125,1017.045654296875,0.5936129093170166,542.50244140625,1017.2913208007812,0.39349403977394104,539.5540161132812,1041.8616943359375,0.5794690847396851,535.6227416992188,1042.3531494140625,0.46709346771240234,544.7138061523438,1068.88916015625,0.6593297719955444,541.27392578125,1068.3978271484375,0.5436854958534241,157.10430527752047,154.65555676360057,152.40761144656057,151.0978512767303,29.81234843862343,27.976798985197348,17.04063679883427,13.36774908309677,15.528043980674015,13.142237838147102,51.12126995394283,51.927279068898535,94.2537687622297,97.0625346075706,526.040283203125,984.8583984375,547.6622314453125,1068.88916015625,85.12142060705372,right_ear,left_ankle,49.07257611399492,46.24528639658423,545.0823364257812,1017.1684875488281,533.6570739746094,993.8265991210938,0.466667
30,110.0,529.5321044921875,986.6105346679688,0.6467721462249756,531.51611328125,984.3786010742188,0.6139159202575684,528.0441284179688,984.3786010742188,0.7204341888427734,533.2520751953125,985.12255859375,0.6511515974998474,525.8121948242188,985.6185913085938,0.630885124206543,534.7400512695312,993.5545043945312,0.7072544097900391,532.0120849609375,993.5545043945312,0.53482586145401,535.7320556640625,1009.67431640625,0.5672649145126343,533.99609375,1010.1702880859375,0.3890983760356903,531.51611328125,1021.5781860351562,0.42357587814331055,530.276123046875,1022.3222045898438,0.36225396394729614,547.6359252929688,1017.1142578125,0.5912812352180481,540.9400024414062,1017.3622436523438,0.3883551359176636,539.4520263671875,1041.9139404296875,0.5801380276679993,535.4840698242188,1042.1619873046875,0.472685843706131,544.6599731445312,1068.9456787109375,0.6665423512458801,541.4359741210938,1068.20166015625,0.555534839630127,156.17032201751027,156.97608987446156,154.71764770310838,150.8320859618924,28.820030157764553,28.208518373842068,16.733814823723822,12.708550536942338,16.150306870518634,12.628391913351097,50.84183571002042,51.91678421802311,93.45327657300696,96.56264728337901,525.8121948242188,984.3786010742188,547.6359252929688,1068.9456787109375,85.43209140931455,right_ear,left_ankle,49.15730275855019,47.21722904903026,544.2879638671875,1017.2382507324219,533.3760681152344,993.5545043945312,0.483333
31,114.0,529.0161743164062,986.580810546875,0.6713031530380249,530.9943237304688,984.3554077148438,0.6428723335266113,527.77978515625,984.6026611328125,0.7359147071838379,533.4669799804688,985.09716796875,0.6826834678649902,525.5543823242188,985.5917358398438,0.6382961869239807,534.7033081054688,993.7515869140625,0.7255382537841797,531.9833984375,993.5043334960938,0.5494877099990845,535.6923828125,1010.5658569335938,0.5977145433425903,534.2088012695312,1010.318603515625,0.4278709888458252,531.2415771484375,1021.6929931640625,0.47831404209136963,530.499755859375,1021.4456787109375,0.40860992670059204,547.5613403320312,1017.2421264648438,0.5918962955474854,540.1432495117188,1017.4893798828125,0.40142714977264404,539.648681640625,1041.7218017578125,0.5880666971206665,534.9506225585938,1042.21630859375,0.49060773849487305,544.8413696289062,1068.9212646484375,0.6744473576545715,541.13232421875,1068.1795654296875,0.5683698058128357,154.02556226160453,154.83234599255485,154.74783988234415,151.27905388387813,27.98070706245103,28.155030890524834,16.960898975423447,11.728973538069726,16.843335330800617,11.984274352277701,50.6998341176054,51.75066728096205,93.03946362823015,97.06252958424184,525.5543823242188,984.3554077148438,547.5613403320312,1068.9212646484375,85.53243975681643,right_ear,left_ankle,49.14737005083429,47.92815120320979,543.852294921875,1017.3657531738281,533.3433532714844,993.6279602050781,0.5
32,118.0,528.975341796875,986.591796875,0.6717720031738281,530.7177734375,984.3515014648438,0.642735481262207,527.4817504882812,984.3515014648438,0.7357031106948853,533.20703125,985.0982666015625,0.6815286874771118,525.4903564453125,985.5961303710938,0.6393817663192749,534.2027587890625,993.3128051757812,0.7317051887512207,531.7135009765625,993.0638427734375,0.5461695790290833,535.4473876953125,1009.7418823242188,0.6155953407287598,533.9537963867188,1009.9907836914062,0.42784231901168823,531.7135009765625,1021.6903076171875,0.5024176239967346,530.4688720703125,1020.9435424804688,0.4054652750492096,547.3958129882812,1016.960693359375,0.5886473655700684,540.4259033203125,1017.2096557617188,0.39324843883514404,539.43017578125,1041.853271484375,0.5842468738555908,535.1984252929688,1042.35107421875,0.4841511845588684,544.6575927734375,1069.2349853515625,0.6734939813613892,541.4215698242188,1068.48828125,0.5636813640594482,154.81075732994287,158.31363760356055,154.86174983388906,151.44707404325612,27.90746776166751,28.486471337621126,17.07454984370516,11.493808010510069,16.476154802124928,12.518257746592095,51.28829090303564,52.345959282732196,92.55614896086117,95.0131201914792,525.4903564453125,984.3515014648438,547.3958129882812,1069.2349853515625,85.80699861259615,right_ear,left_ankle,49.27520566483209,48.789996646355604,543.9108581542969,1017.0851745605469,532.9581298828125,993.1883239746094,0.516567
33,122.0,528.8536987304688,986.58642578125,0.6648039221763611,530.8441772460938,984.595947265625,0.6314698457717896,527.6096801757812,984.595947265625,0.730165421962738,533.0834350585938,985.0935668945312,0.6695783734321594,525.6192626953125,985.5911865234375,0.6183881759643555,534.3274536132812,993.552978515625,0.7264929413795471,532.3370361328125,993.30419921875,0.5296617746353149,535.5714721679688,1009.7254028320312,0.6076598167419434,534.0786743164062,1009.9742431640625,0.3916747570037842,531.590576171875,1020.9216918945312,0.4844624400138855,530.3465576171875,1020.6729125976562,0.39895129203796387,547.265380859375,1017.1896362304688,0.5794967412948608,546.2702026367188,1017.4384155273438,0.3738124370574951,539.3035888671875,1041.8214111328125,0.5760018825531006,535.3226928710938,1042.56787109375,0.4752184748649597,544.5285034179688,1069.190185546875,0.6685785055160522,541.5428466796875,1068.4437255859375,0.5574288368225098,154.80475932635687,156.02824856266682,142.94335356648313,151.27931378945388,27.440999922340414,27.505217144134683,16.760777687840193,11.330940945301085,16.220200073805962,11.882946675920598,51.223915786649535,52.07252276716845,94.15969775702365,95.71060578856002,525.6192626953125,984.595947265625,547.265380859375,1069.190185546875,85.71086291963269,right_ear,left_ankle,49.97236677296328,49.06533870597856,546.7677917480469,1017.3140258789062,533.3322448730469,993.4285888671875,0.533133
34,126.0,527.572998046875,987.1292724609375,0.6831865310668945,529.5835571289062,984.867431640625,0.6356387138366699,526.8190307617188,984.867431640625,0.7197699546813965,532.8506469726562,985.1187744140625,0.6738334894180298,525.5625,985.6213989257812,0.5935916900634766,534.60986328125,993.6635131835938,0.718597412109375,531.8453979492188,993.4122314453125,0.5386715531349182,535.6151733398438,1009.747802734375,0.6279396414756775,534.1072387695312,1009.747802734375,0.4288126826286316,531.3427734375,1020.554443359375,0.5010735392570496,530.3375244140625,1020.3031005859375,0.4113887846469879,547.4270629882812,1017.2872924804688,0.587997555732727,540.892822265625,1017.2872924804688,0.3951147198677063,539.3848876953125,1041.4136962890625,0.5850216746330261,535.1124877929688,1042.167724609375,0.4966614544391632,544.6625366210938,1069.05859375,0.6805626153945923,541.1441040039062,1068.3046875,0.5704911947250366,152.46322978588455,154.85217634509635,153.9261696677644,150.75675975473357,26.93311206927715,27.088669250553394,16.491416350225197,11.208258520262062,16.115676177786668,11.620537101332593,51.018013848942466,51.845059949579024,93.20943179687283,96.92714985690687,525.5625,984.867431640625,547.4270629882812,1069.05859375,85.5954255732265,right_ear,left_ankle,50.29978823398153,49.20299288356272,544.1599426269531,1017.2872924804688,533.2276306152344,993.5378723144531,0.5499
35,130.0,528.1688842773438,986.9817504882812,0.6804569959640503,530.4244384765625,984.7261962890625,0.6449438333511353,526.915771484375,984.976806640625,0.7315152883529663,533.1812133789062,985.2274780273438,0.6833482980728149,525.412109375,985.7286987304688,0.6207298636436462,534.6848754882812,993.7484130859375,0.7225961685180664,531.4268798828125,993.497802734375,0.5420383810997009,535.436767578125,1009.787841796875,0.622503399848938,533.9330444335938,1009.787841796875,0.42904114723205566,531.17626953125,1021.5667724609375,0.47191596031188965,530.4244384765625,1020.5643310546875,0.4050716459751129,547.7169189453125,1017.0556640625,0.5857366919517517,539.9478149414062,1017.5569458007812,0.4034225344657898,539.4465942382812,1041.6160888671875,0.5887284278869629,534.6848754882812,1042.1173095703125,0.5061047673225403,544.7095336914062,1069.183837890625,0.6745664477348328,541.200927734375,1068.4320068359375,0.5709458589553833,153.21962413513398,157.43075744038384,153.9973896273681,150.58164004372364,27.085085270075172,28.038748796591577,16.481693887867486,11.33327121732571,16.057042538650006,12.525775472848679,50.89049151858111,52.21485298955297,92.12104860951963,97.18850481376167,525.412109375,984.7261962890625,547.7169189453125,1069.183837890625,85.65717037988398,right_ear,left_ankle,49.50287020934958,49.065742686956405,543.8323669433594,1017.3063049316406,533.0558776855469,993.6231079101562,0.566567
36,134.0,526.4884033203125,986.9815673828125,0.6855130791664124,528.2457885742188,984.7219848632812,0.6339646577835083,525.9862670898438,984.9730834960938,0.7098757028579712,532.2628173828125,985.4752197265625,0.6837972402572632,525.484130859375,985.7262573242188,0.5654262900352478,534.5223388671875,993.5091552734375,0.7237076759338379,531.5096435546875,993.5091552734375,0.5476816892623901,535.526611328125,1009.8282470703125,0.6280415058135986,534.2713012695312,1009.8282470703125,0.4442331790924072,531.5096435546875,1021.6281127929688,0.4993847608566284,530.50537109375,1021.1260375976562,0.4196730852127075,547.8286743164062,1017.1090087890625,0.5935603380203247,541.5521240234375,1017.1090087890625,0.4096928834915161,539.794677734375,1041.2109375,0.5927706956863403,534.7734375,1041.713134765625,0.5070148706436157,544.81591796875,1068.8277587890625,0.6806870102882385,541.0499877929688,1068.0745849609375,0.57889723777771,151.95996506195777,157.67862242812606,151.20404993833733,151.26016103346822,27.63513619444535,28.279888702595038,16.551118101469427,11.908916864627026,16.349963921997823,12.464865068084505,50.968049750065404,51.806426265211954,92.08261126528699,96.11540256747942,525.484130859375,984.7219848632812,547.8286743164062,1068.8277587890625,85.32044033262854,right_ear,left_ankle,49.03940783634018,48.118136298652566,544.6903991699219,1017.1090087890625,533.0159912109375,993.5091552734375,0.583233
37,138.0,526.3330078125,987.0012817382812,0.6885032057762146,528.3367309570312,984.7471313476562,0.6439902782440186,525.5816650390625,984.7471313476562,0.7118726968765259,532.3440551757812,985.49853515625,0.7023763656616211,525.3311767578125,985.7489624023438,0.5507673025131226,534.3477172851562,993.763671875,0.7229979634284973,531.5926513671875,993.5132446289062,0.5444403886795044,535.6000366210938,1009.7930908203125,0.6173674464225769,534.0972900390625,1009.5426025390625,0.4397423267364502,531.5926513671875,1021.5646362304688,0.49059319496154785,530.5908203125,1020.8132934570312,0.41206619143486023,547.6220703125,1017.056396484375,0.5863285660743713,540.8596801757812,1017.306884765625,0.3991222381591797,539.6073608398438,1041.3509521484375,0.5866438150405884,534.8486328125,1041.8519287109375,0.4987051486968994,544.8670043945312,1068.9014892578125,0.6705711483955383,541.360595703125,1068.150146484375,0.5709092617034912,153.83751129994698,156.73265966486792,152.3313535267644,150.93419199621266,27.31842476205657,27.93714386451122,16.223856812994267,11.80355047058649,16.078264068098466,12.43496754787064,50.845729206756815,51.9182437385809,92.10164259144949,95.65951326214781,525.3311767578125,984.7471313476562,547.6220703125,1068.9014892578125,85.41657499514386,right_ear,left_ankle,49.16285287518304,48.54653145691106,544.2408752441406,1017.181640625,532.9701843261719,993.6384582519531,0.5999
38,142.0,524.5790405273438,988.065673828125,0.7203243970870972,526.3285522460938,985.8162841796875,0.6603277921676636,524.3291015625,986.0662231445312,0.7165987491607666,531.0772094726562,985.8162841796875,0.6727453470230103,525.0789184570312,986.316162109375,0.4860877990722656,534.5762329101562,994.06396484375,0.7010987401008606,532.326904296875,993.5640869140625,0.556706964969635,536.57568359375,1010.0595092773438,0.6036397814750671,533.8264770507812,1009.8095703125,0.44667744636535645,531.3271484375,1020.5565795898438,0.5330026149749756,530.0775146484375,1019.8067626953125,0.45154982805252075,547.8225708007812,1017.8073120117188,0.594045877456665,540.8245239257812,1017.8073120117188,0.4100153148174286,540.07470703125,1041.30078125,0.6017704010009766,534.3263549804688,1041.8006591796875,0.4991658926010132,544.573486328125,1069.04296875,0.6478273272514343,541.074462890625,1068.293212890625,0.5520150661468506,154.17001759564906,146.3099051118103,150.55566242954404,152.53694595291887,26.338902519852702,26.691106870929875,16.31454716788567,10.677011502904326,16.12002620231107,11.73608139167248,50.486519557609576,51.33857293803014,94.89913024992684,96.99190449036202,524.3291015625,985.8162841796875,547.8225708007812,1069.04296875,84.99272153211732,right_ear,left_ankle,50.26326094975062,49.71789137909884,544.3235473632812,1017.8073120117188,533.4515686035156,993.8140258789062,0.616567
39,146.0,524.4510498046875,987.754638671875,0.7363995313644409,526.20947265625,985.4937744140625,0.684416651725769,524.1998291015625,985.7449951171875,0.7300448417663574,530.982421875,985.7449951171875,0.6866216659545898,524.9534301757812,986.2473754882812,0.4873618483543396,534.499267578125,993.5324096679688,0.6918613314628601,531.4848022460938,993.7835693359375,0.5537651777267456,536.2577514648438,1009.3583984375,0.5896871089935303,533.2432250976562,1010.1119995117188,0.44019126892089844,531.4848022460938,1020.6626586914062,0.5112311244010925,530.228759765625,1020.6626586914062,0.4434319734573364,548.064453125,1017.39697265625,0.5992302894592285,541.5330810546875,1017.648193359375,0.41752707958221436,539.7745971679688,1041.2615966796875,0.5969771146774292,535.2529296875,1042.0152587890625,0.47033166885375977,544.5475463867188,1068.894287109375,0.6369552612304688,541.5330810546875,1068.3919677734375,0.5587209463119507,157.90810286167803,150.7689413576357,152.1551540806735,151.04439445119738,26.908420378982033,27.297205228956127,16.422840282066343,10.972848780692386,15.923384882404203,12.270588581352193,50.7437744140625,51.617264833481876,92.6754484948694,96.34017759847899,524.1998291015625,985.4937744140625,548.064453125,1068.894287109375,84.93786782461993,right_ear,left_ankle,49.969243183506826,49.04971585294274,544.7987670898438,1017.5225830078125,532.9920349121094,993.6579895019531,0.633233
40,150.0,524.775390625,987.9246215820312,0.7304437160491943,526.7711791992188,985.6793823242188,0.6717122793197632,524.2764282226562,985.9288330078125,0.7307660579681396,531.5111694335938,985.9288330078125,0.6874297857284546,524.775390625,986.4277954101562,0.498773455619812,534.7543334960938,994.1614379882812,0.7069870233535767,532.0101318359375,993.6625366210938,0.5666617155075073,536.5006713867188,1010.3772583007812,0.6083526015281677,533.7564697265625,1009.8782958984375,0.45563003420829773,531.26171875,1020.8551635742188,0.5116433501243591,530.0143432617188,1020.1067504882812,0.4512782692909241,547.9764404296875,1017.6119995117188,0.5991454124450684,540.9911499023438,1017.6119995117188,0.41807788610458374,539.9932861328125,1041.5615234375,0.6080660820007324,534.7543334960938,1042.0604248046875,0.4966348111629486,544.4838256835938,1069.2530517578125,0.6490330100059509,541.2406616210938,1068.504638671875,0.5539164543151855,153.7580098131706,147.2882571010977,151.90739673686784,152.35402505325712,26.519419659685877,26.92124334836647,16.309523137387938,10.891500988173286,16.309583821652843,11.714654226604885,50.893250797956135,51.759024670567506,94.31602503885028,97.45425186633278,524.2764282226562,985.6793823242188,547.9764404296875,1069.2530517578125,85.13780301084695,right_ear,left_ankle,50.17150279187411,49.68285221822197,544.4837951660156,1017.6119995117188,533.3822326660156,993.9119873046875,0.6499
41,157.0,524.6395263671875,987.421630859375,0.7085291147232056,526.6475219726562,985.1627197265625,0.6743056178092957,524.1375732421875,985.4136962890625,0.7179326415061951,531.4163818359375,985.6646728515625,0.6712764501571655,524.3885498046875,985.9157104492188,0.512729287147522,534.9302978515625,994.198486328125,0.6860653162002563,530.161376953125,993.6964721679688,0.5243424773216248,535.9342651367188,1010.7640380859375,0.5832095146179199,531.9183349609375,1009.5090942382812,0.40371549129486084,531.4163818359375,1022.811767578125,0.49437379837036133,529.408447265625,1020.5527954101562,0.39323148131370544,547.98193359375,1017.2899169921875,0.590202808380127,540.4521484375,1017.5408935546875,0.43037691712379456,540.4521484375,1040.63232421875,0.6103042364120483,534.4282836914062,1041.13427734375,0.5199352502822876,544.9700317382812,1068.4925537109375,0.6857457756996155,540.4521484375,1068.2415771484375,0.5902560949325562,160.8557602572754,155.97580766075802,153.14838083509426,152.91031270105015,26.86687553853591,28.828240835272407,15.909931432276835,11.325319943240206,16.595946955519857,12.866975380267212,50.70068359375,51.29114504219283,91.6058935499007,97.00127600676589,524.1375732421875,985.1627197265625,547.98193359375,1068.4925537109375,85.10306951957321,right_ear,left_ankle,47.64908863123257,48.95082470454508,544.217041015625,1017.4154052734375,532.5458374023438,993.9474792480469,0.666567
42,161.0,524.8850708007812,987.6849975585938,0.7247160077095032,526.636962890625,985.4325561523438,0.6730464100837708,524.384521484375,985.682861328125,0.7313368320465088,531.1419067382812,985.682861328125,0.6793694496154785,524.634765625,986.1834106445312,0.5114377737045288,534.3954467773438,993.4413452148438,0.7061258554458618,531.1419067382812,993.6915893554688,0.5524820685386658,535.6467895507812,1009.2085571289062,0.5969300270080566,532.6435546875,1009.7091064453125,0.4517374634742737,530.8916015625,1021.471923828125,0.5227576494216919,529.3899536132812,1020.2205810546875,0.43596351146698,547.9102172851562,1016.967041015625,0.5950664281845093,540.9025268554688,1017.21728515625,0.4244437515735626,539.9014892578125,1040.9932861328125,0.6102203130722046,534.89599609375,1041.4937744140625,0.48911696672439575,544.6566772460938,1068.773681640625,0.6571938991546631,541.403076171875,1068.2730712890625,0.5739656686782837,157.44536689458468,154.2682341667738,152.44531116113245,151.85187341596057,26.586777546920096,28.248721540716204,16.087753114926567,11.00350028007873,15.816789506078303,13.153021538924113,51.05823975870735,51.90870385237608,93.77828066568479,97.12506241362563,524.384521484375,985.4325561523438,547.9102172851562,1068.773681640625,84.98252648733794,right_ear,left_ankle,49.26391783777929,49.53137320257231,544.4063720703125,1017.0921630859375,532.7686767578125,993.5664672851562,0.683233
43,167.0,524.5770874023438,987.4766845703125,0.715726375579834,526.074462890625,985.4801635742188,0.6628142595291138,524.3275146484375,985.729736328125,0.706964373588562,530.566650390625,985.4801635742188,0.6675500869750977,525.5753784179688,985.9793090820312,0.4896124601364136,533.8109741210938,993.2166137695312,0.7026591300964355,532.0640258789062,993.2166137695312,0.5448297262191772,535.8074340820312,1008.6895751953125,0.5896602869033813,533.3118286132812,1009.9373779296875,0.44663459062576294,531.3153076171875,1020.6686401367188,0.5297805070877075,529.8179321289062,1020.4190673828125,0.43616241216659546,547.5369262695312,1017.1747436523438,0.5886145830154419,541.7969970703125,1017.1747436523438,0.398237943649292,539.8004760742188,1041.1328125,0.600631833076477,535.308349609375,1041.38232421875,0.4757592976093292,544.5421752929688,1068.5848388671875,0.6460071802139282,541.5474243164062,1068.085693359375,0.5629088878631592,157.2972099101668,152.0918573090598,151.84415338538446,152.30406814155012,27.295025548925707,27.565233591672634,16.767258743261507,11.048670799479902,15.601230325180802,12.793638929037272,50.911561424016035,51.49724675563658,94.72017793118295,95.19448633671509,524.3275146484375,985.4801635742188,547.5369262695312,1068.5848388671875,84.75501716585188,right_ear,left_ankle,49.70827023031884,49.08857523870627,544.6669616699219,1017.1747436523438,532.9375,993.2166137695312,0.6999
44,172.0,524.51220703125,987.6791381835938,0.6863759756088257,526.0133666992188,985.1771850585938,0.6378486156463623,524.51220703125,985.4273681640625,0.6828678846359253,530.7670288085938,985.4273681640625,0.6485256552696228,525.5130004882812,985.9277954101562,0.5116039514541626,534.01953125,993.4335327148438,0.7224209308624268,531.7677612304688,993.183349609375,0.5457524061203003,535.7708740234375,1009.9461669921875,0.6264827251434326,533.5191040039062,1009.6959838867188,0.4626648426055908,531.7677612304688,1022.7059326171875,0.5889244675636292,529.7662353515625,1019.953857421875,0.47586899995803833,547.5298461914062,1016.9515380859375,0.5951962471008301,541.5252685546875,1016.9515380859375,0.4153594374656677,539.5237426757812,1040.969970703125,0.6039893627166748,534.5198974609375,1040.969970703125,0.4872744083404541,544.5275268554688,1068.7412109375,0.6594266891479492,541.2750854492188,1067.490234375,0.557094395160675,153.85062541859875,156.52762661294256,149.44942751280286,151.35125110912875,26.845226659185705,29.358880500856877,16.605248937832265,10.922819809234399,16.605248937832265,13.372977635446853,50.53931552944066,51.876624171844625,94.27582532980479,94.39879671134584,524.51220703125,985.1771850585938,547.5298461914062,1068.7412109375,84.9683117654633,right_ear,left_ankle,47.770895625198044,48.90972055123517,544.5275573730469,1016.9515380859375,532.8936462402344,993.3084411621094,0.716567
45,176.0,524.6965942382812,987.4558715820312,0.7070645689964294,526.455810546875,985.194091796875,0.6572822332382202,524.4453125,985.4454345703125,0.7028685808181763,530.9793090820312,985.194091796875,0.6735845804214478,525.19921875,985.9480590820312,0.5360309481620789,534.246337890625,993.4873046875,0.714702844619751,531.2306518554688,993.2359619140625,0.566146969795227,536.2568359375,1010.324951171875,0.6502228379249573,533.7437133789062,1009.571044921875,0.48598361015319824,532.4871826171875,1022.3877563476562,0.5734947919845581,530.4767456054688,1019.6233520507812,0.48262083530426025,547.8170166015625,1016.607666015625,0.6055489778518677,541.5343017578125,1016.607666015625,0.4329683780670166,539.5238037109375,1040.984619140625,0.6124820709228516,535.000244140625,1041.2359619140625,0.4870721399784088,544.5499877929688,1068.377197265625,0.6591446399688721,541.5343017578125,1067.623291015625,0.5660724639892578,153.24993719555698,155.8366990119164,151.2334572427121,150.81395017692458,26.398157755062968,28.95394158723629,16.52726278282967,10.569860786525933,16.95725336041406,12.638099337487342,51.015625,51.872515295490615,91.63653542406544,93.483266227395,524.4453125,985.194091796875,547.8170166015625,1068.377197265625,84.67003651968216,right_ear,left_ankle,47.545135867470115,49.2571181525164,544.6756591796875,1016.607666015625,532.7384948730469,993.3616333007812,0.733233
46,180.0,524.1680908203125,987.705810546875,0.7369785308837891,525.9044189453125,985.473388671875,0.6913492679595947,523.9200439453125,985.721435546875,0.7172775268554688,530.8652954101562,985.473388671875,0.7012463808059692,525.4083251953125,985.969482421875,0.4833129644393921,534.0899047851562,993.6588745117188,0.7266349792480469,531.6094360351562,993.1627807617188,0.5622316598892212,535.5781860351562,1010.0299072265625,0.6302919387817383,533.8418579101562,1009.7818603515625,0.4544837176799774,531.6094360351562,1022.92822265625,0.5530752539634705,530.3692016601562,1021.43994140625,0.45136570930480957,547.9804077148438,1016.7271118164062,0.6036134958267212,542.02734375,1016.4790649414062,0.39944708347320557,539.05078125,1041.0355224609375,0.5954645872116089,535.0820922851562,1041.2835693359375,0.46798983216285706,544.259765625,1068.072509765625,0.6416079998016357,541.779296875,1067.080322265625,0.5451883673667908,155.76181795824291,157.7026698171086,149.80426258492483,148.92426342016557,28.3043458751754,29.374265369971408,16.76834857228164,12.164300033636447,16.43854291686419,13.49509234819142,50.60186528226009,51.480025914177176,92.51137950838347,94.84403053436158,523.9200439453125,985.473388671875,547.9804077148438,1068.072509765625,84.2394438804211,right_ear,left_ankle,46.88323258207947,47.04502776915542,545.0038757324219,1016.6030883789062,532.8496704101562,993.4108276367188,0.7499
47,184.0,524.1070556640625,987.5145263671875,0.7517753839492798,525.6043701171875,985.2684936523438,0.7066293954849243,523.8574829101562,985.51806640625,0.7264835238456726,530.5955810546875,985.2684936523438,0.7104440927505493,525.6043701171875,985.7676391601562,0.4747781753540039,534.0894165039062,993.7535400390625,0.7229698896408081,532.0928955078125,993.0048217773438,0.5612236261367798,535.337158203125,1010.2244262695312,0.6462646722793579,534.0894165039062,1009.974853515625,0.4465792775154114,532.0928955078125,1023.4510498046875,0.5667027235031128,530.8450927734375,1021.9536743164062,0.4582942724227905,548.064697265625,1016.7129516601562,0.6045312881469727,545.3195190429688,1016.46337890625,0.4011992812156677,539.08056640625,1040.920166015625,0.5991040468215942,535.337158203125,1040.920166015625,0.4694938659667969,544.3212890625,1068.1220703125,0.6335816979408264,541.8257446289062,1067.1239013671875,0.5404771566390991,158.13567271557096,161.88628443777154,143.88865862580317,148.73337634792705,28.975732518649103,29.764545727546984,17.087073280293385,12.410390172968464,16.51807956649363,13.618693424001641,50.78085264813413,51.54522854334804,92.46813246624956,93.84612564408243,523.8574829101562,985.2684936523438,548.064697265625,1068.1220703125,84.45457586911158,right_ear,left_ankle,46.31450833311013,46.48574111477776,546.6921081542969,1016.5881652832031,533.0911560058594,993.3791809082031,0.766567
48,188.0,523.6090698242188,986.9500732421875,0.7235571146011353,525.3798828125,984.6732788085938,0.6923592686653137,523.6090698242188,984.9262084960938,0.700335681438446,530.6925048828125,984.9262084960938,0.6953374743461609,525.8858642578125,985.4321899414062,0.48869359493255615,534.7401733398438,994.0335083007812,0.7003835439682007,530.9454956054688,993.0216064453125,0.5624098777770996,535.4990844726562,1010.9832153320312,0.6060922145843506,533.2222900390625,1009.9712524414062,0.4595259428024292,531.1984252929688,1023.6322021484375,0.5298678874969482,530.4395141601562,1021.861328125,0.4588039517402649,547.6421508789062,1016.8017578125,0.6224511861801147,541.8236083984375,1016.8017578125,0.44394081830978394,539.0408325195312,1041.0877685546875,0.606364369392395,534.4871826171875,1040.8348388671875,0.48774927854537964,544.859375,1068.40966796875,0.677514910697937,541.064697265625,1067.397705078125,0.5880171060562134,159.1769091423116,158.65828553992182,149.1166099397345,148.4752471045838,28.844159959770675,29.809841608348524,17.101879788074186,12.211377537108982,16.966688379077176,13.360109912027276,50.6016385684635,51.68288142400532,91.00512853894922,96.82350819507228,523.6090698242188,984.6732788085938,547.6421508789062,1068.40966796875,85.11906936557882,right_ear,left_ankle,46.81498683314235,46.75955669210126,544.7328796386719,1016.8017578125,532.8428344726562,993.5275573730469,0.783233
49,192.0,524.16748046875,987.0881958007812,0.6820605993270874,526.1981811523438,984.8036499023438,0.6510225534439087,524.16748046875,984.8036499023438,0.6957689523696899,531.27490234375,985.0574951171875,0.6810871362686157,525.182861328125,985.565185546875,0.5420676469802856,535.3362426757812,994.9570922851562,0.686195969581604,530.0056762695312,993.1802368164062,0.5484833717346191,535.8439331054688,1012.2178344726562,0.6018297672271729,532.2902221679688,1009.4256591796875,0.39112865924835205,531.27490234375,1024.65576171875,0.4813447594642639,530.259521484375,1021.3558959960938,0.4219605624675751,548.0279541015625,1017.0407104492188,0.620415210723877,541.1744384765625,1016.786865234375,0.4514997601509094,539.1437377929688,1040.9012451171875,0.6099579334259033,535.0823974609375,1041.155029296875,0.48968493938446045,544.4743041992188,1068.3154296875,0.6771739721298218,541.1744384765625,1067.0462646484375,0.584330141544342,162.33515867956996,158.14460536845633,152.72326656391323,148.57411793745555,28.176802650460672,29.97508050728904,16.405270425185503,12.101830264959233,17.268206925901097,13.250587771138814,50.2593994140625,51.397716492009614,89.48381452683736,97.78698732831573,524.16748046875,984.8036499023438,548.0279541015625,1068.3154296875,84.96918661127525,right_ear,left_ankle,45.61130141186115,46.97600664736648,544.6011962890625,1016.9137878417969,532.6709594726562,994.0686645507812,0.7999
50,198.0,523.9711303710938,987.4135131835938,0.727786660194397,525.75048828125,984.87158203125,0.6926705837249756,523.7169189453125,985.125732421875,0.7237256169319153,530.8344116210938,984.87158203125,0.7017752528190613,525.2420654296875,985.3799438476562,0.4934396743774414,535.409912109375,994.0225830078125,0.6793586015701294,531.3427734375,993.0057983398438,0.5472768545150757,536.4266967773438,1010.799560546875,0.6122575998306274,533.1221923828125,1009.7827758789062,0.4372979998588562,531.8511962890625,1023.5093383789062,0.5125049352645874,530.0718383789062,1021.9841918945312,0.44503891468048096,547.3571166992188,1016.9002685546875,0.5971971750259399,540.4938354492188,1016.9002685546875,0.4162966012954712,538.7144775390625,1040.794677734375,0.5916976928710938,534.3931274414062,1041.048828125,0.48895928263664246,544.3067626953125,1067.99365234375,0.6383416652679443,541.7648315429688,1066.976806640625,0.5543721318244934,159.90942023677627,156.7329780383834,149.95066490236252,148.49640704418297,29.006250514906554,29.700727273999007,16.871079014963584,12.576931753631214,16.80776089808586,13.508281062291195,50.09266510920213,51.184358221683134,92.51127029100375,96.8816651832011,523.7169189453125,984.87158203125,547.3571166992188,1067.99365234375,84.7849486247853,right_ear,left_ankle,46.195187232257176,46.48721835973008,543.9254760742188,1016.9002685546875,533.3763427734375,993.5141906738281,0.816567
51,203.0,524.0953369140625,986.9835205078125,0.7326596975326538,526.1452026367188,984.6773681640625,0.7094779014587402,523.839111328125,984.6773681640625,0.7360355854034424,531.526123046875,984.9336547851562,0.7263319492340088,524.8640747070312,985.1898803710938,0.5025327801704407,535.6258544921875,994.4142456054688,0.6837508678436279,531.013671875,993.1331176757812,0.5526398420333862,537.4194946289062,1012.0943603515625,0.6185119152069092,533.3197631835938,1009.2758178710938,0.4226188659667969,532.5510864257812,1024.3935546875,0.4037667512893677,530.7574462890625,1021.5750122070312,0.4045724868774414,547.925048828125,1016.70654296875,0.6143656373023987,541.0067749023438,1016.70654296875,0.44653087854385376,539.213134765625,1041.0487060546875,0.6038094758987427,534.6009521484375,1041.304931640625,0.48310959339141846,544.5940551757812,1068.20947265625,0.6532537937164307,541.2630004882812,1067.1845703125,0.558290958404541,160.10170639610547,152.61196774239392,150.9675425254035,149.10204060410283,28.443048642465133,30.136575314692827,16.306588445144307,12.563265864462048,17.77086386125025,13.227682327052305,50.47867763786272,51.61053463303324,90.51614872325773,95.85595142826996,523.839111328125,984.6773681640625,547.925048828125,1068.20947265625,85.33185121917157,right_ear,left_ankle,45.440816055147,46.8038295399944,544.4659118652344,1016.70654296875,533.3197631835938,993.773681640625,0.833233
52,207.0,524.651123046875,986.98828125,0.6622514724731445,526.7197875976562,984.6610107421875,0.6316521167755127,524.3925170898438,984.6610107421875,0.7027223706245422,531.6328735351562,984.9196166992188,0.6715643405914307,523.8753662109375,985.17822265625,0.573792576789856,535.7702026367188,994.4871826171875,0.6308380365371704,528.7884521484375,992.9357299804688,0.5068817138671875,535.7702026367188,1011.295166015625,0.5057207345962524,530.0813598632812,1008.7092895507812,0.29992276430130005,533.4429931640625,1021.8970947265625,0.3352073132991791,529.0470581054688,1019.0526733398438,0.3133655786514282,548.4407958984375,1016.7254028320312,0.5948320627212524,539.6489868164062,1016.7254028320312,0.44190043210983276,539.390380859375,1040.2564697265625,0.5871669054031372,534.9944458007812,1041.2908935546875,0.5046550631523132,544.8206176757812,1066.3734130859375,0.6555887460708618,540.94189453125,1066.632080078125,0.5829847455024719,0.0,167.61946422457717,156.06309256138817,147.21688485322827,26.118223666203143,27.508529327706402,0.0,0.0,16.8079833984375,10.85434458276601,49.92342179883981,49.77982133892984,89.43268454250146,94.85299839659586,523.8753662109375,984.6610107421875,548.4407958984375,1066.632080078125,83.85322002069304,right_ear,left_ankle,45.908531171604054,49.043726195741854,544.0448913574219,1016.7254028320312,532.2793273925781,993.7114562988281,0.8499
53,212.0,523.9573974609375,987.006103515625,0.6929442286491394,525.7736206054688,984.6709594726562,0.6574223041534424,523.9573974609375,984.6709594726562,0.6987137198448181,530.9628295898438,984.930419921875,0.6749591827392578,525.2546997070312,985.1898803710938,0.5251348614692688,534.8546752929688,994.2709350585938,0.668643593788147,530.703369140625,992.4547729492188,0.5404334664344788,535.8925170898438,1011.1358032226562,0.5874865055084229,533.0384521484375,1009.319580078125,0.37559160590171814,530.9628295898438,1022.0330810546875,0.3942534327507019,530.1844482421875,1020.7357788085938,0.3809298574924469,547.5681762695312,1016.3250122070312,0.6010065078735352,540.822265625,1016.3250122070312,0.4251711368560791,538.74658203125,1040.4547119140625,0.5725358128547668,534.3357543945312,1040.9736328125,0.4786238670349121,544.714111328125,1067.6978759765625,0.6329936981201172,542.3790283203125,1066.6600341796875,0.5606582760810852,158.0809798491939,152.1375893203094,147.86927854539326,147.56273888637867,28.285766231743455,28.033608638299793,17.025696230949904,11.767537199875196,16.896771697177826,11.960454966101246,50.359090014388705,51.45208274280625,91.05118755388996,97.98002484459398,523.9573974609375,984.6709594726562,547.5681762695312,1067.6978759765625,84.77168182518977,right_ear,left_ankle,47.69036846893184,47.51573439052832,544.1952209472656,1016.3250122070312,532.7790222167969,993.3628540039062,0.866567
54,219.0,524.6354370117188,987.594482421875,0.6429846286773682,526.157470703125,985.0577392578125,0.6055041551589966,524.6354370117188,985.3114013671875,0.6578357219696045,530.7236328125,985.3114013671875,0.6425853967666626,524.8890991210938,985.5650634765625,0.5377790927886963,535.0361328125,994.1900634765625,0.6484003067016602,530.7236328125,993.1753540039062,0.5302603244781494,536.05078125,1011.1863403320312,0.5214430093765259,532.7530517578125,1009.4105834960938,0.3880307078361511,531.484619140625,1019.5576171875,0.31292593479156494,530.2162475585938,1020.318603515625,0.3446773886680603,547.7199096679688,1016.2598266601562,0.6039283275604248,540.109619140625,1016.5134887695312,0.42370086908340454,538.8412475585938,1040.1053466796875,0.5646716952323914,534.0214233398438,1040.6126708984375,0.4633110761642456,544.16845703125,1066.9949951171875,0.5841173529624939,541.8853759765625,1066.23388671875,0.5187761783599854,159.782760863449,147.97307664385085,148.75908903346766,148.37166534632885,27.147991341005355,25.614957166445038,16.36157748872608,11.199119442691394,17.026536300712014,9.53562334616876,49.752098293127844,50.85931708344298,91.07089787830604,97.9697347833204,524.6354370117188,985.0577392578125,547.7199096679688,1066.9949951171875,83.68110544456714,right_ear,left_ankle,49.103814194822554,47.37490675091845,543.9147644042969,1016.3866577148438,532.8798828125,993.6827087402344,0.883233
55,223.0,523.6543579101562,986.8243408203125,0.6860173940658569,525.411865234375,984.815673828125,0.6517602205276489,523.9053955078125,984.815673828125,0.6723689436912537,530.182373046875,985.0667724609375,0.6502662897109985,526.1651000976562,985.31787109375,0.5018332600593567,533.6974487304688,993.6033935546875,0.7063482999801636,530.4334106445312,992.8501586914062,0.5435410737991333,535.7060546875,1010.1744995117188,0.6237280368804932,532.9442138671875,1009.4212646484375,0.3994600772857666,532.1909790039062,1019.7153930664062,0.46896106004714966,530.935546875,1020.4686279296875,0.4050542414188385,547.5066528320312,1016.451416015625,0.6196465492248535,541.4808349609375,1016.451416015625,0.4485812783241272,539.2211303710938,1040.5548095703125,0.5855751037597656,534.7017211914062,1040.805908203125,0.456439346075058,544.4937133789062,1066.91796875,0.6581245064735413,540.9786376953125,1066.6668701171875,0.5777075290679932,161.0791258710342,152.86390595055494,150.80248545308288,149.719802160285,27.62303357453408,26.155419506042136,16.760241211332776,11.228489593592467,16.692394990826752,10.16781229583186,50.217965238744306,50.55641155224182,88.95841014679286,93.30188364303109,523.6543579101562,984.815673828125,547.5066528320312,1066.91796875,83.63321112048222,right_ear,left_ankle,48.77950824134252,47.27728053134983,544.4937438964844,1016.451416015625,532.0654296875,993.2267761230469,0.8999
56,228.0,524.150146484375,987.1895751953125,0.6219383478164673,525.4179077148438,984.9075927734375,0.5759180784225464,524.4036865234375,984.9075927734375,0.6307519674301147,530.489013671875,984.9075927734375,0.5969595909118652,524.9108276367188,985.1611328125,0.4499099850654602,533.7852172851562,993.781982421875,0.640788197517395,531.7567749023438,992.2606811523438,0.49221688508987427,536.0671997070312,1010.5166015625,0.575258195400238,533.2781372070312,1009.2488403320312,0.3086934983730316,531.2496948242188,1021.9266357421875,0.4335084557533264,530.7425537109375,1021.1659545898438,0.36122554540634155,547.7307739257812,1016.348388671875,0.6048632860183716,540.884765625,1016.6019287109375,0.4406048655509949,538.8563232421875,1040.9432373046875,0.5887233018875122,535.5601196289062,1041.4503173828125,0.4892284572124481,544.6881103515625,1067.0594482421875,0.649183988571167,541.8989868164062,1067.0594482421875,0.5556632280349731,162.8709646090153,149.34459662411098,154.00263091092464,147.57154083931897,28.923061337309033,28.258633807572792,17.056145390343175,12.183874420701363,16.88949145343101,12.385363671590724,50.46771167659153,50.80225747316413,92.00955593292616,95.1478204218561,524.150146484375,984.9075927734375,547.7307739257812,1067.0594482421875,84.2524479276623,right_ear,left_ankle,47.09099463852627,47.230062028908186,544.3077697753906,1016.4751586914062,532.77099609375,993.0213317871094,0.916567
57,231.0,524.5153198242188,987.1085815429688,0.6005245447158813,526.042236328125,984.8181762695312,0.5525614619255066,524.5153198242188,984.8181762695312,0.6149990558624268,530.623046875,985.0726318359375,0.5693679451942444,525.0242919921875,985.3271484375,0.44564032554626465,533.4224853515625,993.4708251953125,0.6599856615066528,532.6589965820312,992.1983642578125,0.46851545572280884,535.712890625,1009.7581176757812,0.6219984889030457,533.6769409179688,1008.7401733398438,0.2830435037612915,530.3685913085938,1019.4287719726562,0.4119144678115845,530.1140747070312,1019.937744140625,0.3369971513748169,547.4193725585938,1016.3748779296875,0.5738921165466309,541.05712890625,1016.3748779296875,0.3977828621864319,538.7667236328125,1041.3148193359375,0.589164674282074,536.476318359375,1042.078369140625,0.4678058624267578,544.3655395507812,1067.7818603515625,0.6485154628753662,542.32958984375,1067.52734375,0.5574531555175781,0.0,143.0688721781929,156.94220415249322,148.9221073545705,27.855875926504922,26.136971318825193,0.0,0.0,16.447548530432254,11.049121671563183,51.168290144734186,51.49760904898955,95.24187041218157,96.70987589037297,524.5153198242188,984.8181762695312,547.4193725585938,1067.7818603515625,84.69275868664245,right_ear,left_ankle,50.338213276523774,49.1323600189939,544.2382507324219,1016.3748779296875,533.0407409667969,992.8345947265625,0.933233
58,234.0,524.236328125,986.884033203125,0.677916407585144,525.9863891601562,984.8839721679688,0.6408384442329407,524.236328125,984.8839721679688,0.6829851865768433,530.9865112304688,985.134033203125,0.6615457534790039,525.236328125,985.884033203125,0.5057734251022339,533.4866333007812,993.13427734375,0.7263301610946655,531.2365112304688,993.13427734375,0.5326471328735352,534.9866333007812,1009.884765625,0.6282780170440674,533.7366333007812,1010.384765625,0.39113885164260864,530.4865112304688,1021.3851318359375,0.4873417019844055,530.7365112304688,1021.6351318359375,0.41546565294265747,547.737060546875,1016.1349487304688,0.6091693639755249,542.4868774414062,1016.385009765625,0.43753159046173096,538.7367553710938,1040.3857421875,0.5747512578964233,534.2366333007812,1040.6357421875,0.4631066918373108,544.4869384765625,1067.1365966796875,0.6269880533218384,542.2368774414062,1066.6365966796875,0.54860520362854,156.82197836843162,153.51230242940085,144.10869739934958,147.50705448549033,28.50523998819944,28.40970805861135,17.430718754773345,11.643516320982265,16.817516393935627,12.349474548878046,50.25220878112302,51.1051013794903,91.00505587766736,96.06185161630987,524.236328125,984.8839721679688,547.737060546875,1067.1365966796875,83.501886627911,right_ear,left_ankle,47.845673769130435,46.447715348216434,545.1119689941406,1016.2599792480469,532.361572265625,993.13427734375,0.9499
59,240.0,523.77294921875,986.8680419921875,0.7107956409454346,525.538818359375,984.59765625,0.6713335514068604,523.77294921875,984.8499145507812,0.7123104333877563,530.584228515625,985.1021728515625,0.6654444932937622,524.7820434570312,985.8589477539062,0.48529306054115295,533.6114501953125,993.6792602539062,0.7164484858512878,531.0887451171875,992.9224853515625,0.5212805271148682,535.125,1009.3198852539062,0.6465311050415039,533.6114501953125,1009.5721435546875,0.3419564366340637,530.584228515625,1021.6810302734375,0.4746323227882385,530.0796508789062,1020.9242553710938,0.4041054844856262,547.4861450195312,1016.6356811523438,0.6138027310371399,541.6840209960938,1016.887939453125,0.4555671811103821,539.1613159179688,1041.105712890625,0.6084122061729431,534.8727416992188,1041.105712890625,0.49540749192237854,544.7112426757812,1067.341552734375,0.7014023065567017,540.9271850585938,1067.0892333984375,0.5941057205200195,154.10260974876638,154.3022542378375,151.17479453483028,149.26717895804157,28.019946384824713,28.16492846297837,16.83968999691162,11.888820341125442,15.713687772190669,13.168770324794771,50.20699865974824,50.781743726567655,92.06386355076204,96.17018176769196,523.77294921875,984.59765625,547.4861450195312,1067.341552734375,83.88437217923095,right_ear,left_ankle,47.79598142613072,47.42229638097063,544.5850830078125,1016.7618103027344,532.35009765625,993.3008728027344,0.966567
60,245.0,525.1151733398438,987.42041015625,0.7019531726837158,527.1243286132812,985.16015625,0.662997841835022,524.3617553710938,985.16015625,0.7244095802307129,531.3937377929688,985.4112548828125,0.6966257691383362,523.8594360351562,986.1647338867188,0.5623972415924072,533.9051513671875,993.698974609375,0.7042940855026245,530.1380004882812,993.698974609375,0.5323839783668518,535.160888671875,1009.7721557617188,0.6179262399673462,533.4028930664062,1010.0233154296875,0.4162437319755554,530.8914794921875,1022.0781860351562,0.5220451354980469,530.1380004882812,1021.32470703125,0.43323713541030884,547.2157592773438,1016.3018798828125,0.6011835336685181,540.4348754882812,1016.8041381835938,0.4278865456581116,538.9280395507812,1040.6627197265625,0.5786130428314209,534.1563110351562,1041.1650390625,0.47880280017852783,544.704345703125,1067.03271484375,0.6065334677696228,541.9417724609375,1067.03271484375,0.5324149131774902,152.5763505485018,156.3992503847573,148.7972570859559,148.8559495495836,27.625732421875,28.53877816794824,16.647631265871333,11.76354435017623,16.122159549342086,13.025599250489789,50.25117562596316,50.79296027969475,90.0,96.06168958189942,523.8594360351562,985.16015625,547.2157592773438,1067.03271484375,83.51132020949343,right_ear,left_ankle,47.02876708317947,47.207531295017176,543.8253173828125,1016.5530090332031,532.0215759277344,993.698974609375,0.983233
61,251.0,525.1865234375,987.2747802734375,0.6501091718673706,527.1809692382812,985.0310668945312,0.6114857196807861,524.937255859375,985.2803344726562,0.6930297017097473,531.1697998046875,985.5296630859375,0.6497479677200317,524.6879272460938,986.0282592773438,0.5701617002487183,533.912109375,994.0059204101562,0.7277728319168091,530.6712036132812,993.50732421875,0.5224114656448364,535.1586303710938,1010.4598388671875,0.6506630182266235,532.4163208007812,1009.961181640625,0.38401925563812256,531.4190673828125,1022.177001953125,0.5274826884269714,529.9232788085938,1021.4290771484375,0.40624481439590454,547.3743896484375,1016.941650390625,0.5931928753852844,541.3911743164062,1016.941650390625,0.4309276342391968,539.1474609375,1041.3731689453125,0.5777153968811035,534.9093017578125,1041.3731689453125,0.4420815408229828,544.3827514648438,1067.5498046875,0.6520057916641235,541.3911743164062,1067.300537109375,0.5802271366119385,161.6808939927934,157.96702572353166,151.1049883986528,150.08000334031058,27.93176826088852,28.281179142238834,16.54614329859073,11.735752457891923,16.501068061926663,12.29944072410528,50.35888671875,50.69650067172135,91.5343839630353,95.05730085331594,524.6879272460938,985.0310668945312,547.3743896484375,1067.5498046875,83.8668496312317,right_ear,left_ankle,47.1884343134122,47.283226056668326,544.3827819824219,1016.941650390625,532.2916564941406,993.7566223144531,0.9999
62,255.0,527.3045654296875,987.7941284179688,0.5816604495048523,528.80615234375,985.541748046875,0.5275870561599731,526.3035278320312,985.541748046875,0.6632142663002014,531.5590209960938,985.7919921875,0.5961899161338806,524.3013916015625,986.2925415039062,0.6105805039405823,534.0616455078125,994.5512084960938,0.7023621797561646,529.8071899414062,993.0496215820312,0.5266110897064209,534.8124389648438,1010.5679931640625,0.6691380739212036,532.810302734375,1009.8171997070312,0.3152272701263428,530.8082275390625,1023.5816040039062,0.46071451902389526,530.5579833984375,1022.080078125,0.37473076581954956,546.8250122070312,1017.0748291015625,0.6173967123031616,540.0679321289062,1017.3250732421875,0.4542185664176941,539.317138671875,1041.850830078125,0.603520393371582,535.3129272460938,1042.10107421875,0.5064249634742737,544.5726318359375,1067.6278076171875,0.7078496217727661,541.0689697265625,1067.3775634765625,0.5872805118560791,159.43834732413924,160.21337689758644,156.3071018660117,151.61790629994866,29.040163531018866,29.2121309017231,17.034387650434372,12.46800423022553,16.034371890261237,13.615717984493358,50.06249948748191,50.60313087287516,88.51853141366016,96.39442032807365,524.3013916015625,985.541748046875,546.8250122070312,1067.6278076171875,83.82331832108545,right_ear,left_ankle,46.146797054513556,46.50100012650319,543.4464721679688,1017.199951171875,531.9344177246094,993.8004150390625,1.016567
63,259.0,526.316650390625,987.8593139648438,0.6200644969940186,527.81494140625,985.6118774414062,0.5746631622314453,525.5675048828125,985.861572265625,0.6870179176330566,531.3109741210938,985.861572265625,0.6138830780982971,524.3189086914062,986.3610229492188,0.5950140953063965,533.5584716796875,994.6016845703125,0.713315486907959,530.3121337890625,993.1033935546875,0.5209201574325562,534.8070068359375,1010.3339233398438,0.6806039810180664,532.5595703125,1010.084228515625,0.3196893334388733,530.5618286132812,1023.3192138671875,0.42803704738616943,530.0623779296875,1021.8209228515625,0.37436556816101074,546.79345703125,1017.0762939453125,0.6001653671264648,540.3008422851562,1017.5757446289062,0.44316285848617554,539.05224609375,1042.048095703125,0.5881221294403076,535.0567626953125,1042.2977294921875,0.4984792470932007,544.2963256835938,1068.0186767578125,0.6923260688781738,541.5494384765625,1067.26953125,0.5792156457901001,160.44905581154148,157.3587151459641,153.44958621769197,151.36078149052906,28.71861533755007,28.87345421982473,17.1289149363723,11.999415141247683,15.781703860418062,13.661599768022711,49.70947013590057,51.00354920574394,90.49828784814537,95.95719291727323,524.3189086914062,985.6118774414062,546.79345703125,1068.0186767578125,84.06586474428184,right_ear,left_ankle,46.76193315598473,46.87780461329323,543.5471496582031,1017.3260192871094,531.935302734375,993.8525390625,1.033233
64,263.0,525.6116333007812,988.1463623046875,0.6068561673164368,527.3446044921875,985.918212890625,0.5581637620925903,524.8689575195312,985.918212890625,0.652726411819458,531.0581665039062,986.165771484375,0.6014121770858765,524.126220703125,986.4133911132812,0.5470427870750427,533.5338745117188,994.0880126953125,0.6998322606086731,530.5630493164062,993.3453369140625,0.4906432628631592,534.771728515625,1010.1800537109375,0.6506592631340027,530.5630493164062,1009.4373168945312,0.28944283723831177,530.5630493164062,1024.29150390625,0.4136316478252411,529.07763671875,1022.5585327148438,0.31837227940559387,546.159912109375,1017.854736328125,0.5875271558761597,539.2279663085938,1018.102294921875,0.4352858066558838,539.2279663085938,1042.1165771484375,0.6125576496124268,535.514404296875,1042.8592529296875,0.5291546583175659,544.4269409179688,1068.35888671875,0.701444685459137,541.7036743164062,1067.86376953125,0.5866906642913818,0.0,158.9942928277435,157.56643385353848,152.84861981741528,29.250936044510766,30.349245191112782,0.0,0.0,16.139580743735074,14.725692079380234,49.82302164099865,50.53387374651889,92.91082973129171,95.6175617911505,524.126220703125,985.918212890625,546.159912109375,1068.35888671875,84.42264797592684,right_ear,left_ankle,46.19677173010356,47.03170535296463,542.6939392089844,1017.978515625,532.0484619140625,993.7166748046875,1.0499
65,266.0,525.6950073242188,988.1854248046875,0.5680571794509888,526.9318237304688,985.9591064453125,0.513579785823822,525.4476318359375,985.9591064453125,0.6088863611221313,530.1476440429688,986.2064819335938,0.5579836368560791,524.2107543945312,986.453857421875,0.5297462940216064,532.8687133789062,994.122314453125,0.7112703323364258,531.6318969726562,993.1328735351562,0.4990686774253845,534.1055908203125,1010.44873046875,0.6557528972625732,531.8792114257812,1009.459228515625,0.29707521200180054,530.1476440429688,1023.559326171875,0.39500686526298523,529.6528930664062,1022.322509765625,0.3255804181098938,545.73193359375,1017.3751220703125,0.5866336226463318,539.3003540039062,1017.6224365234375,0.4343379735946655,539.3003540039062,1042.112060546875,0.6109237670898438,535.3424072265625,1042.854248046875,0.5083766579627991,544.2477416992188,1068.8280029296875,0.6999112367630005,542.0214233398438,1067.8385009765625,0.5802786946296692,0.0,158.86909223370438,156.11819592841587,154.9343783298601,29.256645736106638,29.56250796635502,0.0,0.0,16.373201449939966,13.695001364844236,50.2897340169083,51.474282649774054,93.87861343995924,95.2812426081338,524.2107543945312,985.9591064453125,545.73193359375,1068.8280029296875,84.776062118917,right_ear,left_ankle,47.413772780903024,47.166577118114894,542.5161437988281,1017.498779296875,532.2503051757812,993.6275939941406,1.066567
66,270.0,527.67529296875,987.9832763671875,0.5695288181304932,529.4148559570312,985.7467651367188,0.5315148234367371,526.4328002929688,985.7467651367188,0.6154476404190063,531.6514282226562,986.2437744140625,0.5796146392822266,523.69921875,986.7407836914062,0.6114086508750916,533.3909301757812,995.4384765625,0.7002256512641907,529.911865234375,994.1959228515625,0.4854271411895752,533.6394653320312,1011.83984375,0.6399926543235779,531.1544189453125,1009.851806640625,0.27977752685546875,530.9058837890625,1025.2591552734375,0.43503713607788086,529.663330078125,1023.0226440429688,0.31340011954307556,545.8162231445312,1018.052490234375,0.5954415202140808,538.6095581054688,1018.5494995117188,0.46252983808517456,539.1065673828125,1042.4061279296875,0.6305140852928162,534.8819580078125,1043.400146484375,0.5474554300308228,544.3251953125,1068.499267578125,0.708088219165802,541.5916137695312,1068.002197265625,0.5916917324066162,0.0,167.61793871150044,156.21409657516526,153.28668597426775,28.82779256847396,29.92404274701373,0.0,0.0,16.403250145720936,13.694903789918419,49.54252689480798,50.4688072809907,90.49397441345239,94.7636222805972,523.69921875,985.7467651367188,545.8162231445312,1068.499267578125,84.32010790203988,right_ear,left_ankle,45.27455393358448,46.53433313084474,542.212890625,1018.3009948730469,531.6513977050781,994.8171997070312,1.083133
67,275.0,523.3657836914062,988.3140869140625,0.6341752409934998,525.0636596679688,985.8886108398438,0.6076771020889282,523.6083374023438,986.1311645507812,0.6573091745376587,530.1571655273438,986.6162719726562,0.6482487320899963,524.3359985351562,986.8588256835938,0.548621654510498,533.5528564453125,996.3182373046875,0.7303028702735901,529.9146118164062,995.3480834960938,0.5656405687332153,534.280517578125,1013.05419921875,0.6624364852905273,530.8848266601562,1011.598876953125,0.41493943333625793,531.3699340820312,1025.181640625,0.5105097889900208,529.9146118164062,1023.2412719726562,0.4193914532661438,546.6505737304688,1017.9052124023438,0.6090811491012573,540.3442993164062,1018.147705078125,0.4647325277328491,538.8889770507812,1041.9176025390625,0.6052510738372803,535.0081787109375,1042.645263671875,0.5067048072814941,543.9825439453125,1068.3555908203125,0.6988070607185364,540.5868530273438,1067.8704833984375,0.6151617765426636,171.8196294380386,164.0146874746831,155.24112988408933,151.18241389435047,27.8931884765625,28.94583219178782,16.279729875711162,11.682751329795515,16.751773396066355,12.471821492859826,49.72336991992426,50.52087752059269,90.0,94.3250128542364,523.3657836914062,985.8886108398438,546.6505737304688,1068.3555908203125,83.8314348815695,right_ear,left_ankle,44.978527132740396,45.887506414617,543.4974365234375,1018.0264587402344,531.7337341308594,995.8331604003906,1.0997
68,279.0,524.5413208007812,988.3330078125,0.6419967412948608,525.9993896484375,985.9029541015625,0.5993509888648987,524.5413208007812,986.1459350585938,0.6860772371292114,530.3734741210938,986.6319580078125,0.660581111907959,524.29833984375,987.1179809570312,0.5734427571296692,533.28955078125,995.6231689453125,0.6895533800125122,530.616455078125,995.1371459960938,0.5383086204528809,534.5045776367188,1012.3905639648438,0.5768877267837524,532.3175048828125,1012.1475219726562,0.41833245754241943,532.0745239257812,1025.02685546875,0.5138084292411804,529.6444702148438,1024.0548095703125,0.42142751812934875,545.92578125,1017.49365234375,0.5975147485733032,543.4957275390625,1017.7366333007812,0.3975104093551636,537.6636352539062,1042.2801513671875,0.5957432985305786,535.2335815429688,1043.00927734375,0.4611401855945587,543.4957275390625,1069.0108642578125,0.6203471422195435,544.2247924804688,1067.552734375,0.5648065805435181,161.63694577185893,164.96986449608397,141.77664638995498,149.25720697291635,28.93399421383342,29.428779645579773,17.095217497944915,12.20363111002054,16.81136002828182,12.867829032503284,49.82143576740403,51.57449257565666,91.92510960716542,92.36624504774015,524.29833984375,985.9029541015625,545.92578125,1069.0108642578125,84.11292427231092,right_ear,left_ankle,45.44267731034733,45.87652187866609,544.7107543945312,1017.6151428222656,531.9530029296875,995.3801574707031,1.116467
69,283.0,524.9558715820312,988.6055297851562,0.6032650470733643,526.8739624023438,986.2079467773438,0.5728302001953125,524.9558715820312,986.2079467773438,0.663306474685669,530.9498901367188,986.6874389648438,0.6615481376647949,524.2366333007812,987.1669921875,0.5803176164627075,533.5872192382812,996.27783203125,0.7058351039886475,530.7100830078125,995.3187866210938,0.5377613306045532,534.3065185546875,1012.8212280273438,0.6220161318778992,532.628173828125,1011.6224365234375,0.43351924419403076,531.4293823242188,1026.2476806640625,0.5051478743553162,530.4703369140625,1024.32958984375,0.40935689210891724,545.81494140625,1017.8561401367188,0.5890259146690369,539.3414306640625,1018.0958862304688,0.3913041353225708,537.9028930664062,1042.3115234375,0.5949438810348511,534.7860107421875,1043.2706298828125,0.4841262400150299,543.8968505859375,1068.68505859375,0.6232977509498596,543.6571044921875,1067.72607421875,0.5370343327522278,163.65249362382318,165.4154555577362,149.80520756566472,149.2678446942098,29.011793839973954,30.047430625951765,16.416091877580378,12.889065352213082,16.55902601574601,13.73126153325789,49.81747284179417,50.86509632259138,90.47348315480316,94.11820456274776,524.2366333007812,986.2079467773438,545.81494140625,1068.68505859375,83.85534744018024,right_ear,left_ankle,44.23085812421111,45.35576804849751,542.5781860351562,1017.9760131835938,532.1486511230469,995.7983093261719,1.133133
70,287.0,523.193603515625,988.5878295898438,0.6717283725738525,524.8849487304688,986.4131469726562,0.6439206600189209,523.4352416992188,986.65478515625,0.6781746745109558,529.7174682617188,986.65478515625,0.6842416524887085,524.4017333984375,987.1380615234375,0.5166708827018738,532.858642578125,995.3533325195312,0.7223029136657715,531.167236328125,994.8700561523438,0.5500117540359497,533.8251342773438,1011.542236328125,0.6293417811393738,532.6170043945312,1011.542236328125,0.41626667976379395,531.4088745117188,1024.8316650390625,0.46389567852020264,530.9255981445312,1024.8316650390625,0.41496792435646057,545.9064331054688,1018.066162109375,0.5913969874382019,544.93994140625,1018.066162109375,0.4000643789768219,537.691162109375,1042.4703369140625,0.6094996929168701,535.5165405273438,1043.1953125,0.4805033206939697,543.7318115234375,1068.8076171875,0.6275129318237305,543.7318115234375,1067.5994873046875,0.5476155281066895,167.77691464249577,166.27859960755882,140.8390412873499,148.47723577307738,29.962583268010697,29.513961367095828,16.73509543624071,13.396632807001504,16.217728346737097,13.507302718088024,49.54805629606801,50.788032472920364,90.46207625174031,92.81558384540214,523.193603515625,986.4131469726562,545.9064331054688,1068.8076171875,83.9259688218373,right_ear,left_ankle,45.66989318967642,44.64398864853102,545.4231872558594,1018.066162109375,532.012939453125,995.1116943359375,1.1498
71,291.0,524.814697265625,988.8863525390625,0.5884213447570801,526.4662475585938,986.527099609375,0.5668597221374512,525.0506591796875,986.527099609375,0.6577250957489014,530.47705078125,986.9989624023438,0.6362371444702148,523.8709716796875,987.4708251953125,0.5780384540557861,532.8363647460938,995.492431640625,0.6834506988525391,530.2411499023438,995.492431640625,0.532631516456604,534.251953125,1011.7716674804688,0.5705609321594238,532.6004028320312,1012.2435302734375,0.42096149921417236,532.1285400390625,1024.511962890625,0.46809548139572144,530.47705078125,1024.747802734375,0.4240732491016388,546.0484619140625,1017.669921875,0.5999735593795776,541.0939331054688,1017.9058837890625,0.4021793007850647,538.2627563476562,1042.442626953125,0.6014783382415771,535.1956787109375,1043.150390625,0.4820559024810791,543.9251098632812,1068.6309814453125,0.6579896211624146,541.8016967773438,1067.687255859375,0.5356245040893555,162.34562493902527,165.5677932046395,151.780684838876,150.35233258393137,29.256322172441493,29.028162356332693,16.9164233747105,12.683274565699385,16.34066736665757,12.916036941398822,49.786403109866406,51.00527635902482,89.53800511459019,91.39724271369964,523.8709716796875,986.527099609375,546.0484619140625,1068.6309814453125,83.60107308408838,right_ear,left_ankle,45.66888281802532,44.407704755041266,543.5711975097656,1017.7879028320312,531.5387573242188,995.492431640625,1.166467
72,295.0,525.6116943359375,988.9376220703125,0.5955057740211487,526.7974243164062,986.8032836914062,0.5621898770332336,524.9002075195312,986.8032836914062,0.6619135141372681,530.3546142578125,987.277587890625,0.6174854040145874,523.2401733398438,987.5147094726562,0.6227662563323975,533.4375610351562,996.0520629882812,0.6653947830200195,528.9317626953125,995.3406372070312,0.47447943687438965,533.6746826171875,1012.415283203125,0.5769814252853394,530.3546142578125,1010.7552490234375,0.26575517654418945,530.591796875,1025.4583740234375,0.4053066372871399,529.8803100585938,1024.5098876953125,0.3206173777580261,546.0064086914062,1017.6325073242188,0.5977776646614075,538.8919677734375,1018.1068115234375,0.4390476942062378,538.65478515625,1041.8216552734375,0.5990575551986694,535.334716796875,1043.2445068359375,0.5134409070014954,544.1091918945312,1067.907958984375,0.7209733128547668,541.0263061523438,1066.9593505859375,0.5607324838638306,0.0,165.87131685078754,158.44972378283913,151.28492064168952,29.184669197174117,29.54368802894422,0.0,0.0,16.364938204714864,13.402477481656263,48.89914082239851,50.31123603338575,88.13746960231404,95.52752494925781,523.2401733398438,986.8032836914062,546.0064086914062,1067.907958984375,83.05775401784807,right_ear,left_ankle,44.54982863569622,43.888382615726904,542.4491882324219,1017.8696594238281,531.1846618652344,995.6963500976562,1.183133
73,300.0,527.6503295898438,988.6589965820312,0.5690985918045044,529.0936279296875,986.4940185546875,0.5361342430114746,525.9664306640625,986.4940185546875,0.6382085680961609,531.2586059570312,987.2156372070312,0.5905947089195251,523.079833984375,987.4562377929688,0.6488641500473022,533.6641235351562,996.59716796875,0.6495053768157959,528.3719482421875,995.3944091796875,0.4577275812625885,533.6641235351562,1012.7141723632812,0.5827011466026306,529.57470703125,1010.5491943359375,0.23106735944747925,531.2586059570312,1026.4256591796875,0.34726905822753906,529.57470703125,1023.7796020507812,0.2625150680541992,545.9322509765625,1017.5252075195312,0.5929232239723206,538.9562377929688,1018.2468872070312,0.46288907527923584,539.4373779296875,1041.821044921875,0.644248366355896,534.8668823242188,1043.2642822265625,0.5475121736526489,544.2484130859375,1067.8006591796875,0.7314059734344482,541.1212158203125,1066.597900390625,0.5742350816726685,0.0,170.04939790171792,155.7116734463017,154.541931258507,0.0,29.925330453307346,0.0,0.0,16.11700439453125,13.920897440005467,48.39945873394596,50.303641515049506,0.0,94.61063804628053,523.079833984375,986.4940185546875,545.9322509765625,1067.8006591796875,83.08630927623237,right_ear,left_ankle,43.36618168857138,0.0,542.4442443847656,1017.8860473632812,531.0180358886719,995.9957885742188,1.1998
74,304.0,527.7224731445312,988.9276733398438,0.6571372747421265,529.5142211914062,986.8799438476562,0.6422792673110962,526.1866455078125,986.8799438476562,0.7269389629364014,531.3059692382812,987.3919067382812,0.67852383852005,523.1151123046875,988.1597900390625,0.6562384366989136,534.12158203125,996.6066284179688,0.6724966764450073,527.2105102539062,996.3506469726562,0.5373569130897522,534.6334838867188,1013.2442626953125,0.6120383143424988,532.329833984375,1011.4525146484375,0.4052538275718689,532.8417358398438,1025.2745361328125,0.48013538122177124,531.0499877929688,1023.2268676757812,0.41943618655204773,547.1757202148438,1017.8516235351562,0.6025042533874512,538.98486328125,1018.87548828125,0.4762975871562958,538.98486328125,1041.4002685546875,0.6324439644813538,533.8656005859375,1042.4241943359375,0.5480568408966064,544.360107421875,1067.252685546875,0.6761466264724731,541.0325927734375,1066.48486328125,0.5374702215194702,155.07048394271413,169.76652580011404,151.14797095030977,149.0753296736684,27.149085197406748,28.69646213421534,15.945967601689997,11.843706999338341,16.645507437632414,12.162970033856798,47.65339215589798,49.4812348601529,81.86986121304935,92.55620768883917,523.1151123046875,986.8799438476562,547.1757202148438,1067.252685546875,81.89649526896171,right_ear,left_ankle,43.5297359529219,44.39489369284302,543.0802917480469,1018.3635559082031,530.6660461425781,996.4786376953125,1.216467
75,309.0,527.0946044921875,989.1229248046875,0.6510504484176636,528.80419921875,986.9248657226562,0.6350927352905273,525.385009765625,987.413330078125,0.7140626907348633,531.002197265625,987.1690673828125,0.6684619188308716,523.1869506835938,988.3901977539062,0.6296423673629761,533.2002563476562,996.44970703125,0.6579671502113342,529.0484008789062,996.44970703125,0.5421208143234253,533.4444580078125,1012.0802612304688,0.5520486235618591,532.2233276367188,1012.0802612304688,0.41182923316955566,531.4906616210938,1024.04736328125,0.43751582503318787,530.0253295898438,1023.314697265625,0.3861539959907532,546.876953125,1016.9647827148438,0.5915685892105103,541.259765625,1017.6974487304688,0.40845751762390137,537.5963134765625,1041.6317138671875,0.6004804968833923,534.42138671875,1042.3643798828125,0.478240966796875,543.457763671875,1067.519775390625,0.6475049257278442,542.72509765625,1066.298583984375,0.5376496315002441,157.44812446452124,169.83239270666223,145.37144517222166,146.62425015045167,26.8827470694369,27.650557763312015,15.949745593337491,11.447434142290733,15.63246170715086,12.125545423384798,48.62322023406406,50.67048589627553,87.91739217493725,93.54477762650771,523.1869506835938,986.9248657226562,546.876953125,1067.519775390625,81.68473490298767,right_ear,left_ankle,45.08949041740377,44.820738797914125,544.068359375,1017.3311157226562,531.1243286132812,996.44970703125,1.233133
76,314.0,525.752685546875,989.4649658203125,0.6257544755935669,527.23486328125,986.9947509765625,0.601223349571228,524.517578125,987.48876953125,0.6920546293258667,530.4461669921875,987.48876953125,0.6356091499328613,523.035400390625,988.2298583984375,0.6347038149833679,533.4104614257812,997.1227416992188,0.675107479095459,528.469970703125,995.8876342773438,0.49067264795303345,533.4104614257812,1012.685302734375,0.5311185121536255,529.9521484375,1010.9561767578125,0.29704540967941284,531.9283447265625,1027.259765625,0.3148934245109558,529.4580688476562,1022.8133544921875,0.2673349380493164,546.996826171875,1017.3787841796875,0.5783458948135376,539.8331298828125,1017.8728637695312,0.43124130368232727,537.1158447265625,1042.081298828125,0.564008355140686,533.904541015625,1042.8223876953125,0.4631606340408325,543.7855224609375,1066.7838134765625,0.6813033819198608,541.3152465820312,1066.2896728515625,0.565312385559082,0.0,174.1933954050635,149.1075600823815,143.08906673437895,0.0,30.173446621379114,0.0,0.0,15.56256103515625,14.649629294296437,48.439488762743636,49.50928591031139,0.0,92.81549595839871,523.035400390625,986.9947509765625,546.996826171875,1066.7838134765625,81.24833182502242,right_ear,left_ankle,41.264306881337056,0.0,543.4149780273438,1017.6258239746094,530.9402160644531,996.5051879882812,1.2498
77,320.0,526.9367065429688,989.2533569335938,0.6004776954650879,528.18310546875,987.0098266601562,0.5766194462776184,525.4409790039062,987.2591552734375,0.6816970705986023,530.6759033203125,987.5084228515625,0.6181674003601074,523.197509765625,988.2562255859375,0.6635812520980835,533.1686401367188,996.9810180664062,0.6805007457733154,527.6845092773438,995.98388671875,0.4893852472305298,533.41796875,1012.9349365234375,0.5655864477157593,529.9280395507812,1010.69140625,0.28939396142959595,532.9193725585938,1027.39306640625,0.3459293842315674,529.4295043945312,1022.1582641601562,0.28717780113220215,547.1282958984375,1016.9234008789062,0.5827293395996094,539.64990234375,1017.6712036132812,0.43809041380882263,537.4064331054688,1041.352783203125,0.5560751557350159,533.667236328125,1042.349853515625,0.47512567043304443,543.638427734375,1066.779296875,0.6776424646377563,540.6470336914062,1066.530029296875,0.5801417231559753,0.0,177.12955441677343,150.2718869205148,144.5279200622145,0.0,30.413069863966335,0.0,0.0,15.955866597932033,14.466724503852301,48.86899956111522,49.97789056548759,0.0,90.46960534285574,523.197509765625,987.0098266601562,547.1282958984375,1066.779296875,81.14002620206847,right_ear,left_ankle,40.818786047590066,0.0,543.3890991210938,1017.2973022460938,530.4265747070312,996.4824523925781,1.266467
78,327.0,525.8917236328125,989.53564453125,0.48950672149658203,527.1281127929688,987.3101196289062,0.4722451865673065,524.4080200195312,987.5574340820312,0.5735247135162354,529.6009521484375,987.5574340820312,0.5480964183807373,521.68798828125,988.5465087890625,0.5733124613761902,532.8155517578125,996.2122192382812,0.607090950012207,525.8917236328125,996.706787109375,0.4239215552806854,533.5574340820312,1011.0490112304688,0.43121448159217834,515.2586669921875,1010.0598754882812,0.22343707084655762,533.0628662109375,1028.111328125,0.25462231040000916,529.6009521484375,1026.8748779296875,0.2313689887523651,547.65234375,1016.7364501953125,0.574066162109375,538.5029907226562,1018.2201538085938,0.442470908164978,537.0193481445312,1041.2171630859375,0.5764861702919006,533.3101196289062,1042.7008056640625,0.5271182656288147,543.6958618164062,1066.934326171875,0.6884300708770752,540.2339477539062,1066.68701171875,0.5686817169189453,0.0,0.0,151.92260805472733,141.96922859153236,0.0,0.0,0.0,0.0,14.855328539026909,0.0,48.497757968047445,50.35355500706186,0.0,0.0,521.68798828125,987.3101196289062,547.65234375,1066.934326171875,81.41864904050296,right_ear,left_ankle,0.0,0.0,543.0776672363281,1017.4783020019531,529.3536376953125,996.4595031738281,1.283133
79,331.0,527.40185546875,989.3482055664062,0.5578216314315796,528.3871459960938,987.1312866210938,0.5308566093444824,525.1849365234375,987.3776245117188,0.6253900527954102,530.3577880859375,987.6239624023438,0.5643025636672974,521.7363891601562,988.6092529296875,0.6115096807479858,533.5599975585938,996.2453002929688,0.5943916440010071,525.4312744140625,996.7379760742188,0.4280416965484619,533.0673217773438,1009.793212890625,0.3334326446056366,515.0856323242188,1008.8079223632812,0.2855721712112427,531.8357543945312,1008.0689086914062,0.19510731101036072,528.8798217773438,1009.0542602539062,0.2761600613594055,547.6005249023438,1016.6903076171875,0.5717120170593262,538.4865112304688,1018.1682739257812,0.45102694630622864,536.76220703125,1041.3228759765625,0.5659892559051514,533.5599975585938,1042.80078125,0.5246868133544922,543.4130249023438,1067.18701171875,0.6874524354934692,539.9644775390625,1066.6943359375,0.56055748462677,0.0,0.0,153.68507038456198,141.82967272582863,0.0,0.0,0.0,0.0,13.556867823327158,0.0,48.54856412680515,50.67003336658423,0.0,0.0,521.7363891601562,987.1312866210938,547.6005249023438,1067.18701171875,81.51282545349271,right_ear,left_ankle,0.0,0.0,543.0435180664062,1017.4292907714844,529.4956359863281,996.4916381835938,1.2998
80,336.0,527.525146484375,989.1005249023438,0.5835698246955872,528.501708984375,986.9032592773438,0.5588133335113525,525.083740234375,987.1473999023438,0.6568067073822021,530.210693359375,987.6356811523438,0.5850319266319275,521.909912109375,988.6122436523438,0.6603166460990906,532.896240234375,995.6923217773438,0.6061339378356934,525.572021484375,996.6688842773438,0.4538581073284149,534.605224609375,1010.0966796875,0.441407710313797,514.8297729492188,1008.8759155273438,0.30118364095687866,530.943115234375,1011.5615234375,0.33070001006126404,527.281005859375,1009.8525390625,0.34817320108413696,547.544677734375,1016.4443359375,0.5719897747039795,539.488037109375,1017.9091796875,0.4220608174800873,535.581787109375,1041.3466796875,0.5278047323226929,533.872802734375,1042.8115234375,0.4766334295272827,542.661865234375,1067.2257080078125,0.6362043619155884,539.976318359375,1066.7374267578125,0.5374626517295837,53.136924800128995,105.03526279910253,152.9819150738334,139.039958612225,13.293960323702168,15.988941759739163,16.260612397125243,12.489475349764664,14.50538363497757,3.9442125052254666,48.83068840942735,51.0155820044589,82.6139906656493,97.01647502727715,514.8297729492188,986.9032592773438,547.544677734375,1067.2257080078125,81.30633638573782,right_ear,left_ankle,56.8843611675504,58.28431527933542,543.516357421875,1017.1767578125,529.234130859375,996.1806030273438,1.316467
81,343.0,527.7251586914062,989.5507202148438,0.583997368812561,528.9391479492188,987.1228637695312,0.5614150762557983,525.2973022460938,987.6083984375,0.6340634822845459,530.6386108398438,987.8511962890625,0.5744990110397339,521.655517578125,988.8223266601562,0.6389110684394836,533.3092651367188,995.8631591796875,0.6040388941764832,524.5689697265625,997.0771484375,0.43541333079338074,533.7948608398438,1010.916015625,0.4609907269477844,515.1002197265625,1007.0314331054688,0.3509676456451416,523.840576171875,1006.3030395507812,0.3075428605079651,525.0545043945312,1005.3319091796875,0.28307226300239563,548.3621215820312,1016.742919921875,0.5627791285514832,538.8933715820312,1018.927978515625,0.4339318871498108,536.7083129882812,1040.77880859375,0.5442377328872681,533.0665283203125,1042.72119140625,0.5265024900436401,542.7780151367188,1066.9998779296875,0.6435064077377319,538.650634765625,1066.9998779296875,0.5667679905891418,0.0,63.28854793562508,153.2865810163221,141.1001800104563,0.0,14.094224805774257,13.738450051350688,0.0,15.060686914947789,10.971204651827088,48.07251225427876,50.566234514660174,0.0,132.20717795897158,515.1002197265625,987.1228637695312,548.3621215820312,1066.9998779296875,80.98079664718658,right_ear,left_ankle,63.58248802730394,0.0,543.6277465820312,1017.83544921875,528.9391174316406,996.4701538085938,1.333133
82,347.0,527.9266967773438,989.012939453125,0.6414470672607422,529.3771362304688,986.595458984375,0.622686505317688,525.50927734375,987.0789794921875,0.6771639585494995,531.0693359375,987.5624389648438,0.599740207195282,521.3995971679688,988.7711791992188,0.6826421022415161,533.2450561523438,996.0234985351562,0.6065260171890259,523.8170776367188,997.232177734375,0.4500436782836914,533.728515625,1011.4950561523438,0.47159063816070557,514.3890380859375,1006.66015625,0.40058615803718567,524.5422973632812,1006.66015625,0.2803768813610077,524.0587768554688,1005.4514770507812,0.32725292444229126,548.233154296875,1016.8134155273438,0.5577995777130127,538.5634155273438,1018.7473754882812,0.4274808168411255,536.6294555664062,1040.5042724609375,0.5407505035400391,533.2450561523438,1042.921630859375,0.49942636489868164,542.1895751953125,1066.854248046875,0.6019456386566162,538.5634155273438,1067.0960693359375,0.534712553024292,37.87502131069711,0.0,155.18514894446818,141.98933316753224,8.222852288897121,0.0,13.333218241001761,9.744986058358412,15.479109411192027,0.0,48.34869384765625,50.40446178270947,88.31562825659528,0.0,514.3890380859375,986.595458984375,548.233154296875,1067.0960693359375,80.80339613559111,right_ear,left_ankle,0.0,63.32803724263683,543.3982849121094,1017.7803955078125,528.5310668945312,996.6278381347656,1.3498
83,351.0,525.3045654296875,989.6127319335938,0.6125351190567017,526.742431640625,987.2162475585938,0.5778138041496277,523.86669921875,987.695556640625,0.6550844311714172,529.138916015625,987.695556640625,0.5753035545349121,521.7098388671875,988.893798828125,0.5433293581008911,531.7750854492188,996.3228759765625,0.6064242720603943,527.7010498046875,996.3228759765625,0.48402148485183716,533.6922607421875,1012.1396484375,0.5468313694000244,532.25439453125,1011.6603393554688,0.3444734811782837,529.138916015625,1009.9828491210938,0.2850036919116974,529.6182250976562,1020.52734375,0.29381823539733887,547.8314819335938,1015.9740600585938,0.5800440907478333,549.509033203125,1015.9740600585938,0.38603347539901733,535.3698120117188,1040.4180908203125,0.5345724821090698,540.8817138671875,1040.8974609375,0.3838101029396057,538.724853515625,1067.9776611328125,0.5331120491027832,544.2367553710938,1066.060546875,0.5048912763595581,0.0,0.0,153.3119704854805,146.04641277522964,0.0,0.0,15.999085320673956,0.0,15.932540669492758,0.0,50.36321152536011,52.794935418366045,0.0,0.0,521.7098388671875,987.2162475585938,549.509033203125,1067.9776611328125,80.89355969737835,right_ear,left_ankle,0.0,0.0,548.6702575683594,1015.9740600585938,529.7380676269531,996.3228759765625,1.366467
84,356.0,525.2703857421875,989.8360595703125,0.6456832885742188,526.7285766601562,987.4058227539062,0.6032277941703796,523.812255859375,987.891845703125,0.6927592754364014,529.1588134765625,987.891845703125,0.6135431528091431,521.8680419921875,989.1069946289062,0.5563308000564575,531.5890502929688,996.8837280273438,0.6723371744155884,529.1588134765625,995.9116821289062,0.5023212432861328,533.7762451171875,1012.6803588867188,0.640278160572052,533.0471801757812,1011.708251953125,0.3519461750984192,527.9436645507812,1010.2501220703125,0.3685455918312073,528.915771484375,1021.6722412109375,0.3060680627822876,547.3856201171875,1016.3257446289062,0.5962029695510864,549.329833984375,1016.0827026367188,0.40205618739128113,534.2623291015625,1041.1142578125,0.5578091144561768,541.0670166015625,1041.6002197265625,0.45029765367507935,537.6646728515625,1068.3330078125,0.5713798403739929,544.7123413085938,1066.6318359375,0.5640196800231934,143.6508577224886,59.49714892212798,153.7718771688353,144.9777838143515,25.761705565214218,13.854577832660741,16.268098038769367,10.78654809034058,15.947331052763902,6.31862699068684,50.75959137021343,52.90796007774868,90.54054988476109,105.25514084102399,521.8680419921875,987.4058227539062,549.329833984375,1068.3330078125,80.88961741295371,left_ear,left_ankle,58.89074306309835,47.653927185366,548.3577270507812,1016.2042236328125,530.3739318847656,996.397705078125,1.383133
85,361.0,525.737548828125,989.8523559570312,0.6164986491203308,526.9055786132812,987.5162353515625,0.5886566638946533,524.102294921875,987.9834594726562,0.6607112884521484,529.008056640625,987.9834594726562,0.599304735660553,521.5326538085938,988.9179077148438,0.5683693885803223,531.8113403320312,997.3277587890625,0.6053528785705566,527.6063842773438,996.393310546875,0.4730764627456665,533.913818359375,1013.2130126953125,0.5633203387260437,531.8113403320312,1011.110595703125,0.3136160969734192,529.7088623046875,1011.110595703125,0.29415321350097656,528.7744140625,1011.3441772460938,0.26735228300094604,547.4630126953125,1016.4835205078125,0.5569092035293579,549.3318481445312,1016.4835205078125,0.35720857977867126,535.3154296875,1041.01220703125,0.5442019701004028,540.6884155273438,1041.4794921875,0.4059203863143921,537.1842651367188,1067.6434326171875,0.5372723340988159,544.1925048828125,1066.2418212890625,0.5189287066459656,0.0,0.0,152.8705883123229,149.63942556666862,0.0,0.0,15.306212392105031,0.0,16.023785617683924,0.0,50.023008164234966,52.18226957896975,0.0,0.0,521.5326538085938,987.5162353515625,549.3318481445312,1067.6434326171875,80.57578085962942,right_ear,right_ankle,0.0,0.0,548.3974304199219,1016.4835205078125,529.7088623046875,996.8605346679688,1.3998
86,366.0,524.6796264648438,990.1910400390625,0.6175980567932129,525.8402709960938,987.6375732421875,0.5850105285644531,523.5189208984375,988.101806640625,0.6643027067184448,528.6258544921875,988.101806640625,0.603480339050293,521.661865234375,988.7982177734375,0.5532594323158264,532.1078491210938,997.1549682617188,0.6139452457427979,527.4652099609375,996.4585571289062,0.48610594868659973,533.9649047851562,1012.93994140625,0.5203787088394165,532.1078491210938,1011.3150024414062,0.3436214327812195,530.2507934570312,1020.1360473632812,0.2946450710296631,529.090087890625,1019.4396362304688,0.2730141878128052,547.1964111328125,1016.1897583007812,0.5566308498382568,544.6429443359375,1016.4219360351562,0.3403961658477783,535.5897827148438,1040.5635986328125,0.5178354382514954,540.9288330078125,1041.260009765625,0.4149090647697449,537.2147216796875,1067.7230224609375,0.49894464015960693,544.1786499023438,1065.865966796875,0.5107505321502686,0.0,0.0,163.97164517418935,151.11267715663158,0.0,0.0,15.564962759181904,0.0,15.893836318302746,0.0,49.44621064638681,52.49106056595801,0.0,0.0,521.661865234375,987.6375732421875,547.1964111328125,1067.7230224609375,80.44262637786338,right_ear,left_ankle,0.0,0.0,545.919677734375,1016.3058471679688,529.7865295410156,996.8067626953125,1.416467
87,371.0,523.8214721679688,991.0114135742188,0.6169694066047668,525.6723022460938,988.4664306640625,0.5989220142364502,522.201904296875,988.6978149414062,0.6882786154747009,528.6799926757812,988.6978149414062,0.6075068712234497,520.3510131835938,989.391845703125,0.5772033929824829,531.4563598632812,996.5640258789062,0.6141115427017212,527.0604858398438,996.79541015625,0.4360346794128418,534.0012817382812,1011.1397705078125,0.5090296268463135,531.2249755859375,1010.4456787109375,0.267963707447052,525.9036865234375,1008.5947875976562,0.3509160876274109,527.523193359375,1008.5947875976562,0.2413100153207779,547.1888427734375,1016.6923828125,0.5220024585723877,540.248046875,1017.6178588867188,0.3645777106285095,534.6953735351562,1040.9852294921875,0.49535948038101196,532.6131591796875,1041.91064453125,0.39066293835639954,536.7776489257812,1067.3603515625,0.5466377139091492,543.9497680664062,1066.2034912109375,0.5299816131591797,0.0,62.648659861075906,137.53599425341767,148.26982768206108,0.0,13.250336175069371,0.0,0.0,14.796248133798747,8.488108521717178,48.7264446489078,51.72655038357431,0.0,114.77519586819386,520.3510131835938,988.4664306640625,547.1888427734375,1067.3603515625,80.35502546597144,right_ear,right_ankle,59.76315391973325,0.0,543.7184448242188,1017.1551208496094,529.2584228515625,996.6797180175781,1.433133
88,376.0,523.5911865234375,990.4793701171875,0.6068074107170105,525.6424560546875,988.2001953125,0.5943142175674438,521.9957275390625,988.4281005859375,0.6942927837371826,528.6054077148438,988.8839721679688,0.621976375579834,519.9444580078125,989.5676879882812,0.6081873774528503,531.1124877929688,996.6331787109375,0.6218152642250061,526.5541381835938,997.3169555664062,0.4458986520767212,534.53125,1010.9921264648438,0.5452993512153625,531.3403930664062,1010.76416015625,0.27487677335739136,527.0099487304688,1010.76416015625,0.3147880434989929,528.37744140625,1009.8524780273438,0.26912450790405273,547.0668334960938,1016.462158203125,0.542321503162384,539.5454711914062,1017.8296508789062,0.3775891065597534,535.2150268554688,1040.8494873046875,0.4896916151046753,532.47998046875,1041.9891357421875,0.41196882724761963,542.7363891601562,1067.2880859375,0.501981794834137,543.6480102539062,1066.6043701171875,0.4806135296821594,0.0,74.87156350855801,139.29434829101257,138.2008626954135,0.0,14.714464426784433,0.0,0.0,14.760329116508023,7.524755240199262,48.9469515244055,51.01007428152367,0.0,106.1891915320586,519.9444580078125,988.2001953125,547.0668334960938,1067.2880859375,80.99340950372508,right_ear,left_ankle,58.6709051772066,0.0,543.30615234375,1017.1459045410156,528.8333129882812,996.9750671386719,1.4498
89,381.0,522.1937255859375,991.0009155273438,0.5694640874862671,523.5999755859375,988.6571655273438,0.5434201955795288,521.2562866210938,988.8915405273438,0.637061595916748,527.8186645507812,989.1259155273438,0.577977180480957,519.8500366210938,989.5946655273438,0.5842306613922119,531.8030395507812,997.3289794921875,0.625736653804779,525.4749755859375,997.5633544921875,0.4182968735694885,533.912353515625,1012.7975463867188,0.515092134475708,516.10009765625,1011.1569213867188,0.23144488036632538,523.5999755859375,1011.3912963867188,0.2716268002986908,529.2249145507812,1011.3912963867188,0.2633092701435089,547.5059814453125,1016.7818603515625,0.5486764907836914,538.8341674804688,1017.9537353515625,0.4107242822647095,538.131103515625,1040.6878662109375,0.5445129871368408,532.5061645507812,1042.3284912109375,0.5081565380096436,543.2872924804688,1067.4063720703125,0.5793443918228149,535.552978515625,1067.4063720703125,0.5646244883537292,0.0,0.0,158.51940873208784,147.66430914680112,0.0,0.0,0.0,0.0,15.611718905132548,0.0,49.5613708391896,50.799985465981685,0.0,0.0,519.8500366210938,988.6571655273438,547.5059814453125,1067.4063720703125,81.26479334463906,right_ear,left_ankle,0.0,0.0,543.1700744628906,1017.3677978515625,528.6390075683594,997.4461669921875,1.466467
90,385.0,523.45703125,990.9766235351562,0.5913747549057007,525.0846557617188,988.6514892578125,0.5597257614135742,521.8294677734375,988.8839721679688,0.6659872531890869,528.5723266601562,989.3489990234375,0.5736666321754456,519.2717895507812,990.0465698242188,0.650411069393158,531.5950317382812,997.4869995117188,0.591231107711792,521.1318969726562,998.6495971679688,0.3864923119544983,534.3851928710938,1013.0654907226562,0.49603360891342163,514.156494140625,1011.9028930664062,0.30064868927001953,533.4551391601562,1012.1354370117188,0.2531532645225525,529.2698974609375,1010.0427856445312,0.2503054738044739,547.406005859375,1016.7857055664062,0.5455203056335449,538.5704345703125,1018.1807861328125,0.40472525358200073,537.8729248046875,1040.502197265625,0.5405629873275757,532.7576293945312,1042.3623046875,0.5043270587921143,543.4532470703125,1067.2412109375,0.5582740306854248,535.082763671875,1067.4737548828125,0.5475859642028809,0.0,0.0,161.1934845052794,146.31364927508454,0.0,0.0,14.9768520337436,0.0,15.826382642799791,0.0,49.416197916111315,50.6101010105392,0.0,0.0,514.156494140625,988.6514892578125,547.406005859375,1067.4737548828125,80.89348245920178,right_ear,left_ankle,0.0,0.0,542.9882202148438,1017.4832458496094,526.3634643554688,998.0682983398438,1.483133
91,391.0,526.2257690429688,990.3821411132812,0.6829414367675781,527.6217041015625,988.0555419921875,0.6784891486167908,523.66650390625,988.7535400390625,0.7232255935668945,529.4829711914062,989.2188720703125,0.6371645927429199,519.4786376953125,990.1494750976562,0.7684379816055298,532.740234375,997.1292724609375,0.5739303827285767,518.5479736328125,1000.3865356445312,0.4884234070777893,534.6015014648438,1012.4848022460938,0.42306238412857056,513.662109375,1012.4848022460938,0.3718181848526001,534.8341674804688,1024.1177978515625,0.2388146072626114,528.3197021484375,1011.321533203125,0.2624737620353699,547.8630981445312,1016.6727294921875,0.5587253570556641,537.3934326171875,1018.9993286132812,0.4481835961341858,538.3240356445312,1040.17138671875,0.5623154640197754,532.27490234375,1042.4979248046875,0.5389623641967773,543.9078979492188,1066.694580078125,0.6008320450782776,534.6015014648438,1067.625244140625,0.567322850227356,0.0,0.0,162.42154928608082,146.0170374560319,0.0,0.0,13.047594579394792,0.0,15.467921972991594,0.0,48.70600107206295,50.17797469634317,0.0,0.0,513.662109375,988.0555419921875,547.8630981445312,1067.625244140625,80.34887586658613,right_ear,left_ankle,0.0,0.0,542.6282653808594,1017.8360290527344,525.6441040039062,998.7579040527344,1.4998
92,396.0,525.6695556640625,990.9428100585938,0.6363726854324341,527.0481567382812,988.6451416015625,0.6222050189971924,523.1421508789062,989.1046752929688,0.685681164264679,528.8862915039062,989.564208984375,0.599986732006073,519.00634765625,990.4832763671875,0.7330254316329956,531.4136962890625,997.146484375,0.5720959901809692,519.00634765625,999.9036865234375,0.44377702474594116,533.941162109375,1011.8515625,0.459062784910202,512.8026123046875,1013.2301635742188,0.3490580916404724,533.4816284179688,1021.7315673828125,0.2253909707069397,527.9672241210938,1010.4729614257812,0.22673851251602173,547.4973754882812,1016.4468994140625,0.5680149793624878,538.3067016601562,1018.2850341796875,0.4381835460662842,537.3876342773438,1040.3426513671875,0.5080671906471252,532.332763671875,1042.4105224609375,0.49497246742248535,543.361572265625,1067.455078125,0.49097368121147156,534.6304321289062,1067.455078125,0.5044549703598022,0.0,0.0,160.85037871774668,144.6419294806759,0.0,0.0,14.699704857486957,0.0,14.920703942348077,0.0,49.30728322723084,51.17557194310066,0.0,0.0,512.8026123046875,988.6451416015625,547.4973754882812,1067.455078125,80.73311112311413,right_ear,left_ankle,0.0,0.0,542.9020385742188,1017.365966796875,525.2100219726562,998.5250854492188,1.516467
93,403.0,525.8765869140625,990.9036254882812,0.6443372964859009,527.0165405273438,988.395751953125,0.6477545499801636,523.1407470703125,989.0797119140625,0.6947260499000549,528.8404541015625,989.5357055664062,0.6199167370796204,519.0369873046875,990.9036254882812,0.7289564609527588,531.3483276367188,997.5152587890625,0.6188878417015076,518.125,1000.7070922851562,0.43961793184280396,534.7681274414062,1013.702392578125,0.5571562051773071,513.1093139648438,1019.402099609375,0.39970120787620544,533.4002075195312,1023.9618530273438,0.33309561014175415,528.156494140625,1021.6819458007812,0.22533093392848969,547.5354614257812,1016.666259765625,0.599232017993927,538.1879272460938,1018.7181396484375,0.4534131586551666,536.592041015625,1040.376953125,0.5201221108436584,532.26025390625,1042.4288330078125,0.47825416922569275,536.8200073242188,1067.7354736328125,0.48118722438812256,534.5401611328125,1067.5074462890625,0.4815364480018616,0.0,160.47613642087813,160.76925192067475,154.74740345424073,0.0,26.526073170708507,19.35614644643541,0.0,16.54443504653905,10.350252828880379,48.925480478888886,52.181275967680484,0.0,85.56354930945776,513.1093139648438,988.395751953125,547.5354614257812,1067.7354736328125,78.86297414071676,right_ear,left_ankle,43.90700276283567,0.0,542.8616943359375,1017.6921997070312,524.7366638183594,999.1111755371094,1.533133
94,407.0,521.6692504882812,992.1971435546875,0.6116822957992554,522.821044921875,989.8934936523438,0.598796546459198,520.9781494140625,990.3541870117188,0.6474297046661377,526.7372436523438,990.1238403320312,0.6011955738067627,519.8262939453125,990.81494140625,0.5575729608535767,530.4230346679688,997.725830078125,0.6346892714500427,529.271240234375,997.9562377929688,0.46443498134613037,535.2606811523438,1013.390625,0.5394344329833984,532.0355834960938,1014.3120727539062,0.37762272357940674,534.10888671875,1024.2177734375,0.38721978664398193,529.9623413085938,1024.2177734375,0.34487950801849365,546.7789306640625,1015.9246215820312,0.5473418235778809,544.0145263671875,1016.61572265625,0.34806472063064575,533.8785400390625,1041.2646484375,0.5051137804985046,539.8679809570312,1041.955810546875,0.43271350860595703,535.721435546875,1067.9869384765625,0.5167241096496582,544.0145263671875,1066.604736328125,0.5077957510948181,158.5856994086945,156.76581629803215,161.15759542615046,149.07460392729973,26.270627611531697,26.74712261714485,16.587794637565153,10.120337899545621,16.394774272681726,10.888240156467722,49.989013671875,53.22361354411423,88.4925467319435,82.0792251902547,519.8262939453125,989.8934936523438,546.7789306640625,1067.9869384765625,79.55604063799628,right_ear,right_ankle,43.798859824655004,44.65555427953152,545.396728515625,1016.2701721191406,529.8471374511719,997.8410339355469,1.5498
95,412.0,523.916748046875,992.0404052734375,0.5538371205329895,525.491943359375,989.7901000976562,0.5701670050621033,521.8914184570312,990.01513671875,0.6698445081710815,527.5172729492188,990.2401733398438,0.5941242575645447,518.9660034179688,991.3653564453125,0.5980905294418335,531.1177978515625,997.8912963867188,0.5985749959945679,522.7915649414062,999.0164794921875,0.3698519170284271,534.4932861328125,1012.29345703125,0.520088255405426,530.667724609375,1014.5437622070312,0.25045591592788696,532.9180908203125,1025.120361328125,0.2718585431575775,529.9926147460938,1024.4453125,0.26429033279418945,546.8701782226562,1016.1190185546875,0.5480012893676758,539.6690673828125,1017.2442016601562,0.3607651889324188,533.3681640625,1040.647705078125,0.5037107467651367,539.6690673828125,1041.32275390625,0.4376194179058075,536.0685424804688,1067.6517333984375,0.5694747567176819,543.7196655273438,1065.8514404296875,0.5713938474655151,0.0,0.0,170.6229629180352,145.45851683136763,0.0,0.0,0.0,0.0,14.792435646902131,0.0,48.77572148237996,52.65259759854355,0.0,0.0,518.9660034179688,989.7901000976562,546.8701782226562,1067.6517333984375,78.49153135945606,right_ear,right_ankle,0.0,0.0,543.2696228027344,1016.6816101074219,526.9546813964844,998.4538879394531,1.566467
96,416.0,523.0091552734375,992.968994140625,0.5580798387527466,524.60693359375,990.4581909179688,0.5523862838745117,521.4114379882812,990.6864624023438,0.6518204808235168,527.11767578125,990.9147338867188,0.5839830636978149,519.12890625,991.5994873046875,0.5790375471115112,531.2261962890625,998.4469604492188,0.5966378450393677,522.3244018554688,999.1317138671875,0.3639983534812927,534.4216918945312,1013.5115356445312,0.5541714429855347,530.7697143554688,1012.8267822265625,0.23422834277153015,527.345947265625,1001.8707275390625,0.2790753245353699,528.7154541015625,1024.924072265625,0.22771157324314117,546.5189819335938,1016.478759765625,0.5391761064529419,539.6715087890625,1017.6200561523438,0.3732466697692871,532.595703125,1041.1298828125,0.5366241931915283,539.6715087890625,1041.8145751953125,0.4763672947883606,535.7911987304688,1067.60693359375,0.5864497423171997,543.7799682617188,1065.324462890625,0.60931396484375,0.0,0.0,170.08740073389356,143.65996562578576,0.0,0.0,0.0,0.0,15.399760322154197,0.0,47.88099687234835,52.24151119035721,0.0,0.0,519.12890625,990.4581909179688,546.5189819335938,1067.60693359375,77.81236329844639,right_ear,left_ankle,0.0,0.0,543.0952453613281,1017.0494079589844,526.7752990722656,998.7893371582031,1.583133
97,421.0,525.23095703125,992.6312255859375,0.6333739757537842,526.62158203125,990.3135375976562,0.6340317726135254,522.9132080078125,990.5452880859375,0.6782320737838745,528.4757080078125,991.0088500976562,0.6393716931343079,518.7413330078125,991.9359130859375,0.7460297346115112,531.7205200195312,998.8890380859375,0.6070353984832764,516.88720703125,1001.6702880859375,0.5211969017982483,535.1970825195312,1014.8812255859375,0.5027552843093872,512.9470825195312,1014.8812255859375,0.36640220880508423,534.0382080078125,1027.628662109375,0.34362733364105225,527.5486450195312,1009.5504760742188,0.17891044914722443,547.7127075195312,1016.5036010742188,0.588900089263916,537.2830200195312,1019.0531005859375,0.44281458854675293,537.74658203125,1039.448974609375,0.5338148474693298,530.79345703125,1042.4619140625,0.5005061626434326,543.5408325195312,1065.6390380859375,0.5881928205490112,534.27001953125,1067.0296630859375,0.516714334487915,0.0,162.5407222896228,156.45077050462436,144.04761236537863,0.0,28.832926778590636,13.785987479928783,0.0,16.365712567791313,12.800005002068543,48.071079884466805,49.31222679364831,0.0,85.3893974791829,512.9470825195312,990.3135375976562,547.7127075195312,1067.0296630859375,77.76352493809269,right_ear,left_ankle,39.18020615681288,0.0,542.4978637695312,1017.7783508300781,524.3038635253906,1000.2796630859375,1.5998
98,426.0,522.7350463867188,994.2169799804688,0.5918828845024109,524.0880737304688,991.9620361328125,0.6079899072647095,520.9310913085938,992.1875,0.6685214042663574,527.2450561523438,992.1875,0.6606430411338806,518.4506225585938,993.3150024414062,0.6986979246139526,532.2059936523438,999.177978515625,0.6637381315231323,517.0975952148438,1001.4329833984375,0.5252968072891235,535.3629760742188,1015.639404296875,0.5847353935241699,513.4896240234375,1012.9334106445312,0.5258199572563171,531.3040161132812,1027.8162841796875,0.4213273525238037,523.1860961914062,1018.7963256835938,0.38906198740005493,547.7654418945312,1017.6688842773438,0.6223374605178833,537.6179809570312,1019.2473754882812,0.4690283238887787,536.2650146484375,1039.9932861328125,0.5343679189682007,530.85302734375,1041.7972412109375,0.524488627910614,543.48095703125,1066.3765869140625,0.5558902025222778,534.4609985351562,1066.3765869140625,0.5310664772987366,103.7410659465621,150.70864858184996,154.95003130699186,137.4481755602359,18.39987770212339,28.65250625668281,12.053102627983922,11.331166985772375,16.76141631138699,12.835558407990574,47.23482939132963,48.895778004759315,70.6766503051807,91.80396245741967,513.4896240234375,991.9620361328125,547.7654418945312,1066.3765869140625,77.23025812120615,right_ear,left_ankle,40.437295125741905,48.897900585002084,542.6917114257812,1018.4581298828125,524.6517944335938,1000.3054809570312,1.616467
99,430.0,524.8115234375,994.491455078125,0.5923422574996948,525.9522094726562,991.9819946289062,0.5935961604118347,522.5302124023438,992.6663818359375,0.6496270895004272,527.7772216796875,992.438232421875,0.6268510818481445,518.880126953125,993.5789184570312,0.7347670197486877,531.883544921875,999.5103149414062,0.6489893198013306,516.8269653320312,1002.0197143554688,0.5666414499282837,535.5336303710938,1015.9357299804688,0.5645928978919983,513.1768798828125,1012.5137329101562,0.5190767645835876,530.2866821289062,1027.5703125,0.3987029790878296,524.8115234375,1019.1295166015625,0.4143661856651306,547.6245727539062,1017.0763549804688,0.6197570562362671,537.1305541992188,1019.1295166015625,0.4810710549354553,536.67431640625,1039.43310546875,0.56901615858078,530.5147705078125,1041.486328125,0.5592238903045654,543.5182495117188,1065.668212890625,0.6124722361564636,534.8492431640625,1066.1243896484375,0.5708862543106079,100.44480169753233,143.1968566009032,153.53785415383248,139.28369486260146,18.88116789396359,28.105398658760475,11.110695262346276,13.384077274736137,16.82609232686125,12.762992449264264,47.05021224958527,48.76505455477461,64.98315127865061,93.25712498417312,513.1768798828125,991.9819946289062,547.6245727539062,1066.1243896484375,76.1833541867622,right_ear,left_ankle,40.330192034998944,48.05490516066929,542.3775634765625,1018.1029357910156,524.3552551269531,1000.7650146484375,1.633133
100,434.0,520.816650390625,995.5931396484375,0.600205659866333,521.951171875,993.09716796875,0.5880248546600342,519.9090576171875,993.551025390625,0.6511358022689819,525.80859375,992.6433715820312,0.6284643411636353,519.2283325195312,994.231689453125,0.5831555128097534,531.02734375,999.4505004882812,0.6601077318191528,522.405029296875,1000.358154296875,0.4064503312110901,535.3385620117188,1015.7876586914062,0.5875163078308105,512.875,1010.1150512695312,0.42024728655815125,532.161865234375,1025.0906982421875,0.42811381816864014,522.6318969726562,1018.0567016601562,0.3720182180404663,547.5913696289062,1017.3759765625,0.6297708749771118,539.4228515625,1018.510498046875,0.45457857847213745,535.1116333007812,1039.8394775390625,0.5366331338882446,531.2542724609375,1041.200927734375,0.4966481328010559,542.5994873046875,1065.9334716796875,0.5331217646598816,534.884765625,1065.479736328125,0.5271146297454834,84.81787733886074,146.36376588681856,151.69645014863477,134.93416714007333,17.700001347814187,25.665285501196504,13.638859810641229,12.580415313571445,16.89642983159791,9.830460177356214,47.18795999719606,48.81341230844792,89.26559800685314,87.46644231623472,512.875,992.6433715820312,547.5913696289062,1065.9334716796875,75.41456391478457,right_ear,left_ankle,42.155380398587674,48.98037369529712,543.5071105957031,1017.9432373046875,526.7161865234375,999.9043273925781,1.6498
101,437.0,525.4143676757812,994.7352294921875,0.5505563020706177,526.0887451171875,992.4873046875,0.5196147561073303,523.3911743164062,992.9368896484375,0.6182172894477844,526.7631225585938,992.9368896484375,0.538394570350647,519.5696411132812,994.0608520507812,0.667272686958313,531.7086181640625,999.9055786132812,0.5702966451644897,519.3448486328125,1001.9287109375,0.4173131287097931,535.7549438476562,1016.7652587890625,0.5126705169677734,512.8257446289062,1008.8973999023438,0.3860176205635071,531.7086181640625,1025.0826416015625,0.31260961294174194,524.9647827148438,1018.114013671875,0.34219932556152344,547.6691284179688,1017.6644287109375,0.5837385654449463,538.6773071289062,1019.01318359375,0.4273097813129425,534.4061889648438,1039.919189453125,0.527268648147583,531.4838256835938,1041.9423828125,0.4806708097457886,536.2045288085938,1066.669921875,0.5063796639442444,542.7236328125,1065.770751953125,0.5003390312194824,84.11685035597576,140.56178836225993,137.32882899410012,145.36079480786105,17.133233311017023,25.17706298828125,9.542606714230738,15.241463677368857,17.338441889839515,9.249411245445888,46.93232308781802,50.32867378002582,70.85174470948974,90.0,512.8257446289062,992.4873046875,547.6691284179688,1066.669921875,75.35527238097976,right_ear,right_ankle,41.82959589889739,50.858052070430155,543.1732177734375,1018.3388061523438,525.5267333984375,1000.9171447753906,1.666467
102,440.0,520.1897583007812,996.3662719726562,0.6093411445617676,521.7420654296875,993.9269409179688,0.5891251564025879,519.5245361328125,994.3704833984375,0.6509087085723877,526.1771240234375,993.2616577148438,0.624875545501709,519.0809936523438,994.81396484375,0.5687553286552429,531.7210083007812,1000.1360473632812,0.5946058034896851,523.0725708007812,1000.8013305664062,0.4480428695678711,535.7125854492188,1016.5458984375,0.5436458587646484,512.2066040039062,1005.9016723632812,0.4113231897354126,531.499267578125,1020.7592163085938,0.3614124059677124,523.7378540039062,1017.211181640625,0.3935835361480713,547.465576171875,1017.8764038085938,0.6281522512435913,539.2606201171875,1018.763427734375,0.46098217368125916,534.8255615234375,1039.6083984375,0.5450646877288818,531.499267578125,1041.16064453125,0.5042235255241394,542.1434326171875,1066.2188720703125,0.5003208518028259,533.9385375976562,1065.5535888671875,0.4922323524951935,69.58852612748248,121.32871971076729,155.1766249510481,134.4401317364543,16.423331392211463,20.624360991191605,12.003446208307848,16.15161684342544,16.888336223854814,5.958531275889717,47.0918649150706,48.63454995835765,87.67840328284196,90.61602162297775,512.2066040039062,993.2616577148438,547.465576171875,1066.2188720703125,75.03690336788387,right_ear,left_ankle,46.689169529482626,49.40690520806381,543.3630981445312,1018.3199157714844,527.3967895507812,1000.4686889648438,1.683133
103,444.0,519.630615234375,996.5559692382812,0.62384033203125,520.75244140625,994.0880126953125,0.5909366011619568,519.181884765625,994.5367431640625,0.6617329716682434,525.2396850585938,993.8636474609375,0.6155877709388733,519.630615234375,994.7611083984375,0.5315324664115906,530.6243286132812,1000.81884765625,0.6101051568984985,525.9127197265625,1000.594482421875,0.46020257472991943,535.3359375,1016.9728393554688,0.607033371925354,529.2781982421875,1014.280517578125,0.25152313709259033,531.0730590820312,1024.3768310546875,0.3464198708534241,528.1563720703125,1021.4600830078125,0.2892579138278961,547.22705078125,1018.0946655273438,0.6365394592285156,540.4962158203125,1018.7677612304688,0.4242776036262512,532.867919921875,1040.755126953125,0.5815402269363403,536.6820678710938,1041.876953125,0.4617644250392914,534.214111328125,1066.5567626953125,0.6395893692970276,543.1885986328125,1065.2105712890625,0.6044461727142334,0.0,133.8083421180046,155.04686674467294,144.6523350508156,0.0,23.56225670080524,0.0,0.0,16.82708251955268,8.543490240439437,46.52078601386333,50.178794875209405,0.0,88.90876681578631,519.181884765625,993.8636474609375,547.22705078125,1066.5567626953125,74.2839511831365,right_ear,right_ankle,42.296723778804534,0.0,543.8616333007812,1018.4312133789062,528.2685241699219,1000.7066650390625,1.6998
104,449.0,520.7786865234375,997.3265380859375,0.560995876789093,521.8853759765625,994.8919067382812,0.5430982708930969,520.1146850585938,995.555908203125,0.6141741275787354,525.4266357421875,994.4492797851562,0.5869385004043579,519.6720581054688,995.7772216796875,0.5734192728996277,530.9598388671875,1001.3104858398438,0.586477518081665,525.2052612304688,1001.5317993164062,0.4571148157119751,536.0504150390625,1017.0248413085938,0.5685824751853943,529.189208984375,1015.0328979492188,0.25933367013931274,530.9598388671875,1026.7633056640625,0.4243820905685425,528.74658203125,1025.65673828125,0.327531635761261,547.5595703125,1018.3528442382812,0.6178006529808044,539.8130493164062,1019.2381591796875,0.4254724979400635,533.837158203125,1040.48583984375,0.5454823970794678,532.287841796875,1041.813720703125,0.47922050952911377,534.0584716796875,1066.6026611328125,0.5838429927825928,543.1329956054688,1065.274658203125,0.5411652326583862,0.0,134.45319628036702,136.75558927945153,147.71565970892095,24.383470488662645,25.45281982421875,0.0,0.0,16.518321148345997,10.988705736545906,46.15605361918653,50.1031385708393,81.64914202011282,90.0,519.6720581054688,994.4492797851562,547.5595703125,1066.6026611328125,73.35059148846811,right_ear,right_ankle,39.95967679388964,42.14912187062223,543.6863098144531,1018.7955017089844,528.0825500488281,1001.421142578125,1.716467
105,454.0,525.3533325195312,997.4814453125,0.6247177124023438,526.2205200195312,995.0966186523438,0.6071081161499023,522.9685668945312,995.9638061523438,0.6718970537185669,527.7381591796875,995.3134155273438,0.5857452154159546,519.066162109375,997.0478515625,0.7047446966171265,531.8572998046875,1002.4677734375,0.5700616836547852,520.3670043945312,1003.3349609375,0.4535920023918152,535.7597045898438,1018.2940673828125,0.5137768387794495,514.296630859375,1021.1124877929688,0.3302578628063202,530.5565185546875,1028.483642578125,0.3498774468898773,527.7381591796875,1028.700439453125,0.2115207463502884,547.900390625,1018.5108642578125,0.5992613434791565,538.1444702148438,1019.8117065429688,0.42564135789871216,534.0252685546875,1040.1907958984375,0.5630010366439819,532.9412841796875,1041.7083740234375,0.49363774061203003,533.8084716796875,1066.64013671875,0.6075584292411804,542.697265625,1064.68896484375,0.5619007349014282,0.0,139.09788383945178,143.630280767412,147.85044572942158,0.0,26.048368067932312,18.785363875987017,0.0,16.30031727147191,11.441179466181483,45.107607547306024,50.14986587400224,0.0,92.86237840912496,514.296630859375,995.0966186523438,547.900390625,1066.64013671875,71.6501867359261,right_ear,right_ankle,38.29482007048404,0.0,543.0224304199219,1019.1612854003906,526.1121520996094,1002.9013671875,1.733033
106,458.0,524.523193359375,998.266357421875,0.5872509479522705,525.5962524414062,995.9055786132812,0.5723240375518799,522.1624145507812,996.5494384765625,0.6312079429626465,527.5277709960938,996.1201782226562,0.5857822895050049,518.5139770507812,997.8370971679688,0.6863014698028564,531.820068359375,1002.343994140625,0.5359511375427246,518.9431762695312,1005.3486328125,0.5026699900627136,536.3270263671875,1018.0109252929688,0.39282289147377014,512.7193603515625,1026.166259765625,0.3518267869949341,531.17626953125,1028.74169921875,0.23203469812870026,505.4224548339844,1044.8377685546875,0.1954919397830963,547.9161987304688,1018.65478515625,0.600851833820343,537.4000854492188,1021.0155029296875,0.4447266459465027,534.610107421875,1039.68701171875,0.5709052085876465,532.4639282226562,1042.691650390625,0.5237812995910645,534.1808471679688,1066.0845947265625,0.522907018661499,542.9800415039062,1065.6553955078125,0.4923763871192932,0.0,0.0,142.5660691634698,148.61202959294403,0.0,0.0,21.72808036942605,0.0,16.30231278734598,0.0,44.98728619242089,49.378605877663034,0.0,0.0,512.7193603515625,995.9055786132812,547.9161987304688,1066.0845947265625,72.09653181351042,right_ear,right_ankle,0.0,0.0,542.6581420898438,1019.8351440429688,525.3816223144531,1003.8463134765625,1.7496
107,462.0,522.9046630859375,999.1835327148438,0.5681999325752258,524.2064208984375,996.7969360351562,0.60009765625,520.7350463867188,997.2308349609375,0.6162447929382324,527.243896484375,996.7969360351562,0.6508716344833374,518.1314697265625,998.315673828125,0.6948188543319702,532.2340698242188,1002.8718872070312,0.5569584369659424,517.4805908203125,1006.5602416992188,0.5920120477676392,534.62060546875,1017.4083862304688,0.28353121876716614,512.2734985351562,1029.34130859375,0.48607802391052246,528.545654296875,1023.0494384765625,0.268405944108963,503.8119201660156,1046.915283203125,0.4850614666938782,548.5062255859375,1019.5780029296875,0.6024600267410278,536.5733032226562,1021.7476196289062,0.4520370364189148,535.4884643554688,1039.53857421875,0.5781078934669495,532.2340698242188,1042.79296875,0.5628734230995178,542.6482543945312,1065.357177734375,0.49268651008605957,534.1867065429688,1065.791015625,0.5127630233764648,167.16493364964126,0.0,163.4967083002287,131.38936890351164,42.60706434662722,0.0,23.36858615576136,19.504945323380575,0.0,0.0,44.10801032216509,46.15245033882253,108.71177298290654,0.0,503.8119201660156,996.7969360351562,548.5062255859375,1065.791015625,71.38372347018108,right_ear,left_ankle,0.0,35.76200388551738,542.5397644042969,1020.6628112792969,524.8573303222656,1004.716064453125,1.766367
108,467.0,522.2662353515625,1000.8218383789062,0.6036549806594849,523.7520141601562,998.4869995117188,0.6322548389434814,520.1436767578125,998.9115600585938,0.6571155786514282,526.9358520507812,998.0625,0.6726731061935425,517.5966186523438,999.5482788085938,0.6986130475997925,532.0299682617188,1004.2178955078125,0.5965702533721924,516.5353393554688,1007.1895141601562,0.624748945236206,534.5770263671875,1020.3493041992188,0.39486879110336304,513.1392211914062,1027.5660400390625,0.5683505535125732,532.4544677734375,1031.598876953125,0.2681586742401123,505.07354736328125,1045.607666015625,0.574762225151062,548.3735961914062,1019.9248046875,0.6220555305480957,536.0628051757812,1022.4718627929688,0.4342021048069,535.0015258789062,1039.8768310546875,0.5756357908248901,531.180908203125,1042.848388671875,0.5519487261772156,537.9730834960938,1065.7718505859375,0.5229089260101318,536.4873046875,1065.7718505859375,0.47944003343582153,165.37493764892932,0.0,153.49333568728778,139.6232797354721,40.091483729865004,0.0,20.657599702724696,19.762473584545923,16.331253820873986,0.0,43.302068573068105,47.01193765352361,106.6121117390383,0.0,505.07354736328125,998.0625,548.3735961914062,1065.7718505859375,69.287529747261,right_ear,left_ankle,0.0,37.32852111469909,542.2182006835938,1021.1983337402344,524.2826538085938,1005.7037048339844,1.783033
109,472.0,522.28369140625,1001.3954467773438,0.6214582920074463,523.6065673828125,998.9700927734375,0.6320763826370239,520.29931640625,999.4110717773438,0.6723530888557434,526.472900390625,998.30859375,0.6564891934394836,517.8739624023438,1000.072509765625,0.673095166683197,531.3236083984375,1004.4822387695312,0.5774308443069458,516.551025390625,1006.4666137695312,0.5672888159751892,532.426025390625,1019.0343627929688,0.36324164271354675,513.0232543945312,1025.428466796875,0.5318011045455933,531.5441284179688,1028.7357177734375,0.32859450578689575,505.5267028808594,1044.1697998046875,0.40723007917404175,547.860107421875,1021.0187377929688,0.5960146188735962,536.17431640625,1023.444091796875,0.4074835479259491,535.0718994140625,1040.4215087890625,0.5665279626846313,531.1031494140625,1043.7288818359375,0.5425148010253906,537.7177124023438,1066.659423828125,0.5508179664611816,536.6152954101562,1066.218505859375,0.48614221811294556,168.7376796453219,170.473579885211,152.19227798548474,140.85324778391086,39.28187780645073,24.25448150078528,19.287224746745334,20.18504019086557,14.593821871537646,9.741356719032831,42.776687118944636,46.75404152040676,106.29879513231378,89.479063673393,505.5267028808594,998.30859375,547.860107421875,1066.659423828125,69.48087174488573,right_ear,left_ankle,38.42291790239873,38.11359369225981,542.0172119140625,1022.2314147949219,523.9373168945312,1005.4744262695312,1.7997
110,477.0,521.8211059570312,1002.32470703125,0.618552029132843,523.3505249023438,999.92138671875,0.6472620964050293,519.854736328125,1000.3583374023438,0.6770385503768921,526.6278076171875,999.0474243164062,0.7001218795776367,517.451416015625,1000.5768432617188,0.7035579681396484,531.8714599609375,1005.1650390625,0.6337933540344238,515.7034912109375,1006.4759521484375,0.6485472917556763,532.5269165039062,1022.2069702148438,0.41120418906211853,513.0816650390625,1026.358154296875,0.5949163436889648,529.6866455078125,1024.6103515625,0.3002629280090332,505.4346618652344,1044.9295654296875,0.5570926070213318,548.0394897460938,1020.8960571289062,0.6403669118881226,536.6781616210938,1023.2993774414062,0.45718657970428467,533.837890625,1040.559814453125,0.5681015253067017,530.779052734375,1044.4925537109375,0.5382631421089172,537.3336181640625,1067.43359375,0.6001203060150146,541.921875,1065.9041748046875,0.5165720582008362,165.1321287729293,128.0346504070993,136.95256456880315,136.7509625419412,39.801120970584485,19.567667015187073,20.05432458964553,20.084172101545274,17.054531382625115,3.720669460394642,42.92627736441138,47.75309415200848,104.95163105107561,96.41068836305186,505.4346618652344,999.0474243164062,548.0394897460938,1067.43359375,69.76004307216947,right_ear,right_ankle,43.500646687775976,42.0862324374094,542.3588256835938,1022.0977172851562,523.7874755859375,1005.8204956054688,1.816367
111,483.0,519.8375244140625,1002.4013061523438,0.6479858160018921,521.3818359375,1000.1951293945312,0.6300886869430542,518.7344360351562,1000.4157104492188,0.681652307510376,525.35302734375,999.092041015625,0.6331498622894287,517.8519287109375,1000.4157104492188,0.5449436902999878,530.8684692382812,1005.0487060546875,0.5776042938232422,520.4993896484375,1007.2549438476562,0.4142015278339386,531.089111328125,1021.3745727539062,0.38980618119239807,512.9983520507812,1027.5518798828125,0.4092967212200165,522.043701171875,1018.94775390625,0.3337595462799072,505.2766418457031,1044.7601318359375,0.34261101484298706,548.5180053710938,1021.8157958984375,0.6096789836883545,539.0313720703125,1023.5807495117188,0.4335733652114868,533.7365112304688,1041.450927734375,0.5431361198425293,531.089111328125,1043.877685546875,0.4772757291793823,537.2664184570312,1067.9251708984375,0.6422568559646606,543.6643676757812,1065.4984130859375,0.5464715957641602,176.11575463850147,74.20733237249028,128.44587072354608,135.43259463045882,40.47679800456022,16.463901803821827,21.638650083974206,18.86130281219826,16.327357606559314,9.365302697410813,42.172919839651584,47.46232896703793,112.09143604506984,122.41223546074566,505.2766418457031,999.092041015625,548.5180053710938,1067.9251708984375,70.24563803002867,right_ear,left_ankle,51.28858056887919,43.631339695330794,543.7746887207031,1022.6982727050781,525.6839294433594,1006.1518249511719,1.833033
112,489.0,521.6800537109375,1001.5547485351562,0.5896766185760498,523.0150146484375,999.1072387695312,0.6034796237945557,519.455078125,999.7747802734375,0.6565549373626709,525.907470703125,998.884765625,0.6341654062271118,517.2301025390625,1000.8872680664062,0.6508516073226929,531.2474365234375,1005.7821655273438,0.6082394123077393,517.6751098632812,1010.2321166992188,0.5467367768287659,530.1349487304688,1024.0269775390625,0.46472790837287903,512.1126708984375,1030.2568359375,0.5714399814605713,520.3450927734375,1019.7994995117188,0.33371487259864807,505.2152404785156,1045.8316650390625,0.5829912424087524,548.6022338867188,1022.469482421875,0.6368091106414795,537.6998291015625,1025.58447265625,0.4790857434272766,534.807373046875,1041.604248046875,0.5727311372756958,531.0249633789062,1045.1641845703125,0.4881816804409027,538.1448364257812,1068.971435546875,0.6441401243209839,543.039794921875,1065.8564453125,0.5568517446517944,171.63763623770453,70.13355939019851,131.0340600371369,137.25800717623827,37.71705432674047,17.758005272909408,20.782928278026734,17.03378548475182,18.278697831969904,10.663622748911106,40.62446327753578,47.66328572492374,109.29008559996429,127.87491456401975,505.2152404785156,998.884765625,548.6022338867188,1068.971435546875,71.22415289114205,right_ear,left_ankle,52.294456374788425,42.798232952285645,543.1510314941406,1024.0269775390625,524.4612731933594,1008.0071411132812,1.8497
113,494.0,522.515625,1003.2670288085938,0.5937807559967041,523.9090576171875,1000.4801635742188,0.6156754493713379,520.1931762695312,1001.1768798828125,0.6599379181861877,526.2314453125,999.783447265625,0.6043674945831299,517.174072265625,1002.3380737304688,0.6441925764083862,530.876220703125,1005.5894165039062,0.532396674156189,516.9418334960938,1012.7888793945312,0.5644054412841797,530.6439819335938,1024.1685791015625,0.19674548506736755,511.83258056640625,1030.2069091796875,0.5991924405097961,524.1412963867188,1023.2396850585938,0.18161693215370178,504.8653869628906,1045.9991455078125,0.6351000070571899,549.22314453125,1023.0074462890625,0.620551347732544,537.3789672851562,1026.7232666015625,0.4688955247402191,534.592041015625,1039.9609375,0.5979339480400085,530.6439819335938,1047.160400390625,0.5217605233192444,538.3079223632812,1069.22314453125,0.6665158271789551,543.1849365234375,1066.2039794921875,0.5897754430770874,172.54202549594982,0.0,128.39405235358512,131.9683309612507,35.33783151502467,0.0,18.15192075500856,17.260837608650977,0.0,0.0,39.90533760222849,47.48718605043943,109.98308538494013,0.0,504.8653869628906,999.783447265625,549.22314453125,1069.22314453125,70.48200376195113,left_ear,left_ankle,0.0,43.32000917427607,543.3010559082031,1024.8653564453125,523.9090270996094,1009.1891479492188,1.866367
114,499.0,517.4694213867188,1004.5075073242188,0.6052138805389404,518.8045043945312,1002.2824096679688,0.5853667259216309,517.4694213867188,1002.2824096679688,0.6203243136405945,523.69970703125,1001.3923950195312,0.6022548079490662,518.8045043945312,1001.83740234375,0.46212294697761536,529.9299926757812,1008.0676879882812,0.6134774684906006,524.812255859375,1008.7352294921875,0.41346222162246704,528.5949096679688,1024.9783935546875,0.5361893177032471,512.7966918945312,1028.0936279296875,0.23961566388607025,523.2546997070312,1019.1931762695312,0.4856823980808258,526.1473388671875,1022.975830078125,0.22252556681632996,549.9559326171875,1024.08837890625,0.6485214233398438,542.1680297851562,1025.64599609375,0.4644939601421356,535.270263671875,1043.2242431640625,0.5964045524597168,532.60009765625,1046.3394775390625,0.4993552267551422,539.2754516601562,1069.925537109375,0.6624050140380859,543.2806396484375,1066.3653564453125,0.5494039058685303,0.0,47.22352096548137,127.1132022475664,133.96509405498503,0.0,12.974437394926774,0.0,0.0,16.963325422553,7.873155749975148,40.734557910308425,47.06503740157673,0.0,120.96375653207352,517.4694213867188,1001.3923950195312,549.9559326171875,1069.925537109375,71.09890138260866,right_ear,left_ankle,53.20185080923097,0.0,546.0619812011719,1024.8671875,527.3711242675781,1008.4014587402344,1.883033
115,504.0,518.8209838867188,1002.9370727539062,0.6141912937164307,520.4223022460938,1000.1920166015625,0.6073557138442993,517.906005859375,1000.6495361328125,0.6008826494216919,524.0823364257812,999.9632568359375,0.6074320077896118,516.990966796875,1000.8782348632812,0.5121140480041504,529.3436889648438,1006.5971069335938,0.5214230418205261,521.5660400390625,1009.7996826171875,0.4130764603614807,527.97119140625,1023.5249633789062,0.4600931704044342,512.4158935546875,1028.7862548828125,0.3247642517089844,520.6510620117188,1018.4923706054688,0.3878011107444763,505.0957336425781,1045.02783203125,0.34179577231407166,550.1603393554688,1024.668701171875,0.6099075675010681,539.18017578125,1026.956298828125,0.4561264216899872,535.9776000976562,1044.5703125,0.5774307250976562,531.1737670898438,1048.23046875,0.5194358825683594,539.18017578125,1069.7333984375,0.6456445455551147,543.0689697265625,1067.44580078125,0.5606202483177185,178.53063746074335,60.12681499048597,127.61699316300457,137.27150559875656,38.88821806066185,14.73292439299219,21.07641115283436,17.814981599976473,16.983405823963984,8.883202371663938,40.6758218941082,46.38308885530404,115.05761912113297,126.15797905278559,505.0957336425781,999.9632568359375,550.1603393554688,1069.7333984375,72.3422044603611,right_ear,left_ankle,54.48826470321141,44.096847750899265,544.6702575683594,1025.8125,525.4548645019531,1008.1983947753906,1.8997
116,509.0,519.822998046875,1004.3941040039062,0.5909633040428162,521.11669921875,1002.0222778320312,0.5856350064277649,518.744873046875,1002.6691284179688,0.594490110874176,524.566650390625,1000.7285766601562,0.579849123954773,517.6668090820312,1002.6691284179688,0.5183968544006348,530.8196411132812,1005.9034423828125,0.5332521796226501,521.11669921875,1010.8627319335938,0.42041200399398804,527.3697509765625,1020.565673828125,0.42635536193847656,511.41375732421875,1031.5623779296875,0.4916902184486389,519.822998046875,1019.4876098632812,0.40230995416641235,505.1607666015625,1046.224609375,0.5004909634590149,550.4412231445312,1024.4468994140625,0.6228839159011841,538.7976684570312,1027.68115234375,0.4912760257720947,537.50390625,1043.2059326171875,0.5523468255996704,530.6040649414062,1049.458984375,0.5095198154449463,542.031982421875,1069.0804443359375,0.5805579423904419,539.0132446289062,1067.7867431640625,0.5290311574935913,177.981956235718,95.11056906606642,134.7351949355341,135.48127811795308,38.79502754046276,17.47729283577309,22.860936677490923,15.939916057919998,15.062628353356528,7.6233655096710065,40.10617020025989,45.418813963209274,114.28577605718361,128.99083111673596,505.1607666015625,1000.7285766601562,550.4412231445312,1069.0804443359375,70.73983710637792,right_ear,left_ankle,54.338643873409985,40.13621658962417,544.6194458007812,1026.0640258789062,525.9681701660156,1008.3830871582031,1.916367
117,514.0,520.9254760742188,1004.985107421875,0.5681347250938416,522.0037841796875,1002.397216796875,0.545005202293396,520.0628662109375,1002.8285522460938,0.606237530708313,525.4542236328125,1000.8876342773438,0.551880955696106,519.6315307617188,1002.6128540039062,0.5070644617080688,532.355224609375,1004.985107421875,0.5298961400985718,522.6506958007812,1010.1608276367188,0.41169503331184387,527.8264770507812,1018.5713500976562,0.40727517008781433,512.7305908203125,1030.216796875,0.35347723960876465,519.2002563476562,1020.0809326171875,0.4442380964756012,505.61395263671875,1045.9595947265625,0.31976306438446045,550.9015502929688,1024.1783447265625,0.5901579856872559,539.04052734375,1027.4132080078125,0.4537505805492401,539.04052734375,1042.5091552734375,0.5141030550003052,531.9238891601562,1049.8414306640625,0.49321749806404114,540.7657470703125,1068.3876953125,0.5210139155387878,540.9814453125,1067.09375,0.5150943994522095,178.00769532676867,118.36115474774292,134.69568511646983,143.28091573803093,39.64596250302306,20.023414501384604,22.37521809749359,17.276638076644005,14.321157233083104,8.757312544513681,39.727982271381116,45.35637977394956,115.44992024529385,131.06989969374393,505.61395263671875,1000.8876342773438,550.9015502929688,1068.3876953125,69.2148899423161,left_ear,left_ankle,52.90192541118147,41.200874472433306,544.9710388183594,1025.7957763671875,527.5029602050781,1007.5729675292969,1.933033
118,518.0,520.513671875,1004.7515869140625,0.5497527122497559,521.7988891601562,1001.7527465820312,0.5700163245201111,518.3716430664062,1002.6095581054688,0.5960224270820618,525.654541015625,999.824951171875,0.6057192087173462,517.3006591796875,1003.0379638671875,0.5685688257217407,533.151611328125,1004.1090087890625,0.5967853665351868,519.2284545898438,1011.1776733398438,0.5225417613983154,527.5823974609375,1019.7457885742188,0.3720533549785614,512.8023681640625,1029.8133544921875,0.530646562576294,518.157470703125,1026.600341796875,0.47095444798469543,505.5195007324219,1045.8785400390625,0.4790074825286865,550.287841796875,1023.3872680664062,0.6360517144203186,537.64990234375,1027.6712646484375,0.5236011147499084,540.4345092773438,1043.95068359375,0.5288501977920532,532.509033203125,1051.44775390625,0.5623915195465088,542.1481323242188,1069.4407958984375,0.5987589359283447,538.7208862304688,1068.1556396484375,0.5278768539428711,174.6392536197069,145.6315406608963,147.4048001052368,150.5517113215899,37.31066289335893,27.03117299620184,19.71251376064022,17.638887285834475,16.598946507171615,11.65393256683585,40.498538561610296,46.76732081352242,111.55703569904334,123.68992400145542,505.5195007324219,999.824951171875,550.287841796875,1069.4407958984375,71.54302475607093,left_ear,left_ankle,49.100472020601835,39.98251075152651,543.9688720703125,1025.5292663574219,526.1900329589844,1007.6433410644531,1.9497
119,524.0,521.0529174804688,1001.279052734375,0.6158785820007324,522.1329345703125,998.6869506835938,0.5955724716186523,519.7568359375,999.7669677734375,0.6559960842132568,526.0211791992188,997.8228759765625,0.5965772867202759,518.4607543945312,1000.6310424804688,0.5620957612991333,532.717529296875,1002.359130859375,0.558678150177002,523.64501953125,1007.5433959960938,0.4810813069343567,529.4773559570312,1017.0479125976562,0.5009759664535522,526.0211791992188,1022.0161743164062,0.3310648202896118,519.9728393554688,1026.120361328125,0.5369486808776855,520.4048461914062,1026.5523681640625,0.3396242558956146,550.8624877929688,1022.6642456054688,0.5429531335830688,538.765869140625,1026.33642578125,0.4146925210952759,542.8700561523438,1043.8333740234375,0.4125347137451172,535.5256958007812,1049.44970703125,0.5118775963783264,543.0860595703125,1068.24267578125,0.39764630794525146,541.573974609375,1069.106689453125,0.4506502151489258,119.60336480415161,146.1072050571074,154.91723479211038,158.8088961415724,19.283146687064452,26.96336765116025,14.666541755866952,7.21943564817629,15.041909194882773,13.139450589593205,42.86234840609336,46.23706449582079,99.6733777792147,118.20754698699817,518.4607543945312,997.8228759765625,550.8624877929688,1069.106689453125,72.96075320904747,left_ear,right_ankle,48.046959566530376,47.52896231088167,544.8141784667969,1024.5003356933594,528.1812744140625,1004.9512634277344,1.966367
120,529.0,522.3865966796875,1003.2244262695312,0.5949852466583252,523.257568359375,1000.3936157226562,0.5928962230682373,520.64453125,1001.7001342773438,0.6496769785881042,526.9594116210938,998.216064453125,0.5815880298614502,519.3380126953125,1001.9179077148438,0.6068511009216309,534.5808715820312,1000.6113891601562,0.589850902557373,521.0800170898438,1009.1038208007812,0.5446090698242188,530.2257690429688,1013.6766967773438,0.5287112593650818,515.6361694335938,1027.613037109375,0.3533859848976135,519.5557861328125,1025.2177734375,0.5322458744049072,525.4351806640625,1028.048583984375,0.2476142793893814,550.9125366210938,1022.6046752929688,0.6068534851074219,538.50048828125,1027.395263671875,0.5252782106399536,543.9443359375,1042.42041015625,0.5651798248291016,536.1051635742188,1048.7352294921875,0.5884081125259399,542.4200439453125,1068.333251953125,0.5569480061531067,538.9359741210938,1068.768798828125,0.552086353302002,0.0,155.68087575001843,165.55274888618808,163.99225868495233,0.0,28.83101350907794,19.293174069156464,0.0,13.77204346701993,15.717664768617182,41.37582699164041,46.51048435795939,0.0,121.40896360474783,515.6361694335938,998.216064453125,550.9125366210938,1068.768798828125,71.80147028282104,left_ear,left_ankle,48.80285619661812,0.0,544.7065124511719,1024.9999694824219,527.8304443359375,1004.8576049804688,1.983033
121,533.0,522.7196655273438,1003.0135498046875,0.6098918914794922,523.15869140625,1000.3795166015625,0.6015735864639282,520.744140625,1001.47705078125,0.6395384073257446,526.4512329101562,997.7454833984375,0.5727025270462036,520.0856323242188,1001.916015625,0.5336318016052246,534.7923583984375,999.9404907226562,0.5995262861251831,524.6951904296875,1009.15966796875,0.4932412803173065,529.3048095703125,1012.4522094726562,0.5716056823730469,513.5005493164062,1028.6954345703125,0.35052597522735596,520.3051147460938,1023.4273681640625,0.597866415977478,506.03741455078125,1025.6224365234375,0.2522309124469757,550.8161010742188,1022.54931640625,0.595221996307373,539.4019165039062,1027.37841796875,0.538947582244873,546.20654296875,1042.3046875,0.48860955238342285,537.4263916015625,1048.231201171875,0.5528289079666138,541.157958984375,1068.64501953125,0.4452866315841675,540.2799682617188,1069.5230712890625,0.5614093542098999,0.0,164.32995114098844,166.95473343525458,177.71620071251257,0.0,27.59553660630668,22.51590918363928,0.0,13.662221569721288,14.19325949986894,42.153799097812346,47.09664059373817,0.0,121.66723558170375,513.5005493164062,997.7454833984375,550.8161010742188,1069.5230712890625,73.09757892584372,left_ear,right_ankle,49.79434815308393,0.0,545.1090087890625,1024.9638671875,529.7437744140625,1004.5500793457031,1.9997
122,537.0,521.3997192382812,1002.8123168945312,0.6512879133224487,521.3997192382812,1000.2137451171875,0.6351122856140137,519.8839111328125,1001.5130615234375,0.6535944938659668,524.8644409179688,997.398681640625,0.6156692504882812,520.7500610351562,999.9971923828125,0.46025753021240234,533.5263061523438,999.3475952148438,0.5791617631912231,528.9788208007812,1004.977783203125,0.42601001262664795,529.6284790039062,1008.2259521484375,0.48039448261260986,525.9472045898438,1021.0021362304688,0.27744925022125244,522.0493774414062,1020.3525390625,0.49938368797302246,525.9472045898438,1027.281982421875,0.288677453994751,549.1176147460938,1023.6007080078125,0.4929385483264923,541.5385131835938,1025.76611328125,0.38374611735343933,541.5385131835938,1046.9876708984375,0.4557594656944275,538.723388671875,1048.50341796875,0.43117421865463257,539.8060913085938,1070.1580810546875,0.4936569631099701,541.1054077148438,1070.1580810546875,0.44201552867889404,0.0,171.69737619093993,166.6647648438238,166.31982524231304,0.0,23.935905219546925,0.0,0.0,9.696302301361516,14.300240930802593,44.39408049667179,47.479400309534185,0.0,118.65182977440926,519.8839111328125,997.398681640625,549.1176147460938,1070.1580810546875,74.54997790470682,left_ear,right_ankle,52.876203537099,0.0,545.3280639648438,1024.6834106445312,531.2525634765625,1002.1626892089844,2.016367
123,541.0,521.574462890625,1002.5650024414062,0.6262675523757935,521.574462890625,1000.1708374023438,0.6143516302108765,520.2685546875,1000.8237915039062,0.6070884466171265,524.8391723632812,997.7767333984375,0.5614851713180542,522.8803100585938,997.994384765625,0.3634125590324402,532.8921508789062,1000.8237915039062,0.5381015539169312,536.1568603515625,1001.0414428710938,0.37490275502204895,526.7979736328125,1016.4944458007812,0.4593357741832733,526.14501953125,1017.3650512695312,0.24699892103672028,526.14501953125,1019.3238525390625,0.4071500599384308,529.192138671875,1024.982666015625,0.3025403320789337,546.1686401367188,1024.982666015625,0.40601783990859985,550.5216064453125,1024.7650146484375,0.31174319982528687,542.686279296875,1047.835693359375,0.4513612985610962,545.2980346679688,1048.4886474609375,0.3785414695739746,540.0745239257812,1070.0357666015625,0.48202869296073914,543.7745361328125,1069.6004638671875,0.4072771966457367,0.0,171.74426630770287,171.71000656783565,178.04566524561181,24.933702367112428,19.692029852888,0.0,0.0,16.81393476848812,2.9037719520269896,45.340274199092896,45.46339323894569,106.22019859274597,110.03734756528415,520.2685546875,997.7767333984375,550.5216064453125,1070.0357666015625,74.5922197520612,right_ear,right_ankle,52.59020175431589,46.94032595574568,548.3451232910156,1024.8738403320312,534.5245056152344,1000.9326171875,2.033033
124,545.0,521.4832763671875,1002.4017944335938,0.6415481567382812,521.7061767578125,999.9497680664062,0.6346052885055542,519.9229125976562,1000.6184692382812,0.6361211538314819,525.0498657226562,997.2747802734375,0.6054359078407288,521.7061767578125,999.281005859375,0.4371083378791809,533.297607421875,1001.7330322265625,0.5300614833831787,529.9539794921875,1001.2872314453125,0.43446725606918335,531.0684814453125,1019.1201782226562,0.3708392381668091,529.7310180664062,1018.005615234375,0.4077965021133423,527.2789916992188,1028.4825439453125,0.2850266695022583,527.2789916992188,1026.476318359375,0.4041875898838043,549.7931518554688,1023.8013305664062,0.45867377519607544,540.4308471679688,1024.2471923828125,0.39403054118156433,543.9974365234375,1046.5384521484375,0.47344762086868286,540.4308471679688,1046.5384521484375,0.3707624673843384,541.3224487304688,1069.4984130859375,0.5287402868270874,545.5578002929688,1067.715087890625,0.4102044105529785,164.61984865740413,0.0,166.39032344634876,172.34515161417326,25.33072559672791,0.0,16.71987046348668,8.818460451647299,17.529456594796788,0.0,43.769208220209485,46.47554370019498,96.06187990642906,0.0,519.9229125976562,997.2747802734375,549.7931518554688,1069.4984130859375,74.03411439587141,left_ear,left_ankle,0.0,45.10821384247554,545.1119995117188,1024.0242614746094,531.6257934570312,1001.5101318359375,2.0497
125,550.0,521.8258666992188,1002.177734375,0.7028452754020691,522.0430297851562,999.7886352539062,0.6883619427680969,520.3055419921875,1000.440185546875,0.6750332117080688,525.51806640625,997.3995361328125,0.6301838159561157,522.0430297851562,998.268310546875,0.45469188690185547,532.9025268554688,1004.5667724609375,0.6058046817779541,534.6400146484375,999.5714111328125,0.46617794036865234,532.4681396484375,1020.2044067382812,0.5484143495559692,528.77587890625,1015.42626953125,0.3356817960739136,527.4727783203125,1028.8919677734375,0.3718072175979614,527.2555541992188,1024.9825439453125,0.26774030923843384,548.5401000976562,1023.4622192382812,0.44270431995391846,551.1464233398438,1022.593505859375,0.3016510605812073,543.9791259765625,1047.1358642578125,0.4725252389907837,545.7166748046875,1047.1358642578125,0.34294432401657104,542.0244750976562,1069.50634765625,0.5292814373970032,545.0651245117188,1067.986083984375,0.4025757908821106,0.0,151.69220072374875,169.31469626273375,174.08859771809665,0.0,24.92382988519829,16.904574021172646,0.0,15.643666387314344,10.021344796886888,45.79812599082175,46.50285078262431,0.0,102.58300161972049,520.3055419921875,997.3995361328125,551.1464233398438,1069.50634765625,73.98726976969158,right_ear,left_ankle,43.14255129643078,0.0,549.84326171875,1023.0278625488281,533.7712707519531,1002.069091796875,2.066367
126,556.0,522.0259399414062,1002.4325561523438,0.6807597875595093,522.2431640625,1000.0432739257812,0.6805337071418762,520.071044921875,1000.912109375,0.6724672317504883,525.9357299804688,997.0023193359375,0.6605545282363892,520.2882690429688,1000.0432739257812,0.46707719564437866,534.8413696289062,1002.4325561523438,0.6221744418144226,525.9357299804688,1003.73583984375,0.4911273717880249,535.2757568359375,1017.8544921875,0.563126802444458,523.5464477539062,1016.55126953125,0.3631629943847656,527.0217895507812,1016.55126953125,0.3945358097553253,525.718505859375,1017.4201049804688,0.31097713112831116,550.2633056640625,1022.850341796875,0.4695843756198883,540.9232788085938,1023.9364013671875,0.3613708019256592,544.8330688476562,1046.091796875,0.4792892634868622,540.9232788085938,1046.960693359375,0.38456428050994873,543.0953369140625,1068.4644775390625,0.5317331552505493,543.7470092773438,1066.5096435546875,0.4220092296600342,101.24082798055068,79.41419831727886,171.7808093490021,171.2904366642551,13.685989136734005,16.139513625692558,13.036253588873754,2.339382707329359,15.428052479755287,8.356217160665043,42.66678338140429,46.17390123768712,90.9094372244791,118.97966104022525,520.071044921875,997.0023193359375,550.2633056640625,1068.4644775390625,73.49348382791433,left_ear,left_ankle,54.34464178281106,52.29540833497164,545.5932922363281,1023.3933715820312,530.3885498046875,1003.0841979980469,2.083033
127,560.0,522.1466674804688,1002.0252685546875,0.6512909531593323,522.1466674804688,999.4379272460938,0.6395120620727539,520.8529663085938,1000.0847778320312,0.5980428457260132,525.8119506835938,997.2818603515625,0.5863016843795776,523.0090942382812,998.144287109375,0.3453299105167389,534.436279296875,1003.7501220703125,0.5527383089065552,536.5923461914062,1002.8876953125,0.35143327713012695,534.436279296875,1015.3929443359375,0.4692659378051758,530.5553588867188,1015.3929443359375,0.23005768656730652,531.4177856445312,1027.4669189453125,0.3089509606361389,530.1241455078125,1012.5900268554688,0.218422070145607,546.5103149414062,1024.0172119140625,0.38312995433807373,551.0380859375,1023.8016357421875,0.31886765360832214,544.138671875,1047.0872802734375,0.44887250661849976,546.2947387695312,1047.5185546875,0.3662640452384949,543.9230346679688,1068.2169189453125,0.533194899559021,545.0010986328125,1066.491943359375,0.4101678133010864,0.0,165.9637549504264,172.59064537775308,174.7152200421346,0.0,23.908110714551437,0.0,0.0,11.642822265625,12.445568158869715,43.11505050637254,44.2753669760246,0.0,97.25317614541943,520.8529663085938,997.2818603515625,551.0380859375,1068.2169189453125,73.21061330700509,left_ear,left_ankle,42.62562319941123,0.0,548.7742004394531,1023.909423828125,535.5143127441406,1003.3189086914062,2.0997
128,564.0,521.8522338867188,1002.0482177734375,0.6768554449081421,522.5084838867188,999.6420288085938,0.6569239497184753,520.102294921875,1000.5170288085938,0.6792310476303101,526.4459228515625,997.01708984375,0.6409581899642944,519.664794921875,1000.0795288085938,0.5040817260742188,534.75830078125,1002.0482177734375,0.5136569738388062,526.2271728515625,1003.7982177734375,0.44079965353012085,529.5083618164062,1015.1730346679688,0.45771676301956177,528.6334228515625,1015.8292846679688,0.36663323640823364,525.5709228515625,1009.2669067382812,0.401500940322876,529.0708618164062,1007.9544067382812,0.29168471693992615,550.945556640625,1023.0479125976562,0.5427203178405762,540.0082397460938,1025.6728515625,0.4883028268814087,548.976806640625,1046.0162353515625,0.49335581064224243,540.4457397460938,1047.9849853515625,0.500629186630249,546.3518676757812,1069.422119140625,0.5589588284492493,543.5081787109375,1068.1097412109375,0.5353509783744812,0.0,55.491659983625176,172.47084485843703,178.50027074801812,0.0,11.68406537101132,12.269336154950919,0.0,14.135864941684948,7.09829364873732,42.58097199209165,46.601169629051725,0.0,141.84263892911002,519.664794921875,997.01708984375,550.945556640625,1069.422119140625,75.09151021804108,left_ear,left_ankle,63.64351692795045,0.0,545.4768981933594,1024.3603820800781,530.4927368164062,1002.9232177734375,2.116367
129,568.0,522.342529296875,1001.2298583984375,0.6312432289123535,522.5702514648438,998.7247924804688,0.6301990151405334,520.29296875,1000.0911865234375,0.6502429246902466,525.9862060546875,995.9920654296875,0.6128778457641602,519.154296875,1000.3189086914062,0.572006106376648,536.00634765625,995.53662109375,0.5323587656021118,524.39208984375,1006.923095703125,0.6016274690628052,546.0264282226562,988.021484375,0.48120951652526855,529.1744384765625,1013.9827270507812,0.5446248054504395,544.8878173828125,991.8928833007812,0.3804957866668701,535.3231201171875,1004.6458129882812,0.478806734085083,549.8978881835938,1021.7255249023438,0.5566937923431396,538.7390747070312,1025.3692626953125,0.5528388023376465,550.1256103515625,1045.63720703125,0.5177388191223145,539.8777465820312,1047.686767578125,0.5700907707214355,548.0760498046875,1068.8656005859375,0.5791321396827698,543.293701171875,1067.72705078125,0.5742989778518677,67.48086131039165,36.74077338792916,173.2474333331375,174.41191857282624,11.165726102772414,9.599860916063053,8.52697210096142,11.179635509633988,12.525146484523713,4.03536420749725,42.60195809780865,47.175267148515466,-11.76821227891819,-22.306524794018046,519.154296875,988.021484375,550.1256103515625,1068.8656005859375,77.03871774787329,left_wrist,left_ankle,77.03871774787329,63.58280210750712,544.3184814453125,1023.5473937988281,530.19921875,1001.2298583984375,2.133033
130,572.0,522.6376953125,1002.0154418945312,0.6291272640228271,522.8697509765625,999.4622802734375,0.624380886554718,520.5487060546875,1000.8549194335938,0.6476749777793884,526.58349609375,995.9806518554688,0.6139692068099976,519.38818359375,1000.622802734375,0.5945377349853516,536.3319091796875,995.9806518554688,0.5336582660675049,523.333984375,1006.6575317382812,0.6366087198257446,547.705078125,991.1064453125,0.39099425077438354,529.1366577148438,1011.7638549804688,0.5478748679161072,545.1519165039062,994.35595703125,0.2630038559436798,536.3319091796875,1000.3906860351562,0.5230302214622498,550.95458984375,1022.2086181640625,0.6129646301269531,538.8850708007812,1025.690185546875,0.5853190422058105,550.7224731445312,1045.419189453125,0.6028904914855957,539.1171875,1048.2044677734375,0.5976747274398804,547.9371948242188,1069.326171875,0.6245385408401489,543.2951049804688,1067.701416015625,0.575226366519928,80.97193518323047,0.0,168.49592672979637,173.92768944292962,14.429809572377831,0.0,7.7295248846638485,13.458105940322984,12.373635734178537,0.0,42.242063005545084,47.21407142375006,-25.740669373943184,0.0,519.38818359375,991.1064453125,550.95458984375,1069.326171875,76.39074391840337,left_ear,left_ankle,0.0,67.6699376847917,544.9198303222656,1023.9494018554688,529.8329467773438,1001.319091796875,2.1497
131,576.0,522.0826416015625,1000.9513549804688,0.5910235643386841,522.603271484375,998.3482055664062,0.5868369340896606,520.2604370117188,999.9100952148438,0.609203577041626,525.7271118164062,994.964111328125,0.613587498664856,518.9588623046875,999.6497802734375,0.5230245590209961,533.796875,998.087890625,0.47074127197265625,524.1652221679688,1005.6370239257812,0.4849488437175751,538.2222290039062,989.2371826171875,0.24117055535316467,529.3715209960938,1011.1036987304688,0.26089200377464294,537.7015991210938,990.2784423828125,0.1688859462738037,530.673095703125,1003.0338745117188,0.1622655689716339,550.7173461914062,1021.776611328125,0.5695816278457642,539.003173828125,1025.4210205078125,0.5400267839431763,551.2379760742188,1045.9859619140625,0.5529728531837463,538.7428588867188,1048.589111328125,0.5756921172142029,547.8538818359375,1069.154052734375,0.5689289569854736,542.9078979492188,1067.8524169921875,0.563515841960907,0.0,0.0,167.15578670390767,170.4577695209473,0.0,0.0,0.0,0.0,0.0,0.0,42.61068267554607,47.463895566184746,0.0,0.0,518.9588623046875,994.964111328125,551.2379760742188,1069.154052734375,77.41925701890993,left_ear,left_ankle,0.0,0.0,544.8602600097656,1023.5988159179688,528.9810485839844,1001.8624572753906,2.166367
132,580.0,522.1734008789062,1000.14404296875,0.6100476980209351,522.4583740234375,997.5789184570312,0.6295509338378906,520.1782836914062,999.0039672851562,0.64359050989151,525.8786010742188,993.8737182617188,0.6331149339675903,519.6082153320312,999.2890014648438,0.6086702346801758,535.2840576171875,994.15869140625,0.5179193019866943,523.5984497070312,1006.1293334960938,0.6351476311683655,544.974609375,990.738525390625,0.34674936532974243,531.2938842773438,1004.7042846679688,0.5137171745300293,542.9794921875,986.4633178710938,0.3992493748664856,537.564208984375,994.728759765625,0.5800020098686218,550.389892578125,1022.375244140625,0.6868561506271362,538.7042846679688,1026.9354248046875,0.6714960932731628,551.8150024414062,1045.46142578125,0.6691344976425171,538.9892578125,1048.5966796875,0.6422406435012817,546.6846923828125,1069.9727783203125,0.6375272274017334,543.2645263671875,1069.1177978515625,0.5843023061752319,132.64352222375234,84.42276655326236,168.9853487909803,164.64606503317972,18.02818664138374,10.88294477940341,7.826268420422415,11.782532368251182,10.276396690731588,4.717827034442282,42.42815574852412,47.741530855994384,-39.22556063072251,-44.99977278276546,519.6082153320312,986.4633178710938,551.8150024414062,1069.9727783203125,83.59161736087522,left_wrist,left_ankle,83.59161736087522,74.60712168161866,544.5470886230469,1024.6553344726562,529.4412536621094,1000.1440124511719,2.183033
133,585.0,523.2952270507812,998.7078857421875,0.606218159198761,523.5984497070312,995.9793090820312,0.6213631629943848,520.8698120117188,997.4951782226562,0.6401650905609131,526.6302490234375,992.9474487304688,0.6242696642875671,520.263427734375,998.1015625,0.6285833120346069,537.5447387695312,995.0697631835938,0.5289684534072876,525.1143188476562,1005.6810913085938,0.6557818651199341,550.2783203125,992.3411254882812,0.43240898847579956,533.3002319335938,1001.7396850585938,0.5287976861000061,544.5178833007812,984.7615966796875,0.4205992817878723,539.6669921875,992.0379028320312,0.5463387966156006,549.6719970703125,1023.2655639648438,0.7018669843673706,538.151123046875,1027.2069091796875,0.6819936037063599,551.1878662109375,1045.397705078125,0.7077293992042542,538.4542846679688,1048.1263427734375,0.6548774242401123,546.64013671875,1070.258544921875,0.6915192604064941,542.0924682617188,1067.8331298828125,0.6098514795303345,148.98493034353774,64.8600029751527,170.3703336007155,165.71547464571466,19.94785434935815,12.445201538181557,9.085364950185648,11.604318786657164,13.022655742348206,9.520078336142085,40.81695739177032,47.09068311693172,-43.15250963567359,-55.922907401336445,520.263427734375,984.7615966796875,551.1878662109375,1070.258544921875,85.52328407104915,left_wrist,left_ankle,85.52328407104915,75.83402519889135,543.9115600585938,1025.2362365722656,531.3295288085938,1000.3754272460938,2.1997
134,589.0,523.7203979492188,995.2642822265625,0.5031406879425049,523.9815063476562,992.653076171875,0.521041750907898,521.3702392578125,993.6975708007812,0.5122283697128296,526.8538818359375,991.347412109375,0.5193811058998108,520.5869140625,995.7865600585938,0.5172297954559326,537.298828125,996.8310546875,0.38285619020462036,526.5927124023438,1003.6202392578125,0.5695043802261353,549.3104858398438,989.7807006835938,0.3722086548805237,535.2098388671875,999.4422607421875,0.5790793895721436,544.8713989257812,983.7748413085938,0.34043216705322266,540.6934204101562,988.997314453125,0.6058833003044128,550.0938720703125,1022.1600341796875,0.5910968780517578,538.0821533203125,1025.5545654296875,0.5896434783935547,550.6160888671875,1044.8778076171875,0.615820050239563,538.0821533203125,1047.7501220703125,0.6064708232879639,547.2214965820312,1068.6400146484375,0.6371310949325562,540.171142578125,1065.767578125,0.5494633913040161,143.56564381346547,83.94212833928759,173.38651053392584,170.5530830233705,20.31403200167639,15.093327543268096,9.576553293755255,11.796888128645962,13.927936409926716,7.468322399500193,40.26723564081126,46.56864959735316,-46.041564715478756,-59.88637507791212,520.5869140625,983.7748413085938,550.6160888671875,1068.6400146484375,84.89770671222891,left_wrist,left_ankle,84.89770671222891,76.77204021245653,544.0880126953125,1023.8572998046875,531.9457702636719,1000.2256469726562,2.216367
135,594.0,526.7591552734375,991.97119140625,0.43343251943588257,526.4949340820312,990.6500854492188,0.44086429476737976,524.3811645507812,990.6500854492188,0.44038891792297363,528.344482421875,990.914306640625,0.42773500084877014,522.7958374023438,993.8207397460938,0.48324882984161377,538.1207885742188,996.7271728515625,0.357377827167511,528.0802612304688,1002.0116577148438,0.5555505752563477,547.8970336914062,988.8004760742188,0.3662611246109009,535.478515625,998.3125610351562,0.5758715867996216,545.2548217773438,980.3453369140625,0.36135393381118774,540.498779296875,988.0078125,0.6166459321975708,549.2181396484375,1022.3568725585938,0.5574687719345093,538.1207885742188,1024.73486328125,0.5668177604675293,550.2750244140625,1046.6654052734375,0.6034426689147949,538.385009765625,1047.9864501953125,0.6352868676185608,547.1043701171875,1068.0675048828125,0.628682017326355,539.1776733398438,1065.689453125,0.5868591070175171,142.53926230833957,111.68164664104275,178.08730906950214,169.08356728293643,18.717031596034683,17.867819632693198,8.27148622267341,11.462586519104349,12.586003749851827,8.858366780418473,40.968224695214715,45.75947911756812,-48.433598711873124,-66.4676282853927,522.7958374023438,980.3453369140625,550.2750244140625,1068.0675048828125,87.74166389007566,left_wrist,left_ankle,87.74166389007566,77.69287361876476,543.6694641113281,1023.5458679199219,533.1005249023438,999.3694152832031,2.233033
136,599.0,527.4935913085938,991.6203002929688,0.49479997158050537,526.9696655273438,990.310546875,0.4938770532608032,524.8740844726562,990.572509765625,0.5023584365844727,528.8033447265625,990.572509765625,0.4455556869506836,523.0404663085938,993.9778442382812,0.5358338952064514,537.1857299804688,996.073486328125,0.4044370651245117,528.0175170898438,1002.0983276367188,0.5654405951499939,547.6637573242188,986.9052124023438,0.41335609555244446,537.1857299804688,995.28759765625,0.5598172545433044,543.9964599609375,977.4749755859375,0.4239864647388458,540.85302734375,985.595458984375,0.5509761571884155,548.9735107421875,1021.7445678710938,0.5526003241539001,537.7096557617188,1024.6260986328125,0.558941125869751,550.0213012695312,1046.10595703125,0.6092060804367065,537.9716186523438,1047.9395751953125,0.6382123827934265,546.8779296875,1068.3717041015625,0.6401901245117188,538.2335205078125,1066.5380859375,0.5874001979827881,147.33287320187154,109.93550898860265,179.83695445128535,169.5015688959773,20.90681700390192,19.806328400138167,11.421128248762392,10.362751660904767,13.922869811735403,10.118222984508371,41.91526111215921,46.674203721236175,-52.12513371241086,-69.88739069458234,523.0404663085938,977.4749755859375,550.0213012695312,1068.3717041015625,90.94238903079427,left_wrist,left_ankle,90.94238903079427,80.98500277295965,543.3415832519531,1023.1853332519531,532.6016235351562,999.0859069824219,2.2497
137,604.0,527.475341796875,990.5371704101562,0.4094632565975189,526.9334716796875,988.6405639648438,0.41944050788879395,524.7659301757812,989.1824951171875,0.4336395859718323,529.3719482421875,988.9114990234375,0.4365321397781372,522.8693237304688,992.4337768554688,0.49298611283302307,538.583984375,995.9559936523438,0.3572766184806824,528.0172119140625,1001.1038818359375,0.5433779358863831,550.7763671875,988.0986938476562,0.3962041437625885,538.0421142578125,994.8722534179688,0.5045931935310364,546.4412841796875,979.6995239257812,0.43346062302589417,541.5643310546875,984.847412109375,0.5356652736663818,549.421630859375,1021.9664306640625,0.5878212451934814,538.0421142578125,1024.94677734375,0.6004249453544617,549.6925659179688,1045.538330078125,0.6534090042114258,538.0421142578125,1048.5186767578125,0.6564672589302063,546.983154296875,1069.1103515625,0.686333954334259,536.4164428710938,1065.8590087890625,0.6099175214767456,141.22456660592164,95.49976550704446,174.6441234897938,172.78456356961786,21.161220309351993,18.05574612668735,11.803891720164158,10.625603720574,14.504873624657598,9.451931022873282,40.94451720673249,47.2069427693003,-50.194301953171085,-64.20395606744208,522.8693237304688,979.6995239257812,550.7763671875,1069.1103515625,89.41246961082626,left_wrist,left_ankle,89.41246961082626,81.174993374457,543.7318725585938,1023.4566040039062,533.3005981445312,998.5299377441406,2.266367
138,609.0,527.374267578125,990.8375854492188,0.5487083196640015,527.1103515625,988.7262573242188,0.5757770538330078,524.735107421875,989.5180053710938,0.5737366676330566,530.0133666992188,988.46240234375,0.6053788661956787,523.1516723632812,992.4210815429688,0.6254388093948364,537.4029541015625,994.7962646484375,0.5090817213058472,527.63818359375,1000.6023559570312,0.6382773518562317,547.95947265625,985.8232421875,0.4398939609527588,539.5142211914062,990.8375854492188,0.6060160398483276,545.84814453125,976.8502197265625,0.499666690826416,542.6812133789062,979.7532348632812,0.588201642036438,549.0150756835938,1020.9236450195312,0.6307001113891602,537.6668701171875,1023.82666015625,0.6421915888786316,549.5429077148438,1044.939697265625,0.6760163903236389,537.6668701171875,1047.31494140625,0.6798744201660156,547.167724609375,1068.4278564453125,0.7152663469314575,535.5555419921875,1064.9970703125,0.6347029805183411,145.3734462933316,117.12378495111724,173.19085554198284,172.96667003550772,25.70950399169438,19.83385413205514,15.375012588326216,11.52790819826646,13.854790365788663,9.218071302387767,41.22451186958154,47.54011789191044,-54.188848643976314,-64.79889512339903,523.1516723632812,976.8502197265625,549.5429077148438,1068.4278564453125,91.58714341311193,left_wrist,left_ankle,91.58714341311193,85.54114024728094,543.3409729003906,1022.3751525878906,532.5205688476562,997.6993103027344,2.283033
139,616.0,529.7957763671875,988.8220825195312,0.5433731079101562,529.0089721679688,987.2484130859375,0.553004264831543,526.9107666015625,988.0352783203125,0.551884651184082,530.5826416015625,987.77294921875,0.5003429055213928,524.5502319335938,991.1825561523438,0.5803365707397461,537.6641235351562,995.1167602539062,0.46332234144210815,529.0089721679688,999.575439453125,0.6069228649139404,545.5324096679688,985.1502075195312,0.4026939570903778,540.8114624023438,989.3466186523438,0.6100901365280151,546.3192749023438,975.9705200195312,0.45881789922714233,542.90966796875,977.8064575195312,0.5602594017982483,548.1552124023438,1021.8690185546875,0.5611342787742615,537.40185546875,1024.2294921875,0.5813858509063721,549.4666137695312,1046.2608642578125,0.6069371700286865,537.40185546875,1047.5721435546875,0.632007360458374,547.3683471679688,1067.767578125,0.660945475101471,534.2545166015625,1065.144775390625,0.6004413366317749,141.21919135217087,146.60930389312708,169.8457268962978,171.35018484386666,25.82862594430816,21.011667242304398,15.61818013428621,11.729355718460177,12.698114036142819,9.213350069042436,41.0361565151615,45.90530391497907,-57.43952352260489,-65.67442060586156,524.5502319335938,975.9705200195312,549.4666137695312,1067.767578125,91.80305239716874,left_wrist,left_ankle,91.80305239716874,87.76612908030718,542.7785339355469,1023.0492553710938,533.3365478515625,997.3460998535156,2.2997
140,622.0,529.4850463867188,988.4207763671875,0.5012797117233276,528.44921875,986.8670043945312,0.5159404277801514,526.6365356445312,987.6439208984375,0.5085145235061646,530.5208740234375,987.6439208984375,0.4958392083644867,524.5648803710938,990.492431640625,0.5510612726211548,537.2537841796875,995.41259765625,0.4336187243461609,529.4850463867188,998.779052734375,0.5811842083930969,544.7635498046875,987.1259765625,0.3701600432395935,540.6202392578125,989.4566040039062,0.6000117063522339,546.835205078125,978.5803833007812,0.40881890058517456,542.4329223632812,978.83935546875,0.5425435304641724,547.0941772460938,1022.34423828125,0.5326341986656189,536.4769287109375,1024.4158935546875,0.5502517819404602,548.9068603515625,1047.2041015625,0.6014585494995117,536.9948120117188,1049.016845703125,0.6083388924598694,547.0941772460938,1067.6617431640625,0.6348000168800354,532.8515014648438,1065.072265625,0.5688329339027405,139.624959668834,151.44246912113408,164.3238089576878,170.76603458934838,23.77475592617551,19.368197297153475,14.522416142249728,10.77087677480944,11.183231594392298,8.793117750075584,40.81769607212545,45.3175048828125,-57.00225324332252,-60.35011959384093,524.5648803710938,978.5803833007812,548.9068603515625,1067.6617431640625,89.08173629692676,left_wrist,left_ankle,89.08173629692676,86.76357772964931,541.7855529785156,1023.3800659179688,533.3694152832031,997.0958251953125,2.316367
141,628.0,530.2492065429688,988.1791381835938,0.5781444311141968,529.980224609375,986.5653076171875,0.5971626043319702,527.5594482421875,987.3721923828125,0.5761183500289917,531.8630981445312,987.1032104492188,0.5483675599098206,525.138671875,990.0619506835938,0.597376823425293,537.7805786132812,994.6345825195312,0.4505620002746582,528.6353759765625,998.1312866210938,0.6083354353904724,546.118896484375,987.1032104492188,0.34605956077575684,539.6634521484375,990.5999145507812,0.5705646276473999,546.92578125,979.3029174804688,0.41651761531829834,543.4290771484375,979.3029174804688,0.5815201997756958,546.6567993164062,1020.9943237304688,0.5683146715164185,536.4357299804688,1023.4151000976562,0.5834351778030396,548.8086547851562,1046.0091552734375,0.6149295568466187,536.4357299804688,1048.698974609375,0.6358051300048828,546.92578125,1066.9893798828125,0.64803546667099,531.5941162109375,1065.1065673828125,0.5995588302612305,142.76499035908503,137.99495194676845,163.5595268184623,169.9550578056786,23.944959362220175,17.852021850105913,13.354401121508982,11.908067620200777,11.23606293062141,7.841915162976988,41.97165315165187,45.99584265711255,-51.842806223591815,-59.18429719976768,525.138671875,979.3029174804688,548.8086547851562,1066.9893798828125,87.7561543608853,right_wrist,left_ankle,87.68646240234375,86.61600681719358,541.5462646484375,1022.2047119140625,533.2079772949219,996.3829345703125,2.333033
142,634.0,531.1931762695312,987.7643432617188,0.5389079451560974,530.6860961914062,986.2430419921875,0.5444527864456177,528.4041137695312,987.003662109375,0.5448594689369202,532.2073974609375,987.003662109375,0.46144142746925354,525.6150512695312,989.792724609375,0.5648472309112549,538.2926635742188,994.356689453125,0.3960961103439331,528.9112548828125,997.3992919921875,0.5981473922729492,547.1669921875,987.2572021484375,0.3538333773612976,540.3211059570312,989.5391845703125,0.5647820234298706,548.1812133789062,980.1577758789062,0.4176984429359436,543.8707885742188,978.636474609375,0.5569813847541809,546.659912109375,1020.9796752929688,0.551628589630127,535.7571411132812,1023.008056640625,0.5837183594703674,548.6882934570312,1045.3206787109375,0.6058622598648071,535.5036010742188,1047.6026611328125,0.6290582418441772,547.4205322265625,1066.1119384765625,0.6365270614624023,531.953857421875,1065.0977783203125,0.6336039304733276,142.5965928189696,136.7901438962219,169.12106628266463,171.74711176902733,23.996478166703746,17.302964021459406,13.855179183946529,11.46600763889022,11.364700978288926,7.171505977241315,42.261207246254486,45.13867214524417,-51.434757629044455,-55.14548816315065,525.6150512695312,978.636474609375,548.6882934570312,1066.1119384765625,87.54745832276903,right_wrist,left_ankle,85.95752848750283,87.2786932044968,541.2085266113281,1021.9938659667969,533.6019592285156,995.8779907226562,2.3497
143,639.0,532.0552978515625,987.6156005859375,0.5784985423088074,532.0552978515625,986.0150756835938,0.5775994062423706,529.9212646484375,986.8153686523438,0.5789635181427002,533.3890380859375,986.8153686523438,0.4880076050758362,526.7202758789062,989.216064453125,0.6008954048156738,538.457275390625,994.81787109375,0.4598006010055542,528.8543090820312,996.6851196289062,0.6244568824768066,545.9263305664062,987.0820922851562,0.3760986328125,541.1248168945312,988.4158325195312,0.5990958213806152,546.9932861328125,978.5460815429688,0.4241921901702881,544.0590209960938,977.2123413085938,0.5920932292938232,545.392822265625,1021.4928588867188,0.5840603113174438,534.9895629882812,1023.360107421875,0.6174633502960205,547.5267944335938,1045.233642578125,0.6346872448921204,534.4560546875,1046.8341064453125,0.6610738039016724,547.5267944335938,1066.0401611328125,0.6517892479896545,530.98828125,1065.5067138671875,0.6396541595458984,138.65283040252413,143.12969411475623,170.78117752637476,174.86369410375394,24.70571512629551,18.37483645031036,14.796839908368918,11.581354369121946,10.753095321550573,8.60243416548047,42.33611567450609,44.59838533645018,-52.01661178324255,-62.318966060256194,526.7202758789062,977.2123413085938,547.5267944335938,1066.0401611328125,89.25659898867909,right_wrist,right_ankle,87.49570614825001,89.25659898867909,540.1911926269531,1022.4264831542969,533.6557922363281,995.7514953613281,2.366367
144,645.0,532.5996704101562,988.155517578125,0.5339149832725525,532.3300170898438,986.53759765625,0.5537389516830444,530.1728515625,987.076904296875,0.5565487146377563,532.8693237304688,987.3465576171875,0.4780716001987457,526.6673583984375,989.5037841796875,0.5780822038650513,538.8016357421875,994.8967895507812,0.44228410720825195,528.8245849609375,996.7843627929688,0.6100229024887085,546.0822143554688,988.155517578125,0.3450304865837097,539.8802490234375,989.5037841796875,0.5889077186584473,547.4304809570312,979.79638671875,0.3994036912918091,543.6553955078125,978.7177734375,0.6056936979293823,545.5429077148438,1021.3225708007812,0.5754289627075195,534.7568969726562,1023.2100830078125,0.6025451421737671,547.9697875976562,1045.3214111328125,0.609477698802948,533.9479370117188,1046.9393310546875,0.6345614194869995,547.4304809570312,1066.3541259765625,0.6603772044181824,530.4425048828125,1065.275634765625,0.6348522901535034,142.6566838671696,141.95986038641388,171.1296307107262,172.75678252108762,23.374229236841916,17.39192730640711,13.23761809416718,11.427587615462551,9.922276591261152,8.467165496967938,42.286222623853604,45.071098214865515,-50.61752708548112,-60.25499400252539,526.6673583984375,978.7177734375,547.9697875976562,1066.3541259765625,87.71762397887753,right_wrist,left_ankle,86.5577392578125,87.56051528153047,540.14990234375,1022.2663269042969,533.8131103515625,995.840576171875,2.382933
145,651.0,531.9664916992188,987.5895385742188,0.5245246887207031,531.9664916992188,985.9920043945312,0.5340782999992371,529.8363647460938,986.5245361328125,0.5288352370262146,533.2977905273438,986.790771484375,0.4748654365539551,526.6412353515625,988.9208984375,0.5499225854873657,539.4218139648438,994.7786254882812,0.43636655807495117,529.03759765625,996.1099243164062,0.5881707668304443,546.8771362304688,987.8558349609375,0.37508654594421387,540.2205810546875,989.1871337890625,0.5512167811393738,549.5397338867188,980.1342163085938,0.40473461151123047,545.0133056640625,979.0692138671875,0.5411496162414551,545.0133056640625,1021.6710205078125,0.5833909511566162,534.0965576171875,1023.2686157226562,0.6086761355400085,547.4096069335938,1045.3682861328125,0.622145414352417,533.5640258789062,1046.6995849609375,0.6366332173347473,547.6759033203125,1066.13671875,0.660107433795929,530.1026611328125,1064.805419921875,0.6510483026504517,147.10574198770186,151.90427696298386,170.479101398719,174.96041188784736,23.358276027245623,17.799747856854335,13.152343759771833,11.195647043685495,10.173832059249074,8.167791677760329,41.72837538428904,44.54534483472257,-46.84753517600332,-55.3591465326361,526.6412353515625,979.0692138671875,549.5397338867188,1066.13671875,87.10820760868431,right_wrist,left_ankle,86.02269636883256,87.02312536900251,539.554931640625,1022.4698181152344,534.2297058105469,995.4442749023438,2.3995
146,657.0,532.3909912109375,987.923828125,0.4521235227584839,532.6608276367188,986.0347900390625,0.46506693959236145,530.2321166992188,986.5745239257812,0.45624446868896484,534.5498657226562,986.8443603515625,0.4274486005306244,527.263671875,988.4635009765625,0.4661475419998169,541.2963256835938,995.7496948242188,0.36245378851890564,528.6129150390625,996.2894287109375,0.5714117288589478,556.4083862304688,1004.3851928710938,0.3172807991504669,536.7086791992188,992.78125,0.42493847012519836,550.7413330078125,986.3046875,0.32779359817504883,543.7250366210938,988.4635009765625,0.4944995641708374,545.3441772460938,1021.926025390625,0.5938040018081665,533.4703979492188,1023.0054321289062,0.6326812505722046,546.9633178710938,1044.864013671875,0.6576946973800659,532.9306640625,1046.2132568359375,0.6692444086074829,547.5030517578125,1065.9129638671875,0.686829149723053,530.501953125,1064.83349609375,0.6850898265838623,171.82132555197128,42.85223096118752,173.90090085551563,177.43116284030785,17.018265587707653,13.357257454623372,8.82319189436258,8.238460299163666,17.40534976637924,18.947827492949383,41.933263642620176,44.039885282528196,-27.377725580405016,-45.0,527.263671875,986.0347900390625,556.4083862304688,1065.9129638671875,81.09504471417856,left_wrist,right_ankle,79.67411205409574,77.50629710767964,539.4072875976562,1022.4657287597656,534.9546203613281,996.0195617675781,2.416267
147,662.0,532.2982788085938,988.190673828125,0.5256448984146118,532.566650390625,986.5804443359375,0.5357791185379028,530.1513061523438,987.1171875,0.536429762840271,533.6400756835938,987.6539306640625,0.4727333188056946,526.6625366210938,989.26416015625,0.5411537289619446,539.5441284179688,995.9733276367188,0.44566816091537476,528.5411376953125,996.7783813476562,0.572123110294342,549.4736938476562,990.3375854492188,0.3774571418762207,538.470703125,991.4110717773438,0.4903545379638672,551.0839233398438,983.3600463867188,0.41395726799964905,544.9114990234375,983.3600463867188,0.48395252227783203,544.6431274414062,1022.2732543945312,0.594296932220459,533.6400756835938,1023.6150512695312,0.6064594388008118,546.5216674804688,1045.352783203125,0.6328923106193542,533.1033325195312,1046.694580078125,0.6586917638778687,547.3267822265625,1066.0169677734375,0.6673390865325928,530.1513061523438,1065.2119140625,0.6744289398193359,157.05261744304156,132.5728616345237,172.27439277096263,177.57793103712316,21.166965846273012,17.09566409153308,11.28735051489114,10.310327911653332,11.417436648670856,7.160928039452973,41.742909662112034,43.82595650047804,-39.340530727810375,-47.544842913622226,526.6625366210938,983.3600463867188,551.0839233398438,1066.0169677734375,84.48610953483433,left_wrist,right_ankle,82.74226708566373,83.17205982543351,539.1416015625,1022.9441528320312,534.0426330566406,996.3758544921875,2.432933
148,667.0,532.27978515625,988.2022705078125,0.5506869554519653,532.54638671875,986.3359375,0.573267936706543,529.8801879882812,987.1358032226562,0.5667052268981934,533.8795166015625,987.4024047851562,0.5089693069458008,526.1473999023438,989.268798828125,0.5764284133911133,539.2119750976562,995.134521484375,0.5008851289749146,528.0137939453125,997.0008544921875,0.5918580293655396,548.5438232421875,988.7355346679688,0.3884815275669098,537.87890625,991.9349975585938,0.49214017391204834,551.4766845703125,982.6031494140625,0.4074200987815857,545.0776977539062,984.4695434570312,0.4800165891647339,544.27783203125,1022.3301391601562,0.6153463125228882,533.3462524414062,1023.6632690429688,0.6386085748672485,546.1442260742188,1045.259765625,0.6550873517990112,532.8130493164062,1046.8594970703125,0.6823747158050537,547.210693359375,1066.0565185546875,0.6843730807304382,530.1467895507812,1064.989990234375,0.7035477161407471,161.13927383931272,149.99883378909655,172.95088449323046,178.28215533343024,21.17098413982612,17.534491278998434,11.089785717304757,10.370901795854069,11.315052897319232,6.797633740673144,41.450385368784126,43.8246269867126,-36.2926442903493,-45.61614785406981,526.1473999023438,982.6031494140625,551.4766845703125,1066.0565185546875,85.10320770626531,left_wrist,right_ankle,83.56233303309104,81.89306667229646,538.8120422363281,1022.9967041015625,533.6128845214844,996.0676879882812,2.4496
149,672.0,532.044921875,987.1421508789062,0.5240881443023682,532.044921875,985.377685546875,0.5484066009521484,529.7763061523438,985.8818359375,0.5383756160736084,533.557373046875,986.3859252929688,0.49747976660728455,525.7432250976562,987.6463012695312,0.5457956194877625,538.850830078125,994.2000732421875,0.4689374566078186,528.263916015625,995.2083740234375,0.5091039538383484,549.1856689453125,988.1504516601562,0.41678497195243835,541.1194458007812,989.4107666015625,0.4168130159378052,551.9584350585938,980.3363037109375,0.40886709094047546,547.421142578125,980.084228515625,0.42726171016693115,543.64013671875,1022.4318237304688,0.5459493398666382,533.3052978515625,1023.4401245117188,0.5567602515220642,545.6566772460938,1045.6221923828125,0.592892587184906,533.05322265625,1046.6304931640625,0.607865571975708,547.1690673828125,1065.2835693359375,0.6249569654464722,530.0283813476562,1065.2835693359375,0.626009464263916,148.3203589937144,139.87976281686298,171.41168872214152,179.4289166333671,24.407767347884167,19.079135565838016,14.102372065550519,11.25591821852075,11.975258481406891,8.291510121277089,41.97156247426359,42.99680747529485,-38.29019870440239,-46.605913389632455,525.7432250976562,980.084228515625,551.9584350585938,1065.2835693359375,87.7323497515535,left_wrist,right_ankle,85.08217192748505,86.9565168313213,538.4727172851562,1022.9359741210938,533.557373046875,994.7042236328125,2.466267
150,677.0,531.3652954101562,987.8583984375,0.5422866940498352,531.622314453125,985.5450439453125,0.5723875164985657,528.537841796875,986.5731811523438,0.5587692260742188,532.9075317382812,985.8020629882812,0.548783004283905,525.1962890625,988.115478515625,0.5791057348251343,538.8194580078125,993.2562866210938,0.5245488882064819,526.9955444335938,995.8267211914062,0.5885650515556335,549.358154296875,989.1436157226562,0.4377569556236267,536.7631225585938,992.999267578125,0.4437068700790405,549.8722534179688,984.77392578125,0.44388556480407715,543.4462280273438,988.6295166015625,0.5036710500717163,543.189208984375,1021.2738037109375,0.602067232131958,532.3934326171875,1022.8160400390625,0.6309700012207031,546.0166625976562,1044.4075927734375,0.613986611366272,532.6504516601562,1045.9498291015625,0.6539855003356934,547.0447998046875,1065.4849853515625,0.6615041494369507,530.080078125,1065.4849853515625,0.6450616121292114,162.96563825041838,118.0280227814542,171.8677254035487,175.82439049237632,17.956189590493395,13.932506299876051,10.168582809970902,7.9848996426758605,11.31274420253346,4.399828188729228,42.73161011578711,44.37898334385337,-23.62946694374605,-37.50408679175459,525.1962890625,984.77392578125,549.8722534179688,1065.4849853515625,83.10237866505469,left_wrist,right_ankle,80.76056977818935,78.00908306084716,537.7913208007812,1022.044921875,532.9075012207031,994.54150390625,2.482933
151,682.0,532.1498413085938,987.7344360351562,0.5323934555053711,531.8921508789062,985.6728515625,0.548823893070221,529.5728149414062,986.188232421875,0.536562979221344,532.665283203125,985.9305419921875,0.5053468942642212,525.4495849609375,988.2498779296875,0.5562106370925903,538.5924682617188,993.66162109375,0.5098475217819214,528.026611328125,995.98095703125,0.5759203433990479,548.12744140625,987.7344360351562,0.4234059154987335,540.654052734375,989.7960815429688,0.4929226040840149,550.7044677734375,981.549560546875,0.46164411306381226,546.5812377929688,981.8073120117188,0.48218753933906555,543.2310791015625,1021.4935302734375,0.5794038772583008,532.4075927734375,1023.039794921875,0.5934574604034424,545.5504150390625,1045.4599609375,0.594973623752594,532.665283203125,1046.2330322265625,0.611121654510498,546.5812377929688,1066.076171875,0.6164593696594238,530.0882568359375,1065.560791015625,0.642142117023468,152.6686319617439,144.48597301899693,171.7688160349964,177.33488711215367,23.34879817869783,17.128997135356208,14.060759626486018,9.947460044767475,11.227076003383479,6.700279822717991,42.58420397278411,44.70833809739494,-37.37575294401337,-45.00014436295346,525.4495849609375,981.549560546875,550.7044677734375,1066.076171875,86.50384383536331,left_wrist,right_ankle,84.6271176874632,85.3619567846635,537.8193359375,1022.2666625976562,533.3095397949219,994.8212890625,2.4996
152,687.0,530.1596069335938,987.7195434570312,0.532149076461792,530.946533203125,985.6209716796875,0.5694668292999268,527.5364379882812,986.407958984375,0.5609492659568787,532.7827758789062,985.88330078125,0.5748863220214844,524.3886108398438,987.9818725585938,0.6106956005096436,538.5537109375,993.2281494140625,0.5611181259155273,526.224853515625,996.6383056640625,0.6204763650894165,549.8333740234375,989.8180541992188,0.4571889042854309,536.19287109375,992.9658813476562,0.4876982569694519,551.4072265625,984.3093872070312,0.47693932056427,544.0623779296875,987.7195434570312,0.4815692901611328,543.5377197265625,1021.5584106445312,0.6434805393218994,531.9957885742188,1023.1322631835938,0.6641902327537537,545.6362915039062,1044.11767578125,0.648112416267395,532.2581176757812,1045.953857421875,0.6831350326538086,546.4232177734375,1065.365234375,0.6912941932678223,530.1596069335938,1064.8406982421875,0.7031266093254089,166.53477326562006,122.76613701614808,173.00131535102975,176.8064044555132,19.942958570077927,15.644717422430105,10.622997448815513,9.457970136529012,11.783868155515036,5.729085777463063,41.74883373286373,43.901752861712474,-26.565051177077994,-34.75590130971082,524.3886108398438,984.3093872070312,551.4072265625,1065.365234375,83.28717426432333,left_wrist,right_ankle,81.20893241341471,78.36427474790955,537.7667541503906,1022.3453369140625,532.3892822265625,994.9332275390625,2.516267
153,692.0,530.311767578125,987.546630859375,0.4864204525947571,530.5693359375,985.2289428710938,0.5159252285957336,527.4790649414062,985.7440185546875,0.49999284744262695,532.1144409179688,985.7440185546875,0.5393637418746948,524.1312255859375,987.80419921875,0.5626713633537292,538.0374755859375,993.212158203125,0.5466781854629517,526.448974609375,996.8175048828125,0.5849612951278687,548.3384399414062,987.80419921875,0.47897857427597046,538.2950439453125,991.924560546875,0.4655137062072754,551.1712036132812,981.1085815429688,0.4900767207145691,545.5056762695312,985.7440185546875,0.482693076133728,542.930419921875,1020.7671508789062,0.6267640590667725,531.85693359375,1022.8273315429688,0.6373337507247925,545.2481689453125,1043.9442138671875,0.6039576530456543,532.3720092773438,1046.0045166015625,0.6199122667312622,546.5357666015625,1065.0611572265625,0.6398721933364868,529.5392456054688,1064.546142578125,0.6519683599472046,161.84146824963568,140.6313832034705,170.04050154609843,177.7785678592723,22.04041691128762,17.86032978039638,12.816796127988523,9.4969636111897,11.634254897900425,7.270202616222538,41.78314099966754,44.44049418049878,-30.160055276479692,-42.66256427396446,524.1312255859375,981.1085815429688,551.1712036132812,1065.0611572265625,86.1961031529105,left_wrist,right_ankle,84.08045099902324,80.40336845403642,537.3936767578125,1021.7972412109375,532.2432250976562,995.0148315429688,2.532933
154,697.0,530.9158935546875,987.6129760742188,0.534648060798645,531.4365234375,985.27001953125,0.5796405673027039,528.3125610351562,986.051025390625,0.5614604949951172,533.2588500976562,985.5303344726562,0.5712275505065918,524.4075927734375,987.8733520507812,0.6222193241119385,538.4654541015625,993.6005859375,0.5432566404342651,526.7506103515625,996.2039184570312,0.6014399528503418,549.1390380859375,987.8733520507812,0.4399537146091461,540.2877807617188,991.2576293945312,0.5092348456382751,550.9613647460938,981.104736328125,0.49927201867103577,548.618408203125,981.6253662109375,0.5803813934326172,543.1514282226562,1020.9353637695312,0.6278693675994873,531.9572143554688,1022.7576904296875,0.6470578908920288,545.4944458007812,1043.5841064453125,0.6114556789398193,532.217529296875,1045.6668701171875,0.6489644646644592,546.275390625,1064.9312744140625,0.6478739976882935,529.6141967773438,1064.9312744140625,0.6678153872489929,150.9270315131781,133.28566939074355,171.65282746459405,176.1888673790872,26.281833430506452,17.671843149378244,14.412520883017553,12.734985182776086,12.113075706222844,7.009638596768426,42.23861879203123,44.10668083785988,-33.690104430142675,-44.99986007160682,524.4075927734375,981.104736328125,550.9613647460938,1064.9312744140625,86.50196568725566,left_wrist,right_ankle,83.95741087561413,85.44609056863446,537.5543212890625,1021.8465270996094,532.6080322265625,994.9022521972656,2.5496
155,702.0,531.1618041992188,988.0005493164062,0.5903195142745972,531.9450073242188,985.6510620117188,0.6369171142578125,528.55126953125,986.4342041015625,0.6105942130088806,533.5112915039062,985.912109375,0.6089446544647217,524.1134033203125,988.0005493164062,0.6655982732772827,538.2102661132812,993.482666015625,0.5668612718582153,525.6796875,996.354248046875,0.6442574262619019,549.174560546875,988.5226440429688,0.4455898404121399,538.9934692382812,992.4384765625,0.5259195566177368,551.001953125,982.2573852539062,0.48857250809669495,547.6082153320312,983.5626220703125,0.5661352872848511,543.1702880859375,1021.1544189453125,0.647305965423584,531.6839599609375,1022.9817504882812,0.6718878746032715,545.519775390625,1042.2998046875,0.6351503133773804,532.2060546875,1045.432373046875,0.6637669801712036,546.302978515625,1064.7503662109375,0.682585597038269,529.8565673828125,1065.011474609375,0.6876546144485474,150.53407846774428,130.60143901192328,171.82505250363357,175.65779869240507,25.38672936800717,17.01864227208467,13.877681740565881,12.369100340213345,12.034017217694501,6.526318359420665,42.06943157840187,43.70835580658933,-30.25640741684663,-41.26840757814015,524.1134033203125,982.2573852539062,551.001953125,1065.011474609375,85.41291847981084,left_wrist,right_ankle,82.62670433677403,83.36088162227503,537.4271240234375,1022.0680847167969,531.9449768066406,994.91845703125,2.566267
156,707.0,531.1630249023438,987.4066772460938,0.5819648504257202,531.6797485351562,985.0816040039062,0.6335607171058655,528.57958984375,985.8566284179688,0.6250553131103516,533.7464599609375,985.0816040039062,0.6471141576766968,524.7044677734375,987.4066772460938,0.6830451488494873,538.913330078125,992.5735473632812,0.5994232296943665,524.9628295898438,995.4153442382812,0.6847535371780396,551.055419921875,987.9234008789062,0.4718654155731201,537.8799438476562,993.0902709960938,0.5152494311332703,552.34716796875,979.9147338867188,0.5347151160240173,546.9219360351562,984.3065795898438,0.5450369119644165,543.0468139648438,1020.9912719726562,0.6560361385345459,531.6797485351562,1022.5413208007812,0.6801464557647705,545.8885498046875,1041.9169921875,0.6487421989440918,531.6797485351562,1044.2420654296875,0.6718429327011108,546.4052734375,1064.392822265625,0.6744384765625,529.6129760742188,1065.42626953125,0.7019180059432983,146.03412078087143,120.11825153312817,174.4277450877857,173.5834867380868,24.609083849077756,18.458427861169334,13.124702142560007,12.605984984880838,13.00208475975457,8.112173568678061,42.93472226555359,43.53129699265312,-26.834127011046796,-43.29865600112519,524.7044677734375,979.9147338867188,552.34716796875,1065.42626953125,88.48201065404939,left_wrist,right_ankle,84.68679664962416,82.94579067752157,537.36328125,1021.7662963867188,531.9380798339844,993.9944458007812,2.582933
157,712.0,532.8143310546875,986.6236572265625,0.6227051019668579,532.5526123046875,984.5298461914062,0.6394694447517395,529.673583984375,985.0532836914062,0.6183995008468628,534.1229858398438,985.3150024414062,0.570827305316925,524.7007446289062,986.8853759765625,0.6492519378662109,538.3106079101562,993.1668701171875,0.5485224723815918,525.4859619140625,995.2606811523438,0.6181529760360718,546.9476318359375,987.9323120117188,0.4327735900878906,538.5723266601562,992.9051513671875,0.5312511920928955,549.5648803710938,983.7446899414062,0.39837023615837097,548.2562866210938,984.7915649414062,0.5891355276107788,542.7599487304688,1020.6483154296875,0.6103534698486328,532.0291137695312,1022.2186889648438,0.6467342376708984,545.1155395507812,1042.8951416015625,0.6224230527877808,531.7673950195312,1044.989013671875,0.656764030456543,545.9006958007812,1064.6185302734375,0.6592965126037598,529.411865234375,1065.14208984375,0.6578373312950134,150.2463626296538,153.22362459294416,173.99192808185657,176.02575367527953,25.061725429462197,14.67774260197737,13.296671118613244,12.633660008630214,10.099444581463198,4.9382353628139155,43.00312003687718,44.082242292846324,-24.69156107795575,-39.93637889849459,524.7007446289062,983.7446899414062,549.5648803710938,1065.14208984375,83.85511749418092,left_wrist,right_ankle,80.95680514086632,82.53071591524204,537.39453125,1021.4335021972656,531.8982849121094,994.2137756347656,2.5996
158,717.0,531.0430908203125,986.4891357421875,0.65486741065979,531.5557861328125,984.18212890625,0.6942516565322876,528.479736328125,984.9511108398438,0.6665763854980469,533.6064453125,984.9511108398438,0.6682308912277222,524.634765625,987.0017700195312,0.7477288246154785,538.220458984375,992.8974609375,0.6148685216903687,525.4037475585938,995.2044677734375,0.7137698531150818,548.2174682617188,991.3594360351562,0.46112796664237976,538.4767456054688,993.41015625,0.571855902671814,550.5244750976562,984.6947631835938,0.42284440994262695,547.9611206054688,984.18212890625,0.5931826233863831,542.32177734375,1020.06884765625,0.6693836450576782,531.0430908203125,1021.6068725585938,0.6713346242904663,545.6541137695312,1042.369873046875,0.6771618127822876,531.0430908203125,1044.6768798828125,0.6724811792373657,546.423095703125,1064.1583251953125,0.7372047901153564,529.5050659179688,1064.4146728515625,0.7176849842071533,143.6000659911376,117.8398213142774,175.54435210196087,173.52274833472958,25.106314601689252,14.787598282270968,13.195561063355289,13.232908138335379,10.114628766866657,7.052669335749166,42.83542093318245,44.27982432160773,-26.04178815208382,-33.69013311533672,524.634765625,984.18212890625,550.5244750976562,1064.4146728515625,82.44440284053387,left_wrist,right_ankle,79.56933454873275,82.3279239539325,536.6824340820312,1020.8378601074219,531.8121032714844,994.0509643554688,2.616267
159,723.0,529.126708984375,986.9017944335938,0.6830823421478271,530.3939819335938,984.6207275390625,0.7174792289733887,526.5922241210938,985.381103515625,0.7047479152679443,533.181884765625,984.8742065429688,0.7194639444351196,524.3111572265625,987.1552734375,0.7491331696510315,538.7577514648438,992.4776611328125,0.6458338499069214,525.324951171875,995.265625,0.7386820316314697,548.6422729492188,989.182861328125,0.46973541378974915,537.4905395507812,993.7449340820312,0.567386269569397,550.4164428710938,984.6207275390625,0.45453909039497375,547.12158203125,986.3948974609375,0.6006815433502197,542.0526123046875,1020.1036376953125,0.6767878532409668,530.90087890625,1021.370849609375,0.6744776368141174,544.840576171875,1042.4071044921875,0.6772941946983337,530.90087890625,1044.941650390625,0.6639509201049805,546.1077880859375,1064.2037353515625,0.7425289154052734,529.6336059570312,1064.710693359375,0.7224043607711792,149.77551653237535,129.68531510522809,176.33213323748487,176.20221969660224,23.53259280003248,14.059035912990794,12.260262699998375,12.115280334850402,10.419187623228586,4.894971258443885,43.3583675546282,44.28614979773725,-22.14519284217647,-33.97650816278652,524.3111572265625,984.6207275390625,550.4164428710938,1064.710693359375,82.74254610111622,left_wrist,right_ankle,79.6995585843616,80.24458358280742,536.4767456054688,1020.7372436523438,532.0413513183594,993.8716430664062,2.632933
160,729.0,531.517822265625,985.884521484375,0.6807919144630432,532.03759765625,983.5457153320312,0.7134151458740234,528.9191284179688,984.0654296875,0.6899302005767822,533.856689453125,984.585205078125,0.6715795993804932,525.0211181640625,986.1444091796875,0.7522991895675659,538.5343627929688,992.3812866210938,0.6264647245407104,525.0211181640625,994.7200927734375,0.7066039443016052,547.1100463867188,992.3812866210938,0.46259307861328125,536.1954956054688,994.7200927734375,0.5788230299949646,549.4488525390625,986.6641235351562,0.39982157945632935,547.6297607421875,986.404296875,0.6388366222381592,542.432373046875,1019.6676025390625,0.676775336265564,531.2579956054688,1021.226806640625,0.6696012616157532,545.2909545898438,1042.7960205078125,0.6947728991508484,530.9981079101562,1044.875,0.6816738843917847,545.8106689453125,1064.8848876953125,0.7449841499328613,529.1790161132812,1065.144775390625,0.7350368499755859,143.9727352269135,112.2487374040439,175.50142196899762,174.30202381628985,24.08948278087092,12.321202870206788,11.17437744140625,14.138418604683192,8.57568359375,6.177051721448297,43.96714835937069,45.343309981506934,-20.194274735669314,-27.646178894636495,525.0211181640625,983.5457153320312,549.4488525390625,1065.144775390625,81.4387400354142,right_ear,left_ankle,78.30532756882265,80.87331410441095,536.8451843261719,1020.4472045898438,531.7777404785156,993.5506896972656,2.6496
161,735.0,529.2615966796875,986.1433715820312,0.6393377184867859,530.30810546875,983.7887573242188,0.6915163993835449,526.906982421875,984.5736083984375,0.6640074849128723,533.4475708007812,984.31201171875,0.709148645401001,524.290771484375,986.4049682617188,0.721327543258667,538.6800537109375,992.9456176757812,0.6195461750030518,524.8140258789062,994.5153198242188,0.7076445817947388,545.743896484375,993.4688110351562,0.45419996976852417,535.8021850585938,994.7769775390625,0.5577294826507568,547.3136596679688,986.4049682617188,0.35957086086273193,547.3136596679688,987.1898803710938,0.5826054811477661,542.3427734375,1019.6312255859375,0.6738808751106262,531.3546142578125,1021.2009887695312,0.6713491678237915,545.2206420898438,1042.6541748046875,0.7009844183921814,531.0929565429688,1044.7470703125,0.693885326385498,545.743896484375,1065.15380859375,0.7588478326797485,529.2615966796875,1065.4154052734375,0.7398635745048523,145.24741509621808,98.29300765885857,175.57309123507272,174.2072204865683,23.662112835149003,10.831400951814203,10.991274126227948,13.78688112368003,7.083191796015359,7.236161356714731,44.26392830921401,45.649460037147904,-18.034233276665493,-37.146850467115776,524.290771484375,983.7887573242188,547.3136596679688,1065.4154052734375,81.77160721971757,left_ear,left_ankle,78.7644844463056,80.28144072187591,536.8486938476562,1020.4161071777344,531.7470397949219,993.73046875,2.666267
162,740.0,529.8107299804688,985.9253540039062,0.6535353660583496,530.9037475585938,983.7393188476562,0.7104347944259644,527.6246948242188,984.2858276367188,0.6805992126464844,533.6363525390625,984.0125732421875,0.7169909477233887,524.89208984375,986.1986083984375,0.7224242687225342,539.1015014648438,992.2102661132812,0.6290770769119263,524.6188354492188,994.3963623046875,0.6808265447616577,549.758544921875,990.0242309570312,0.4960295557975769,536.0956420898438,994.1231079101562,0.5202165842056274,551.3980712890625,982.9194946289062,0.4740679860115051,546.752685546875,987.2916259765625,0.5841915607452393,542.6538696289062,1020.3558349609375,0.6854779720306396,530.9037475585938,1021.7221069335938,0.7052448987960815,545.1131591796875,1043.0362548828125,0.725285530090332,531.177001953125,1044.67578125,0.7166758179664612,545.65966796875,1065.1700439453125,0.7710850238800049,529.5374755859375,1065.1700439453125,0.7611702680587769,148.70283268224884,114.58644699407414,174.74406678675112,175.22587681827383,23.246173845123344,15.411815733934882,11.480059173646481,12.658661882445173,10.878939514006571,7.291455616053776,43.469413725946964,44.91489898190849,-17.796091489103883,-37.07316182677864,524.6188354492188,982.9194946289062,551.3980712890625,1065.1700439453125,85.10604271933964,left_wrist,right_ankle,82.45048293076972,79.75845685138651,536.77880859375,1021.0389709472656,531.8601684570312,993.3033142089844,2.682933
163,745.0,529.5158081054688,986.0991821289062,0.6471923589706421,530.6478881835938,983.5519409179688,0.7047687768936157,526.9685668945312,984.1179809570312,0.6780781745910645,533.4781494140625,984.4010009765625,0.7298478484153748,523.8552856445312,986.3822021484375,0.7372531890869141,538.8556518554688,992.32568359375,0.6032044291496277,525.2704467773438,994.5899047851562,0.703311562538147,549.610595703125,989.4954833984375,0.49057233333587646,536.3084106445312,994.306884765625,0.5160017013549805,551.591796875,981.5707397460938,0.42457032203674316,547.6294555664062,987.5142822265625,0.57685387134552,542.8179931640625,1020.34521484375,0.6804847717285156,531.2139892578125,1021.477294921875,0.7210620641708374,545.6482543945312,1042.7042236328125,0.7244259119033813,531.2139892578125,1043.270263671875,0.737511396408081,545.365234375,1065.063232421875,0.7808266878128052,529.5158081054688,1065.063232421875,0.7968944311141968,150.50510998531914,118.77966971114985,175.544323123743,172.06050916569117,23.451859385154407,16.669679274802192,11.041591672616422,13.202481106852229,11.121099330182513,8.168642484452446,43.61900694628526,44.790507185163634,-17.56024145877486,-40.17917337078178,523.8552856445312,981.5707397460938,551.591796875,1065.063232421875,86.36171381675942,left_wrist,right_ankle,83.72434779549968,79.63632274743847,537.0159912109375,1020.9112548828125,532.0630493164062,993.4577941894531,2.6996
164,751.0,529.3914184570312,985.6614990234375,0.6247848868370056,530.4784545898438,983.2157592773438,0.6839118003845215,527.2174072265625,984.031005859375,0.6556103229522705,533.4677124023438,984.031005859375,0.7226324081420898,524.2280883789062,985.6614990234375,0.7179492712020874,539.174560546875,991.0965576171875,0.6072885394096375,523.9563598632812,993.5423583984375,0.702967643737793,550.5881958007812,990.0095825195312,0.4837026298046112,534.8264770507812,995.1728515625,0.6004169583320618,551.4034423828125,982.9439697265625,0.4809296131134033,546.5119018554688,988.6508178710938,0.6343000531196594,543.2508544921875,1019.9024047851562,0.6763125658035278,531.293701171875,1021.26123046875,0.703040361404419,545.1531372070312,1043.544921875,0.7315104603767395,531.0219116210938,1043.544921875,0.7326101064682007,545.1531372070312,1066.1004638671875,0.7910932898521423,529.3914184570312,1065.8287353515625,0.7750740647315979,142.3019851567157,102.02195706718148,176.5139481907,175.39987597510654,23.079853623712175,14.697286833687622,10.991722141140462,13.382304597409377,11.465277343882109,7.112489798212529,44.60808414409556,46.23720733861468,-12.236056203273526,-33.69006752597979,523.9563598632812,982.9439697265625,551.4034423828125,1066.1004638671875,85.7578775974566,left_wrist,right_ankle,83.39105966798958,79.05404416232112,537.2722778320312,1020.5818176269531,531.5654602050781,992.3194580078125,2.716267
165,,0.0,0.0,0.0,0.0,0.0,0.0,0.0,0.0,0.0,0.0,0.0,0.0,0.0,0.0,0.0,0.0,0.0,0.0,0.0,0.0,0.0,0.0,0.0,0.0,0.0,0.0,0.0,0.0,0.0,0.0,0.0,0.0,0.0,0.0,0.0,0.0,0.0,0.0,0.0,0.0,0.0,0.0,0.0,0.0,0.0,0.0,0.0,0.0,0.0,0.0,0.0,0.0,0.0,0.0,0.0,0.0,0.0,0.0,0.0,0.0,0.0,0.0,0.0,0.0,0.0,,,,,0.0,,,0.0,0.0,,,,,2.732933
166,,0.0,0.0,0.0,0.0,0.0,0.0,0.0,0.0,0.0,0.0,0.0,0.0,0.0,0.0,0.0,0.0,0.0,0.0,0.0,0.0,0.0,0.0,0.0,0.0,0.0,0.0,0.0,0.0,0.0,0.0,0.0,0.0,0.0,0.0,0.0,0.0,0.0,0.0,0.0,0.0,0.0,0.0,0.0,0.0,0.0,0.0,0.0,0.0,0.0,0.0,0.0,0.0,0.0,0.0,0.0,0.0,0.0,0.0,0.0,0.0,0.0,0.0,0.0,0.0,0.0,,,,,0.0,,,0.0,0.0,,,,,2.7496
167,,0.0,0.0,0.0,0.0,0.0,0.0,0.0,0.0,0.0,0.0,0.0,0.0,0.0,0.0,0.0,0.0,0.0,0.0,0.0,0.0,0.0,0.0,0.0,0.0,0.0,0.0,0.0,0.0,0.0,0.0,0.0,0.0,0.0,0.0,0.0,0.0,0.0,0.0,0.0,0.0,0.0,0.0,0.0,0.0,0.0,0.0,0.0,0.0,0.0,0.0,0.0,0.0,0.0,0.0,0.0,0.0,0.0,0.0,0.0,0.0,0.0,0.0,0.0,0.0,0.0,,,,,0.0,,,0.0,0.0,,,,,2.766267
168,,0.0,0.0,0.0,0.0,0.0,0.0,0.0,0.0,0.0,0.0,0.0,0.0,0.0,0.0,0.0,0.0,0.0,0.0,0.0,0.0,0.0,0.0,0.0,0.0,0.0,0.0,0.0,0.0,0.0,0.0,0.0,0.0,0.0,0.0,0.0,0.0,0.0,0.0,0.0,0.0,0.0,0.0,0.0,0.0,0.0,0.0,0.0,0.0,0.0,0.0,0.0,0.0,0.0,0.0,0.0,0.0,0.0,0.0,0.0,0.0,0.0,0.0,0.0,0.0,0.0,,,,,0.0,,,0.0,0.0,,,,,2.782933
169,,0.0,0.0,0.0,0.0,0.0,0.0,0.0,0.0,0.0,0.0,0.0,0.0,0.0,0.0,0.0,0.0,0.0,0.0,0.0,0.0,0.0,0.0,0.0,0.0,0.0,0.0,0.0,0.0,0.0,0.0,0.0,0.0,0.0,0.0,0.0,0.0,0.0,0.0,0.0,0.0,0.0,0.0,0.0,0.0,0.0,0.0,0.0,0.0,0.0,0.0,0.0,0.0,0.0,0.0,0.0,0.0,0.0,0.0,0.0,0.0,0.0,0.0,0.0,0.0,0.0,,,,,0.0,,,0.0,0.0,,,,,2.7996
170,,0.0,0.0,0.0,0.0,0.0,0.0,0.0,0.0,0.0,0.0,0.0,0.0,0.0,0.0,0.0,0.0,0.0,0.0,0.0,0.0,0.0,0.0,0.0,0.0,0.0,0.0,0.0,0.0,0.0,0.0,0.0,0.0,0.0,0.0,0.0,0.0,0.0,0.0,0.0,0.0,0.0,0.0,0.0,0.0,0.0,0.0,0.0,0.0,0.0,0.0,0.0,0.0,0.0,0.0,0.0,0.0,0.0,0.0,0.0,0.0,0.0,0.0,0.0,0.0,0.0,,,,,0.0,,,0.0,0.0,,,,,2.816267
171,,0.0,0.0,0.0,0.0,0.0,0.0,0.0,0.0,0.0,0.0,0.0,0.0,0.0,0.0,0.0,0.0,0.0,0.0,0.0,0.0,0.0,0.0,0.0,0.0,0.0,0.0,0.0,0.0,0.0,0.0,0.0,0.0,0.0,0.0,0.0,0.0,0.0,0.0,0.0,0.0,0.0,0.0,0.0,0.0,0.0,0.0,0.0,0.0,0.0,0.0,0.0,0.0,0.0,0.0,0.0,0.0,0.0,0.0,0.0,0.0,0.0,0.0,0.0,0.0,0.0,,,,,0.0,,,0.0,0.0,,,,,2.832933
172,,0.0,0.0,0.0,0.0,0.0,0.0,0.0,0.0,0.0,0.0,0.0,0.0,0.0,0.0,0.0,0.0,0.0,0.0,0.0,0.0,0.0,0.0,0.0,0.0,0.0,0.0,0.0,0.0,0.0,0.0,0.0,0.0,0.0,0.0,0.0,0.0,0.0,0.0,0.0,0.0,0.0,0.0,0.0,0.0,0.0,0.0,0.0,0.0,0.0,0.0,0.0,0.0,0.0,0.0,0.0,0.0,0.0,0.0,0.0,0.0,0.0,0.0,0.0,0.0,0.0,,,,,0.0,,,0.0,0.0,,,,,2.8496
173,,0.0,0.0,0.0,0.0,0.0,0.0,0.0,0.0,0.0,0.0,0.0,0.0,0.0,0.0,0.0,0.0,0.0,0.0,0.0,0.0,0.0,0.0,0.0,0.0,0.0,0.0,0.0,0.0,0.0,0.0,0.0,0.0,0.0,0.0,0.0,0.0,0.0,0.0,0.0,0.0,0.0,0.0,0.0,0.0,0.0,0.0,0.0,0.0,0.0,0.0,0.0,0.0,0.0,0.0,0.0,0.0,0.0,0.0,0.0,0.0,0.0,0.0,0.0,0.0,0.0,,,,,0.0,,,0.0,0.0,,,,,2.866267
174,,0.0,0.0,0.0,0.0,0.0,0.0,0.0,0.0,0.0,0.0,0.0,0.0,0.0,0.0,0.0,0.0,0.0,0.0,0.0,0.0,0.0,0.0,0.0,0.0,0.0,0.0,0.0,0.0,0.0,0.0,0.0,0.0,0.0,0.0,0.0,0.0,0.0,0.0,0.0,0.0,0.0,0.0,0.0,0.0,0.0,0.0,0.0,0.0,0.0,0.0,0.0,0.0,0.0,0.0,0.0,0.0,0.0,0.0,0.0,0.0,0.0,0.0,0.0,0.0,0.0,,,,,0.0,,,0.0,0.0,,,,,2.882933
175,,0.0,0.0,0.0,0.0,0.0,0.0,0.0,0.0,0.0,0.0,0.0,0.0,0.0,0.0,0.0,0.0,0.0,0.0,0.0,0.0,0.0,0.0,0.0,0.0,0.0,0.0,0.0,0.0,0.0,0.0,0.0,0.0,0.0,0.0,0.0,0.0,0.0,0.0,0.0,0.0,0.0,0.0,0.0,0.0,0.0,0.0,0.0,0.0,0.0,0.0,0.0,0.0,0.0,0.0,0.0,0.0,0.0,0.0,0.0,0.0,0.0,0.0,0.0,0.0,0.0,,,,,0.0,,,0.0,0.0,,,,,2.8996
176,,0.0,0.0,0.0,0.0,0.0,0.0,0.0,0.0,0.0,0.0,0.0,0.0,0.0,0.0,0.0,0.0,0.0,0.0,0.0,0.0,0.0,0.0,0.0,0.0,0.0,0.0,0.0,0.0,0.0,0.0,0.0,0.0,0.0,0.0,0.0,0.0,0.0,0.0,0.0,0.0,0.0,0.0,0.0,0.0,0.0,0.0,0.0,0.0,0.0,0.0,0.0,0.0,0.0,0.0,0.0,0.0,0.0,0.0,0.0,0.0,0.0,0.0,0.0,0.0,0.0,,,,,0.0,,,0.0,0.0,,,,,2.916267
177,,0.0,0.0,0.0,0.0,0.0,0.0,0.0,0.0,0.0,0.0,0.0,0.0,0.0,0.0,0.0,0.0,0.0,0.0,0.0,0.0,0.0,0.0,0.0,0.0,0.0,0.0,0.0,0.0,0.0,0.0,0.0,0.0,0.0,0.0,0.0,0.0,0.0,0.0,0.0,0.0,0.0,0.0,0.0,0.0,0.0,0.0,0.0,0.0,0.0,0.0,0.0,0.0,0.0,0.0,0.0,0.0,0.0,0.0,0.0,0.0,0.0,0.0,0.0,0.0,0.0,,,,,0.0,,,0.0,0.0,,,,,2.932933
178,,0.0,0.0,0.0,0.0,0.0,0.0,0.0,0.0,0.0,0.0,0.0,0.0,0.0,0.0,0.0,0.0,0.0,0.0,0.0,0.0,0.0,0.0,0.0,0.0,0.0,0.0,0.0,0.0,0.0,0.0,0.0,0.0,0.0,0.0,0.0,0.0,0.0,0.0,0.0,0.0,0.0,0.0,0.0,0.0,0.0,0.0,0.0,0.0,0.0,0.0,0.0,0.0,0.0,0.0,0.0,0.0,0.0,0.0,0.0,0.0,0.0,0.0,0.0,0.0,0.0,,,,,0.0,,,0.0,0.0,,,,,2.9496
179,,0.0,0.0,0.0,0.0,0.0,0.0,0.0,0.0,0.0,0.0,0.0,0.0,0.0,0.0,0.0,0.0,0.0,0.0,0.0,0.0,0.0,0.0,0.0,0.0,0.0,0.0,0.0,0.0,0.0,0.0,0.0,0.0,0.0,0.0,0.0,0.0,0.0,0.0,0.0,0.0,0.0,0.0,0.0,0.0,0.0,0.0,0.0,0.0,0.0,0.0,0.0,0.0,0.0,0.0,0.0,0.0,0.0,0.0,0.0,0.0,0.0,0.0,0.0,0.0,0.0,,,,,0.0,,,0.0,0.0,,,,,2.966167
180,,0.0,0.0,0.0,0.0,0.0,0.0,0.0,0.0,0.0,0.0,0.0,0.0,0.0,0.0,0.0,0.0,0.0,0.0,0.0,0.0,0.0,0.0,0.0,0.0,0.0,0.0,0.0,0.0,0.0,0.0,0.0,0.0,0.0,0.0,0.0,0.0,0.0,0.0,0.0,0.0,0.0,0.0,0.0,0.0,0.0,0.0,0.0,0.0,0.0,0.0,0.0,0.0,0.0,0.0,0.0,0.0,0.0,0.0,0.0,0.0,0.0,0.0,0.0,0.0,0.0,,,,,0.0,,,0.0,0.0,,,,,2.982733
181,,0.0,0.0,0.0,0.0,0.0,0.0,0.0,0.0,0.0,0.0,0.0,0.0,0.0,0.0,0.0,0.0,0.0,0.0,0.0,0.0,0.0,0.0,0.0,0.0,0.0,0.0,0.0,0.0,0.0,0.0,0.0,0.0,0.0,0.0,0.0,0.0,0.0,0.0,0.0,0.0,0.0,0.0,0.0,0.0,0.0,0.0,0.0,0.0,0.0,0.0,0.0,0.0,0.0,0.0,0.0,0.0,0.0,0.0,0.0,0.0,0.0,0.0,0.0,0.0,0.0,,,,,0.0,,,0.0,0.0,,,,,2.9995
