frame,tracker_id,nose_x,nose_y,nose_conf,left_eye_x,left_eye_y,left_eye_conf,right_eye_x,right_eye_y,right_eye_conf,left_ear_x,left_ear_y,left_ear_conf,right_ear_x,right_ear_y,right_ear_conf,left_shoulder_x,left_shoulder_y,left_shoulder_conf,right_shoulder_x,right_shoulder_y,right_shoulder_conf,left_elbow_x,left_elbow_y,left_elbow_conf,right_elbow_x,right_elbow_y,right_elbow_conf,left_wrist_x,left_wrist_y,left_wrist_conf,right_wrist_x,right_wrist_y,right_wrist_conf,left_hip_x,left_hip_y,left_hip_conf,right_hip_x,right_hip_y,right_hip_conf,left_knee_x,left_knee_y,left_knee_conf,right_knee_x,right_knee_y,right_knee_conf,left_ankle_x,left_ankle_y,left_ankle_conf,right_ankle_x,right_ankle_y,right_ankle_conf,right_elbow_angle,left_elbow_angle,right_knee_angle,left_knee_angle,right_shoulder_wrist_dist,left_shoulder_wrist_dist,right_upper_arm_len,right_forearm_len,left_upper_arm_len,left_forearm_len,right_hip_ankle_dist,left_hip_ankle_dist,right_shoulder_wrist_alpha,left_shoulder_wrist_alpha,pose_bbox_x1,pose_bbox_y1,pose_bbox_x2,pose_bbox_y2,max_kpt_distance,max_kpt_1_name,max_kpt_2_name,dist_lw_la,dist_rw_ra,mid_hip_x,mid_hip_y,mid_shoulder_x,mid_shoulder_y,timestamp
1,1.0,539.2062377929688,987.4714965820312,0.6203914880752563,541.1561279296875,985.0341796875,0.5786675214767456,538.2313232421875,985.0341796875,0.6941032409667969,543.8372802734375,985.5216064453125,0.5733819007873535,537.25634765625,985.5216064453125,0.547380805015564,545.2996826171875,994.0524291992188,0.7089824676513672,544.5684814453125,993.56494140625,0.536450982093811,545.5433959960938,1010.1390380859375,0.5532822608947754,545.0559692382812,1010.3828125,0.48751020431518555,541.1561279296875,1018.4260864257812,0.5673819780349731,540.9124145507812,1018.4260864257812,0.4692302346229553,557.2427978515625,1017.6948852539062,0.6350284218788147,559.68017578125,1016.9636840820312,0.4636044502258301,547.005859375,1041.8248291015625,0.5618767738342285,546.2745971679688,1043.0435791015625,0.4087452292442322,553.5867309570312,1069.8546142578125,0.6175978779792786,551.1493530273438,1069.3671875,0.5624567270278931,151.08406228543015,151.23472037549283,142.30443965819362,143.7986179369044,25.128536702710146,24.7233535760476,16.824934843091825,9.04783404431446,16.088454919143622,9.37674203939807,53.09333392560338,52.28770558074074,98.36592257029976,99.64812061740085,537.25634765625,985.0341796875,559.68017578125,1069.8546142578125,85.89957872686932,right_ear,left_ankle,52.90948276626242,51.959510082627766,558.4614868164062,1017.3292846679688,544.93408203125,993.8086853027344,0.0
2,7.0,539.7584838867188,987.1026611328125,0.6365032196044922,541.7183227539062,984.6529541015625,0.5997304916381836,538.5336303710938,984.6529541015625,0.7100114822387695,544.1680297851562,985.3878784179688,0.5938211679458618,537.0637817382812,985.6328125,0.5800738334655762,545.14794921875,993.9619750976562,0.7108732461929321,544.657958984375,993.4719848632812,0.5338815450668335,545.6378784179688,1010.3751831054688,0.5705949068069458,545.3928833007812,1010.3751831054688,0.4760568141937256,540.9833984375,1018.4593505859375,0.577006995677948,540.9833984375,1018.21435546875,0.46975192427635193,557.1516723632812,1017.7244262695312,0.6338738203048706,559.6013793945312,1016.989501953125,0.4580133557319641,546.8627319335938,1041.7318115234375,0.5732643604278564,546.372802734375,1043.20166015625,0.4112478196620941,553.7219848632812,1069.658935546875,0.6254478693008423,551.2722778320312,1069.4139404296875,0.5662103891372681,148.15295928953313,148.35895046481798,142.63385423568698,143.00187965767375,25.013742190864093,24.848840798384398,16.919167372111897,8.994230378455903,16.420518497537387,9.32834110337164,53.08197135017996,52.04763212890823,98.4474163431495,99.6480383789658,537.0637817382812,984.6529541015625,559.6013793945312,1069.658935546875,85.66145624283034,right_ear,left_ankle,52.76048790808663,52.2231609476817,558.3765258789062,1017.3569641113281,544.9029541015625,993.7169799804688,0.016567
3,13.0,540.41943359375,987.1582641601562,0.6632108092308044,542.3739624023438,984.715087890625,0.6279127597808838,538.9535522460938,984.715087890625,0.7342032194137573,544.817138671875,985.4480590820312,0.6178455352783203,536.7546997070312,985.6923828125,0.6108620166778564,545.3057861328125,994.2434692382812,0.7050731182098389,544.5728149414062,993.510498046875,0.5215580463409424,545.7943725585938,1010.8569946289062,0.5641487240791321,545.3057861328125,1010.3683471679688,0.45880573987960815,540.6637573242188,1018.4307861328125,0.5815415978431702,540.6637573242188,1018.1864624023438,0.46911466121673584,557.032958984375,1017.6978149414062,0.6276806592941284,559.9647216796875,1016.9649047851562,0.45206984877586365,547.2603149414062,1041.8851318359375,0.5664596557617188,546.7716674804688,1043.1068115234375,0.40610212087631226,553.612548828125,1069.492919921875,0.6294580101966858,551.1693725585938,1069.2486572265625,0.5670977830886841,146.81052792094803,144.20109492686862,143.67210188665328,145.04174134116866,24.983673635533584,24.628737889227924,16.873776215091652,9.092379076885255,16.62070824605255,9.147979581735157,53.018382996053155,51.90791948801991,99.00174143447164,100.86410217845862,536.7546997070312,984.715087890625,559.9647216796875,1069.492919921875,85.47933725064378,right_ear,left_ankle,52.6783893879051,52.131714835781146,558.4988403320312,1017.3313598632812,544.9393005371094,993.8769836425781,0.033333
4,19.0,537.72607421875,987.7930908203125,0.6923760175704956,539.3861694335938,985.4215698242188,0.6680734753608704,537.0146484375,985.4215698242188,0.7258596420288086,543.1806030273438,985.4215698242188,0.6437153816223145,536.7774658203125,985.8958740234375,0.5065876245498657,546.0264892578125,994.4334106445312,0.7096107006072998,543.89208984375,993.721923828125,0.5554333925247192,545.0778198242188,1011.5084228515625,0.5867263674736023,544.603515625,1010.559814453125,0.5126324892044067,540.3347778320312,1020.2831420898438,0.5578615665435791,541.2833862304688,1020.520263671875,0.4709770679473877,557.4098510742188,1017.6744384765625,0.6570086479187012,551.4810180664062,1017.9115600585938,0.47469362616539,548.6351318359375,1042.101318359375,0.5717787742614746,545.3150024414062,1042.5755615234375,0.5027326345443726,553.8525390625,1070.0853271484375,0.6336098313331604,550.76953125,1069.3739013671875,0.5652604103088379,159.14576323853794,154.78725288965927,154.45890878039333,149.67938941173048,26.925013517602277,26.46892885534182,16.85291331911756,10.499228916245608,17.101345431412735,9.974574930808684,51.46725936410559,52.53147361462834,95.55998043887259,102.41750379377318,536.7774658203125,985.4215698242188,557.4098510742188,1070.0853271484375,85.9035630443385,right_ear,left_ankle,51.60414232689448,49.76610154911108,554.4454345703125,1017.7929992675781,544.9592895507812,994.0776672363281,0.05
5,26.0,537.32470703125,987.676513671875,0.7057783603668213,539.03466796875,985.2337036132812,0.646741509437561,536.5918579101562,985.4779663085938,0.7218059301376343,543.1874389648438,985.2337036132812,0.6089953184127808,536.836181640625,985.4779663085938,0.4668195843696594,545.6302490234375,994.0277709960938,0.7081897258758545,543.676025390625,993.7835083007812,0.5499006509780884,545.1417236328125,1011.12744140625,0.6009864807128906,544.4088745117188,1010.3945922851562,0.5323708057403564,540.256103515625,1020.6543579101562,0.5677458643913269,540.74462890625,1020.165771484375,0.48547637462615967,557.355712890625,1017.7230224609375,0.6568893790245056,551.9815673828125,1017.7230224609375,0.46733859181404114,548.3173217773438,1042.1510009765625,0.5707442760467529,545.6302490234375,1042.8839111328125,0.472141295671463,553.6915283203125,1069.9990234375,0.6333024501800537,551.0044555664062,1069.510498046875,0.5652604699134827,156.91753782524444,154.48666775089166,154.42183705600067,148.7725877539798,26.54462084937384,27.163515432124495,16.627242073484332,10.435642711421382,17.106647397817568,10.706606465256323,51.79669270393462,52.404260577427095,96.3402644885811,101.41092523861646,536.5918579101562,985.2337036132812,557.355712890625,1069.9990234375,86.18533407651377,right_ear,left_ankle,51.14104668158288,50.40006034345937,554.6686401367188,1017.7230224609375,544.6531372070312,993.9056396484375,0.066667
6,33.0,536.7714233398438,987.8697509765625,0.7090935707092285,538.4727172851562,985.4393310546875,0.6607285141944885,536.5283813476562,985.682373046875,0.7144457697868347,542.361328125,985.4393310546875,0.6232684254646301,537.2575073242188,985.682373046875,0.4649847447872162,545.27783203125,993.9457397460938,0.7191958427429199,544.5487060546875,993.4596557617188,0.5571874976158142,544.791748046875,1010.9586791992188,0.5911675095558167,544.5487060546875,1010.4725952148438,0.5238662958145142,540.4169921875,1019.951171875,0.5690366625785828,541.1461181640625,1019.7081298828125,0.48442429304122925,557.429931640625,1017.520751953125,0.661382794380188,552.569091796875,1017.520751953125,0.46311289072036743,548.4373779296875,1041.824951171875,0.5761200785636902,545.5208740234375,1042.5540771484375,0.482230007648468,554.02734375,1069.774658203125,0.6333713531494141,551.11083984375,1069.28857421875,0.5701014995574951,159.77501680906022,155.69412782474768,152.46531875574388,148.38554556708004,26.468093963093683,26.45581720903244,17.012939453125,9.842393253507021,17.019882093468304,10.000170666199418,51.78835700120378,52.36457125516466,97.38606013627373,100.58734560505734,536.5283813476562,985.4393310546875,557.429931640625,1069.774658203125,85.7481185598117,right_ear,left_ankle,51.64902186434613,50.571890796198545,554.99951171875,1017.520751953125,544.9132690429688,993.7026977539062,0.083333
7,40.0,536.6266479492188,987.8299560546875,0.7050408124923706,538.0888061523438,985.3929443359375,0.6555304527282715,536.3829345703125,985.6366577148438,0.7054349184036255,541.7442626953125,985.3929443359375,0.6097700595855713,537.6014404296875,985.3929443359375,0.4575064778327942,545.1560668945312,993.1913452148438,0.7169348001480103,544.912353515625,993.1913452148438,0.5459305047988892,544.912353515625,1009.5191040039062,0.5599830150604248,544.4249877929688,1010.0065307617188,0.5097135901451111,540.7694702148438,1019.26708984375,0.5590413808822632,541.01318359375,1019.5107421875,0.4673731327056885,557.3410034179688,1017.3175048828125,0.6560536623001099,552.7107543945312,1017.3175048828125,0.45179906487464905,548.3241577148438,1042.1748046875,0.574030339717865,545.8871459960938,1042.662109375,0.46580731868743896,553.4418334960938,1069.468994140625,0.6307592391967773,551.7359619140625,1068.9815673828125,0.5557647943496704,161.91314710298428,157.82971208231808,152.4024768419729,149.44235847066096,26.606656743828633,26.442138498657375,16.82224688688922,10.098041528918246,16.329577559902326,10.591822788249736,51.67325782630591,52.29704922734539,98.42696902148067,99.54918268411494,536.3829345703125,985.3929443359375,557.3410034179688,1069.468994140625,85.5552464975617,right_ear,left_ankle,51.77663552380137,50.61956657668781,555.02587890625,1017.3175048828125,545.0342102050781,993.1913452148438,0.1
8,48.0,536.9708862304688,987.0117797851562,0.7039779424667358,538.4544067382812,984.5392456054688,0.6527457237243652,536.4763793945312,984.7864990234375,0.7139763832092285,542.6576538085938,984.7864990234375,0.6181005239486694,537.2181396484375,984.7864990234375,0.46152815222740173,545.37744140625,993.1930541992188,0.7127759456634521,543.8939208984375,993.1930541992188,0.5544925928115845,545.1301879882812,1008.7698974609375,0.5463443994522095,544.388427734375,1009.264404296875,0.510689377784729,541.1741333007812,1018.4126586914062,0.5563088655471802,540.6796264648438,1018.659912109375,0.4720313251018524,557.4927368164062,1017.4236450195312,0.651504397392273,552.7949829101562,1017.1763916015625,0.45419371128082275,548.09716796875,1041.9014892578125,0.573889970779419,545.8719482421875,1042.643310546875,0.4680481553077698,553.2894897460938,1069.8409423828125,0.6306514739990234,552.05322265625,1069.09912109375,0.5614128112792969,156.69636462898183,158.6029269198178,151.6410144820859,148.4733606049576,25.66890220718291,25.567484228446553,16.07895615306617,10.101028359113995,15.578805482220067,10.4227257873515,51.92802755923965,52.58555266234959,97.19353829382382,99.46241215236279,536.4763793945312,984.5392456054688,557.4927368164062,1069.8409423828125,86.55949762524368,right_ear,left_ankle,52.836069358353456,51.70563309055046,555.1438598632812,1017.3000183105469,544.6356811523438,993.1930541992188,0.116667
9,57.0,536.5183715820312,987.3672485351562,0.7025116682052612,537.98486328125,984.923095703125,0.6568083763122559,536.5183715820312,985.1675415039062,0.7078932523727417,541.8954467773438,984.923095703125,0.6154736280441284,537.98486328125,984.923095703125,0.4488992989063263,545.0728149414062,992.9887084960938,0.7104525566101074,544.3395385742188,992.9887084960938,0.5528181791305542,545.3171997070312,1008.1422119140625,0.5378423929214478,544.3395385742188,1009.119873046875,0.5069655179977417,541.4066162109375,1017.67431640625,0.5679241418838501,540.9177856445312,1017.918701171875,0.4692767262458801,557.2933959960938,1017.4298706054688,0.6442954540252686,553.8716430664062,1017.1854858398438,0.4466037154197693,548.2501220703125,1041.87109375,0.572950005531311,546.0504150390625,1042.35986328125,0.45919734239578247,553.627197265625,1069.7340087890625,0.6316710114479065,551.6719360351562,1069.000732421875,0.5681624412536621,158.74957024421204,156.7699699868764,150.82565981775622,148.7726349372892,25.163722457663766,24.956366943633032,16.13116455078125,9.44075047255863,15.155473920404475,10.303090765877098,51.86191752509766,52.43246975166972,97.81526925006197,98.44757116286412,536.5183715820312,984.923095703125,557.2933959960938,1069.7340087890625,86.2413682112545,right_ear,left_ankle,53.47479941343635,52.20177839164253,555.58251953125,1017.3076782226562,544.7061767578125,992.9887084960938,0.133333
10,65.0,536.2203979492188,987.1110229492188,0.6909682154655457,537.6971435546875,984.6497802734375,0.6455622911453247,536.2203979492188,984.8958740234375,0.6812120079994202,541.6351928710938,984.6497802734375,0.6128689050674438,538.435546875,984.6497802734375,0.4608575701713562,544.8348388671875,992.77197265625,0.7109518051147461,544.5887451171875,992.77197265625,0.5593466758728027,545.5732421875,1007.7857666015625,0.5457439422607422,544.5887451171875,1009.5086669921875,0.5151646733283997,541.1429443359375,1018.1231079101562,0.5918549299240112,540.8967895507812,1019.1076049804688,0.4806821346282959,557.6334838867188,1017.384765625,0.6554092168807983,554.433837890625,1017.1386108398438,0.45821666717529297,547.7883911132812,1041.5052490234375,0.5832638740539551,546.3116455078125,1042.48974609375,0.4632449150085449,553.4493408203125,1069.317626953125,0.6279404759407043,551.4802856445312,1068.825439453125,0.562388002872467,158.96219515372664,153.9857350952811,151.13144509442407,146.29166515451882,26.593158252090962,25.61855077657052,16.7366943359375,10.284461405790143,15.031940929093315,11.246695709581461,51.771147591772724,52.1011433552702,97.98020867824022,98.28575636881824,536.2203979492188,984.6497802734375,557.6334838867188,1069.317626953125,85.98871013108274,right_ear,left_ankle,52.65288381913689,50.83181537400438,556.0336608886719,1017.2616882324219,544.7117919921875,992.77197265625,0.15
11,72.0,536.8709106445312,986.9520874023438,0.6743013262748718,538.37353515625,984.4476928710938,0.6229888796806335,536.8709106445312,984.6981201171875,0.6926389336585999,541.6292724609375,984.4476928710938,0.6032711267471313,538.1231079101562,984.6981201171875,0.502396285533905,545.6362915039062,992.712158203125,0.708956241607666,544.1336669921875,992.712158203125,0.5590583682060242,545.3858642578125,1009.2412109375,0.5821323394775391,544.3840942382812,1009.2412109375,0.49819809198379517,540.8779296875,1019.0083618164062,0.564560055732727,540.8779296875,1018.7579345703125,0.47136980295181274,557.406982421875,1017.0048217773438,0.6548017859458923,553.39990234375,1016.75439453125,0.4585729241371155,548.1406860351562,1041.5478515625,0.5757266283035278,546.13720703125,1042.2991943359375,0.46850287914276123,553.39990234375,1069.3466796875,0.6347929835319519,551.6468505859375,1068.5953369140625,0.5652786493301392,158.9071160725289,156.09277446531303,152.2953138112716,148.60273617842347,26.248472183475304,26.723254510762324,16.530949703551087,10.14205198963637,16.530949703551087,10.757263145500238,51.87057448692519,52.49501671815614,97.12504939894112,100.25682229447162,536.8709106445312,984.4476928710938,557.406982421875,1069.3466796875,86.01603969897141,right_ear,left_ankle,51.87240157632138,50.98760957026346,555.4034423828125,1016.8796081542969,544.8849792480469,992.712158203125,0.166667
12,79.0,536.9213256835938,986.5706787109375,0.6749294996261597,538.4301147460938,984.0560302734375,0.6243078112602234,536.9213256835938,984.3074951171875,0.698124885559082,541.9505615234375,984.5589599609375,0.6063769459724426,537.9271850585938,984.5589599609375,0.5085875988006592,545.4710693359375,992.8572998046875,0.7057519555091858,543.7108154296875,992.8572998046875,0.5550293922424316,545.2196044921875,1008.9509887695312,0.5805954933166504,544.4652099609375,1008.9509887695312,0.49709635972976685,540.6932983398438,1019.009521484375,0.5559495687484741,540.9447631835938,1018.506591796875,0.465518057346344,557.5413818359375,1016.997802734375,0.6560299396514893,553.7694091796875,1016.746337890625,0.45616379380226135,547.9857177734375,1041.138427734375,0.5798472166061401,546.2254638671875,1041.892822265625,0.466564804315567,553.2664794921875,1069.0509033203125,0.6289247274398804,551.7576904296875,1068.2965087890625,0.5556972026824951,157.0915579345548,156.66759005641066,151.467057144021,147.69152063783324,25.798008154286137,26.58506713316014,16.111360451740673,10.18347164420322,16.095653421491644,11.030028456913739,51.589409106784835,52.22834547119338,96.15506263829307,100.35323792443977,536.9213256835938,984.0560302734375,557.5413818359375,1069.0509033203125,85.87306007336825,right_ear,left_ankle,51.59675164523197,50.95051746271316,555.6553955078125,1016.8720703125,544.5909423828125,992.8572998046875,0.183333
13,87.0,536.8763427734375,986.4636840820312,0.6969859600067139,538.3787231445312,983.959716796875,0.6463831663131714,536.6259155273438,984.2101440429688,0.7180341482162476,541.88427734375,984.2101440429688,0.6240170001983643,538.3787231445312,984.2101440429688,0.49641719460487366,545.3898315429688,992.7236328125,0.7187788486480713,543.887451171875,992.7236328125,0.5438535213470459,545.1394653320312,1008.7491455078125,0.5831620097160339,544.3882446289062,1008.7491455078125,0.4968000650405884,540.6322631835938,1019.0154418945312,0.5612415075302124,540.8826904296875,1018.2642211914062,0.46633005142211914,557.408935546875,1016.7618408203125,0.6554763317108154,553.9033813476562,1016.511474609375,0.4569077789783478,548.1442260742188,1040.5496826171875,0.5847139358520508,545.890625,1041.55126953125,0.45901378989219666,553.1521606445312,1069.094970703125,0.629387378692627,552.4010009765625,1068.0933837890625,0.5592005252838135,157.98524271431202,157.1921882022393,148.47359160724176,148.76985007229155,25.716730777035252,26.71878892278067,16.03333562407484,10.140294646023719,16.027468308725535,11.21212347001379,51.60378378957281,52.50596743133628,96.7098050307407,100.25682597465932,536.6259155273438,983.959716796875,557.408935546875,1069.094970703125,86.16082783197466,right_ear,left_ankle,51.62080044055071,51.14310239942348,555.6561584472656,1016.6366577148438,544.6386413574219,992.7236328125,0.2
14,95.0,537.65869140625,986.4536743164062,0.6801677942276001,539.41259765625,983.9481201171875,0.6346079111099243,537.1575927734375,984.1986694335938,0.7210474014282227,542.92041015625,984.1986694335938,0.6286666393280029,537.1575927734375,984.44921875,0.5320785045623779,545.6765747070312,993.21875,0.7142316102981567,543.672119140625,992.7176513671875,0.5396811962127686,545.1754150390625,1009.5050048828125,0.6107158064842224,544.1732177734375,1008.7532958984375,0.4932844638824463,540.4148559570312,1019.5272827148438,0.5758352279663086,540.6654052734375,1018.2744750976562,0.48292404413223267,557.2022094726562,1017.021728515625,0.6549874544143677,553.6943969726562,1016.7711791992188,0.45429015159606934,548.18212890625,1041.0751953125,0.5828148126602173,545.9271240234375,1041.826904296875,0.4711693823337555,553.44384765625,1068.8870849609375,0.6389463543891907,551.68994140625,1068.135498046875,0.5645155906677246,157.985232494376,156.35493406670153,150.42124386052447,148.73074821108113,25.733083131824454,26.82954673139495,16.04347204854406,10.146802544584775,16.2939638860755,11.09544842338223,51.4034151861663,52.001350778055176,96.70990032140335,101.30995803648243,537.1575927734375,983.9481201171875,557.2022094726562,1068.8870849609375,85.99415880374733,right_ear,left_ankle,51.05041334281039,51.06527202009412,555.4483032226562,1016.8964538574219,544.6743469238281,992.9682006835938,0.216667
15,103.0,537.1327514648438,986.2622680664062,0.6895684599876404,538.8878784179688,984.0057373046875,0.64493727684021,536.6312866210938,984.0057373046875,0.7190793752670288,542.6488647460938,984.2564086914062,0.6405707597732544,537.1327514648438,984.5071411132812,0.5302424430847168,545.6575927734375,993.0320434570312,0.7161241769790649,542.8995971679688,992.7813110351562,0.5421103239059448,545.1561279296875,1009.5802612304688,0.6117245554924011,543.9025268554688,1008.5773315429688,0.4975427985191345,540.3922729492188,1019.8602294921875,0.5733309984207153,540.6430053710938,1018.3558959960938,0.4840698838233948,557.4419555664062,1017.1022338867188,0.6557960510253906,553.1795654296875,1016.8515014648438,0.46073436737060547,548.1649169921875,1041.17236328125,0.5757501125335693,545.9083251953125,1041.924560546875,0.47598063945770264,553.4302978515625,1069.0035400390625,0.6429481506347656,551.6751708984375,1068.2513427734375,0.5688775777816772,157.93207157136524,156.8721703643964,151.47231351073728,148.20931706749175,25.673947932913123,27.33999193102046,15.827827767615553,10.307511972877938,16.555814038174926,11.330139528570763,51.4218522561593,52.05611374219536,95.04247501326027,101.10378182280928,536.6312866210938,984.0057373046875,557.4419555664062,1069.0035400390625,86.05377068816924,right_ear,left_ankle,50.84343679237991,51.1005311648857,555.3107604980469,1016.9768676757812,544.2785949707031,992.9066772460938,0.233333
16,111.0,536.5283813476562,986.34765625,0.7095503211021423,538.28564453125,983.8373413085938,0.6627600193023682,536.27734375,984.08837890625,0.724328875541687,542.5531616210938,984.08837890625,0.637580931186676,537.5325317382812,984.3394165039062,0.49763914942741394,545.3145141601562,992.87451171875,0.7156519889831543,543.3062744140625,992.6234741210938,0.5369338989257812,545.0634765625,1008.9404907226562,0.5962879657745361,544.059326171875,1008.4384155273438,0.4856381416320801,540.544921875,1019.2327880859375,0.5710655450820923,540.7959594726562,1018.2286987304688,0.4657498002052307,557.364013671875,1016.9735107421875,0.6543184518814087,553.5985717773438,1016.7224731445312,0.4567970633506775,548.326904296875,1040.821533203125,0.579535722732544,545.8165893554688,1041.5745849609375,0.4747353792190552,553.5985717773438,1068.93701171875,0.6438632607460022,551.5902709960938,1068.1839599609375,0.5704828500747681,158.83920783713637,157.1926202865711,150.37078385373397,148.626318822675,25.727984926954356,26.78633501649035,15.832860090112122,10.319845319139302,16.067940167594397,11.240494716787797,51.5006591936756,52.09975034875218,95.5993366840562,100.25681861819687,536.27734375,983.8373413085938,557.364013671875,1068.93701171875,86.10964381921059,right_ear,left_ankle,51.38976184721618,51.10817239805577,555.4812927246094,1016.8479919433594,544.3103942871094,992.7489929199219,0.25
17,119.0,536.1767578125,986.4588012695312,0.7395988702774048,537.6832275390625,983.9479370117188,0.6974256634712219,535.9256591796875,984.1990356445312,0.7318996787071228,542.2028198242188,984.1990356445312,0.6612519025802612,538.1854248046875,984.1990356445312,0.47061917185783386,545.2158813476562,992.7360229492188,0.7169202566146851,543.96044921875,992.7360229492188,0.5351492166519165,545.2158813476562,1009.0567016601562,0.5994678139686584,544.2115478515625,1008.8056030273438,0.4878844618797302,540.9473876953125,1019.351318359375,0.5826249122619629,541.198486328125,1018.3469848632812,0.4697583317756653,557.2681274414062,1017.0914916992188,0.6602743864059448,554.7572021484375,1016.58935546875,0.46456271409988403,548.2289428710938,1040.6937255859375,0.5832557082176208,545.9691772460938,1041.447021484375,0.46597617864608765,553.5017700195312,1069.066650390625,0.6455593109130859,551.4931030273438,1068.3134765625,0.5715242624282837,161.5792511345811,157.4794619167729,148.9112904344628,148.5164047778433,25.759460576121338,26.955407394991887,16.071541755869976,10.005823658409016,16.3206787109375,11.144468181296604,51.82701077616998,52.11144374536341,96.15516040353681,99.11136308714029,535.9256591796875,983.9479370117188,557.2681274414062,1069.066650390625,86.2386367206234,right_ear,left_ankle,51.27598613893338,51.0159722607727,556.0126647949219,1016.8404235839844,544.5881652832031,992.7360229492188,0.266667
18,127.0,536.4005126953125,986.5664672851562,0.7203585505485535,537.904052734375,984.0606079101562,0.6794313788414001,536.14990234375,984.3111572265625,0.7171517610549927,542.1640625,984.3111572265625,0.6539386510848999,538.1546020507812,984.3111572265625,0.4877520799636841,545.171142578125,992.8312377929688,0.7223697900772095,543.918212890625,992.5806274414062,0.553617000579834,545.171142578125,1009.1195678710938,0.5992032289505005,544.4193725585938,1008.8690185546875,0.5099602341651917,540.9111328125,1019.1431884765625,0.5797553062438965,541.1616821289062,1018.1408081054688,0.4882446527481079,557.4500732421875,1016.8878784179688,0.6658668518066406,554.4429931640625,1016.6372680664062,0.4724344313144684,548.17822265625,1040.9444580078125,0.5886183977127075,546.1735229492188,1041.6962890625,0.46277832984924316,553.4406127929688,1069.010498046875,0.6447947025299072,551.6864624023438,1068.2587890625,0.5733583569526672,158.87849922458514,156.97464759696052,150.0120784279215,148.30274446471205,25.70838963100988,26.654576192074224,16.296099105982947,9.827442617978184,16.288330078125,10.891310905744913,51.69506641634625,52.27660327597321,96.15525850571899,99.19661272075216,536.14990234375,984.0606079101562,557.4500732421875,1069.010498046875,86.06765048382422,right_ear,left_ankle,51.41727756661517,51.21116103949886,555.946533203125,1016.7625732421875,544.544677734375,992.7059326171875,0.283333
19,135.0,536.520751953125,986.4127197265625,0.7235144376754761,538.0260620117188,983.90380859375,0.6834816932678223,536.2698364257812,984.1546630859375,0.7263729572296143,542.5421142578125,984.1546630859375,0.6606496572494507,538.0260620117188,984.4055786132812,0.4926708936691284,545.3018798828125,992.9358520507812,0.7309207320213318,544.0474243164062,992.6849365234375,0.5540783405303955,545.3018798828125,1009.7454833984375,0.6062231063842773,544.29833984375,1008.9927978515625,0.5087869167327881,540.5349731445312,1019.5302124023438,0.5754752159118652,541.0367431640625,1018.02490234375,0.4930794835090637,557.3446044921875,1017.0213012695312,0.6663690805435181,554.0830688476562,1016.7704467773438,0.470364511013031,548.0616455078125,1040.8558349609375,0.592149019241333,546.0545654296875,1041.8594970703125,0.464699923992157,553.5812377929688,1069.20654296875,0.6423512697219849,551.5741577148438,1068.453857421875,0.5744669437408447,159.26327258520388,154.02566464485807,150.53018439524936,147.70323847110666,25.518190938538016,27.018205017362472,16.309791528380032,9.602964357881485,16.80963134765625,10.884131638828858,51.74427089952661,52.32076433041348,96.7756386535612,100.1620687710335,536.2698364257812,983.90380859375,557.3446044921875,1069.20654296875,86.21581669973943,right_ear,left_ankle,51.3609077005064,51.51811929492929,555.7138366699219,1016.8958740234375,544.6746520996094,992.8103942871094,0.3
20,143.0,536.6793212890625,986.5519409179688,0.6863013505935669,538.1876831054688,984.289306640625,0.6460072994232178,536.6793212890625,984.289306640625,0.6988390684127808,542.4615478515625,984.5407104492188,0.6442989706993103,537.9363403320312,984.7921142578125,0.5137683153152466,545.2269897460938,992.8369750976562,0.7176133394241333,543.4671630859375,993.08837890625,0.544674813747406,545.2269897460938,1008.9266967773438,0.588309645652771,544.2213745117188,1008.9266967773438,0.5030320882797241,541.2045288085938,1019.2341918945312,0.5669472217559814,541.2045288085938,1018.47998046875,0.48530495166778564,557.545654296875,1017.2229614257812,0.6618303060531616,553.5232543945312,1017.2229614257812,0.4676515758037567,548.2437744140625,1041.1060791015625,0.5892593860626221,545.7297973632812,1041.8603515625,0.48096132278442383,553.7745971679688,1069.26318359375,0.6490576267242432,551.5120239257812,1068.5089111328125,0.5725466012954712,159.7479935592073,158.68197199892805,150.2041469687258,147.60735658842475,25.492213395108777,26.701933387208744,15.85626525574628,10.018312596687748,16.0897216796875,11.064567211805327,51.32537077655228,52.176676735501474,95.09215165201265,98.66419462025732,536.6793212890625,984.289306640625,557.545654296875,1069.26318359375,85.94307380096363,right_ear,left_ankle,51.58397647525692,51.07972551786489,555.5344543457031,1017.2229614257812,544.3470764160156,992.9626770019531,0.316667
21,151.0,536.2431640625,986.7261962890625,0.7258092164993286,538.0076904296875,984.2054443359375,0.686684787273407,536.2431640625,984.45751953125,0.724539041519165,542.2929077148438,984.45751953125,0.6626026630401611,538.259765625,984.7095947265625,0.5019949674606323,545.3178100585938,993.028076171875,0.7193108797073364,543.5532836914062,993.028076171875,0.5569827556610107,545.0657348632812,1009.4129028320312,0.6027476787567139,544.3095092773438,1009.1608276367188,0.5208137035369873,540.5284423828125,1019.495849609375,0.5867354273796082,541.2846069335938,1018.2354736328125,0.4965989589691162,557.6694946289062,1017.479248046875,0.6722950339317322,553.3842163085938,1017.2271728515625,0.4878278970718384,548.3427124023438,1041.678466796875,0.6015102863311768,545.5698852539062,1041.9305419921875,0.5019479990005493,553.8883666992188,1069.4066162109375,0.6597071886062622,551.1155395507812,1068.650390625,0.584374189376831,158.88114930908355,156.6538198617202,150.7212909305424,147.61252477837928,25.30928250632793,26.897603489393788,16.150465843536672,9.56552320281774,16.386765592619515,11.056800566532118,51.473237904816294,52.064848918120894,95.14278932888527,100.25673820633514,536.2431640625,984.2054443359375,557.6694946289062,1069.4066162109375,86.1268751311793,right_ear,left_ankle,51.667903000758116,51.3644925162591,555.52685546875,1017.3532104492188,544.435546875,993.028076171875,0.333333
22,159.0,537.1066284179688,986.775146484375,0.70308518409729,538.6087036132812,984.271728515625,0.6542273759841919,536.8563232421875,984.5220947265625,0.7265104055404663,542.3638305664062,984.7723999023438,0.6370944976806641,537.857666015625,984.7723999023438,0.5073899626731873,545.1176147460938,993.0337524414062,0.7334131598472595,543.8659057617188,993.0337524414062,0.5437608957290649,545.1176147460938,1010.0570678710938,0.6236019134521484,544.3665771484375,1009.3060302734375,0.5137754678726196,540.361083984375,1020.3211669921875,0.5932742357254028,540.86181640625,1018.819091796875,0.4969794750213623,557.3844604492188,1017.5673828125,0.664574384689331,553.879638671875,1017.3170166015625,0.4687426686286926,548.3720703125,1041.600341796875,0.5927254557609558,545.6182861328125,1042.10107421875,0.48853278160095215,553.6292724609375,1069.88916015625,0.6517841815948486,551.6265258789062,1068.8876953125,0.5737539529800415,158.0130707995899,155.13631646793317,148.92284644141196,148.9161280103,25.95974342192785,27.698873221728082,16.279978429970186,10.138130370471949,17.0233154296875,11.312661740493006,51.61987427304121,52.456361113179426,96.64521715329259,99.88800707278675,536.8563232421875,984.271728515625,557.3844604492188,1069.88916015625,86.56561930689791,right_ear,left_ankle,51.31306628688382,51.21273306547456,555.6320495605469,1017.4421997070312,544.4917602539062,993.0337524414062,0.35
23,167.0,537.1487426757812,986.9937744140625,0.704125702381134,538.8840942382812,984.5147705078125,0.6627028584480286,536.90087890625,984.5147705078125,0.7263696193695068,542.8505249023438,984.7626953125,0.6444278955459595,537.6445922851562,985.0105590820312,0.50300133228302,545.3295288085938,993.4392700195312,0.7284366488456726,543.59423828125,993.4392700195312,0.5404788851737976,544.833740234375,1010.0487060546875,0.6202260851860046,544.3379516601562,1009.5529174804688,0.5083571076393127,540.3714599609375,1020.2127075195312,0.5931550860404968,541.1151733398438,1018.97314453125,0.5001096725463867,557.2288208007812,1017.9815673828125,0.6561570167541504,552.7666015625,1017.4857788085938,0.46420204639434814,548.55224609375,1042.028076171875,0.5869318842887878,545.5774536132812,1042.2760009765625,0.49215489625930786,553.5103149414062,1070.041015625,0.6559274196624756,551.527099609375,1068.801513671875,0.5714014768600464,158.47096704892996,158.00694509278756,151.18572716032955,150.12234816280974,25.653937525532218,27.228650393739784,16.13080109868514,9.95625320038352,16.616833985939465,11.100399588125436,51.33070240752974,52.192082130407535,95.5454240075846,100.4915284621196,536.90087890625,984.5147705078125,557.2288208007812,1070.041015625,86.4979750937023,right_ear,left_ankle,51.53144475804372,50.904563448246414,554.9977111816406,1017.7336730957031,544.4618835449219,993.4392700195312,0.366667
24,175.0,537.3303833007812,987.005126953125,0.7063814997673035,539.0608520507812,984.5330200195312,0.6662285327911377,536.8359375,984.5330200195312,0.7321714162826538,543.0162353515625,984.7802124023438,0.643740177154541,537.3303833007812,985.0274658203125,0.504511296749115,545.2411499023438,993.1854248046875,0.7256131172180176,543.263427734375,993.4326171875,0.5412271022796631,544.9939575195312,1009.7485961914062,0.6116204261779785,544.0050659179688,1009.5014038085938,0.5204737186431885,540.2969360351562,1020.3787231445312,0.603366494178772,541.03857421875,1019.1426391601562,0.5060185194015503,557.3544921875,1017.6593627929688,0.658248782157898,552.9047241210938,1017.4121704101562,0.46452707052230835,548.7020874023438,1041.638916015625,0.5858850479125977,545.735595703125,1042.13330078125,0.485074520111084,553.6463623046875,1069.821044921875,0.6586320400238037,551.1742553710938,1068.8321533203125,0.5767973065376282,160.2549474664379,157.0163415567862,152.31399902339155,150.20861666859525,25.806107862296013,27.63911585713693,16.08589228701988,10.087293596686488,16.565015860539923,11.621601002625884,51.449092942203436,52.293319934240785,94.94585101126684,100.30480120157651,536.8359375,984.5330200195312,557.3544921875,1069.821044921875,86.34907195626856,right_ear,left_ankle,51.212794929197635,50.71271881781083,555.1296081542969,1017.5357666015625,544.2522888183594,993.3090209960938,0.383333
25,184.0,537.3095092773438,987.2742309570312,0.7019011974334717,539.0184936523438,984.8328247070312,0.6619927287101746,537.0653686523438,985.0769653320312,0.7269986867904663,542.9247436523438,985.0769653320312,0.6383382081985474,537.5536499023438,985.0769653320312,0.48274123668670654,544.8779296875,993.6218872070312,0.719075083732605,543.9013671875,993.6218872070312,0.5316140055656433,545.1220703125,1009.4911499023438,0.5871439576148987,544.1455078125,1009.7352905273438,0.5029010772705078,540.9716186523438,1019.5009155273438,0.5892665982246399,541.2157592773438,1019.2567749023438,0.4817020893096924,557.3291625976562,1017.7919311523438,0.6502866744995117,553.4228515625,1017.5477905273438,0.4554009735584259,548.5400390625,1042.4503173828125,0.5836701393127441,545.8544921875,1042.9385986328125,0.4734708070755005,553.6669921875,1070.282470703125,0.651451826095581,551.4697265625,1069.305908203125,0.5756508111953735,162.028889540782,156.59773829773286,151.37978592486698,149.94469860037336,25.775181027460857,26.172187006570923,16.115252750355275,9.962032482511756,15.871140574565281,10.836127391772644,51.79495576410549,52.618135984137204,95.98070618917504,98.58371371529178,537.0653686523438,984.8328247070312,557.3291625976562,1070.282470703125,86.71573066717532,right_ear,left_ankle,52.344425254921475,51.08874229460366,555.3760070800781,1017.6698608398438,544.3896484375,993.6218872070312,0.4
26,192.0,537.2236328125,987.5798950195312,0.746514081954956,539.1851806640625,985.1279296875,0.7138535976409912,536.488037109375,985.1279296875,0.7635798454284668,543.3535766601562,985.3731079101562,0.6749072670936584,536.7332153320312,985.3731079101562,0.4745367169380188,544.57958984375,993.7098999023438,0.7263142466545105,544.8247680664062,993.4646606445312,0.5277268886566162,545.0699462890625,1010.3833618164062,0.586084246635437,544.3343505859375,1009.8930053710938,0.4939703345298767,540.901611328125,1020.1913452148438,0.575690746307373,541.1467895507812,1018.96533203125,0.48035603761672974,556.8394775390625,1017.9845581054688,0.6479774713516235,557.5750732421875,1017.494140625,0.44815564155578613,548.0123291015625,1042.2591552734375,0.5824213027954102,546.05078125,1042.7496337890625,0.4563974142074585,553.40673828125,1069.9666748046875,0.6445447206497192,551.4451293945312,1069.2310791015625,0.5701985359191895,162.3509595747871,155.2902454718945,143.95860176189996,148.99968595783432,25.764544768631474,26.735640478588262,16.435663045947468,9.616010419161798,16.680670899072144,10.656995575235989,52.09881970355021,52.09533717467739,98.20720995320465,97.90716270295844,536.488037109375,985.1279296875,557.5750732421875,1069.9666748046875,86.22109908530311,right_ear,left_ankle,51.32213592487503,51.309854142006664,557.207275390625,1017.7393493652344,544.7021789550781,993.5872802734375,0.416667
27,199.0,537.2129516601562,987.7212524414062,0.7480913400650024,539.1779174804688,985.2650146484375,0.7127851843833923,536.4761352539062,985.2650146484375,0.7629038095474243,543.3534545898438,985.5106811523438,0.6709016561508179,536.7217407226562,985.5106811523438,0.46944326162338257,544.5816040039062,993.6161499023438,0.7214856147766113,545.8096923828125,993.3704833984375,0.5169263482093811,545.0728149414062,1009.3358154296875,0.5757254362106323,544.3359375,1010.0726928710938,0.4671272039413452,541.1428833007812,1019.65185546875,0.5806868672370911,541.1428833007812,1019.40625,0.4634695053100586,556.8626098632812,1017.6869506835938,0.6408904194831848,558.3363037109375,1017.1956787109375,0.4456555247306824,547.774658203125,1042.2489013671875,0.5762596130371094,546.0552978515625,1042.740234375,0.43991461396217346,553.4238891601562,1070.0040283203125,0.6445915699005127,551.70458984375,1069.2672119140625,0.5689637660980225,166.1564926539368,157.3556783524908,142.3009047500383,148.19073405744427,26.450713592248636,26.261811902736223,16.767103349210377,9.864627909744248,15.727338378653874,11.03925019136382,52.492134638823714,52.42996674155494,100.16212739122271,97.52391259994423,536.4761352539062,985.2650146484375,558.3363037109375,1070.0040283203125,86.12831983775823,right_ear,left_ankle,51.82822026455887,50.96729508317446,557.5994567871094,1017.4413146972656,545.1956481933594,993.4933166503906,0.433333
28,205.0,537.9698486328125,987.75244140625,0.7451821565628052,539.9761962890625,985.2445678710938,0.7008851170539856,536.9667358398438,985.2445678710938,0.7814831733703613,543.4871826171875,985.2445678710938,0.6578191518783569,536.7159423828125,985.4953002929688,0.5280540585517883,544.991943359375,993.7713623046875,0.7139917612075806,544.4903564453125,993.7713623046875,0.5135127305984497,545.2427368164062,1010.0725708007812,0.6024305820465088,544.2395629882812,1010.0725708007812,0.47362422943115234,540.9793090820312,1020.1040649414062,0.5720075964927673,540.9793090820312,1019.1009521484375,0.4771891236305237,557.02978515625,1018.0977783203125,0.6502307653427124,556.7789916992188,1017.59619140625,0.447592169046402,548.0014038085938,1042.1734619140625,0.5805771946907043,545.9950561523438,1042.675048828125,0.4595562815666199,553.5187377929688,1070.0108642578125,0.6496998071670532,551.76318359375,1069.258544921875,0.5635483264923096,161.0261798054535,156.09287677826188,144.48989076826618,148.2332997452646,25.571773017133705,26.636675130308,16.303137605725123,9.59900647421001,16.303137605725123,10.899894070110573,51.9052704619126,52.031682128694094,97.89173595779452,98.66420341786812,536.7159423828125,985.2445678710938,557.02978515625,1070.0108642578125,86.16968426245488,right_ear,left_ankle,51.45800122823205,51.303762652562696,556.9043884277344,1017.8469848632812,544.7411499023438,993.7713623046875,0.45
29,211.0,537.416748046875,987.8102416992188,0.7096869945526123,538.9293212890625,985.2892456054688,0.6642693281173706,536.6604614257812,985.5413818359375,0.7351725697517395,542.4586791992188,985.2892456054688,0.6190913319587708,537.9209594726562,985.2892456054688,0.4909220337867737,544.9796752929688,993.6084594726562,0.7062537670135498,545.2317504882812,993.6084594726562,0.5282632112503052,545.7359619140625,1009.4905395507812,0.5722994804382324,544.7275390625,1009.9947509765625,0.46769070625305176,541.1981811523438,1019.3223266601562,0.5670103430747986,541.1981811523438,1019.0701904296875,0.46057528257369995,557.0802612304688,1017.8096923828125,0.6407428979873657,557.58447265625,1017.5576171875,0.449738085269928,548.0048217773438,1042.010986328125,0.576474666595459,546.2401123046875,1042.767333984375,0.4516012668609619,553.5509643554688,1069.99365234375,0.6463152170181274,551.7862548828125,1069.2374267578125,0.5648021101951599,160.51183525518533,152.49840036856415,143.93857448745834,148.2333602063285,25.77924407185088,25.99043408009898,16.394047041925873,9.737554545434921,15.900076636960604,10.828457508135552,52.00405798177648,52.30317020637098,99.00181614461117,98.36598009105235,536.6604614257812,985.2892456054688,557.58447265625,1069.99365234375,86.13439251263648,right_ear,left_ankle,52.15529215138417,51.272399067371396,557.3323669433594,1017.6836547851562,545.105712890625,993.6084594726562,0.466667
30,217.0,535.8931274414062,987.4140014648438,0.7104940414428711,537.3992309570312,984.90380859375,0.6676759719848633,535.8931274414062,985.1548461914062,0.6982553005218506,540.9135131835938,985.1548461914062,0.6359763145446777,539.4074096679688,985.1548461914062,0.4644056558609009,544.1766967773438,993.1873779296875,0.7101825475692749,545.6828002929688,993.1873779296875,0.5448998212814331,545.6828002929688,1008.7504272460938,0.5592764616012573,544.6787719726562,1010.0055541992188,0.476676344871521,541.41552734375,1019.2931518554688,0.5716916918754578,541.1644897460938,1019.2931518554688,0.4695803225040436,556.9785766601562,1017.7870483398438,0.6362171173095703,557.7316284179688,1017.2850341796875,0.4516902565956116,547.6909790039062,1041.884765625,0.5751324892044067,545.6828002929688,1042.38671875,0.46177512407302856,553.7153930664062,1070.2496337890625,0.6485539674758911,551.7072143554688,1069.49658203125,0.5644047260284424,162.690583307482,152.43632011300423,141.83015013935918,146.93177031172164,26.49389670210862,26.2513902280434,16.848119357988107,9.930239160881957,15.635755556565568,11.373594885182756,52.55796127945269,52.56397282534015,99.81930814228593,96.03764303361973,535.8931274414062,984.90380859375,557.7316284179688,1070.2496337890625,86.28928824147407,right_ear,left_ankle,52.41993654940876,51.29847408650344,557.3551025390625,1017.5360412597656,544.9297485351562,993.1873779296875,0.483333
31,224.0,536.1163330078125,987.8419189453125,0.7068989276885986,537.6298828125,985.3192749023438,0.6687221527099609,535.8640747070312,985.571533203125,0.7078407406806946,541.6660766601562,985.3192749023438,0.6378355622291565,538.3866577148438,985.571533203125,0.46389278769493103,544.6931762695312,993.1393432617188,0.7020308971405029,544.44091796875,993.6439208984375,0.5429525375366211,547.2157592773438,1007.0137329101562,0.5217195749282837,544.6931762695312,1010.0408325195312,0.4973990321159363,542.4228515625,1018.365478515625,0.546143651008606,541.1614990234375,1018.8699951171875,0.4750426411628723,557.5584716796875,1017.8609619140625,0.6290111541748047,554.7836303710938,1017.8609619140625,0.44071298837661743,547.7203369140625,1042.0780029296875,0.5750613212585449,545.7022094726562,1042.834716796875,0.4655860662460327,553.5223388671875,1070.0789794921875,0.649346113204956,551.251953125,1069.574462890625,0.5678610801696777,157.31712390908805,146.80495523750915,148.29169965663596,146.18419659577296,25.438345250993784,25.3280925875544,16.39885194031193,9.509303673057685,14.101847862885702,12.322097737572438,51.83395535190718,52.373769464012334,97.40697756437557,95.14270267637255,535.8640747070312,985.3192749023438,557.5584716796875,1070.0789794921875,85.85218297890972,right_ear,left_ankle,52.891254491454916,51.698745789074046,556.1710510253906,1017.8609619140625,544.5670471191406,993.3916320800781,0.5
32,230.0,535.7470092773438,988.042724609375,0.7154707908630371,537.2692260742188,985.505615234375,0.6791931390762329,535.7470092773438,985.7593383789062,0.7059788703918457,541.0748901367188,985.505615234375,0.6466073989868164,539.0452270507812,985.505615234375,0.4661808907985687,544.6267700195312,993.3705444335938,0.703835129737854,545.3878784179688,993.624267578125,0.5436855554580688,546.1489868164062,1008.8466796875,0.5522494912147522,544.8804931640625,1010.3689575195312,0.47810155153274536,541.0748901367188,1019.756103515625,0.5889959335327148,541.0748901367188,1019.756103515625,0.45195281505584717,557.3121337890625,1017.9801635742188,0.629226565361023,558.0732421875,1017.7264404296875,0.4459534287452698,547.9249877929688,1042.5897216796875,0.5776944160461426,545.8953247070312,1043.3509521484375,0.4645529091358185,553.76025390625,1069.9901123046875,0.6535420417785645,551.22314453125,1069.7364501953125,0.5726956725120544,159.66768565498714,149.43884191492756,143.16504067316544,147.09872106622228,26.485367986467857,26.62355308318726,16.75237538469435,10.129221310333131,15.550816903747798,12.031707500453843,52.45917416163325,52.13109070073171,99.372021879547,97.66675669685,535.7470092773438,985.505615234375,558.0732421875,1069.9901123046875,85.75641235838174,right_ear,left_ankle,51.81094568703552,51.00021687677291,557.6926879882812,1017.8533020019531,545.00732421875,993.4974060058594,0.516667
33,238.0,535.9915161132812,987.9158935546875,0.7099069356918335,537.5137329101562,985.37890625,0.6732855439186096,535.9915161132812,985.632568359375,0.7065159678459167,541.3192749023438,985.37890625,0.6522878408432007,538.528564453125,985.632568359375,0.4714725613594055,544.6173706054688,993.7510375976562,0.7028120160102844,545.6321411132812,993.497314453125,0.5350039005279541,545.8858642578125,1009.9878540039062,0.573237419128418,544.8710327148438,1010.4952392578125,0.4353002905845642,541.0655517578125,1019.6284790039062,0.5828371644020081,541.0655517578125,1019.374755859375,0.4300982356071472,557.3023681640625,1018.1062622070312,0.6223164796829224,558.5709228515625,1017.598876953125,0.44938236474990845,547.6617431640625,1041.9541015625,0.5720905065536499,545.8858642578125,1042.7152099609375,0.4597325026988983,553.7506103515625,1069.8612060546875,0.6437588334083557,551.2135620117188,1069.353759765625,0.5748885273933411,159.36534588358424,148.96781597797147,141.89393518311093,145.6805951043853,26.277285097121098,26.120057252243306,17.014956175670353,9.660615942669056,16.286291264628222,10.778546422791955,52.27522026221673,51.876672948760955,100.00794125501926,97.8153221554796,535.9915161132812,985.37890625,558.5709228515625,1069.8612060546875,85.59307267146306,right_ear,left_ankle,51.80962824114029,50.99885237507153,557.9366455078125,1017.8525695800781,545.124755859375,993.6241760253906,0.533333
34,246.0,536.4569091796875,987.588623046875,0.7330053448677063,538.2042846679688,985.0924072265625,0.6937017440795898,535.9576416015625,985.3419799804688,0.7335778474807739,542.1981811523438,985.3419799804688,0.6547515392303467,537.4553833007812,985.3419799804688,0.4489220082759857,544.6943969726562,993.5795288085938,0.7169383764266968,544.9440307617188,993.8291625976562,0.5358599424362183,545.6929321289062,1009.3056640625,0.5777696967124939,544.44482421875,1010.0545654296875,0.46372348070144653,541.4493408203125,1018.7913208007812,0.586005687713623,540.7005004882812,1018.7913208007812,0.4755813479423523,556.9259033203125,1017.7927856445312,0.6379228830337524,555.9273681640625,1017.543212890625,0.4374045729637146,547.4402465820312,1041.7564697265625,0.5733742713928223,545.9425048828125,1042.7550048828125,0.4584615230560303,553.6807861328125,1069.9637451171875,0.6455183625221252,551.1845703125,1069.4644775390625,0.5747774839401245,158.56367036872751,152.2645908660511,147.29060863630016,145.929529704022,25.320286162273547,25.419772715136414,16.23308055281654,9.505306655383976,15.75780449435835,10.39161926510363,52.137432370168284,52.271787781346724,99.64796362048244,97.33432071024887,535.9576416015625,985.0924072265625,556.9259033203125,1069.9637451171875,86.163256855319,right_ear,left_ankle,52.61392652949411,51.74634802477864,556.4266357421875,1017.6679992675781,544.8192138671875,993.704345703125,0.55
35,253.0,536.3380126953125,987.6865844726562,0.7035564184188843,538.0604858398438,985.2258911132812,0.6678739190101624,536.0919799804688,985.4719848632812,0.7120200991630554,542.24365234375,985.4719848632812,0.6367000937461853,538.0604858398438,985.4719848632812,0.44118815660476685,544.704345703125,994.0843505859375,0.7093969583511353,544.950439453125,994.3304443359375,0.5390117168426514,546.1807250976562,1009.586669921875,0.5239704847335815,544.458251953125,1010.5709228515625,0.4525908827781677,541.9976196289062,1018.1990356445312,0.5503722429275513,540.7672729492188,1018.937255859375,0.43133294582366943,557.2538452148438,1017.7069091796875,0.6264282464981079,557.4998779296875,1017.4608154296875,0.4356430172920227,547.1650390625,1040.5911865234375,0.5528922080993652,545.4425659179688,1041.821533203125,0.43428361415863037,553.3167114257812,1069.6273193359375,0.6267953515052795,551.84033203125,1069.1351318359375,0.5513505935668945,157.93023080111985,148.65351111199774,140.4840008199851,144.24718918654787,24.9598488647143,24.266116325362415,16.247934974994006,9.144334530455987,15.572462904434165,9.5745085880932,51.983318822770045,52.069472949764005,99.64806465368129,96.40429573329202,536.0919799804688,985.2258911132812,557.4998779296875,1069.6273193359375,85.52702929094205,right_ear,left_ankle,52.65918915583343,51.40466311525157,557.3768615722656,1017.5838623046875,544.827392578125,994.2073974609375,0.566667
36,260.0,536.0870971679688,987.9296875,0.7122629880905151,537.80712890625,985.226806640625,0.6775671243667603,535.8413696289062,985.4725341796875,0.7130113840103149,541.984375,985.4725341796875,0.6423473358154297,538.298583984375,985.4725341796875,0.4305616617202759,544.6873168945312,994.07275390625,0.7044227123260498,544.9330444335938,994.3184204101562,0.5321035981178284,545.9159545898438,1008.0787963867188,0.5042133927345276,544.4415893554688,1010.5360107421875,0.4326823353767395,542.2301025390625,1017.1704711914062,0.5521711707115173,540.7557983398438,1018.3990478515625,0.41297614574432373,557.4647827148438,1017.661865234375,0.627190113067627,557.2190551757812,1017.661865234375,0.43481552600860596,546.8988037109375,1040.2681884765625,0.5512251853942871,545.4244995117188,1041.9881591796875,0.4305025637149811,553.0418090820312,1069.754638671875,0.6198354363441467,552.3046875,1069.0174560546875,0.5474351644515991,156.62096003913067,152.91862837514515,139.85256191481025,143.18078402149987,24.440253740490448,23.228053000062822,16.22503510847999,8.684031782200611,14.059828468051736,9.810405501019712,51.590190134909655,52.280204094544814,99.8411188124454,96.07248188948793,535.8413696289062,985.226806640625,557.4647827148438,1069.754638671875,85.56188300821911,right_ear,left_ankle,53.6841472688657,51.91916880933059,557.3419189453125,1017.661865234375,544.8101806640625,994.1955871582031,0.583333
37,268.0,537.0303344726562,987.8909301757812,0.635884165763855,538.250732421875,985.2059936523438,0.5971742868423462,536.7862548828125,985.4500732421875,0.6721094846725464,541.66796875,985.4500732421875,0.5916783809661865,537.7625732421875,985.4500732421875,0.4798828959465027,544.3529052734375,993.7489624023438,0.6865805387496948,545.3292236328125,993.7489624023438,0.5077135562896729,546.3055419921875,1007.661865234375,0.5042897462844849,544.841064453125,1010.3468017578125,0.3852958083152771,542.1561279296875,1016.6930541992188,0.5265481472015381,540.447509765625,1018.1575317382812,0.3690031170845032,557.0453491210938,1016.9371337890625,0.620429515838623,558.5098266601562,1016.6930541992188,0.4308413565158844,546.5496826171875,1041.345703125,0.5581714510917664,546.3055419921875,1042.8101806640625,0.4229106307029724,553.1399536132812,1069.41552734375,0.609208345413208,552.40771484375,1068.9273681640625,0.5424211621284485,152.32678041562397,147.3342848788817,141.80275991214828,143.51965327670408,24.89195426856556,23.049016878848434,16.605016430424286,8.96163074556448,14.049258178599821,9.938813368847827,52.5895362595811,52.623510944758415,101.30993247402021,95.46910139700235,536.7862548828125,985.2059936523438,558.5098266601562,1069.41552734375,85.3619429813948,right_ear,left_ankle,53.85446686323608,52.15958968599534,557.777587890625,1016.8150939941406,544.841064453125,993.7489624023438,0.6
38,275.0,537.5147705078125,987.7490234375,0.6686732769012451,539.228271484375,985.0563354492188,0.6259130239486694,536.7803955078125,985.3011474609375,0.7038178443908691,542.4105834960938,985.3011474609375,0.6171630024909973,537.025146484375,985.5458984375,0.5074317455291748,544.6136474609375,993.8687744140625,0.708606481552124,544.8584594726562,993.6240234375,0.5176748037338257,545.837646484375,1009.535400390625,0.5664459466934204,544.6136474609375,1009.7802124023438,0.417647123336792,541.431396484375,1017.3687133789062,0.549588680267334,540.9418334960938,1018.5926513671875,0.4245644211769104,557.0980224609375,1017.1239013671875,0.6269747614860535,558.3219604492188,1016.8790893554688,0.43418705463409424,546.572021484375,1040.86865234375,0.5665198564529419,546.0823974609375,1042.092529296875,0.43833059072494507,553.4261474609375,1068.7747802734375,0.6245792508125305,551.7125854492188,1068.5299072265625,0.5528289079666138,158.24845822625903,146.1748637395275,142.08401110688055,142.29292042710648,25.27394586785876,23.71442288206092,16.15804365598821,9.546795184852243,15.714367410076642,8.987537562362437,52.07197734524321,51.78123171385291,98.91487871201124,97.71181478023063,536.7803955078125,985.0563354492188,558.3219604492188,1068.7747802734375,84.82947367922101,right_ear,left_ankle,52.78690902633691,51.08560091063262,557.7099914550781,1017.0014953613281,544.7360534667969,993.7463989257812,0.616667
39,283.0,537.543212890625,987.7922973632812,0.6628502011299133,539.2553100585938,985.1018676757812,0.6246553659439087,537.0540161132812,985.3464965820312,0.7010951042175293,542.679443359375,985.3464965820312,0.6114113330841064,537.0540161132812,985.591064453125,0.5012829303741455,544.6361694335938,994.1514892578125,0.6920986175537109,544.8807373046875,993.9069213867188,0.5052059292793274,545.8590698242188,1010.5386962890625,0.5616862773895264,544.3915405273438,1010.2940673828125,0.38797610998153687,540.9673461914062,1018.1207885742188,0.492302268743515,540.233642578125,1018.6099853515625,0.38734346628189087,556.8653564453125,1017.1424560546875,0.6135005950927734,558.3328857421875,1016.6532592773438,0.4275919795036316,546.83740234375,1041.3563232421875,0.5590471029281616,545.8590698242188,1042.3345947265625,0.43608471751213074,553.1965942382812,1068.994384765625,0.6157407760620117,551.4844970703125,1068.749755859375,0.5473200082778931,155.14519712764286,142.90337994370913,142.07122039837594,144.5459866634972,25.13636526327557,24.248455078661987,16.394446235974392,9.29745164112708,16.432773340201592,9.023141554937629,52.54469890981068,51.981557567813276,100.6538660496426,98.70234743674568,537.0540161132812,985.1018676757812,558.3328857421875,1068.994384765625,84.95114282734049,right_ear,left_ankle,52.32281813165515,51.38655771094693,557.59912109375,1016.8978576660156,544.7584533691406,994.0292053222656,0.633333
40,291.0,538.1354370117188,987.0697631835938,0.6571310758590698,539.6312255859375,984.5767822265625,0.6155035495758057,537.1382446289062,984.8260498046875,0.7045645117759705,542.6227416992188,985.0753784179688,0.6058483719825745,536.6396484375,985.3246459960938,0.5401747226715088,545.11572265625,993.8007202148438,0.6691170930862427,542.3734741210938,993.8007202148438,0.4855126142501831,545.3650512695312,1009.5064086914062,0.5149329900741577,542.3734741210938,1009.5064086914062,0.3861643373966217,540.877685546875,1016.7359619140625,0.4865397810935974,539.6312255859375,1017.2345581054688,0.3997424840927124,557.0819702148438,1016.9852905273438,0.6120395660400391,553.591796875,1016.9852905273438,0.4141680598258972,546.8607788085938,1040.917724609375,0.543153703212738,544.6171264648438,1041.416259765625,0.458053857088089,553.342529296875,1068.8388671875,0.611201286315918,551.0988159179688,1068.34033203125,0.5392444133758545,160.46333084346,147.26273059793957,146.29349455902317,143.80395470821068,23.59374250331343,23.323513250409384,15.7056884765625,8.200257337098707,15.7076674041765,8.508988831117927,51.41551557574867,51.98823742761126,96.67444712146106,100.4691822708059,536.6396484375,984.5767822265625,557.0819702148438,1068.8388671875,85.16813588549185,right_ear,left_ankle,53.573174888601805,52.37657641137266,555.3368835449219,1016.9852905273438,543.7445983886719,993.8007202148438,0.65
41,299.0,538.5758666992188,987.1981811523438,0.6661678552627563,540.0903930664062,984.6740112304688,0.6290419101715088,537.3137817382812,984.9264526367188,0.7187104225158691,542.866943359375,984.9264526367188,0.6087297201156616,536.5565795898438,985.1788330078125,0.5685077905654907,544.6338500976562,993.7609252929688,0.6773144006729126,543.1193237304688,993.508544921875,0.4823104739189148,545.3910522460938,1009.1582641601562,0.5539926290512085,543.1193237304688,1009.41064453125,0.3782528042793274,541.6048583984375,1017.4879150390625,0.4913311302661896,540.0903930664062,1017.2355346679688,0.3975030779838562,556.497314453125,1016.9830932617188,0.6012508869171143,558.2642211914062,1016.730712890625,0.42973923683166504,546.9055786132812,1040.4576416015625,0.5514624118804932,545.8959350585938,1041.7197265625,0.4333602488040924,552.9635009765625,1068.9805908203125,0.6053425073623657,552.4586791992188,1068.2232666015625,0.5314081907272339,158.83911521098295,152.74071443905396,139.7592371331174,145.7842605008865,23.919541454194643,23.91954918315088,15.902099609375,8.390669020967069,15.415946266272506,9.149773090983935,51.81879394097122,52.11744036350114,97.27489387576625,97.27503889963809,536.5565795898438,984.6740112304688,558.2642211914062,1068.9805908203125,85.39274958598578,right_ear,left_ankle,52.73058334904446,52.466401721436334,557.3807678222656,1016.8569030761719,543.8765869140625,993.6347351074219,0.666667
42,308.0,538.6986083984375,987.1175537109375,0.6596887111663818,540.445068359375,984.6226196289062,0.6202559471130371,537.451171875,984.8721313476562,0.7118527293205261,542.6904907226562,985.1216430664062,0.5887380838394165,536.2036743164062,985.37109375,0.555862545967102,544.6864013671875,993.6043701171875,0.6498037576675415,542.4409790039062,993.6043701171875,0.46840691566467285,544.9359130859375,1009.0728759765625,0.49720752239227295,542.4409790039062,1009.3223876953125,0.37224674224853516,541.6925048828125,1017.056640625,0.47094666957855225,540.445068359375,1017.3060913085938,0.38511842489242554,556.6620483398438,1016.5576171875,0.6091306805610657,557.1610107421875,1016.3081665039062,0.41542917490005493,546.682373046875,1040.2593994140625,0.5420478582382202,545.4348754882812,1041.5068359375,0.43633711338043213,552.919677734375,1068.950927734375,0.5908680558204651,552.1712036132812,1067.9530029296875,0.5192657709121704,165.9638578248613,156.96640888569868,140.75480158699096,144.90158779768774,23.785610077021552,23.642597322011067,15.718017578125,8.229409619509363,15.47051807856842,8.617435507953564,51.885328414007226,52.52679628351571,94.81349383366671,97.27497998381942,536.2036743164062,984.6226196289062,557.1610107421875,1068.950927734375,85.23504806782964,right_ear,left_ankle,53.09488153135956,51.98665121690167,556.9115295410156,1016.4328918457031,543.5636901855469,993.6043701171875,0.683333
43,318.0,537.3053588867188,986.5931396484375,0.684606671333313,539.30517578125,984.0933227539062,0.652545690536499,536.555419921875,984.3433227539062,0.7249911427497864,542.8048706054688,984.59326171875,0.6377407312393188,536.0554809570312,985.09326171875,0.5282406210899353,544.5547485351562,992.8425903320312,0.6791954636573792,542.304931640625,993.342529296875,0.4888800382614136,545.0546875,1008.34130859375,0.5341671705245972,542.8048706054688,1009.0912475585938,0.41090232133865356,542.054931640625,1017.3405151367188,0.49632176756858826,540.5550537109375,1017.5905151367188,0.41147565841674805,556.5537109375,1015.8406372070312,0.6213731169700623,554.5538940429688,1015.8406372070312,0.4261534810066223,546.8045654296875,1039.838623046875,0.5423460006713867,545.3046875,1041.0885009765625,0.4400416910648346,552.5540771484375,1068.586181640625,0.6031943559646606,553.0540161132812,1067.5863037109375,0.5348674058914185,163.35522177012183,159.71739598825945,143.5787375219363,146.58069333409637,24.31104461058945,24.62513764920527,15.756651479789818,8.791997806157884,15.506779379506995,9.486003037047068,51.767399352656774,52.89697087776221,94.12764642944875,95.82640834374499,536.0554809570312,984.0933227539062,556.5537109375,1068.586181640625,85.10741068419199,right_ear,left_ankle,52.31013660681645,51.53448298269019,555.5538024902344,1015.8406372070312,543.4298400878906,993.0925598144531,0.7
44,327.0,538.2941284179688,986.4602661132812,0.7547850012779236,540.3324584960938,984.167236328125,0.7309119701385498,536.7654418945312,984.4219970703125,0.7865487337112427,543.6446533203125,984.6767578125,0.6891454458236694,535.7462768554688,985.1863403320312,0.5960779786109924,544.6637573242188,993.0846557617188,0.69292151927948,542.3707275390625,993.0846557617188,0.5088100433349609,544.9185791015625,1008.1170043945312,0.5442233085632324,543.3898315429688,1008.6265869140625,0.425126850605011,540.8419799804688,1016.7796630859375,0.5057896971702576,539.8228759765625,1017.2892456054688,0.41113921999931335,556.8934326171875,1016.2700805664062,0.620508074760437,553.0716552734375,1016.2700805664062,0.4237583875656128,547.2116088867188,1039.7103271484375,0.5492159128189087,544.4089965820312,1040.474609375,0.4569443166255951,553.3264770507812,1068.2462158203125,0.6116658449172974,551.7977294921875,1067.22705078125,0.544150173664093,153.86840014338216,153.82742403001276,144.86843699205886,145.4624585090831,24.33831787713973,24.00123651314617,15.575307281558553,9.368288403786082,15.034508291149015,9.573939418959082,50.972891818814894,52.09838584778873,96.00900595749452,99.16235168585675,535.7462768554688,984.167236328125,556.8934326171875,1068.2462158203125,84.8999785337785,right_ear,left_ankle,52.95912308053112,51.353495523624886,554.9825439453125,1016.2700805664062,543.5172424316406,993.0846557617188,0.716567
45,338.0,537.7339477539062,986.5484008789062,0.7463483810424805,539.5232543945312,984.2478637695312,0.7192394733428955,536.2002563476562,984.5034790039062,0.7844432592391968,543.357421875,984.5034790039062,0.6760644316673279,535.4334106445312,985.0147094726562,0.5686548352241516,544.3798828125,992.938720703125,0.6859212517738342,542.0794067382812,993.1943359375,0.5092393159866333,545.146728515625,1007.7643432617188,0.5367835760116577,543.613037109375,1008.7868041992188,0.43647557497024536,540.5457153320312,1017.2221069335938,0.5034056901931763,539.5232543945312,1017.7332763671875,0.4043996334075928,556.6493530273438,1016.1996459960938,0.6189415454864502,551.537109375,1016.1996459960938,0.416018009185791,547.191650390625,1040.227294921875,0.5543694496154785,544.635498046875,1040.994140625,0.4503985643386841,553.07080078125,1068.3448486328125,0.6156456470489502,551.792724609375,1067.3223876953125,0.5480754375457764,149.81562324747557,151.09705453676239,149.23721284808056,146.70460098592244,24.67171482115117,24.584216218671756,15.667708467030131,9.836955164423298,14.845441609540794,10.517538494754463,51.123380737125395,52.26785048385367,95.94689242496533,98.97250829291141,535.4334106445312,984.2478637695312,556.6493530273438,1068.3448486328125,85.17622686692472,right_ear,left_ankle,52.63470798204613,51.08443854703811,554.0932312011719,1016.1996459960938,543.2296447753906,993.0665283203125,0.733133
46,347.0,536.7675170898438,986.6343383789062,0.708444356918335,538.5638427734375,984.3247680664062,0.6772924661636353,535.9976806640625,984.5813598632812,0.7543623447418213,542.669677734375,984.5813598632812,0.6510463953018188,535.7410888671875,985.0946044921875,0.5093249082565308,544.7225952148438,993.0496826171875,0.6774047017097473,541.8998413085938,993.3063354492188,0.5179105997085571,545.4924926757812,1008.4466552734375,0.5429987907409668,543.4395141601562,1008.7032470703125,0.43948715925216675,540.103515625,1017.684814453125,0.5184707045555115,539.3336791992188,1017.94140625,0.3976131081581116,556.7835693359375,1015.8884887695312,0.6362450122833252,550.8814086914062,1016.1450805664062,0.4383124113082886,547.802001953125,1040.5235595703125,0.5684347152709961,544.2094116210938,1041.036865234375,0.4833311140537262,553.7041625976562,1068.49462890625,0.6202981472015381,551.1380004882812,1067.46826171875,0.5438785552978516,150.3270549540611,146.88074046575633,150.30641225417244,148.05375969860012,24.76836493051362,25.064429313896863,15.473702852181516,10.10947405930205,15.416209296635415,10.695076375748394,51.323822567561315,52.696192708239025,95.94688353344057,100.61963813453245,535.7410888671875,984.3247680664062,556.7835693359375,1068.49462890625,85.31257873322362,right_ear,left_ankle,52.59862016094922,50.91415730146053,553.8324890136719,1016.0167846679688,543.3112182617188,993.1780090332031,0.7499
47,355.0,536.46728515625,986.7376708984375,0.7300238609313965,538.5336303710938,984.4130249023438,0.7006320953369141,535.6923828125,984.4130249023438,0.7669037580490112,542.4080200195312,984.6713256835938,0.6656200885772705,535.43408203125,984.9296264648438,0.5228902697563171,544.474365234375,992.9367065429688,0.669704794883728,541.8914184570312,993.1950073242188,0.5225809216499329,546.2824096679688,1007.401123046875,0.4925033450126648,543.1829223632812,1008.692626953125,0.41459783911705017,540.8582763671875,1016.9580078125,0.5092530846595764,539.0502319335938,1017.73291015625,0.37475770711898804,556.8724975585938,1015.9248046875,0.6219632029533386,551.4483032226562,1016.44140625,0.43554696440696716,548.0905151367188,1040.2044677734375,0.5657618045806885,544.474365234375,1040.720947265625,0.4876710772514343,554.03125,1068.3583984375,0.6219862699508667,550.4151611328125,1067.58349609375,0.5699933767318726,150.66911045801962,143.29737621035162,151.50353007683674,148.19974192499916,24.701842365604435,24.291953675589394,15.551340665747095,9.940113207621664,14.576980807846487,10.988870209811349,51.1525242403931,52.51051743440788,96.60473335417022,98.56084058862385,535.43408203125,984.4130249023438,556.8724975585938,1068.3583984375,85.47639820045868,right_ear,left_ankle,53.06154342584996,51.12966393411292,554.160400390625,1016.18310546875,543.1828918457031,993.0658569335938,0.766567
48,363.0,536.89892578125,986.7318725585938,0.6765428781509399,538.6979370117188,984.4188842773438,0.6391880512237549,536.3849487304688,984.4188842773438,0.7259126901626587,542.2958984375,984.6759033203125,0.6335293650627136,536.1279296875,984.932861328125,0.5349247455596924,544.3519287109375,992.89990234375,0.6634119153022766,542.2958984375,993.1568603515625,0.5187495946884155,546.1509399414062,1008.576904296875,0.4971035122871399,543.5809326171875,1008.576904296875,0.41203224658966064,540.4969482421875,1017.828857421875,0.5025355815887451,538.6979370117188,1017.828857421875,0.3731151223182678,556.6879272460938,1016.5438842773438,0.6260182857513428,551.2908935546875,1016.5438842773438,0.43918484449386597,547.6929321289062,1041.472900390625,0.588780403137207,544.8659057617188,1041.98681640625,0.4984496831893921,554.117919921875,1068.4578857421875,0.6357144117355347,550.262939453125,1067.6868896484375,0.5829111337661743,147.41205021614599,142.02401173563413,153.9678334703133,146.76684331649628,24.93296544454587,25.225258684533213,15.473495665761302,10.46146656593732,15.779886933867358,10.842797552386182,51.153335062561105,51.97757675900577,98.29705822591589,98.79051493442142,536.1279296875,984.4188842773438,556.6879272460938,1068.4578857421875,85.44044388931184,right_ear,left_ankle,52.42927977912584,51.18176099915552,553.9894104003906,1016.5438842773438,543.3239135742188,993.0283813476562,0.783233
49,371.0,536.7120971679688,987.1678466796875,0.7200552821159363,538.5225830078125,984.8400268554688,0.6852258443832397,536.19482421875,985.0986938476562,0.7572628259658813,542.1436157226562,985.0986938476562,0.6602345108985901,536.4534301757812,985.0986938476562,0.5333782434463501,544.4713745117188,993.6339111328125,0.6716489791870117,542.9195556640625,993.1166381835938,0.5242301225662231,545.247314453125,1010.44580078125,0.5476921200752258,543.4368286132812,1009.1525268554688,0.4108515977859497,539.8157958984375,1018.7223510742188,0.49769726395606995,539.0398559570312,1018.205078125,0.37895065546035767,556.6276245117188,1016.911865234375,0.6373291015625,551.7134399414062,1016.6531982421875,0.44949638843536377,548.0924072265625,1042.000244140625,0.6115634441375732,544.7300415039062,1042.000244140625,0.5144715309143066,554.2998657226562,1068.640625,0.6462116837501526,549.9028930664062,1067.60595703125,0.5910450220108032,152.24583201715885,144.08238699606903,153.17537082031092,148.0949689134336,25.386647839174962,25.516744128473565,16.04422939254991,10.06389850044713,16.82978658046232,9.899630223496011,50.98491647735591,51.781107055274525,98.79064142365085,100.51260911076638,536.19482421875,984.8400268554688,556.6276245117188,1068.640625,85.42686651394693,right_ear,left_ankle,51.97713295673566,50.581146803425035,554.1705322265625,1016.7825317382812,543.6954650878906,993.3752746582031,0.7999
50,380.0,537.3007202148438,987.06787109375,0.6927536725997925,538.8452758789062,984.7510375976562,0.6524159908294678,536.5284423828125,985.0084838867188,0.7373923063278198,541.9344482421875,985.0084838867188,0.6320750713348389,536.27099609375,985.0084838867188,0.5414170026779175,543.993896484375,993.2462158203125,0.6571626663208008,542.19189453125,993.2462158203125,0.5034189820289612,545.0236206054688,1009.9790649414062,0.5194111466407776,543.2216186523438,1009.206787109375,0.39586618542671204,539.1027221679688,1018.9891357421875,0.5052120685577393,538.3304443359375,1018.4742431640625,0.3688856363296509,556.3504638671875,1016.6722412109375,0.6317843198776245,550.9444580078125,1016.6722412109375,0.43518465757369995,547.8553466796875,1041.9002685546875,0.620328426361084,544.7661743164062,1042.15771484375,0.5127520561218262,554.0336303710938,1068.41552734375,0.6538360118865967,549.9147338867188,1067.3857421875,0.5912191867828369,148.48439989595096,143.1679033751258,154.83844981851294,148.27352967418642,25.521836949323937,26.203463746183267,15.993754019579283,10.478994604399611,16.764503317272784,10.781392031749927,50.723954036188545,51.79512889520334,98.70226248844641,100.7580090442987,536.27099609375,984.7510375976562,556.3504638671875,1068.41552734375,85.27746522214275,right_ear,left_ankle,51.632356197651426,50.264604853873735,553.6474609375,1016.6722412109375,543.0928955078125,993.2462158203125,0.816567
51,389.0,535.9288940429688,987.4800415039062,0.6900230646133423,537.4635009765625,984.92236328125,0.6427408456802368,535.6731567382812,985.1781005859375,0.7049537897109985,541.0442504882812,985.1781005859375,0.6271177530288696,537.4635009765625,985.1781005859375,0.4907647967338562,543.34619140625,993.3626708984375,0.6688405871391296,545.6480712890625,992.8511352539062,0.5039924383163452,544.8807983398438,1009.47607421875,0.5333088636398315,544.1134643554688,1009.47607421875,0.35425615310668945,539.25390625,1018.6837158203125,0.515395998954773,538.7423706054688,1018.6837158203125,0.31537795066833496,555.623046875,1017.1491088867188,0.6225190162658691,558.1807250976562,1016.8933715820312,0.4437382221221924,547.1826782226562,1042.47021484375,0.6249694228172302,545.392333984375,1043.2374267578125,0.457376092672348,553.576904296875,1068.5584716796875,0.6397073268890381,549.9961547851562,1067.535400390625,0.5818732380867004,155.01759016345713,143.1301121585399,143.37748068847563,147.7933571148586,26.739688118062578,25.649602603854817,16.69561661111724,10.659705058495451,16.186314744366364,10.790856242836831,51.299144954381994,51.450065910833345,104.96663950388267,99.1805310814104,535.6731567382812,984.92236328125,558.1807250976562,1068.5584716796875,84.92307136635202,right_ear,left_ankle,51.890649881101375,50.13117536743272,556.9018859863281,1017.021240234375,544.4971313476562,993.1069030761719,0.833233
52,397.0,536.9496459960938,987.592529296875,0.667948842048645,538.4790649414062,985.0435791015625,0.621880054473877,536.4398803710938,985.2984619140625,0.7095310091972351,541.2828979492188,985.2984619140625,0.6191881895065308,536.4398803710938,985.5533447265625,0.5430898666381836,543.8318481445312,993.7100219726562,0.6767128705978394,543.5769653320312,993.2002563476562,0.5033919811248779,545.3612060546875,1009.5136108398438,0.5409778356552124,543.8318481445312,1009.2587280273438,0.3590335547924042,539.7535400390625,1018.1800537109375,0.5124911069869995,538.7339477539062,1018.1800537109375,0.3346911668777466,555.5570678710938,1017.4154052734375,0.6252285242080688,556.06689453125,1017.1605224609375,0.42813634872436523,547.6552734375,1042.905029296875,0.6266168355941772,544.8514404296875,1043.414794921875,0.49723878502845764,553.7728271484375,1068.6495361328125,0.6551254987716675,549.9493408203125,1067.6300048828125,0.5943742990493774,149.34578604923905,141.5674448568366,144.97994056413734,149.40951114830779,25.444942436024895,24.807560345096892,16.06049432413067,10.275146731092653,15.877416562540965,10.32245853373736,50.83889376587727,51.26518974774156,100.97223060039558,99.4622526833407,536.4398803710938,985.0435791015625,556.06689453125,1068.6495361328125,84.88467511989646,right_ear,left_ankle,52.380426372711376,50.70584495435231,555.8119812011719,1017.2879638671875,543.7044067382812,993.4551391601562,0.8499
53,405.0,535.20654296875,987.96826171875,0.7130849361419678,536.7266235351562,985.434814453125,0.6744276285171509,534.9531860351562,985.6881103515625,0.7078787684440613,540.7801513671875,985.434814453125,0.6589115262031555,537.4866333007812,985.6881103515625,0.47919172048568726,543.8202514648438,993.5418090820312,0.6658629179000854,544.3269653320312,993.2885131835938,0.4946576654911041,545.34033203125,1009.5025634765625,0.525056004524231,544.0736083984375,1009.5025634765625,0.33661121129989624,539.2600708007812,1018.6229858398438,0.5094565153121948,538.5,1018.3696899414062,0.3179031014442444,555.2208251953125,1017.609619140625,0.615041196346283,556.7409057617188,1017.3562622070312,0.42788970470428467,547.6204833984375,1042.944091796875,0.6216239929199219,544.8336791992188,1043.4508056640625,0.4822174310684204,553.4473876953125,1068.531982421875,0.6398268938064575,549.647216796875,1067.77197265625,0.5887619256973267,148.74298642797353,140.86965750741263,144.27721451728704,150.47206022683673,25.749154404316425,25.492365038291826,16.21602962006175,10.473349145457982,16.03297619816466,10.961372209508356,50.912319562453746,50.95323505641231,103.07917856654927,100.30477284995347,534.9531860351562,985.434814453125,556.7409057617188,1068.531982421875,84.36736822044914,right_ear,left_ankle,51.88629781060756,50.64430846357646,555.9808654785156,1017.4829406738281,544.0736083984375,993.4151611328125,0.866567
54,413.0,536.34326171875,988.31103515625,0.7073686122894287,537.8460083007812,985.806396484375,0.6609414219856262,535.3414306640625,986.0568237304688,0.7306824922561646,541.10205078125,985.806396484375,0.6505184173583984,535.3414306640625,986.3073120117188,0.5340462327003479,543.606689453125,993.3202514648438,0.671349287033081,541.8534545898438,994.0716552734375,0.48165106773376465,549.1168823242188,1006.0938720703125,0.4468870162963867,543.857177734375,1009.600341796875,0.33083677291870117,541.10205078125,1017.1142578125,0.4773232936859131,538.847900390625,1017.8656616210938,0.33732813596725464,555.37841796875,1017.6151733398438,0.6027156114578247,557.3821411132812,1017.6151733398438,0.41154995560646057,546.6122436523438,1042.6614990234375,0.6030906438827515,545.3599243164062,1043.663330078125,0.4468494653701782,553.374755859375,1068.208740234375,0.6254485249519348,549.3673095703125,1067.958251953125,0.5755512714385986,141.42917630790873,120.63855271346665,145.85842272245984,145.88353949124757,23.98307932932607,23.925466619252333,15.657426722904361,9.664800634427516,13.911420087435655,13.626680687855586,50.97708395862971,50.633226965698654,97.19922297891749,96.0090212587068,535.3414306640625,985.806396484375,557.3821411132812,1068.208740234375,83.8632503693412,right_ear,left_ankle,52.54774423221161,51.18520856324026,556.3802795410156,1017.6151733398438,542.7300720214844,993.6959533691406,0.883233
55,421.0,536.37939453125,988.58935546875,0.688535213470459,537.9088134765625,986.0403442382812,0.6365309953689575,535.61474609375,986.2952880859375,0.7155842781066895,540.4578857421875,986.0403442382812,0.629683256149292,535.61474609375,986.2952880859375,0.5248010158538818,543.2617797851562,994.4521484375,0.6540094017982483,542.751953125,993.9423217773438,0.4621000289916992,546.8304443359375,1010.0011596679688,0.49253612756729126,543.0068969726562,1010.256103515625,0.3270309567451477,540.4578857421875,1019.4325561523438,0.4966334104537964,538.4186401367188,1018.6678466796875,0.33840012550354004,555.2421875,1017.9031372070312,0.6048782467842102,558.046142578125,1017.6482543945312,0.4307554364204407,546.5755004882812,1043.138427734375,0.6181620955467224,545.301025390625,1043.9031982421875,0.45397406816482544,553.2030029296875,1068.373779296875,0.6330355405807495,549.3794555664062,1068.118896484375,0.5545060634613037,150.49404721947835,133.02795414831203,144.54626589673416,146.33057544496725,25.102374054077593,25.137274939897935,16.31577368590704,9.581728646266257,15.953279190224373,11.382475243823642,51.20934657579807,50.51182026687326,99.94051361811367,96.40428642271675,535.61474609375,986.0403442382812,558.046142578125,1068.373779296875,83.9417982770851,right_ear,left_ankle,50.57352405168053,50.65121717855711,556.6441650390625,1017.7756958007812,543.0068664550781,994.1972351074219,0.8999
56,431.0,524.23779296875,991.423828125,0.6740303635597229,525.494873046875,989.957275390625,0.7269525527954102,522.7711791992188,989.957275390625,0.6977189779281616,527.7994995117188,990.5858154296875,0.6925046443939209,520.6760864257812,990.5858154296875,0.6805071830749512,530.1041870117188,997.709228515625,0.6440024375915527,518.1619262695312,997.709228515625,0.6385351419448853,532.1992797851562,1007.556396484375,0.514462947845459,512.924072265625,1006.7183227539062,0.6188605427742004,532.6183471679688,1016.7749633789062,0.47876718640327454,518.1619262695312,1015.9368896484375,0.5971865653991699,527.3804931640625,1019.9176635742188,0.6778737306594849,519.8380126953125,1019.7081298828125,0.6784960627555847,525.2853393554688,1034.7930908203125,0.71837317943573,518.5809326171875,1034.16455078125,0.7238530516624451,523.3997192382812,1047.992431640625,0.6980723142623901,515.8572998046875,1047.992431640625,0.7703984975814819,120.22183853945789,170.59161290221758,173.82701058203276,179.88693333180922,18.2276611328125,19.230789041747954,10.421079289616271,10.602692589865287,10.067578196075063,9.228087183175333,28.56304957536193,28.355584335906112,90.0,82.48786382160702,512.924072265625,989.957275390625,532.6183471679688,1047.992431640625,58.63561817387525,left_ear,right_ankle,32.55016782717767,32.13828053202838,523.6092529296875,1019.8128967285156,524.133056640625,997.709228515625,0.916567
57,438.0,524.2556762695312,991.614990234375,0.6696795225143433,525.512451171875,989.939208984375,0.7290651798248291,522.7894287109375,989.939208984375,0.6892127990722656,527.6071166992188,990.777099609375,0.6881635189056396,520.4852905273438,990.777099609375,0.6594804525375366,529.9112548828125,998.1084594726562,0.6368306875228882,517.9716796875,997.8989868164062,0.6278005838394165,532.2153930664062,1007.953369140625,0.5332320928573608,512.3160400390625,1006.6965942382812,0.6094393730163574,533.4722290039062,1016.54150390625,0.5191323757171631,517.76220703125,1015.9131469726562,0.5790092945098877,527.397705078125,1020.1024780273438,0.6709812879562378,519.8568725585938,1019.8930053710938,0.6703781485557556,525.302978515625,1034.974609375,0.7173289060592651,518.8095092773438,1034.34619140625,0.7305198907852173,523.4177856445312,1048.1710205078125,0.685306191444397,515.8770141601562,1048.1710205078125,0.7700722813606262,116.68528360964177,175.15326524639968,172.16878739968865,179.8871097993535,18.015378012374356,18.77385585813263,10.458688071761598,10.705399535389043,10.110949467758171,8.679613777486201,28.556705218636626,28.349300444204545,90.66621802618087,79.0660481240932,512.3160400390625,989.939208984375,533.4722290039062,1048.1710205078125,58.58035047413954,left_ear,right_ankle,33.18912701044422,32.312913164420145,523.6272888183594,1019.9977416992188,523.9414672851562,998.0037231445312,0.933233
58,443.0,537.1450805664062,988.9520874023438,0.684718906879425,538.935791015625,986.6497802734375,0.6400165557861328,536.121826171875,986.6497802734375,0.7354725003242493,540.7265014648438,986.9055786132812,0.6364898681640625,534.5869140625,987.161376953125,0.5779439210891724,543.0288696289062,995.6033325195312,0.6813006401062012,541.749755859375,995.0916748046875,0.48416614532470703,545.8428344726562,1010.9523315429688,0.5531263947486877,543.28466796875,1010.696533203125,0.35300010442733765,540.470703125,1019.1384887695312,0.5170243382453918,538.6799926757812,1019.1384887695312,0.3488030731678009,555.5639038085938,1018.115234375,0.6205322742462158,557.0987548828125,1018.115234375,0.4282183051109314,546.3544921875,1043.185302734375,0.6144347190856934,544.819580078125,1044.20849609375,0.4643244743347168,552.7498779296875,1069.022705078125,0.6148999333381653,549.9359130859375,1068.2552490234375,0.5335370302200317,145.7720751954081,136.33648789595392,142.78740484993523,145.92668459202204,24.24196171647732,23.67377865009348,15.680164566062162,9.616113993649114,15.604812371936623,9.791474115498259,50.64906091481447,50.98518721194112,97.27490448689517,96.20344151675255,534.5869140625,986.6497802734375,557.0987548828125,1069.022705078125,83.85207390893605,right_ear,left_ankle,51.373272920913294,50.38999783805787,556.3313293457031,1018.115234375,542.3893127441406,995.3475036621094,0.9499
59,450.0,536.301025390625,989.5926513671875,0.6441996097564697,537.5709838867188,987.306640625,0.5865514278411865,535.7930297851562,987.5606079101562,0.6843279600143433,539.60302734375,987.306640625,0.5963252782821655,535.2849731445312,987.306640625,0.5304869413375854,542.6510620117188,995.4346313476562,0.6453644037246704,542.3970336914062,994.9266357421875,0.4560087323188782,545.1910400390625,1009.4047241210938,0.46031731367111206,542.6510620117188,1010.6746826171875,0.3078591823577881,540.6190185546875,1017.7867431640625,0.47937679290771484,539.0950317382812,1019.3107299804688,0.31554391980171204,555.6051025390625,1018.0407104492188,0.612613320350647,557.6370849609375,1017.7867431640625,0.4364528954029083,546.20703125,1042.6788330078125,0.6024101972579956,544.93701171875,1043.69482421875,0.4514748454093933,552.8110961914062,1068.8409423828125,0.6215726137161255,550.01708984375,1068.3328857421875,0.5227234363555908,156.69565733068413,141.0847890793454,142.23558210696254,144.9538008022309,24.606650904172678,22.444288878563103,15.750095579542306,9.339521688311507,14.199119003580458,9.547859639221628,51.117285287015214,50.87700891343419,97.71186747349047,95.19451354627773,535.2849731445312,987.306640625,557.6370849609375,1068.8409423828125,83.39668669790323,right_ear,left_ankle,52.48978962586524,50.22412875088477,556.62109375,1017.9137268066406,542.5240478515625,995.1806335449219,0.966567
60,460.0,537.18896484375,989.3939208984375,0.6585593223571777,538.7396850585938,987.0678100585938,0.62391597032547,536.1551513671875,987.3262939453125,0.7199374437332153,540.5488891601562,987.3262939453125,0.627021074295044,534.345947265625,987.584716796875,0.6010262370109558,543.1334838867188,995.596923828125,0.63840651512146,538.9981689453125,995.596923828125,0.4982200264930725,548.0441284179688,1009.5535888671875,0.39700591564178467,539.7734985351562,1009.81201171875,0.3414512276649475,541.8411865234375,1017.5657348632812,0.4785449206829071,538.9981689453125,1017.5657348632812,0.3856534957885742,555.7978515625,1017.8241577148438,0.6083488464355469,550.11181640625,1018.341064453125,0.4158807694911957,546.7518310546875,1041.8607177734375,0.5893036127090454,543.3919067382812,1042.89453125,0.4890417456626892,552.4379272460938,1068.2232666015625,0.6215965747833252,549.8533325195312,1067.4478759765625,0.5184931755065918,171.16774174990695,122.86884657078592,149.95022668251968,147.2048866140982,21.96881103515625,22.006787379659638,14.236216481603558,7.792391069172982,14.795368488986172,10.132668533493634,49.107491810497784,50.51098165733181,90.0,93.36649798905046,534.345947265625,987.0678100585938,555.7978515625,1068.2232666015625,82.6431815349382,right_ear,left_ankle,51.753999224776564,51.04960899231599,552.954833984375,1018.0826110839844,541.0658264160156,995.596923828125,0.983233
61,469.0,536.7670288085938,989.5789794921875,0.6664661765098572,538.334716796875,987.2274780273438,0.6424000263214111,535.721923828125,987.7500610351562,0.7263063192367554,540.4249267578125,987.48876953125,0.6670241951942444,534.1542358398438,988.0112915039062,0.6324936151504517,544.0828247070312,995.3271484375,0.6638740301132202,539.1185302734375,996.3722534179688,0.5582175254821777,550.6148071289062,1006.8234252929688,0.49146679043769836,540.4249267578125,1010.4813232421875,0.41199809312820435,544.6054077148438,1018.5809936523438,0.48338210582733154,539.3798217773438,1018.8422241210938,0.41625213623046875,556.1016845703125,1018.3197021484375,0.6165142059326172,549.8309936523438,1019.3648071289062,0.4671330451965332,546.6956176757812,1042.3572998046875,0.5957471132278442,542.7764282226562,1043.1412353515625,0.5426685810089111,552.4437866210938,1067.440185546875,0.6523145437240601,548.785888671875,1066.9176025390625,0.5517256259918213,167.584947193336,123.32353699906027,149.28975224920268,145.72184815206708,22.471489862697343,23.259716470240257,14.169422115212303,8.425966290408233,13.222374064337707,13.204290781526694,47.56427856848433,49.25649304105067,89.33376745998461,88.71261025881618,534.1542358398438,987.2274780273438,556.1016845703125,1067.440185546875,81.50740381504664,right_ear,left_ankle,49.483945037401504,48.98689727320247,552.9663391113281,1018.8422546386719,541.6006774902344,995.8497009277344,0.9999
62,477.0,537.6270751953125,989.6726684570312,0.7243099212646484,539.4112548828125,987.6336059570312,0.7032066583633423,536.0977783203125,987.8884887695312,0.7773378491401672,541.1954345703125,988.3982543945312,0.6890403032302856,533.8038940429688,988.6531372070312,0.6682355999946594,543.7442626953125,996.0447387695312,0.6237418055534363,537.8819580078125,997.3191528320312,0.5302269458770752,550.3712158203125,1006.7498168945312,0.45641016960144043,538.9014892578125,1011.5925903320312,0.3912506103515625,542.9796142578125,1017.199951171875,0.4189121127128601,538.1368408203125,1019.493896484375,0.3613092005252838,556.2335205078125,1018.474365234375,0.6012786626815796,548.5870361328125,1019.748779296875,0.4332195520401001,546.0382080078125,1042.688232421875,0.5772465467453003,542.4698486328125,1043.452880859375,0.5084649324417114,552.1553955078125,1067.4117431640625,0.6221017241477966,548.8419189453125,1067.1568603515625,0.5255711078643799,170.38679765631392,112.96794054869896,150.4832399273551,143.2691034358614,22.176208451745474,21.169026879411582,14.309803004798242,7.938219330935395,12.590282180447774,12.80004219029247,47.40876622035135,49.107006242986245,89.34145500998046,92.07003662011557,533.8038940429688,987.6336059570312,556.2335205078125,1067.4117431640625,80.86838454123516,right_ear,left_ankle,51.04330530651945,48.85035130136911,552.4102783203125,1019.111572265625,540.8131103515625,996.6819458007812,1.016567
63,487.0,536.6712036132812,990.4354858398438,0.6913222074508667,538.1944580078125,987.8967895507812,0.6673943996429443,535.40185546875,988.404541015625,0.7432635426521301,540.733154296875,988.404541015625,0.6742379665374756,533.8786010742188,989.1661376953125,0.6066630482673645,543.5257568359375,996.2745361328125,0.636474609375,538.7022094726562,997.2900390625,0.5207780599594116,550.1264038085938,1006.6832885742188,0.4758017957210541,539.9715576171875,1011.5068969726562,0.36106088757514954,543.7796020507812,1018.869140625,0.4757685661315918,538.9560546875,1019.6307983398438,0.31693947315216064,556.4732055664062,1018.3613891601562,0.5855271220207214,550.3803100585938,1019.123046875,0.393867552280426,545.0490112304688,1042.225341796875,0.570325493812561,542.51025390625,1042.733154296875,0.457370400428772,551.903564453125,1067.3587646484375,0.6185376644134521,550.3803100585938,1066.5970458984375,0.5081954002380371,167.77276682636347,120.10740471684427,143.3130039233505,139.16346209202666,22.342201379481832,22.596030393666023,14.27341212007827,8.187125235636428,12.325204576156807,13.739609992881947,47.4739990234375,49.21000329855521,89.3490089832111,89.35632209956994,533.8786010742188,987.8967895507812,556.4732055664062,1067.3587646484375,80.24329389202241,right_ear,left_ankle,49.165459451214545,48.335721992322384,553.4267578125,1018.7422180175781,541.1139831542969,996.7822875976562,1.033233
64,497.0,532.6249389648438,990.8255004882812,0.6908797025680542,533.6249389648438,988.3255004882812,0.6661015748977661,532.6249389648438,988.8255004882812,0.6839848160743713,537.8749389648438,988.3255004882812,0.671475887298584,535.1249389648438,988.5755004882812,0.49047619104385376,543.3749389648438,997.0755004882812,0.6428033113479614,540.1249389648438,996.8255004882812,0.5365543365478516,547.1249389648438,1013.075439453125,0.5084425210952759,541.3749389648438,1012.325439453125,0.36406269669532776,541.1249389648438,1019.825439453125,0.5091876983642578,539.1249389648438,1020.575439453125,0.3830757141113281,556.3749389648438,1019.075439453125,0.5946754217147827,552.6249389648438,1019.325439453125,0.4140810966491699,544.8749389648438,1043.075439453125,0.5945910215377808,542.1249389648438,1043.075439453125,0.46368199586868286,551.8749389648438,1067.0753173828125,0.6450536847114563,550.6249389648438,1066.0753173828125,0.5074812173843384,160.13421270838907,125.17580111996753,135.86686803251237,138.13752930969946,23.77098232790987,22.860932240486516,15.550260702441022,8.551315688243536,16.433519004727057,9.031195934094221,46.79263923354487,48.21035450258483,92.41103593542366,95.64826242926998,532.6249389648438,988.3255004882812,556.3749389648438,1067.0753173828125,80.26695305338887,right_ear,left_ankle,48.45733653813806,46.930681772338055,554.4999389648438,1019.200439453125,541.7499389648438,996.9505004882812,1.0499
65,504.0,534.4501953125,990.9925537109375,0.6143114566802979,535.1964111328125,988.5052490234375,0.5819249153137207,534.2014770507812,989.002685546875,0.6507096886634827,538.6787109375,988.5052490234375,0.6178925037384033,534.2014770507812,988.7539672851562,0.5396184921264648,543.6533813476562,996.962158203125,0.5825515985488892,538.6787109375,996.7134399414062,0.4878595471382141,548.1305541992188,1012.3837280273438,0.3917275071144104,538.6787109375,1011.6375122070312,0.30779188871383667,541.4147338867188,1018.8507690429688,0.4257882833480835,538.6787109375,1019.5969848632812,0.33566129207611084,556.5875244140625,1018.60205078125,0.5620943307876587,551.861572265625,1019.3482666015625,0.37458881735801697,544.3995971679688,1042.729248046875,0.5584704875946045,541.6635131835938,1042.97802734375,0.4553149938583374,551.861572265625,1067.3538818359375,0.6203427314758301,550.617919921875,1066.3590087890625,0.4953432083129883,179.99256549924104,117.72986486437124,135.7003356860375,136.3409137066892,22.883544921875,22.002791344565516,14.924072265625,7.95947265625,16.058327826583398,9.32335036172961,47.02718949896652,48.980359889389476,90.0,95.83959472510868,534.2014770507812,988.5052490234375,556.5875244140625,1067.3538818359375,80.55945338932894,right_ear,left_ankle,49.61540469171281,48.262113430805314,554.2245483398438,1018.9751586914062,541.1660461425781,996.8377990722656,1.066567
66,512.0,535.6442260742188,990.56103515625,0.5994170904159546,536.8795166015625,988.3374633789062,0.5546982288360596,535.150146484375,988.5845336914062,0.6480319499969482,539.1030883789062,988.5845336914062,0.5898920297622681,534.161865234375,988.5845336914062,0.5383079051971436,542.5618896484375,996.490478515625,0.5478345155715942,539.84423828125,996.243408203125,0.44353049993515015,547.7501831054688,1011.0670166015625,0.3205139636993408,538.1148681640625,1011.3140869140625,0.2702065110206604,541.3265991210938,1018.725830078125,0.4377845823764801,538.8560180664062,1019.219970703125,0.3076857328414917,556.3972778320312,1018.2317504882812,0.558408796787262,555.4090576171875,1018.4788208007812,0.3646862506866455,543.3031005859375,1042.196533203125,0.5703783631324768,542.3148803710938,1042.690673828125,0.422463595867157,551.4560546875,1067.3966064453125,0.6067076921463013,552.197265625,1066.161376953125,0.5161458253860474,0.0,120.42043585223044,128.76111096219572,133.42024144073488,22.997804319313442,22.269638564532574,0.0,0.0,15.472357660261727,9.995991950431652,47.79060335486982,49.41253633886529,92.46276930301013,93.17981269867333,534.161865234375,988.3374633789062,556.3972778320312,1067.3966064453125,80.68724682753522,right_ear,left_ankle,49.713683652054755,48.80045601372207,555.9031677246094,1018.3552856445312,541.2030639648438,996.366943359375,1.083233
67,520.0,536.5487670898438,990.24951171875,0.6175240278244019,537.7913208007812,988.261474609375,0.5934483408927917,535.0576782226562,988.5099487304688,0.6828009486198425,540.0278930664062,988.5099487304688,0.6261820197105408,533.8151245117188,989.0069580078125,0.564698338508606,543.010009765625,996.7108154296875,0.5695681571960449,538.536865234375,996.4622802734375,0.4807915687561035,547.4832153320312,1011.1244506835938,0.365314781665802,538.7853393554688,1011.3729248046875,0.32242804765701294,541.02197265625,1019.0767822265625,0.46170562505722046,539.2824096679688,1019.5737915039062,0.35563328862190247,556.9266357421875,1018.0827026367188,0.5676213502883911,553.198974609375,1018.3312377929688,0.3718014061450958,543.507080078125,1041.939697265625,0.5500674247741699,541.02197265625,1042.436767578125,0.4517354965209961,551.2108764648438,1067.287841796875,0.5904061794281006,551.2108764648438,1066.0452880859375,0.49481165409088135,177.4861259201951,123.664766830899,129.85526349851332,133.73720172684568,23.1235332044769,22.454147997801364,14.91271470008559,8.215917082950867,15.09180072993203,10.246327824378477,47.75545130759671,49.53600330958164,88.15236047818955,95.07948375563416,533.8151245117188,988.261474609375,556.9266357421875,1067.287841796875,80.19045424993776,right_ear,left_ankle,49.27595788732064,47.977998235627666,555.0628051757812,1018.2069702148438,540.7734375,996.5865478515625,1.0999
68,528.0,536.177001953125,990.5521240234375,0.6052020788192749,537.6622314453125,988.3242797851562,0.5847401022911072,534.9393310546875,988.5718383789062,0.6779225468635559,539.6425170898438,988.5718383789062,0.6033343076705933,533.4541015625,989.06689453125,0.5588974952697754,542.6129760742188,995.9979248046875,0.5461629629135132,537.6622314453125,996.2454833984375,0.476042777299881,548.8014526367188,1009.364990234375,0.33025437593460083,537.1671752929688,1011.3452758789062,0.3529672622680664,541.6228637695312,1018.02880859375,0.4381697475910187,539.1474609375,1018.5238647460938,0.37044888734817505,556.2275390625,1017.78125,0.5394904613494873,554.2472534179688,1018.2763061523438,0.3554324507713318,543.1080932617188,1041.5447998046875,0.5425200462341309,541.3753051757812,1042.0399169921875,0.4171421527862549,551.029296875,1066.793701171875,0.6004822254180908,551.029296875,1065.5560302734375,0.5019738674163818,162.70014093057992,115.5133776348702,129.23762772203293,133.67973997278514,22.327834245982334,22.053121386848403,15.107905663830245,7.44672205457172,14.730094377367665,11.251394877451935,47.389108002569216,49.28734210439163,86.18591474728933,92.5732562268774,533.4541015625,988.3242797851562,556.2275390625,1066.793701171875,79.68904542546377,right_ear,left_ankle,49.66382719770728,48.50981982482648,555.2373962402344,1018.0287780761719,540.1376037597656,996.1217041015625,1.116567
69,537.0,535.283935546875,990.2344360351562,0.6177049875259399,536.51806640625,988.0130004882812,0.5815527439117432,534.54345703125,988.5066528320312,0.6703448295593262,538.986328125,988.2598266601562,0.6086065769195557,533.802978515625,988.7534790039062,0.5531789064407349,541.4546508789062,995.6646728515625,0.565585732460022,538.245849609375,996.1583251953125,0.4751070737838745,547.8721923828125,1008.499755859375,0.35509100556373596,537.752197265625,1011.21484375,0.3311573565006256,541.7014770507812,1017.8792114257812,0.45944398641586304,539.2332153320312,1018.3728637695312,0.3656603693962097,556.2643432617188,1017.3855590820312,0.5456138849258423,557.2516479492188,1017.6323852539062,0.3701290190219879,542.6887817382812,1041.327880859375,0.5431762933731079,548.8594970703125,1041.57470703125,0.4092200994491577,550.3404541015625,1066.751220703125,0.5813144445419312,551.3277587890625,1065.763916015625,0.5005612373352051,166.43239486959078,120.0941522496292,154.85737005866986,133.69604445895683,22.236470383937494,22.21590977710738,15.064608976808486,7.3096282472525145,14.350059051160606,11.227284374734378,48.494708126228524,49.71982512107364,87.4550594567753,89.36341167078841,533.802978515625,988.0130004882812,557.2516479492188,1066.751220703125,79.73164872830316,right_ear,left_ankle,49.629680789711905,48.91001752633099,556.7579956054688,1017.5089721679688,539.8502502441406,995.9114990234375,1.133233
70,546.0,534.3838500976562,990.0576171875,0.6114599704742432,535.5994262695312,987.86962890625,0.567509651184082,534.1407470703125,988.11279296875,0.6469334363937378,538.5166625976562,988.11279296875,0.6060278415679932,533.8976440429688,988.5989990234375,0.5162917375564575,540.7046508789062,995.4059448242188,0.5384382605552673,538.2735595703125,995.8921508789062,0.4393744468688965,546.5391845703125,1008.29052734375,0.32420724630355835,536.0856323242188,1011.2078247070312,0.319200336933136,541.1908569335938,1017.528564453125,0.4466530680656433,539.2459716796875,1017.528564453125,0.36708277463912964,555.7771606445312,1017.0423583984375,0.523248016834259,558.6944580078125,1016.7991943359375,0.36546260118484497,541.920166015625,1041.1097412109375,0.5328014492988586,548.97021484375,1041.3529052734375,0.42831990122795105,549.942626953125,1066.392822265625,0.5151904821395874,551.4012451171875,1065.4202880859375,0.46891963481903076,145.30516291844322,125.5689874096591,152.6266248347373,132.4639385704026,21.658254261715012,22.12796184859516,15.471163189744734,7.066788222352069,14.144053524317734,10.674546273443156,49.1650456291283,49.6941653245402,87.42666953502297,88.74096868291313,533.8976440429688,987.86962890625,558.6944580078125,1066.392822265625,79.43123070445225,right_ear,left_ankle,49.64180869026866,49.410200008318974,557.2358093261719,1016.9207763671875,539.4891052246094,995.6490478515625,1.1499
71,556.0,536.3499145507812,990.2705078125,0.5979931354522705,537.5631713867188,988.086669921875,0.5473382472991943,535.3792724609375,988.3292846679688,0.6499770879745483,538.2911376953125,988.3292846679688,0.5481168031692505,533.9234008789062,988.5719604492188,0.5429153442382812,540.2323608398438,995.1235961914062,0.4845960736274719,539.26171875,995.60888671875,0.4007256031036377,549.4531860351562,1007.4989013671875,0.24674943089485168,535.8646240234375,1010.89599609375,0.274249792098999,540.9603271484375,1017.6903076171875,0.3714120388031006,539.0191040039062,1018.1755981445312,0.29261040687561035,555.27685546875,1016.7197265625,0.4950593113899231,559.4019165039062,1016.47705078125,0.38041335344314575,541.6882934570312,1040.4996337890625,0.5203462243080139,548.9678344726562,1040.7423095703125,0.43632620573043823,547.9972534179688,1065.978271484375,0.5055418610572815,552.122314453125,1065.007568359375,0.4663779139518738,0.0,0.0,149.32535006161456,136.3473379872341,0.0,22.578449891897662,0.0,0.0,0.0,0.0,49.073452521892506,49.793542290523135,0.0,88.15236975927041,533.9234008789062,988.086669921875,559.4019165039062,1065.978271484375,78.67534755793983,right_ear,left_ankle,48.79801005944427,0.0,557.3393859863281,1016.598388671875,539.7470397949219,995.3662414550781,1.166567
72,568.0,535.4628295898438,990.0841674804688,0.6156555414199829,536.9075317382812,987.9171142578125,0.5779212117195129,534.499755859375,988.398681640625,0.6662498712539673,539.0745849609375,988.1578979492188,0.5824313163757324,533.2958374023438,988.8802490234375,0.5262999534606934,541.4823608398438,995.38134765625,0.49236953258514404,535.2221069335938,996.1036376953125,0.4316626191139221,549.1873168945312,1007.90185546875,0.2470434010028839,535.2221069335938,1010.5504760742188,0.3690471053123474,540.760009765625,1017.051513671875,0.4005131125450134,539.0745849609375,1017.5330810546875,0.36091122031211853,555.6883544921875,1016.8107299804688,0.5023685097694397,558.5777587890625,1016.8107299804688,0.348582923412323,542.2047119140625,1040.4072265625,0.4962521493434906,548.7057495117188,1040.64794921875,0.4130913019180298,547.2610473632812,1065.6890869140625,0.497079461812973,551.8358764648438,1064.4852294921875,0.47228991985321045,151.1133776127745,0.0,150.02263097335995,138.94539361898086,21.77297934697564,21.682202061118552,14.44683837890625,7.974857946348222,0.0,0.0,48.1488409098961,49.59952904990839,79.8085141356239,91.9091846724862,533.2958374023438,987.9171142578125,558.5777587890625,1065.6890869140625,78.06807713375153,right_ear,left_ankle,49.070123504381904,48.65547044007183,557.133056640625,1016.8107299804688,538.3522338867188,995.7424926757812,1.183233
73,577.0,537.2658081054688,989.7882690429688,0.5839903950691223,538.2435302734375,987.5884399414062,0.5325334072113037,535.79931640625,987.8328857421875,0.6755471229553223,537.7546997070312,988.3217163085938,0.5130096673965454,533.8439331054688,988.3217163085938,0.5334057807922363,537.9990844726562,995.8988037109375,0.4998213052749634,543.1319580078125,994.9210815429688,0.4275548756122589,535.3104858398438,1010.0751953125,0.321564257144928,535.79931640625,1009.830810546875,0.29735609889030457,540.1989135742188,1016.9190063476562,0.4658706784248352,538.976806640625,1017.4078369140625,0.31322675943374634,554.3753051757812,1017.1633911132812,0.49217289686203003,559.2637329101562,1016.43017578125,0.4197961688041687,540.93212890625,1040.6278076171875,0.5420138835906982,549.2424926757812,1040.6278076171875,0.47791028022766113,545.820556640625,1066.047607421875,0.578200101852417,552.6643676757812,1064.336669921875,0.5354855060577393,0.0,133.72357973371686,149.2908042740956,139.30530986737762,22.867432081535824,21.134998627035657,0.0,0.0,14.429090111618716,8.410379016378107,48.35890613260824,49.62711281754301,100.4691497389747,84.0255676419318,533.8439331054688,987.5884399414062,559.2637329101562,1066.047607421875,78.64320479645086,right_ear,left_ankle,49.44918921757768,48.88419677734594,556.8195190429688,1016.7967834472656,540.5655212402344,995.4099426269531,1.1999
74,585.0,533.8377685546875,989.7927856445312,0.626198947429657,535.0677490234375,987.578857421875,0.5974787473678589,533.591796875,987.8248901367188,0.6701583862304688,538.7576293945312,987.8248901367188,0.6144781112670898,533.0997924804688,988.3168334960938,0.5146699547767639,542.2015380859375,995.942626953125,0.5201705694198608,535.8057250976562,996.1886596679688,0.46889689564704895,548.597412109375,1009.9642944335938,0.2885777950286865,535.8057250976562,1010.4562377929688,0.41083574295043945,541.7095947265625,1017.3440551757812,0.3729155957698822,538.2656860351562,1018.5740356445312,0.37239688634872437,555.2391967773438,1016.8521118164062,0.5237540006637573,557.453125,1016.8521118164062,0.35000133514404297,541.2175903320312,1040.221435546875,0.5145465135574341,548.8433837890625,1040.7135009765625,0.47624629735946655,546.137451171875,1065.8048095703125,0.5498552322387695,552.5332641601562,1064.328857421875,0.5584712028503418,163.14145619454712,0.0,151.27876931422884,138.1507348761233,22.520134667139256,21.40708149744707,14.267578125,8.48233751821151,0.0,0.0,47.73097949937571,49.791649806488316,83.7288479165422,91.31679601920386,533.0997924804688,987.578857421875,557.453125,1065.8048095703125,78.57714031594875,right_ear,left_ankle,48.66262045130097,47.927732070581726,556.3461608886719,1016.8521118164062,539.0036315917969,996.0656433105469,1.216567
75,595.0,536.8001098632812,989.6146240234375,0.6067759990692139,538.0321044921875,987.6433715820312,0.5806862115859985,535.0752563476562,987.8897705078125,0.680345892906189,539.0177001953125,988.13623046875,0.5624595880508423,532.857666015625,988.3826293945312,0.56601482629776,541.7281494140625,996.2674560546875,0.5228128433227539,536.3072509765625,995.774658203125,0.4471442699432373,543.4529418945312,1011.0515747070312,0.2875993847846985,536.8001098632812,1010.3123779296875,0.36326080560684204,540.9888916015625,1018.197265625,0.41956961154937744,538.7713012695312,1018.4436645507812,0.3686806261539459,555.2802124023438,1017.211669921875,0.5307935476303101,557.25146484375,1017.211669921875,0.3466109037399292,541.7281494140625,1040.619873046875,0.5040183663368225,548.873779296875,1040.8662109375,0.45139721035957336,546.163330078125,1066.4920654296875,0.5366911292076111,552.56982421875,1064.5208740234375,0.5304937362670898,168.31490204105245,0.0,151.61680651914324,140.20405119244472,22.80253039985604,21.942266289139596,14.546071797234541,8.36680450796193,0.0,0.0,47.540283462185506,50.11661326067514,83.79648249488314,91.93071988030269,532.857666015625,987.6433715820312,557.25146484375,1066.4920654296875,79.23461802693485,right_ear,left_ankle,48.57121062648711,48.09894456604177,556.2658386230469,1017.211669921875,539.0177001953125,996.0210571289062,1.233233
76,605.0,535.7886962890625,989.376220703125,0.575556755065918,537.0180053710938,987.1633911132812,0.5400590896606445,534.8052368164062,987.4093017578125,0.6564028859138489,538.2473754882812,987.9010009765625,0.5576282739639282,532.8383178710938,987.9010009765625,0.5476334095001221,540.9518432617188,996.2603759765625,0.5415096879005432,536.5263061523438,995.5228271484375,0.4510287344455719,543.6563720703125,1011.5039672851562,0.39631223678588867,538.00146484375,1010.7664184570312,0.33514147996902466,540.4601440429688,1021.0927124023438,0.44622328877449036,537.755615234375,1020.3551025390625,0.34356746077537537,555.2119750976562,1016.6671142578125,0.5397733449935913,556.1954345703125,1016.9130249023438,0.34531915187835693,542.18115234375,1040.2701416015625,0.5144224166870117,548.5736694335938,1040.7618408203125,0.45668360590934753,546.3609008789062,1066.0859375,0.540919840335846,552.5075073242188,1064.3648681640625,0.5401167273521423,173.00384270732633,151.5043947860035,152.8144876234445,141.90091101219204,24.862684929327415,24.83720395867662,15.314802288905538,9.591835301725594,15.481652110157638,10.107418390724945,47.594939187976735,50.20519500478404,87.1659154111504,91.1343519420963,532.8383178710938,987.1633911132812,556.1954345703125,1066.0859375,79.34572799071876,right_ear,left_ankle,45.378510728374806,46.41635262057787,555.7037048339844,1016.7900695800781,538.7390747070312,995.8916015625,1.2499
77,617.0,535.8451538085938,989.7244262695312,0.610639214515686,537.3302612304688,987.4967651367188,0.5867270231246948,534.3600463867188,987.7442626953125,0.6728638410568237,538.8153686523438,987.9917602539062,0.5800521373748779,532.3798828125,988.48681640625,0.5642639398574829,541.78564453125,996.1599731445312,0.5260518789291382,536.0926513671875,995.4174194335938,0.43787679076194763,543.518310546875,1011.2587280273438,0.35177624225616455,538.0728149414062,1010.51611328125,0.30889299511909485,540.5480346679688,1019.1793823242188,0.40805912017822266,537.8253173828125,1019.4268798828125,0.32530567049980164,555.3992309570312,1016.95166015625,0.5441423654556274,548.7161865234375,1016.95166015625,0.3538004755973816,542.0331420898438,1040.2186279296875,0.5273935198783875,548.4686889648438,1040.713623046875,0.46504271030426025,546.2410278320312,1066.4556884765625,0.5577495694160461,552.4290161132812,1064.22802734375,0.5612116456031799,170.93742427978577,152.8973871408646,169.84313346347867,141.0126094198501,24.07189902322418,23.052654449229316,15.227987512666125,8.914203075375363,15.197846246523095,8.459273212718495,47.421935831538406,50.34403146766319,85.87235003925738,93.07747331640108,532.3798828125,987.4967651367188,555.3992309570312,1066.4556884765625,79.19139065055766,right_ear,left_ankle,47.61784638742284,47.12123545098283,552.0577087402344,1016.95166015625,538.9391479492188,995.7886962890625,1.266567
78,629.0,536.5988159179688,989.620361328125,0.6377313137054443,537.8491821289062,987.6198120117188,0.6289492249488831,534.5982055664062,987.869873046875,0.6920769214630127,539.349609375,987.869873046875,0.6161271333694458,532.0975341796875,988.8701782226562,0.6083819270133972,542.3504638671875,996.1222534179688,0.5560805797576904,534.8483276367188,995.8721923828125,0.47774574160575867,545.8514404296875,1011.3765869140625,0.3489537835121155,536.0986328125,1010.6264038085938,0.3324815034866333,541.3501586914062,1019.37890625,0.37111616134643555,536.848876953125,1019.1288452148438,0.3198819160461426,555.8543090820312,1016.878173828125,0.5668594837188721,548.3521728515625,1017.1282348632812,0.3741599917411804,542.3504638671875,1040.3848876953125,0.5209753513336182,540.0997924804688,1040.8851318359375,0.43182533979415894,546.8517456054688,1066.142333984375,0.5268940925598145,552.103271484375,1064.641845703125,0.5205597877502441,179.80102722973947,137.71643564500545,134.03846568485065,140.21131939319716,23.342538390607835,23.278155240360476,14.80709349701147,8.535477499077402,15.650927362339335,9.181429738428731,47.66145146754561,50.07997229482248,85.08349016843607,92.46286347828702,532.0975341796875,987.6198120117188,555.8543090820312,1066.142333984375,78.6681181347309,right_ear,left_ankle,47.08593879324375,48.00135170973125,552.1032409667969,1017.0032043457031,538.5993957519531,995.9972229003906,1.283233
79,639.0,535.684814453125,989.6443481445312,0.6183760166168213,536.9371337890625,987.6406860351562,0.5899747610092163,534.1820678710938,987.8911743164062,0.6750627756118774,538.1893920898438,987.8911743164062,0.5871027708053589,532.1784057617188,988.6425170898438,0.5743849277496338,541.1948852539062,996.15625,0.5411993861198425,537.1875610351562,995.4049072265625,0.4541966915130615,544.4508666992188,1011.1837158203125,0.3470998704433441,537.93896484375,1010.432373046875,0.32866722345352173,540.6939697265625,1019.1983642578125,0.39098626375198364,537.4380493164062,1019.4488525390625,0.32753443717956543,555.2205810546875,1016.9442749023438,0.5661895275115967,555.4710083007812,1016.9442749023438,0.3675396740436554,541.4453735351562,1040.4873046875,0.5410890579223633,548.4581909179688,1040.73779296875,0.48012590408325195,545.703125,1066.284423828125,0.5662639141082764,552.215087890625,1064.0303955078125,0.5714492797851562,173.95764460495252,142.6597518832799,154.41542381595443,140.29573186266802,24.045250062528655,23.0475583486759,15.046239951038586,9.030383092569872,15.376155051015832,8.851489391050237,47.198556878256575,50.24969916100176,89.40311783446896,91.24536426676835,532.1784057617188,987.6406860351562,555.4710083007812,1066.284423828125,78.81106338852622,right_ear,left_ankle,47.35175437523328,46.96674187654975,555.3457946777344,1016.9442749023438,539.1912231445312,995.7805786132812,1.2999
80,649.0,535.4773559570312,989.9195556640625,0.639458417892456,536.9747314453125,987.6734619140625,0.6199004650115967,533.7303466796875,988.172607421875,0.7009985446929932,538.7216796875,987.9230346679688,0.6238257884979248,531.7338256835938,988.9212646484375,0.5878181457519531,541.4669189453125,996.4082641601562,0.5628218650817871,536.4755859375,995.9091186523438,0.4706615209579468,544.7113037109375,1011.1326904296875,0.35006266832351685,537.7234497070312,1010.633544921875,0.3319356441497803,540.4686279296875,1018.8692016601562,0.4156476557254791,537.9729614257812,1019.1187744140625,0.34893378615379333,555.1930541992188,1016.8726806640625,0.5611807107925415,548.9539184570312,1016.8726806640625,0.3640301823616028,541.7164916992188,1040.5814208984375,0.5403976440429688,548.4547729492188,1040.8310546875,0.486480176448822,545.2103881835938,1066.2867431640625,0.5708198547363281,552.1982421875,1064.290283203125,0.5642614364624023,176.84019243336365,138.833773636673,169.74003564998827,142.6448863616864,23.257907342028645,22.483111402356744,14.77720856434566,8.488897197686052,15.077624530219657,8.823485921333722,47.52846165215732,50.41233176052681,86.30866725637313,92.54487344119319,531.7338256835938,987.6734619140625,555.1930541992188,1066.2867431640625,78.6318901413926,left_ear,left_ankle,47.65404004468243,47.358460902251416,552.073486328125,1016.8726806640625,538.9712524414062,996.15869140625,1.316567
81,658.0,535.982666015625,989.8453369140625,0.6362953782081604,537.2338256835938,987.5933227539062,0.6097661256790161,534.2310791015625,988.09375,0.7017755508422852,538.4849243164062,988.09375,0.5833918452262878,531.9790649414062,988.59423828125,0.5733045339584351,540.4867553710938,996.1010131835938,0.5612927079200745,538.4849243164062,995.10009765625,0.4542073905467987,542.4885864257812,1010.8643798828125,0.3735637068748474,538.2347412109375,1010.1136474609375,0.31301456689834595,539.986328125,1018.87158203125,0.4279383420944214,537.9844970703125,1019.121826171875,0.3334583044052124,554.7496337890625,1016.6195678710938,0.5550767183303833,557.001708984375,1016.6195678710938,0.3828887343406677,541.7379150390625,1040.3909912109375,0.5354740619659424,548.2437744140625,1040.3909912109375,0.48400363326072693,545.2410888671875,1066.41455078125,0.5753928422927856,552.2473754882812,1063.662109375,0.5702435970306396,179.36339211818282,154.92402788658706,150.01335390272783,143.63830047152337,24.02694046912807,22.776067111652228,15.015634163234466,9.011653889165116,14.898467165017763,8.389075208255722,47.2821784411296,50.69470139525499,91.19342879242075,91.25898279354743,531.9790649414062,987.5933227539062,557.001708984375,1066.41455078125,78.94227204866637,right_ear,left_ankle,47.832482561760386,46.768221353610805,555.8756713867188,1016.6195678710938,539.48583984375,995.6005554199219,1.333233
82,667.0,536.507568359375,990.07373046875,0.6861417293548584,538.0021362304688,988.0809936523438,0.6676095128059387,534.5148315429688,988.330078125,0.7466117143630981,538.99853515625,988.330078125,0.6177304983139038,531.7747802734375,988.8282470703125,0.6277608871459961,540.9913330078125,996.3011474609375,0.5973420143127441,536.507568359375,995.802978515625,0.4686571955680847,543.4822387695312,1011.2468872070312,0.3982040286064148,537.7530517578125,1010.4996337890625,0.329500287771225,540.2440185546875,1018.7197875976562,0.45158612728118896,537.7530517578125,1018.9688720703125,0.34780481457710266,554.6915893554688,1016.97607421875,0.5849339962005615,553.4461059570312,1016.97607421875,0.3763386309146881,541.9876708984375,1040.1419677734375,0.5498638153076172,548.215087890625,1040.6402587890625,0.4810457229614258,545.2259521484375,1066.297119140625,0.5766651034355164,552.2006225585938,1063.80615234375,0.5676912069320679,175.15597819545206,147.10941037241514,157.7733092798112,144.20222665162535,23.19935027286099,22.43109236019384,14.749335751892072,8.46923828125,15.151889257506145,8.144342232987633,46.84663751102513,50.22114853247331,86.9225316524427,91.90921995311962,531.7747802734375,988.0809936523438,554.6915893554688,1066.297119140625,78.62798588706973,right_ear,left_ankle,47.83745539932182,47.10747291420306,554.06884765625,1016.97607421875,538.7494506835938,996.0520629882812,1.3499
83,676.0,536.5625610351562,990.1918334960938,0.6746222972869873,538.0390625,987.97705078125,0.6519227027893066,534.5939331054688,988.46923828125,0.7403523921966553,538.77734375,988.71533203125,0.606660783290863,531.6409301757812,988.9613647460938,0.6398121118545532,540.7460327148438,996.5899658203125,0.6047210693359375,535.3321533203125,996.0978393554688,0.4814684987068176,543.4529418945312,1010.8628540039062,0.44244953989982605,537.5469360351562,1010.3707275390625,0.3378118872642517,540.7460327148438,1018.737548828125,0.48826712369918823,537.7930297851562,1019.229736328125,0.3787561357021332,554.5267333984375,1017.0149536132812,0.5799835324287415,552.0658569335938,1017.0149536132812,0.37293171882629395,541.9764404296875,1040.3929443359375,0.5479046106338501,547.8824462890625,1040.8851318359375,0.4653847813606262,545.175537109375,1066.7239990234375,0.5829158425331116,552.0658569335938,1064.0169677734375,0.5740784406661987,172.77072805457885,150.2908752823613,159.8082962681633,144.84400680439416,23.262428302496822,22.1475830078125,14.443704496262056,8.862426239945565,14.527308574145678,8.326954778408131,47.00201416015625,50.58096546751112,83.92745453660615,90.0,531.6409301757812,987.97705078125,554.5267333984375,1066.7239990234375,78.93169752766502,right_ear,left_ankle,48.19045456860081,47.006485673204324,553.2962951660156,1017.0149536132812,538.0390930175781,996.3439025878906,1.366467
84,685.0,536.1599731445312,990.4231567382812,0.6595649123191833,537.3771362304688,987.98876953125,0.6386827230453491,534.2124633789062,988.4756469726562,0.7249717712402344,538.5943603515625,988.7190551757812,0.6052794456481934,531.778076171875,989.2059326171875,0.6353597044944763,540.5418701171875,997.2394409179688,0.5988966226577759,535.4296264648438,996.5091552734375,0.48041102290153503,543.463134765625,1012.5761108398438,0.43962615728378296,536.8902587890625,1011.115478515625,0.326205849647522,540.2984008789062,1019.6358032226562,0.4483209252357483,537.3771362304688,1019.6358032226562,0.3623126149177551,554.4179077148438,1016.9580078125,0.5856108069419861,552.4703979492188,1017.201416015625,0.3749263286590576,541.2721557617188,1040.571533203125,0.5545748472213745,547.358154296875,1041.0584716796875,0.4675910472869873,545.41064453125,1067.1064453125,0.5871450304985046,552.2269287109375,1064.4285888671875,0.5759817361831665,177.5598957415764,145.0698817647251,156.1369137262061,142.0304661254863,23.20850360652984,22.397685633851022,14.67917318658716,8.534224203534698,15.612406330824086,7.736588208873909,47.227800423281955,50.950923188396985,85.18644278424976,90.62283374996572,531.778076171875,987.98876953125,554.4179077148438,1067.1064453125,79.0843650683596,right_ear,left_ankle,47.74512431215332,47.19014709142059,553.4441528320312,1017.0797119140625,537.9857482910156,996.8742980957031,1.383033
85,694.0,535.2863159179688,990.9198608398438,0.6257089972496033,536.489501953125,988.5135498046875,0.590829610824585,533.6019287109375,988.9948120117188,0.6930260062217712,537.6926879882812,988.754150390625,0.5785480737686157,531.4362182617188,989.47607421875,0.5843427181243896,540.0989990234375,996.6950073242188,0.5423144102096558,537.4520263671875,995.97314453125,0.4207804203033447,543.7084350585938,1011.6141967773438,0.3468599319458008,539.136474609375,1011.1329345703125,0.23425987362861633,540.0989990234375,1020.517578125,0.4136959910392761,537.21142578125,1020.517578125,0.3092638850212097,554.2962646484375,1016.9080810546875,0.5588235259056091,556.4619140625,1016.4268188476562,0.3760181665420532,541.0615234375,1040.2493896484375,0.5379155874252319,547.7991943359375,1040.7305908203125,0.49730655550956726,545.6334838867188,1066.95947265625,0.588539719581604,552.3712158203125,1064.55322265625,0.5924063324928284,0.0,144.3319587201978,149.51808040703975,140.73317947166774,24.545612827549387,23.82257080078125,0.0,0.0,15.349600725429985,9.607196672998722,48.29994364030317,50.79552708436606,90.5616327033909,90.0,531.4362182617188,988.5135498046875,556.4619140625,1066.95947265625,78.7733418400615,right_ear,left_ankle,46.77050449111746,46.57206483838854,555.3790893554688,1016.6674499511719,538.7755126953125,996.3340759277344,1.3998
86,702.0,536.3724365234375,990.573486328125,0.6850000619888306,537.5973510742188,988.3685302734375,0.6706106066703796,534.1675415039062,988.613525390625,0.7487224340438843,538.5773315429688,989.103515625,0.6162385940551758,530.982666015625,989.593505859375,0.6374139785766602,540.2922973632812,997.1881713867188,0.5587242245674133,533.9225463867188,996.6982421875,0.4622616171836853,544.7020874023438,1011.8875732421875,0.3265872597694397,536.3724365234375,1011.8875732421875,0.3021869361400604,540.2922973632812,1019.2373046875,0.43978098034858704,537.3523559570312,1020.9522094726562,0.35650989413261414,554.7467041015625,1017.0324096679688,0.5811938047409058,548.376953125,1017.5223999023438,0.3730161190032959,541.76220703125,1040.0615234375,0.5088117122650146,547.39697265625,1040.79638671875,0.4634912610054016,545.4370727539062,1067.0103759765625,0.5715534090995789,552.0518188476562,1064.5604248046875,0.5715169906616211,177.00756981594492,132.33738785527012,166.5062631720029,142.81919484599365,24.495275519128924,22.04913330078125,15.385634194627334,9.11744877073962,15.346617317740511,8.57116097776901,47.18135675023626,50.83764699680932,81.95104110421967,90.0,530.982666015625,988.3685302734375,554.7467041015625,1067.0103759765625,78.7546928944374,right_ear,left_ankle,48.04929816563222,46.01902491054832,551.5618286132812,1017.2774047851562,537.107421875,996.9432067871094,1.416467
87,710.0,536.0724487304688,990.6016845703125,0.6921663284301758,537.5403442382812,988.3998413085938,0.678473711013794,533.87060546875,988.88916015625,0.7533875107765198,538.5189208984375,989.1337890625,0.631097674369812,530.690185546875,989.8677368164062,0.6466271281242371,540.4761352539062,996.9625244140625,0.576168417930603,533.6259765625,996.9625244140625,0.47678977251052856,545.61376953125,1011.1521606445312,0.36301761865615845,536.3170776367188,1011.6414794921875,0.311593234539032,540.4761352539062,1018.2470092773438,0.45013993978500366,536.806396484375,1019.7149047851562,0.35262957215309143,554.665771484375,1017.2683715820312,0.5623883605003357,547.0816650390625,1017.7576904296875,0.37138599157333374,541.4547119140625,1039.776123046875,0.48121756315231323,547.5709228515625,1040.754638671875,0.44336408376693726,545.1244506835938,1066.6873779296875,0.5536531805992126,552.2192993164062,1064.974853515625,0.5445646643638611,173.07966504915163,124.1865788414365,170.35459813546012,141.82372882995452,22.973590999893585,21.28448486328125,14.923596991920984,8.088240160617092,15.091092151357662,8.759689668604638,47.49585009084221,50.33164999295284,82.04252502474772,90.0,530.690185546875,988.3998413085938,554.665771484375,1066.6873779296875,78.16396401674128,right_ear,left_ankle,48.662882688028645,47.81234707472848,550.8737182617188,1017.5130310058594,537.0510559082031,996.9625244140625,1.433133
88,717.0,535.6883544921875,991.4312133789062,0.619137167930603,536.9259643554688,989.4510498046875,0.6012817621231079,533.7081909179688,989.6985473632812,0.6956208944320679,537.6685180664062,989.4510498046875,0.5812275409698486,530.9854125976562,990.193603515625,0.5911670923233032,540.1437377929688,997.1241455078125,0.5803854465484619,535.1932983398438,996.629150390625,0.44812989234924316,547.0742797851562,1009.500244140625,0.42616838216781616,539.648681640625,1011.9754028320312,0.28500616550445557,541.6288452148438,1017.6683959960938,0.4490445852279663,537.916015625,1020.1436157226562,0.3024599254131317,554.9949951171875,1017.4208984375,0.5809364914894104,556.4801025390625,1017.6683959960938,0.3747170567512512,541.3812866210938,1039.9453125,0.4733896851539612,547.5693359375,1040.9354248046875,0.43111932277679443,545.836669921875,1066.925048828125,0.5219775438308716,552.519775390625,1065.43994140625,0.49791306257247925,0.0,117.06136405705838,147.6229871402032,139.47423306524792,23.67157090828972,20.59785843673445,0.0,0.0,14.184506677166384,9.816896780222967,47.93542262249569,50.34417370739849,83.39518921934909,85.86538167121832,530.9854125976562,989.4510498046875,556.4801025390625,1066.925048828125,78.26710769441596,right_ear,right_ankle,49.436056041925056,47.592298953993414,555.737548828125,1017.5446472167969,537.6685180664062,996.8766479492188,1.4498
89,724.0,534.9317016601562,991.6693725585938,0.6471832990646362,536.1652221679688,989.6957397460938,0.6304761171340942,532.9580688476562,989.9424438476562,0.7193701267242432,537.6453857421875,989.6957397460938,0.6178743839263916,530.73779296875,990.6825561523438,0.5987896919250488,540.1124267578125,997.0968017578125,0.6132551431655884,534.6849975585938,997.343505859375,0.480407178401947,547.2667236328125,1007.458251953125,0.4830371141433716,539.6190185546875,1010.9120483398438,0.32898154854774475,542.3327026367188,1018.06640625,0.514546275138855,538.385498046875,1019.2998657226562,0.3476901054382324,554.9144897460938,1017.3262939453125,0.5683667659759521,555.9012451171875,1017.572998046875,0.37388014793395996,542.8261108398438,1039.0360107421875,0.44845354557037354,547.7601318359375,1040.51611328125,0.4031265079975128,546.7733154296875,1065.6796875,0.4864112436771393,552.4474487304688,1064.69287109375,0.47054630517959595,151.6508657646444,120.43209981780556,149.4911184889014,142.4631616353309,22.266015411601547,21.086819047386523,14.437794438008147,8.478033574515116,12.591410323136015,11.699465832943035,47.24628181597499,49.03396157261422,80.43333837245845,83.9560029087164,530.73779296875,989.6957397460938,555.9012451171875,1065.6796875,77.1286968061724,right_ear,right_ankle,47.819907918864494,47.52118889135634,555.4078674316406,1017.4496459960938,537.3987121582031,997.2201538085938,1.466467
90,731.0,533.0706787109375,992.236083984375,0.6329814195632935,533.808837890625,990.0216674804688,0.6204056739807129,531.8404541015625,990.2677612304688,0.7029169797897339,536.5152587890625,990.0216674804688,0.6409015655517578,530.6102905273438,991.005859375,0.5930690765380859,539.9598388671875,997.4029541015625,0.6098901033401489,534.5469360351562,997.6489868164062,0.5001925230026245,547.587158203125,1007.9827270507812,0.4648960828781128,537.4994506835938,1011.1812744140625,0.37451162934303284,542.6663208007812,1018.3164672851562,0.505785346031189,537.9915161132812,1019.0546264648438,0.3860478401184082,554.7223510742188,1017.8244018554688,0.5593479871749878,549.3094482421875,1018.3164672851562,0.3706084191799164,543.4044189453125,1037.999755859375,0.43747788667678833,547.3411254882812,1039.7220458984375,0.3891340494155884,546.8489990234375,1065.3104248046875,0.4734441041946411,552.2619018554688,1064.3262939453125,0.4566892385482788,171.2681140909969,118.74749517505323,163.43644517515602,143.52000939976787,21.68101798056021,21.08791308160243,13.850637182993394,7.888713513788852,13.042530272511806,11.445559312320471,46.10445891273644,48.1343125851951,80.85837441988706,82.6261601149917,530.6102905273438,990.0216674804688,554.7223510742188,1065.3104248046875,76.45049639265704,right_ear,right_ankle,47.17972912662588,47.46754455091352,552.0158996582031,1018.0704345703125,537.2533874511719,997.5259704589844,1.483133
91,739.0,533.2136840820312,992.7039794921875,0.6321654319763184,534.43896484375,990.4984741210938,0.616025447845459,531.7433471679688,990.7435302734375,0.7040978670120239,536.3994140625,990.4984741210938,0.6198655366897583,530.51806640625,990.9885864257812,0.5808327794075012,539.0950317382812,997.6051635742188,0.5724848508834839,534.6840209960938,997.1150512695312,0.4407219886779785,546.2017211914062,1008.1426391601562,0.438664972782135,538.1148071289062,1010.34814453125,0.3249022960662842,542.0357666015625,1018.4349975585938,0.5337737202644348,537.8697509765625,1018.9251708984375,0.36288028955459595,554.53369140625,1017.6998291015625,0.5236166715621948,554.53369140625,1017.9448852539062,0.3441454768180847,543.0159912109375,1038.52978515625,0.433378666639328,547.1819458007812,1039.7550048828125,0.3657536506652832,546.9368896484375,1065.240966796875,0.46223536133766174,552.5731811523438,1064.2607421875,0.4540953040122986,163.8290420314608,123.96723936869158,148.96473110681345,142.70933817843292,22.041556064299524,21.036394780302576,13.670590724706988,8.58052643030899,12.709973513244902,11.10350480913694,46.35733171731086,48.144274533034206,81.68976869516636,81.96414792183997,530.51806640625,990.4984741210938,554.53369140625,1065.240966796875,76.51951970858767,right_ear,right_ankle,47.06187165270353,47.66030720672856,554.53369140625,1017.8223571777344,536.8895263671875,997.360107421875,1.4998
92,747.0,534.2353515625,992.9616088867188,0.6208910346031189,535.2061157226562,990.7772827148438,0.5998166799545288,532.5364379882812,991.2626953125,0.6989495754241943,536.662353515625,990.7772827148438,0.5839725732803345,530.5948486328125,991.7481079101562,0.5793273448944092,539.33203125,998.058349609375,0.5595208406448364,534.47802734375,997.5729370117188,0.4193558096885681,547.0984497070312,1008.9798583984375,0.4020603597164154,537.3904418945312,1011.6495361328125,0.3114817142486572,541.516357421875,1019.65869140625,0.48270076513290405,538.1185302734375,1020.14404296875,0.3662182092666626,554.3794555664062,1017.9597778320312,0.5309789180755615,555.835693359375,1018.2024536132812,0.3470268249511719,542.0017700195312,1038.83203125,0.4492407441139221,547.3411254882812,1040.2882080078125,0.4063478112220764,546.1276245117188,1065.771728515625,0.4680343270301819,552.4378662109375,1064.8009033203125,0.4811875820159912,173.20958011123773,116.9857113594594,147.21665587107753,140.62389035778892,22.862810100785836,21.710505442457187,14.374727869826952,8.52565299981692,13.4013659706496,12.049781271406825,46.72216545098675,48.51881432934554,80.83764808309326,84.22561647598215,530.5948486328125,990.7772827148438,555.835693359375,1065.771728515625,76.24846447081032,right_ear,right_ankle,46.343025102214376,46.89646637167809,555.1075744628906,1018.0811157226562,536.905029296875,997.8156433105469,1.516467
93,755.0,533.5049438476562,993.4818725585938,0.636288046836853,534.4690551757812,991.3125610351562,0.615120530128479,532.0587158203125,991.5535888671875,0.6994842290878296,536.3973388671875,991.071533203125,0.6164573431015015,530.3714599609375,991.7946166992188,0.5768557786941528,539.53076171875,998.5435791015625,0.5894135236740112,537.3614501953125,997.8204956054688,0.4251568913459778,545.0745849609375,1010.5953369140625,0.41679441928863525,538.8076782226562,1011.5595092773438,0.28111714124679565,541.218017578125,1020.477783203125,0.47362127900123596,538.0845947265625,1020.7188110351562,0.33374637365341187,554.7160034179688,1018.0674438476562,0.5573073625564575,557.1263427734375,1018.3084716796875,0.3606668710708618,542.6642456054688,1039.2784423828125,0.48253923654556274,547.243896484375,1040.24267578125,0.36588025093078613,544.592529296875,1065.7923583984375,0.4654940664768219,552.7877197265625,1064.587158203125,0.441236287355423,0.0,133.97958464518715,142.9172238451774,146.23579874247656,22.90973128455551,21.99900320250889,0.0,0.0,13.265701734615215,10.608291881088983,46.481614389750604,48.78680351447333,88.19116110616966,85.60127026098901,530.3714599609375,991.071533203125,557.1263427734375,1065.7923583984375,76.16589000647134,right_ear,right_ankle,45.44004901484605,46.26676742560536,555.9211730957031,1018.1879577636719,538.4461059570312,998.1820373535156,1.533133
94,763.0,532.9232788085938,993.9666748046875,0.6272164583206177,533.6476440429688,991.7935791015625,0.6125208139419556,531.7160034179688,992.0350341796875,0.6925256848335266,535.8206787109375,991.5521850585938,0.6108602285385132,530.02587890625,992.5179443359375,0.5844350457191467,539.6838989257812,998.312744140625,0.5947424173355103,534.3720092773438,998.312744140625,0.42330414056777954,548.3760986328125,1008.2122192382812,0.44474899768829346,539.4424438476562,1012.075439453125,0.2804706394672394,542.098388671875,1019.3189697265625,0.46860459446907043,538.4766235351562,1020.0432739257812,0.3181185722351074,554.412353515625,1018.1116943359375,0.5237841606140137,548.6175537109375,1018.5946044921875,0.3221248984336853,542.33984375,1039.359375,0.4515995383262634,547.1688232421875,1040.8079833984375,0.38429439067840576,544.2714233398438,1065.6773681640625,0.4433581233024597,552.7222290039062,1064.47021484375,0.4691162407398224,0.0,109.23954558547322,163.06053522723658,146.19798944772924,22.11478652279964,21.144532960112578,0.0,0.0,13.173987359794694,12.758116975580279,46.05887519674245,48.63467684228658,79.30359458030037,83.44310449347795,530.02587890625,991.5521850585938,554.412353515625,1065.6773681640625,75.44702471923466,right_ear,right_ankle,46.409300634228444,46.65501424820237,551.5149536132812,1018.3531494140625,537.0279541015625,998.312744140625,1.5498
95,772.0,534.09423828125,993.803955078125,0.6648769378662109,535.3109741210938,991.61376953125,0.6600738763809204,532.1473999023438,992.1004638671875,0.743209958076477,537.0144653320312,991.8571166992188,0.6569092273712158,529.470458984375,992.83056640625,0.6258344054222107,539.2046508789062,999.1577758789062,0.6149708032608032,532.87744140625,998.6710815429688,0.45162612199783325,546.261962890625,1009.6220092773438,0.44587212800979614,538.474609375,1013.0289916992188,0.3145878314971924,541.3948974609375,1021.5464477539062,0.4950036108493805,537.7445678710938,1022.0331420898438,0.33353912830352783,554.2926635742188,1018.1394653320312,0.5199158787727356,547.9654541015625,1018.8695068359375,0.3421977162361145,541.3948974609375,1039.3114013671875,0.45418956875801086,546.9920654296875,1040.528076171875,0.3995511531829834,543.5850830078125,1065.10693359375,0.47528353333473206,551.859130859375,1063.4034423828125,0.49218273162841797,154.0672807643282,123.80013332286597,165.4153222858949,143.79748301854673,23.86367098793972,22.495550858258962,15.41031710657986,9.03369718633617,12.621641472000565,12.879462678162602,44.703826838286965,48.172558127025376,78.23163933655569,84.41262822615333,529.470458984375,991.61376953125,554.2926635742188,1065.10693359375,74.03906706550055,right_ear,right_ankle,43.61551145330028,43.71181344534415,551.1290588378906,1018.5044860839844,536.0410461425781,998.9144287109375,1.566467
96,780.0,534.141357421875,994.2984008789062,0.6600289940834045,535.3674926757812,992.09130859375,0.6587570905685425,531.934326171875,992.3365478515625,0.7326218485832214,536.8388671875,991.8460693359375,0.6503241062164307,529.4819946289062,993.072265625,0.6187082529067993,539.2911376953125,999.9385986328125,0.5865910053253174,532.1795043945312,998.9577026367188,0.4438963532447815,543.9505004882812,1014.4070434570312,0.4217078685760498,535.6127319335938,1014.4070434570312,0.3101094961166382,540.02685546875,1025.4423828125,0.4090271592140198,536.348388671875,1022.9900512695312,0.32452061772346497,554.2500610351562,1017.5950317382812,0.5509166717529297,547.3836669921875,1018.575927734375,0.3547602891921997,540.5172729492188,1039.175048828125,0.48905396461486816,541.2529907226562,1040.4012451171875,0.3928688168525696,542.4791259765625,1064.1883544921875,0.43333888053894043,551.5525512695312,1062.4718017578125,0.460763543844223,172.3699413487839,142.57658046299082,139.29325795591464,143.04404999436449,24.391256157216027,25.514393744046323,15.82621821905509,8.614476997822598,15.200182803767982,11.712117866963679,44.09339352328622,48.0571809140248,80.1588509427689,88.34762418507009,529.4819946289062,991.8460693359375,554.2500610351562,1064.1883544921875,72.82448136359493,right_ear,right_ankle,38.82349742162126,42.30809830180111,550.8168640136719,1018.0854797363281,535.7353210449219,999.4481506347656,1.583133
97,789.0,532.2184448242188,994.7717895507812,0.6550635099411011,533.1937255859375,992.3334350585938,0.6325831413269043,530.7554321289062,992.8211059570312,0.7088838815689087,536.1197509765625,992.089599609375,0.6355215311050415,529.048583984375,993.3087768554688,0.5607444047927856,538.8019409179688,999.8922729492188,0.5994551181793213,534.1690673828125,999.4046630859375,0.44603800773620605,544.6539306640625,1014.03466796875,0.4517199397087097,536.1197509765625,1015.010009765625,0.2991454601287842,540.9964599609375,1026.226318359375,0.3899546265602112,536.1197509765625,1025.0072021484375,0.3339148759841919,554.651123046875,1018.1798706054688,0.5924644470214844,548.7991333007812,1018.4237060546875,0.3595622181892395,540.7526245117188,1039.881103515625,0.5739421844482422,545.6292724609375,1040.8564453125,0.4409264326095581,541.484130859375,1065.9713134765625,0.6044142246246338,551.4813232421875,1063.0452880859375,0.5415593385696411,0.0,140.82155003356948,157.18239544754186,145.75656021019884,25.676743814778458,26.425326137895137,0.0,0.0,15.305329819276967,12.728449677452646,44.702122162749205,49.57208584442159,85.64299395371897,85.23632533922496,529.048583984375,992.089599609375,554.651123046875,1065.9713134765625,74.07620546086368,left_ear,left_ankle,39.747986864373914,41.0228458820284,551.7251281738281,1018.3017883300781,536.4855041503906,999.6484680175781,1.5998
98,798.0,532.8782348632812,995.2889404296875,0.6450956463813782,533.8651123046875,992.8216552734375,0.6119540929794312,531.3978881835938,993.3151245117188,0.6946860551834106,536.3323974609375,992.0814819335938,0.5780478715896606,529.1773071289062,993.3151245117188,0.5136106014251709,539.2931518554688,999.236572265625,0.5477339625358582,534.1118774414062,998.4963989257812,0.35621362924575806,545.9547729492188,1011.326171875,0.43100306391716003,534.6052856445312,1015.2738037109375,0.23983097076416016,541.513671875,1025.1429443359375,0.3420107364654541,535.8389282226562,1024.4027099609375,0.23494969308376312,554.0967407226562,1017.9878540039062,0.5490854978561401,557.0574951171875,1017.9878540039062,0.3646298050880432,539.7865600585938,1040.1932373046875,0.5538233518600464,546.2014770507812,1041.18017578125,0.44599756598472595,541.513671875,1066.099609375,0.5625524520874023,551.3827514648438,1062.8922119140625,0.5134556293487549,0.0,133.32544786831315,141.49451180030408,143.38626738289443,0.0,26.001361945148307,0.0,0.0,13.803463851935684,14.512979707446291,45.26150765101874,49.7300173588631,0.0,85.1009649764052,529.1773071289062,992.0814819335938,557.0574951171875,1066.099609375,74.19925063291458,left_ear,left_ankle,40.9566650390625,0.0,555.5771179199219,1017.9878540039062,536.7025146484375,998.8664855957031,1.616467
99,807.0,532.2205200195312,995.9290771484375,0.6502429246902466,533.2147827148438,993.443359375,0.6089048981666565,530.9776000976562,993.69189453125,0.6908673048019409,535.4519653320312,992.9461669921875,0.5801078677177429,528.7404174804688,993.69189453125,0.5062226057052612,538.9320678710938,999.65771484375,0.5901033878326416,535.7005615234375,999.4091796875,0.3300880789756775,545.1464233398438,1011.5894165039062,0.4345448613166809,535.2034301757812,1015.815185546875,0.2371569275856018,541.9149780273438,1021.781005859375,0.3942401111125946,535.9491577148438,1022.0296020507812,0.24200190603733063,553.8466186523438,1018.0523681640625,0.5509605407714844,557.32666015625,1018.3009643554688,0.3798518180847168,540.6720581054688,1039.678466796875,0.5072330832481384,544.8978881835938,1041.6671142578125,0.3959094285964966,540.920654296875,1066.0274658203125,0.4333012104034424,550.8637084960938,1063.541748046875,0.4127216637134552,0.0,134.89602109936132,136.73573700252413,148.10978511422024,0.0,22.32347997876436,0.0,0.0,13.45301893252806,10.691619727533437,45.700090297220704,49.685919027885284,0.0,82.32105014759134,528.7404174804688,992.9461669921875,557.32666015625,1066.0274658203125,73.35388907630448,right_ear,left_ankle,44.25763096637481,0.0,555.5866394042969,1018.1766662597656,537.3163146972656,999.533447265625,1.633133
100,816.0,529.927734375,996.3932495117188,0.5767277479171753,530.6785888671875,994.140625,0.5563428401947021,529.6774291992188,994.140625,0.623961329460144,534.4329223632812,993.1395263671875,0.569875955581665,528.9265747070312,993.890380859375,0.47758638858795166,538.6878051757812,999.8972778320312,0.5378199219703674,533.6820678710938,1000.6481323242188,0.3768054246902466,545.6958618164062,1010.9099731445312,0.3929649293422699,534.4329223632812,1016.9168701171875,0.2507082521915436,538.9381103515625,1019.16943359375,0.3457769751548767,534.4329223632812,1021.6723022460938,0.27894631028175354,554.4559326171875,1018.6688842773438,0.5484752655029297,557.2091064453125,1019.6700439453125,0.3562326431274414,539.4386596679688,1038.942138671875,0.5369415283203125,544.4444580078125,1041.6953125,0.3993847668170929,539.9392700195312,1066.9744873046875,0.5130671858787537,550.951904296875,1063.720703125,0.43198588490486145,0.0,108.23943678715952,133.4458682666181,142.44796089961557,0.0,19.273781164705905,0.0,0.0,13.053440769550672,10.671733306862885,44.492843839109646,50.4397142816007,0.0,89.25588896115636,528.9265747070312,993.1395263671875,557.2091064453125,1066.9744873046875,74.03999811692084,left_ear,left_ankle,47.81553597928592,0.0,555.83251953125,1019.1694641113281,536.1849365234375,1000.272705078125,1.6498
101,825.0,532.3002319335938,997.4108276367188,0.6296994090080261,533.5320434570312,994.9471435546875,0.6060894727706909,530.3292846679688,995.4398803710938,0.6789671182632446,535.7493286132812,993.9617309570312,0.5816582441329956,527.6192626953125,995.686279296875,0.5392544269561768,539.691162109375,999.6281127929688,0.5445156097412109,530.822021484375,1002.0917358398438,0.39020317792892456,548.0675659179688,1008.9899291992188,0.39410915970802307,531.5610961914062,1017.3663330078125,0.28998878598213196,540.4302368164062,1018.351806640625,0.33003538846969604,535.01025390625,1019.8300170898438,0.306275874376297,554.9657592773438,1019.8300170898438,0.5101072788238525,545.6039428710938,1021.0618286132812,0.3382354974746704,540.1838989257812,1038.800048828125,0.4312969148159027,539.44482421875,1042.2491455078125,0.35259106755256653,540.4302368164062,1066.1466064453125,0.35968977212905884,552.7484741210938,1065.65380859375,0.3042769432067871,0.0,98.97245509801947,134.17622483336865,141.5573981622179,18.226022948623392,18.738274806484558,0.0,0.0,12.562155356026908,12.081951209696417,45.16070200252375,48.543875646012644,76.7150505208421,87.73955452395154,527.6192626953125,993.9617309570312,554.9657592773438,1066.1466064453125,74.34334148254756,right_ear,right_ankle,47.7947998046875,49.13719898593897,550.2848510742188,1020.4459228515625,535.256591796875,1000.8599243164062,1.666467
102,833.0,533.3563232421875,998.2940673828125,0.6482665538787842,534.3388671875,995.837646484375,0.6138086318969727,531.1455688476562,996.5745849609375,0.6883518695831299,535.812744140625,995.5919799804688,0.5419173836708069,527.9522094726562,997.802734375,0.543441653251648,539.251708984375,1000.2591552734375,0.5352503657341003,531.6368408203125,1003.6981201171875,0.35908815264701843,547.3578491210938,1008.3652954101562,0.36379045248031616,529.9173583984375,1018.9278564453125,0.30393320322036743,539.497314453125,1017.2083740234375,0.3026430904865265,531.6368408203125,1017.9453125,0.332459032535553,553.9901123046875,1020.1560668945312,0.49876177310943604,545.3927001953125,1021.6298828125,0.36911922693252563,539.497314453125,1039.3160400390625,0.4371609091758728,539.497314453125,1043.0006103515625,0.3535410761833191,540.4799194335938,1067.073486328125,0.393095463514328,552.2706298828125,1065.84521484375,0.3427264094352722,53.81397266015704,93.36638700185553,135.36653743336862,140.86836323888173,14.2471923828125,16.950998150009678,15.326496286605998,1.9804071307706828,11.46381331984455,11.831654348695741,44.747083742070565,48.82386258503021,90.0,89.16980409764183,527.9522094726562,995.5919799804688,553.9901123046875,1067.073486328125,72.25762741458738,right_ear,right_ankle,49.87479260815767,52.155094627625125,549.69140625,1020.8929748535156,535.4442749023438,1001.9786376953125,1.683133
103,843.0,531.571044921875,999.33544921875,0.5695648193359375,532.0531616210938,996.9248046875,0.5451748371124268,530.1246337890625,997.1658325195312,0.6386699080467224,534.2227783203125,996.442626953125,0.5271323919296265,527.955078125,997.8890380859375,0.5165438652038574,539.0440673828125,1001.74609375,0.5300905704498291,531.8121337890625,1003.6746215820312,0.39259809255599976,545.0707397460938,1013.5582885742188,0.32311052083969116,531.3300170898438,1019.8260498046875,0.3087039589881897,537.5977172851562,1017.6564331054688,0.35506826639175415,533.7406616210938,1020.5491943359375,0.30345267057418823,554.4722900390625,1021.2723999023438,0.5269819498062134,546.2760620117188,1022.4777221679688,0.3678097128868103,539.7672729492188,1040.0755615234375,0.46462517976760864,539.5262451171875,1042.727294921875,0.35899728536605835,541.2136840820312,1067.798095703125,0.43189191818237305,550.615234375,1064.4232177734375,0.36218249797821045,104.9884199808203,91.70898091630616,134.49315396926013,138.98613199020724,16.984417129409955,15.975945261898215,16.15862216104091,2.516772748803975,13.260796595213963,8.522960360150142,42.169337419346085,48.37800121615876,83.48018071408431,95.19427036505273,527.955078125,996.442626953125,554.4722900390625,1067.798095703125,71.69711070818306,left_ear,left_ankle,50.27187627225885,47.00724559279319,550.3741760253906,1021.8750610351562,535.4281005859375,1002.7103576660156,1.6998
104,851.0,530.1537475585938,1000.3114013671875,0.5651457905769348,529.9105224609375,997.8789672851562,0.5318206548690796,529.6672973632812,998.1221923828125,0.6028674244880676,532.0997314453125,996.6627197265625,0.5047236084938049,528.6942749023438,997.6357421875,0.44277000427246094,537.9376220703125,1000.3114013671875,0.5357836484909058,536.4781494140625,1003.7168579101562,0.37521621584892273,548.8836669921875,1008.3385009765625,0.36297035217285156,542.3160400390625,1019.52783203125,0.183620423078537,538.6673583984375,1017.8251342773438,0.32125967741012573,535.2619018554688,1019.52783203125,0.25367411971092224,553.9918212890625,1020.9873046875,0.5540684461593628,556.9107666015625,1021.9602661132812,0.3710184693336487,540.3701171875,1040.690185546875,0.4692458510398865,539.640380859375,1042.87939453125,0.3785242438316345,541.5863037109375,1068.177001953125,0.462924599647522,549.856689453125,1064.771484375,0.3877556622028351,0.0,79.13292520952768,115.44075359811073,142.80825849476153,0.0,17.52892910467937,0.0,0.0,13.57388034316399,13.941634504828402,43.38848249787758,48.793077320481686,0.0,87.61406427498916,528.6942749023438,996.6627197265625,556.9107666015625,1068.177001953125,72.1407486496457,left_ear,left_ankle,50.43640371970181,0.0,555.4512939453125,1021.4737854003906,537.2078857421875,1002.0141296386719,1.716467
105,859.0,529.2953491210938,1001.0518798828125,0.6182652711868286,530.296630859375,998.5487670898438,0.5894768238067627,528.7947387695312,999.0493774414062,0.6273793578147888,533.5506591796875,998.048095703125,0.5536524653434753,530.0462646484375,998.5487670898438,0.42513513565063477,538.306640625,1002.0531005859375,0.5313307642936707,536.3041381835938,1004.8065795898438,0.4267820417881012,548.3191528320312,1009.5625,0.32836735248565674,539.8084716796875,1019.0744018554688,0.2187664955854416,538.0563354492188,1021.3272094726562,0.2913380265235901,535.3028564453125,1021.827880859375,0.2540949881076813,554.32666015625,1022.3284912109375,0.5859642624855042,555.8285522460938,1022.8291015625,0.3882877230644226,540.058837890625,1040.1007080078125,0.4907349646091461,541.06005859375,1042.353515625,0.39395415782928467,542.0613403320312,1068.6363525390625,0.510835587978363,550.3216552734375,1064.1307373046875,0.4304690361022949,0.0,0.0,119.85623563089297,137.2277633815795,0.0,0.0,0.0,0.0,12.515649414068452,0.0,41.66714568155336,47.904656257771315,0.0,0.0,528.7947387695312,998.048095703125,555.8285522460938,1068.6363525390625,71.10999703124749,right_ear,left_ankle,0.0,0.0,555.0776062011719,1022.5787963867188,537.3053894042969,1003.4298400878906,1.733133
106,866.0,529.9323120117188,1001.5300903320312,0.5880051851272583,530.4161376953125,999.3531494140625,0.54962557554245,529.6904296875,999.5950317382812,0.6176266074180603,532.8349609375,997.90185546875,0.5186144113540649,529.2066650390625,998.3856201171875,0.4432889521121979,538.6402587890625,1002.4976806640625,0.5240691900253296,535.2538452148438,1004.4327392578125,0.3638116717338562,544.20361328125,1015.5595092773438,0.2840188145637512,534.2863159179688,1019.9134521484375,0.22843530774116516,535.9794921875,1022.0904541015625,0.2593497633934021,534.04443359375,1022.57421875,0.23494596779346466,554.604736328125,1022.57421875,0.5749903917312622,548.7994384765625,1023.2998657226562,0.38158828020095825,540.3334350585938,1040.95751953125,0.451704204082489,538.156494140625,1042.8927001953125,0.376213014125824,542.0266723632812,1068.048828125,0.4768025875091553,550.2507934570312,1064.6624755859375,0.4015875458717346,0.0,0.0,122.43436400896674,138.60074088053418,0.0,0.0,0.0,0.0,0.0,0.0,41.38806501856958,47.182070650963794,0.0,0.0,529.2066650390625,997.90185546875,554.604736328125,1068.048828125,70.83300881462522,right_ear,left_ankle,0.0,0.0,551.7020874023438,1022.9370422363281,536.9470520019531,1003.4652099609375,1.7498
107,874.0,533.0579223632812,1001.0132446289062,0.47126707434654236,533.0579223632812,999.0261840820312,0.47108975052833557,531.0709228515625,999.2745971679688,0.5224976539611816,535.2933349609375,998.2810668945312,0.43665993213653564,528.0903930664062,1000.7648315429688,0.39029204845428467,540.757568359375,1003.9937133789062,0.4441835582256317,531.8160400390625,1007.7193603515625,0.20735739171504974,545.9735107421875,1017.90283203125,0.30963295698165894,527.842041015625,1018.8963012695312,0.1399834305047989,540.2608642578125,1021.1317138671875,0.2520807981491089,531.5676879882812,1020.8833618164062,0.12900595366954803,555.4118041992188,1023.3671264648438,0.3583371937274933,545.9735107421875,1024.1121826171875,0.24949222803115845,542.2478637695312,1040.505126953125,0.3247244954109192,544.97998046875,1044.975830078125,0.28300124406814575,541.7510986328125,1067.578125,0.3582320809364319,549.6991577148438,1063.355712890625,0.31579405069351196,0.0,0.0,0.0,143.5228321383549,0.0,0.0,0.0,0.0,14.85495326905462,0.0,0.0,46.27339697977263,0.0,0.0,528.0903930664062,998.2810668945312,555.4118041992188,1067.578125,69.59730579350396,left_ear,left_ankle,0.0,0.0,,,,,1.766467
108,882.0,530.0418090820312,1001.9093627929688,0.6366783380508423,530.5457153320312,999.6417236328125,0.6293562650680542,529.285888671875,1000.1456298828125,0.6651126742362976,534.3250732421875,998.3819580078125,0.6373408436775208,528.781982421875,999.8936767578125,0.5338361263275146,541.1278686523438,1002.9171752929688,0.5851290822029114,534.0730590820312,1006.1925659179688,0.523857593536377,549.4424438476562,1010.727783203125,0.39087173342704773,536.0887451171875,1018.5384521484375,0.3196468949317932,539.1121826171875,1021.0580444335938,0.3265405595302582,532.5613403320312,1019.7982177734375,0.3533976674079895,554.9854736328125,1022.3178100585938,0.6136926412582397,548.4345703125,1023.8295288085938,0.45756423473358154,541.3798217773438,1040.9625244140625,0.4803392291069031,543.8993530273438,1043.986083984375,0.41678106784820557,541.8837280273438,1068.677734375,0.5802854299545288,550.1983032226562,1063.890625,0.4952488839626312,100.38076727269937,88.2098930564785,149.75924762343317,142.83894688193644,13.689377487355728,18.25251005669095,12.50935238163838,3.7456099567727086,11.407793678214087,14.609195534985883,40.099902516533284,48.175702595118786,96.34010711415972,96.34029753555858,528.781982421875,998.3819580078125,554.9854736328125,1068.677734375,70.70098611212437,left_ear,left_ankle,47.70027603773615,47.48897593166549,551.7100219726562,1023.0736694335938,537.6004638671875,1004.5548706054688,1.783133
109,889.0,532.1092529296875,1001.455078125,0.5499149560928345,532.3579711914062,998.9684448242188,0.5475472211837769,530.865966796875,999.4657592773438,0.6157736778259277,535.3419189453125,998.222412109375,0.5889437198638916,528.6279907226562,999.9630737304688,0.5700592994689941,541.309814453125,1001.952392578125,0.5596047639846802,530.1199951171875,1007.4229736328125,0.4909883141517639,550.2616577148438,1018.115478515625,0.28676238656044006,529.871337890625,1021.3480834960938,0.3818279504776001,537.8285522460938,1023.0887451171875,0.25644850730895996,532.6066284179688,1020.104736328125,0.3125643730163574,555.2349243164062,1021.3480834960938,0.6004672050476074,546.2830810546875,1023.834716796875,0.4491916000843048,542.5531005859375,1039.7491455078125,0.4568399488925934,537.08251953125,1044.4737548828125,0.44150131940841675,542.0557861328125,1068.593994140625,0.5668851137161255,550.7589721679688,1063.869384765625,0.4819503128528595,64.5324601510849,0.0,120.78459628279222,146.4135252597957,12.92325230864019,0.0,13.9273297914846,3.0046175212616264,0.0,0.0,40.284094139325106,49.04962544090719,78.90621971394793,0.0,528.6279907226562,998.222412109375,555.2349243164062,1068.593994140625,70.69112794539593,left_ear,left_ankle,0.0,47.37986952785049,550.7590026855469,1022.5914001464844,535.7149047851562,1004.6876831054688,1.7998
110,896.0,533.7002563476562,1000.4562377929688,0.5848501920700073,534.1671752929688,998.1215209960938,0.6207504272460938,531.5989379882812,998.8219604492188,0.6591533422470093,536.5018920898438,996.9541625976562,0.6746049523353577,528.7972412109375,999.9893188476562,0.6476230621337891,543.2726440429688,1001.8571166992188,0.616320013999939,529.2642211914062,1006.7600708007812,0.5837668180465698,548.8760375976562,1017.7333374023438,0.30672943592071533,532.06591796875,1022.8697509765625,0.47223758697509766,537.6693115234375,1024.2706298828125,0.30324453115463257,536.5018920898438,1022.8697509765625,0.3249765634536743,554.9463500976562,1021.2354736328125,0.6037306785583496,544.906982421875,1023.5701904296875,0.4739583730697632,542.572265625,1039.679931640625,0.37314701080322266,537.435791015625,1043.64892578125,0.42195436358451843,542.1052856445312,1067.4632568359375,0.49158304929733276,550.5103759765625,1063.727783203125,0.46437472105026245,99.86585261114777,100.81646896858244,126.51939369416031,147.10591972195408,17.660851491364976,23.103309471925602,16.351492292697255,4.43597412109375,16.83604475947508,12.974085797379624,40.54664322340326,47.97812914406351,65.80682504259612,104.03613333294285,528.7972412109375,996.9541625976562,554.9463500976562,1067.4632568359375,70.7313960673161,left_ear,left_ankle,43.419821389715935,43.192782015416405,549.9266662597656,1022.40283203125,536.2684326171875,1004.30859375,1.816467
111,904.0,531.5693359375,999.9730834960938,0.6286461353302002,532.2830810546875,997.593994140625,0.6533619165420532,530.141845703125,998.3077392578125,0.6778980493545532,536.0896606445312,995.690673828125,0.6845611929893494,528.4764404296875,998.3077392578125,0.6030998229980469,542.751220703125,1000.2109985351562,0.606201171875,529.666015625,1005.4451293945312,0.5776711702346802,547.03369140625,1015.6753540039062,0.3691054582595825,532.045166015625,1020.4336547851562,0.4465903043746948,537.5171508789062,1024.716064453125,0.27975139021873474,534.4242553710938,1021.8611450195312,0.323199987411499,555.1227416992188,1019.9578247070312,0.5862606763839722,545.606201171875,1022.3369750976562,0.4485337734222412,546.08203125,1040.180419921875,0.3808799386024475,537.7550659179688,1043.035400390625,0.39108335971832275,542.5133056640625,1067.3026123046875,0.47999805212020874,550.6023559570312,1064.4476318359375,0.44896411895751953,129.98379855751546,0.0,128.26406440243832,163.40838919561602,17.09170601436704,0.0,15.176173759107446,2.7744899586303613,16.046365488389636,0.0,42.40600162201798,48.99517108646404,73.83558344171416,0.0,528.4764404296875,995.690673828125,555.1227416992188,1067.3026123046875,71.89946416843398,left_ear,left_ankle,0.0,45.555897509901556,550.3644714355469,1021.1473999023438,536.2086181640625,1002.8280639648438,1.833133
112,912.0,532.8057250976562,999.4679565429688,0.5860307812690735,533.3037109375,997.2269287109375,0.629797637462616,531.3117065429688,997.7249145507812,0.6582411527633667,536.042724609375,995.73291015625,0.7003334760665894,529.3196411132812,998.2229614257812,0.6257441639900208,543.7617797851562,999.7169189453125,0.6390304565429688,529.8176879882812,1005.1950073242188,0.5955390334129333,551.9788818359375,1014.4080810546875,0.4780900478363037,533.8016967773438,1019.13916015625,0.45321762561798096,538.5327758789062,1022.6251831054688,0.40971124172210693,534.2997436523438,1021.3801879882812,0.3413754999637604,555.4649047851562,1018.89013671875,0.5876847505569458,544.7578125,1022.127197265625,0.48694679141044617,544.7578125,1040.5533447265625,0.38387513160705566,540.0267944335938,1043.0433349609375,0.42329317331314087,542.5167846679688,1068.192626953125,0.5326131582260132,550.9828491210938,1063.9595947265625,0.5134735107421875,176.58450681914815,92.21040083212196,139.60894404209472,158.33447857585557,16.794311420957317,23.497468984617836,14.502128265684743,2.2957039080935395,16.833033304692567,15.758125888590454,42.2930320296832,50.97439904383138,74.52134331062427,102.8579561178269,529.3196411132812,995.73291015625,555.4649047851562,1068.192626953125,72.74836088824,left_ear,left_ankle,45.74127528655747,45.73108227743388,550.1113586425781,1020.5086669921875,536.7897338867188,1002.4559631347656,1.8498
113,920.0,530.5802001953125,998.3003540039062,0.634779155254364,531.5587158203125,995.8541259765625,0.656042218208313,529.6017456054688,996.3433837890625,0.6628074049949646,536.20654296875,993.8971557617188,0.6870007514953613,529.6017456054688,995.1203002929688,0.5245597958564758,544.7683715820312,999.0342407226562,0.5986052751541138,531.3140869140625,1002.9482421875,0.5496394634246826,556.02099609375,1013.222412109375,0.49662697315216064,532.7817993164062,1015.4240112304688,0.3823523223400116,548.1930541992188,1019.0933227539062,0.25596755743026733,533.0264282226562,1016.4024658203125,0.3110770583152771,554.0640258789062,1020.0718383789062,0.5179691314697266,543.3005981445312,1022.51806640625,0.45848506689071655,543.0559692382812,1041.35400390625,0.4467266798019409,537.18505859375,1043.31103515625,0.40488290786743164,542.0775146484375,1067.5286865234375,0.5798591375350952,550.8839111328125,1064.10400390625,0.535020112991333,172.67260337297137,0.0,130.232813245831,154.7908569162677,13.562752166092505,0.0,12.561806912601828,1.0085716068576254,18.108720708560234,0.0,42.27170251636597,48.947205101938685,82.74686584423222,0.0,529.6017456054688,993.8971557617188,556.02099609375,1067.5286865234375,73.86521935781161,left_ear,left_ankle,0.0,50.93453083764165,548.6823120117188,1021.2949523925781,538.0412292480469,1000.9912414550781,1.866467
114,930.0,531.1470336914062,997.719482421875,0.6336350440979004,531.8724365234375,995.3014526367188,0.6456441879272461,529.93798828125,995.7850341796875,0.6614489555358887,536.2249145507812,993.3670043945312,0.6404069662094116,530.1798095703125,994.8178100585938,0.49924153089523315,543.7208251953125,996.5104370117188,0.5228543281555176,532.1142578125,1002.5555419921875,0.5454801917076111,552.6676025390625,1008.8424682617188,0.260917991399765,531.8724365234375,1013.9203491210938,0.40562325716018677,535.9830932617188,1012.7113647460938,0.19117674231529236,530.6634521484375,1014.1621704101562,0.32044506072998047,554.60205078125,1017.7892456054688,0.5460128784179688,543.962646484375,1020.4490966796875,0.4684310555458069,546.6224975585938,1041.00244140625,0.418334424495697,537.6757202148438,1041.9696044921875,0.38653329014778137,542.5118408203125,1067.8426513671875,0.5685116052627563,551.216796875,1063.9737548828125,0.5357458591461182,102.53000439096596,0.0,132.10737075950706,169.73691147977132,11.696950897891108,0.0,11.367379584278963,1.2329317721747581,0.0,0.0,44.12503336643114,51.49287917029705,97.12490510028941,0.0,529.93798828125,993.3670043945312,554.60205078125,1067.8426513671875,74.74053407565566,left_ear,left_ankle,0.0,53.88537767451838,549.2823486328125,1019.1191711425781,537.9175415039062,999.5329895019531,1.883133
115,937.0,531.9942626953125,997.8720092773438,0.6406214237213135,532.696533203125,995.7652587890625,0.6461429595947266,530.8239135742188,996.2334594726562,0.6695989370346069,536.6758422851562,993.1904296875,0.6745878458023071,530.355712890625,995.0630493164062,0.5454047322273254,544.8685913085938,996.7015991210938,0.5875030755996704,531.7601928710938,1000.9150390625,0.5488014221191406,543.2300415039062,1014.2575073242188,0.3932704031467438,533.3987426757812,1014.0234375,0.3251810073852539,532.9306030273438,1015.8960571289062,0.30787742137908936,533.866943359375,1016.130126953125,0.37238091230392456,554.9340209960938,1017.5346069335938,0.5537981986999512,544.1663818359375,1019.6412963867188,0.4845266342163086,546.7412719726562,1040.474365234375,0.44443848729133606,538.7825927734375,1041.644775390625,0.43030691146850586,543.4641723632812,1068.0955810546875,0.6080096364021301,551.188720703125,1064.1163330078125,0.563491940498352,174.59495706867682,104.37165139176413,137.34878134173638,167.11241137736943,15.360250555876906,22.6040434970591,13.210410858814871,2.158089973107184,17.632207981389996,10.428963438182029,45.026016097510144,51.84563175170636,82.116690677579,121.87953596686977,530.355712890625,993.1904296875,554.9340209960938,1068.0955810546875,75.21212087550016,left_ear,left_ankle,53.25172655448095,51.0168593885333,549.5502014160156,1018.5879516601562,538.3143920898438,998.8083190917969,1.8998
116,944.0,532.8375244140625,997.6620483398438,0.6514236330986023,534.0208740234375,995.2952880859375,0.6745168566703796,531.4174194335938,995.7686157226562,0.6765304803848267,538.2811279296875,992.6917724609375,0.7029046416282654,530.7073974609375,994.8218994140625,0.6006302237510681,547.0382080078125,996.241943359375,0.6368652582168579,531.6541137695312,1003.1056518554688,0.673552393913269,555.3219604492188,1013.2828369140625,0.34433919191360474,528.3406372070312,1019.673095703125,0.5055444836616516,552.718505859375,1028.6668701171875,0.23153910040855408,535.914306640625,1018.016357421875,0.5749615430831909,554.8485717773438,1018.2530517578125,0.5486451387405396,543.2513427734375,1020.8565063476562,0.5276312828063965,546.0914916992188,1041.9208984375,0.5165553092956543,541.5946044921875,1042.8675537109375,0.4979422986507416,543.7247314453125,1067.71875,0.6223887801170349,551.7717895507812,1063.6953125,0.5871367454528809,66.35103480192619,0.0,149.65376682470117,164.93736199968296,15.507365468930445,0.0,16.89554149991884,7.752757601132095,18.947628021805105,0.0,43.67792721551278,50.7010367381149,74.05463507517703,0.0,528.3406372070312,992.6917724609375,555.3219604492188,1067.71875,75.22419941669246,left_ear,left_ankle,0.0,48.353145722644136,549.0499572753906,1019.5547790527344,539.3461608886719,999.6737976074219,1.916467
117,951.0,532.8999633789062,996.6317138671875,0.667833685874939,533.5964965820312,994.077880859375,0.6750763654708862,531.7391357421875,994.7744140625,0.6799800395965576,537.5433349609375,991.7562255859375,0.6770614385604858,531.5069580078125,993.845703125,0.5119874477386475,545.9013671875,993.3814086914062,0.5973551273345947,534.0608520507812,1001.5072631835938,0.5330055952072144,544.2761840820312,1003.8289184570312,0.38682061433792114,537.3111572265625,1014.9729614257812,0.4828556776046753,535.9181518554688,1006.8471069335938,0.31729692220687866,533.5964965820312,1024.9561767578125,0.4523487687110901,555.6524047851562,1015.6694946289062,0.5793403387069702,545.669189453125,1018.2233276367188,0.5167759656906128,547.0621948242188,1040.2791748046875,0.5151298642158508,543.3475341796875,1042.3687744140625,0.469915509223938,544.5083618164062,1066.746337890625,0.617768406867981,552.6342163085938,1064.1925048828125,0.5878254771232605,146.01994770792982,118.69717017453227,151.4564527583173,166.26948428639477,23.453510905886528,16.76274492782597,13.852419026486382,10.651914948483824,10.573158488792778,8.886290811149046,46.49383675047892,52.27842395550511,91.13447181520428,126.55254209865367,531.5069580078125,991.7562255859375,555.6524047851562,1066.746337890625,75.31287102857681,left_ear,left_ankle,60.5120614127197,43.61105613396462,550.6607971191406,1016.9464111328125,539.9811096191406,997.4443359375,1.933133
118,960.0,533.9584350585938,995.398681640625,0.6383373737335205,534.6591186523438,993.0631713867188,0.6450981497764587,532.7907104492188,993.7637939453125,0.6646026372909546,538.6294555664062,990.7276611328125,0.6477277278900146,532.55712890625,993.7637939453125,0.5367425084114075,546.5701293945312,991.8954467773438,0.5578439235687256,533.4913330078125,1001.9380493164062,0.5777535438537598,547.0372314453125,990.9612426757812,0.4621252417564392,536.2939453125,1015.016845703125,0.47318363189697266,540.4978637695312,1003.8064575195312,0.3816380500793457,536.2939453125,1027.161376953125,0.25873756408691406,555.2114868164062,1014.7833251953125,0.5629533529281616,544.4682006835938,1017.8194580078125,0.5336352586746216,547.0372314453125,1038.8388671875,0.4737444519996643,542.8333740234375,1041.1744384765625,0.4043782949447632,546.10302734375,1066.3978271484375,0.5946063995361328,552.8759765625,1064.2958984375,0.5465021133422852,0.0,0.41565336515772894,152.51858858564793,163.17334051399783,0.0,13.369539510434256,13.375707482433713,0.0,1.0444719379764338,14.413981891939091,47.2308184371625,52.412029590869366,0.0,117.0126105165468,532.55712890625,990.7276611328125,555.2114868164062,1066.3978271484375,76.03833441063368,left_ear,left_ankle,62.84184442484256,0.0,549.83984375,1016.3013916015625,540.0307312011719,996.916748046875,1.9498
119,970.0,534.4856567382812,995.0543212890625,0.6599987745285034,535.1838989257812,992.7267456054688,0.6555432081222534,533.3218383789062,993.4249877929688,0.6727344393730164,538.6753540039062,990.1663818359375,0.6435065269470215,532.8563232421875,992.95947265625,0.5168156623840332,545.8909301757812,991.5629272460938,0.5550574660301208,536.114990234375,1000.640625,0.5259010791778564,547.0547485351562,988.769775390625,0.3252105712890625,539.6063842773438,1015.537353515625,0.46753811836242676,540.3046875,1002.96826171875,0.21733413636684418,538.4425659179688,1031.3651123046875,0.3509334325790405,556.5979614257812,1013.9080200195312,0.5358120203018188,546.5892333984375,1016.4683837890625,0.4701535403728485,546.8219604492188,1039.279052734375,0.5128210186958313,544.0288696289062,1041.14111328125,0.4536063075065613,547.9857788085938,1066.5120849609375,0.59852135181427,553.5720825195312,1064.6500244140625,0.5324816703796387,162.60408364566683,0.0,151.98123695732255,156.48018286312677,30.812525516399337,0.0,15.300403681978874,15.870489011317941,3.025916466349796,0.0,48.68501489333869,53.304383851532066,85.66775460490979,0.0,532.8563232421875,988.769775390625,556.5979614257812,1066.5120849609375,76.91131513434402,left_ear,left_ankle,0.0,36.56210670524572,551.5935974121094,1015.1882019042969,541.0029602050781,996.1017761230469,1.966467
120,979.0,533.93115234375,993.634521484375,0.5905295014381409,534.6199951171875,991.5680541992188,0.587730884552002,532.7830810546875,992.4865112304688,0.6090532541275024,537.83447265625,989.5015869140625,0.5441954135894775,533.471923828125,992.0272827148438,0.4397262632846832,545.6411743164062,992.2568969726562,0.456407755613327,535.7680053710938,999.1451416015625,0.4373058080673218,547.0188598632812,1008.5591430664062,0.32701611518859863,537.83447265625,1010.855224609375,0.2987883388996124,541.5082397460938,1009.2479858398438,0.31931525468826294,538.7529296875,1010.6256103515625,0.38392698764801025,555.7440185546875,1014.0697631835938,0.4824528694152832,545.1820068359375,1017.2843017578125,0.3866101801395416,548.1669311523438,1039.7860107421875,0.47081321477890015,543.3450927734375,1041.8524169921875,0.4147663712501526,548.6260986328125,1065.2725830078125,0.5343559980392456,552.2998657226562,1064.3541259765625,0.43826425075531006,0.0,92.2946445789973,154.02349147664066,162.55067823354838,11.862164047693822,17.48651620692776,0.0,0.0,16.360355899773555,5.553506859856089,47.604960530550436,51.69519844207616,75.42577238910162,103.67120209445001,532.7830810546875,989.5015869140625,555.7440185546875,1065.2725830078125,76.53563248747015,left_ear,left_ankle,56.474944913336685,55.41004301754768,550.4630126953125,1015.6770324707031,540.70458984375,995.7010192871094,1.983133
121,987.0,534.3125,994.0254516601562,0.6182681322097778,534.3125,991.6998901367188,0.6221014857292175,533.1497192382812,992.630126953125,0.6224408149719238,537.8008422851562,989.1417846679688,0.593419075012207,534.7776489257812,990.7697143554688,0.4059907793998718,547.3356323242188,993.3278198242188,0.5499054193496704,538.2659301757812,996.8161010742188,0.4686994254589081,555.940185546875,1008.4439086914062,0.37637943029403687,538.7310791015625,1008.6764526367188,0.36008602380752563,543.1495971679688,1009.606689453125,0.36658406257629395,538.963623046875,1009.3740844726562,0.4016496539115906,554.5447998046875,1015.4205322265625,0.44098615646362305,544.544921875,1016.5833129882812,0.4363025426864624,548.4984130859375,1039.6063232421875,0.476459801197052,543.61474609375,1040.5364990234375,0.48976224660873413,549.6611938476562,1064.954833984375,0.5879846811294556,550.5913696289062,1063.5594482421875,0.48690879344940186,163.81095008144834,65.54453594711853,160.91781050339213,163.3374753100621,12.577349576830839,16.808464734302394,11.869469352471139,0.735368523269136,17.393518298556906,12.843333297023591,47.363665544740215,49.774457885320835,86.82004649527718,104.42090554059274,533.1497192382812,989.1417846679688,555.940185546875,1064.954833984375,76.73517046203743,left_ear,left_ankle,55.7298662690936,55.41893302304159,549.5448608398438,1016.0019226074219,542.80078125,995.0719604492188,1.9998
122,996.0,534.4361572265625,992.257080078125,0.5030564069747925,534.6698608398438,990.3871459960938,0.49400594830513,533.9686279296875,991.08837890625,0.48386597633361816,538.1759643554688,988.2835083007812,0.4681364595890045,539.3446655273438,989.4522094726562,0.30149298906326294,547.7592163085938,993.6594848632812,0.4528876841068268,540.2796020507812,996.46435546875,0.38064539432525635,556.8750610351562,1007.683837890625,0.39676982164382935,539.578369140625,1008.8524780273438,0.3122680187225342,545.1881103515625,1009.0862426757812,0.3900333642959595,539.8121337890625,1008.8524780273438,0.36564114689826965,552.4340209960938,1019.8381958007812,0.4184092879295349,544.4868774414062,1020.5394287109375,0.415163516998291,548.6942138671875,1043.44580078125,0.4722370505332947,544.954345703125,1043.6795654296875,0.435153067111969,550.0966186523438,1064.716064453125,0.5368531942367554,554.0701904296875,1063.7811279296875,0.49058282375335693,86.76021587426976,63.818720586044634,156.76352355261224,167.2260689064188,12.396939424811823,15.639547386283638,12.407953421939718,0.2337646484375,16.726658450340974,11.770792473838862,44.29090695793217,44.93869762791959,92.1610422575104,99.46224868766198,533.9686279296875,988.2835083007812,556.8750610351562,1064.716064453125,77.35656170517653,left_ear,left_ankle,55.84595352143132,56.74899787010797,548.46044921875,1020.1888122558594,544.0194091796875,995.0619201660156,2.016367
123,1005.0,545.5103759765625,992.6245727539062,0.391472190618515,548.034423828125,990.7888793945312,0.38908863067626953,545.7398071289062,991.247802734375,0.42031413316726685,549.1817626953125,990.1005249023438,0.3429637551307678,544.8219604492188,990.7888793945312,0.31844016909599304,554.6887817382812,998.8200073242188,0.3896760046482086,543.2157592773438,999.5083618164062,0.32958054542541504,557.2128295898438,1008.916259765625,0.33929383754730225,539.0855102539062,1005.244873046875,0.33499085903167725,546.19873046875,1008.686767578125,0.385037362575531,541.6095581054688,1007.3099975585938,0.2543799877166748,553.0825805664062,1025.2078857421875,0.3841899633407593,544.3630981445312,1024.978515625,0.3895416557788849,552.1647338867188,1045.400390625,0.4837959408760071,545.0514526367188,1045.1710205078125,0.45728641748428345,553.7709350585938,1063.9866943359375,0.5403357744216919,546.6576538085938,1063.7572021484375,0.50715172290802,0.0,74.77018344678885,177.0132527864662,172.4582745654978,0.0,13.016678857040812,7.068699887030182,0.0,10.406975108915123,11.016489736454242,38.846512252434124,38.78491753062798,0.0,130.7110076943613,539.0855102539062,990.1005249023438,557.2128295898438,1063.9866943359375,74.02855217110239,left_ear,left_ankle,55.815949170195765,0.0,548.7228393554688,1025.0932006835938,548.9522705078125,999.1641845703125,2.032933
124,1014.0,545.5684814453125,986.795166015625,0.3370993137359619,548.9801635742188,983.3834228515625,0.3651440143585205,544.8861083984375,982.4736328125,0.3606780171394348,543.2940063476562,984.293212890625,0.42189568281173706,553.3016967773438,982.7011108398438,0.43964123725891113,543.7489013671875,992.936279296875,0.3131858706474304,558.078125,991.7990112304688,0.2845075726509094,539.65478515625,1001.1243896484375,0.18939699232578278,560.1251220703125,1001.1243896484375,0.18906521797180176,544.8861083984375,1008.17529296875,0.21485048532485962,541.9293212890625,1005.9008178710938,0.16954264044761658,546.0233764648438,1014.7713012695312,0.24574464559555054,556.4859619140625,1014.9987182617188,0.2553614377975464,547.1605834960938,1043.6572265625,0.4134140610694885,555.3487548828125,1043.4298095703125,0.43667662143707275,546.9331665039062,1064.5823974609375,0.42557036876678467,555.576171875,1064.5823974609375,0.4577719271183014,0.0,0.0,0.0,0.0,0.0,0.0,0.0,0.0,0.0,0.0,0.0,0.0,0.0,0.0,543.2940063476562,982.4736328125,555.576171875,1064.5823974609375,82.12857770940269,right_ear,left_ankle,0.0,0.0,,,,,2.0497
125,1022.0,550.2584228515625,984.8439331054688,0.27486652135849,550.2584228515625,983.72900390625,0.31582146883010864,551.5963745117188,982.614013671875,0.3216269910335541,543.1226196289062,983.9519653320312,0.44508829712867737,553.603271484375,981.945068359375,0.46266698837280273,541.5617065429688,991.3107299804688,0.39487403631210327,557.6171264648438,989.3038330078125,0.3308740556240082,537.7708129882812,999.5614624023438,0.3774399161338806,562.5230102539062,1000.23046875,0.32156598567962646,540.4467163085938,1008.0352172851562,0.24050652980804443,559.6240844726562,1007.8121948242188,0.22415629029273987,544.68359375,1014.7249755859375,0.4443049430847168,556.7251586914062,1014.2789916992188,0.4424538016319275,546.0215454101562,1041.0380859375,0.5158263444900513,556.0562133789062,1041.0380859375,0.5296339988708496,544.68359375,1064.00634765625,0.5144479274749756,555.8331909179688,1064.2293701171875,0.5399501323699951,0.0,0.0,179.11894285063025,173.75533064771375,0.0,0.0,11.97743980966866,0.0,9.079948206920045,0.0,49.958341751975006,49.2813720703125,0.0,0.0,537.7708129882812,981.945068359375,562.5230102539062,1064.2293701171875,82.54461951408359,right_ear,left_ankle,0.0,0.0,550.7043762207031,1014.5019836425781,549.5894165039062,990.3072814941406,2.066367
126,1030.0,551.0481567382812,985.5967407226562,0.320276141166687,551.7147216796875,983.5969848632812,0.3657139241695404,549.9371948242188,982.7081909179688,0.356303334236145,543.7156982421875,983.8191528320312,0.3784415125846863,553.2700805664062,981.8193969726562,0.38899949193000793,542.1603393554688,989.8184204101562,0.32179778814315796,543.0491333007812,988.9296264648438,0.28390341997146606,537.4942016601562,998.0396728515625,0.29594308137893677,537.7164306640625,998.7062377929688,0.3529469966888428,540.1605834960938,1007.8162841796875,0.16394340991973877,543.0491333007812,1007.5940551757812,0.2470974177122116,544.3822631835938,1014.4821166992188,0.397289514541626,545.0488891601562,1014.2599487304688,0.3991200923919678,556.60302734375,1039.8123779296875,0.4674336910247803,556.8251953125,1040.0345458984375,0.46463191509246826,543.2713012695312,1064.03173828125,0.522506594657898,556.1586303710938,1064.03173828125,0.5561933517456055,0.0,0.0,153.85345268887002,125.41377461664638,0.0,0.0,0.0,0.0,0.0,0.0,50.99664091742966,49.562074566113495,0.0,0.0,537.7164306640625,981.8193969726562,556.8251953125,1064.03173828125,82.81814203946094,right_ear,left_ankle,0.0,0.0,544.715576171875,1014.3710327148438,,,2.083033
127,1037.0,549.1615600585938,987.236572265625,0.26408982276916504,550.2698364257812,985.0200805664062,0.3037261366844177,550.713134765625,984.7984008789062,0.29039403796195984,543.6201782226562,985.24169921875,0.4277767539024353,554.0379638671875,983.025146484375,0.4306144118309021,542.290283203125,990.7830810546875,0.3928932547569275,559.135986328125,989.2315063476562,0.343314528465271,538.078857421875,1001.4224853515625,0.3154394030570984,562.9041137695312,998.3193359375,0.32461634278297424,541.1820068359375,1008.737060546875,0.25172707438468933,561.7958374023438,1007.6287841796875,0.1844225525856018,544.9501342773438,1014.7217407226562,0.45935961604118347,558.0277099609375,1013.8351440429688,0.4492974877357483,546.0584106445312,1038.882080078125,0.49920713901519775,557.14111328125,1040.876953125,0.5303975343704224,542.7335815429688,1057.72265625,0.5579767227172852,556.2545166015625,1062.8206787109375,0.5780049562454224,0.0,0.0,179.56414813285363,167.36554119994545,0.0,0.0,9.838060330609812,0.0,11.442597209695856,0.0,49.01761745940433,43.058005553137484,0.0,0.0,538.078857421875,983.025146484375,562.9041137695312,1062.8206787109375,79.82631188614842,right_ear,right_ankle,0.0,0.0,551.4889221191406,1014.2784423828125,550.713134765625,990.0072937011719,2.0997
128,1045.0,549.5381469726562,987.8142700195312,0.30879732966423035,551.1038818359375,984.6828002929688,0.3678533136844635,548.4197998046875,985.130126953125,0.35731440782546997,542.6041870117188,985.130126953125,0.41095036268234253,554.9063720703125,984.2354125976562,0.40160271525382996,541.70947265625,991.8403930664062,0.3439527750015259,558.037841796875,989.8273315429688,0.28017887473106384,537.906982421875,1000.5637817382812,0.2785130739212036,537.683349609375,998.3270263671875,0.23985905945301056,540.8148193359375,1007.721435546875,0.22467193007469177,541.2621459960938,1006.8267211914062,0.2418629229068756,544.3936157226562,1015.1027221679688,0.4422116279602051,557.3668212890625,1014.8790893554688,0.4370688199996948,545.511962890625,1041.0491943359375,0.45952239632606506,557.1431274414062,1041.49658203125,0.4967602491378784,540.1437377929688,1062.2984619140625,0.5206466913223267,556.2484741210938,1063.193115234375,0.5396618843078613,0.0,0.0,178.12025505140855,163.35392272041597,0.0,0.0,0.0,0.0,0.0,0.0,48.32696759590577,47.38669974368608,0.0,0.0,540.1437377929688,984.2354125976562,557.3668212890625,1063.193115234375,79.44668048057312,right_ear,left_ankle,0.0,0.0,550.8802185058594,1014.9909057617188,,,2.116367
129,1053.0,549.6080322265625,985.0068969726562,0.34137964248657227,551.652587890625,983.4166870117188,0.3872668147087097,548.926513671875,982.7351684570312,0.37262701988220215,544.6102905273438,982.9623413085938,0.3573494553565979,555.7416381835938,981.8264770507812,0.37789881229400635,543.4744262695312,988.4144897460938,0.3110891878604889,544.6102905273438,988.4144897460938,0.3082275986671448,565.0556640625,994.3209228515625,0.32236024737358093,537.5679321289062,997.5013427734375,0.4208764135837555,559.6035766601562,993.4122314453125,0.20030836760997772,543.9287719726562,1005.9066772460938,0.4052346348762512,545.2918090820312,1014.5391845703125,0.42921745777130127,558.0133666992188,1014.5391845703125,0.435308575630188,557.3318481445312,1040.8909912109375,0.45541226863861084,557.3318481445312,1041.1181640625,0.4875509738922119,538.2494506835938,1063.608154296875,0.49261367321014404,555.9688110351562,1063.8353271484375,0.5270327925682068,105.1070683464966,0.0,178.03516267109424,115.41429114294255,17.50545889360058,0.0,11.496334622504229,10.540869561618768,22.374891657973226,0.0,49.33852329515222,49.571752055362644,92.23119016268497,0.0,537.5679321289062,981.8264770507812,565.0556640625,1063.8353271484375,83.63144956724955,right_ear,left_ankle,0.0,59.166637728831915,551.652587890625,1014.5391845703125,544.0423583984375,988.4144897460938,2.133033
130,1060.0,549.2991943359375,985.5634765625,0.2853423058986664,550.908935546875,983.2638549804688,0.3142669200897217,550.4490356445312,982.803955078125,0.32200637459754944,542.8602294921875,983.9537353515625,0.3574906587600708,554.5883178710938,981.6541137695312,0.36061549186706543,542.4003295898438,989.9328002929688,0.32611700892448425,556.4280395507812,988.552978515625,0.27879321575164795,538.031005859375,995.9118041992188,0.29815226793289185,538.260986328125,996.6016845703125,0.32779842615127563,541.71044921875,1009.7095947265625,0.21881717443466187,544.699951171875,1006.9500122070312,0.3571387529373169,545.3898315429688,1015.2286987304688,0.4297059178352356,557.8078002929688,1014.9987182617188,0.44573110342025757,546.5396118164062,1040.294677734375,0.4831487536430359,557.117919921875,1041.2144775390625,0.528334379196167,536.1913452148438,1059.6114501953125,0.4870895743370056,555.2781982421875,1063.9808349609375,0.5480847358703613,0.0,0.0,176.88745289885168,149.1950945919136,0.0,0.0,0.0,12.188033193913016,0.0,0.0,49.04739180497982,45.32593935395926,0.0,0.0,536.1913452148438,981.6541137695312,557.8078002929688,1063.9808349609375,82.32961166587609,right_ear,right_ankle,0.0,58.00356933041316,551.5988159179688,1015.1137084960938,,,2.1497
131,1069.0,554.4822387695312,985.3316040039062,0.32932865619659424,553.34326171875,983.5092163085938,0.3620873689651489,553.34326171875,983.0535888671875,0.36179089546203613,545.5979614257812,983.0535888671875,0.3680475056171417,555.1656494140625,981.91455078125,0.4137696623802185,541.725341796875,989.8876342773438,0.3166072964668274,554.0266723632812,989.2042846679688,0.2748481035232544,564.7333374023438,994.6715087890625,0.2816668748855591,539.6751098632812,996.26611328125,0.3204402029514313,540.8140869140625,1010.61767578125,0.19210854172706604,544.91455078125,1006.9728393554688,0.3725356459617615,544.4589233398438,1015.6293334960938,0.4203379154205322,556.9880981445312,1015.4015502929688,0.4238317310810089,546.5091552734375,1040.9154052734375,0.4495433270931244,557.2158813476562,1041.5987548828125,0.48413920402526855,534.6634521484375,1059.822998046875,0.4638022482395172,554.9378662109375,1062.784423828125,0.5074998736381531,0.0,0.0,173.3646090272306,143.29716095975797,0.0,0.0,0.0,11.919971659414331,0.0,0.0,47.42720902003551,45.26622628725139,0.0,0.0,534.6634521484375,981.91455078125,557.2158813476562,1062.784423828125,80.87019384053254,right_ear,right_ankle,0.0,56.704495532113285,550.7235107421875,1015.5154418945312,,,2.166367
132,1077.0,553.321044921875,985.108154296875,0.39592328667640686,553.5462036132812,982.4061279296875,0.43473929166793823,552.1951904296875,982.4061279296875,0.4237164258956909,546.5659790039062,981.7305908203125,0.36553364992141724,554.2216796875,981.2802734375,0.3979167342185974,542.2877197265625,989.1611938476562,0.2981641888618469,544.089111328125,989.1611938476562,0.31817173957824707,564.5794677734375,993.8897705078125,0.35636815428733826,538.9102172851562,998.16796875,0.3564906716346741,557.5992431640625,987.1346435546875,0.25627702474594116,545.4401245117188,1008.075439453125,0.32076215744018555,544.3142700195312,1015.0556640625,0.40387243032455444,556.2482299804688,1014.8305053710938,0.4057467579841614,546.1156005859375,1040.9500732421875,0.44990867376327515,556.9237670898438,1041.4005126953125,0.5059329271316528,533.7313232421875,1060.539794921875,0.4368138313293457,554.4468994140625,1060.539794921875,0.48119375109672546,116.71265875797434,0.0,171.169755894894,143.7203067209921,18.96243453373638,0.0,10.389559069074418,11.865819150854835,0.0,0.0,45.74476957037416,46.6990890973779,85.91439635942366,0.0,533.7313232421875,981.2802734375,564.5794677734375,1060.539794921875,81.86529455873266,right_ear,left_ankle,0.0,53.231856898786155,550.28125,1014.9430847167969,,,2.183033
133,1084.0,553.687744140625,985.222900390625,0.3514159619808197,554.1343383789062,984.3297119140625,0.3808806836605072,552.347900390625,983.883056640625,0.3617185950279236,546.095458984375,984.1063842773438,0.3176316022872925,555.0275268554688,981.2034301757812,0.358142614364624,541.8527221679688,989.68896484375,0.32244008779525757,554.3576049804688,989.2423706054688,0.2637847065925598,538.503173828125,994.6016235351562,0.2792920768260956,539.6196899414062,995.7181396484375,0.267727255821228,541.1828002929688,1010.0094604492188,0.2051229029893875,544.5323486328125,1007.5531616210938,0.3034782409667969,544.3090209960938,1015.3687133789062,0.41492760181427,557.0372924804688,1015.1454467773438,0.4240551292896271,556.81396484375,1041.4951171875,0.38916051387786865,556.81396484375,1041.7183837890625,0.44194793701171875,554.3576049804688,1060.2525634765625,0.42514568567276,554.1343383789062,1060.6990966796875,0.46844857931137085,0.0,0.0,172.44582016429575,146.96206280999152,0.0,0.0,0.0,0.0,0.0,0.0,45.64605308174061,45.994934935054694,0.0,0.0,541.8527221679688,981.2034301757812,557.0372924804688,1060.6990966796875,79.50068413891132,right_ear,right_ankle,0.0,54.0063757378363,550.6731567382812,1015.257080078125,,,2.1997
134,1091.0,555.8689575195312,987.09375,0.3582801818847656,555.178955078125,982.2636108398438,0.390671968460083,554.4889526367188,982.0335693359375,0.370689332485199,547.8187255859375,981.1135864257812,0.3469332456588745,555.6389770507812,980.653564453125,0.3878498077392578,542.0685424804688,990.0838012695312,0.3226446509361267,554.7189331054688,989.623779296875,0.3072158694267273,539.0784912109375,997.4440307617188,0.266023188829422,541.1485595703125,998.134033203125,0.2231530398130417,543.6785888671875,1010.5543823242188,0.18795673549175262,547.1287231445312,1009.4043579101562,0.291324257850647,544.1386108398438,1016.0745849609375,0.40456074476242065,556.3289794921875,1015.8445434570312,0.4226225018501282,545.7486572265625,1041.6053466796875,0.40480339527130127,556.7890014648438,1042.5252685546875,0.45369789004325867,531.2582397460938,1059.3157958984375,0.4043346643447876,554.2589111328125,1062.075927734375,0.500373125076294,0.0,0.0,171.63843767756197,137.10203109346307,0.0,0.0,0.0,0.0,0.0,0.0,46.27770602797758,45.118801877422236,0.0,0.0,531.2582397460938,980.653564453125,556.7890014648438,1062.075927734375,82.35391312789024,right_ear,left_ankle,0.0,0.0,550.2337951660156,1015.9595642089844,548.3937377929688,989.8537902832031,2.216367
135,1100.0,555.2777709960938,989.1768188476562,0.44164735078811646,555.744873046875,985.4397583007812,0.4348234236240387,552.7085571289062,985.9069213867188,0.4258866012096405,555.744873046875,981.4691772460938,0.35800665616989136,549.90576171875,982.4034423828125,0.39862728118896484,558.08056640625,990.111083984375,0.3099178373813629,547.1029663085938,990.111083984375,0.35208457708358765,563.218994140625,997.585205078125,0.20351797342300415,541.9644775390625,999.6873168945312,0.35224321484565735,559.2484130859375,1009.9642333984375,0.17138753831386566,547.570068359375,1006.9278564453125,0.26404234766960144,558.08056640625,1016.5040893554688,0.41255056858062744,547.3365478515625,1016.5040893554688,0.390019953250885,556.9127197265625,1042.429931640625,0.4454544186592102,546.4022827148438,1042.1964111328125,0.3690137267112732,554.343505859375,1064.3851318359375,0.5169260501861572,529.8190307617188,1057.8453369140625,0.46364259719848633,0.0,0.0,135.42217350638123,175.9047423162535,0.0,0.0,10.86776442439559,0.0,0.0,0.0,44.89946719832989,48.02665770743851,0.0,0.0,529.8190307617188,981.4691772460938,558.08056640625,1064.3851318359375,82.92779603690931,left_ear,left_ankle,0.0,0.0,552.7085571289062,1016.5040893554688,552.5917663574219,990.111083984375,2.233033
136,1108.0,555.116943359375,989.8634643554688,0.41060394048690796,555.8170776367188,985.6627807617188,0.4071611762046814,553.0166015625,986.1295166015625,0.40074634552001953,549.04931640625,981.4620971679688,0.44062262773513794,556.2838134765625,981.4620971679688,0.4337015748023987,544.615234375,990.3302001953125,0.3132789731025696,558.8508911132812,990.0968017578125,0.3011232614517212,541.3480834960938,997.798095703125,0.26811009645462036,542.2815551757812,998.7315673828125,0.25047022104263306,542.9816284179688,1010.6334838867188,0.17153850197792053,546.715576171875,1009.9334106445312,0.26036134362220764,545.5487670898438,1017.4012451171875,0.3702160716056824,557.21728515625,1016.9345092773438,0.39899560809135437,556.7505493164062,1042.6053466796875,0.3377520442008972,556.2838134765625,1043.0721435546875,0.39859065413475037,553.7167358398438,1061.9752197265625,0.39459311962127686,553.7167358398438,1062.2086181640625,0.44905778765678406,0.0,0.0,174.4049978122862,147.1359357638586,0.0,0.0,0.0,0.0,0.0,0.0,45.40923673662725,45.31616627626595,0.0,0.0,544.615234375,981.4620971679688,558.8508911132812,1062.2086181640625,80.88130474430848,left_ear,right_ankle,0.0,0.0,551.3830261230469,1017.1678771972656,551.7330627441406,990.2135009765625,2.2497
137,1115.0,556.1697998046875,995.7371215820312,0.43751972913742065,556.6456298828125,993.8338012695312,0.4486079514026642,553.7907104492188,994.3096313476562,0.44227951765060425,548.7946166992188,992.644287109375,0.3714674115180969,555.6939697265625,994.0717163085938,0.38737958669662476,559.2626342773438,991.4547119140625,0.340803325176239,549.2704467773438,990.7410278320312,0.3438923954963684,564.0208129882812,995.2612915039062,0.2377554178237915,544.988037109375,1002.636474609375,0.27370843291282654,560.6900634765625,1010.4874267578125,0.1530766785144806,547.3671264648438,1009.7737426757812,0.29357168078422546,558.3109741210938,1020.0037841796875,0.3660266101360321,556.40771484375,1019.7659301757812,0.3722171187400818,556.6456298828125,1043.31884765625,0.35330259799957275,556.40771484375,1043.794677734375,0.3655282258987427,554.0286254882812,1063.30322265625,0.39681094884872437,553.3148803710938,1062.827392578125,0.40943482518196106,0.0,0.0,170.77005929163295,176.62499776206857,0.0,0.0,0.0,0.0,0.0,0.0,43.17238896915151,43.51068698835462,0.0,0.0,548.7946166992188,990.7410278320312,559.2626342773438,1063.30322265625,70.85252303638465,left_ear,left_ankle,0.0,0.0,557.3593444824219,1019.8848571777344,554.2665405273438,991.0978698730469,2.266367
138,1124.0,556.1160888671875,996.9226684570312,0.5166841149330139,556.8224487304688,994.8035278320312,0.5559055805206299,553.761474609375,995.2744750976562,0.5215736627578735,558.7061157226562,995.5098876953125,0.39932310581207275,549.9942016601562,995.745361328125,0.4480742812156677,559.64794921875,1003.7509155273438,0.36562585830688477,549.0523681640625,1005.1636352539062,0.3678770065307617,565.2988891601562,994.09716796875,0.27267563343048096,544.8141479492188,998.0999145507812,0.2507700026035309,561.5315551757812,986.5625610351562,0.14649322628974915,548.81689453125,1009.40185546875,0.21839112043380737,558.2351684570312,1023.7647094726562,0.3565499782562256,556.1160888671875,1023.2938232421875,0.3561866879463196,557.0579223632812,1044.955810546875,0.3609572649002075,556.3515014648438,1044.955810546875,0.3388248085975647,553.9969482421875,1063.7923583984375,0.40097692608833313,553.0551147460938,1062.6151123046875,0.37193208932876587,0.0,0.0,168.8038869802754,173.9497379993526,0.0,0.0,0.0,0.0,0.0,0.0,39.440250203398655,40.251399840441664,0.0,0.0,549.0523681640625,994.8035278320312,559.64794921875,1063.7923583984375,68.44466424552193,left_ear,left_ankle,0.0,0.0,557.1756286621094,1023.5292663574219,554.3501586914062,1004.457275390625,2.283033
139,1131.0,554.8115234375,997.3312377929688,0.5015641450881958,556.6506958007812,995.2621459960938,0.5269019603729248,552.742431640625,995.4920654296875,0.5162320733070374,558.94970703125,996.1817626953125,0.42654871940612793,549.5238647460938,996.41162109375,0.4337155222892761,560.5590209960938,1007.44677734375,0.3540157675743103,546.7650756835938,1006.9869995117188,0.3495732843875885,565.6167602539062,995.0322265625,0.25063854455947876,543.086669921875,1019.6314086914062,0.19843843579292297,562.398193359375,1011.3550415039062,0.14821550250053406,545.15576171875,1011.5849609375,0.22834058105945587,558.7197875976562,1027.9078369140625,0.28346729278564453,547.6846313476562,1026.2984619140625,0.2828444242477417,556.880615234375,1045.8399658203125,0.378068745136261,556.4208374023438,1045.8399658203125,0.3003072440624237,554.3517456054688,1064.2318115234375,0.4176774322986603,553.2022094726562,1063.0823974609375,0.3559863567352295,0.0,0.0,0.0,0.0,0.0,0.0,0.0,0.0,0.0,0.0,0.0,0.0,0.0,0.0,546.7650756835938,995.2621459960938,560.5590209960938,1064.2318115234375,68.20520797404821,left_ear,left_ankle,0.0,0.0,,,553.6620483398438,1007.2168884277344,2.2997
140,1141.0,555.5582885742188,997.3084106445312,0.43507635593414307,556.9049682617188,995.2883911132812,0.4792287349700928,552.8649291992188,995.5128173828125,0.4502803087234497,558.7005004882812,996.4105834960938,0.38084930181503296,549.7227172851562,996.1861572265625,0.402157187461853,560.4960327148438,1006.0617065429688,0.37218624353408813,547.2538452148438,1006.2861328125,0.35149532556533813,564.9849243164062,1018.8550415039062,0.20997528731822968,543.2138671875,1014.3661499023438,0.20877473056316376,563.413818359375,1012.5706176757812,0.13468746840953827,547.478271484375,1010.5505981445312,0.23870617151260376,558.47607421875,1026.26171875,0.3391055166721344,547.9271850585938,1025.58837890625,0.34182342886924744,557.12939453125,1046.461669921875,0.4132753610610962,556.2316284179688,1046.0128173828125,0.28241240978240967,554.6605224609375,1064.6417236328125,0.4502156972885132,553.0894165039062,1062.8460693359375,0.31582653522491455,0.0,0.0,0.0,176.08059506209398,0.0,0.0,0.0,0.0,0.0,0.0,37.613616279871316,38.569200277180464,0.0,0.0,547.2538452148438,995.2883911132812,560.4960327148438,1064.6417236328125,68.63342110047026,right_ear,left_ankle,0.0,0.0,553.2016296386719,1025.925048828125,553.8749389648438,1006.1739196777344,2.316367
141,1150.0,554.3851318359375,997.0228271484375,0.41734910011291504,555.9300537109375,995.2571411132812,0.4466460943222046,552.1781005859375,995.2571411132812,0.4436100125312805,558.1370849609375,996.1399536132812,0.31983527541160583,549.7503662109375,995.9192504882812,0.3490528166294098,560.7855224609375,1006.2923583984375,0.31450900435447693,545.9984130859375,1002.3197021484375,0.2909030616283417,565.8616943359375,995.9192504882812,0.22537991404533386,543.3499755859375,997.4642333984375,0.23425790667533875,544.0120849609375,1014.0169677734375,0.1539839655160904,546.2191162109375,1012.0306396484375,0.22965052723884583,558.7991943359375,1022.1829833984375,0.32558032870292664,558.5784912109375,1022.1829833984375,0.3246810734272003,556.8128662109375,1045.5775146484375,0.3531975746154785,556.8128662109375,1045.5775146484375,0.32654666900634766,554.3851318359375,1064.3372802734375,0.3998985290527344,554.8265380859375,1063.2337646484375,0.3520949184894562,0.0,0.0,177.89723704608167,177.47932709516965,0.0,0.0,0.0,0.0,0.0,0.0,41.22188488518628,42.38476958507078,0.0,0.0,549.7503662109375,995.2571411132812,560.7855224609375,1064.3372802734375,68.57483395591424,right_ear,left_ankle,0.0,0.0,558.6888427734375,1022.1829833984375,,,2.333033
142,1160.0,554.4241943359375,997.7974853515625,0.4677080512046814,556.0089721679688,995.9862670898438,0.5137522220611572,552.1600952148438,995.9862670898438,0.4755908250808716,557.8202514648438,996.212646484375,0.3960837125778198,548.9904174804688,995.9862670898438,0.3851550817489624,560.537109375,1005.4952392578125,0.3512808084487915,546.7263793945312,1005.2688598632812,0.31743675470352173,563.4803466796875,1016.8154907226562,0.22363075613975525,540.83984375,1015.2306518554688,0.2177954614162445,543.7831420898438,1012.5137939453125,0.16337710618972778,544.9151611328125,1012.2874145507812,0.2662034034729004,558.046630859375,1025.8717041015625,0.3400125503540039,557.8202514648438,1025.4188232421875,0.32352861762046814,556.688232421875,1046.2481689453125,0.36145099997520447,556.688232421875,1046.021728515625,0.3113243877887726,554.6505737304688,1064.8133544921875,0.41383978724479675,554.19775390625,1063.90771484375,0.34133005142211914,0.0,0.0,175.2179270775123,177.5504396456909,0.0,0.0,0.0,0.0,0.0,0.0,38.65898686306777,39.08945304258502,0.0,0.0,546.7263793945312,995.9862670898438,560.537109375,1064.8133544921875,69.05943330975342,right_ear,left_ankle,0.0,0.0,557.9334411621094,1025.645263671875,553.6317443847656,1005.3820495605469,2.3497
143,1171.0,555.0531616210938,998.5897216796875,0.4172079861164093,555.9749755859375,997.2069702148438,0.4693407416343689,552.9790649414062,996.9765625,0.40744078159332275,557.818603515625,997.8983764648438,0.3725426495075226,547.9091186523438,996.515625,0.35474056005477905,560.3536376953125,993.289306640625,0.2950599193572998,544.2218627929688,993.289306640625,0.2627602219581604,563.8104248046875,1011.4951171875,0.21727216243743896,538.92138671875,1010.3428955078125,0.2054058015346527,545.6045532226562,1012.8778686523438,0.13355186581611633,543.7609252929688,1011.9560546875,0.2550598084926605,557.5881958007812,1024.1700439453125,0.3247019648551941,544.9132080078125,1023.9396362304688,0.3210504949092865,557.5881958007812,1046.063232421875,0.37642544507980347,538.4605102539062,1045.832763671875,0.292972207069397,554.36181640625,1065.19091796875,0.43476179242134094,523.71142578125,1062.6558837890625,0.3413376212120056,0.0,0.0,0.0,170.42570491933765,0.0,0.0,0.0,0.0,0.0,0.0,44.14140227270649,41.147559218551294,0.0,0.0,523.71142578125,996.515625,557.818603515625,1065.19091796875,73.19039778448052,left_ear,right_ankle,0.0,0.0,551.2507019042969,1024.0548400878906,,,2.366367
144,1179.0,559.0993041992188,989.0636596679688,0.3957838714122772,557.431884765625,985.01416015625,0.37658777832984924,558.6229248046875,985.7288208007812,0.41418930888175964,550.5239868164062,980.9647216796875,0.49002861976623535,558.861083984375,982.15576171875,0.5318617820739746,543.8543701171875,991.2074584960938,0.37498313188552856,557.1936645507812,991.2074584960938,0.40730777382850647,538.1375122070312,1005.2614135742188,0.32953062653541565,555.5262451171875,1004.30859375,0.32275670766830444,542.663330078125,1013.3602905273438,0.2545510232448578,557.6701049804688,1012.407470703125,0.2501721680164337,544.092529296875,1020.2681884765625,0.4213581085205078,557.1936645507812,1019.791748046875,0.4516163468360901,539.804931640625,1043.1356201171875,0.3872203826904297,557.6701049804688,1044.5648193359375,0.5242000818252563,524.0835571289062,1060.7625732421875,0.4428769648075104,554.573486328125,1065.2884521484375,0.5247862935066223,0.0,0.0,170.39969657943158,148.88996353959553,0.0,0.0,13.206817652586533,0.0,15.172215319552762,0.0,45.57209034072955,45.16806576293732,0.0,0.0,524.0835571289062,980.9647216796875,559.0993041992188,1065.2884521484375,85.95642612431067,right_ear,left_ankle,0.0,0.0,550.6430969238281,1020.0299682617188,550.5240173339844,991.2074584960938,2.383033
145,1189.0,559.8971557617188,986.2433471679688,0.3955267667770386,557.8492431640625,984.8781127929688,0.34636589884757996,559.8971557617188,983.7403564453125,0.43495309352874756,550.3402709960938,982.6026611328125,0.4504377841949463,558.9869995117188,982.3750610351562,0.5405169725418091,542.831298828125,992.3870849609375,0.3881503939628601,558.7593994140625,990.5667114257812,0.40837737917900085,537.8252563476562,1009.2254028320312,0.3233341574668884,558.3043212890625,1003.3092651367188,0.2471085488796234,541.2384643554688,1015.5966796875,0.25045186281204224,560.5797729492188,1014.0038452148438,0.2387273758649826,544.424072265625,1020.8302001953125,0.42958909273147583,557.8492431640625,1019.9200439453125,0.44824856519699097,539.4180908203125,1044.039794921875,0.4193817377090454,557.3941650390625,1044.039794921875,0.4931899309158325,523.9450073242188,1061.560791015625,0.4486098885536194,554.4360961914062,1065.2015380859375,0.498806893825531,0.0,0.0,173.12343517778322,150.72317607657354,0.0,0.0,0.0,0.0,17.566713125802814,0.0,45.40994697050866,45.58917776672507,0.0,0.0,523.9450073242188,982.3750610351562,559.8971557617188,1065.2015380859375,86.59284640782123,right_ear,left_ankle,0.0,0.0,551.1366577148438,1020.3751220703125,550.7953491210938,991.4768981933594,2.3997
146,1199.0,560.9773559570312,986.2842407226562,0.3631274700164795,559.1680908203125,984.701171875,0.36508727073669434,560.7511596679688,983.7965698242188,0.4052119255065918,551.93115234375,982.4396362304688,0.4707975387573242,559.6204223632812,982.4396362304688,0.5357999205589294,544.241943359375,991.7119750976562,0.3830423355102539,560.07275390625,990.5811767578125,0.3937992453575134,537.6834716796875,1005.5073852539062,0.31845223903656006,559.8465576171875,1003.245849609375,0.2333950400352478,540.6234741210938,1015.4581909179688,0.2446499913930893,560.7511596679688,1013.8750610351562,0.2634754478931427,544.241943359375,1021.5643310546875,0.4088362455368042,557.8111572265625,1020.8858642578125,0.42064356803894043,539.49267578125,1044.1798095703125,0.3914351761341095,557.35888671875,1044.8582763671875,0.45605701208114624,523.661865234375,1061.5936279296875,0.43880119919776917,554.4188842773438,1065.212158203125,0.49301353096961975,0.0,0.0,172.86162794092255,149.58601145632096,0.0,0.0,0.0,0.0,15.275041477928255,0.0,44.455909063793186,45.00982363815691,0.0,0.0,523.661865234375,982.4396362304688,560.9773559570312,1065.212158203125,86.93889942202401,right_ear,left_ankle,0.0,0.0,551.0265502929688,1021.22509765625,552.1573486328125,991.1465759277344,2.416367
147,1207.0,561.5343017578125,983.5330810546875,0.3922868072986603,557.3847045898438,981.227783203125,0.2862144708633423,561.7648315429688,981.6888427734375,0.46113449335098267,552.7741088867188,980.7667236328125,0.5543289184570312,560.8427124023438,981.4583129882812,0.60858154296875,547.2413330078125,990.6795654296875,0.46081292629241943,561.7648315429688,990.218505859375,0.48775702714920044,538.9421997070312,1003.1282348632812,0.4050273597240448,559.2289428710938,1003.3587646484375,0.38189083337783813,541.24755859375,1014.1937255859375,0.3250252604484558,559.6900024414062,1014.8853149414062,0.3985629677772522,544.7055053710938,1019.4959106445312,0.47391724586486816,557.8457641601562,1019.265380859375,0.5034699440002441,539.6338500976562,1043.0101318359375,0.48959046602249146,557.8457641601562,1044.393310546875,0.5971438884735107,523.26611328125,1060.9915771484375,0.5507429838180542,554.3878173828125,1066.7547607421875,0.6533653736114502,166.78638871070467,134.54133859636687,171.2094797844031,149.86111731975637,24.753916580817467,24.266047465140367,13.382717676155252,11.53576775007692,14.961449936788467,11.30308650456877,47.61510892110842,46.706936013674266,94.80807105689055,104.30020625621513,523.26611328125,980.7667236328125,561.7648315429688,1066.7547607421875,87.96329296630827,right_ear,left_ankle,50.13353454916391,52.13974083245676,551.275634765625,1019.3806457519531,554.5030822753906,990.4490356445312,2.433033
148,1217.0,561.0946044921875,984.3604736328125,0.3960283398628235,558.2755737304688,981.7763061523438,0.299966037273407,561.3295288085938,982.01123046875,0.4561717212200165,552.6373901367188,981.071533203125,0.5278642773628235,560.8596801757812,981.5413818359375,0.5763555765151978,546.2944946289062,990.703369140625,0.48272791504859924,561.0946044921875,989.9985961914062,0.4869388937950134,538.5419921875,1003.3892211914062,0.4157693386077881,557.57080078125,1003.3892211914062,0.42085832357406616,541.1261596679688,1014.1956787109375,0.3234824538230896,558.9803466796875,1015.3703002929688,0.4020432233810425,544.8849487304688,1019.5989379882812,0.485075443983078,557.8057250976562,1019.5989379882812,0.4967818856239319,539.9515380859375,1043.7960205078125,0.4874175190925598,557.57080078125,1045.20556640625,0.6017019748687744,523.037109375,1060.9454345703125,0.5689365863800049,554.5167846679688,1067.0533447265625,0.6881244778633118,158.54674558120982,135.1216231307112,172.56804527022274,146.91901995955146,25.45964365648036,24.054111815152208,13.846516908011267,12.063709051436033,14.86714957072541,11.11114061150095,47.56824411340265,46.76388418545118,94.76352762205792,102.40748100186464,523.037109375,981.071533203125,561.3295288085938,1067.0533447265625,87.95197810523375,right_ear,left_ankle,50.12737189812289,51.875432217546724,551.3453369140625,1019.5989379882812,553.6945495605469,990.3509826660156,2.4497
149,1227.0,560.5657348632812,991.0423583984375,0.3342822194099426,556.6300659179688,989.8848266601562,0.3061542809009552,560.7972412109375,989.6533203125,0.36376792192459106,552.462890625,982.4765014648438,0.4191552996635437,560.7972412109375,982.7080078125,0.4701903164386749,546.6751098632812,991.9684448242188,0.3543274402618408,561.26025390625,990.3478393554688,0.38197600841522217,538.8037719726562,1004.0069580078125,0.27401214838027954,558.9451904296875,1001.4603881835938,0.19336843490600586,541.350341796875,1015.1195068359375,0.23432302474975586,558.7136840820312,1013.9619750976562,0.2747053802013397,545.0545043945312,1021.3703002929688,0.4137214720249176,558.0191040039062,1021.1387939453125,0.4300372004508972,539.2667846679688,1044.984375,0.415905237197876,557.3245849609375,1045.2159423828125,0.47069263458251953,523.06103515625,1062.1162109375,0.4346235394477844,554.5464477539062,1065.3572998046875,0.49634218215942383,0.0,0.0,173.79890393117404,150.36271262121085,0.0,0.0,0.0,0.0,0.0,0.0,44.354657048231644,46.30272047501473,0.0,0.0,523.06103515625,982.4765014648438,561.26025390625,1065.3572998046875,87.91862129801112,right_ear,left_ankle,0.0,0.0,551.5368041992188,1021.2545471191406,553.9676818847656,991.1581420898438,2.466367
150,1236.0,560.1068725585938,988.614501953125,0.2876707911491394,555.3391723632812,986.7074584960938,0.2714850902557373,561.0603637695312,985.75390625,0.2971920371055603,553.43212890625,980.9862670898438,0.40272146463394165,561.5371704101562,982.4165649414062,0.4424664378166199,548.4260864257812,990.7599487304688,0.3182542324066162,558.9149169921875,989.5679931640625,0.3581707775592804,539.129150390625,1004.109375,0.22909455001354218,550.571533203125,1000.056884765625,0.2929600179195404,542.7048950195312,1014.1214599609375,0.20924842357635498,557.484619140625,1012.9295043945312,0.31858909130096436,544.6119995117188,1019.8425903320312,0.3926997482776642,557.2462768554688,1019.3658447265625,0.42938828468322754,539.8442993164062,1043.9193115234375,0.38263386487960815,557.96142578125,1044.39599609375,0.4918471574783325,523.1575317382812,1061.7979736328125,0.42843782901763916,554.6240234375,1065.1353759765625,0.49668174982070923,0.0,0.0,169.22169504802244,148.17577849487552,23.40525494233083,0.0,0.0,0.0,0.0,0.0,45.8445875085901,47.122694907623256,93.50353468833694,0.0,523.1575317382812,980.9862670898438,561.5371704101562,1065.1353759765625,88.17258480058159,right_ear,left_ankle,0.0,52.28418532803467,550.9291381835938,1019.6042175292969,553.6705017089844,990.1639709472656,2.483033
151,1245.0,561.4613037109375,991.3982543945312,0.32651787996292114,558.7029418945312,990.9384765625,0.28742697834968567,561.9210205078125,991.3982543945312,0.34839269518852234,553.6458740234375,982.663330078125,0.36316055059432983,561.0015869140625,983.1231079101562,0.4281843900680542,547.4395141601562,991.3982543945312,0.32376495003700256,557.5535888671875,990.478759765625,0.3376527428627014,539.1644287109375,1002.8914794921875,0.24913737177848816,556.1744384765625,1004.0408325195312,0.29498302936553955,542.3825073242188,1014.6145629882812,0.2240859568119049,558.0133056640625,1013.6951293945312,0.33711540699005127,545.140869140625,1021.2807006835938,0.38527911901474,557.32373046875,1020.591064453125,0.4208293557167053,539.6241455078125,1044.7269287109375,0.3737740218639374,557.5535888671875,1045.41650390625,0.46292126178741455,523.0738525390625,1062.426513671875,0.4075261354446411,554.7952270507812,1064.955078125,0.4633273482322693,0.0,0.0,171.43387510515592,150.16233780952936,23.220920702662276,0.0,0.0,0.0,0.0,0.0,44.43601060641011,46.68973279169896,88.86561116642432,0.0,523.0738525390625,982.663330078125,561.9210205078125,1064.955078125,87.90644572628541,right_ear,left_ankle,0.0,51.36086422376032,551.2322998046875,1020.9358825683594,552.4965515136719,990.9385070800781,2.4997
152,1251.0,552.603515625,995.9310302734375,0.34453245997428894,553.734619140625,994.1212158203125,0.353988915681839,550.114990234375,994.1212158203125,0.3243892192840576,555.0919799804688,994.5736694335938,0.32716310024261475,548.30517578125,992.53759765625,0.2869746685028076,559.3903198242188,995.2523193359375,0.2870662808418274,548.0789794921875,993.8949584960938,0.2693948447704315,561.2001342773438,1002.9440307617188,0.18560223281383514,540.8396606445312,1007.0161743164062,0.2504919767379761,559.6165771484375,1014.7078857421875,0.14622320234775543,544.2330932617188,1012.8980712890625,0.34836244583129883,557.8067626953125,1021.9471435546875,0.428156316280365,546.2691650390625,1022.1734008789062,0.4073307514190674,558.032958984375,1046.3797607421875,0.49931973218917847,539.4822998046875,1045.24853515625,0.3796372711658478,554.8657836914062,1066.2877197265625,0.5701323747634888,522.5152587890625,1061.76318359375,0.475299596786499,0.0,0.0,150.6155667252197,170.43008939954376,0.0,0.0,0.0,0.0,0.0,0.0,46.16924254893435,44.438002348837266,0.0,0.0,522.5152587890625,994.1212158203125,558.032958984375,1066.2877197265625,74.67043308204697,left_ear,right_ankle,0.0,53.47395192737692,552.0379638671875,1022.0602722167969,,,2.516367
153,1259.0,556.6563720703125,996.4378662109375,0.29062968492507935,554.00048828125,994.667236328125,0.3070674240589142,558.86962890625,994.8886108398438,0.27026572823524475,553.3365478515625,995.9951782226562,0.3071058988571167,560.6402587890625,973.19873046875,0.3219210207462311,550.0166625976562,991.5687255859375,0.23413494229316711,554.2218017578125,990.4620971679688,0.2659150958061218,538.950439453125,1003.2989501953125,0.16478820145130157,555.1071166992188,1003.7415771484375,0.21654799580574036,542.0489501953125,1015.0291748046875,0.14369259774684906,557.0990600585938,1013.701171875,0.2851444482803345,557.3203735351562,1020.11962890625,0.3118833601474762,556.6563720703125,1019.8983154296875,0.31564080715179443,557.984375,1044.6866455078125,0.3403664231300354,557.5416870117188,1044.907958984375,0.29309892654418945,555.1071166992188,1064.8272705078125,0.41964155435562134,521.9083862304688,1062.8353271484375,0.3766321539878845,0.0,0.0,0.0,170.32160099430175,0.0,0.0,0.0,0.0,0.0,0.0,55.235943870473115,44.762391841763616,0.0,0.0,521.9083862304688,973.19873046875,560.6402587890625,1064.8272705078125,97.64669690374637,right_ear,right_ankle,0.0,0.0,556.9883728027344,1020.0089721679688,,,2.533033
154,1267.0,555.1107177734375,996.7557983398438,0.3382863700389862,555.1107177734375,995.203857421875,0.3455844819545746,552.8935546875,994.5386962890625,0.31836652755737305,554.445556640625,995.8689575195312,0.3353746831417084,561.5403442382812,994.9821166992188,0.2731485664844513,552.671875,990.9912719726562,0.2658924460411072,552.4501342773438,989.4393310546875,0.2654736638069153,557.3278198242188,1004.5157470703125,0.15854375064373016,554.6672973632812,1002.7420654296875,0.26587268710136414,543.3599243164062,1014.4927978515625,0.15753601491451263,557.3278198242188,1013.1625366210938,0.3166871964931488,557.9929809570312,1020.47900390625,0.34865686297416687,546.0205078125,1020.7007446289062,0.32604551315307617,558.2146606445312,1045.089111328125,0.3933292627334595,539.1473999023438,1045.532470703125,0.2978968024253845,555.1107177734375,1065.7083740234375,0.4494476914405823,521.6321411132812,1062.6043701171875,0.40821367502212524,0.0,0.0,0.0,170.9231096836951,0.0,0.0,0.0,0.0,0.0,0.0,48.484082535587866,45.3211138682296,0.0,0.0,521.6321411132812,994.5386962890625,558.2146606445312,1065.7083740234375,74.36622575571212,left_ear,right_ankle,0.0,60.98095094445424,552.0067443847656,1020.5898742675781,,,2.5497
155,1275.0,554.7651977539062,999.0013427734375,0.28225019574165344,554.5472412109375,997.6934204101562,0.29620978236198425,551.4955444335938,995.0776977539062,0.29001539945602417,557.1630249023438,976.3314208984375,0.2863669991493225,561.7406005859375,976.3314208984375,0.28476113080978394,564.5743408203125,990.2821044921875,0.29867780208587646,551.9314575195312,989.628173828125,0.3015124797821045,557.5989379882812,1002.27099609375,0.14490053057670593,542.558349609375,999.8732299804688,0.28730708360671997,564.7922973632812,1015.5678100585938,0.16741614043712616,544.5201416015625,1012.7340698242188,0.3211718797683716,559.1248168945312,1019.9273681640625,0.379533052444458,546.2639770507812,1020.5813598632812,0.3842807412147522,558.4708862304688,1045.6490478515625,0.44818806648254395,539.0706787109375,1045.4310302734375,0.2794758677482605,554.9832153320312,1065.921142578125,0.5584360361099243,520.9783325195312,1062.215576171875,0.4737563729286194,0.0,0.0,0.0,171.69456369211125,24.265408165086328,0.0,0.0,0.0,0.0,0.0,48.71110537640782,46.17986734881525,107.78386772867343,0.0,520.9783325195312,989.628173828125,559.1248168945312,1065.921142578125,54.796315982809965,right_wrist,right_ankle,0.0,54.796315982809965,552.6943969726562,1020.2543640136719,,,2.566367
156,1281.0,551.27392578125,974.6851806640625,0.2513156533241272,551.4935302734375,974.6851806640625,0.2775716185569763,562.03564453125,974.6851806640625,0.2350161373615265,555.6664428710938,974.6851806640625,0.3754180669784546,563.1337280273438,974.6851806640625,0.3820984959602356,550.8346557617188,989.6197509765625,0.3460046947002411,550.8346557617188,989.400146484375,0.2551138699054718,540.072998046875,1002.79736328125,0.18692603707313538,542.70849609375,999.7225952148438,0.19385641813278198,543.806640625,1012.4609375,0.19017194211483002,548.638427734375,1013.3394165039062,0.2602854073047638,557.64306640625,1020.1478271484375,0.2830560505390167,557.8627319335938,1020.3674926757812,0.32074806094169617,558.5216064453125,1044.965576171875,0.3084685802459717,558.302001953125,1045.62451171875,0.3268943727016449,555.2271728515625,1064.5123291015625,0.351892352104187,520.9654541015625,1063.194580078125,0.3481675386428833,0.0,0.0,114.20464579079787,0.0,0.0,0.0,0.0,0.0,0.0,0.0,56.52935986531331,0.0,0.0,0.0,520.9654541015625,974.6851806640625,563.1337280273438,1064.5123291015625,98.04120108667463,right_ear,right_ankle,0.0,0.0,,,,,2.583033
157,1289.0,554.9576416015625,998.2186279296875,0.25212180614471436,554.5068969726562,973.2017822265625,0.2745290994644165,561.7189331054688,973.2017822265625,0.26087427139282227,555.4083862304688,973.2017822265625,0.3466351330280304,563.2965698242188,979.2869873046875,0.36014509201049805,550.2247314453125,990.3304443359375,0.3432750105857849,567.3533325195312,990.1050415039062,0.28845489025115967,539.1812744140625,1004.078369140625,0.23022615909576416,540.9843139648438,1003.6276245117188,0.18114519119262695,542.3365478515625,1013.9949340820312,0.22675850987434387,547.2948608398438,1014.2203369140625,0.23875311017036438,544.815673828125,1020.3054809570312,0.3250574767589569,558.1129150390625,1020.3054809570312,0.3673626780509949,538.505126953125,1044.87158203125,0.312575101852417,558.1129150390625,1045.322265625,0.37158066034317017,522.2780151367188,1063.5777587890625,0.33881133794784546,555.4083862304688,1063.5777587890625,0.3729371428489685,0.0,0.0,171.572995428271,153.46588987998825,0.0,0.0,0.0,0.0,0.0,0.0,43.35671233902562,48.78971293277736,0.0,0.0,522.2780151367188,973.2017822265625,563.2965698242188,1063.5777587890625,96.25714845368698,left_ear,left_ankle,0.0,0.0,551.4642944335938,1020.3054809570312,,,2.5997
158,,0.0,0.0,0.0,0.0,0.0,0.0,0.0,0.0,0.0,0.0,0.0,0.0,0.0,0.0,0.0,0.0,0.0,0.0,0.0,0.0,0.0,0.0,0.0,0.0,0.0,0.0,0.0,0.0,0.0,0.0,0.0,0.0,0.0,0.0,0.0,0.0,0.0,0.0,0.0,0.0,0.0,0.0,0.0,0.0,0.0,0.0,0.0,0.0,0.0,0.0,0.0,0.0,0.0,0.0,0.0,0.0,0.0,0.0,0.0,0.0,0.0,0.0,0.0,0.0,0.0,,,,,0.0,,,0.0,0.0,,,,,2.616367
159,,0.0,0.0,0.0,0.0,0.0,0.0,0.0,0.0,0.0,0.0,0.0,0.0,0.0,0.0,0.0,0.0,0.0,0.0,0.0,0.0,0.0,0.0,0.0,0.0,0.0,0.0,0.0,0.0,0.0,0.0,0.0,0.0,0.0,0.0,0.0,0.0,0.0,0.0,0.0,0.0,0.0,0.0,0.0,0.0,0.0,0.0,0.0,0.0,0.0,0.0,0.0,0.0,0.0,0.0,0.0,0.0,0.0,0.0,0.0,0.0,0.0,0.0,0.0,0.0,0.0,,,,,0.0,,,0.0,0.0,,,,,2.633033
160,,0.0,0.0,0.0,0.0,0.0,0.0,0.0,0.0,0.0,0.0,0.0,0.0,0.0,0.0,0.0,0.0,0.0,0.0,0.0,0.0,0.0,0.0,0.0,0.0,0.0,0.0,0.0,0.0,0.0,0.0,0.0,0.0,0.0,0.0,0.0,0.0,0.0,0.0,0.0,0.0,0.0,0.0,0.0,0.0,0.0,0.0,0.0,0.0,0.0,0.0,0.0,0.0,0.0,0.0,0.0,0.0,0.0,0.0,0.0,0.0,0.0,0.0,0.0,0.0,0.0,,,,,0.0,,,0.0,0.0,,,,,2.6497
161,,0.0,0.0,0.0,0.0,0.0,0.0,0.0,0.0,0.0,0.0,0.0,0.0,0.0,0.0,0.0,0.0,0.0,0.0,0.0,0.0,0.0,0.0,0.0,0.0,0.0,0.0,0.0,0.0,0.0,0.0,0.0,0.0,0.0,0.0,0.0,0.0,0.0,0.0,0.0,0.0,0.0,0.0,0.0,0.0,0.0,0.0,0.0,0.0,0.0,0.0,0.0,0.0,0.0,0.0,0.0,0.0,0.0,0.0,0.0,0.0,0.0,0.0,0.0,0.0,0.0,,,,,0.0,,,0.0,0.0,,,,,2.666267
162,,0.0,0.0,0.0,0.0,0.0,0.0,0.0,0.0,0.0,0.0,0.0,0.0,0.0,0.0,0.0,0.0,0.0,0.0,0.0,0.0,0.0,0.0,0.0,0.0,0.0,0.0,0.0,0.0,0.0,0.0,0.0,0.0,0.0,0.0,0.0,0.0,0.0,0.0,0.0,0.0,0.0,0.0,0.0,0.0,0.0,0.0,0.0,0.0,0.0,0.0,0.0,0.0,0.0,0.0,0.0,0.0,0.0,0.0,0.0,0.0,0.0,0.0,0.0,0.0,0.0,,,,,0.0,,,0.0,0.0,,,,,2.682833
163,,0.0,0.0,0.0,0.0,0.0,0.0,0.0,0.0,0.0,0.0,0.0,0.0,0.0,0.0,0.0,0.0,0.0,0.0,0.0,0.0,0.0,0.0,0.0,0.0,0.0,0.0,0.0,0.0,0.0,0.0,0.0,0.0,0.0,0.0,0.0,0.0,0.0,0.0,0.0,0.0,0.0,0.0,0.0,0.0,0.0,0.0,0.0,0.0,0.0,0.0,0.0,0.0,0.0,0.0,0.0,0.0,0.0,0.0,0.0,0.0,0.0,0.0,0.0,0.0,0.0,,,,,0.0,,,0.0,0.0,,,,,2.6996
164,,0.0,0.0,0.0,0.0,0.0,0.0,0.0,0.0,0.0,0.0,0.0,0.0,0.0,0.0,0.0,0.0,0.0,0.0,0.0,0.0,0.0,0.0,0.0,0.0,0.0,0.0,0.0,0.0,0.0,0.0,0.0,0.0,0.0,0.0,0.0,0.0,0.0,0.0,0.0,0.0,0.0,0.0,0.0,0.0,0.0,0.0,0.0,0.0,0.0,0.0,0.0,0.0,0.0,0.0,0.0,0.0,0.0,0.0,0.0,0.0,0.0,0.0,0.0,0.0,0.0,,,,,0.0,,,0.0,0.0,,,,,2.716267
165,,0.0,0.0,0.0,0.0,0.0,0.0,0.0,0.0,0.0,0.0,0.0,0.0,0.0,0.0,0.0,0.0,0.0,0.0,0.0,0.0,0.0,0.0,0.0,0.0,0.0,0.0,0.0,0.0,0.0,0.0,0.0,0.0,0.0,0.0,0.0,0.0,0.0,0.0,0.0,0.0,0.0,0.0,0.0,0.0,0.0,0.0,0.0,0.0,0.0,0.0,0.0,0.0,0.0,0.0,0.0,0.0,0.0,0.0,0.0,0.0,0.0,0.0,0.0,0.0,0.0,,,,,0.0,,,0.0,0.0,,,,,2.732933
166,,0.0,0.0,0.0,0.0,0.0,0.0,0.0,0.0,0.0,0.0,0.0,0.0,0.0,0.0,0.0,0.0,0.0,0.0,0.0,0.0,0.0,0.0,0.0,0.0,0.0,0.0,0.0,0.0,0.0,0.0,0.0,0.0,0.0,0.0,0.0,0.0,0.0,0.0,0.0,0.0,0.0,0.0,0.0,0.0,0.0,0.0,0.0,0.0,0.0,0.0,0.0,0.0,0.0,0.0,0.0,0.0,0.0,0.0,0.0,0.0,0.0,0.0,0.0,0.0,0.0,,,,,0.0,,,0.0,0.0,,,,,2.7496
167,,0.0,0.0,0.0,0.0,0.0,0.0,0.0,0.0,0.0,0.0,0.0,0.0,0.0,0.0,0.0,0.0,0.0,0.0,0.0,0.0,0.0,0.0,0.0,0.0,0.0,0.0,0.0,0.0,0.0,0.0,0.0,0.0,0.0,0.0,0.0,0.0,0.0,0.0,0.0,0.0,0.0,0.0,0.0,0.0,0.0,0.0,0.0,0.0,0.0,0.0,0.0,0.0,0.0,0.0,0.0,0.0,0.0,0.0,0.0,0.0,0.0,0.0,0.0,0.0,0.0,,,,,0.0,,,0.0,0.0,,,,,2.766267
168,,0.0,0.0,0.0,0.0,0.0,0.0,0.0,0.0,0.0,0.0,0.0,0.0,0.0,0.0,0.0,0.0,0.0,0.0,0.0,0.0,0.0,0.0,0.0,0.0,0.0,0.0,0.0,0.0,0.0,0.0,0.0,0.0,0.0,0.0,0.0,0.0,0.0,0.0,0.0,0.0,0.0,0.0,0.0,0.0,0.0,0.0,0.0,0.0,0.0,0.0,0.0,0.0,0.0,0.0,0.0,0.0,0.0,0.0,0.0,0.0,0.0,0.0,0.0,0.0,0.0,,,,,0.0,,,0.0,0.0,,,,,2.782933
169,,0.0,0.0,0.0,0.0,0.0,0.0,0.0,0.0,0.0,0.0,0.0,0.0,0.0,0.0,0.0,0.0,0.0,0.0,0.0,0.0,0.0,0.0,0.0,0.0,0.0,0.0,0.0,0.0,0.0,0.0,0.0,0.0,0.0,0.0,0.0,0.0,0.0,0.0,0.0,0.0,0.0,0.0,0.0,0.0,0.0,0.0,0.0,0.0,0.0,0.0,0.0,0.0,0.0,0.0,0.0,0.0,0.0,0.0,0.0,0.0,0.0,0.0,0.0,0.0,0.0,,,,,0.0,,,0.0,0.0,,,,,2.7996
170,,0.0,0.0,0.0,0.0,0.0,0.0,0.0,0.0,0.0,0.0,0.0,0.0,0.0,0.0,0.0,0.0,0.0,0.0,0.0,0.0,0.0,0.0,0.0,0.0,0.0,0.0,0.0,0.0,0.0,0.0,0.0,0.0,0.0,0.0,0.0,0.0,0.0,0.0,0.0,0.0,0.0,0.0,0.0,0.0,0.0,0.0,0.0,0.0,0.0,0.0,0.0,0.0,0.0,0.0,0.0,0.0,0.0,0.0,0.0,0.0,0.0,0.0,0.0,0.0,0.0,,,,,0.0,,,0.0,0.0,,,,,2.816267
171,,0.0,0.0,0.0,0.0,0.0,0.0,0.0,0.0,0.0,0.0,0.0,0.0,0.0,0.0,0.0,0.0,0.0,0.0,0.0,0.0,0.0,0.0,0.0,0.0,0.0,0.0,0.0,0.0,0.0,0.0,0.0,0.0,0.0,0.0,0.0,0.0,0.0,0.0,0.0,0.0,0.0,0.0,0.0,0.0,0.0,0.0,0.0,0.0,0.0,0.0,0.0,0.0,0.0,0.0,0.0,0.0,0.0,0.0,0.0,0.0,0.0,0.0,0.0,0.0,0.0,,,,,0.0,,,0.0,0.0,,,,,2.832933
172,,0.0,0.0,0.0,0.0,0.0,0.0,0.0,0.0,0.0,0.0,0.0,0.0,0.0,0.0,0.0,0.0,0.0,0.0,0.0,0.0,0.0,0.0,0.0,0.0,0.0,0.0,0.0,0.0,0.0,0.0,0.0,0.0,0.0,0.0,0.0,0.0,0.0,0.0,0.0,0.0,0.0,0.0,0.0,0.0,0.0,0.0,0.0,0.0,0.0,0.0,0.0,0.0,0.0,0.0,0.0,0.0,0.0,0.0,0.0,0.0,0.0,0.0,0.0,0.0,0.0,,,,,0.0,,,0.0,0.0,,,,,2.8496
173,,0.0,0.0,0.0,0.0,0.0,0.0,0.0,0.0,0.0,0.0,0.0,0.0,0.0,0.0,0.0,0.0,0.0,0.0,0.0,0.0,0.0,0.0,0.0,0.0,0.0,0.0,0.0,0.0,0.0,0.0,0.0,0.0,0.0,0.0,0.0,0.0,0.0,0.0,0.0,0.0,0.0,0.0,0.0,0.0,0.0,0.0,0.0,0.0,0.0,0.0,0.0,0.0,0.0,0.0,0.0,0.0,0.0,0.0,0.0,0.0,0.0,0.0,0.0,0.0,0.0,,,,,0.0,,,0.0,0.0,,,,,2.866267
174,,0.0,0.0,0.0,0.0,0.0,0.0,0.0,0.0,0.0,0.0,0.0,0.0,0.0,0.0,0.0,0.0,0.0,0.0,0.0,0.0,0.0,0.0,0.0,0.0,0.0,0.0,0.0,0.0,0.0,0.0,0.0,0.0,0.0,0.0,0.0,0.0,0.0,0.0,0.0,0.0,0.0,0.0,0.0,0.0,0.0,0.0,0.0,0.0,0.0,0.0,0.0,0.0,0.0,0.0,0.0,0.0,0.0,0.0,0.0,0.0,0.0,0.0,0.0,0.0,0.0,,,,,0.0,,,0.0,0.0,,,,,2.882933
175,,0.0,0.0,0.0,0.0,0.0,0.0,0.0,0.0,0.0,0.0,0.0,0.0,0.0,0.0,0.0,0.0,0.0,0.0,0.0,0.0,0.0,0.0,0.0,0.0,0.0,0.0,0.0,0.0,0.0,0.0,0.0,0.0,0.0,0.0,0.0,0.0,0.0,0.0,0.0,0.0,0.0,0.0,0.0,0.0,0.0,0.0,0.0,0.0,0.0,0.0,0.0,0.0,0.0,0.0,0.0,0.0,0.0,0.0,0.0,0.0,0.0,0.0,0.0,0.0,0.0,,,,,0.0,,,0.0,0.0,,,,,2.8996
176,,0.0,0.0,0.0,0.0,0.0,0.0,0.0,0.0,0.0,0.0,0.0,0.0,0.0,0.0,0.0,0.0,0.0,0.0,0.0,0.0,0.0,0.0,0.0,0.0,0.0,0.0,0.0,0.0,0.0,0.0,0.0,0.0,0.0,0.0,0.0,0.0,0.0,0.0,0.0,0.0,0.0,0.0,0.0,0.0,0.0,0.0,0.0,0.0,0.0,0.0,0.0,0.0,0.0,0.0,0.0,0.0,0.0,0.0,0.0,0.0,0.0,0.0,0.0,0.0,0.0,,,,,0.0,,,0.0,0.0,,,,,2.916267
177,,0.0,0.0,0.0,0.0,0.0,0.0,0.0,0.0,0.0,0.0,0.0,0.0,0.0,0.0,0.0,0.0,0.0,0.0,0.0,0.0,0.0,0.0,0.0,0.0,0.0,0.0,0.0,0.0,0.0,0.0,0.0,0.0,0.0,0.0,0.0,0.0,0.0,0.0,0.0,0.0,0.0,0.0,0.0,0.0,0.0,0.0,0.0,0.0,0.0,0.0,0.0,0.0,0.0,0.0,0.0,0.0,0.0,0.0,0.0,0.0,0.0,0.0,0.0,0.0,0.0,,,,,0.0,,,0.0,0.0,,,,,2.932933
178,,0.0,0.0,0.0,0.0,0.0,0.0,0.0,0.0,0.0,0.0,0.0,0.0,0.0,0.0,0.0,0.0,0.0,0.0,0.0,0.0,0.0,0.0,0.0,0.0,0.0,0.0,0.0,0.0,0.0,0.0,0.0,0.0,0.0,0.0,0.0,0.0,0.0,0.0,0.0,0.0,0.0,0.0,0.0,0.0,0.0,0.0,0.0,0.0,0.0,0.0,0.0,0.0,0.0,0.0,0.0,0.0,0.0,0.0,0.0,0.0,0.0,0.0,0.0,0.0,0.0,,,,,0.0,,,0.0,0.0,,,,,2.9496
179,,0.0,0.0,0.0,0.0,0.0,0.0,0.0,0.0,0.0,0.0,0.0,0.0,0.0,0.0,0.0,0.0,0.0,0.0,0.0,0.0,0.0,0.0,0.0,0.0,0.0,0.0,0.0,0.0,0.0,0.0,0.0,0.0,0.0,0.0,0.0,0.0,0.0,0.0,0.0,0.0,0.0,0.0,0.0,0.0,0.0,0.0,0.0,0.0,0.0,0.0,0.0,0.0,0.0,0.0,0.0,0.0,0.0,0.0,0.0,0.0,0.0,0.0,0.0,0.0,0.0,,,,,0.0,,,0.0,0.0,,,,,2.966267
180,,0.0,0.0,0.0,0.0,0.0,0.0,0.0,0.0,0.0,0.0,0.0,0.0,0.0,0.0,0.0,0.0,0.0,0.0,0.0,0.0,0.0,0.0,0.0,0.0,0.0,0.0,0.0,0.0,0.0,0.0,0.0,0.0,0.0,0.0,0.0,0.0,0.0,0.0,0.0,0.0,0.0,0.0,0.0,0.0,0.0,0.0,0.0,0.0,0.0,0.0,0.0,0.0,0.0,0.0,0.0,0.0,0.0,0.0,0.0,0.0,0.0,0.0,0.0,0.0,0.0,,,,,0.0,,,0.0,0.0,,,,,2.982933
181,,0.0,0.0,0.0,0.0,0.0,0.0,0.0,0.0,0.0,0.0,0.0,0.0,0.0,0.0,0.0,0.0,0.0,0.0,0.0,0.0,0.0,0.0,0.0,0.0,0.0,0.0,0.0,0.0,0.0,0.0,0.0,0.0,0.0,0.0,0.0,0.0,0.0,0.0,0.0,0.0,0.0,0.0,0.0,0.0,0.0,0.0,0.0,0.0,0.0,0.0,0.0,0.0,0.0,0.0,0.0,0.0,0.0,0.0,0.0,0.0,0.0,0.0,0.0,0.0,0.0,,,,,0.0,,,0.0,0.0,,,,,2.9996
