video_id,frame_no,left_wrist_speed,right_wrist_speed,wrist_speed_max,left_elbow_speed,right_elbow_speed,elbow_speed_max,left_elbow_angle,right_elbow_angle,left_elbow_joint_angle,right_elbow_joint_angle,left_arm_length,right_arm_length,left_forearm_length,right_forearm_length,left_shoulder_wrist_dist,right_shoulder_wrist_dist,left_wrist_height_rel,right_wrist_height_rel,bat_arm_wrist_speed,bat_arm_elbow_speed,bat_arm_elbow_angle,bat_arm_extension,arm_activity_score,shoulder_line_angle,hip_line_angle,hip_shoulder_separation,trunk_lean,shoulder_rotation_change,left_shoulder_speed,right_shoulder_speed,shoulder_speed_max,body_center_x,body_center_y,body_center_speed,upper_body_rotation,lower_body_rotation,left_knee_speed,right_knee_speed,knee_speed_max,left_ankle_speed,right_ankle_speed,ankle_speed_max,left_knee_angle,right_knee_angle,front_knee_angle,back_knee_angle,left_hip_speed,right_hip_speed,hip_speed_max,head_movement,head_speed,left_eye_speed,right_eye_speed,eye_separation,head_orientation_angle,left_ear_speed,right_ear_speed,ear_separation,wrist_height_change,pose_activity_score,impact_like_frame_flag
2528ff4e-de60-4e30-8b17-d238eca61e70_delivery_14,0,0.0,0.0,0.0,0.0,0.0,0.0,84.93954691284075,84.94383921563825,169.88600404236868,164.89062170687362,26.10755811473395,21.118269653635153,10.585765516152698,7.306024055869017,26.10755811473395,21.118269653635153,-26.103759765625,-21.11822509765625,0.0,0.0,164.89062170687362,21.118269653635153,0.0,-160.30077283344949,-179.35034677315585,19.049573939706363,-116.4327033913702,0.0,0.0,0.0,0.0,187.54298400878906,440.50769805908203,0.0,-160.30077283344949,-179.35034677315585,0.0,0.0,0.0,0.0,0.0,0.0,148.802132212608,151.22252267512374,151.22252267512374,148.802132212608,0.0,0.0,0.0,0.0,0.0,0.0,0.0,0.7079270713083509,-172.6067673088684,0.0,0.0,0.9194247452507133,0.0,0.0,0
2528ff4e-de60-4e30-8b17-d238eca61e70_delivery_14,1,3.10765838295411,5.3036447604583286,5.3036447604583286,5.277855801854,0.4365618020827983,5.277855801854,85.05064976617828,84.61376895995139,170.11165894468587,165.06851511788565,26.056464546610325,21.261054410144833,10.670969631107779,7.459230566244555,26.056464546610325,21.261054410144833,-26.053131103515625,-21.26092529296875,5.3036447604583286,0.4365618020827983,165.06851511788565,21.261054410144833,3.1961677312487553,-163.1983109380254,179.70282087078365,342.90113180880905,-116.29712323461972,-2.897538104575915,2.8955625866989823,2.1557230534443153,2.8955625866989823,187.53002548217773,440.5182342529297,0.4994141925752927,-163.1983109380254,179.70282087078365,0.9974288914702574,0.5062548713475515,0.9974288914702574,1.4169291691316384,1.2609429444077525,1.4169291691316384,148.77937931812906,151.32779943050392,151.32779943050392,148.77937931812906,0.6804550435218588,3.03319051385779,3.03319051385779,3.2188189435128907,3.2188189435128907,3.7695221002750396,2.338174748081814,0.784297589836475,-173.72726657918435,4.400892812130658,3.4526047030247438,1.0281938999767748,-0.0435638427734375,2.2560173184357817,0
2528ff4e-de60-4e30-8b17-d238eca61e70_delivery_14,2,3.6343844526720375,5.308446559704147,5.308446559704147,6.382225582052348,4.60410594867708,6.382225582052348,85.82795756522184,84.65525729557322,172.00017303934374,165.56395017996246,25.993853317492217,21.29377750588326,10.625968680562032,7.407755032250504,25.993853317492217,21.29377750588326,-25.990570068359375,-21.2933349609375,5.308446559704147,4.60410594867708,165.56395017996246,21.29377750588326,4.157691920797864,-165.50946221448118,178.82614251871337,344.33560473319454,-114.99916365605652,-2.3111512764557745,1.8315887028073767,3.1854002788741966,3.1854002788741966,187.33835983276367,440.62535858154297,6.565747094880712,-165.50946221448118,178.82614251871337,10.300027190307535,6.4078344047891544,10.300027190307535,5.868375372726975,0.8895205232599162,5.868375372726975,149.46611193434822,152.1536687802425,152.1536687802425,149.46611193434822,15.42505056517357,13.970900050615493,15.42505056517357,2.477191978435174,2.477191978435174,2.11775841442151,2.6300244120052394,0.7794818903539927,-175.29522502760022,1.5036052034150142,3.5042046306011714,0.9679617872913321,0.0184478759765625,6.483988302638319,0
2528ff4e-de60-4e30-8b17-d238eca61e70_delivery_14,3,5.44211226311728,7.845106683280283,7.845106683280283,7.6583320739291185,3.0065595728093117,7.6583320739291185,86.6259564808872,84.31017344429932,173.96432095248505,166.34663705599294,25.924387611264393,21.434248860276956,10.651475018035644,7.480771646081838,25.924387611264393,21.434248860276956,-25.92120361328125,-21.43121337890625,7.845106683280283,3.0065595728093117,166.34663705599294,21.434248860276956,4.806874365429897,-169.62136317396613,177.36127797886277,346.98264115282893,-113.71146774697442,-4.111900959484956,3.696551779735057,1.1925838197083292,3.696551779735057,187.11624908447266,440.70084381103516,7.014779828125737,-169.62136317396613,177.36127797886277,8.3452492393656,5.144906103169521,8.3452492393656,3.936645531370058,1.8377802621935742,3.936645531370058,150.04227138647266,152.98127527006847,152.98127527006847,150.04227138647266,14.089033280136057,16.03185550901167,16.03185550901167,4.687202491968449,4.687202491968449,4.827177894000382,3.767944381411679,0.8384637389811891,-177.15852684940103,4.258542046542504,4.306895489743082,1.0549188842434762,0.0,6.518893009818822,0
2528ff4e-de60-4e30-8b17-d238eca61e70_delivery_14,4,4.148400907061565,3.2607357092069638,4.148400907061565,6.014492829912633,1.3753647303717842,6.014492829912633,86.73996400256922,83.51665115800958,174.13050065548057,165.78196659783143,25.84782688199632,21.54057559758428,10.722513827316531,7.62916425398633,25.84782688199632,21.54057559758428,-25.845123291015625,-21.53326416015625,3.2607357092069638,1.3753647303717842,165.78196659783143,21.54057559758428,3.9163610072804604,-171.9580008064641,176.83195812488088,348.789958931345,-113.6927334392881,-2.3366376324979683,3.359276672135639,5.3398951949941775,5.3398951949941775,187.0799217224121,440.69384765625,1.1062455041628767,-171.9580008064641,176.83195812488088,1.3904652814847533,1.3963006852294704,1.3963006852294704,1.8217016468981715,2.6701898456928927,2.6701898456928927,149.65860969739043,153.2994591905636,153.2994591905636,149.65860969739043,1.955302344718725,4.088376354930955,4.088376354930955,7.323845328459454,7.323845328459454,9.037745612103953,4.159448291825834,1.0406314582058689,-177.702472829459,9.554603018035408,8.603859097015006,1.5623418590865361,0.006072998046875,3.0683751835531443,0
2528ff4e-de60-4e30-8b17-d238eca61e70_delivery_14,5,0.662479318621715,4.979163995273176,4.979163995273176,0.30013249292428273,2.146939255897955,2.146939255897955,87.13253785360702,83.00086251148365,174.61647712618617,165.54482793495285,25.83861540792773,21.695614479046654,10.7059692265814,7.724677041347568,25.83861540792773,21.695614479046654,-25.837005615234375,-21.683685302734375,4.979163995273176,2.146939255897955,165.54482793495285,21.695614479046654,2.680680725588086,-173.06357396598878,176.63454150411155,349.69811547010033,-113.58403472271365,-1.1055731595246812,3.19081430193369,4.804554988877695,4.804554988877695,187.03368377685547,440.71475982666016,1.5174717794407802,-173.06357396598878,176.63454150411155,1.035317484708367,0.9046314470331936,1.035317484708367,1.5867735268311494,0.9073921074898864,1.5867735268311494,149.59911934771088,153.60827328767564,153.60827328767564,149.59911934771088,1.159402151370694,4.995628312383282,4.995628312383282,2.9990912088354658,2.9990912088354658,4.943258173753045,0.46446150222056076,1.2119611662564291,-177.98553887473912,7.551972722781733,7.463402976854846,2.0306770310373516,-0.0801544189453125,2.222769115278757,0
2528ff4e-de60-4e30-8b17-d238eca61e70_delivery_14,6,2.438536181729466,9.396138082814806,9.396138082814806,9.961897535790081,9.05534798028235,9.961897535790081,88.03546033545679,82.95077376235731,176.78589481983693,166.06008205554002,25.905194072725486,21.87715763292832,10.61040287229242,7.662617551406088,25.905194072725486,21.87715763292832,-25.903533935546875,-21.86090087890625,9.396138082814806,9.05534798028235,166.06008205554002,21.87715763292832,6.06960028281285,-173.74661158493538,176.39823666848696,350.1448482534223,-112.28388968164799,-0.6830376189465994,2.1577206579797634,3.407961258280627,3.407961258280627,186.80418395996094,440.8341369628906,7.735545817192486,-173.74661158493538,176.39823666848696,12.357977197128774,8.050686134506057,12.357977197128774,7.393751844303297,1.6300720703857554,7.393751844303297,150.46889359587743,154.47334790598714,154.47334790598714,150.46889359587743,17.70019725962177,14.10386226999474,17.70019725962177,4.191532463056417,4.191532463056417,3.320074988074947,3.0170350114609192,1.2200703282507737,-178.49646630406116,1.5658007177371458,0.2153057277872341,2.022507702516108,-0.130126953125,8.137845706068124,0
2528ff4e-de60-4e30-8b17-d238eca61e70_delivery_14,7,4.259513453581028,5.889803958218642,5.889803958218642,5.471582400583372,5.187324730874991,5.471582400583372,88.20089868737249,82.71519203490905,177.11104796336681,166.31788464690186,26.01973705363552,22.05821473929505,10.577475020004252,7.66073933399932,26.01973705363552,22.05821473929505,-26.0181884765625,-22.035980224609375,5.889803958218642,5.187324730874991,166.31788464690186,22.05821473929505,3.9703634223798736,-173.39899104946215,176.62604538357752,350.02503643303965,-112.2090533172805,0.3476205354732258,1.1197555853972576,1.8942004056239465,1.8942004056239465,186.74171829223633,440.8497772216797,1.925548316791911,-173.39899104946215,176.62604538357752,1.1607123356832574,0.9839565641831478,1.1607123356832574,0.8835439470035826,0.4147387035519783,0.8835439470035826,150.66439998236703,154.60741789704556,154.60741789704556,150.66439998236703,2.0541693872972844,2.7648917101982375,2.7648917101982375,3.7475316159952166,3.7475316159952166,3.6455096079211464,4.143181264346114,1.279722261320593,-178.23304967954255,2.44215838003271,3.9105833944951782,2.172001722853201,-0.1575775146484375,2.673682765183061,0
2528ff4e-de60-4e30-8b17-d238eca61e70_delivery_14,8,3.2027260892877383,4.324239029153582,4.324239029153582,4.133537757741837,5.784944480371338,5.784944480371338,88.27886419210014,82.87584017987564,177.68860944545503,166.30132441927412,26.127631089674683,22.15986626689864,10.59199271742266,7.617046869780147,26.127631089674683,22.15986626689864,-26.12518310546875,-22.1395263671875,4.324239029153582,5.784944480371338,166.30132441927412,22.15986626689864,3.949601986165223,-173.2226787008108,176.3243456730229,349.54702437383366,-112.01818998195387,0.1763123486513507,2.5771232214448148,3.675041338992027,3.675041338992027,186.72590255737305,440.8811798095703,1.0513914564425704,-173.2226787008108,176.3243456730229,2.213906803774903,2.1864627051614107,2.213906803774903,1.6387108283899348,0.5808769409625681,1.6387108283899348,150.9401986419196,154.6600288099689,154.6600288099689,150.9401986419196,3.930039008382522,1.752165334804631,3.930039008382522,5.086526657862577,5.086526657862577,5.23309825030846,4.7456511578407135,1.2446799375361843,-178.15377115900586,3.6042401346454227,3.242983121953215,2.0472508883405327,-0.113128662109375,2.9999811282056092,0
2528ff4e-de60-4e30-8b17-d238eca61e70_delivery_14,9,2.930040625141049,6.026725934577263,6.026725934577263,11.413384245143927,8.968759455987577,11.413384245143927,89.04775462551206,83.50989784031366,179.90775017851556,167.72989449787136,26.213458863334754,22.166404263435272,10.476369311664467,7.3694677131974045,26.213458863334754,22.166404263435272,-26.210113525390625,-22.146331787109375,6.026725934577263,8.968759455987577,167.72989449787136,22.166404263435272,6.544924937298674,-173.9245893623834,175.7079290618077,349.63251842419106,-110.70728807909987,-0.7019106615725832,3.782626187269637,6.1480131756725935,6.1480131756725935,186.5057373046875,440.9996795654297,7.476552933437291,-173.9245893623834,175.7079290618077,11.93471654782728,8.31670831241352,11.93471654782728,8.205892171260343,1.7623500871202182,8.205892171260343,152.1214729802477,155.32861071264983,155.32861071264983,152.1214729802477,18.98123877438279,12.494048834761992,18.98123877438279,8.877723976511161,8.877723976511161,9.214333862453385,6.5895563517839655,1.090425697007104,-178.7090505210409,8.05166300935641,7.0201380840265175,1.5865455913446886,-0.0658721923828125,8.413708695963182,0
2528ff4e-de60-4e30-8b17-d238eca61e70_delivery_14,10,2.02562026190717,9.497290915193803,9.497290915193803,8.06568247639141,4.117487494812673,8.06568247639141,89.41926715416405,84.36041790699203,178.58454821048224,169.15282444208378,26.27415580548595,21.781423902489742,10.452021532910885,6.92041054021274,26.27415580548595,21.781423902489742,-26.2689208984375,-21.76519775390625,9.497290915193803,4.117487494812673,169.15282444208378,21.781423902489742,5.673786675416818,-175.76984613665223,173.87693333993602,349.6467794765882,-109.56566843528745,-1.8452567742688473,4.781057489532648,5.555581414663207,5.555581414663207,186.2843360900879,441.1009063720703,7.279641873704151,-175.76984613665223,173.87693333993602,9.498193522423493,7.07365692086644,9.498193522423493,7.867602344543022,2.1566785995147555,7.867602344543022,153.46264626242612,155.96065772594113,155.96065772594113,153.46264626242612,17.834569494748468,11.17811223431931,17.834569494748468,6.5017691216145,6.5017691216145,8.064130070596086,3.568492870071912,0.8482828905861238,-179.39810209840454,10.840209454137511,10.589072664994475,0.9145359235657493,0.13409423828125,7.470961097409699,0
2528ff4e-de60-4e30-8b17-d238eca61e70_delivery_14,11,2.0277903412012726,12.02644866483608,12.02644866483608,2.7916667987498465,6.090515156921425,6.090515156921425,89.07941910588183,84.75609038724896,178.96148502540072,169.54947979668125,26.25856463818743,21.394960988382074,10.485560093302105,6.660078794222647,26.25856463818743,21.394960988382074,-26.251434326171875,-21.3818359375,12.02644866483608,6.090515156921425,169.54947979668125,21.394960988382074,4.249284975329002,-176.65560282347255,173.09961536785772,349.7552181913303,-109.70829762030542,-0.885756686820315,0.9879106397478137,1.5713782505175722,1.5713782505175722,186.26765060424805,441.0739059448242,0.949110229025942,-176.65560282347255,173.09961536785772,3.497988100700695,1.8652570322519282,3.497988100700695,0.7086016204564956,1.681029011707036,1.681029011707036,153.68803885300719,155.89583544873548,155.89583544873548,153.68803885300719,1.765429751741198,1.244125416666757,1.765429751741198,3.9872987220620133,3.9872987220620133,4.974620178818126,2.275111035395084,0.7321322071743408,-179.35754225955006,6.034885189738272,3.876652122017338,0.6593605600446545,0.204833984375,3.021511732124843,0
2528ff4e-de60-4e30-8b17-d238eca61e70_delivery_14,12,1.4788986163829092,19.60521391067628,19.60521391067628,2.1201698302179564,9.976776455551652,9.976776455551652,88.78230887586562,85.30314618816038,179.334317320859,170.0216868981654,26.27343319558013,20.787245354109757,10.521155994300223,6.256297207415843,26.27343319558013,20.787245354109757,-26.264617919921875,-20.77801513671875,19.60521391067628,9.976776455551652,170.0216868981654,20.787245354109757,6.141927934721957,-176.84800198274968,172.6672408272808,349.5152428100305,-109.93183318938827,-0.19239915927713014,0.6676544251161216,3.0028543703868196,3.0028543703868196,186.2451629638672,441.02809143066406,1.5261083287712276,-176.84800198274968,172.6672408272808,4.991144721463603,3.2242666681892915,4.991144721463603,1.1235031244043243,1.5454685487632644,1.5454685487632644,153.96666316988953,155.8879939249888,155.8879939249888,153.96666316988953,2.894638529862141,2.220723038264927,2.894638529862141,2.7313815416309986,2.7313815416309986,3.4822197525308773,1.6459364517740789,0.6325831799848727,-179.1126857634836,4.943350259274865,3.529731952959307,0.5159533685110229,0.3061065673828125,4.4042760199399416,0
2528ff4e-de60-4e30-8b17-d238eca61e70_delivery_14,13,2.8435520816752633,13.139483201441793,13.139483201441793,3.156670950117873,6.6894416360715425,6.6894416360715425,88.61919967436262,85.63883047156672,179.72674881730896,170.53778197683374,26.358642791715717,20.38863982489098,10.52507640563729,5.931726610582933,26.358642791715717,20.38863982489098,-26.3497314453125,-20.3804931640625,13.139483201441793,6.6894416360715425,170.53778197683374,20.38863982489098,4.943411995073758,-176.39169152402906,173.06876167894765,349.46045320297674,-110.12682256482474,0.4563104587206226,0.40999905204880827,3.421325049087268,3.421325049087268,186.22881317138672,441.00360107421875,0.8805265268259601,-176.39169152402906,173.06876167894765,3.174936453288823,1.9931971432999729,3.174936453288823,0.40710745256661923,0.5344855135457299,0.5344855135457299,154.20020638713007,155.94182220460283,155.94182220460283,154.20020638713007,2.238822634036713,1.5039426626223567,2.238822634036713,3.1169106387213867,3.1169106387213867,3.0225502108933315,2.3805323095739723,0.5982391360457583,-178.57060655375642,2.2451420579237737,1.232231309535538,0.5110390221791971,0.1583251953125,3.292746985816897,0
2528ff4e-de60-4e30-8b17-d238eca61e70_delivery_14,14,1.9573495746618095,11.308236344402486,11.308236344402486,6.028532750861283,9.511079040532284,9.511079040532284,87.76888130603848,84.78776179056544,178.46335561532106,167.43786361718475,26.404568238867,20.335848448479286,10.579939765793078,6.087370962299347,26.404568238867,20.335848448479286,-26.394073486328125,-20.329071044921875,11.308236344402486,9.511079040532284,167.43786361718475,20.335848448479286,6.524998139583057,-172.9784702163564,174.9538549230638,347.9323251394202,-111.75623026869187,3.413221307672643,1.0931140144216198,9.251677112618857,9.251677112618857,186.3896827697754,440.8283004760742,7.114649883853155,-172.9784702163564,174.9538549230638,14.436403693098725,11.818113740295114,14.436403693098725,8.931053607207868,2.8492008388474024,8.931053607207868,152.75286097541846,155.33476286931898,155.33476286931898,152.75286097541846,19.259905570321564,14.608872146763904,19.259905570321564,4.805245647033775,4.805245647033775,7.289216033818249,2.2620279740875393,0.807605845384396,-176.56196081026894,6.145388831763487,10.743587154818186,0.8774304170350237,0.0590362548828125,9.25446153616941,0
2528ff4e-de60-4e30-8b17-d238eca61e70_delivery_14,15,2.385962194610712,11.515058761761418,11.515058761761418,5.847935867983989,8.221400980521954,8.221400980521954,87.08416720341462,83.7815204832359,176.96533470650695,164.30154472956005,26.477395136973886,20.349161911198642,10.623680075710611,6.252750818058523,26.477395136973886,20.349161911198642,-26.46575927734375,-20.3426513671875,11.515058761761418,8.221400980521954,164.30154472956005,20.349161911198642,6.58623518262788,-171.06664356208898,176.23459666862118,347.30124023071016,-113.30888069314305,1.9118266542674291,0.1873147947684157,11.359738496120787,11.359738496120787,186.52141189575195,440.6539993286133,6.533124883480294,-171.06664356208898,176.23459666862118,13.638691605947855,10.991907971506436,13.638691605947855,10.397329331728132,3.768934410141057,10.397329331728132,151.0491877765294,154.61909667673774,154.61909667673774,151.0491877765294,19.020302253530705,12.491360744602146,19.020302253530705,6.45340606613405,6.45340606613405,9.738548315140632,3.279653105992564,1.101057019596301,-175.9311850364067,9.29288252893332,14.901859623565516,1.579732982452852,0.0266265869140625,9.152161451101968,0
2528ff4e-de60-4e30-8b17-d238eca61e70_delivery_14,16,2.8207120107370858,12.134924654998832,12.134924654998832,5.53950950902586,6.778119235850661,6.778119235850661,86.46221069269481,82.90004947807708,175.53630223523118,161.01462903165418,26.55546886554246,20.286919625913654,10.609753260879684,6.327922384692542,26.55546886554246,20.286919625913654,-26.542999267578125,-20.281890869140625,12.134924654998832,6.778119235850661,161.01462903165418,20.286919625913654,6.323186335649223,-169.08155502799366,177.26551030033494,346.3470653283286,-114.84769241667739,1.9850885340953255,1.0039814132919984,9.661871189990904,9.661871189990904,186.66117095947266,440.49048614501953,6.432137645455314,-169.08155502799366,177.26551030033494,12.656737423831672,10.500094228709198,12.656737423831672,10.014108275522165,4.13806396205861,10.014108275522165,149.38353206115866,153.86298371361815,153.86298371361815,149.38353206115866,18.17695977822267,13.228764133381407,18.17695977822267,6.867752390677424,6.867752390677424,9.867086433569932,2.658187278210603,1.3742145118761881,-175.46047589833307,8.638630363750163,13.126870877902663,2.2686378369444937,0.0447540283203125,8.887820484635089,0
2528ff4e-de60-4e30-8b17-d238eca61e70_delivery_14,17,1.504066205672148,11.175784762744714,11.175784762744714,4.046311878612717,4.528831699005426,4.528831699005426,85.88644939388692,82.09594608773286,174.27164945806584,157.55923307675542,26.608303212649854,20.30479569782863,10.629770724479236,6.468867595511901,26.608303212649854,20.30479569782863,-26.594757080078125,-20.30218505859375,11.175784762744714,4.528831699005426,157.55923307675542,20.30479569782863,4.9897523217369555,-168.08199278182965,177.75152363959162,345.8335164214213,-116.21035684457195,0.9995622461640039,0.9611365346349231,7.722382849751805,7.722382849751805,186.80159759521484,440.35713958740234,5.7906942992349215,-168.08199278182965,177.75152363959162,11.116542348702177,8.856431255775606,11.116542348702177,9.763740324773405,3.525369209574372,9.763740324773405,147.70538384598893,152.95424314806323,152.95424314806323,147.70538384598893,16.271702921223632,11.9953186666337,16.271702921223632,6.093969406566349,6.093969406566349,8.838126942761921,2.7677288231839916,1.6268025846087555,-175.34195220992913,7.8294199966809614,12.42947253172959,2.9097556632552255,0.0123291015625,7.62230155475872,0
2528ff4e-de60-4e30-8b17-d238eca61e70_delivery_14,18,3.352033830277464,25.760933932251486,25.760933932251486,6.361627258586871,3.463658835036096,6.361627258586871,85.98417806069352,82.48244924882202,174.6567406853851,153.1428656359029,26.539499432440923,19.519600208796238,10.451107982824894,5.928494419237301,26.539499432440923,19.519600208796238,-26.524688720703125,-19.519195556640625,25.760933932251486,3.463658835036096,153.1428656359029,19.519600208796238,7.438767605054533,-167.32805396170082,177.60148842858868,344.9295423902895,-116.5516749252892,0.7539388201288375,4.35480605295038,1.3395457212248991,4.35480605295038,186.80683135986328,440.34559631347656,0.3789969025583865,-167.32805396170082,177.60148842858868,3.902466500063944,3.143101614858494,3.902466500063944,1.2310999004443541,4.0820773231123875,4.0820773231123875,147.060683974682,152.51767477792836,152.51767477792836,147.060683974682,1.6027770190044863,4.008489016195011,4.008489016195011,5.458506766411943,5.458506766411943,4.810893598143124,3.5611042590609636,1.670481523699761,-175.63408896611702,1.0715698228156045,2.2501734572556447,2.935998598440855,0.3966217041015625,5.216884750333823,0
2528ff4e-de60-4e30-8b17-d238eca61e70_delivery_14,19,3.91513989302414,35.88711749939221,35.88711749939221,11.35760739091262,12.610608941690877,12.610608941690877,87.07237302934577,84.45360560749046,176.61770302070366,150.12208874998706,26.57473665061425,18.19910147834073,10.225846871567965,4.635829369830336,26.57473665061425,18.19910147834073,-26.56402587890625,-18.190673828125,35.88711749939221,12.610608941690877,150.12208874998706,18.19910147834073,11.738145563302815,-170.67257130760632,175.70169985456164,346.37427116216793,-115.40145330764041,-3.3445173459055013,0.5096503602170109,6.148749294580032,6.148749294580032,186.6290283203125,440.48546600341797,6.764704985067013,-170.67257130760632,175.70169985456164,10.14580944313987,9.165018489832836,10.14580944313987,5.9966914201813335,2.1413077774356317,5.9966914201813335,147.73635427080404,152.5937521543648,152.5937521543648,147.73635427080404,14.992353173355546,12.816570379790624,14.992353173355546,4.783672068953969,4.783672068953969,7.760288725589155,3.0245305169738517,1.4792431225925298,-176.95717419572594,9.207281676729954,7.7314500706785445,2.3949939415329706,0.5681610107421875,10.473885338629394,0
2528ff4e-de60-4e30-8b17-d238eca61e70_delivery_14,20,4.304535238200654,21.82673580468321,21.82673580468321,10.103166625966054,10.586722948003562,10.586722948003562,88.0746596745881,86.01383769161676,178.5721731562473,147.5384084849369,26.529577727672642,17.309540788439712,10.02885097968733,3.6878838078297242,26.529577727672642,17.309540788439712,-26.521820068359375,-17.2919921875,21.82673580468321,10.586722948003562,147.5384084849369,17.309540788439712,9.019005444126014,-174.1690783585053,173.71321980997033,347.8822981684756,-114.28503209499394,-3.4965070508989697,0.7017967739966594,6.591075273905946,6.591075273905946,186.45337677001953,440.62391662597656,6.687907286825728,-174.1690783585053,173.71321980997033,9.90199748101753,7.372017593006845,9.90199748101753,6.971924099477065,2.64005765546445,6.971924099477065,148.46332061831706,152.91618490904264,152.91618490904264,148.46332061831706,15.051168188621087,12.083866853316472,15.051168188621087,4.135436295522453,4.135436295522453,6.707262007563945,2.9071743430302988,1.311663555608657,-178.432123791066,7.676463160035001,7.546321085378992,1.9220044164677712,0.386566162109375,9.011255377971628,0
2528ff4e-de60-4e30-8b17-d238eca61e70_delivery_14,21,2.166343934693137,13.040410145357265,13.040410145357265,8.1209211430131,9.187005660412806,9.187005660412806,88.71940836498543,87.56283979754839,179.64001527443008,148.03601739227113,26.48028053738677,16.72625854668606,9.933026719975427,3.0230505890795096,26.48028053738677,16.72625854668606,-26.472198486328125,-16.7025146484375,13.040410145357265,9.187005660412806,148.03601739227113,16.72625854668606,6.816275474630643,-177.00060377955703,171.81329852714646,348.8139023067035,-113.15683645604214,-2.8315254210517367,2.4026482446214388,5.980323719686111,5.980323719686111,186.24570083618164,440.7644958496094,7.499055850005062,-177.00060377955703,171.81329852714646,12.543227150146864,7.492485549941725,12.543227150146864,8.152662324163645,1.509460850453023,8.152662324163645,149.0740391878601,153.4367656961265,153.4367656961265,149.0740391878601,16.758198159899468,12.201770054466536,16.758198159899468,5.579088419282721,5.579088419282721,8.17047386626235,3.91278340098411,1.1317908194331483,-179.93820311186457,8.85913360453145,7.974254134844803,1.4291835820059786,0.2333831787109375,8.296288078071258,0
2528ff4e-de60-4e30-8b17-d238eca61e70_delivery_14,22,3.36663834130569,7.388584711407611,7.388584711407611,8.544484413159031,7.588190750357487,8.544484413159031,89.36728116309985,88.7986644699444,177.83574067453222,150.75851809752461,26.37377749315508,16.415582393131096,9.807795966865935,2.5395170779174707,26.37377749315508,16.415582393131096,-26.365478515625,-16.39105224609375,7.388584711407611,7.588190750357487,150.75851809752461,16.415582393131096,6.208192087731557,-179.9808071882858,169.6161430276346,349.5969502159204,-112.02542378288406,-2.9802034087287836,2.9442192960935407,7.417035014065982,7.417035014065982,186.06840133666992,440.9188995361328,7.030339717030194,-179.9808071882858,169.6161430276346,13.40014740753854,8.715575466499256,13.40014740753854,8.47560137413006,0.8813682860866645,8.47560137413006,149.71356558685656,153.92959257313132,153.92959257313132,149.71356558685656,16.756139659626346,10.997739042588407,16.756139659626346,9.431738796140987,9.431738796140987,11.80734569178704,6.332662558086861,0.9316105559083031,178.11526482839992,10.297919372922454,7.80280801083808,0.9063964718446349,0.1161346435546875,8.039643646904885,0
2528ff4e-de60-4e30-8b17-d238eca61e70_delivery_14,23,0.3834745138350451,7.826784109729441,7.826784109729441,2.863322183554416,6.731836807567184,6.731836807567184,89.2975476123855,89.07391902421215,178.16748038592792,159.06106194746408,26.385466827755312,16.63779201446999,9.883726058417013,2.598529896289448,26.385466827755312,16.63779201446999,-26.377716064453125,-16.62469482421875,7.826784109729441,6.731836807567184,159.06106194746408,16.63779201446999,3.9170993492532156,179.30356729636233,170.055725595051,9.24784170131133,-112.02869401582666,359.28437448464814,1.1149611190671915,4.582217361766016,4.582217361766016,186.0089874267578,440.9161682128906,1.7785090986467051,179.30356729636233,170.055725595051,2.260990251877536,1.30885250054779,2.260990251877536,1.89589581763403,0.6066110247941717,1.89589581763403,149.39184038223388,153.98125087731273,153.98125087731273,149.39184038223388,0.33548107607491623,3.5184465441108785,3.5184465441108785,9.56592025677875,9.56592025677875,9.343216263259706,8.323235481479541,0.8976945837557478,177.56061901943463,4.404083407484799,4.21086996012125,0.896001986372486,-0.123382568359375,2.7857394425465514,0
2528ff4e-de60-4e30-8b17-d238eca61e70_delivery_14,24,2.7772120114959424,21.19527250544563,21.19527250544563,10.835768697196503,7.783313508251337,10.835768697196503,88.39912310753186,88.77399135518888,179.9293950687652,167.8325579663068,26.263959008281518,17.39992982659619,10.107755416904487,3.393816578728553,26.263959008281518,17.39992982659619,-26.25335693359375,-17.39654541015625,21.19527250544563,7.783313508251337,167.8325579663068,17.39992982659619,8.803875331023027,-178.09052955745977,171.62967765762238,349.72020721508216,-113.18899320884893,-357.39409685382213,2.343619223541698,7.888066040207043,7.888066040207043,186.06556701660156,440.80179595947266,3.8156357530107083,-178.09052955745977,171.62967765762238,8.744017880607837,5.536362943951828,8.744017880607837,3.758005567649046,5.514607978220484,5.514607978220484,149.2062552930573,153.5480577741388,153.5480577741388,149.2062552930573,11.927946933047528,9.17153103482882,11.927946933047528,9.26288304390154,9.26288304390154,7.798905803761976,7.767184170414369,0.8953604758974679,179.30280588618152,3.55398522694101,5.089371945254988,0.9859624615661,-0.31103515625,8.122977027036976,0
2528ff4e-de60-4e30-8b17-d238eca61e70_delivery_14,25,1.9785308212646613,19.783798106195732,19.783798106195732,6.195652848824181,3.0221559572656838,6.195652848824181,88.29574376436457,87.66376629115211,179.9254677253739,172.48248322466728,26.254963453055318,18.031582569183513,10.278144373996264,4.058208006778688,26.254963453055318,18.031582569183513,-26.243743896484375,-18.030426025390625,19.783798106195732,3.0221559572656838,172.48248322466728,18.031582569183513,6.853614027168958,-178.22349184012427,172.62032919764377,350.84382103776807,-113.03028604470295,-0.13296228266449361,1.2801445658065898,8.861401863656896,8.861401863656896,185.91377639770508,440.8105239868164,4.546437624825784,-178.22349184012427,172.62032919764377,4.472358159270703,3.7281446575463506,4.472358159270703,1.3552217870315444,1.7936521130040368,1.7936521130040368,149.11356191838212,154.04188447751494,154.04188447751494,149.11356191838212,2.1863103517265734,8.664183044596776,8.664183044596776,1.5048416304898162,1.5048416304898162,0.9456354118363631,6.206225268820251,1.1334315515861153,178.6515683932215,5.671929161040872,15.633464337846501,1.6384155340199462,-0.2924652099609375,5.276796189682478,0
2528ff4e-de60-4e30-8b17-d238eca61e70_delivery_14,26,1.1928272331164194,16.195997282317297,16.195997282317297,4.897638258289809,2.5454883446007606,4.897638258289809,88.43931532069543,86.9761411996612,179.70047385135496,175.64360971472132,26.240335582883848,18.519050536921203,10.39433311292063,4.50054571058287,26.240335582883848,18.519050536921203,-26.232025146484375,-18.508148193359375,16.195997282317297,2.5454883446007606,175.64360971472132,18.519050536921203,5.827487351782118,-179.44820259296577,172.84914287349963,352.2973454664654,-112.86830458455397,-1.2247107528415029,2.931713351372415,7.201259640996008,7.201259640996008,185.81069564819336,440.8252487182617,3.1136760248081448,-179.44820259296577,172.84914287349963,1.9753207675415843,3.329747895046271,3.329747895046271,1.4353725902831118,4.0488487848253145,4.0488487848253145,149.33068355452045,154.3678664275092,154.3678664275092,149.33068355452045,0.6255650680542014,7.713554322211862,7.713554322211862,4.691621195236975,4.691621195236975,4.622606548982031,6.362792584972915,1.1918233938526972,177.76650265236006,1.9439247656527996,8.745309491954638,1.8520153901786585,-0.2342987060546875,4.507777794887921,0
2528ff4e-de60-4e30-8b17-d238eca61e70_delivery_14,27,4.572417160235326,4.099966476992168,4.572417160235326,8.992697936321873,13.456910760208869,13.456910760208869,88.49100358890692,86.54076302433769,179.31367737592493,177.80873788249176,26.159799762915398,18.552046605678054,10.539263873020245,4.768257427368922,26.159799762915398,18.552046605678054,-26.15374755859375,-18.528350830078125,4.099966476992168,13.456910760208869,177.80873788249176,18.552046605678054,7.87616474483054,179.96459095310246,173.00698519493795,6.9576057581645046,-112.9019345210343,359.4127935460682,2.9935684318805746,13.141427703344425,13.141427703344425,185.63937759399414,440.7811965942383,5.289511266051412,179.96459095310246,173.00698519493795,0.783294454396242,3.11786360433252,3.11786360433252,2.1144294457931316,2.085841941799221,2.1144294457931316,149.21653488801155,154.78674997811578,154.78674997811578,149.21653488801155,1.578619027958172,9.958427335783197,9.958427335783197,3.611653568128968,3.611653568128968,4.020461487900722,3.259358995078451,1.3495377554018433,177.28459712322234,2.7690638514636046,12.305511092236568,2.329460121491643,0.0852813720703125,5.574622023253809,0
2528ff4e-de60-4e30-8b17-d238eca61e70_delivery_14,28,4.205603076892088,5.383048060393736,5.383048060393736,7.813108495928076,7.368479222062401,7.813108495928076,88.72055495629768,85.52413455748106,179.43067076831144,176.50843065688315,26.04954134176526,18.600617785955265,10.659632167089416,5.020424646532031,26.04954134176526,18.600617785955265,-26.045196533203125,-18.56524658203125,5.383048060393736,7.368479222062401,176.50843065688315,18.600617785955265,6.447118983054454,179.21288733995954,172.99335263569847,6.219534704261065,-112.80785483688777,-0.7517036131429222,2.543232293845236,11.369242749205188,11.369242749205188,185.47625732421875,440.7958984375,4.897498070949585,179.21288733995954,172.99335263569847,2.076359465525867,4.890280154927923,4.890280154927923,1.6066828866356657,0.9610953782686579,1.6066828866356657,148.96481196549544,155.01712195554484,155.01712195554484,148.96481196549544,0.653143703238383,10.171045283541115,10.171045283541115,6.505790673240704,6.505790673240704,9.557944752334079,1.1933171385472847,1.6851399981529005,177.27003678302123,11.692507570537309,16.8412270582954,3.2683492456126797,0.0412139892578125,4.920110064205362,0
2528ff4e-de60-4e30-8b17-d238eca61e70_delivery_14,29,3.081525821598703,15.25960474281917,15.25960474281917,7.276558244932726,8.08504235880458,8.08504235880458,89.45815733046196,84.990241146252,178.88677350347177,170.61941857601863,26.02468692094763,18.001863950158207,10.626381390236931,4.566748309749021,26.02468692094763,18.001863950158207,-26.020751953125,-17.982757568359375,15.25960474281917,8.08504235880458,170.61941857601863,18.001863950158207,6.872652371408663,176.84765476896496,171.89045587227181,4.957198896693143,-111.60103278916915,-2.3652325709945785,2.078555197801126,5.454627862495676,5.454627862495676,185.32199096679688,440.96842193603516,6.920537396396666,176.84765476896496,171.89045587227181,18.129059517759778,8.958261932996988,18.129059517759778,5.561823787734394,6.363608369678665,6.363608369678665,148.0745573815772,155.16612868555214,155.16612868555214,148.0745573815772,16.089224435229678,13.27707753032216,16.089224435229678,9.634105183712443,9.634105183712443,11.922435302012586,2.807598114855908,2.0103367267107735,176.42466933686617,12.955619217385301,13.081725636823553,4.103681612039349,0.28167724609375,9.134580816847803,0
2528ff4e-de60-4e30-8b17-d238eca61e70_delivery_14,30,5.707590595492453,7.283696052356631,7.283696052356631,7.220496522878919,11.062952191800637,11.062952191800637,89.06544741603348,84.28807852653173,179.42971579876425,167.10798823048918,25.911620100507715,17.850970091266035,10.689905085846306,4.709784783683436,25.911620100507715,17.850970091266035,-25.906219482421875,-17.83612060546875,7.283696052356631,11.062952191800637,167.10798823048918,17.850970091266035,6.458006694828903,177.0390679821294,171.5290070612664,5.510060920862998,-111.85245130530551,0.19141321316445215,5.204790913918277,2.2685138925264985,5.204790913918277,185.30674362182617,440.9278335571289,1.2965124219567463,177.0390679821294,171.5290070612664,5.678015134882152,4.30356627755795,5.678015134882152,1.826086041284603,1.9387547150170268,1.9387547150170268,147.10918723472105,154.29695191597656,154.29695191597656,147.10918723472105,0.4957070239027154,3.081460962754935,3.081460962754935,1.9225487912458503,1.9225487912458503,1.9886405731353032,1.9934007584137765,2.024008205849862,176.68165636690023,1.8590283108684296,2.2791776995282014,4.129347076658691,0.1956939697265625,4.672635860364399,0
2528ff4e-de60-4e30-8b17-d238eca61e70_delivery_14,31,4.823997056590852,21.91042473813309,21.91042473813309,8.948563398550956,7.980890478137545,8.948563398550956,89.17591615661783,83.2573326118869,178.7363781195624,163.07993073586834,25.972891440777484,17.27202841609371,10.602618716548042,4.28212990246644,25.972891440777484,17.27202841609371,-25.965789794921875,-17.254180908203125,21.91042473813309,7.980890478137545,163.07993073586834,17.27202841609371,10.509360292098737,178.2787017603773,171.66254973637632,6.616152024000968,-112.37495817828562,1.2396337782478781,6.5313803742900625,12.860905706889918,12.860905706889918,185.1003646850586,440.90734100341797,6.201623773837062,178.2787017603773,171.66254973637632,7.941320841338595,5.373150503617131,7.941320841338595,2.0194034815942215,2.4378310541854358,2.4378310541854358,145.96196221512574,153.68475665550312,153.68475665550312,145.96196221512574,1.2340358467710044,4.7515542829951745,4.7515542829951745,8.858299973124623,8.858299973124623,14.177449141172419,1.1053783565500732,2.4729173478735125,177.82169624472127,13.976189438787916,19.56857350161523,5.250492124858519,0.27520751953125,7.234454813591165,0
2528ff4e-de60-4e30-8b17-d238eca61e70_delivery_14,32,2.029386871340102,14.653105743731958,14.653105743731958,8.36176284278195,6.333652149511854,8.36176284278195,88.84113987327478,82.9541371067863,177.88013580222668,162.78725762711508,25.99108490215966,17.76807401381839,10.621573219897162,4.6141391028670515,25.99108490215966,17.76807401381839,-25.974853515625,-17.749237060546875,14.653105743731958,6.333652149511854,162.78725762711508,17.76807401381839,7.340859452834329,178.74149619386046,171.12524706711156,7.616249126748897,-112.97702760343476,0.4627944334831682,11.036850624506434,1.6303984851336761,11.036850624506434,185.0511817932129,440.8459930419922,2.351216519987234,178.74149619386046,171.12524706711156,7.396164831255509,4.616694573716496,7.396164831255509,2.856044092177251,2.758210463991264,2.856044092177251,145.41471570819724,153.00652364937037,153.00652364937037,145.41471570819724,4.342416006945327,7.280917271632752,7.280917271632752,7.965072503465795,7.965072503465795,8.10412329032704,5.232884371155007,2.3795230393568976,178.35303469984711,8.82059200852663,0.6050694650531092,4.95069553439364,-0.2596588134765625,6.107966996393714,0
2528ff4e-de60-4e30-8b17-d238eca61e70_delivery_14,33,4.19937684045498,23.704435166446125,23.704435166446125,11.31508590192306,11.220466772392257,11.31508590192306,88.53955591068183,82.70869822727826,178.36459916650003,157.68423308646757,25.786757775371882,17.18383179951954,10.259754688024092,4.0890003129831465,25.786757775371882,17.18383179951954,-25.769256591796875,-17.172210693359375,23.704435166446125,11.220466772392257,157.68423308646757,17.18383179951954,11.920987021597979,-178.95349060595856,172.051336514688,351.00482712064655,-114.65147438028187,-357.69498679981905,8.214841341456623,12.87171610691482,12.87171610691482,185.06071090698242,440.8164291381836,0.928826459983505,-178.95349060595856,172.051336514688,14.723609042943998,11.618918026404435,14.723609042943998,8.524374323245842,3.3026456358538434,8.524374323245842,143.85360000339392,152.3549137826562,152.3549137826562,143.85360000339392,13.653447733609726,9.090166302480167,13.653447733609726,3.6497844445705154,3.6497844445705154,2.7641062824110225,4.523107870387121,2.5922660040583523,179.61956941234163,3.4599689525750876,13.081631860042457,5.450575897884045,0.2483367919921875,11.036590266177157,0
2528ff4e-de60-4e30-8b17-d238eca61e70_delivery_14,34,8.720478428297891,14.169209241194874,14.169209241194874,10.901357157718094,15.127656821856,15.127656821856,88.09721071818069,79.90379902117088,178.96711141084904,165.79484036079006,25.718119774285825,17.769232558669625,10.119725838347657,4.456462252528428,25.718119774285825,17.769232558669625,-25.697235107421875,-17.652618408203125,14.169209241194874,15.127656821856,165.79484036079006,17.769232558669625,15.946988340842134,-175.26219496136773,173.8017456833892,349.06394064475694,-116.48208428911705,3.691295644590838,12.06908017279251,34.69414822319344,34.69414822319344,184.68278121948242,440.77091217041016,11.382762887121203,-175.26219496136773,173.8017456833892,9.24086399459552,7.181507558244048,9.24086399459552,7.20427042566549,4.254761776639209,7.20427042566549,142.947063464843,152.33200682592013,152.33200682592013,142.947063464843,9.75972583502851,10.583981337411515,10.583981337411515,5.940888482034648,5.940888482034648,4.288304158748853,7.316538118754285,2.8407836956698094,-178.0977271903367,6.479631612110815,20.240274300979593,6.141161690077818,-0.28448486328125,11.992253414386425,0
2528ff4e-de60-4e30-8b17-d238eca61e70_delivery_14,35,10.538952269265362,52.55950226988881,52.55950226988881,15.178471850483225,27.36031314477317,27.36031314477317,86.9436599693506,74.98418834444892,179.4525532908087,167.2694029300755,25.63381426132591,16.58499271976256,10.016113472654334,3.736828033164247,25.63381426132591,16.58499271976256,-25.592071533203125,-16.2122802734375,52.55950226988881,27.36031314477317,167.2694029300755,16.58499271976256,24.62686911216464,-168.98042747522499,175.95384875276727,344.93427622799226,-118.62120434997975,6.281767486142741,22.24280098220529,19.881174156371998,22.24280098220529,184.44966888427734,440.7202606201172,7.133327339858849,-168.98042747522499,175.95384875276727,10.05751531142271,9.191994147686687,10.05751531142271,5.638633574125925,7.950751573673637,7.950751573673637,141.76057357986488,151.90105860957672,151.90105860957672,141.76057357986488,8.692090326874697,9.502348442701027,9.502348442701027,10.325674923132066,10.325674923132066,8.632215156547572,7.8786554810036815,2.9382758447586728,-175.5717192402373,12.651415572196044,11.823937059765235,6.4200927464041495,0.6374359130859375,16.566212337456047,0
2528ff4e-de60-4e30-8b17-d238eca61e70_delivery_14,36,13.320693785419488,66.26114375884613,66.26114375884613,9.204785750246641,48.10008360778413,48.10008360778413,85.6556921755646,69.41177324052471,179.1711627517418,169.0816881008274,25.7742467870241,15.379032011478655,10.429659898414236,3.324703863107116,25.7742467870241,15.379032011478655,-25.711181640625,-14.606170654296875,66.26114375884613,48.10008360778413,169.0816881008274,15.379032011478655,27.174418238362605,-161.68008547079734,178.21013721587133,339.89022268666866,-120.17399913420199,7.300342004427648,19.90911182371749,6.250690704161739,19.90911182371749,184.41601181030273,440.5950393676758,3.877342964043783,-161.68008547079734,178.21013721587133,9.414857428969988,10.610029425553922,10.610029425553922,4.2979387089658525,10.971386419634474,10.971386419634474,140.9029409111347,150.91336165536123,150.91336165536123,140.9029409111347,6.932270583747309,15.502823038746753,15.502823038746753,23.846829988063686,23.846829988063686,26.391189619817634,14.634721194952402,2.5349347855142343,-173.3536308897511,25.736224693867232,8.133295199935143,5.474510786456254,0.735931396484375,18.397984586316163,0
2528ff4e-de60-4e30-8b17-d238eca61e70_delivery_14,37,23.534212843023685,26.960782228836575,26.960782228836575,14.46967834024496,15.90914942263482,15.90914942263482,85.75068083856307,65.68368519872867,177.67939383998834,175.73983498382222,26.042328370694296,15.109093168982369,10.616671346152737,3.315243096501401,26.042328370694296,15.109093168982369,-25.999053955078125,-13.8682861328125,26.960782228836575,15.90914942263482,175.73983498382222,15.109093168982369,18.48626542938892,-159.7041732945676,179.97967504627763,339.6838483408452,-121.14477863420683,1.9759121762297411,11.810143170113214,18.23362657148024,18.23362657148024,184.23944854736328,440.71997833251953,6.467847124926426,-159.7041732945676,179.97967504627763,6.9289204897459,14.547574168401539,14.547574168401539,7.042281155155189,8.65472841490864,8.65472841490864,139.82263287208025,149.76602695141295,149.76602695141295,139.82263287208025,7.044631539203859,5.85256580807517,7.044631539203859,9.153688455176603,9.153688455176603,9.460261708031755,9.367962227013106,2.5642758939748984,-172.78575508691657,11.11554495808595,12.577103748957198,5.643030867947845,0.015899658203125,13.41569117931865,0
2528ff4e-de60-4e30-8b17-d238eca61e70_delivery_14,38,29.830254551853265,50.80137963234287,50.80137963234287,7.6467883493334865,25.519720772683417,25.519720772683417,85.52580834444628,59.74088181407377,176.619833485905,173.07357974637108,26.667240802515963,15.607593406520943,11.345085689531096,4.128141865473162,26.667240802515963,15.607593406520943,-26.629791259765625,-13.223419189453125,50.80137963234287,25.519720772683417,173.07357974637108,15.607593406520943,24.4282517973824,-158.38291391524942,-177.99432662995878,19.61141271470936,-121.06407292435722,1.3212593793181782,11.062301885262494,21.70906559281887,21.70906559281887,183.75787734985352,440.8463363647461,14.887706579627565,-158.38291391524942,-177.99432662995878,6.231062826141982,25.692653718760738,25.692653718760738,6.989387440845831,30.389668287356194,30.389668287356194,139.6958435349535,149.72658562821562,149.72658562821562,139.6958435349535,9.159297257716473,23.48997281125421,23.48997281125421,5.6538648019526025,5.6538648019526025,8.008249974506056,6.985845698038465,2.5410778368269424,-172.2170143335652,13.080760217060767,12.74623317825606,5.703703050190271,-0.158111572265625,20.71012942719749,0
2528ff4e-de60-4e30-8b17-d238eca61e70_delivery_14,39,23.960149176762148,21.679832240244252,23.960149176762148,5.8079298191177005,7.381706383786142,7.381706383786142,85.98237896690861,59.86813157284127,176.2758788362172,174.3844916031776,27.20133223412835,16.06469753844707,11.929966093550505,4.607601167866977,27.20133223412835,16.06469753844707,-27.177764892578125,-13.662109375,21.679832240244252,7.381706383786142,174.3844916031776,16.06469753844707,12.29535308284749,-158.84758149834778,-177.0434567501055,18.195875251757712,-119.91853253098408,-0.4646675830983611,7.121249441016404,7.821251436158299,7.821251436158299,183.4858627319336,441.00284576416016,9.384244370256246,-158.84758149834778,-177.0434567501055,7.505160114865903,21.71504043140195,21.71504043140195,13.845531756142284,38.54754651533678,38.54754651533678,141.0717884482125,150.9085383195177,150.9085383195177,141.0717884482125,15.973735772784028,20.24430262965805,20.24430262965805,10.779631616808073,10.779631616808073,14.501128666344412,10.130220703989172,2.3402724361432656,-172.7414891867187,14.30181223123566,9.940713667140015,5.249009892224422,-0.73590087890625,15.966952976439496,0
2528ff4e-de60-4e30-8b17-d238eca61e70_delivery_14,40,12.937640397523703,24.172356353177047,24.172356353177047,3.7316581606709063,18.11678788858557,18.11678788858557,86.59544195626252,62.78190133671761,176.09079534497002,172.74481081767226,27.614412359936438,16.40792494387669,12.20338472104144,5.078364743960304,27.614412359936438,16.40792494387669,-27.602569580078125,-14.28662109375,24.172356353177047,18.11678788858557,172.74481081767226,16.40792494387669,11.127232377825623,-160.5754474087903,-176.96751086993115,16.39206346114085,-118.58535416117772,-1.7278659104425174,4.659290932310751,3.145660534685766,4.659290932310751,183.25769805908203,441.03106689453125,6.874717148343156,-160.5754474087903,-176.96751086993115,1.7102875220363645,25.726505028825773,25.726505028825773,10.443599405396837,47.02395383849669,47.02395383849669,141.84030008762082,152.11587134933322,152.11587134933322,141.84030008762082,13.845909650749498,18.862277980153834,18.862277980153834,18.47134267730474,18.47134267730474,24.4895776607286,15.114987280922861,1.971965568084665,-173.6185844014532,22.27031152422527,8.498062118496621,4.389848859436802,-0.5620574951171875,15.36466064105106,0
2528ff4e-de60-4e30-8b17-d238eca61e70_delivery_14,41,14.275030389739277,104.84308754195125,104.84308754195125,15.925484185816442,58.40336218813738,58.40336218813738,87.18598634760582,66.90121200703751,174.88267676487538,177.7932867421472,27.63779310399817,18.71649793549656,12.051515281199094,6.689355243833415,27.63779310399817,18.71649793549656,-27.6363525390625,-17.113311767578125,104.84308754195125,58.40336218813738,177.7932867421472,18.71649793549656,39.31181706125459,-164.26274726249085,-176.93775221130917,12.675004948818327,-118.27502008639172,-3.6872998537005515,11.944466156904985,30.4794719049782,30.4794719049782,182.78208923339844,441.30928802490234,16.476619393659334,-164.26274726249085,-176.93775221130917,2.9968544341269654,28.6186748877267,28.6186748877267,6.255591042030432,45.862906209308704,45.862906209308704,141.34384959332067,153.47946132417445,153.47946132417445,141.34384959332067,8.632813726517536,30.28448481261881,30.28448481261881,5.665470623775018,5.665470623775018,3.5398434527961045,12.042752006886252,2.3529348227083977,-174.74168917470936,4.727445658047931,29.579133422023105,5.429387296659671,-1.7817535400390625,29.87685228998806,0
2528ff4e-de60-4e30-8b17-d238eca61e70_delivery_14,42,9.20780656320416,59.24785568790755,59.24785568790755,2.6995069735761974,29.245089306557425,29.245089306557425,85.8082282334406,61.30407166751532,171.8686413419468,178.0441691917191,27.222874745694327,17.387448047208405,11.913496485616452,5.871574119911495,27.222874745694327,17.387448047208405,-27.221160888671875,-15.154693603515625,59.24785568790755,29.245089306557425,178.0441691917191,17.387448047208405,21.48598514526019,-163.21427168150458,-175.58635578581556,12.372084104310971,-118.32435254613628,1.0484755809862634,10.6780780441299,17.837574296185924,17.837574296185924,182.33444213867188,441.3829040527344,13.565626668462935,-163.21427168150458,-175.58635578581556,9.258428403583096,27.39592681991327,27.39592681991327,1.0346576059805783,55.65271012093151,55.65271012093151,140.8917341981409,155.16279091977168,155.16279091977168,140.8917341981409,8.86654164511139,19.295210805816165,19.295210805816165,12.067788565133773,12.067788565133773,7.4824655944370155,17.323159136850936,2.756188484888979,-175.2263219831584,5.64674172545733,31.44694626152793,6.517037113142427,1.066619873046875,20.868282189408095,0
2528ff4e-de60-4e30-8b17-d238eca61e70_delivery_14,43,61.35810484567133,62.580678422860345,62.580678422860345,23.815622925003982,22.451416856169722,23.815622925003982,82.924451192785,61.998869832710554,167.48031959121388,170.68291813889235,25.115629384051395,17.96820826734886,10.68942286287419,6.319587132253057,25.115629384051395,17.96820826734886,-25.103485107421875,-16.319427490234375,62.580678422860345,22.451416856169722,170.68291813889235,17.96820826734886,35.640531127127964,-164.1713810291724,-175.7675558751984,11.596174846026003,-119.41608154484929,-0.9571093476678243,26.917872857778654,16.719490855283752,26.917872857778654,181.87085342407227,441.520263671875,14.458233033025369,-164.1713810291724,-175.7675558751984,11.001025737895944,14.04345138067834,14.04345138067834,5.487882473326395,40.31246102174643,40.31246102174643,140.5736907656596,156.6451033457924,156.6451033457924,140.5736907656596,12.338469115605994,4.067760024260724,12.338469115605994,12.838806967144047,12.838806967144047,14.077529074619896,12.187502609190556,2.683899020166226,-174.9012415081833,21.545183779326724,15.499293772836447,6.299181358427972,0.2407989501953125,25.091186376356802,0
2528ff4e-de60-4e30-8b17-d238eca61e70_delivery_14,44,33.22015397367248,23.71794757422745,33.22015397367248,10.663517015163661,11.194536307071669,11.194536307071669,80.61252539027517,60.249552964879975,161.33508773303743,165.99870396213544,24.073216936375903,17.336886701888346,9.944442060255621,6.037377612619541,24.073216936375903,17.336886701888346,-24.06146240234375,-15.723114013671875,23.71794757422745,11.194536307071669,165.99870396213544,17.336886701888346,20.411019977451996,-161.36256346300445,-174.49700812715975,13.134444664155296,-120.93543403441178,2.80881756616796,28.538843133164512,15.1311218614122,28.538843133164512,181.4710922241211,441.66822814941406,12.74647185283652,-161.36256346300445,-174.49700812715975,12.921713633619564,16.879633105721453,16.879633105721453,10.981870870832344,35.72439965859854,35.72439965859854,139.49773990027387,156.9814019481636,156.9814019481636,139.49773990027387,7.198946759024703,1.4352025906861463,7.198946759024703,22.377082257932674,22.377082257932674,24.649135364438873,18.01762688049283,2.4548118249337865,-173.62901331482263,30.214866450270378,10.925232681664255,5.67739455588031,0.5278167724609375,17.300657206932893,0
2528ff4e-de60-4e30-8b17-d238eca61e70_delivery_14,45,32.74234760133881,85.97655478924233,85.97655478924233,20.106691968512504,46.001600592976075,46.001600592976075,80.13406628462019,62.038728761789045,158.03275423601005,160.53483023496085,23.40950330024641,18.823481638457775,9.65060884549961,7.105966071081352,23.40950330024641,18.823481638457775,-23.405975341796875,-17.60430908203125,85.97655478924233,46.001600592976075,160.53483023496085,18.823481638457775,40.25334837591811,-162.84898349432044,-174.72068595644947,11.871702462129036,-122.05920656110897,-1.486420031315987,25.376672198043096,31.316223105395874,31.316223105395874,180.85029220581055,442.0372772216797,21.59603954762545,-162.84898349432044,-174.72068595644947,7.161708891611994,15.431002697750039,15.431002697750039,10.340830954688382,18.102099597606326,18.102099597606326,139.5926508656863,157.39541777940113,157.39541777940113,139.5926508656863,13.151026687816227,16.60690883197181,16.60690883197181,15.13195868362295,15.13195868362295,11.686835141490404,16.599534347137936,2.6542633443027466,-173.4229760819435,13.204447129723768,25.338045359809843,6.141703829457505,-1.1085052490234375,26.85947232641279,0
2528ff4e-de60-4e30-8b17-d238eca61e70_delivery_14,46,38.30974605450659,30.980762021995428,38.30974605450659,20.741381909258713,13.814031361285531,20.741381909258713,79.34416207356327,62.471973520876105,154.2981595295048,156.21187297478426,22.36725653042573,17.999810166542,9.0250361101062,6.5356160007576545,22.36725653042573,17.999810166542,-22.366119384765625,-17.00823974609375,30.980762021995428,13.814031361285531,156.21187297478426,17.999810166542,23.718259808866247,-162.008633342403,-174.57940748464037,12.570774142237383,-122.40476856407989,0.8403501519174483,25.91072593072431,12.552911575426895,25.91072593072431,180.31760025024414,442.2059631347656,16.708477364109715,-162.008633342403,-174.57940748464037,4.535016671526863,9.599621678033829,9.599621678033829,9.167268338716669,20.110007948622894,20.110007948622894,141.37442552904216,158.48771935655313,158.48771935655313,141.37442552904216,21.272747891077447,10.772240916525126,21.272747891077447,24.2820590329407,24.2820590329407,27.58125468066549,17.874728547115854,2.3215740436251586,-172.40242016911444,30.80099291858005,6.191253991380292,5.23888068466121,0.5177459716796875,18.147205191475027,0
2528ff4e-de60-4e30-8b17-d238eca61e70_delivery_14,47,37.264453209841164,110.26079076924215,110.26079076924215,28.854606385410033,71.49563866049539,71.49563866049539,80.47108575232252,68.86132453273837,152.31559394029424,155.94824869045652,21.633638722236544,19.59446003205867,8.329932951696346,7.55810654214952,21.633638722236544,19.59446003205867,-21.63165283203125,-19.159576416015625,110.26079076924215,71.49563866049539,155.94824869045652,19.59446003205867,49.39992982607124,-164.4952854814376,-176.15503440598005,11.659748924542441,-122.63677139992043,-2.486652139034618,20.735608708627986,27.788481222810756,27.788481222810756,179.57909393310547,442.46244049072266,23.377137785086795,-164.4952854814376,-176.15503440598005,5.5844149853203415,9.334441238133662,9.334441238133662,13.79709580286958,13.926403330619548,13.926403330619548,143.19584237129374,160.00422569584435,160.00422569584435,143.19584237129374,22.142809877087355,24.198438885447963,24.198438885447963,15.215446223287671,15.215446223287671,16.34506696418062,12.984077883914386,2.217577831363373,-171.1886748361927,20.575234056250988,10.581293723661997,4.937194014059436,-1.085113525390625,32.11526525632549,0
2528ff4e-de60-4e30-8b17-d238eca61e70_delivery_14,48,51.08257245204921,30.724483735757307,51.08257245204921,36.28189291613674,25.157418410724485,36.28189291613674,83.63112988267932,72.0909514530989,153.30964515974915,157.30920315066325,22.667172381678434,19.45628664311971,8.711755479054085,7.329894281831852,22.667172381678434,19.45628664311971,-22.623138427734375,-19.186492919921875,30.724483735757307,25.157418410724485,157.30920315066325,19.45628664311971,25.85754501941787,-163.74882444046665,-175.90934169125293,12.160517250786285,-120.98033668239428,0.7464610409709564,7.371390061715608,4.527512540123867,7.371390061715608,179.07323837280273,442.5953826904297,15.640066403270605,-163.74882444046665,-175.90934169125293,14.877597777583228,15.002381105885135,15.002381105885135,16.849579781927357,10.826403907283998,16.849579781927357,144.88380309203677,160.50716390064193,160.50716390064193,144.88380309203677,26.904060498244835,24.095583075244523,26.904060498244835,49.180487061479255,49.180487061479255,50.088326878817604,41.70665543021053,1.9205427658077014,-171.06985317403095,31.035541560879526,13.458076499240619,4.299600179303404,-0.5227508544921875,21.975073021889695,0
2528ff4e-de60-4e30-8b17-d238eca61e70_delivery_14,49,16.03678849532603,37.858889481527285,37.858889481527285,21.8613317608746,31.936478845262254,31.936478845262254,84.92075070447264,74.49729051884285,155.83825490458145,157.8787028205157,22.75063209821559,19.166643441295136,8.825130653471623,7.07221877590679,22.75063209821559,19.166643441295136,-22.693634033203125,-19.001983642578125,37.858889481527285,31.936478845262254,157.8787028205157,19.166643441295136,22.593661983759905,-167.15004113465264,-177.5556172717317,10.405576137079066,-119.97236810908876,-3.4012166941859903,11.656695591508697,16.211787728060557,16.211787728060557,178.4928855895996,442.64087677001953,17.407319686623847,-167.15004113465264,-177.5556172717317,15.67606184893322,13.963739045241859,15.67606184893322,21.367104860381474,4.751593891653825,21.367104860381474,146.85010627433803,161.58574849660744,161.58574849660744,146.85010627433803,21.06284035427005,24.16730927312907,24.16730927312907,29.631355697910145,29.631355697910145,30.054002407782246,28.618874127677092,1.8572165965415526,-172.47385493605898,20.82237851733239,20.841758847489338,4.23288949120252,0.140045166015625,19.712551764680743,0
2528ff4e-de60-4e30-8b17-d238eca61e70_delivery_14,50,14.945011567168876,39.94547190390887,39.94547190390887,10.594522535133535,14.806074024753864,14.806074024753864,84.78663928417821,75.04186602122911,154.59032996090923,154.37456355963957,22.76096524924707,18.10482271816137,8.853107864035168,6.239914583558552,22.76096524924707,18.10482271816137,-22.694061279296875,-17.99249267578125,39.94547190390887,14.806074024753864,154.37456355963957,18.10482271816137,16.958692018906294,-169.65133524193968,-178.68868878457164,9.037353542631962,-119.28659850926331,-2.5012941072870376,12.029777202061284,9.431294880411341,12.029777202061284,178.08810806274414,442.5213165283203,12.620880284966914,-169.65133524193968,-178.68868878457164,12.745330846903325,3.7587055240101073,12.745330846903325,25.851234779861496,2.051126842326466,25.851234779861496,148.30883535605193,162.77729419790936,162.77729419790936,148.30883535605193,16.581661323137247,15.057150633052858,16.581661323137247,25.54799631172975,25.54799631172975,28.009397190825972,24.61583520460608,1.726368736340734,-174.1844434443322,23.24719413392637,16.6348499606548,3.9531871180356264,0.6865997314453125,14.816446838560772,0
2528ff4e-de60-4e30-8b17-d238eca61e70_delivery_14,51,1.1896730614588114,13.89894286536006,13.89894286536006,15.943748537703305,21.227996028481044,21.227996028481044,85.0906136934379,74.80120455068894,157.64513697785566,157.94712644657494,23.119044550779012,17.775831476214286,9.202207609458725,5.860271428041385,23.119044550779012,17.775831476214286,-23.068267822265625,-17.5989990234375,13.89894286536006,21.227996028481044,157.94712644657494,17.775831476214286,14.423052344755057,-173.9016797079683,179.02451367368286,352.92619338165116,-119.09866075406686,-4.250344466028622,12.229633147946107,22.04832042758102,22.04832042758102,177.61917877197266,442.3877716064453,14.579765863901045,-173.9016797079683,179.02451367368286,19.884419568630975,4.89330618291765,19.884419568630975,20.250631519003107,2.8910767493600353,20.250631519003107,147.67448661310564,163.71842815839074,163.71842815839074,147.67448661310564,11.436367178709709,18.721170897744887,18.721170897744887,6.4080816479052025,6.4080816479052025,7.394176714933863,12.542714235157877,2.095466654033596,-177.840808452362,7.608970920391654,31.254357367467485,4.848756192208768,0.194183349609375,13.717940513741391,0
2528ff4e-de60-4e30-8b17-d238eca61e70_delivery_14,52,8.713876869565913,4.28552170803293,8.713876869565913,10.985121728237095,17.737565437686456,17.737565437686456,84.77943377897472,75.44653144782363,160.48246036244157,162.9141982477267,23.52267490389343,17.791111423003606,9.557418509469317,5.946633617855414,23.52267490389343,17.791111423003606,-23.498809814453125,-17.5760498046875,4.28552170803293,17.737565437686456,162.9141982477267,17.791111423003606,10.659082626447924,-176.1342628324374,177.70386378090754,353.8381266133449,-119.48924750866954,-2.2325831244691017,10.760909252119374,11.471500763045771,11.471500763045771,177.4320068359375,442.26356506347656,6.717160666477617,-176.1342628324374,177.70386378090754,22.31367172622453,2.7520922147867544,22.31367172622453,18.164508538695895,8.48406739628545,18.164508538695895,145.72721548242515,163.18319751222995,163.18319751222995,145.72721548242515,4.649827736985422,2.3663216434811805,4.649827736985422,6.734740949182677,6.734740949182677,7.380543689049074,10.417909588636265,2.268342597383127,179.7795393143785,7.816342902157785,19.00163208213761,5.264003158580669,-0.036407470703125,10.223748751262232,0
2528ff4e-de60-4e30-8b17-d238eca61e70_delivery_14,53,21.859583104103997,7.973287372213407,21.859583104103997,2.411223647706172,32.755907321883804,32.755907321883804,84.28348613352942,76.4539501554195,164.1392042515967,171.85799583804553,23.965599055248354,17.750925454839066,9.937453208006172,6.012226591184522,23.965599055248354,17.750925454839066,-23.96331787109375,-17.43670654296875,7.973287372213407,32.755907321883804,171.85799583804553,17.750925454839066,15.747310271185574,-177.40406531935457,176.5376164636779,353.94168178303244,-120.75022398362515,-1.2698024869171718,4.5071874132977126,24.976672767908354,24.976672767908354,177.16638946533203,442.1884078979492,8.254493010989217,-177.40406531935457,176.5376164636779,19.055454799980712,7.457939186793823,19.055454799980712,23.04385761642305,11.686252973245626,23.04385761642305,144.285727719907,162.95629231206152,162.95629231206152,144.285727719907,8.473221545482797,7.593378279195889,8.473221545482797,20.054645777861325,20.054645777861325,22.948773074996833,11.25949488505306,2.718761677903617,179.02560482436638,12.91607168492928,20.057245726949755,6.311949961433135,-0.20037841796875,14.316163835686277,0
2528ff4e-de60-4e30-8b17-d238eca61e70_delivery_14,54,9.94450733627066,8.612957193407235,9.94450733627066,3.255266674233792,23.55791649463432,23.55791649463432,84.3525456061035,76.86831577237145,166.1507270855349,176.6193474369628,24.227699363886757,17.940643932658677,10.040656576339224,6.319477360395183,24.227699363886757,17.940643932658677,-24.227691650390625,-17.552398681640625,8.612957193407235,23.55791649463432,176.6193474369628,17.940643932658677,11.23573423089043,-177.72403606413113,176.11039202813689,353.834428092268,-121.83638991705709,-0.31997074477655474,2.3763532288750815,19.667404457921492,19.667404457921492,176.99982070922852,442.07324981689453,6.055305624833357,-177.72403606413113,176.11039202813689,23.95787981584394,13.159496753470382,23.95787981584394,24.249913192068444,13.929721406145072,24.249913192068444,142.1118520432183,162.13563569656276,162.13563569656276,142.1118520432183,8.932728386872485,6.370698354193341,8.932728386872485,23.906997856894478,23.906997856894478,25.55529517161399,13.741309855427824,3.148568510243176,178.21984647804783,14.739446183489683,18.38108054806372,7.332684555138106,-0.165008544921875,13.167903607828018,0
2528ff4e-de60-4e30-8b17-d238eca61e70_delivery_14,55,8.270258347600475,10.065034889954243,10.065034889954243,7.7149748428838505,31.88919065164297,31.88919065164297,85.17962600002889,77.62453008920701,169.13072438282668,176.31830616646116,24.32564836007286,17.86775652327561,10.029535102614993,6.582110420976247,24.32564836007286,17.86775652327561,-24.325164794921875,-17.35711669921875,10.065034889954243,31.88919065164297,176.31830616646116,17.86775652327561,14.219081521632411,-177.22126771087053,176.2283679615862,353.44963567245674,-122.59978374737616,0.502768353260592,3.302121250409996,24.072909147302934,24.072909147302934,176.74668884277344,442.07276916503906,7.569324777784163,-177.22126771087053,176.2283679615862,15.5713911329477,11.491040729404562,15.5713911329477,18.091299899145024,10.634803565765422,18.091299899145024,140.90111408734492,161.46681795526737,161.46681795526737,140.90111408734492,4.449711629452775,10.569775392060308,10.569775392060308,26.236587195808337,26.236587195808337,28.474124831752395,18.052178843300773,3.594841233854391,178.00000615778157,16.708109323840702,18.586376653342644,8.400134824855087,-0.007415771484375,13.010209289880855,0
2528ff4e-de60-4e30-8b17-d238eca61e70_delivery_14,56,2.587696522793665,14.343914792076497,14.343914792076497,3.6876084166512406,20.825264884491624,20.825264884491624,84.92149684619498,79.43943516772238,168.07381313926624,172.70547514222739,24.34396433107057,17.856485480711115,10.0551869015782,6.65122778387561,24.34396433107057,17.856485480711115,-24.343841552734375,-17.379608154296875,14.343914792076497,20.825264884491624,172.70547514222739,17.856485480711115,9.110362346145424,-177.179021665053,176.2784793179024,353.45750098295537,-122.67980558135946,0.042246045817535105,2.8088248810131184,10.4088645798464,10.4088645798464,176.6293067932129,441.99364471435547,4.233016763286679,-177.179021665053,176.2784793179024,18.30074896813126,17.48921938091417,18.30074896813126,18.79920288288712,7.1230934187965005,18.79920288288712,142.27023548708613,160.25200606365635,160.25200606365635,142.27023548708613,1.9871497076394984,6.008465888373155,6.008465888373155,6.290643052768724,6.290643052768724,6.198585656608036,5.932411642953173,3.3781706348273697,177.67794524994196,13.363823456206722,4.917916526819562,7.91873897287959,0.081298828125,10.36417119363452,0
2528ff4e-de60-4e30-8b17-d238eca61e70_delivery_14,57,17.444615092530487,11.333671017888552,17.444615092530487,11.855198330907744,8.895888015361605,11.855198330907744,84.80165487341901,79.59495275152283,165.96281563740968,173.28123182452896,24.112988015558365,18.0313449790863,10.020179226403782,6.611695257883061,24.112988015558365,18.0313449790863,-24.111724853515625,-17.57879638671875,11.333671017888552,8.895888015361605,173.28123182452896,18.0313449790863,10.917651760896993,-178.29169546917706,175.9069071689661,354.19860263814314,-122.45030779079478,-1.1126738041240571,7.377844883704753,8.598693224988814,8.598693224988814,176.43571853637695,441.8347854614258,7.488368368019991,-178.29169546917706,175.9069071689661,18.430078904723747,12.525548383089504,18.430078904723747,2.198488890196759,5.750449756386312,5.750449756386312,144.68724579471188,160.5826154474286,160.5826154474286,144.68724579471188,6.745867953614614,11.273547870073475,11.273547870073475,6.622752596466216,6.622752596466216,9.586472077632251,5.809750731516211,3.22354458677624,177.07506356933678,14.904168944104699,5.3077382250614935,7.5654575214099244,0.1807098388671875,10.20249102695553,0
2528ff4e-de60-4e30-8b17-d238eca61e70_delivery_14,58,21.062742757284703,11.404850508336143,21.062742757284703,14.039153463090127,11.830360916546043,14.039153463090127,84.35557283832047,78.67950708406664,162.8067086180127,179.37027510886514,23.86322951192191,18.47428745821492,9.966051730544073,6.622403367601472,23.86322951192191,18.47428745821492,-23.855621337890625,-18.100433349609375,11.404850508336143,11.830360916546043,179.37027510886514,18.47428745821492,12.577390585308132,-179.1447839767924,175.93726942224632,355.0820533990387,-122.08464959208348,-0.8530885076153538,10.255504615419639,6.871731251172141,10.255504615419639,176.40338516235352,441.57621002197266,7.792303591390602,-179.1447839767924,175.93726942224632,16.52020407165541,9.575474923030638,16.52020407165541,4.441389358261947,5.430095110377014,5.430095110377014,147.36439824936897,160.86988602832702,160.86988602832702,147.36439824936897,7.966360798109413,7.994605979374549,7.994605979374549,15.263366552481571,15.263366552481571,18.204987928640325,11.701892516355565,2.9497991329101794,176.72854829402397,19.6475397234255,10.238109243986848,6.868814713442357,0.140899658203125,10.616039479388148,0
2528ff4e-de60-4e30-8b17-d238eca61e70_delivery_14,59,9.670700704382693,7.856769627122509,9.670700704382693,7.656483493101127,7.692962044354203,7.692962044354203,83.94396904744701,78.26489310242903,161.31395180489758,177.13919130075655,23.731572023758233,18.666104865662877,9.97373231261153,6.5096582122341,23.731572023758233,18.666104865662877,-23.721343994140625,-18.339263916015625,7.856769627122509,7.692962044354203,177.13919130075655,18.666104865662877,6.696538932233735,-179.58431159584526,176.0128495495016,355.59716114534683,-121.98579422898592,-0.4395276190528534,4.842330309515867,2.459987414926012,4.842330309515867,176.33496856689453,441.4258117675781,4.940769136708274,-179.58431159584526,176.0128495495016,15.19123039752975,6.033992961397693,15.19123039752975,9.48262257966717,6.611292732674142,9.48262257966717,149.81338976084095,161.13758067320435,161.13758067320435,149.81338976084095,6.206215205222217,6.720869553983271,6.720869553983271,14.577028610696365,14.577028610696365,15.386688743669325,11.842261530616451,2.797934969354516,177.02897602574694,13.02983810705266,6.579133627060087,6.476547806629527,0.0642852783203125,7.535454751989721,0
2528ff4e-de60-4e30-8b17-d238eca61e70_delivery_14,60,37.703210972724015,10.984721426931314,37.703210972724015,10.433099561148948,22.274540277660346,22.274540277660346,83.56988226815356,77.05515446750783,155.44361621648264,167.36067289988435,23.008345472898522,18.77931884004575,9.676470739375976,6.392791079652164,23.008345472898522,18.77931884004575,-22.9620361328125,-18.5645751953125,10.984721426931314,22.274540277660346,167.36067289988435,18.77931884004575,16.320911668638242,179.55293609105803,175.96422112335114,3.588714967706892,-121.43727059409609,359.13724768690327,5.5516006464480805,10.97829712691674,10.97829712691674,176.33794403076172,441.40550994873047,0.6135634381071914,179.55293609105803,175.96422112335114,8.834970565166392,7.63376170292139,8.834970565166392,10.451298456038394,6.67389119017209,10.451298456038394,150.6954159894809,161.81815408344033,161.81815408344033,150.6954159894809,7.52886623707665,1.2040887184064355,7.52886623707665,14.516995102113233,14.516995102113233,15.77979750961274,11.547169594963627,2.6343632161707253,177.136103225417,11.414534344957445,4.213002182079341,6.062327511862371,0.31878662109375,11.687695573467566,0
2528ff4e-de60-4e30-8b17-d238eca61e70_delivery_14,61,31.794665573394408,13.100473157788006,31.794665573394408,11.05857019461656,16.13928002838121,16.13928002838121,84.52544164533664,75.85289095881456,150.54036609229527,157.8839749254289,22.478095221020787,18.592565507511033,9.318327140475004,6.284533492879036,22.478095221020787,18.592565507511033,-22.342803955078125,-18.46038818359375,13.100473157788006,16.13928002838121,157.8839749254289,18.592565507511033,14.53787924485546,179.8719588035042,176.55380113875046,3.3181576647537554,-121.3817483891308,0.3190227124461842,7.111883698801208,8.022402816151372,8.022402816151372,176.39288711547852,441.5664520263672,5.085303775071458,179.8719588035042,176.55380113875046,11.563019834983896,11.041223027092588,11.563019834983896,7.80960938550516,5.310230469610367,7.80960938550516,150.59256921319005,162.63810341986724,162.63810341986724,150.59256921319005,4.417302366993855,2.7900016672204995,4.417302366993855,18.287424384943538,18.287424384943538,13.755360469209451,15.925045334483851,2.734491879017341,178.02311577056116,8.52063107509973,7.296969609293397,6.3043171549213,0.1478271484375,10.846555185044927,0
2528ff4e-de60-4e30-8b17-d238eca61e70_delivery_14,62,34.745830321325215,22.87475511871997,34.745830321325215,14.173656704571387,12.886032944647726,14.173656704571387,85.46627308442847,75.80972106121901,143.64932820738196,150.2768134600863,22.043373815789458,18.42041967861291,9.222036284117367,6.2670075826146405,22.043373815789458,18.42041967861291,-21.72015380859375,-18.364166259765625,22.87475511871997,12.886032944647726,150.2768134600863,18.42041967861291,17.999178146494135,-179.57717601212266,177.42902857328434,357.006204585407,-121.61319400864221,-359.44913481562685,13.228373928283563,10.086419861416962,13.228373928283563,176.45116806030273,441.78346252441406,6.71913222754928,-179.57717601212266,177.42902857328434,9.00245531449754,4.693535022214128,9.00245531449754,4.715712448712639,2.281170689570533,4.715712448712639,150.32114020206936,163.09173422120617,163.09173422120617,150.32114020206936,3.4427934814561025,0.6810170066526487,3.4427934814561025,13.036798018872387,13.036798018872387,11.703672346222557,11.032631755424822,2.7605332708182115,179.04161746279192,11.840800954116705,8.57461509503564,6.362915280001336,-0.0146331787109375,11.067646070172367,0
2528ff4e-de60-4e30-8b17-d238eca61e70_delivery_14,63,44.95916547428555,28.114844134512285,44.95916547428555,22.99984392267156,13.74268283662335,22.99984392267156,87.08501677313308,75.23885660059372,135.02130449188033,138.92369146192257,21.44873879928687,17.927773232926487,8.994090619256262,6.1834950913074636,21.44873879928687,17.927773232926487,-20.781707763671875,-17.92022705078125,28.114844134512285,13.74268283662335,138.92369146192257,17.927773232926487,22.79503229874136,-178.86162006397223,178.2362520261297,357.09787209010193,-122.65578413586871,0.7155559481504383,15.246178364438148,11.707479059917285,15.246178364438148,176.6197280883789,442.04676055908203,9.348501688078047,-178.86162006397223,178.2362520261297,8.717472646949913,5.0236070895587295,8.717472646949913,1.628383273333755,3.034987418121788,3.034987418121788,149.51014859070145,162.9123283401684,162.9123283401684,149.51014859070145,11.090835630329588,7.160858025176774,11.090835630329588,18.744877085624612,18.744877085624612,19.389376229324103,18.2183806665268,2.8782626914995797,179.47815510729814,18.078266798148437,17.10143499709436,6.660560782811201,0.24664306640625,14.45219482299323,0
2528ff4e-de60-4e30-8b17-d238eca61e70_delivery_14,64,60.298776415374704,22.639574267541217,60.298776415374704,19.56673006234387,17.121783381781416,19.56673006234387,88.88972010030605,75.23310542684422,123.64506685969398,128.34935169150467,20.994847439104273,17.478479407671045,9.378877950585522,6.183410825346143,20.994847439104273,17.478479407671045,-19.63665771484375,-17.47369384765625,22.639574267541217,17.121783381781416,128.34935169150467,17.478479407671045,24.484381564928896,-178.50086024712908,179.06086328653527,357.56172353366435,-123.15977494048569,0.3607598168431423,14.770334030774617,12.509091231757578,14.770334030774617,176.87100982666016,442.3485641479492,11.743323746466316,-178.50086024712908,179.06086328653527,9.136551926013757,3.672043238003876,9.136551926013757,5.634713586294853,5.590374520348791,5.634713586294853,149.1130908776194,162.42262738043956,162.42262738043956,149.1130908776194,12.674652318180144,8.67465195519307,12.674652318180144,28.618106360430605,28.618106360430605,29.982126855891952,28.49803163442601,2.7224106262233096,179.73538294840475,23.263749551238753,22.048434397396676,6.313694613232339,0.38824462890625,16.024106411133996,0
2528ff4e-de60-4e30-8b17-d238eca61e70_delivery_14,65,32.65261318945472,38.766486637805954,38.766486637805954,19.45246781436078,17.425181197226113,19.45246781436078,91.33363327773088,76.85454062263791,119.26180514546365,120.09289905449384,20.989143808491473,16.170473108920117,9.781225377394989,5.7205731406483835,20.989143808491473,16.170473108920117,-18.972503662109375,-16.116607666015625,38.766486637805954,17.425181197226113,120.09289905449384,16.170473108920117,24.272798312321527,-178.60598711970096,179.465674892673,358.07166201237396,-124.44276020270674,-0.10512687257187281,21.123387501078728,16.216653534002848,21.123387501078728,177.2392807006836,442.71295166015625,15.491810048457367,-178.60598711970096,179.465674892673,12.752842868775184,9.76089376129254,12.752842868775184,8.079293228025387,5.40656026327313,8.079293228025387,148.43869932731843,160.24199668002151,160.24199668002151,148.43869932731843,23.91443558270685,11.190058748113302,23.91443558270685,24.039348311779314,24.039348311779314,23.610168026519645,24.977430557793337,2.720093628204832,178.75540413986417,20.07139492877506,23.562055212640693,6.359129629231306,0.4772796630859375,18.061739527176297,0
2528ff4e-de60-4e30-8b17-d238eca61e70_delivery_14,66,39.852776077388576,46.90320325126378,46.90320325126378,21.413780105153943,31.272131525313934,31.272131525313934,94.76759354976804,80.25437125970481,117.58950274475734,113.03148424648921,20.94468274251599,15.118088576511427,10.059513134928569,5.43645326971416,20.94468274251599,15.118088576511427,-18.145751953125,-14.907257080078125,46.90320325126378,31.272131525313934,113.03148424648921,15.118088576511427,28.506892610057918,-179.08533396861145,179.37178358943805,358.4571175580495,-126.14413136182047,-0.4793468489104953,14.798119851069389,16.80134485015789,16.80134485015789,177.4916648864746,442.9987106323242,11.400554330139308,-179.08533396861145,179.37178358943805,20.46835293371752,21.661288619845593,21.661288619845593,12.844460308433284,11.162484940808872,12.844460308433284,147.7170382631993,157.11849866974242,157.11849866974242,147.7170382631993,20.786507990560903,10.15372858469422,20.786507990560903,32.14222142016809,32.14222142016809,30.440486428776794,31.993123612030924,2.7148724372637965,177.63242245008524,22.668122329248447,26.19808796551366,6.361400243173499,0.5324859619140625,22.34318158653399,0
2528ff4e-de60-4e30-8b17-d238eca61e70_delivery_14,67,29.81136944452687,35.13673340475062,35.13673340475062,8.27572361591953,7.55222237074829,8.27572361591953,97.60408891903532,83.07177340620515,116.48603675750506,104.97911197065936,21.188981302943706,14.206464416391954,10.522560773108138,5.517359191741239,21.188981302943706,14.206464416391954,-17.567626953125,-13.71551513671875,35.13673340475062,7.55222237074829,104.97911197065936,14.206464416391954,18.522700501939173,-179.79261036395354,179.628558077282,359.4211684412355,-126.36094027755324,-0.7072763953420917,15.140581346058372,15.219572829631357,15.219572829631357,177.99850463867188,443.3147277832031,17.860498666103553,-179.79261036395354,179.628558077282,6.5815707555489,21.835645975449818,21.835645975449818,11.87938143618708,9.803855671097956,11.87938143618708,145.01625283906424,151.66853774731854,151.66853774731854,145.01625283906424,22.330250204328394,19.047622713700118,22.330250204328394,31.184591058544353,31.184591058544353,31.22734489189095,33.06823594392648,2.5177893901399764,175.6567951103542,20.734655856569454,27.80808061800313,5.959491025840893,0.61297607421875,16.884544147328942,0
2528ff4e-de60-4e30-8b17-d238eca61e70_delivery_14,68,23.987856481763192,32.32780024235733,32.32780024235733,9.673048250062818,13.906731464058582,13.906731464058582,100.60624786754579,86.36883774476776,117.76469834755864,101.43904225420039,21.576883240019832,13.620525760865272,10.91252264861539,5.542880040293792,21.576883240019832,13.620525760865272,-17.18865966796875,-12.80914306640625,32.32780024235733,13.906731464058582,101.43904225420039,13.620525760865272,17.555029760048267,179.77996463277682,-179.8285140936906,359.6084787264674,-125.5571155161844,359.5725749967304,15.802627295884466,9.632114826163228,15.802627295884466,178.2750244140625,443.3499298095703,8.335404212486722,179.77996463277682,-179.8285140936906,16.690376362277696,31.384311174493313,31.384311174493313,8.609929254335194,21.55343681786396,21.55343681786396,144.32224328645594,146.69821612060306,146.69821612060306,144.32224328645594,7.486756402426106,2.2602297357198884,7.486756402426106,18.48840969880524,18.48840969880524,17.35442024378011,20.16111644327136,2.4571021917696676,173.76456281560388,11.464765038820985,17.57484871187231,5.8690694369856065,0.6674957275390625,16.109601525617148,0
2528ff4e-de60-4e30-8b17-d238eca61e70_delivery_14,69,20.019369983601806,20.51294621305431,20.51294621305431,19.4595118116352,23.43788506074097,23.43788506074097,102.90341141293665,89.61072085992168,120.1831623205457,103.96345612782797,21.62087071525237,13.356720503834932,10.849532605072564,5.290115169370627,21.62087071525237,13.356720503834932,-16.894622802734375,-12.36529541015625,20.51294621305431,23.43788506074097,103.96345612782797,13.356720503834932,18.13567918172883,178.38242788977942,-179.85957407806322,358.2420019678426,-124.44104240341962,-1.3975367429974028,23.06716341871687,2.317198602623823,23.06716341871687,178.34785842895508,443.1553955078125,6.2114332819188185,178.38242788977942,-179.85957407806322,12.684017798725696,35.06379122357791,35.06379122357791,4.1752866229588825,33.494305755247424,33.494305755247424,144.06224972836642,141.28288885936928,141.28288885936928,144.06224972836642,5.894192691328445,13.451165451414706,13.451165451414706,34.10721159552933,34.10721159552933,32.22542404807377,27.056585631371888,2.7484892517979294,170.68352455009287,24.92243087887249,14.39177434112285,6.624707068254312,0.5662384033203125,17.798069552802172,0
2528ff4e-de60-4e30-8b17-d238eca61e70_delivery_14,70,48.703833228523926,5.763771308011645,48.703833228523926,56.32869391245751,19.306885357729772,56.32869391245751,101.87297989539948,91.36529910270364,119.69460262758786,111.09227338687033,21.142719316341474,13.768157136273654,11.090861307907954,4.761013501579132,21.142719316341474,13.768157136273654,-16.4351806640625,-12.92236328125,5.763771308011645,19.306885357729772,111.09227338687033,13.768157136273654,29.721545331205984,175.93886025190557,179.54003883411207,3.6011785822065008,-121.87479812802917,-2.443567637873855,34.251244007022905,13.974844173490142,34.251244007022905,178.12220001220703,442.7373275756836,14.20619385607683,175.93886025190557,179.54003883411207,5.880363636700644,30.20394385035412,30.20394385035412,4.938986388072985,46.90013196333434,46.90013196333434,145.42043225673467,136.09680728390157,136.09680728390157,145.42043225673467,13.956548932171843,28.619877053541373,28.619877053541373,33.72213438637967,33.72213438637967,30.767470692169343,27.19101447763334,2.861205789282924,168.03621333014542,24.01358002855089,9.268484000595747,6.962929240677425,0.5771026611328125,25.7357603176176,0
2528ff4e-de60-4e30-8b17-d238eca61e70_delivery_14,71,104.20268023781006,42.92834034248195,104.20268023781006,117.74491913469392,29.66230107552656,117.74491913469392,92.90619062470326,88.81456640504474,112.99077446752045,118.93475088142344,19.31748116873621,13.842985406325807,11.395692332776003,4.309243391219935,19.31748116873621,13.842985406325807,-15.668060302734375,-13.39453125,42.92834034248195,29.66230107552656,118.93475088142344,13.842985406325807,60.40827379495844,172.3741077334167,178.39000484234236,6.015897108925657,-118.29921179692528,-3.5647525184888593,47.899392602220225,20.01200937701795,47.899392602220225,177.9446792602539,441.97752380371094,23.332020347934893,172.3741077334167,178.39000484234236,19.827371882237777,10.000881488611427,19.827371882237777,14.07754362678626,46.0142905132736,46.0142905132736,146.62086877748217,133.60156724499438,133.60156724499438,146.62086877748217,27.46159013586105,27.719570482203725,27.719570482203725,19.021186811626453,19.021186811626453,17.828398445217815,15.850968651702203,2.8792277558787336,165.17639495163846,26.201752989189032,13.014089157626152,7.101838047992562,1.1936798095703125,42.29590757489371,0
2528ff4e-de60-4e30-8b17-d238eca61e70_delivery_14,72,158.1652565130007,49.49953437146353,158.1652565130007,139.24029784513792,21.834443631231768,139.24029784513792,76.82978730361533,84.66412984211794,99.623192779628,133.71767330643758,15.693631129235271,13.796937729932132,10.511212953237575,3.6075372809451576,15.693631129235271,13.796937729932132,-13.83648681640625,-13.732086181640625,49.49953437146353,21.834443631231768,133.71767330643758,13.796937729932132,72.18497996226097,168.43149040969917,175.67310559088304,7.2416151811838745,-115.33495079761768,-3.942617323717542,44.18117961654723,20.189167796184645,44.18117961654723,177.32302856445312,441.2785415649414,27.971770369406944,168.43149040969917,175.67310559088304,17.35356620866246,17.047447639411928,17.35356620866246,29.549787946648795,48.306706560358364,48.306706560358364,148.31588019081775,135.8960255733503,135.8960255733503,148.31588019081775,36.23223237181962,36.89663813629017,36.89663813629017,31.837123100741557,31.837123100741557,32.127277245808635,24.627085815601244,3.1224984253804777,163.65639223410773,31.77121802215188,16.77846593331774,7.776931078882118,1.698089599609375,51.54135488639643,0
2528ff4e-de60-4e30-8b17-d238eca61e70_delivery_14,73,185.4533473877427,70.01391706414464,185.4533473877427,162.2823636603637,10.02437866170536,162.2823636603637,51.85177246500897,81.37361954720724,78.85459260211711,166.2924006341931,11.851662054858634,14.123895600359281,9.437754321463505,3.0630321276445547,11.851662054858634,14.123895600359281,-11.537017822265625,-14.054534912109375,70.01391706414464,10.02437866170536,166.2924006341931,14.123895600359281,81.55956693622154,163.3171180275187,172.17284736631467,8.855729338795982,-112.34893187003406,-5.114372382180477,48.01367232859428,13.569722514778617,48.01367232859428,176.6968116760254,440.63224029541016,26.90993275288863,163.3171180275187,172.17284736631467,22.959174276829987,16.790682841156382,22.959174276829987,19.43161243259019,25.510109667772912,25.510109667772912,148.7887668508895,138.25571477089258,138.25571477089258,148.7887668508895,38.0862220732147,34.43428906890633,38.0862220732147,12.02258856099553,12.02258856099553,13.357611228770011,10.070531273983452,3.1535873805402272,161.5661908525068,24.564137553798243,12.592157603626365,8.00330852022996,1.900543212890625,53.88079099814998,0
2528ff4e-de60-4e30-8b17-d238eca61e70_delivery_14,74,162.02067364047824,54.3161108509799,162.02067364047824,139.55017630066266,29.60857024311491,139.55017630066266,30.503773894099663,79.76063027192647,64.60028093930903,165.47321232743093,10.08093289333651,14.04008319548902,8.406006705497434,3.235513340537783,10.08093289333651,14.04008319548902,-9.90814208984375,-13.64910888671875,54.3161108509799,29.60857024311491,165.47321232743093,14.04008319548902,76.31051474030757,160.10414923630864,168.7390993753282,8.634950139019566,-109.94738909683342,-3.212968791210045,48.115958780551765,24.251598626057948,48.115958780551765,176.02819061279297,439.87205505371094,30.273166661253114,160.10414923630864,168.7390993753282,42.39514439280322,33.455071952526026,42.39514439280322,45.02763917523894,48.4314291788177,48.4314291788177,148.17095329972022,142.80787003205933,142.80787003205933,148.17095329972022,38.76491751803213,26.813571582911894,38.76491751803213,28.449642174539672,28.449642174539672,27.524855551707358,25.407098726592416,2.8708865594144544,160.13147484158387,32.00099129024583,27.29906839377874,7.481579801605812,2.15576171875,57.729238520181276,0
2528ff4e-de60-4e30-8b17-d238eca61e70_delivery_14,75,142.44546064835282,126.54344968242481,142.44546064835282,83.21626093906667,41.82661507626468,83.21626093906667,21.454158036463042,73.79650362640442,68.46157323786277,132.84667686595728,10.909925308826072,14.626778171133273,6.350454678356586,4.56893093828312,10.909925308826072,14.626778171133273,-8.85260009765625,-12.7376708984375,126.54344968242481,41.82661507626468,132.84667686595728,14.626778171133273,76.64667781737647,157.21302084333863,165.15675898628567,7.943738142947041,-107.92780249066189,-2.8911283929700176,43.10819589935898,22.740084658790842,43.10819589935898,175.46976852416992,439.0053939819336,30.82926884196628,157.21302084333863,165.15675898628567,50.733699521858306,32.66589964966385,50.733699521858306,56.891462932214424,16.71155473580957,56.891462932214424,147.2137216206649,149.38249058357943,149.38249058357943,147.2137216206649,43.462956368025644,23.405582951269412,43.462956368025644,27.810791525772565,27.810791525772565,26.703833341185444,24.856092998856884,2.7852832130248384,159.09450365440708,28.90584668434836,25.93865718001886,7.355290813849569,2.0527801513671875,56.97926858859167,0
2528ff4e-de60-4e30-8b17-d238eca61e70_delivery_14,76,93.11088040760976,116.51764367668264,116.51764367668264,32.158179762626624,27.13968229980816,32.158179762626624,20.599312523723427,71.67347012670925,83.88864802657184,114.8721670675461,12.287513371236692,15.769236139319736,4.296126350429197,6.993141228498462,12.287513371236692,15.769236139319736,-8.05206298828125,-11.70947265625,116.51764367668264,27.13968229980816,114.8721670675461,15.769236139319736,55.61632393553211,156.34394683765368,163.09080235600047,6.746855518346791,-105.75769645188296,-0.8690740056849506,34.6510405953098,30.120516871155697,34.6510405953098,174.88420867919922,438.26473236083984,28.233223012605634,156.34394683765368,163.09080235600047,49.35324330981904,21.7384626330117,49.35324330981904,57.5721001863002,11.541749872583356,57.5721001863002,147.02390853904694,155.93989980475968,155.93989980475968,147.02390853904694,37.702152362054846,24.089691424948533,37.702152362054846,37.21409344261594,37.21409344261594,35.449923146503636,35.749771100079016,2.685777894617311,158.50481566705304,33.34286403404165,34.25155710238962,7.127044314279744,1.9569091796875,44.64127861682587,0
2528ff4e-de60-4e30-8b17-d238eca61e70_delivery_14,77,50.85437732143204,113.8182127502361,113.8182127502361,19.4316893801605,31.943681955610206,31.943681955610206,26.683685205126224,70.40264254609549,122.52190263866744,105.86265252513918,14.072247147465262,17.304268280385987,3.240471392913764,9.42559530696855,14.072247147465262,17.304268280385987,-8.640411376953125,-10.844024658203125,113.8182127502361,31.943681955610206,105.86265252513918,17.304268280385987,48.94509776599224,157.14740471365744,163.030254077937,5.882849364279565,-103.5740551667706,0.8034578760037618,33.974130359533724,43.64849482898084,43.64849482898084,174.439453125,437.2022399902344,34.442565870921584,157.14740471365744,163.030254077937,29.16462054933022,14.309860376890917,29.16462054933022,53.29286131157412,30.80091372445804,53.29286131157412,149.92263366937,159.90303853474467,159.90303853474467,149.92263366937,37.110553941983,33.74101403220681,37.110553941983,39.17625200370696,39.17625200370696,38.6252421892252,38.86967814552968,2.5896612773470933,157.93253168426165,39.77000975135945,41.67927124697296,6.8776915691948295,1.4252777099609375,41.00753421103304,0
2528ff4e-de60-4e30-8b17-d238eca61e70_delivery_14,78,28.642311477982727,101.15717218315412,101.15717218315412,32.22909250673221,34.27966843199924,34.27966843199924,35.27356459816715,68.52059466410894,168.085200323377,100.48030478815464,15.16157117821099,18.603077265719943,3.0463004166894163,11.370899208480767,15.16157117821099,18.603077265719943,-9.261444091796875,-9.74114990234375,101.15717218315412,34.27966843199924,100.48030478815464,18.603077265719943,45.132887863011405,159.99516895000164,164.53674428213623,4.541575332134585,-101.6928582110418,2.8477642363442044,27.668982652815536,46.820099925384625,46.820099925384625,174.00500869750977,436.3038330078125,29.840933259696456,159.99516895000164,164.53674428213623,31.88904904414787,19.306774829783425,31.88904904414787,58.525645191098945,33.7969788830511,58.525645191098945,151.99208470187477,163.39924642834626,163.39924642834626,151.99208470187477,24.278091158160247,31.570421539612802,31.570421539612802,47.649675860321366,47.649675860321366,46.64227257891759,47.2582472603829,2.5740524357746963,158.28966436223513,43.374199464934826,46.60059776102321,6.82812372566076,1.475738525390625,39.180357318660235,0
2528ff4e-de60-4e30-8b17-d238eca61e70_delivery_14,79,27.150372091277752,93.90184709246348,93.90184709246348,35.985842911498494,29.5083666622466,35.985842911498494,42.729382332244235,66.0007345779263,148.65760327432866,98.27712092093547,15.264959234208822,20.39209543405778,3.4846375885248406,13.279984986842932,15.264959234208822,20.39209543405778,-8.953125,-8.899749755859375,93.90184709246348,29.5083666622466,98.27712092093547,20.39209543405778,39.25436553062323,162.53521973098538,167.44444975052446,4.909230019539081,-99.59414689000668,2.5400507809837336,15.39052283846475,33.589241587788294,33.589241587788294,173.61917877197266,435.82495880126953,18.389157034482572,162.53521973098538,167.44444975052446,7.073282186648508,48.429680196997055,48.429680196997055,20.452955529667197,94.26032937001446,94.26032937001446,156.11620913103204,165.1547171298039,165.1547171298039,156.11620913103204,17.84014833967593,29.126388484326498,29.126388484326498,34.292921161817176,34.292921161817176,35.02890752295992,35.396605306390384,2.648326443317174,159.3202371994114,33.30954751487872,36.04080746368258,6.968293217279804,1.3930206298828125,37.725748107589084,0
2528ff4e-de60-4e30-8b17-d238eca61e70_delivery_14,80,42.282926732998526,44.34165062358323,44.34165062358323,11.984609289296683,28.68298933558332,28.68298933558332,44.869875091904596,66.93118838272437,125.68974897260175,94.97484027181059,14.893408605526862,20.393668181140967,4.112829690878206,13.967028349782794,14.893408605526862,20.393668181140967,-7.872222900390625,-8.2650146484375,44.34165062358323,28.68298933558332,94.97484027181059,20.393668181140967,27.467519644732906,165.13245787257347,170.11816119143074,4.985703318857276,-98.40436631490203,2.597238141588093,9.407816042524086,28.105125844411617,28.105125844411617,173.19409561157227,435.59034729003906,14.518594221079193,165.13245787257347,170.11816119143074,30.572588135497316,53.993613980307316,53.993613980307316,26.41198433894075,110.41082612248796,110.41082612248796,162.24619364716622,167.2523870097955,167.2523870097955,162.24619364716622,13.254420795792683,26.485333752270098,26.485333752270098,26.914416618959564,26.914416618959564,25.88894066100431,28.564501785480967,2.5694562914337555,160.40625660513533,20.728199387984933,27.60587828878878,6.809725866041396,1.4356842041015625,35.494490416141126,0
2528ff4e-de60-4e30-8b17-d238eca61e70_delivery_14,81,30.91492939803016,33.99653481469612,33.99653481469612,3.548663860776682,16.410437328448747,16.410437328448747,46.233195081858824,66.95292910357594,112.81939043547597,91.89563601743419,14.373810752340185,20.007945565664357,4.661491744394658,13.850268031194833,14.373810752340185,20.007945565664357,-6.933502197265625,-7.87408447265625,33.99653481469612,16.410437328448747,91.89563601743419,20.007945565664357,18.955850549809067,166.85629467229282,172.52616927308628,5.669874600793463,-97.40284496703516,1.7238367997193507,7.3412522695428795,21.523285627359815,21.523285627359815,172.8077278137207,435.7184829711914,12.172204887106071,166.85629467229282,172.52616927308628,41.32050384172944,73.97172491533898,73.97172491533898,21.639005147124493,136.24820177566326,136.24820177566326,168.33240084391016,168.67675497445225,168.67675497445225,168.33240084391016,16.923869292132892,32.66873406926712,32.66873406926712,8.541229503124994,8.541229503124994,8.642736472082762,10.22174745516523,2.6246349059625445,161.6239336018298,8.811272980958506,14.619829977709225,7.0607548583627615,0.8514862060546875,36.37559519500922,0
2528ff4e-de60-4e30-8b17-d238eca61e70_delivery_14,82,38.12786180297297,37.63474188300836,38.12786180297297,13.56554415393546,33.301654192691,33.301654192691,45.90847890485337,69.19706922191791,104.06237750749364,87.91601238363991,13.178954786480611,19.345764584012834,4.236685464973757,13.83765594227725,13.178954786480611,19.345764584012834,-6.133941650390625,-7.73565673828125,37.63474188300836,33.301654192691,87.91601238363991,19.345764584012834,24.08790375328661,167.4917559177793,174.26364360787062,6.771887690091319,-96.8476818598259,0.6354612454864821,4.229784425936855,17.667836061175013,17.667836061175013,172.35804748535156,435.9952850341797,15.789946956418865,167.4917559177793,174.26364360787062,33.29328390600479,70.96645150987821,70.96645150987821,26.151108336893326,152.4226185163435,152.4226185163435,173.31217755909137,171.77938310288948,171.77938310288948,173.31217755909137,19.493289925002102,29.11136620430822,29.11136620430822,17.055795850077484,17.055795850077484,14.446755211088616,14.90911358559515,2.556906428591813,162.8585575024474,7.344179229865288,9.400400986631071,6.970778423864187,0.426300048828125,39.663795076512486,0
2528ff4e-de60-4e30-8b17-d238eca61e70_delivery_14,83,28.58458756157669,38.529446152208415,38.529446152208415,13.533892402538468,36.812473174543996,36.812473174543996,43.884306707985125,71.83354532337155,99.04472737014716,84.64364027982158,12.47858693322212,18.687693764176828,4.413326736043129,13.789157370318296,12.47858693322212,18.687693764176828,-4.964111328125,-7.766204833984375,38.529446152208415,36.812473174543996,84.64364027982158,18.687693764176828,24.914565727861852,167.76403821168168,175.40840739890288,7.644369187221201,-96.35609241816182,0.27228229390237857,14.003791659695793,18.023203416607753,18.023203416607753,171.86174774169922,436.4536819458008,20.20235218375314,167.76403821168168,175.40840739890288,34.35872104192239,64.69855120068827,64.69855120068827,21.06333546370975,149.69799938100257,149.69799938100257,178.1778218010048,176.21319792818736,176.21319792818736,178.1778218010048,22.156315540233393,28.827893168051585,28.827893168051585,12.374719471044772,12.374719471044772,10.010686839261274,11.82696276385682,2.518818129302572,164.4279168219287,6.069661084634472,4.91934818656282,6.904760337338799,0.2210693359375,39.19085084689826,0
2528ff4e-de60-4e30-8b17-d238eca61e70_delivery_14,84,20.700170350340933,39.26745628081126,39.26745628081126,8.968696978618866,34.571658816296626,34.571658816296626,43.109528187568074,74.06865103886457,94.68644655181429,82.03809967581887,11.991381383767635,18.22959355922304,4.280039830853365,13.620400948056501,11.991381383767635,18.22959355922304,-4.54461669921875,-8.08868408203125,39.26745628081126,34.571658816296626,82.03809967581887,18.22959355922304,21.87490583011308,167.50247243730584,175.62791729644235,8.125444859136508,-95.99576298159424,-0.26156577437583906,10.42600847292694,17.31544408168384,17.31544408168384,171.38630294799805,436.72418212890625,16.356992959521154,167.50247243730584,175.62791729644235,16.381747031151193,44.92008811249025,44.92008811249025,9.812549119824427,127.05953764728552,127.05953764728552,177.81981623461405,178.28735951701734,178.28735951701734,177.81981623461405,14.384309428509212,23.757707883038687,23.757707883038687,5.493912560692415,5.493912560692415,4.235866687678137,6.7985946483647455,2.6080046536456414,165.7320405853841,1.9541842032999435,8.372632254998477,7.165298505456291,-0.1899871826171875,30.63044785024815,0
2528ff4e-de60-4e30-8b17-d238eca61e70_delivery_14,85,25.5179717697248,42.25679288366739,42.25679288366739,15.397740395621273,34.658588952066346,34.658588952066346,42.59319729736221,76.60591863293384,90.25051296647774,79.6838641460117,11.498017744855963,17.806902545071125,4.280511265610092,13.368471929602855,11.498017744855963,17.806902545071125,-4.071197509765625,-8.6309814453125,42.25679288366739,34.658588952066346,79.6838641460117,17.806902545071125,24.247334782866613,167.42848909438837,176.0107273122223,8.582238217833918,-95.46370664470165,-0.07398334291747233,12.650018459956918,15.00289623616293,15.00289623616293,170.81383895874023,436.8075408935547,17.298714913739413,167.42848909438837,176.0107273122223,3.778267386691291,41.89396430182763,41.89396430182763,9.712975516269212,99.82725215893738,99.82725215893738,175.55451713796782,175.23298297978815,175.23298297978815,175.55451713796782,17.77734246798377,23.9683464175376,23.9683464175376,6.51367864955203,6.51367864955203,3.645091092607752,5.9205118385301825,2.6786773252673024,167.3775925855244,3.9650995928304718,8.37201441156057,7.363762372397084,-0.13525390625,28.536846412203875,0
2528ff4e-de60-4e30-8b17-d238eca61e70_delivery_14,86,41.97440405636274,37.54919485700077,41.97440405636274,25.40201612180794,38.872541301305205,38.872541301305205,43.72999788638334,78.95457363671086,79.13253697277503,78.98265597275068,10.962577140534334,17.751125177174846,3.9660596215537742,13.379820405434353,10.962577140534334,17.751125177174846,-4.269073486328125,-9.20501708984375,37.54919485700077,38.872541301305205,78.98265597275068,17.751125177174846,31.16193018298503,168.3464850091253,176.3925703996198,8.046085390494511,-95.01026144752221,0.9179959147369345,21.49367526010242,21.679749501331102,21.679749501331102,170.0030059814453,436.8430633544922,24.26930339040834,168.3464850091253,176.3925703996198,13.214723315464525,28.076906360459116,28.076906360459116,5.6282924823144045,73.1377899725012,73.1377899725012,175.0878364216488,171.69045561214804,171.69045561214804,175.0878364216488,25.65765469664743,29.390262793651395,29.390262793651395,7.824929415864764,7.824929415864764,5.266227757638766,7.184005281533927,2.654816515803808,169.1556550369355,8.29582034045062,7.60688457065678,7.280732802233279,-0.49664306640625,30.17310089324569,0
2528ff4e-de60-4e30-8b17-d238eca61e70_delivery_14,87,11.077528275400576,18.35759926233833,18.35759926233833,7.088880166538632,14.453856425394005,14.453856425394005,43.59260024915914,79.64728209879173,78.21560005012208,78.14023983530335,10.975670038117094,17.55718638897677,4.461049234240237,13.252668417514807,10.975670038117094,17.55718638897677,-3.780303955078125,-9.3104248046875,18.35759926233833,14.453856425394005,78.14023983530335,17.55718638897677,11.299457581864816,168.68135971495346,176.3879334106637,7.706573695710233,-94.65171029731808,0.33487470582815604,7.664762694675007,9.15411866684235,9.15411866684235,169.65678024291992,436.9080810546875,10.534032704479728,168.68135971495346,176.3879334106637,4.158084670430964,13.442530885256513,13.442530885256513,3.261624823458251,28.79054215813926,28.79054215813926,174.63073480545677,170.34369415065143,170.34369415065143,174.63073480545677,11.660377440063758,14.065474380633175,14.065474380633175,8.606721941210191,8.606721941210191,9.1880827805108,6.742913167879355,2.7271565602072374,170.0747334061062,4.561764186532166,1.8295058361304295,7.461683589036106,0.11114501953125,11.93128165409757,0
2528ff4e-de60-4e30-8b17-d238eca61e70_delivery_14,88,28.03904596394608,15.526562178671412,28.03904596394608,21.25764412067804,15.894327020854535,21.25764412067804,46.06167590778923,80.24167456608428,72.59317077221337,78.48485152481733,10.638859791564107,17.59473668983471,4.336992678099384,13.175251952853126,10.638859791564107,17.59473668983471,-4.186004638671875,-9.593170166015625,15.526562178671412,15.894327020854535,78.48485152481733,17.59473668983471,17.11955959370724,169.3529817717902,176.45228479756776,7.0993030257775445,-94.31223597053986,0.6716220568367532,9.659161894807662,12.340616383285724,12.340616383285724,169.2335205078125,436.8177032470703,12.941901085893543,169.3529817717902,176.45228479756776,4.792885361131326,9.476754556203721,9.476754556203721,2.2549460733977194,19.375375336224856,19.375375336224856,173.56033462690544,169.28732612206124,169.28732612206124,173.56033462690544,14.326054842987455,15.991366728577285,15.991366728577285,18.270722448994096,18.270722448994096,17.487894481708274,15.261562387716829,2.8154951988789474,170.66555558706412,6.744213804759434,4.229867508359769,7.7162940304088945,-0.25445556640625,14.077895038397154,0
