video_id,frame_no,left_wrist_speed,right_wrist_speed,wrist_speed_max,left_elbow_speed,right_elbow_speed,elbow_speed_max,left_elbow_angle,right_elbow_angle,left_elbow_joint_angle,right_elbow_joint_angle,left_arm_length,right_arm_length,left_forearm_length,right_forearm_length,left_shoulder_wrist_dist,right_shoulder_wrist_dist,left_wrist_height_rel,right_wrist_height_rel,bat_arm_wrist_speed,bat_arm_elbow_speed,bat_arm_elbow_angle,bat_arm_extension,arm_activity_score,shoulder_line_angle,hip_line_angle,hip_shoulder_separation,trunk_lean,shoulder_rotation_change,left_shoulder_speed,right_shoulder_speed,shoulder_speed_max,body_center_x,body_center_y,body_center_speed,upper_body_rotation,lower_body_rotation,left_knee_speed,right_knee_speed,knee_speed_max,left_ankle_speed,right_ankle_speed,ankle_speed_max,left_knee_angle,right_knee_angle,front_knee_angle,back_knee_angle,left_hip_speed,right_hip_speed,hip_speed_max,head_movement,head_speed,left_eye_speed,right_eye_speed,eye_separation,head_orientation_angle,left_ear_speed,right_ear_speed,ear_separation,wrist_height_change,pose_activity_score,impact_like_frame_flag
camera2_clip_20260604_162209_5829,0,0.0,0.0,0.0,0.0,0.0,0.0,82.44553731662725,82.86011814880159,165.24346139334457,177.24177357005064,37.71559866069695,32.05762978868966,17.83782007249426,14.406394720805164,37.71559866069695,32.05762978868966,-37.713279724121094,-31.715438842773438,0.0,0.0,177.24177357005064,32.05762978868966,0.0,-178.59641828367344,178.8714813945055,357.4678996781789,-117.20231339950494,0.0,0.0,0.0,0.0,178.39299392700195,141.68939399719238,0.0,-178.59641828367344,178.8714813945055,0.0,0.0,0.0,0.0,0.0,0.0,162.4045042502006,171.81689883113071,171.81689883113071,162.4045042502006,0.0,0.0,0.0,0.0,0.0,0.0,0.0,3.846809307888164,173.13491872068502,0.0,0.0,9.167999057210235,0.0,0.0,0
camera2_clip_20260604_162209_5829,1,38.09757704772038,55.45081130718198,55.45081130718198,28.91830772950715,50.24115077748702,50.24115077748702,81.66181030159044,82.49409520300179,165.28641194634997,179.6968239633998,37.802425738037776,32.824474841382255,18.003060136799135,14.743696325994218,37.802425738037776,32.824474841382255,-37.791290283203125,-32.553314208984375,55.45081130718198,50.24115077748702,179.6968239633998,32.824474841382255,39.531797491599114,-179.61912486417432,178.2636314378808,357.8827563020551,-117.42176671190815,-1.0227065805008806,26.9532923275351,37.52964576016301,37.52964576016301,179.08338165283203,142.6214370727539,34.79663138884438,-179.61912486417432,178.2636314378808,39.19087037217066,47.02078182595817,47.02078182595817,39.45033294705568,35.08132871619486,39.45033294705568,162.88170084925764,173.52751150594395,173.52751150594395,162.88170084925764,34.58813317084763,40.583178775065214,40.583178775065214,30.50927520346211,30.50927520346211,31.404609359316076,31.325263728961875,3.796534553735822,173.67253602952275,31.930382920410107,32.50642338414904,9.025693924997567,-1.3450851440429688,39.425450896407234,0
camera2_clip_20260604_162209_5829,2,35.49769078473572,42.17413716478369,42.17413716478369,30.036929686383594,44.03327940460268,44.03327940460268,81.23452244153451,81.14373430857057,165.81914845077878,177.46198936023927,37.9728490613513,33.13626668872228,17.95055675516905,14.875833352098331,37.9728490613513,33.13626668872228,-37.94697570800781,-32.836151123046875,42.17413716478369,44.03327940460268,177.46198936023927,33.13626668872228,34.258005027719975,-179.90736454251675,178.03237107484364,357.9397356173604,-117.88770915246546,-0.28823967834242126,22.688084986677744,31.117908139136393,31.117908139136393,179.77471923828125,143.26459884643555,28.32744696865679,-179.90736454251675,178.03237107484364,29.155992922069263,36.31720583675721,36.31720583675721,34.538150139484536,30.128879192261135,34.538150139484536,161.94406027111108,173.49977800070138,173.49977800070138,161.94406027111108,27.573274381800157,33.420613010500624,33.420613010500624,28.545108484032774,28.545108484032774,28.87245310423666,28.484376101018416,3.799717581313853,173.86903762842394,27.924213170639323,27.877134812979097,9.014243356872871,-0.9009323120117188,33.05684547076606,0
camera2_clip_20260604_162209_5829,3,49.779690286093405,48.298534231571345,49.779690286093405,44.21662469608411,49.22280250836106,49.22280250836106,80.72743892341386,79.93739260408043,166.68795262405038,177.13945805412837,37.96088241171645,32.82522654128661,17.883018604571625,14.676402043185618,37.96088241171645,32.82522654128661,-37.90727233886719,-32.440216064453125,48.298534231571345,49.22280250836106,177.13945805412837,32.82522654128661,47.089036711235195,179.45067095768306,177.2581886968624,2.192482260820668,-118.13460902954695,359.3580355001998,42.71580550304135,48.300763042259874,48.300763042259874,180.36020278930664,144.7178955078125,47.00399937283667,179.45067095768306,177.2581886968624,49.73315187919466,60.8218960352601,60.8218960352601,48.24816562990983,56.076765908787564,56.076765908787564,161.50596358326627,173.75565666699623,173.75565666699623,161.50596358326627,46.811472627730176,50.64161957112006,50.64161957112006,46.9746084387528,46.9746084387528,47.273226222575374,47.402324131300254,3.7975770730611824,173.80999562209763,46.8156109761053,47.843084845781405,9.005894248241855,-1.2119979858398438,49.57227432661781,0
camera2_clip_20260604_162209_5829,4,50.021806997361594,62.75307749787351,62.75307749787351,44.935477540560456,63.61052945082707,63.61052945082707,80.1776329175851,78.4458347272152,167.8298619367768,176.30660421239102,37.843770570253774,32.73978072287912,17.67887184843396,14.463160658694205,37.843770570253774,32.73978072287912,-37.743560791015625,-32.24995422363281,62.75307749787351,63.61052945082707,176.30660421239102,32.73978072287912,52.65848301464246,179.48352321767328,177.35165599276866,2.1318672249046244,-119.00346150520953,0.032852259990221455,42.38677742426415,52.243229176967944,52.243229176967944,181.37996292114258,145.98377990722656,48.76614230432581,179.48352321767328,177.35165599276866,52.31113410936716,60.749027080631755,60.749027080631755,58.28653536760857,47.759587732467445,58.28653536760857,160.8511167065315,174.4902745867489,174.4902745867489,160.8511167065315,47.828384462306744,56.64027195031203,56.64027195031203,43.94246051116896,43.94246051116896,45.65695709036151,44.82706788301819,3.7769287375440044,174.42504605141792,48.871384694381305,47.8785683615092,8.901716691995873,-1.1579742431640625,53.29381989921237,0
camera2_clip_20260604_162209_5829,5,36.837119726200186,58.647382544958276,58.647382544958276,30.935795761440033,64.52487658706897,64.52487658706897,78.869558403149,77.46920043199455,167.56055271786417,172.23503265817604,37.45993036270547,33.29853445109228,17.422607063005973,14.616621578415586,37.45993036270547,33.29853445109228,-37.29487609863281,-32.87660217285156,58.647382544958276,64.52487658706897,172.23503265817604,33.29853445109228,44.20007626808522,176.53453032362532,175.81965198319057,0.7148783404347512,-118.96524239248555,-2.9489928940479615,26.507442194308812,47.74784079453508,47.74784079453508,182.1473503112793,147.06226348876953,39.70905712779812,176.53453032362532,175.81965198319057,43.79625022200686,51.89334311617412,51.89334311617412,48.09118077128234,47.09867883534585,48.09118077128234,160.8842039871142,174.66540601203118,174.66540601203118,160.8842039871142,37.499263301705994,47.961565327944996,47.961565327944996,39.548035401819114,39.548035401819114,39.51350840242275,39.90464510890171,3.794458711038098,174.04783271800386,38.12594114641157,41.48492429862612,8.891454405188119,-1.079803466796875,45.12839493191429,0
camera2_clip_20260604_162209_5829,6,18.63408743909483,35.689910842758,35.689910842758,25.43526499314568,42.63795703257527,42.63795703257527,78.19680784454933,76.77079981886602,166.99577629645577,171.72335174225196,37.04688233050329,32.96729957235546,17.028933410686147,14.163704316744408,37.04688233050329,32.96729957235546,-36.852874755859375,-32.497589111328125,35.689910842758,42.63795703257527,171.72335174225196,32.96729957235546,30.199119551681424,175.49238396510543,175.64685518737085,0.1544712222654141,-118.93821138826479,-1.0421463585198865,23.30769905830038,35.489797944214374,35.489797944214374,182.72501754760742,147.89320755004883,30.360347857231066,175.49238396510543,175.64685518737085,32.42739286491615,37.22114969076629,37.22114969076629,31.44370862323874,31.614395906201377,31.614395906201377,161.08503135604983,174.89990434837216,174.89990434837216,161.08503135604983,29.203403075009444,35.49710768915941,35.49710768915941,28.36023344906109,28.36023344906109,27.96265661531534,28.557874670316874,3.799789216953513,173.69973746155006,26.65807892591103,29.700420959901795,8.82747408314489,-0.3698272705078125,31.550156263281664,0
camera2_clip_20260604_162209_5829,7,3.0437769177791645,32.84727708878047,32.84727708878047,16.02975179051229,38.92958274880469,38.92958274880469,77.12422997509702,77.72723651533943,164.79766184666352,170.0586011213666,36.38543947774215,32.96464417816344,16.710384225606088,13.871741974735446,36.38543947774215,32.96464417816344,-36.1888427734375,-32.63523864746094,32.84727708878047,38.92958274880469,170.0586011213666,32.96464417816344,23.570302322508272,173.591430089319,175.27622492978236,1.6847948404633541,-118.15817907643566,-1.9009538757864277,20.137572860086486,30.433852529086543,30.433852529086543,182.8226776123047,148.73740005493164,25.49467838948537,173.591430089319,175.27622492978236,30.19345513014375,26.425761350499464,30.19345513014375,30.478338729512508,18.940033925119202,30.478338729512508,163.31431355451343,176.625167572326,176.625167572326,163.31431355451343,28.648925062430553,27.587492663542957,28.648925062430553,24.06089354943169,24.06089354943169,24.19659062803683,25.07480181216635,3.6819465276525345,173.47501158620454,23.563881034502835,26.95116462750358,8.431763192024475,-0.509246826171875,25.307985066358174,0
camera2_clip_20260604_162209_5829,8,5.390925904355164,67.0679647150914,67.0679647150914,22.277305643316463,53.37562829168937,53.37562829168937,76.36593254765751,78.03851789018792,162.52576915004047,164.13137600792032,35.78427157221593,33.72748205489344,16.301737931187755,14.169651953941374,35.78427157221593,33.72748205489344,-35.60285949707031,-33.57972717285156,67.0679647150914,53.37562829168937,164.13137600792032,33.72748205489344,34.31921149672598,171.2150362309738,174.6011826057173,3.386146374743504,-118.23736535968965,-2.37639385834521,23.641309048226013,34.1621353776774,34.1621353776774,183.1401023864746,149.57752990722656,26.942883854118545,171.2150362309738,174.6011826057173,29.045269432233585,28.240030034895945,29.045269432233585,26.06273491188825,19.239574253979185,26.06273491188825,164.90144770079667,178.26868308490938,178.26868308490938,164.90144770079667,23.619926354160235,26.911422569049986,26.911422569049986,25.740288072406198,25.740288072406198,25.51526893623533,25.2519557710238,3.671351665914709,173.6294875615127,24.537048648352993,25.24593299420725,8.339150960992622,-1.0817794799804688,29.919518878046915,0
camera2_clip_20260604_162209_5829,9,29.04859383914419,33.075569626086924,33.075569626086924,22.619182331619733,24.397229781924523,24.397229781924523,76.12271032433421,78.07235659318208,162.26600071220687,162.66984131005322,35.88153713805971,33.82767261055755,16.518425963489697,14.415721623403952,35.88153713805971,33.82767261055755,-35.696807861328125,-33.71705627441406,33.075569626086924,24.397229781924523,162.66984131005322,33.82767261055755,27.01300833484437,171.05823137860722,174.14928439390124,3.0910530152940225,-117.58923128275724,-0.1568048523665766,26.20358257670422,26.733891853586613,26.733891853586613,182.9672966003418,150.49065017700195,27.879838954271154,171.05823137860722,174.14928439390124,22.21708551680475,23.70308468695163,23.70308468695163,13.915019908216932,23.632705046866597,23.632705046866597,166.38138949042946,178.80670123099088,178.80670123099088,166.38138949042946,29.940857377172417,30.66091430958721,30.66091430958721,27.39819388275161,27.39819388275161,27.74673480878357,28.31411993718273,3.554536113955787,173.34827854453638,26.28463420203878,27.780117917011903,8.051340719550641,-0.9977874755859375,25.512309737888813,0
camera2_clip_20260604_162209_5829,10,47.08816398203999,31.807123965402372,47.08816398203999,44.61207732411004,31.982028574381644,44.61207732411004,76.14894101400566,79.12145475732474,161.8020087133046,163.9255730082872,36.37934022898366,33.975511911811886,16.685203986328304,14.382968704325583,36.37934022898366,33.975511911811886,-36.20472717285156,-33.88655090332031,31.807123965402372,31.982028574381644,163.9255730082872,33.975511911811886,36.94053917112557,172.24867202645618,174.7975662745045,2.5488942480483274,-117.93259395186357,1.190440647848959,34.27711106490362,31.876730115915738,34.27711106490362,183.71552658081055,151.36656188964844,34.55954989320907,172.24867202645618,174.7975662745045,45.750047028498585,54.37927528851033,54.37927528851033,37.44076884145778,32.263581893748544,37.44076884145778,167.89237066762567,177.59288609827456,177.59288609827456,167.89237066762567,35.87852070062123,36.85918805704924,36.85918805704924,36.34900179818893,36.34900179818893,35.96097647455678,36.55407253959256,3.4873432992452327,173.5235159546126,32.81864365682901,33.99095048061299,7.850907808143182,-1.2268524169921875,38.68455140305326,0
camera2_clip_20260604_162209_5829,11,54.63421115487177,29.219391056062427,54.63421115487177,45.6821332117952,19.640438256124206,45.6821332117952,77.00917642024442,80.51037834819002,162.339830837263,165.74318729940302,36.92844668593555,33.95004821041089,17.052184997382838,14.687008012905698,36.92844668593555,33.95004821041089,-36.7913818359375,-33.891204833984375,29.219391056062427,19.640438256124206,165.74318729940302,33.95004821041089,37.75845278868054,174.1346741740613,175.2880628620586,1.1533886879973068,-118.08535787473119,1.8860021476051259,43.56600602479264,33.808537028436994,43.56600602479264,184.41626358032227,152.2983627319336,34.97651550613943,174.1346741740613,175.2880628620586,37.99532490681668,38.70354801589487,38.70354801589487,38.02508046030421,43.32379184537206,43.32379184537206,167.93155258332018,176.958466826875,176.958466826875,167.93155258332018,33.27640367934143,29.60458417611079,33.27640367934143,45.003330756578734,45.003330756578734,44.05953676561866,45.82683056117271,3.4289502316295017,172.8762802591031,41.81240953952145,44.62667604384226,7.752792945449622,-1.3612518310546875,37.28995415132694,0
camera2_clip_20260604_162209_5829,12,61.90504263547361,36.927575300475,61.90504263547361,48.67307863083774,15.76868737001872,48.67307863083774,78.19247151089593,81.29967204787525,163.85006191670084,170.22524487321402,37.36792268314022,33.41222891162427,17.488695533859868,14.763872015379711,37.36792268314022,33.41222891162427,-37.261383056640625,-33.3138427734375,36.927575300475,15.76868737001872,170.22524487321402,33.41222891162427,42.68321798987504,176.57062076130927,175.90306301476738,0.6675577465418883,-118.61769772893614,2.435946587247969,53.498313427273565,39.32661057517166,53.498313427273565,185.2349967956543,153.5325584411621,44.43204714965769,176.57062076130927,175.90306301476738,44.4407397644212,44.67207390463489,44.67207390463489,42.32418096938513,49.14348350113663,49.14348350113663,167.47737079746,177.03505335792207,177.03505335792207,167.47737079746,46.7437211136185,39.78552068376979,46.7437211136185,47.124371774872415,47.124371774872415,47.44496889105425,47.7488241714852,3.4452773851502267,172.57024400705004,50.28715499895611,48.25308976024579,7.8995310828745255,-1.30731201171875,43.600752323018035,0
camera2_clip_20260604_162209_5829,13,63.57429377270153,53.77707274906499,63.57429377270153,53.415736102296854,42.817197374157,53.415736102296854,78.45643687512728,82.40180407776525,164.41651671398594,174.35168735463526,37.89247977206554,33.63413677063604,17.81699188915099,14.940245678915698,37.89247977206554,33.63413677063604,-37.786468505859375,-33.501373291015625,53.77707274906499,42.817197374157,174.35168735463526,33.63413677063604,51.02878447655609,177.23051363894146,176.10584570928472,1.124667929656738,-118.81956474563951,0.6598928776321884,48.704608375902374,43.8837984852138,48.704608375902374,185.77555084228516,154.90504455566406,44.25296747842679,177.23051363894146,176.10584570928472,50.09501693281579,48.6430430624614,50.09501693281579,52.764877895178884,46.29632776244854,52.764877895178884,167.31997395410139,176.1424524814746,176.1424524814746,167.31997395410139,43.55071343292753,41.32989734329169,43.55071343292753,48.17235517637578,48.17235517637578,48.04726392527501,48.447165294936255,3.4290927130758844,172.42336703502696,48.06627183177131,48.34103500675684,7.879306817560867,-1.8051910400390625,49.0710486073717,0
camera2_clip_20260604_162209_5829,14,52.96320714461914,75.29356677517349,75.29356677517349,58.43448549742261,57.06904854136081,58.43448549742261,78.99100609598054,83.93624263697227,163.33543159606543,175.2596376700352,38.14781784591647,34.63855112920582,17.874866893481805,15.584143451133837,38.14781784591647,34.63855112920582,-38.08506774902344,-34.556976318359375,75.29356677517349,57.06904854136081,175.2596376700352,34.63855112920582,58.17324236674173,177.1001872947194,176.24453978377454,0.8556475109448627,-118.90855378228288,-0.13032634422205547,53.72694170780611,51.552204534068224,53.72694170780611,186.80998992919922,156.27748489379883,51.55861747222827,177.1001872947194,176.24453978377454,53.08821653730272,53.17283703731603,53.17283703731603,53.27373569134346,49.292913972417736,53.27373569134346,167.54865474113922,174.81649559260384,174.81649559260384,167.54865474113922,51.37633608009923,49.71511173005593,51.37633608009923,51.308856982676566,51.308856982676566,50.55928134713141,50.09304555999745,3.489813144936915,172.21044055723254,50.92018536282451,49.66480589746142,8.027047895660981,-2.0945510864257812,54.91321710408212,0
camera2_clip_20260604_162209_5829,15,41.58433061911525,49.89319965022463,49.89319965022463,39.83537284881909,40.41309680744535,40.41309680744535,80.08598041284307,84.5434613675429,162.85807790366707,175.04573193310048,38.0900376004655,35.003609935485485,17.900669671780044,15.87469443466909,38.0900376004655,35.003609935485485,-38.06793212890625,-34.94862365722656,49.89319965022463,40.41309680744535,175.04573193310048,35.003609935485485,41.78292286881729,177.6392076486022,176.52131407235024,1.1178935762519586,-118.65215565143677,0.5390203538827905,41.28794162479787,37.68359566250151,41.28794162479787,186.96853637695312,157.4974822998047,36.9076900127977,177.6392076486022,176.52131407235024,25.18079713133824,28.472630411812254,28.472630411812254,27.14370739204738,34.16766954105967,34.16766954105967,166.95788905297783,175.31121329866338,175.31121329866338,166.95788905297783,35.23719218780616,34.68695589694784,35.23719218780616,32.17373723281418,32.17373723281418,32.264862704234524,30.916203858809684,3.5472259731195828,172.81200918770577,36.319721232419354,32.17574252980955,8.21721170211699,-1.46923828125,36.29887414782627,0
camera2_clip_20260604_162209_5829,16,35.551353851329125,47.33171493209593,47.33171493209593,31.869067364659504,39.91793435323481,39.91793435323481,80.35096066859369,84.16446051250539,162.65397926693967,174.7417715664686,38.19612325645588,35.431705029447315,18.033956527323348,16.13137306391276,38.19612325645588,35.431705029447315,-38.18202209472656,-35.367706298828125,47.33171493209593,39.91793435323481,174.7417715664686,35.431705029447315,37.192900862761626,177.31073990382305,176.31571040678207,0.9950294970409743,-118.33948341424545,-0.32846774477914664,32.00049371755839,36.486840957692046,36.486840957692046,186.68395614624023,158.5486183166504,32.6693365445423,177.31073990382305,176.31571040678207,22.097229418544277,42.45729361054135,42.45729361054135,22.484146811240787,49.48773406397176,49.48773406397176,167.69944494785025,175.9749717571641,175.9749717571641,167.69944494785025,29.796392635177778,36.41313262458127,36.41313262458127,23.910368019486476,23.910368019486476,23.95359715091573,23.07599192325976,3.6521020380911358,173.42928723588435,27.730644465867204,27.09059203751885,8.505554564962132,-1.365081787109375,35.49111119505225,0
camera2_clip_20260604_162209_5829,17,26.876105143122803,47.682180116872104,47.682180116872104,30.342460797102426,34.98189210392079,34.98189210392079,80.26521576776568,83.2682767646137,162.48105973611337,173.3852224746276,38.24836117951037,36.168376390521544,17.916698603243656,16.581363884994957,38.24836117951037,36.168376390521544,-38.23291015625,-36.092803955078125,47.682180116872104,34.98189210392079,173.3852224746276,36.168376390521544,31.757226153686133,176.91644305710344,176.07828839488548,0.8381546622179599,-117.66308772998156,-0.3942968467196124,24.90828811577839,25.752430645320274,25.752430645320274,186.6368522644043,159.43120193481445,26.515191058373,176.91644305710344,176.07828839488548,19.70673474035837,35.54350056849377,35.54350056849377,19.93864855346697,45.39727484752748,45.39727484752748,168.17411286103575,176.34936593188112,176.34936593188112,168.17411286103575,27.79463828375893,31.454025948299844,31.454025948299844,21.66815609590486,21.66815609590486,22.027785117201056,20.35506457275893,3.765629721191917,173.7531849056326,22.869882081200288,21.18431677869032,8.796945139803727,-1.2039413452148438,30.864848322001844,0
camera2_clip_20260604_162209_5829,18,25.9921244408429,20.683474045628625,25.9921244408429,21.157819864290136,13.85346917551741,21.157819864290136,80.8469654552666,83.38727665240448,163.22913310548677,173.18530714201142,38.656404319252324,36.570491153507035,18.077591910639132,17.03344628157808,38.656404319252324,36.570491153507035,-38.6448974609375,-36.504425048828125,20.683474045628625,13.85346917551741,173.18530714201142,36.570491153507035,19.41148125225808,178.0141378991465,176.33656400427486,1.6775738948716423,-116.93544279014762,1.0976948420430688,19.227695440330397,15.55430454693903,19.227695440330397,186.97972106933594,159.8155288696289,15.451200251022957,178.0141378991465,176.33656400427486,13.070200531714224,7.91410094819751,13.070200531714224,17.0492851077757,15.186157941022886,17.0492851077757,168.103112228337,177.1989407451778,177.1989407451778,168.103112228337,16.553562588775534,15.038120693900133,16.553562588775534,18.594235542363073,18.594235542363073,18.43804759186282,19.31626733090153,3.7298303430157866,173.89528396416216,17.68782775521739,20.029921893909446,8.699776873977552,-0.6872711181640625,16.773359610411205,0
camera2_clip_20260604_162209_5829,19,25.29667005419473,30.48544348474884,30.48544348474884,16.664054148808734,29.814716493587856,29.814716493587856,80.42587821299462,82.27012644930709,163.72057475456802,170.77096427572704,38.78302070033374,37.26893245158374,18.1278270866004,17.512799917365317,38.78302070033374,37.26893245158374,-38.75831604003906,-37.203033447265625,30.48544348474884,29.814716493587856,170.77096427572704,37.26893245158374,21.624683855591986,176.96311393898134,175.55785411246163,1.4052598265197105,-116.71484133608469,-1.0510239601651676,11.793251014831853,15.693967937379922,15.693967937379922,187.3424072265625,159.8857078552246,11.082405190061923,176.96311393898134,175.55785411246163,13.260040314808998,9.340682620705222,13.260040314808998,18.23808712027712,12.53794427814408,18.23808712027712,168.0082108074018,178.5786476693606,178.5786476693606,168.0082108074018,8.556832018611868,8.83291066529101,8.83291066529101,17.261136608932038,17.261136608932038,16.68371166325685,16.927606632170566,3.721615493854404,173.90703674777544,13.010330737741263,14.991547912957543,8.632435504958325,-0.5024185180664062,16.709550012615853,0
camera2_clip_20260604_162209_5829,20,41.52947250665099,31.317637406673093,41.52947250665099,27.034502448744597,33.20334751706733,33.20334751706733,79.47518337948601,80.99381376059006,164.2156738733552,169.21841665308415,38.47982895150089,37.43973384200811,17.961103936617768,17.690041069555093,38.47982895150089,37.43973384200811,-38.41868591308594,-37.35145568847656,31.317637406673093,33.20334751706733,169.21841665308415,37.43973384200811,28.21578750741507,175.77666760572745,174.69225656570688,1.0844110400205693,-116.97763845793277,-1.1864463332538833,16.18393013319364,20.02583503216074,20.02583503216074,188.0356788635254,159.92637634277344,20.833903610390532,175.77666760572745,174.69225656570688,20.471426684370186,18.063048289082317,20.471426684370186,20.985889264364555,17.656005358820924,20.985889264364555,167.85310750638436,179.27330485772137,179.27330485772137,167.85310750638436,22.682366653200543,25.01556679430271,25.01556679430271,20.953943448595314,20.953943448595314,19.625318845267532,20.727309153262386,3.6907214162738304,173.5455447789672,15.11223970577955,19.05573166140889,8.5188234175157,0.0912322998046875,24.51408567405264,0
camera2_clip_20260604_162209_5829,21,45.54502274876771,42.248354753254034,45.54502274876771,23.13932586633447,45.98180804074615,45.98180804074615,78.64914795721603,79.78342079912977,164.81263855584328,167.51006498092727,37.64382402443706,37.92699080039982,17.354870655024012,18.088760693743307,37.64382402443706,37.92699080039982,-37.53218078613281,-37.82041931152344,42.248354753254034,45.98180804074615,167.51006498092727,37.92699080039982,33.53266741311311,174.63168621061013,173.7002650152158,0.9314211953943357,-116.83518726932355,-1.1449813951173269,11.37065951791992,32.91083355165638,32.91083355165638,188.7066993713379,159.78818893432617,20.55304973921109,174.63168621061013,173.7002650152158,15.254508970792385,25.134745333642112,25.134745333642112,18.29656294897933,23.903556454606356,23.903556454606356,167.91980983646593,179.3324089884333,179.3324089884333,167.91980983646593,12.178854030477847,27.24220473467673,27.24220473467673,17.277812092613107,17.277812092613107,15.72531419701769,20.28969426958466,3.538873299569941,173.39443861726485,14.124849337445784,27.07097122781169,8.081576809525028,0.3788604736328125,26.93386974598779,0
camera2_clip_20260604_162209_5829,22,34.272035080684766,17.715156499447737,34.272035080684766,28.51189294407898,31.938666295157383,31.938666295157383,77.55585252537949,80.25793537589969,164.46360675789424,164.24193482967016,37.372521690327304,38.63067466913334,17.26326431953633,18.390559079151387,37.372521690327304,38.63067466913334,-37.21051025390625,-38.59918212890625,17.715156499447737,31.938666295157383,164.24193482967016,38.63067466913334,27.238842404129684,171.2321866087235,171.47033860592515,0.2381519972016406,-117.80625354668841,-3.3994996018866175,17.893867972443626,33.101435632965625,33.101435632965625,189.5984992980957,159.3831329345703,29.384344897804215,171.2321866087235,171.47033860592515,11.012070309286635,50.18861573560017,50.18861573560017,5.894522269481014,30.89841396105433,30.89841396105433,167.81123959402385,177.64775211741775,177.64775211741775,167.81123959402385,27.942142820442545,47.98269408751235,47.98269408751235,13.266206356539099,13.266206356539099,12.077788027572607,15.846207314410027,3.3987233950470594,173.02436696992703,12.75542885606223,23.334102637280314,7.6481577448061815,0.17580413818359375,28.11262613401293,0
camera2_clip_20260604_162209_5829,23,41.80376323559935,31.463806159210904,41.80376323559935,34.07753109016779,33.43917816287022,34.07753109016779,76.12293304263369,79.11919632728113,163.45172132979093,162.66934408171278,36.66961625148969,38.35445700647172,17.032514800399642,18.151448645948722,36.66961625148969,38.35445700647172,-36.44993591308594,-38.30943298339844,31.463806159210904,33.43917816287022,162.66934408171278,38.35445700647172,29.41070648356064,168.9128064188414,169.96096609737737,1.048159678535967,-118.59734061163549,-2.3193801898821107,14.574465323622956,21.10549492989261,21.10549492989261,190.34148025512695,159.13898849487305,23.46197964689995,168.9128064188414,169.96096609737737,25.798798293311542,39.963071238626654,39.963071238626654,14.615904630501117,31.398939889486893,31.398939889486893,168.9153305368312,176.31172724308152,176.31172724308152,168.9153305368312,26.943775565160408,32.9051320403673,32.9051320403673,15.51106048539118,15.51106048539118,15.435339897324255,14.35033340465538,3.434623795702488,173.10584126726548,14.416914903336316,12.662761341125991,7.709526581046817,0.6735916137695312,29.007488379901478,0
camera2_clip_20260604_162209_5829,24,27.022393112770253,9.02928376227806,27.022393112770253,25.242721342940776,16.18537971935151,25.242721342940776,75.29067658263837,78.96111270142391,162.21325743363556,161.63170412043775,36.186695965703194,38.2865744666114,16.831905639963065,18.00405834523505,36.186695965703194,38.2865744666114,-35.951171875,-38.2496337890625,9.02928376227806,16.18537971935151,161.63170412043775,38.2865744666114,17.7134639947701,167.89080257797127,169.6769054385653,1.7861028605940419,-118.89172981810533,-1.022003840870127,15.06947068444706,13.731535346832938,15.06947068444706,190.9428939819336,159.10805130004883,18.066267537417346,167.89080257797127,169.6769054385653,21.928205947756638,23.298433472134334,23.298433472134334,14.525466121648192,10.466361209211243,14.525466121648192,169.5713015115375,175.35265487620856,175.35265487620856,169.5713015115375,22.248137682530242,22.524014906051647,22.524014906051647,11.295734850046134,11.295734850046134,11.932120319041323,10.796970219768447,3.470176007169031,173.33612842034904,13.336546633197306,10.091534245742762,7.815400101375575,0.403106689453125,18.43928360899607,0
camera2_clip_20260604_162209_5829,25,20.787522958034334,13.549924154012707,20.787522958034334,23.46126634991814,21.813465873186058,23.46126634991814,74.88765008937858,78.53952040073318,161.36716068823333,160.30427747135246,36.305189338299996,38.233019285117166,17.073907127500657,18.02726112330772,36.305189338299996,38.233019285117166,-36.07392883300781,-38.20176696777344,13.549924154012707,21.813465873186058,160.30427747135246,38.233019285117166,19.66597951496553,167.54267585277324,169.79676872355154,2.254092870778294,-118.94005369172498,-0.34812672519802845,20.51724764366205,17.866450110979898,20.51724764366205,191.54057693481445,159.2468376159668,18.407550034847635,167.54267585277324,169.79676872355154,27.883169152841187,18.243597863680098,27.883169152841187,23.19757074469531,17.40333294826537,23.19757074469531,170.51576352635925,175.23403747864666,175.23403747864666,170.51576352635925,19.095027328930488,16.47430283538828,19.095027328930488,21.092067696124392,21.092067696124392,22.409579003300102,19.321138467773004,3.571404082486931,173.67091888215234,22.729375273488866,16.027325569163906,8.04449392999415,-0.22489166259765625,20.024406496966158,0
camera2_clip_20260604_162209_5829,26,42.36598026514088,26.82895371192186,42.36598026514088,44.06581187340868,26.932255106630855,44.06581187340868,74.60268824925278,80.48160530816952,159.74824231858972,161.59752081054958,36.91427606250909,38.55361443878644,17.611177317668876,18.101366716211505,36.91427606250909,38.55361443878644,-36.719268798828125,-38.54780578613281,26.82895371192186,26.932255106630855,161.59752081054958,38.55361443878644,35.31695610223898,167.15217971839382,169.6864710242828,2.534291305888985,-119.67144530991841,-0.39049613437941844,38.63452187879686,33.07421377753476,38.63452187879686,192.8315315246582,159.69474029541016,40.99344468280346,167.15217971839382,169.6864710242828,40.5455819479156,72.85489469512655,72.85489469512655,32.55017947641588,69.68497964903118,69.68497964903118,170.66872237625194,172.8171756374678,172.8171756374678,170.66872237625194,46.494727980557954,46.54170985336231,46.54170985336231,36.99293274975939,36.99293274975939,38.19114491366563,36.2903485340394,3.647505396708602,173.55461983229011,39.84285720883802,35.00098953121504,8.240822486266543,-0.9849929809570312,43.381150851320285,0
camera2_clip_20260604_162209_5829,27,39.10856933990059,46.22593854330682,46.22593854330682,46.17735389014351,31.738442789180183,46.17735389014351,75.00211365104623,81.34292506475207,159.49334658734682,163.65688109453754,36.853992347232044,38.97517824750674,17.487243348704173,18.400020033865385,36.853992347232044,38.97517824750674,-36.68864440917969,-38.968963623046875,46.22593854330682,31.738442789180183,163.65688109453754,38.97517824750674,41.19923925784124,168.04094503935372,170.25755056887306,2.2166055295193416,-119.40309212665368,0.8887653209598909,47.18233695786382,36.76279402665256,47.18233695786382,193.87182235717773,160.42368698120117,38.10789233551098,168.04094503935372,170.25755056887306,42.53661111692408,42.69697924455485,42.69697924455485,46.47536582405302,64.7110667850007,64.7110667850007,170.84661343639232,173.2193312250046,173.2193312250046,170.84661343639232,36.93541206013569,31.842624474697423,36.93541206013569,37.44803700419596,37.44803700419596,38.60921973508791,38.69339502655818,3.6434885976347178,173.5665606204595,42.75467419844085,42.20516934021543,8.270894841901347,-0.97882080078125,42.699457921034444,0
camera2_clip_20260604_162209_5829,28,33.21885773474412,53.989904910757886,53.989904910757886,41.446825228727334,31.682426503122667,41.446825228727334,75.95236659956377,82.54694800146429,159.7457686234337,165.41466957973287,36.744784037091456,39.918888515271306,17.31051061215654,19.158084345912727,36.744784037091456,39.918888515271306,-36.62324523925781,-39.91729736328125,53.989904910757886,31.682426503122667,165.41466957973287,39.918888515271306,40.521295843328005,168.68240565929236,170.54453586261087,1.8621302033185145,-118.37103852280619,0.6414606199386412,46.845612367055416,35.94414831556061,46.845612367055416,194.71685028076172,161.20197296142578,34.46478104943882,168.68240565929236,170.54453586261087,31.746652988591165,18.915341776488034,31.746652988591165,36.63690572795261,41.13724876693468,41.13724876693468,170.8332011880909,174.92310000225316,174.92310000225316,170.8332011880909,31.31298879919855,27.212343978326416,31.31298879919855,39.03519501100114,39.03519501100114,39.01986064122884,41.081382625672944,3.5668995342833143,173.33602751653478,41.43901031921404,44.62270090907849,8.164384203286561,-1.195068359375,35.840771424788294,0
camera2_clip_20260604_162209_5829,29,42.38917166054015,54.84139983211159,54.84139983211159,45.26302802452004,32.3913606564966,45.26302802452004,76.675264201783,83.74528507117851,160.17297104432993,167.96995904537374,36.84908591971548,40.60600666305504,17.264453238167235,19.749507294203603,36.84908591971548,40.60600666305504,-36.75102233886719,-40.604827880859375,54.84139983211159,32.3913606564966,167.96995904537374,40.60600666305504,43.56890608728606,169.82172733222959,170.8110841607862,0.9893568285566232,-118.00529564451524,1.1393216729372284,45.93187203633672,40.59660431371127,45.93187203633672,195.68927764892578,162.03110885620117,38.33762103369907,169.82172733222959,170.8110841607862,29.537258533893088,42.34860614441276,42.34860614441276,29.255066469104815,58.78112185671861,58.78112185671861,170.66002069618418,175.00782197789164,175.00782197789164,170.66002069618418,33.542105017169156,33.38415832574754,33.542105017169156,42.75396996674597,42.75396996674597,43.10458084392381,44.50489336933631,3.4953200817505534,173.49380220901378,45.18192408364201,47.850168835041174,8.017145493159916,-1.3113174438476562,40.68847940589686,0
camera2_clip_20260604_162209_5829,30,32.017429452585375,49.19940979351843,49.19940979351843,35.973622713756285,28.314230581934414,35.973622713756285,77.21147962190933,84.8126472530655,161.11267939137664,171.5871917946856,36.615247751851115,40.471759483061504,16.899051536169967,19.518147771095194,36.615247751851115,40.471759483061504,-36.51708984375,-40.46372985839844,49.19940979351843,28.314230581934414,171.5871917946856,40.471759483061504,36.57746653144884,170.9834618206619,171.25089465641307,0.2674328357511797,-118.02613165374132,1.1617344884323018,36.66478544445466,37.29532120244393,37.29532120244393,196.66802597045898,162.7749366760254,36.87960536941335,170.9834618206619,171.25089465641307,24.47585486194409,36.58542888411229,36.58542888411229,26.54938001838876,44.101556792419345,44.101556792419345,170.3235118147406,175.3367391922595,175.3367391922595,170.3235118147406,35.522817192060906,38.666927823161146,38.666927823161146,33.38789486441195,33.38789486441195,33.29736550703541,36.964908005603036,3.2771996306148212,173.41116499588435,35.37753683701012,44.153008926802926,7.517602835459371,-0.5568695068359375,35.447230396731634,0
camera2_clip_20260604_162209_5829,31,11.564302306004352,15.701447488907078,15.701447488907078,22.20054818060338,19.723302083694975,22.20054818060338,77.31432195702506,84.35673280665029,161.78502718811643,171.39865710823167,36.061598062095854,40.26830446141084,16.254295369058664,19.245415651861766,36.061598062095854,40.26830446141084,-35.946136474609375,-40.25367736816406,15.701447488907078,19.723302083694975,171.39865710823167,40.26830446141084,17.684221305181147,172.04586724675272,172.19050753723025,0.14464029047752547,-118.05357694398435,1.0624054260908338,20.78880182534754,16.12692594652957,20.78880182534754,196.8461151123047,163.3959846496582,19.382329457448748,172.04586724675272,172.19050753723025,21.726249304461486,29.00157380478987,29.00157380478987,25.304962139359503,34.04085803074783,34.04085803074783,170.35752317075452,176.7421951901357,176.7421951901357,170.35752317075452,21.662243794294252,18.995907567710315,21.662243794294252,18.913941819265087,18.913941819265087,20.417395978367587,19.108848562600937,3.241071465880042,174.2013694191117,22.122512964511486,18.69446490076954,7.442825196022112,-0.2046051025390625,21.403093539370847,0
camera2_clip_20260604_162209_5829,32,9.462712816953555,38.067666963388355,38.067666963388355,8.724261928163955,10.946485035797963,10.946485035797963,77.40607705790318,84.33039044309014,162.38110748618362,173.8215078939194,35.97845225990027,39.53972403701407,16.212594961911453,18.812433280879237,35.97845225990027,39.53972403701407,-35.854644775390625,-39.49470520019531,38.067666963388355,10.946485035797963,173.8215078939194,39.53972403701407,14.431496011577183,173.7199477551913,172.80946381233935,0.910483942851954,-117.76326482125543,1.6740805084385784,10.827449304534921,8.560400020624359,10.827449304534921,197.0024070739746,163.74314880371094,11.421694901703718,173.7199477551913,172.80946381233935,13.990005201077384,16.11642594212249,16.11642594212249,11.153400592575155,15.18362039584434,15.18362039584434,170.0993742228394,176.1930617329913,176.1930617329913,170.0993742228394,15.511536649491502,14.4817803411839,15.511536649491502,13.024869123307454,13.024869123307454,13.771426699426568,13.165764801172529,3.221216658354031,174.82753857933912,13.209936415420483,10.68685343827293,7.423079684405991,0.207550048828125,14.418812099313158,0
camera2_clip_20260604_162209_5829,33,14.345636367642525,51.263712678161205,51.263712678161205,7.123431631532659,21.357217766135754,21.357217766135754,77.37983292385597,84.25638633701736,163.25022698619068,175.17328402546076,35.79739742083732,38.199736717620056,16.19198728706352,17.839839205461747,35.79739742083732,38.199736717620056,-35.65400695800781,-38.12882995605469,51.263712678161205,21.357217766135754,175.17328402546076,38.199736717620056,20.13545031928985,173.8755386221156,172.79613618942037,1.0794024326952467,-117.86640037470531,0.1555908669243138,7.929275308487409,18.79342816377957,18.79342816377957,197.44179153442383,163.75091171264648,13.183590943117638,173.8755386221156,172.79613618942037,11.00272398110806,19.50785869356888,19.50785869356888,14.500221416365727,14.699099183166517,14.699099183166517,169.85969814044432,175.74351833706007,175.74351833706007,169.85969814044432,9.549276867524409,17.13076791928084,17.13076791928084,14.224513551588842,14.224513551588842,12.755076098607663,16.624181520297192,3.049119806518481,174.398763867807,9.205827946995106,20.141756436879593,6.99849522372714,0.7215118408203125,17.266887498062797,0
camera2_clip_20260604_162209_5829,34,30.565552923902356,74.48716746658019,74.48716746658019,20.925555941872368,40.977069128961986,40.977069128961986,76.92527295099819,83.54845999726909,163.4490230042817,175.6525438081973,35.25242139254729,36.48505835276081,15.908100569920189,16.334392500101913,35.25242139254729,36.48505835276081,-35.07879638671875,-36.37225341796875,74.48716746658019,40.977069128961986,175.6525438081973,36.48505835276081,35.84693044415725,173.79251763907254,173.68506755758312,0.10745008148941793,-118.33373460456558,-0.08302098304307037,15.175072633187089,32.95116457043955,32.95116457043955,198.4072380065918,163.7109832763672,28.988153676644494,173.79251763907254,173.68506755758312,27.34669877228631,47.3252050293168,47.3252050293168,23.776351163184778,41.44810469985009,41.44810469985009,170.25355948757465,174.60918257249628,174.60918257249628,170.25355948757465,27.71028008046149,40.40817391423646,40.40817391423646,18.752618737183763,18.752618737183763,16.107512297485783,18.914352408123026,2.9545045587236913,174.35677483400715,13.038527183910734,21.687845679793252,6.703123800473784,1.2533645629882812,35.25803302702329,0
camera2_clip_20260604_162209_5829,35,21.41324747978181,26.524390459322284,26.524390459322284,20.029488846952987,30.647279199510447,30.647279199510447,76.42478991401087,82.80523978026227,162.80918710308705,174.31330020118327,34.795448713134306,36.10435621128116,15.770953616085334,15.979136948843983,34.795448713134306,36.10435621128116,-34.612579345703125,-35.983917236328125,26.524390459322284,30.647279199510447,174.31330020118327,36.10435621128116,22.811264083149098,172.99084293568498,173.79896593264064,0.8081229969556603,-118.3635589670883,-0.8016747033875617,15.207322022623265,23.045856490703798,23.045856490703798,199.06131744384766,163.81019973754883,19.846849492282512,172.99084293568498,173.79896593264064,26.07461659792291,43.93164998341317,43.93164998341317,22.53113875530282,43.97910118511564,43.97910118511564,171.0599854151659,172.83736398434655,172.83736398434655,171.0599854151659,17.584767308532626,23.65446027874583,23.65446027874583,23.89995635859269,23.89995635859269,24.440929375972495,21.62862697840073,3.046609433572077,174.768860770128,22.041296676670076,16.361462866831808,6.892047495632489,0.35080718994140625,26.218609883993963,0
camera2_clip_20260604_162209_5829,36,23.696442179005373,27.39703108297866,27.39703108297866,23.310967864772454,36.12457583375218,36.12457583375218,76.12527997163683,82.52611986890244,162.53444768228863,173.0797271566038,34.482566122898106,36.06275605429514,15.749746786531144,15.849235315669901,34.482566122898106,36.06275605429514,-34.2939453125,-35.95460510253906,27.39703108297866,36.12457583375218,173.0797271566038,36.06275605429514,27.45774753176197,171.58481912908348,173.23225525670733,1.6474361276238483,-118.43186467715694,-1.406023806601496,22.072627005809863,32.14484122425329,32.14484122425329,199.98317337036133,164.02533340454102,28.398780951472148,171.58481912908348,173.23225525670733,28.34794835329062,44.553035337163145,44.553035337163145,25.856885565564664,41.55329006335643,41.55329006335643,171.3884728722423,171.68877980383826,171.68877980383826,171.3884728722423,26.103902133173772,33.35340554963958,33.35340554963958,28.044082064553713,28.044082064553713,27.327889018876107,27.932648218807373,3.0233506389980778,174.9297180717791,24.777155089426895,27.411615557005728,6.801319128569493,-0.010345458984375,30.376246016063334,0
camera2_clip_20260604_162209_5829,37,35.19132368097613,33.616726146439376,35.19132368097613,39.5865450147803,47.050831830043855,47.050831830043855,76.06280992644932,81.34591651801425,161.1197735617518,168.50448803757507,34.90017712039928,36.52482387438792,15.97169350472899,16.036332613988318,34.90017712039928,36.52482387438792,-34.74407958984375,-36.45137023925781,33.616726146439376,47.050831830043855,168.50448803757507,36.52482387438792,36.44764303411716,171.17765945590241,173.98472146791914,2.807062012016729,-118.63427704393075,-0.40715967318107005,33.456080149904196,29.78435138255913,33.456080149904196,200.94499588012695,164.54782104492188,32.83726978873767,171.17765945590241,173.98472146791914,42.66287788183033,25.772947425355113,42.66287788183033,41.30790344889108,29.222526314230716,41.30790344889108,172.04385742428283,172.62534316813728,172.62534316813728,172.04385742428283,37.06359808408659,31.33534225137997,37.06359808408659,29.632386244146478,29.632386244146478,28.21608868786094,30.71416168167828,2.9065172950722737,174.86488381052405,23.77045258624577,30.949342476807995,6.501109327970083,-1.0071640014648438,35.50425446753974,0
camera2_clip_20260604_162209_5829,38,44.201339327035804,45.489819008999184,45.489819008999184,43.57649210882988,39.790939628241745,43.57649210882988,76.02307423288516,80.35039015137161,160.13369946257987,165.7513995802399,35.487545573762176,37.35119903838944,16.178992360014288,16.659733851459702,35.487545573762176,37.35119903838944,-35.34901428222656,-37.28749084472656,45.489819008999184,39.790939628241745,165.7513995802399,37.35119903838944,38.38745603092077,172.57134312328256,175.05658790177105,2.485244778488493,-119.51803142508741,1.3936836673801452,31.48528285328307,25.780863259134907,31.48528285328307,201.9478416442871,165.32802963256836,38.11800834563842,172.57134312328256,175.05658790177105,40.22700092009066,36.04241136750866,40.22700092009066,40.922043833290104,34.76388572845379,40.922043833290104,171.70526892085624,172.719126857485,172.719126857485,171.70526892085624,49.998317015205444,46.0058033832913,49.998317015205444,27.969958944205413,27.969958944205413,30.812629593796455,24.442137079639398,3.109273440900034,176.3588045380268,33.47699302116358,19.847158417715963,6.9863721264032606,-1.40045166015625,39.857016536113704,0
camera2_clip_20260604_162209_5829,39,29.146129409321027,26.407748535518746,29.146129409321027,28.18901895934262,11.042201642529319,28.18901895934262,76.73904898609851,80.97641224598726,160.07828826186415,167.8210462890947,35.82876398969132,37.523192759130104,16.358230831248225,17.095406070663184,35.82876398969132,37.523192759130104,-35.727386474609375,-37.452880859375,26.407748535518746,11.042201642529319,167.8210462890947,37.523192759130104,23.913953382045197,174.84966334922134,175.23284491704328,0.3831815678219357,-119.14447132522459,2.278320225938785,27.61445451457223,21.08416723098724,27.61445451457223,202.55813217163086,165.7992820739746,23.13179742620917,174.84966334922134,175.23284491704328,20.08489454868377,21.354912450522246,21.354912450522246,23.528729278478583,23.446269509189246,23.528729278478583,171.3229319129536,172.00144978642103,172.00144978642103,171.3229319129536,23.50416266098765,21.45787545313816,23.50416266098765,25.48818154562161,25.48818154562161,26.626993353509775,26.408323663805056,3.1133965808696002,176.48630382838815,30.145439186828742,27.617631083562042,7.052973016306738,-0.681793212890625,23.071713682772568,0
camera2_clip_20260604_162209_5829,40,23.435252777786964,29.10450363978136,29.10450363978136,24.449687471348238,21.364517313674195,24.449687471348238,77.16181182980682,81.54152570114397,160.40526361682427,169.5903033878365,35.740725608751795,37.19490168179057,16.216474451750177,17.15369918019621,35.740725608751795,37.19490168179057,-35.64988708496094,-37.11827087402344,29.10450363978136,21.364517313674195,169.5903033878365,37.19490168179057,25.034074032865647,176.62906478557093,175.06332459719016,1.5657401883807722,-118.54732130738027,1.7794014363495876,28.07092833274763,23.77955466185547,28.07092833274763,203.27704620361328,165.9208526611328,21.873616841731767,176.62906478557093,175.06332459719016,17.72019102655163,14.02993729643335,17.72019102655163,27.479274311775864,17.246445432044084,27.479274311775864,170.46049121434854,172.08513160316906,172.08513160316906,170.46049121434854,20.30338255871428,16.84098391565416,20.30338255871428,27.94580482229736,27.94580482229736,29.38167353584328,29.024983608117388,3.124412810844685,176.5900946382914,32.58124043941929,29.704844786521175,7.145987654362665,0.17563629150390625,21.98538822819727,0
camera2_clip_20260604_162209_5829,41,32.732704431578235,72.9963895993944,72.9963895993944,33.12064297696134,42.31235155609963,42.31235155609963,77.57054723210756,81.34498167896353,160.80727072074262,172.50011858160252,35.7621185775613,36.28697441616003,16.251595719306504,16.676026923568607,35.7621185775613,36.28697441616003,-35.68193054199219,-36.13670349121094,72.9963895993944,42.31235155609963,172.50011858160252,36.28697441616003,42.29974497539445,177.64809244990062,174.77732072781563,2.8707717220849815,-117.61382421330046,1.019027664329684,37.423032174867004,35.21334911346604,37.423032174867004,204.18634796142578,165.6796875,28.222177264247456,177.64809244990062,174.77732072781563,30.263716081649754,9.647305015267769,30.263716081649754,41.62874234791124,20.617981969412956,41.62874234791124,170.1677487960106,173.67241798947944,173.67241798947944,170.1677487960106,22.44876390955614,17.94478589486384,22.44876390955614,30.58593295086355,30.58593295086355,30.41987268381137,34.69686590955448,2.9807642503757084,176.12163917171776,34.839495946921694,42.592426893059226,6.881502931614311,0.773651123046875,33.02914708925236,0
camera2_clip_20260604_162209_5829,42,52.03906620767543,68.85213494748665,68.85213494748665,42.92532940721654,42.51066444450374,42.92532940721654,77.7263711865256,81.64911279517511,161.79901567962418,175.26563920677881,35.29635812772437,35.499245121926045,16.043477063738738,16.142605151872402,35.29635812772437,35.499245121926045,-35.20552062988281,-35.29161071777344,68.85213494748665,42.51066444450374,175.26563920677881,35.499245121926045,47.605558183272045,177.16945028426534,173.977429565436,3.192020718829326,-117.14946698841305,-0.4786421656352786,39.119025300766964,40.18712879198293,40.18712879198293,205.08282470703125,164.85718154907227,36.498875808038505,177.16945028426534,173.977429565436,35.129101537802484,38.52885120046536,38.52885120046536,44.659643899954844,50.96903460100548,50.96903460100548,169.90307458950434,174.06351469585672,174.06351469585672,169.90307458950434,33.76688806011407,33.80227875985198,33.80227875985198,43.57499369486172,43.57499369486172,45.132523436728334,44.56902424504543,2.9946067156296836,175.87034896074414,45.657418111959025,43.969469785867204,6.930126318230619,1.4573135375976562,43.540762263235536,0
camera2_clip_20260604_162209_5829,43,57.06847220139957,84.18941021697356,84.18941021697356,59.63716484928706,64.55848931277541,64.55848931277541,77.19447313909733,82.43231339983676,161.82205086358297,177.31178443210592,35.21898841280068,34.76641590799624,16.23838608696218,15.564480113045754,35.21898841280068,34.76641590799624,-35.10870361328125,-34.55213928222656,84.18941021697356,64.55848931277541,177.31178443210592,34.76641590799624,63.929304355520344,177.49479519159047,174.4734193914245,3.02137580016597,-116.86586036395784,0.32534490732513177,50.06799066537839,68.05429888730812,68.05429888730812,206.40099334716797,163.53594589233398,55.9902580993236,177.49479519159047,174.4734193914245,41.052907786111284,74.41895179521367,74.41895179521367,45.90043284791571,82.20692582745635,82.20692582745635,169.77319486173081,172.70206864236448,172.70206864236448,169.77319486173081,46.09150174535545,61.336667600464615,61.336667600464615,41.610855520291096,41.610855520291096,39.60370049939306,46.02937423356438,2.6483200954564077,175.51569083440143,44.544651499503175,63.587344363273445,6.062682382016138,1.8080978393554688,61.21526781130326,0
camera2_clip_20260604_162209_5829,44,55.97839555468439,46.48602905706542,55.97839555468439,58.43916439795318,54.13825628282211,58.43916439795318,77.01080101745528,80.82551544328734,161.50555193507623,174.29657760927617,35.36289507176484,34.82250071311277,16.315368354144592,15.48626471031664,35.36289507176484,34.82250071311277,-35.25028991699219,-34.58882141113281,46.48602905706542,54.13825628282211,174.29657760927617,34.82250071311277,52.855455397372985,176.00039273430127,174.48535819333873,1.5150345409625459,-116.76429644257455,-1.4944024572891976,58.11684955810066,43.97403753361207,58.11684955810066,207.5378189086914,162.3475112915039,49.338364808786515,176.00039273430127,174.48535819333873,43.41352061843614,23.783959364903353,43.41352061843614,49.71467542631997,24.418584090663575,49.71467542631997,168.68009084593194,175.5296704508013,175.5296704508013,168.68009084593194,53.00678299985193,42.97679969857017,53.00678299985193,52.2846171780934,52.2846171780934,53.602883569667775,50.58179600642191,2.790626131813881,175.52925885434547,55.847990064980095,46.89615997213214,6.456320844458743,1.1800537109375,46.203921215248585,0
camera2_clip_20260604_162209_5829,45,49.16175028111465,45.996715389594584,49.16175028111465,58.97597406751237,47.95235546019322,58.97597406751237,77.71631278642036,80.9460656611669,161.01322625190446,174.4092518723292,35.38585711776747,34.99013826959975,16.456853427381528,15.584337531484431,35.38585711776747,34.99013826959975,-35.3167724609375,-34.76055908203125,45.996715389594584,47.95235546019322,174.4092518723292,34.99013826959975,52.73773033262566,175.8233932129064,175.1434747511036,0.6799184618027994,-116.505097879717,-0.17699952139486186,64.18506264470554,50.15452415263362,64.18506264470554,208.88793563842773,161.0910415649414,55.329722770982364,175.8233932129064,175.1434747511036,60.951216016044384,45.61915180762312,60.951216016044384,64.08036320311557,49.46885105161782,64.08036320311557,168.3266995369713,177.26218341584357,177.26218341584357,168.3266995369713,58.5898422416317,49.417714866974755,58.5898422416317,52.951754935492524,52.951754935492524,53.04465824465362,53.21612400425189,2.7608259695703734,175.03286538743578,56.33195393693208,54.88619235961177,6.469880188935372,1.1199798583984375,53.71279343189678,0
camera2_clip_20260604_162209_5829,46,48.86258356830167,62.26883972830455,62.26883972830455,51.894862205922,61.22811068951999,61.22811068951999,78.3310573042853,80.1155909640164,160.28803891919807,173.96671170778117,35.13615558914058,34.78216607202509,16.29476245098486,15.646338062248995,35.13615558914058,34.78216607202509,-35.0980224609375,-34.50984191894531,62.26883972830455,61.22811068951999,173.96671170778117,34.78216607202509,55.148563417252184,177.11863625885363,176.16696720276607,0.9516690560875531,-116.32227332631393,1.2952430459472168,56.90118223318161,49.735802078283285,56.90118223318161,210.19866943359375,159.99387741088867,51.279752694954595,177.11863625885363,176.16696720276607,53.172117867827325,45.04079994989559,53.172117867827325,55.19823862705165,43.47715738482677,55.19823862705165,167.85687667533873,177.53819712514874,177.53819712514874,167.85687667533873,53.43150580700623,46.08398576868011,53.43150580700623,58.31574988259301,58.31574988259301,59.34926586828947,54.82657159318356,2.954065718354541,175.0823306322102,58.93252195755017,47.45076421035373,6.977599711735182,1.383544921875,52.2745988257334,0
camera2_clip_20260604_162209_5829,47,46.36261631648475,75.32955073521127,75.32955073521127,44.95850052058012,58.54151320556218,58.54151320556218,79.07822327111285,79.40444879299913,159.4520320818947,175.31294081375026,34.519864957172054,34.00267994936265,15.944674867957957,15.408654871462515,34.519864957172054,34.00267994936265,-34.50654602050781,-33.63151550292969,75.32955073521127,58.54151320556218,175.31294081375026,34.00267994936265,52.89027284471967,179.03263848185594,177.331066893121,1.7015715887349359,-116.07263501810452,1.9140022230023135,49.663311132256695,42.486145158223,49.663311132256695,211.38224029541016,159.15111541748047,43.58874839023,179.03263848185594,177.331066893121,46.72330850853813,35.14147655799548,46.72330850853813,47.54369552228762,34.04190865308916,47.54369552228762,167.53601401511733,178.186522141037,178.186522141037,167.53601401511733,45.72228071067916,38.10870101770853,45.72228071067916,44.87772453965966,44.87772453965966,45.97396662696631,42.9822144740184,3.0761598394552054,175.3093358804838,48.8972426173421,39.80702017670129,7.358975563834889,1.5867080688476562,47.05191733655135,0
camera2_clip_20260604_162209_5829,48,34.09951895189939,42.47613126709687,42.47613126709687,34.77511460267829,26.90143033124548,34.77511460267829,80.11231537221111,79.0527289676536,158.44322083990187,177.33717458219493,33.86229725547467,33.52055381361242,15.475377125565597,15.302042203858447,33.86229725547467,33.52055381361242,-33.86204528808594,-33.03816223144531,42.47613126709687,26.90143033124548,177.33717458219493,33.52055381361242,33.15768549396975,179.72867828787184,177.40442730936144,2.324250978510406,-115.27294834146072,0.6960398060159037,44.69940860113625,15.994509209762233,44.69940860113625,212.0446434020996,158.79833221435547,22.514672499129908,179.72867828787184,177.40442730936144,38.9183872946879,17.765640999121874,38.9183872946879,44.1776313148309,14.562274705138945,44.1776313148309,167.5036586533497,179.57869158207316,179.57869158207316,167.5036586533497,27.49735776341374,10.230075193648203,27.49735776341374,42.16306767935432,42.16306767935432,45.22306474888916,37.867975765694396,3.3331619583176395,175.31100602308882,46.756731868747515,24.93368323942946,8.113681422918116,0.9678421020507812,29.341456686221672,0
camera2_clip_20260604_162209_5829,49,34.79273804384636,23.32965652698446,34.79273804384636,35.97710613976164,20.555399961477157,35.97710613976164,79.40202659769356,81.43956462541279,156.20923421948842,179.4567807670946,33.339125590395135,33.158527650985455,15.124780126234363,14.861577859994705,33.339125590395135,33.158527650985455,-33.339111328125,-32.80979919433594,23.32965652698446,20.555399961477157,179.4567807670946,33.158527650985455,31.145387895852497,179.85569321855925,177.99809737374775,1.8575958448114989,-115.18883733291389,0.12701493068740888,28.767690361739483,43.4497363413059,43.4497363413059,213.1663475036621,158.45320892333984,35.207913311033245,179.85569321855925,177.99809737374775,29.52340222218365,57.34988124263182,57.34988124263182,21.66512249916987,59.79375958539616,59.79375958539616,168.22481349275432,178.55824910052922,178.55824910052922,168.22481349275432,27.17884244323665,41.622400500767455,41.622400500767455,22.294741960669292,22.294741960669292,18.268424364179673,26.34095003129841,3.0464463713810193,174.72074048159385,16.569504058181924,39.999110622746855,7.302709338774491,0.695831298828125,35.33381132237505,0
camera2_clip_20260604_162209_5829,50,45.44805232541187,28.47982445698538,45.44805232541187,39.54396456678716,35.182092163119485,39.54396456678716,77.83804168969277,80.80526969125093,155.1638329724976,177.94937248006545,32.92069042045518,33.206226559855715,14.98053359380711,14.85705719567392,32.92069042045518,33.206226559855715,-32.91413879394531,-32.86030578613281,28.47982445698538,35.182092163119485,177.94937248006545,33.206226559855715,33.51414686757247,178.29373208786072,177.1665502124855,1.1271818753752143,-115.62927279376721,-1.5619611306985348,23.02703832649472,29.403909366636235,29.403909366636235,214.00823211669922,157.97637176513672,29.02635077650458,178.29373208786072,177.1665502124855,25.312965127194797,37.11862295293336,37.11862295293336,24.031193148592386,42.57534526032317,42.57534526032317,168.20886589000511,178.7667524282601,178.7667524282601,168.20886589000511,29.013234737140394,36.468705658943925,36.468705658943925,23.487975037522578,23.487975037522578,21.646937658247957,24.950472848528825,2.922060828782847,174.18866189975327,18.835456156528505,27.516340903496758,6.957735340354937,0.6304244995117188,32.96707900754691,0
camera2_clip_20260604_162209_5829,51,33.751725215453085,19.055785368553448,33.751725215453085,38.4804141351528,23.41588654390276,38.4804141351528,76.60776953240534,81.21398395533997,152.9693860607527,174.3922867154875,32.825798395221305,33.7760544487099,14.959545450353769,14.796043719888356,32.825798395221305,33.7760544487099,-32.81544494628906,-33.56996154785156,19.055785368553448,23.41588654390276,174.3922867154875,33.7760544487099,27.234156500522605,175.75140858574616,176.71717541979808,0.9657668340519194,-115.96089177768155,-2.542323502114556,27.98261092082443,20.718516819249118,27.98261092082443,214.77497100830078,157.52938079833984,26.625561159591697,175.75140858574616,176.71717541979808,25.69802540778826,16.625048411925583,25.69802540778826,15.666185492159507,21.737663311349813,21.737663311349813,169.0697314105247,179.68952601615106,179.68952601615106,169.0697314105247,29.91950191153824,28.7539866993316,29.91950191153824,17.022557766435284,17.022557766435284,14.936698690884606,17.758974736307376,2.7744597277580723,173.5610159855679,13.923402038126282,21.80436141325697,6.541765683295039,0.1020660400390625,25.150445853102386,0
camera2_clip_20260604_162209_5829,52,42.19739601426968,15.9364809909594,42.19739601426968,35.26017075677363,5.4955531646971325,35.26017075677363,74.75962202475048,81.48510022732822,151.7303286373605,172.24409193084483,32.53803037999162,34.471052744167885,14.781349525953956,15.124572253387036,32.53803037999162,34.471052744167885,-32.498748779296875,-34.33349609375,15.9364809909594,5.4955531646971325,172.24409193084483,34.471052744167885,22.80570141275913,174.11687259846767,175.87202546661706,1.7551528681493949,-116.74097481967533,-1.6345359872784968,22.341341661764975,15.603265888089972,22.341341661764975,215.23580169677734,156.99991607666016,21.05773096633677,174.11687259846767,175.87202546661706,18.103602189308646,46.43005922154019,46.43005922154019,16.968190904325578,47.74958833673741,47.74958833673741,170.05571299854947,177.9068275741396,177.9068275741396,170.05571299854947,24.417912443350414,27.736273346745374,27.736273346745374,21.0625083205282,21.0625083205282,22.22777453264261,19.77159277686892,2.9397680087400984,174.01361176314595,21.11420756966965,17.950800731542277,6.89457388062981,0.3790435791015625,26.519986243213534,0
camera2_clip_20260604_162209_5829,53,37.77229797545151,36.78391958884242,37.77229797545151,32.00100772243765,19.73095012842056,32.00100772243765,73.62821317655813,82.83760683575397,149.956098142784,171.47597969223534,32.08903640485257,35.11545644844719,14.607078496344007,15.451018199010564,32.08903640485257,35.11545644844719,-32.0390625,-35.05281066894531,36.78391958884242,19.73095012842056,171.47597969223534,35.11545644844719,27.97200067790007,172.45049718025055,175.2333098566772,2.7828126764266585,-117.25816013883002,-1.6663754182171147,24.195397735762125,17.348430916486166,24.195397735762125,215.2419776916504,156.3784294128418,18.645520496759314,172.45049718025055,175.2333098566772,14.774352854749983,27.43900603398112,27.43900603398112,22.26793294006524,33.8977053724456,33.8977053724456,170.73640894362714,176.70597739429783,176.70597739429783,170.73640894362714,18.84139301132255,17.764158050884262,18.84139301132255,20.548812241503253,20.548812241503253,21.295146974930653,21.281129693329838,3.043461999020071,173.50205188570376,21.839947966111367,21.957490264717666,7.116088356134528,0.5338287353515625,25.234712694237434,0
camera2_clip_20260604_162209_5829,54,43.07631149287743,43.63550250276542,43.63550250276542,35.151623254546216,48.78087871366572,48.78087871366572,73.60417120836881,81.7099236389311,148.83031169196542,170.73843498268405,31.421204012568282,34.539017113783544,14.457111014330927,15.586499499381809,31.421204012568282,34.539017113783544,-31.388381958007812,-34.44953918457031,43.63550250276542,48.78087871366572,170.73843498268405,34.539017113783544,38.72029779035915,172.69600254044423,174.68108347094147,1.9850809304972472,-117.0280435140415,0.24550536019367541,21.66600881924785,40.01146195905227,40.01146195905227,214.5663070678711,155.76857376098633,27.305846208175396,172.69600254044423,174.68108347094147,29.849293260929137,33.16040743338533,33.16040743338533,42.13161013332947,27.809958352276727,42.13161013332947,171.67271571858396,177.04014929432276,177.04014929432276,171.67271571858396,20.684526443727588,36.96435527973596,36.96435527973596,20.131817947095612,20.131817947095612,20.90050593505569,21.263977603535626,3.4263359301639067,173.0808589858822,21.735299532813006,33.96686028938862,8.188892023346655,1.2928695678710938,35.243494803794924,0
camera2_clip_20260604_162209_5829,55,31.60432000626501,34.35921499518698,34.35921499518698,15.967988604071742,27.849018170807057,27.849018170807057,74.64557553256228,80.4487485367401,147.68417384109674,168.34455882577544,31.432094557470652,34.16587609061646,14.40478476832783,15.45295514936344,31.432094557470652,34.16587609061646,-31.425506591796875,-34.06932067871094,34.35921499518698,27.849018170807057,168.34455882577544,34.16587609061646,25.786600958449835,173.22678349041334,175.35620905937134,2.1294255689579984,-116.426638914991,0.5307809499691132,19.360543309016236,25.578520665351995,25.578520665351995,214.14570236206055,155.22502899169922,20.61830039776359,173.22678349041334,175.35620905937134,29.647107479688522,47.51974407999752,47.51974407999752,28.744404108252922,35.20527443751706,35.20527443751706,170.79295794002272,179.15891503108313,179.15891503108313,170.79295794002272,15.6824982162223,26.724517432723562,26.724517432723562,19.07016255829823,19.07016255829823,20.581565414485794,21.87436137054812,3.691235979287076,172.53952054229813,22.944189789337628,29.37563495460188,8.829879765739017,0.8327789306640625,28.186929292091744,0
camera2_clip_20260604_162209_5829,56,35.32810457434437,79.09798172289955,79.09798172289955,26.09674849278255,55.6398050777629,55.6398050777629,75.87302696745232,77.68605189250195,147.48326847916107,164.45136970008656,31.424770759937743,32.59892101405926,14.376893374446247,14.650645610593184,31.424770759937743,32.59892101405926,-31.424713134765625,-32.45452880859375,79.09798172289955,55.6398050777629,164.45136970008656,32.59892101405926,42.58707627433857,174.17837442375114,175.8087086902036,1.6303342664524507,-115.84661952963832,0.9515909333377977,26.519092741982735,32.84072503625931,32.84072503625931,213.7672462463379,154.35588455200195,28.43900454879001,174.17837442375114,175.8087086902036,43.480541070181495,54.43660248750207,54.43660248750207,47.955715848568246,31.895866413181903,47.955715848568246,168.54049452282868,177.93013399140827,177.93013399140827,168.54049452282868,25.07047618719362,32.536885608669266,32.536885608669266,25.84798263402037,25.84798263402037,27.372586144442803,25.71951262298937,3.895617467066577,172.14056146286555,30.190256529870904,30.069387199750523,9.373982142039441,1.7580337524414062,40.90821210511067,0
camera2_clip_20260604_162209_5829,57,49.93758383011391,80.95833132198075,80.95833132198075,19.78438135914519,48.42439807019765,48.42439807019765,78.76509774706027,75.05535557022297,146.57399006643246,158.5167509166284,31.345332548176152,30.900625375447678,14.0235695756335,13.408583414310291,31.345332548176152,30.900625375447678,-31.301437377929688,-30.742401123046875,80.95833132198075,48.42439807019765,158.5167509166284,30.900625375447678,43.02536150991593,174.5835236233022,176.48403656339593,1.9005129400937335,-114.89919714018738,0.40514919955106166,29.474670742307982,29.5728037357501,29.5728037357501,213.67869567871094,153.4351692199707,27.748912286755015,174.5835236233022,176.48403656339593,53.61896198108195,84.0779211903932,84.0779211903932,71.73331505764958,64.16647080642828,71.73331505764958,166.31823807024173,172.30406417003056,172.30406417003056,166.31823807024173,25.925279347521865,33.4456294898661,33.4456294898661,22.814707586458812,22.814707586458812,24.530938908288537,21.999442219796396,3.9445776947058198,170.98141069829114,30.020052974287402,23.360950379370962,9.514223808747282,1.8756179809570312,49.25997891103639,0
camera2_clip_20260604_162209_5829,58,56.10872663171717,86.29483109348037,86.29483109348037,29.24819889291796,50.89092640214529,50.89092640214529,81.25621494461036,73.41502289581027,145.49389265785962,154.92652716170534,30.700075348947067,28.901446640505128,13.715284429284088,12.152796120726393,30.700075348947067,28.901446640505128,-30.53656005859375,-28.725784301757812,86.29483109348037,50.89092640214529,154.92652716170534,28.901446640505128,45.70629406911166,175.12094112476726,177.04419142693345,1.9232503021661955,-113.41530795464605,0.5374175014650575,24.37114699881503,27.32393439559412,27.32393439559412,213.65259170532227,152.76675415039062,20.06773804895747,175.12094112476726,177.04419142693345,46.06972967670945,87.36523682172859,87.36523682172859,86.66918247417918,71.32075911246373,86.66918247417918,163.71045781577325,165.9937175205217,165.9937175205217,163.71045781577325,17.269666235077395,26.45061753140065,26.45061753140065,21.190063337326016,21.190063337326016,19.363502042261704,21.12379896641102,3.645111399685428,170.47265707065526,19.401885040191544,27.826048817907697,8.877251005227105,2.1646194458007812,50.78191302218574,0
camera2_clip_20260604_162209_5829,59,79.99312507265128,143.12166953626962,143.12166953626962,42.23726572859299,33.40767503343042,42.23726572859299,85.40180191722729,75.88156639984653,143.94522003456774,150.5005786031372,30.13190992724425,24.76186550202093,12.935045398326565,8.484788635641431,30.13190992724425,24.76186550202093,-29.670791625976562,-24.688735961914062,143.12166953626962,33.40767503343042,150.5005786031372,24.76186550202093,55.9803133684415,174.4981940093333,176.47271767541247,1.9745236660791647,-112.56206073285253,-0.6227471154339526,20.282035707030097,16.840109132674545,20.282035707030097,213.35531616210938,152.15332794189453,20.44989035853667,174.4981940093333,176.47271767541247,28.38642764004559,76.8970165403346,76.8970165403346,84.00973711709392,89.05768853879658,89.05768853879658,161.2353258916817,162.67233881499638,162.67233881499638,161.2353258916817,22.922840319130874,27.44280508487619,27.44280508487619,20.928762064566904,20.928762064566904,20.097604972562632,18.85402167321415,3.337674354136622,170.2819295568173,18.55068520622308,23.558821236482085,8.264549376761638,3.0668563842773438,55.38319962091057,0
camera2_clip_20260604_162209_5829,60,118.78358391299419,92.17790533553705,118.78358391299419,56.14743314459213,20.690155459169464,56.14743314459213,88.56352586600116,78.08231653807904,136.75421481237902,137.8916765296582,29.1396474029492,22.93080450894038,12.34752427916176,7.212502342710727,29.1396474029492,22.93080450894038,-28.08795166015625,-22.930572509765625,92.17790533553705,20.690155459169464,137.8916765296582,22.93080450894038,56.68133100793764,174.84582917083353,176.83771688127942,1.9918877104458943,-111.80982788605232,0.34763516150022156,29.86518113225285,22.423727063080115,29.86518113225285,212.88750839233398,151.68170547485352,19.928489024310668,174.84582917083353,176.83771688127942,13.629404399604356,68.46145833409737,68.46145833409737,67.41684179903305,82.22207747857098,82.22207747857098,159.9625940624979,159.52792109138719,159.52792109138719,159.9625940624979,24.379881286391843,17.42336926044728,24.379881286391843,27.38028072668802,27.38028072668802,35.19520475666657,13.719019051709896,2.6178378587504243,169.36200408128852,42.87564261288979,16.934991053638843,6.425685667733677,2.3146820068359375,51.13508488381422,0
camera2_clip_20260604_162209_5829,61,132.60306726891218,70.91992318087536,132.60306726891218,82.09896667205535,48.45512640523314,82.09896667205535,94.42483338489262,83.20823418733578,132.86756960243736,138.38746239089565,28.18810767941003,23.504721590716546,11.836448035623091,7.663796591669332,28.18810767941003,23.504721590716546,-26.070693969726562,-23.387954711914062,70.91992318087536,48.45512640523314,138.38746239089565,23.504721590716546,62.171193813237785,174.91474744571545,177.30072198348324,2.385974537767794,-110.2504419270543,0.06891827488192348,25.354405743404154,13.595673608946521,25.354405743404154,212.08388900756836,151.55559158325195,24.40364616821378,174.91474744571545,177.30072198348324,3.408233883590499,64.11927006413083,64.11927006413083,60.00462899463639,80.82856090790555,80.82856090790555,158.55545028572766,158.17121964381124,158.17121964381124,158.55545028572766,36.751334917681994,33.61764803347006,36.751334917681994,24.1432439178613,24.1432439178613,26.01726261426486,18.066230691881607,2.3331274211109934,168.51457744622283,24.71904625712091,12.095089874664936,5.789580087121271,1.1808624267578125,54.31306997340349,0
camera2_clip_20260604_162209_5829,62,118.20573606785597,60.31618598703126,118.20573606785597,68.19614712208593,36.554004494313105,68.19614712208593,100.47900676494534,87.860267437926,131.02731187783718,136.95545526318935,28.10490442314027,22.924489523906875,12.32004103055541,7.6345177240378606,28.10490442314027,22.924489523906875,-24.390884399414062,-22.50335693359375,60.31618598703126,36.554004494313105,136.95545526318935,22.924489523906875,50.22613327090165,174.45599200468433,177.30703649777803,2.8510444930936956,-107.76037582099458,-0.45875544103111565,8.601217104937412,9.483508849186226,9.483508849186226,211.46734619140625,151.7149314880371,19.104000221844704,174.45599200468433,177.30703649777803,21.019723508737513,62.39448797617702,62.39448797617702,54.545062947390484,80.05043459999617,80.05043459999617,157.4711948877272,157.7344088552433,157.7344088552433,157.4711948877272,40.86467153714893,39.07146536850881,40.86467153714893,8.258957414071567,8.258957414071567,7.754641232395389,4.254805628668789,2.0963805487319784,167.30355557189176,4.7378915978750795,13.051014904752513,5.348647228865665,1.4124679565429688,49.94188713028074,0
camera2_clip_20260604_162209_5829,63,101.91703846791609,101.04242140311776,101.91703846791609,50.243284122935144,48.61678336657831,50.243284122935144,106.02989562802223,91.41869699131188,127.020991945815,128.4415959855551,27.992236626781345,20.5619154448861,12.407730106404646,6.631786340650359,27.992236626781345,20.5619154448861,-22.427108764648438,-19.76031494140625,101.04242140311776,48.61678336657831,128.4415959855551,20.5619154448861,54.11279230699631,175.97788295120284,177.74197812450006,1.7640951732972212,-105.80703089723758,1.5218909465185106,8.243879400519097,14.61334708091145,14.61334708091145,211.17679977416992,151.6929473876953,8.741308203754985,175.97788295120284,177.74197812450006,20.481897533293246,45.05030428497816,45.05030428497816,47.72303199268871,65.4098766982793,65.4098766982793,157.8590026632932,157.92872287864782,157.92872287864782,157.8590026632932,21.40494918318768,28.189366123988552,28.189366123988552,15.511187434193063,15.511187434193063,16.030760382259526,15.344724032923125,2.11808853628398,167.0619219378378,19.05068363159823,13.523116254704645,5.532786448654111,2.6783523559570312,46.0780149715328,0
camera2_clip_20260604_162209_5829,64,88.90625320335677,18.151917100248905,88.90625320335677,45.894972148152576,31.51357259644592,45.894972148152576,111.38147702471238,92.60777664631235,125.53616616259386,132.5000614359093,27.750009368742738,22.094465573898063,12.461519328741142,8.154571081707783,27.750009368742738,22.094465573898063,-20.356002807617188,-20.965179443359375,18.151917100248905,31.51357259644592,132.5000614359093,22.094465573898063,41.2107262215059,176.6148774553734,178.96465478999704,2.3497773346236386,-103.31603853330961,0.6369945041705591,23.57014604738643,39.22749623344478,39.22749623344478,211.43671798706055,151.56421661376953,8.701504501694416,176.6148774553734,178.96465478999704,17.932871396771855,36.81162679508209,36.81162679508209,31.10848080313261,53.89426173492995,53.89426173492995,159.24845309745731,156.96482502981198,156.96482502981198,159.24845309745731,16.63649052229169,11.605034799850285,16.63649052229169,28.137806215753834,28.137806215753834,26.335474692194694,28.436064993842372,2.0534178264160197,165.83829299178686,28.627247123935433,31.659289915430314,5.408900882392059,0.9847640991210938,34.60442694842449,0
camera2_clip_20260604_162209_5829,65,67.05418177959892,13.23476952581336,67.05418177959892,38.524659468961325,21.552565651874026,38.524659468961325,117.85779023172904,94.75818385600977,127.73374924752883,136.51612640046375,28.08680444011588,22.02866097378282,12.634274516128372,8.25058457670622,28.08680444011588,22.02866097378282,-18.538284301757812,-20.740097045898438,13.23476952581336,21.552565651874026,136.51612640046375,22.02866097378282,33.23298454383427,176.57520899824468,179.8639794421814,3.288770443936727,-100.98178968632728,-0.039668457128726686,45.15677658359961,13.874954253158352,45.15677658359961,211.7444076538086,151.55974197387695,9.231666051321568,176.57520899824468,179.8639794421814,27.657856255596048,24.96679567210802,27.657856255596048,18.09441827022666,52.19412439001069,52.19412439001069,160.6619796477428,159.4036658477745,159.4036658477745,160.6619796477428,9.913893652976281,24.4076708285127,24.4076708285127,54.925962834181924,54.925962834181924,64.20381994605069,47.010922959906445,2.6642067580921394,168.11577838808213,75.11947967311056,24.47296628173869,7.1980023848416375,1.2703399658203125,29.719388861036332,0
camera2_clip_20260604_162209_5829,66,87.57044999781584,130.04828452305833,130.04828452305833,47.2181861590704,46.58353141177435,47.2181861590704,122.50617012377715,100.09660720163264,126.04902254235913,125.303602776875,27.235829769160116,18.634666233899193,12.426045885827458,6.410959288801143,27.235829769160116,18.634666233899193,-15.95013427734375,-16.69091796875,130.04828452305833,46.58353141177435,125.303602776875,18.634666233899193,68.20043504770275,176.47574827266376,-179.59561025449108,356.07135852715487,-98.82199565730446,-0.09946072558091146,50.33913651239339,47.4430216821042,50.33913651239339,212.75900268554688,151.54700088500977,30.440250859613048,176.47574827266376,-179.59561025449108,35.836640904778974,8.462057338058548,35.836640904778974,21.122608436539423,51.63378331344326,51.63378331344326,163.55690540709483,163.3699227261597,163.3699227261597,163.55690540709483,17.2737600028413,10.854447901399903,17.2737600028413,62.08574747794159,62.08574747794159,63.47626239361796,64.90331837207601,2.6167710903983394,167.9772301294673,65.93752558991451,65.10778819694617,7.224637533023677,3.5579376220703125,46.19882568193983,0
camera2_clip_20260604_162209_5829,67,141.9622640421409,40.83735729862041,141.9622640421409,89.05200913326686,19.39356423687067,89.05200913326686,127.26850518958048,104.25493636101737,122.55817825476531,121.47560897363478,25.13753476039651,18.1146010840837,12.103622890994014,6.109799474690007,25.13753476039651,18.1146010840837,-12.105697631835938,-15.53167724609375,40.83735729862041,19.39356423687067,121.47560897363478,18.1146010840837,64.50526077777286,173.18617171833205,-179.99294052298347,353.1791122413155,-97.24837226197464,-3.289576554331717,49.14812300357012,46.63824695216821,49.14812300357012,213.8577766418457,151.4049949645996,33.237372032471264,173.18617171833205,-179.99294052298347,24.05387228424219,22.684896590551567,24.05387228424219,19.110351640133157,23.746113551813693,23.746113551813693,165.49914712895801,167.17950493608308,167.17950493608308,165.49914712895801,19.868724254474177,20.296325688755953,20.296325688755953,58.855743939092214,58.855743939092214,58.21313965594291,62.72739405541431,2.4636162496088736,167.5568349919242,55.318857828121324,65.9873116036602,6.864743518391335,2.8634567260742188,43.06598738971733,0
camera2_clip_20260604_162209_5829,68,147.32589760240916,18.41700228304935,147.32589760240916,98.94915680442699,42.43420985913544,98.94915680442699,135.7343835116342,106.72222963392908,123.36108529785793,114.8095606655019,24.355539443783194,18.72555635940449,12.166433766386739,6.298864854014308,24.355539443783194,18.72555635940449,-8.172622680664062,-15.432144165039062,18.41700228304935,42.43420985913544,114.8095606655019,18.72555635940449,71.1784870473031,166.8046126862915,179.36601117448083,12.561398488189326,-95.9585737809223,-6.381559032040542,62.89677427365167,57.04788146114599,62.89677427365167,215.38852310180664,151.17475128173828,46.43896198627227,166.8046126862915,179.36601117448083,20.973545187444582,29.07328164840285,29.07328164840285,25.397191493813754,14.258676332929884,25.397191493813754,167.21841018894563,170.07986747703492,170.07986747703492,167.21841018894563,35.7064527254872,34.36779510245368,35.7064527254872,72.21995329088647,72.21995329088647,74.703163321725,71.60361291224773,2.5652384040607044,167.12073148397528,73.65933993468383,66.70018656078769,7.086617487696575,2.3713302612304688,48.90398873119588,0
camera2_clip_20260604_162209_5829,69,175.7057471897139,126.67957024448651,175.7057471897139,129.71093411643565,60.99067729384072,129.71093411643565,145.59062516820023,113.0374340737986,125.670480241379,99.77735840656528,23.409277349622368,16.628722598555363,12.397184770747037,6.412479632230513,23.409277349622368,16.628722598555363,-3.63275146484375,-11.681549072265625,126.67957024448651,60.99067729384072,99.77735840656528,16.628722598555363,107.67196196998816,164.9076383792214,179.65775647497205,14.75011809575065,-94.53757842361603,-1.89697430707011,83.47260735739093,69.47223561806139,83.47260735739093,217.4667510986328,150.8255386352539,63.220906125514134,164.9076383792214,179.65775647497205,30.64803918372853,56.47135719030471,56.47135719030471,18.613065892731935,15.700145650529914,18.613065892731935,168.8858810442373,174.15835522278752,174.15835522278752,168.8858810442373,53.03160026166595,47.7373887483651,53.03160026166595,107.7610401132308,107.7610401132308,113.15585457907099,107.87405927763211,2.7898153821596847,169.96632399325333,108.65826165743431,93.96276432969398,7.643188407888597,4.692840576171875,72.35278072893793,0
camera2_clip_20260604_162209_5829,70,208.10355652407657,151.75752008784596,208.10355652407657,149.91366120214207,81.87731816258392,149.91366120214207,155.83285999485045,121.08168779204382,126.8047172692909,88.59419487468526,22.611566324561803,15.512261257892167,12.37733200090841,7.400228223182165,22.611566324561803,15.512261257892167,0.721038818359375,-7.8577423095703125,151.75752008784596,81.87731816258392,88.59419487468526,15.512261257892167,131.88439145349489,163.29443027544758,179.31392688737319,16.019496611925604,-92.5241593060987,-1.6132081037738146,107.34971691468665,92.3045758296341,107.34971691468665,219.95939254760742,149.87195587158203,80.06449482939674,163.29443027544758,179.31392688737319,37.2423679726743,62.114518266961994,62.114518266961994,9.026191673503902,37.11554472135897,37.11554472135897,170.3492561957213,176.36154711262503,176.36154711262503,170.3492561957213,62.03090476522085,58.80461977366667,62.03090476522085,125.41059416999563,125.41059416999563,129.5317389018846,128.69839071067764,2.8477287303696937,171.92208479949028,126.48962958010105,124.14626049999337,7.782970596882062,5.34033203125,88.13670799119633,0
camera2_clip_20260604_162209_5829,71,158.326673182926,105.77648583806875,158.326673182926,141.25609123868605,87.81132739659628,141.25609123868605,162.39175602219808,125.01308892702112,129.91981700839946,88.00072718022244,22.97431582716071,15.14943546068684,13.289861567047996,7.734746810496616,22.97431582716071,15.14943546068684,3.4865264892578125,-6.2357177734375,105.77648583806875,87.81132739659628,88.00072718022244,15.14943546068684,113.40265344434063,164.27903276802496,179.26008594139103,14.981053173366064,-90.76047388716358,0.9846024925773804,107.21619248274136,80.02915052702546,107.21619248274136,222.19745254516602,148.56669998168945,77.72608919593289,164.27903276802496,179.26008594139103,32.783387560108295,66.9124222409715,66.9124222409715,3.8161779505491364,84.52006872700602,84.52006872700602,170.03588871491397,176.1494835832312,176.1494835832312,170.03588871491397,67.87948191183195,56.974485256494944,67.87948191183195,126.57555364658481,126.57555364658481,132.4177710230956,125.29571184354027,3.1526841176958524,174.883388023794,125.67425673571634,109.63394767015123,8.449705830642563,3.6172943115234375,82.7751620260838,0
camera2_clip_20260604_162209_5829,72,160.4926499511693,149.2574659685509,160.4926499511693,132.6862472678676,97.59830030355596,132.6862472678676,165.15534630118344,131.07622614612737,127.42320883099048,84.0918321655292,22.632069582355513,14.675128750674759,13.568928417131021,8.855139825334637,22.632069582355513,14.675128750674759,5.3174896240234375,-3.0609283447265625,149.2574659685509,97.59830030355596,84.0918321655292,14.675128750674759,123.53891815532796,169.39630004750447,-179.01326948062317,348.40956952812763,-88.76938709492786,5.117267279479506,120.69466222190972,80.5041832189142,120.69466222190972,224.66700744628906,147.49097442626953,80.81026043900567,169.39630004750447,-179.01326948062317,55.27079592519866,64.15368186604681,64.15368186604681,18.726136069566042,104.5535389857008,104.5535389857008,170.94509968351713,173.99784897713837,173.99784897713837,170.94509968351713,73.83136572139773,54.34972526788839,73.83136572139773,137.01817107541746,137.01817107541746,143.29996779695736,136.85571506218753,3.457013939934365,179.36610381245274,136.5823713966762,118.1851478121732,9.262804502211608,3.6661911010742188,92.67656273064716,0
camera2_clip_20260604_162209_5829,73,178.4328370951807,119.38273164239286,178.4328370951807,153.918262623835,118.8071054366064,153.918262623835,164.58442342127114,137.076626178428,122.18336894087531,89.64605361583364,21.20006025382036,14.12799392768024,13.598171197052194,8.268868826507049,21.20006025382036,14.12799392768024,6.3620452880859375,-1.7465362548828125,119.38273164239286,118.8071054366064,89.64605361583364,14.12799392768024,129.91318614698508,175.07203052032844,-177.3653172727616,352.43734779309,-86.01495598062728,5.675730472823972,121.03035337305664,87.90782671083886,121.03035337305664,227.1116180419922,146.75482559204102,76.59133412915583,175.07203052032844,-177.3653172727616,56.78999414808392,83.18322710995194,83.18322710995194,30.294694812139664,135.26215791164842,135.26215791164842,172.6959711938829,172.80148697867034,172.80148697867034,172.6959711938829,58.759594147427066,45.33759624032678,58.759594147427066,147.88290265646202,147.88290265646202,154.36490853894796,144.46093117960677,3.836029158375319,-177.5756961400096,144.03457725604557,122.80462095023007,10.083140379277275,2.0177078247070312,99.09219843762402,0
camera2_clip_20260604_162209_5829,74,136.0037136698029,117.62828908508413,136.0037136698029,126.20722577287458,95.93380598344311,126.20722577287458,162.87877191867096,143.48035151091952,118.1177539828158,90.58657768123321,20.48488182601216,13.2898674314267,13.682903900409094,7.443132773819222,20.48488182601216,13.2898674314267,6.660224914550781,-0.5708160400390625,117.62828908508413,95.93380598344311,90.58657768123321,13.2898674314267,111.13700851542957,179.72621931520248,-175.91408853721063,355.6403078524131,-83.60501335091602,4.654188794874045,110.29095688859209,80.75805969278062,110.29095688859209,229.44908142089844,146.10991668701172,72.74392269573121,179.72621931520248,-175.91408853721063,53.887950280875735,83.69444822229626,83.69444822229626,33.77471705747921,156.09358109658893,156.09358109658893,173.9106718085969,170.43660317554486,170.43660317554486,173.9106718085969,58.456311472384826,49.57044182500134,58.456311472384826,131.79836278148028,131.79836278148028,135.2872674314012,130.3736324083893,4.030485336775359,-174.80770185542437,124.49458817025052,114.52115278148437,10.492490846034405,1.2479667663574219,91.85829175393364,0
camera2_clip_20260604_162209_5829,75,135.28391216174003,94.82245522883922,135.28391216174003,136.88128955985215,58.49345576208185,136.88128955985215,161.14416728989767,144.14769776709088,117.38555379565038,84.17288036097679,19.242462632522756,11.927369644688415,13.588722215354446,6.516402195713812,19.242462632522756,11.927369644688415,6.573883056640625,-0.6094512939453125,94.82245522883922,58.49345576208185,84.17288036097679,11.927369644688415,96.08339273476162,-177.16179974394885,-175.09065410186994,2.0711456420789034,-81.87146755871176,-356.88801905915136,97.17200752423851,53.8472361718179,97.17200752423851,231.4060821533203,146.26533126831055,58.89486397727768,-177.16179974394885,-175.09065410186994,51.97744072980525,93.97711879156049,93.97711879156049,32.0614766870763,182.44293579850782,182.44293579850782,175.40749510066823,168.40685790496673,168.40685790496673,175.40749510066823,50.97088486401369,37.10015400244278,50.97088486401369,115.17071723946478,115.17071723946478,122.49488871299214,116.09178511467779,4.255170356008054,-170.1283272514838,114.40426688119089,99.24549004162188,10.966775976530105,-0.4930915832519531,85.419197273498,0
camera2_clip_20260604_162209_5829,76,125.21273036420556,78.25111563933143,125.21273036420556,106.88191564828601,72.42873852720516,106.88191564828601,165.69950904641198,146.42722984243596,119.78310017684802,88.80258415789578,18.1978992298974,11.232509249887293,13.229566200635741,5.513941327882086,18.1978992298974,11.232509249887293,7.638999938964844,-0.8188629150390625,78.25111563933143,72.42873852720516,88.80258415789578,11.232509249887293,87.19468461046675,-174.0235303179258,-173.56391236811962,0.4596179498061872,-80.33543562915712,3.1382694260230437,83.70141736107404,56.69219012269828,83.70141736107404,233.1982421875,146.6628875732422,55.071769023081636,-174.0235303179258,-173.56391236811962,40.38501871942879,89.8981545102828,89.8981545102828,20.76884044397356,176.99223683260416,176.99223683260416,176.4217593361659,165.84845003815457,165.84845003815457,176.4217593361659,43.97539463873298,38.6244012839912,43.97539463873298,97.95750819483494,97.95750819483494,106.31893009812511,101.6534342627892,4.429943005292868,-165.58906488211574,104.41056302983394,91.90441142785467,11.385548151118051,-0.07769393920898438,77.81767950765116,0
camera2_clip_20260604_162209_5829,77,89.88998843870611,149.24156435075287,149.24156435075287,90.77376398055353,90.65330823819274,90.77376398055353,162.71612661112871,139.99390791414962,115.50527252625203,98.09209200099909,17.564686455911527,11.332718506967966,13.466885980003283,3.364213879870067,17.564686455911527,11.332718506967966,7.838279724121094,-4.412445068359375,149.24156435075287,90.65330823819274,98.09209200099909,11.332718506967966,93.0420606907522,-172.80862083589028,-172.69552027756401,0.11310055832626631,-78.897121785024,1.214909482035523,67.89026558801342,69.80347354829445,69.80347354829445,235.04147720336914,146.8772201538086,55.66963625654949,-172.80862083589028,-172.69552027756401,37.308216320334324,99.65414034777864,99.65414034777864,23.687849856944034,148.6942038388923,148.6942038388923,177.0909463978353,166.10695833702383,166.10695833702383,177.0909463978353,37.54119875558686,49.87906754031876,49.87906754031876,90.43811151238808,90.43811151238808,93.9576273451104,89.69284016965918,4.586273610155195,-164.24203330925985,86.13983383712133,82.48032835814749,11.543845294557613,-2.1951141357421875,79.584753400364,0
camera2_clip_20260604_162209_5829,78,307.90279031752374,91.58663168177905,307.90279031752374,158.35088111510564,96.26834566060477,158.35088111510564,138.54064588650536,138.8416363641914,95.34540703967818,106.2644289199306,10.817969682487874,11.335028258730777,8.370942494740998,3.189624150230552,10.817969682487874,11.335028258730777,1.6799163818359375,-4.87738037109375,91.58663168177905,96.26834566060477,106.2644289199306,11.335028258730777,136.02100315061514,-169.5021524633336,-171.11929868622565,1.6171462228920461,-77.89979694974753,3.3064683725566795,77.50004941070259,84.51732071797504,84.51732071797504,237.4219856262207,146.9950942993164,71.502749589801,-169.5021524633336,-171.11929868622565,47.508210783300704,106.29353825260206,106.29353825260206,35.839558112035256,126.23209692009966,126.23209692009966,177.27362157014508,167.1417471586448,167.1417471586448,177.27362157014508,55.14489171019327,73.9506857825204,73.9506857825204,93.30698081909576,93.30698081909576,96.65055249754711,95.98576089534903,4.636693753874956,-161.34702887790584,91.3469396061884,92.42378894289011,11.594928394410156,-3.738780975341797,105.0912500387035,0
camera2_clip_20260604_162209_5829,79,160.59412501705978,228.74840771545857,228.74840771545857,131.96928494785388,146.70806967838902,146.70806967838902,118.74118963947456,124.62118865364192,69.83496998181877,153.03858534015075,7.786866359901975,15.429123656927395,7.708957386431702,4.560213923936108,7.786866359901975,15.429123656927395,0.958282470703125,-11.4078369140625,228.74840771545857,146.70806967838902,153.03858534015075,15.429123656927395,135.18713338838853,-169.3239925504869,-170.5443112480076,1.220318697520696,-77.78673854480915,0.17815991284669508,69.4818976487056,73.6210153228643,73.6210153228643,239.65453720092773,147.7075538635254,70.30431457544928,-169.3239925504869,-170.5443112480076,53.7203836570232,123.23092367001163,123.23092367001163,40.44111595388835,158.46651049210942,158.46651049210942,176.69158636859763,167.8034306335775,167.8034306335775,176.69158636859763,62.007154976559995,76.34565243859855,76.34565243859855,84.67416077711425,84.67416077711425,88.84967962805734,86.30339059112669,4.73014160344912,-159.67845196033713,84.6298042892835,81.27771914045923,11.728314260937191,-4.417274475097656,110.44454512654352,0
camera2_clip_20260604_162209_5829,80,226.70123205054443,134.84843029390728,226.70123205054443,155.2909223590567,102.58250365554856,155.2909223590567,98.04872833267517,120.16343451453079,37.966764894331426,161.9818714849571,4.421835196765791,18.727526158508006,5.598716833437996,7.024872422776045,4.421835196765791,18.727526158508006,-2.263336181640625,-14.990554809570312,134.84843029390728,102.58250365554856,161.9818714849571,18.727526158508006,129.21999370337574,-166.963861979673,-168.71858707539798,1.7547250957249787,-77.49134805800885,2.360130570813908,75.36163017265065,80.53524368854691,80.53524368854691,242.00420379638672,148.51522064208984,74.53813025231614,-166.963861979673,-168.71858707539798,56.258089305317284,120.22418318200704,120.22418318200704,38.402741459050695,140.73447534669987,140.73447534669987,176.80879914483876,169.0743728994302,169.0743728994302,176.80879914483876,63.531563736181795,80.80009753860865,80.80009753860865,73.95799267917089,73.95799267917089,71.76363934056872,76.18600756494477,4.583162876757935,-159.49298325361022,67.15741815423925,80.81350228431484,11.278004436943988,-4.2505035400390625,106.27259273234331,0
camera2_clip_20260604_162209_5829,81,314.1790755735764,188.35124790817997,314.1790755735764,178.04385494918225,127.49391366115833,178.04385494918225,88.3660474664286,115.55050060718924,4.96358628397489,169.14244738500878,9.046920806581133,22.318160992944616,1.338288202868971,8.583640675830072,9.046920806581133,22.318160992944616,-9.039199829101562,-19.385284423828125,188.35124790817997,127.49391366115833,169.14244738500878,22.318160992944616,161.80750173656438,-166.62436695185758,-168.4957988998369,1.8714319479793176,-77.52680613218217,0.33949502781541696,81.67870629689641,81.09821203039277,81.67870629689641,244.34558486938477,149.8622283935547,81.03607647430788,-166.62436695185758,-168.4957988998369,68.92810318236961,117.65677411957186,117.65677411957186,46.6202774708527,127.84402094248576,127.84402094248576,178.3247484357833,170.69010787955165,170.69010787955165,178.3247484357833,74.91832388677786,86.65097023157868,86.65097023157868,76.91406726625243,76.91406726625243,72.69291198258486,73.14505606983947,4.600248149006101,-161.43758279622043,68.804658479985,71.18453806990007,11.242003417254372,-6.9965057373046875,124.4552900210852,0
camera2_clip_20260604_162209_5829,82,202.27587875989107,44.27941448656797,202.27587875989107,146.7572677325255,40.14825783658455,146.7572677325255,85.20325446211334,118.16777259659888,101.39893928522966,172.15329807198194,12.60826653012916,21.5591433493672,1.2042446569665637,8.371721599516238,12.60826653012916,21.5591433493672,-12.410202026367188,-18.439620971679688,44.27941448656797,40.14825783658455,172.15329807198194,21.5591433493672,96.96464897517943,-164.34341346100962,-167.31313210963887,2.9697186486292537,-77.41157445909543,2.2809534908479634,89.36556044796173,58.961514587545864,89.36556044796173,246.19208908081055,151.42222595214844,72.51795065408596,-164.34341346100962,-167.31313210963887,67.28944984026093,106.78783001479955,106.78783001479955,43.22754015319833,125.24453322449435,125.24453322449435,179.8182900509362,171.9972602841969,171.9972602841969,179.8182900509362,73.76310428219124,68.25841527679158,73.76310428219124,78.23259295881871,78.23259295881871,76.95100314527585,79.20699489438593,4.517548896165022,-161.5545556569293,75.01687163336345,76.45901768100305,11.20522431345318,-2.8253173828125,88.8632305535677,0
camera2_clip_20260604_162209_5829,83,92.3495359937076,293.14242340749627,293.14242340749627,94.3359382996648,186.82520414112696,186.82520414112696,87.53971597650133,105.9509484472641,89.30089239307816,172.9527569398376,13.327327261555414,22.648113970611377,1.993111162836389,8.348772840254812,13.327327261555414,22.648113970611377,-13.07977294921875,-22.035308837890625,293.14242340749627,186.82520414112696,172.9527569398376,22.648113970611377,138.9057861729423,-166.19873161558021,-168.67864624455655,2.4799146289763314,-77.16001027930503,-1.8553181545705968,70.0959015450192,96.68571365063895,96.68571365063895,247.2234764099121,153.6998748779297,75.00866620977447,-166.19873161558021,-168.67864624455655,67.77161628481007,100.09385990956943,100.09385990956943,66.5038653386196,130.96444099780393,130.96444099780393,179.6699420920809,172.0730698135847,172.0730698135847,179.6699420920809,59.70369476953048,74.2450775916285,74.2450775916285,78.57147539266602,78.57147539266602,73.90092730639347,79.8915296078299,4.488193996180635,-164.25435692227543,68.73850797422065,84.62504983037768,11.056398903541254,-4.7071990966796875,111.0597726608013,0
camera2_clip_20260604_162209_5829,84,293.3449767756618,269.00598218880646,293.3449767756618,164.7482484672781,165.07394218139845,165.07394218139845,88.56414154977142,94.80239200301838,128.0620240150835,156.31159382385945,19.94513816781589,22.49022458691618,6.083551137325978,8.624475325831206,19.94513816781589,22.49022458691618,-19.2353515625,-22.43377685546875,269.00598218880646,165.07394218139845,156.31159382385945,22.49022458691618,181.32661076333912,-165.5648275645366,-169.09357590711417,3.5287483425775577,-76.01244901606258,0.6339040510436007,93.32497708683249,102.46153788005749,102.46153788005749,247.94286727905273,156.4961166381836,86.61894760357974,-165.5648275645366,-169.09357590711417,71.47427044992163,84.11116694317344,84.11116694317344,72.13089178799565,93.21362578872451,93.21362578872451,178.6940477420655,171.69170765266486,171.69170765266486,178.6940477420655,73.13208629500684,80.48656742653326,80.48656742653326,100.10503595479628,100.10503595479628,95.56519119446574,101.03025121162813,4.460901249085434,-166.61297674608204,87.31106980688284,99.92347287721499,10.93437878578393,-6.359184265136719,130.20902277261584,0
camera2_clip_20260604_162209_5829,85,196.76269034947438,283.6273971750177,283.6273971750177,122.29121370345433,177.81841735246644,177.81841735246644,91.96053335210459,85.34481977800444,129.3040366400838,144.88712933703607,23.35548132251928,24.998260835865732,8.974741905967367,11.032641160714274,23.35548132251928,24.998260835865732,-22.523651123046875,-23.584609985351562,283.6273971750177,177.81841735246644,144.88712933703607,24.998260835865732,165.47679153685988,-167.02305826999353,-170.98605855255337,3.9630002825598467,-75.28327680056023,-1.4582307054569128,94.49675848665059,117.86427215409581,117.86427215409581,248.88061141967773,159.57495880126953,96.55449147825799,-167.02305826999353,-170.98605855255337,72.54898643360845,88.69788369517995,88.69788369517995,69.77100401921552,90.61377810099825,90.61377810099825,178.42522467889822,171.45522562470552,171.45522562470552,178.42522467889822,81.05188230491889,93.54557859304948,93.54557859304948,118.46020664356342,118.46020664356342,114.02593343770396,119.12007825931552,4.488264703948363,-169.1783618048063,104.07263646019902,116.41374801532928,11.000242604675226,-5.580528259277344,124.09082186401082,0
camera2_clip_20260604_162209_5829,86,108.28512294863194,267.7382873609017,267.7382873609017,96.29140363220718,185.70180532189548,185.70180532189548,92.54354046351149,75.97966721712002,125.19485297709932,143.39709755472103,24.066448796228983,28.057417373783696,9.872313349997544,13.3450437265393,24.066448796228983,28.057417373783696,-23.009628295898438,-24.1761474609375,267.7382873609017,185.70180532189548,143.39709755472103,28.057417373783696,143.8339042530883,-167.95556251240288,-172.56510798552864,4.609545473125763,-74.31172112369252,-0.932504242409351,86.40509628457784,118.58170997031553,118.58170997031553,249.96454620361328,162.44797134399414,92.12059551387243,-167.95556251240288,-172.56510798552864,73.53107773300854,85.22357905259452,85.22357905259452,72.06741016056645,81.48485583519403,81.48485583519403,178.37906385693208,172.75089812902343,172.75089812902343,178.37906385693208,75.82333716442615,91.76481908276949,91.76481908276949,127.2634213247561,127.2634213247561,121.77284135005345,128.5464900761814,4.269176373872873,-170.71499943799748,103.64036759985251,122.04172662292223,10.339515750153842,-3.6446990966796875,111.90820871225738,0
camera2_clip_20260604_162209_5829,87,210.62281355166056,324.7669188728843,324.7669188728843,104.7967003212045,224.74919291748657,224.74919291748657,92.14837438605404,67.4407868025746,127.68299597080025,146.95785473588873,27.97622489219912,33.830515030694364,13.511049362022895,16.662365252037336,27.97622489219912,33.830515030694364,-26.234848022460938,-26.608810424804688,324.7669188728843,224.74919291748657,146.95785473588873,33.830515030694364,179.54906537045676,-170.18344852975912,-175.09616436094672,4.912715831187597,-73.74425195398655,-2.2278860173562407,86.79679456534551,125.5619719941592,125.5619719941592,251.68900299072266,165.33441162109375,100.87001445168634,-170.18344852975912,-175.09616436094672,74.48563163138715,86.71121992703328,86.71121992703328,78.9919229246959,85.75066419001897,85.75066419001897,179.21484028344085,171.78579744903035,171.78579744903035,179.21484028344085,86.4843112108918,105.95981036400238,105.95981036400238,125.70095131881675,125.70095131881675,121.38314896766136,124.22735448660781,4.237479549166257,-172.10320265854781,105.23156025679614,115.15347802331492,10.10192849209543,-5.82232666015625,132.97316270589752,0
camera2_clip_20260604_162209_5829,88,82.52096951207527,71.67184338863655,82.52096951207527,84.5207303817644,95.2010693490177,95.2010693490177,91.59485680353677,65.76621673949798,128.13254139408846,147.43992868623036,27.574435153380488,32.867509631802,13.442956903423893,15.838907720194179,27.574435153380488,32.867509631802,-25.750869750976562,-25.44677734375,71.67184338863655,95.2010693490177,147.43992868623036,32.867509631802,85.9797509393178,-169.94899760689825,-175.42725175059724,5.47825414369899,-73.8605653231054,0.23445092286087288,88.77974341920859,93.18414958520428,93.18414958520428,253.84428024291992,167.63600158691406,94.59536333321718,-169.94899760689825,-175.42725175059724,76.42603012571969,84.64941874698583,84.64941874698583,59.287715253756446,71.9148310158761,71.9148310158761,179.1380762370167,171.21371096715853,171.21371096715853,179.1380762370167,96.77166868311681,100.13002084657973,100.13002084657973,114.23131580496599,114.23131580496599,114.81930192084664,115.39604668747066,4.157251584474176,-170.95262509966716,103.93541416438683,105.0634060353642,9.91249132378852,-1.2862396240234375,83.75484919232845,0
camera2_clip_20260604_162209_5829,89,77.1008478064304,86.75398523166581,86.75398523166581,77.78468440418045,83.55086487723939,83.55086487723939,91.0719022982099,65.24790071910982,128.38959040843238,147.4694833099361,27.336877259991553,32.734814109754076,13.400308437579094,15.92172270141987,27.336877259991553,32.734814109754076,-25.4306640625,-25.107757568359375,86.75398523166581,83.55086487723939,147.4694833099361,32.734814109754076,81.25188214423031,-170.15592117191994,-176.24850185283867,6.092580680918729,-74.25976549822641,-0.20692356502169673,76.78007775348928,85.54083279237649,85.54083279237649,256.2539978027344,169.18553161621094,85.94768075284992,-170.15592117191994,-176.24850185283867,75.942183734795,88.93463754982304,88.93463754982304,57.40803946432728,68.41429182765941,68.41429182765941,178.61190498097304,172.04119282566376,172.04119282566376,178.61190498097304,87.75674616518486,94.24708909000736,94.24708909000736,129.2829809017537,129.2829809017537,119.15324535636235,130.983959320078,3.734021059574973,-170.76654898665367,85.07062882041876,114.27164843948538,8.858295526338841,-0.9981460571289062,80.01785672476491,0
camera2_clip_20260604_162209_5829,90,67.53806028527767,76.97939161653917,76.97939161653917,71.45713995114879,87.89712150525081,87.89712150525081,88.69453769457003,64.01108712297625,129.76217599224202,147.7471010752144,27.030636220817186,31.81713303427572,13.10955614713882,15.316699472319208,27.030636220817186,31.81713303427572,-24.845794677734375,-24.05810546875,76.97939161653917,87.89712150525081,147.7471010752144,31.81713303427572,73.72949659122294,-169.17972823878029,-176.03129783964707,6.851569600866782,-74.21779578295553,0.9761929331396573,53.60031789060582,84.90494829851531,84.90494829851531,258.3978958129883,170.0084228515625,68.8919719359968,-169.17972823878029,-176.03129783964707,62.53003631618835,57.94657478373458,62.53003631618835,79.23711062566962,35.19712022738957,79.23711062566962,179.93343044719398,174.40992446766904,174.40992446766904,179.93343044719398,60.95936690865259,76.87333156611288,76.87333156611288,114.1227092319282,114.1227092319282,100.80280901588343,112.26187177930329,3.347758663158031,-170.6985895761608,65.76880707208701,93.03530011800801,7.93779295107107,0.07823944091796875,67.92670999792377,0
camera2_clip_20260604_162209_5829,91,54.315040634481505,61.373697223544795,61.373697223544795,52.24445187582443,53.416829142365856,53.416829142365856,88.93004243499054,62.66461971923005,127.00885083536065,146.76656099700295,26.350857051654675,30.838770907073656,12.776967495014482,14.794365538218328,26.350857051654675,30.838770907073656,-24.100662231445312,-22.708099365234375,61.373697223544795,53.416829142365856,146.76656099700295,30.838770907073656,53.632764666474834,-167.26244941360304,-174.75961960331745,7.49717018971441,-74.46423638993991,1.9172788251772488,54.907525676397675,45.53904344623474,54.907525676397675,260.1012268066406,170.3010482788086,51.848524599518505,-167.26244941360304,-174.75961960331745,44.91537057081058,35.56592945285187,44.91537057081058,19.91981433105257,27.156537832047835,27.156537832047835,178.65315928077436,173.93967183453168,173.93967183453168,178.65315928077436,56.89159472346283,50.825854834388416,56.89159472346283,71.46377356461761,71.46377356461761,67.67852793111028,71.1859990836271,3.230935874225168,-169.20567720016876,55.86083659764103,60.660604712023726,7.788587108394171,0.8125839233398438,46.42264081195526,0
camera2_clip_20260604_162209_5829,92,42.329846264865495,41.921626628997686,42.329846264865495,26.735885812711,29.777818981851794,29.777818981851794,88.8038887460635,62.90800913346896,123.95355952379965,144.3562088415883,25.97691247317552,30.225549129888762,12.741146048165117,14.664035206961714,25.97691247317552,30.225549129888762,-23.504013061523438,-21.919525146484375,41.921626628997686,29.777818981851794,144.3562088415883,30.225549129888762,33.46039158804039,-166.63307739831046,-174.7646133076289,8.131535909318444,-74.86283333461472,0.6293720152925744,25.64376012090518,34.35341171891116,34.35341171891116,261.1917724609375,170.32866668701172,32.72685961896934,-166.63307739831046,-174.7646133076289,39.997420024334915,29.409854774843232,39.997420024334915,22.046741339579476,7.5994957913195185,22.046741339579476,176.69845236368772,175.30451424742063,175.30451424742063,176.69845236368772,33.47391590603339,37.873744531538506,37.873744531538506,48.710587423264634,48.710587423264634,42.5124788864365,51.390344919711225,2.9348327928729607,-168.54494837778407,26.813261277638805,48.937513814915974,7.046448871874915,0.7553787231445312,30.930293491324278,0
camera2_clip_20260604_162209_5829,93,32.794011625130466,34.72946112253008,34.72946112253008,21.19112329305111,22.229883222140806,22.229883222140806,88.55798556491507,63.121054998301766,121.99662349679895,143.98062196710063,25.44536167091583,30.441772131582393,12.516088864403077,15.238057681803745,25.44536167091583,30.441772131582393,-22.851211547851562,-21.898651123046875,34.72946112253008,22.229883222140806,143.98062196710063,30.441772131582393,25.601937861813354,-166.4016979863492,-174.91351030917437,8.511812322825165,-75.29034313070817,0.23137941196125666,17.910569647965275,24.756578260062383,24.756578260062383,261.99938583374023,170.16637802124023,24.712735054439587,-166.4016979863492,-174.91351030917437,37.07267103791985,18.21312752395764,37.07267103791985,23.394273398746368,9.345623717822725,23.394273398746368,174.89131305837134,176.54650555735944,176.54650555735944,174.89131305837134,26.844112693704062,29.54636038554785,29.54636038554785,73.32372430988599,73.32372430988599,57.38616391247328,72.04930537944684,2.3919421308738844,-168.20427811008028,22.82954691000785,51.74110291161786,5.812823188088361,0.5178375244140625,24.835649660714882,0
camera2_clip_20260604_162209_5829,94,25.379351990921702,67.41843224537615,67.41843224537615,21.20272406754285,38.934413525294545,38.934413525294545,88.31376301188637,62.870277480729015,121.59860119189341,140.7642389776877,25.181838311911573,29.272567418841753,12.318017520740021,14.846433574074924,25.181838311911573,29.272567418841753,-22.573455810546875,-20.392837524414062,67.41843224537615,38.934413525294545,140.7642389776877,29.272567418841753,33.46890266475417,-164.97526273208328,-173.88917734349732,8.913914611414043,-75.49386268016737,1.4264352542659253,18.578655947505638,29.29983821188412,29.29983821188412,262.6059913635254,169.5502471923828,25.938942159059174,-164.97526273208328,-173.88917734349732,46.936301198386424,28.26225781964654,46.936301198386424,45.46349385924272,36.4114094895436,45.46349385924272,173.34609014716133,176.13441979368744,176.13441979368744,173.34609014716133,26.331867339740718,29.80064321685487,29.80064321685487,63.83778488424839,63.83778488424839,56.92880490387142,62.711387924126235,2.152709027326104,-166.3238721489507,32.10973538310491,41.598342508128795,5.311190684536529,1.4762191772460938,34.501615742661656,0
camera2_clip_20260604_162209_5829,95,19.63675800078726,36.66591236992473,36.66591236992473,12.904035734043285,24.19095603601933,24.19095603601933,89.03099420766972,63.48780920953059,119.87739027869524,138.52678883803657,25.229552776458824,28.855528525578073,12.37797418864751,14.717879842460297,25.229552776458824,28.855528525578073,-22.64801025390625,-19.9522705078125,36.66591236992473,24.19095603601933,138.52678883803657,28.855528525578073,23.815904953876668,-163.8784177714766,-173.4523517219894,9.57393395051281,-75.94639576723367,1.0968449606066883,22.1346308849796,27.36313669750579,27.36313669750579,263.2414779663086,169.10801315307617,23.22655271568649,-163.8784177714766,-173.4523517219894,50.94506915437552,21.973934327148076,50.94506915437552,35.5794300628747,45.143947204346745,45.143947204346745,169.8062052367528,173.89281505358704,173.89281505358704,169.8062052367528,23.141143446762126,23.214931744341815,23.214931744341815,39.84829633997477,39.84829633997477,36.381781609957606,43.33453764077422,1.9354692789030687,-162.92217862806564,25.577801528772394,42.22664178568219,4.710846297882169,0.799652099609375,28.574490471925742,0
camera2_clip_20260604_162209_5829,96,17.29090158702199,39.7783326649721,39.7783326649721,22.65696715841534,40.46971800496297,40.46971800496297,89.26228431612371,63.73758738414947,118.82484971285604,137.59993894164705,25.000510268517314,29.111969655399704,12.060604713944114,14.68819607626245,25.000510268517314,29.111969655399704,-22.51995849609375,-20.167129516601562,39.7783326649721,40.46971800496297,137.59993894164705,29.111969655399704,29.766672291677413,-164.46289986044673,-174.06448722013965,9.601587359692928,-76.88518461032483,-0.5844820889701339,24.316331329000484,34.08778300569158,34.08778300569158,264.4084243774414,169.48726654052734,36.81083199975309,-164.46289986044673,-174.06448722013965,59.14745957146746,43.23862900474775,59.14745957146746,86.10040212546251,25.87048033396811,86.10040212546251,170.9273040419004,174.05346893311747,174.05346893311747,170.9273040419004,45.02944464463836,47.34760589686823,47.34760589686823,23.417629984874253,23.417629984874253,23.036686138717876,24.50297380370592,1.876166773897758,-163.13784437123346,22.89951412510202,28.316845451439924,4.504469611645752,-0.09165191650390625,40.4445046106014,0
camera2_clip_20260604_162209_5829,97,10.035903545907502,30.964231876582907,30.964231876582907,25.33173772552497,41.84030708616346,41.84030708616346,90.069979479828,63.38488346210416,117.46877340365087,137.94360350400123,24.361299848612745,29.101236385880014,11.472628047003807,14.325408782411259,24.361299848612745,29.101236385880014,-22.145111083984375,-20.263397216796875,30.964231876582907,41.84030708616346,137.94360350400123,29.101236385880014,28.929224351804436,-164.08019010219797,-173.1984298070104,9.118239704812424,-77.41454366906606,0.3827097582487511,32.11528691891452,33.287878957733255,33.287878957733255,265.55115509033203,170.07465362548828,38.54570485522584,-164.08019010219797,-173.1984298070104,60.7834476534319,31.08432005126653,60.7834476534319,91.44780668345288,22.211548965654412,91.44780668345288,172.75137729688745,172.58991033483832,172.58991033483832,172.75137729688745,48.70843074137034,42.940802666005375,48.70843074137034,6.339833715919197,6.339833715919197,5.956251890761605,6.690115819252432,2.2857384420985327,-163.79695409138677,35.576080085037546,5.554538121206725,5.527083196750026,-0.128936767578125,39.22930857266734,0
camera2_clip_20260604_162209_5829,98,18.46204404083984,25.728643095115103,25.728643095115103,23.288409271699848,38.735716542869035,38.735716542869035,91.59411670221286,63.2914978147944,116.52012064713325,135.93408589948632,24.486838725592417,29.361738488736233,11.297883284388485,13.901839377441947,24.486838725592417,29.361738488736233,-22.5753173828125,-20.420623779296875,25.728643095115103,38.735716542869035,135.93408589948632,29.361738488736233,26.627502596379756,-164.67259832005735,-172.78409109897842,8.111492778921075,-77.80523510548474,-0.5924082178593721,34.16341325955404,19.38678936820069,34.16341325955404,266.48353576660156,170.37739181518555,29.408939513076724,-164.67259832005735,-172.78409109897842,49.871542450216026,14.337450609111947,49.871542450216026,77.81899493639526,20.385681413228706,77.81899493639526,174.8869184971235,169.6099023045491,169.6099023045491,174.8869184971235,42.83867987509123,27.919335284080276,42.83867987509123,29.19217906928723,29.19217906928723,11.223041972931709,30.1621717252768,2.9241855770100136,-165.4199040745421,32.19562223907275,13.297593316585424,7.019614637696334,-0.24261474609375,32.74472501220017,0
camera2_clip_20260604_162209_5829,99,43.191783311574035,55.64457333098883,55.64457333098883,41.13308766112032,42.887749233533775,42.887749233533775,92.35773290774195,63.27379882774031,115.02218122078985,137.07313000264074,24.346635218798646,30.529005454706475,11.334553919718893,14.231422120462291,24.346635218798646,30.529005454706475,-22.478042602539062,-21.49774169921875,55.64457333098883,42.887749233533775,137.07313000264074,30.529005454706475,41.801991980421136,-166.05748437345727,-172.90516415407524,6.847679780617966,-78.35534539678288,-1.3848860533999243,47.67881752209339,20.275940823216438,47.67881752209339,267.6577453613281,170.96104049682617,39.33792775853708,-166.05748437345727,-172.90516415407524,53.00118322407529,30.050270258964023,53.00118322407529,59.18796724526015,40.163881656816606,59.18796724526015,176.15510380195929,167.23598672527118,167.23598672527118,176.15510380195929,55.50915075558164,35.921241321798625,55.50915075558164,41.62033300569382,41.62033300569382,23.17858230662811,41.278719958077076,3.60121010866614,-167.31011888903322,35.90609631084532,15.76586270675931,8.633301622949395,-0.886138916015625,43.720470528751925,0
camera2_clip_20260604_162209_5829,100,20.71261444035811,37.30700161631779,37.30700161631779,29.251572185139647,17.00721329386198,29.251572185139647,94.41728966716964,63.99284482049794,116.68015180704364,138.4463028967274,24.21998006390693,31.19435058917771,10.996861184251626,14.66435141401379,24.21998006390693,31.19435058917771,-22.828277587890625,-22.372512817382812,37.30700161631779,17.00721329386198,138.4463028967274,31.19435058917771,27.382701766017604,-167.92796332628996,-173.27872259490172,5.3507592686117675,-78.93968768934735,-1.8704789528326842,47.989931541054986,12.027877519373094,47.989931541054986,268.7124710083008,171.38523483276367,34.10496037999473,-167.92796332628996,-173.27872259490172,43.58276368149107,24.006857440823094,43.58276368149107,43.710340564195455,38.92863803527077,43.710340564195455,177.22359619870969,165.33016346192102,165.33016346192102,177.22359619870969,53.20672601747126,27.283904085546084,53.20672601747126,17.914393952202655,17.914393952202655,6.969643891795508,19.351616008293394,4.003625416472679,-168.95100428839135,28.28447941590755,7.144483108642487,9.68224664000481,-0.9129562377929688,32.91795336840861,0
camera2_clip_20260604_162209_5829,101,38.47578824209463,33.99410433172783,38.47578824209463,42.364874729186624,18.68724165234714,42.364874729186624,94.85695426376816,65.62621697775542,121.614757069065,139.45994765191347,24.684849478925564,31.43907562639335,10.971142015166015,15.132475812948808,24.684849478925564,31.43907562639335,-23.557449340820312,-23.140350341796875,33.99410433172783,18.68724165234714,139.45994765191347,31.43907562639335,31.41689558152443,-169.30600380111366,-173.08053017261963,3.7745263715059707,-78.83527099574727,-1.378040474823706,46.48953616917657,8.489828364613778,46.48953616917657,269.49005126953125,171.49372100830078,23.553349690524303,-169.30600380111366,-173.08053017261963,35.17876781300922,9.72045907659266,35.17876781300922,19.958692469199477,22.606104787685645,22.606104787685645,175.9550919924917,162.6509159491966,162.6509159491966,175.9550919924917,38.03491351292431,9.475830298477748,38.03491351292431,25.13936103925032,25.13936103925032,19.629428150227636,24.31086940665206,4.183903148134627,-170.05233777933844,10.5230767552229,6.066923899358823,10.196980738777054,-1.0219573974609375,26.956345120586302,0
camera2_clip_20260604_162209_5829,102,12.61554504431471,30.899347342841118,30.899347342841118,33.77727104623434,29.73918971494624,33.77727104623434,95.13067052701214,68.00402878062587,126.71069918755077,138.76535349358593,24.68720698175662,31.21326209521227,10.507504400270783,15.468580370068365,24.68720698175662,31.21326209521227,-23.865982055664062,-23.5347900390625,30.899347342841118,29.73918971494624,138.76535349358593,31.21326209521227,24.64532721771428,-170.37691766202587,-173.20879321181127,2.8318755497853942,-79.42832939762414,-1.0709138609122135,35.76003933391146,5.0805708240378005,35.76003933391146,270.25347900390625,171.39617538452148,23.089030921593352,-170.37691766202587,-173.20879321181127,30.215614068374865,13.955532974854986,30.215614068374865,11.800725247189622,17.908027371212803,17.908027371212803,175.16878759416534,161.55958849866752,161.55958849866752,175.16878759416534,42.367568818048234,20.363077966709746,42.367568818048234,7.137865531093169,7.137865531093169,6.438653931039899,5.043802104682145,4.06209075418429,-170.80446508035172,4.225032742525265,6.843663345728925,10.02652810070628,-0.46347808837890625,23.706875812722995,0
camera2_clip_20260604_162209_5829,103,29.875721247850244,105.66930626357664,105.66930626357664,42.85395462680057,55.20649740648377,55.20649740648377,94.43506375758685,73.68538547245764,134.80905851687277,140.7856008764942,24.981203632682316,29.890916500519214,10.149971624314484,14.967927078173581,24.981203632682316,29.890916500519214,-24.406051635742188,-24.553451538085938,105.66930626357664,55.20649740648377,140.7856008764942,29.890916500519214,46.63750769536164,-170.25860082455574,-172.5397943110718,2.2811934865160595,-79.78067688790503,0.11831683747013244,37.75276251328161,8.466804114176947,37.75276251328161,271.0615921020508,171.56694793701172,24.77880222426226,-170.25860082455574,-172.5397943110718,25.38130345392707,12.159579991889885,25.38130345392707,14.59717500287397,8.656368999801538,14.59717500287397,174.51692838482825,161.11015903072382,161.11015903072382,174.51692838482825,35.583071468953904,21.37281960206,35.583071468953904,2.1256666568700524,2.1256666568700524,3.545292044851045,4.749805292829627,3.8871519576954534,-171.06635644724707,4.885819558219706,13.008883438615658,9.739292427431025,-1.1127853393554688,33.13128039097301,0
camera2_clip_20260604_162209_5829,104,55.02059291083431,90.42169296908558,90.42169296908558,21.540735197377717,55.50095344734137,55.50095344734137,94.86227611119337,79.34000417414423,148.7789786007369,141.78625045238905,25.872662008311814,29.45543801987544,10.08985812894688,15.053787064367553,25.872662008311814,29.45543801987544,-25.690658569335938,-25.739837646484375,90.42169296908558,55.50095344734137,141.78625045238905,29.45543801987544,41.850216418180786,-171.07079454931278,-172.77206785226855,1.7012733029557694,-80.3910179311546,-0.8121937247570372,24.314644364790713,4.302679619655008,24.314644364790713,271.5952682495117,171.39054489135742,16.86224891277478,-171.07079454931278,-172.77206785226855,12.837234546031505,7.518081884534837,12.837234546031505,14.738233141690419,17.891919413142325,17.891919413142325,174.91498130879933,161.8708513029927,161.8708513029927,174.91498130879933,28.65140657413443,16.27165344337266,28.65140657413443,8.93559762283673,8.93559762283673,7.415041244722043,7.7065163890885655,3.759596906226621,-171.28776535522178,7.254475529630562,7.754717823106574,9.568993576176878,-1.077667236328125,29.08415229266591,0
camera2_clip_20260604_162209_5829,105,42.98093415497786,106.70363896737528,106.70363896737528,41.08890985547875,48.29858217297658,48.29858217297658,93.69383714616107,85.12338048788307,164.26692031247185,144.58046301359204,25.63075156485045,28.893537197239255,9.414172549724874,14.486844321600135,25.63075156485045,28.893537197239255,-25.614791870117188,-26.83294677734375,106.70363896737528,48.29858217297658,144.58046301359204,28.893537197239255,46.86294280294996,-171.42505036258092,-172.32546244022208,0.9004120776411639,-80.6153539915397,-0.35425581326813926,28.188583324923354,13.91700834196798,28.188583324923354,272.1450881958008,170.8400993347168,23.340159719814334,-171.42505036258092,-172.32546244022208,15.03454830489638,18.549363007901523,18.549363007901523,11.019559012545056,6.275639165770274,11.019559012545056,176.25845027399026,161.5076680078573,161.5076680078573,176.25845027399026,29.490984787953845,25.834629273092638,29.490984787953845,30.806839362048017,30.806839362048017,27.26413375689523,28.83095641958164,3.8340578029682537,-171.11843968042254,17.373948224617664,18.598248006315544,9.81852948051101,-0.05867767333984375,32.28186503082163,0
camera2_clip_20260604_162209_5829,106,68.7219172060875,78.48571427885896,78.48571427885896,31.394780945212098,46.38994527437164,46.38994527437164,94.65657337417612,89.79289616470162,178.87781425650022,147.18170464199474,25.68293814377612,28.498834223939866,9.393247626777391,14.214023225256089,25.68293814377612,28.498834223939866,-25.612442016601562,-27.40985107421875,78.48571427885896,46.38994527437164,147.18170464199474,28.498834223939866,47.50045406423643,-171.22979561106445,-171.81918085655948,0.5893852454950377,-80.83693900737411,0.19525475151647242,31.057316712650582,28.953049968237806,31.057316712650582,272.6749572753906,170.13980102539062,26.3450387586626,-171.22979561106445,-171.81918085655948,18.8357274973765,19.83554858395579,19.83554858395579,12.266433447721488,8.736960966208054,12.266433447721488,177.22459223419523,161.62836632688467,161.62836632688467,177.22459223419523,24.15151995308273,23.59481898360709,24.15151995308273,33.545709037498725,33.545709037498725,34.46806486422398,34.249515510116076,3.963747886075691,-170.85452513545286,34.56318009778614,31.86557482292925,10.226834774001404,0.5672378540039062,32.701977818114194,0
camera2_clip_20260604_162209_5829,107,24.29909319436388,88.25272404126214,88.25272404126214,36.53283236310877,40.16601818134792,40.16601818134792,94.48377988639294,94.38825435494033,172.80614618999067,152.79354625809043,27.186109546945712,28.633898788811884,10.812061249932153,14.060288378432025,27.186109546945712,28.633898788811884,-26.963424682617188,-28.31304931640625,88.25272404126214,40.16601818134792,152.79354625809043,28.633898788811884,43.93538645426389,-171.11829020420672,-171.3472619399014,0.228971735694671,-80.52932926600762,0.1115054068577308,38.652208770694095,35.7094421748065,38.652208770694095,273.2699508666992,169.380859375,28.931104751743394,-171.11829020420672,-171.3472619399014,21.85960279125595,20.245431403083963,21.85960279125595,18.906794840177692,16.98754423925974,18.906794840177692,177.55940200291377,161.1299167974836,161.1299167974836,177.55940200291377,21.107354073761062,21.150505978062505,21.150505978062505,39.499157359866,39.499157359866,39.86479731247465,39.6063136532704,3.9773342152170086,-170.9140814614391,39.533996496046335,38.429333825918526,10.25903561317167,-0.13204193115234375,31.989129337598683,0
camera2_clip_20260604_162209_5829,108,57.040885739994145,32.132385094552646,57.040885739994145,42.97699577719777,15.096563344244709,42.97699577719777,94.60177471192357,95.82246190911569,161.31518698993523,156.49368300039058,28.410257607202116,29.857506794209694,12.210566968720396,14.658683784326652,28.410257607202116,29.857506794209694,-27.735107421875,-29.721542358398438,32.132385094552646,15.096563344244709,156.49368300039058,29.857506794209694,37.54975608424094,-172.57683664357697,-172.06514028195974,0.5116963616172256,-80.35611032456441,-1.4585464393702523,47.324219199925274,30.727487349531085,47.324219199925274,273.87303161621094,168.37673950195312,35.1392486956019,-172.57683664357697,-172.06514028195974,39.71791636693873,26.039092994759212,39.71791636693873,29.292382567005028,10.632760670722696,29.292382567005028,177.96398831222137,161.6510145381801,161.6510145381801,177.96398831222137,35.225758086992634,27.679512940711536,35.225758086992634,48.08471263848583,48.08471263848583,48.13485304893592,45.33731969041812,4.001590033365573,-172.2454609748906,46.15877165473702,38.216742314866906,10.267257041685937,0.0211639404296875,32.82383001104795,0
camera2_clip_20260604_162209_5829,109,25.39309289566124,86.40971487517675,86.40971487517675,40.65887887412123,30.882780521495924,40.65887887412123,94.23150372355603,99.66779094023403,154.44269374281873,160.41484214491015,29.22654882627146,29.55569019271175,13.201682190986567,13.974520208707748,29.22654882627146,29.55569019271175,-28.167861938476562,-29.554336547851562,86.40971487517675,30.882780521495924,160.41484214491015,29.55569019271175,42.238237483072844,-173.29504873584278,-172.24004308210843,1.055005653734355,-80.0602205163833,-0.7182120922658157,42.25517672232423,27.829781009657687,42.25517672232423,274.47313690185547,167.59629440307617,29.534705273586283,-173.29504873584278,-172.24004308210843,37.60908409711845,24.53248532641155,37.60908409711845,36.52341254030742,16.16630626768389,36.52341254030742,177.93968671102897,161.14959314985,161.14959314985,177.93968671102897,28.329556615925007,21.611047136696836,28.329556615925007,37.21935595146287,37.21935595146287,38.36419774353376,37.0928495017428,3.981844375056395,-172.9657798188369,38.48144233113319,34.40091169283805,10.20566498206344,0.7747650146484375,34.85010974021502,0
camera2_clip_20260604_162209_5829,110,18.705205709523764,46.45564121344522,46.45564121344522,37.10758690196503,21.342196399465152,37.10758690196503,93.46716120844152,101.12400323615799,153.05359353840112,160.91368829471332,30.57564870035872,28.562249511690297,14.450091931436733,13.052654157265335,30.57564870035872,28.562249511690297,-29.415557861328125,-28.534408569335938,46.45564121344522,21.342196399465152,160.91368829471332,28.562249511690297,30.484671981465823,-174.1652014765315,-172.7482230997288,1.4169783768027173,-79.97161241019072,-0.8701527406887237,35.571690089125866,23.72571157526987,35.571690089125866,275.1748962402344,167.21789932250977,23.918279733270357,-174.1652014765315,-172.7482230997288,32.010871640416724,4.457263584103566,32.010871640416724,40.99225607994275,19.49177896440844,40.99225607994275,178.25221519825905,161.97891978557206,161.97891978557206,178.25221519825905,23.896055015526866,14.936726433290193,23.896055015526866,30.94328621986777,30.94328621986777,32.68835394909283,30.891008655395336,3.9925640149338846,-173.85654961936166,35.89506619378929,30.639941727043823,10.259380558073069,0.5037307739257812,26.557748633873615,0
camera2_clip_20260604_162209_5829,111,32.17308746323196,47.35801507170482,47.35801507170482,50.45045213986006,8.00873295361173,50.45045213986006,91.51074951252674,103.48295159125689,150.81074963110416,164.9111188536264,31.341987899080735,28.929122389366498,15.247284928605179,12.901735023052108,31.341987899080735,28.929122389366498,-30.240463256835938,-28.724655151367188,47.35801507170482,8.00873295361173,164.9111188536264,28.929122389366498,33.292856542723094,-175.38348996735593,-173.36505457777025,2.018435389585676,-79.97537344758766,-1.2182884908244205,38.57369384800827,23.19315777992173,38.57369384800827,275.963623046875,166.58649444580078,30.30983148189486,-175.38348996735593,-173.36505457777025,54.23269351587995,23.165789860621597,54.23269351587995,54.8984153211301,28.892434894937427,54.8984153211301,177.89642416610545,161.6069058606836,161.6069058606836,177.89642416610545,34.681400727589356,24.964408582796178,34.681400727589356,26.99469225216147,26.99469225216147,26.66742208527353,25.94037186433755,3.903637307848479,-174.92534455724189,28.592402619916456,25.940626160054563,10.05364445677792,0.14897918701171875,35.049356846607765,0
camera2_clip_20260604_162209_5829,112,20.455481586722534,70.75432389001342,70.75432389001342,39.3238632297957,12.932205750890809,39.3238632297957,89.63338477769136,104.98812518955255,144.45956538482108,164.44765899654013,31.79021555203891,27.108722203170046,15.923303088805232,10.98628096617008,31.79021555203891,27.108722203170046,-30.471542358398438,-26.793212890625,70.75432389001342,12.932205750890809,164.44765899654013,27.108722203170046,32.15859131703085,-176.80087038908226,-174.41468139005454,2.3861889990277234,-80.3374916200845,-1.4173804217263353,32.40882052590584,17.076852918856787,32.40882052590584,276.5916519165039,165.9140396118164,27.60351768077184,-176.80087038908226,-174.41468139005454,45.85510520781202,11.215398894295078,45.85510520781202,44.01539369109499,38.44720986395899,44.01539369109499,177.7475322320114,164.20170205098069,164.20170205098069,177.7475322320114,35.60281441437896,25.765455777845578,35.60281441437896,26.239268766868218,26.239268766868218,25.524647112135394,23.554859485460945,3.8596801584381524,-176.36816519220153,25.828056667835916,19.80187816557901,9.95407496078226,1.495697021484375,32.82107714596423,0
camera2_clip_20260604_162209_5829,113,30.64282566634112,39.02158247613253,39.02158247613253,33.76145933237614,25.91589468229821,33.76145933237614,88.24171268016863,106.05488183254903,140.8829703827384,165.3636354080884,31.61747080252721,26.717217036157674,16.121814810676007,10.605529818756391,31.61747080252721,26.717217036157674,-30.234725952148438,-26.286819458007812,39.02158247613253,25.91589468229821,165.3636354080884,26.717217036157674,29.77795173636612,-176.89494910803026,-174.41818767405914,2.47676143397112,-80.92089483710933,-0.09407871894799769,25.52589052276928,23.80005773827943,25.52589052276928,277.0830612182617,165.25037002563477,24.77390520949311,-176.89494910803026,-174.41818767405914,36.27512291711049,11.776012453944116,36.27512291711049,43.42192756311455,49.679002011945734,49.679002011945734,177.73951572215225,166.5298555186231,166.5298555186231,177.73951572215225,28.097186734315716,24.421191807268155,28.097186734315716,23.867749213025366,23.867749213025366,23.629129335583546,23.745300814691053,3.8348259495613686,-176.37383519499858,24.345761864553438,25.16376430890837,9.94797296652187,1.1266708374023438,31.028179492157957,0
camera2_clip_20260604_162209_5829,114,55.08040572260899,19.714032180544677,55.08040572260899,36.69600431566949,31.65283100144355,36.69600431566949,87.60580399209971,105.28631128385435,136.31816118641484,167.0250144893626,31.16425213682269,27.641017295192835,16.045695125403448,11.147848100169377,31.16425213682269,27.641017295192835,-29.5648193359375,-27.21343994140625,19.714032180544677,31.65283100144355,167.0250144893626,27.641017295192835,36.2570527819742,-177.19467855957558,-174.30960740506418,2.885071154511394,-81.2516154395352,-0.2997294515453177,36.6665992755388,37.73244419603968,37.73244419603968,277.73978424072266,164.18818283081055,37.46430419173556,-177.19467855957558,-174.30960740506418,35.898915129141756,20.263636297746242,35.898915129141756,48.564734292228,49.975536740786175,49.975536740786175,178.52944729422086,169.61170817887725,169.61170817887725,178.52944729422086,37.59156041858296,39.03847606528411,39.03847606528411,36.902998401483806,36.902998401483806,36.386713555469235,35.49702604444757,3.8344236761144432,-176.83711738348458,36.36833539979873,34.17934466871261,9.978293880342685,0.9663009643554688,37.40626463630121,0
camera2_clip_20260604_162209_5829,115,65.37393837080113,26.184633362574345,65.37393837080113,48.23364308207863,58.13847665333949,58.13847665333949,88.40826212932467,104.88407728032301,131.79156926709456,171.5125228599759,30.578046930276464,28.97008347164047,15.776597676804238,12.004881269809701,30.578046930276464,28.97008347164047,-28.540969848632812,-28.400772094726562,26.184633362574345,58.13847665333949,171.5125228599759,28.97008347164047,53.178831159146945,-176.8833880454135,-173.9661518702822,2.9172361751313076,-81.47326341405498,0.3112905141620672,57.51269496716895,63.62960051891917,63.62960051891917,279.46041107177734,163.05026626586914,61.88594121819601,-176.8833880454135,-173.9661518702822,70.4465472670906,47.00607212108219,70.4465472670906,73.38343130034386,14.999230437728952,73.38343130034386,177.9892188639739,172.40017805778606,172.40017805778606,177.9892188639739,63.349913738721256,63.178287096059016,63.349913738721256,57.45778088826556,57.45778088826556,56.71085149717372,56.90048094771154,3.8269099993260194,-176.8274690800286,57.05031135532732,57.599117201344185,9.967594164655635,1.0759811401367188,54.28637240965896,0
camera2_clip_20260604_162209_5829,116,69.64413610763421,58.9122142613441,69.64413610763421,40.533549614093396,59.78815492926163,59.78815492926163,89.46074072684256,105.24957806101789,127.35253243158718,173.6860737368961,30.5257480342065,28.926993882794317,16.04449213298307,11.878122952667699,30.5257480342065,28.926993882794317,-27.852462768554688,-28.22357177734375,58.9122142613441,59.78815492926163,173.6860737368961,28.926993882794317,57.30243483154953,-176.31664023488403,-173.63920858235537,2.677431652528668,-81.91175753049572,0.5667478105294776,52.72995527541694,62.20659880154696,62.20659880154696,280.5912628173828,161.58224868774414,55.592365952535545,-176.31664023488403,-173.63920858235537,44.25789060884571,49.11567657477529,49.11567657477529,59.704281305620675,27.494424897351116,59.704281305620675,178.81059019426314,176.4228804083545,176.4228804083545,178.81059019426314,52.378852561749916,56.30284557665021,56.30284557665021,57.969303333504214,57.969303333504214,58.128065210009176,57.415782071811414,3.8851545483439507,-176.76599692635443,57.083512040780896,56.687298099823394,10.062833984421964,2.0547103881835938,52.755715042857524,0
camera2_clip_20260604_162209_5829,117,77.54699675685717,4.589722296954358,77.54699675685717,31.74203849010679,45.99429791507354,45.99429791507354,91.63870545898399,105.85542734993192,123.95709150181509,174.84581762009796,29.805034467026985,30.620371376620255,15.734012210637783,13.43205589146457,29.805034467026985,30.620371376620255,-26.411727905273438,-29.762191772460938,4.589722296954358,45.99429791507354,174.84581762009796,30.620371376620255,41.42042426725847,-175.1775990592144,-172.9891648430504,2.188434216164012,-82.36370241974639,1.1390411756696324,37.48827300141683,51.161217143142125,51.161217143142125,281.5262756347656,160.4478645324707,44.101799763331854,-175.1775990592144,-172.9891648430504,41.812308715160384,42.970884131676755,42.970884131676755,57.011384850295606,20.498610407446566,57.011384850295606,179.4133956211791,178.68583461732499,178.68583461732499,179.4133956211791,41.94959384559761,46.93651610154086,46.93651610154086,42.81938188237278,42.81938188237278,42.46044281064462,43.415327438233625,3.9026148384984687,-176.12149065017192,43.53680511188132,44.9164227268548,10.161382858807798,1.18890380859375,41.641820304605716,0
camera2_clip_20260604_162209_5829,118,74.87936420515555,67.3987923602343,74.87936420515555,31.37618673347635,27.262390634946307,31.37618673347635,94.28087163571331,106.39122336774544,120.77675103762965,178.0037964703825,29.062737558948804,30.683113230315442,15.02394069345726,13.421353536874578,29.062737558948804,30.683113230315442,-25.002716064453125,-29.30072021484375,67.3987923602343,27.262390634946307,178.0037964703825,30.683113230315442,42.39911517392298,-175.003984986587,-172.98932247315642,2.0146625134305793,-82.97207849785491,0.17361407262740158,25.952271234665005,27.52568587506035,27.52568587506035,281.74910736083984,159.72757720947266,22.61904120945929,-175.003984986587,-172.98932247315642,13.316477617882152,16.436645680176333,16.436645680176333,26.47926878443615,6.850178278881545,26.47926878443615,179.784556543181,179.65383530105208,179.65383530105208,179.784556543181,20.287971930063016,20.52759070173017,20.52759070173017,29.274511704500128,29.274511704500128,29.22671063159005,28.531923654383743,3.8989471956359476,-176.46780902946804,27.965122641081784,25.616492543387402,10.212606659600208,1.821929931640625,29.85773533639227,0
camera2_clip_20260604_162209_5829,119,76.97261444068036,93.58364845485978,93.58364845485978,47.40814956689241,42.82551178242114,47.40814956689241,96.09422913842268,107.88056585334023,117.25171046180512,172.233199642264,28.62486402607686,30.507907850069028,14.986041111935508,13.432761319303083,28.62486402607686,30.507907850069028,-23.777984619140625,-28.425521850585938,93.58364845485978,42.82551178242114,172.233199642264,30.507907850069028,53.337104860935845,-174.30407911865512,-172.99072504911922,1.3133540695359045,-83.57856820660852,0.699905867931875,30.29646460281066,28.936240317950684,30.29646460281066,281.01991271972656,159.4660758972168,23.239986765182916,-174.30407911865512,-172.99072504911922,12.610801580625594,6.808497356604048,12.610801580625594,5.184716707793665,12.447385534826461,12.447385534826461,178.93407811400743,179.28472236287007,179.28472236287007,178.93407811400743,17.545580091707937,16.729192241991313,17.545580091707937,32.504467349085544,32.504467349085544,30.600446660045332,30.68067524875513,3.8911529467982917,-175.64409074012838,26.167701792807353,27.02710794193539,10.21107185939779,1.40765380859375,32.61240022326367,0
camera2_clip_20260604_162209_5829,120,101.60300920476966,101.38604654332902,101.60300920476966,85.39721278523575,88.96192345722845,88.96192345722845,97.74880185760365,109.83300244028457,115.50864208269434,172.52890528589361,28.453606079733934,29.71265371085706,15.003722276761735,13.026316083246885,28.453606079733934,29.71265371085706,-22.970611572265625,-27.330154418945312,101.38604654332902,88.96192345722845,172.52890528589361,29.71265371085706,86.26379446126248,-173.38335717702196,-173.12025886449527,0.2630983125266937,-84.19090587774441,0.9207219416331611,69.61368655960854,70.62088821740349,70.62088821740349,278.97386169433594,158.86256790161133,63.996031356136314,-173.38335717702196,-173.12025886449527,48.81115850554087,37.71117843783749,48.81115850554087,28.053739930883964,31.611969077795344,31.611969077795344,177.85815239076283,178.3232887814688,178.3232887814688,177.85815239076283,58.42910257976567,57.60828142354233,58.42910257976567,74.93730047033377,74.93730047033377,73.12618779773193,72.73639438757553,3.871295626397227,-174.8827237578148,67.02659494316066,68.21211112934829,10.232597639797394,1.6176681518554688,64.98401639357839,0
camera2_clip_20260604_162209_5829,121,91.07479098717694,87.44403439057804,91.07479098717694,77.57488711988957,64.44529419708662,77.57488711988957,99.86970109119798,110.86753588031094,114.01155733073627,169.95003857942012,28.253233567176963,29.507740447574164,14.837013279762575,12.692511423602124,28.253233567176963,29.507740447574164,-22.100311279296875,-26.705459594726562,87.44403439057804,64.44529419708662,169.95003857942012,29.507740447574164,72.26506291072775,-173.26156496585998,-173.34215688282507,0.0805919169650906,-84.50459182321858,0.12179221116198846,57.79528241076339,55.25608835887194,57.79528241076339,277.31617736816406,158.2019805908203,53.533761575034205,-173.26156496585998,-173.34215688282507,31.81385198635622,31.93558316530253,31.93558316530253,15.973637742780314,21.060150889945117,21.060150889945117,177.50421798901877,177.84408170941066,177.84408170941066,177.50421798901877,50.47133829139457,50.650705926048204,50.650705926048204,53.59433525902548,53.59433525902548,53.99595713444628,53.57345860133555,3.8521171372700116,-174.6534254389582,54.97250299829695,54.129045780609424,10.191793954279351,1.4298934936523438,52.95797045551612,0
camera2_clip_20260604_162209_5829,122,116.44269534890672,147.24920326444575,147.24920326444575,106.18666925228209,93.05237355969074,106.18666925228209,101.34458725553759,111.86238027982247,114.05414282958044,163.99663184661173,28.50038623575875,30.780431613055335,14.95536663096105,13.691295277546102,28.50038623575875,30.780431613055335,-21.8402099609375,-26.945541381835938,147.24920326444575,93.05237355969074,163.99663184661173,30.780431613055335,107.17105778571589,-173.85540377875532,-173.8373492319631,0.01805454679222862,-84.66620007647388,-0.593838812895342,94.33124224568954,85.76416304328048,94.33124224568954,274.853759765625,156.66228866577148,87.1248328894771,-173.85540377875532,-173.8373492319631,74.0772184666187,68.95323354009427,74.0772184666187,59.52375565628123,51.62426663775998,59.52375565628123,176.43790873317022,178.45004111518068,178.45004111518068,176.43790873317022,86.67029598585167,81.87546985003763,86.67029598585167,96.23529992016786,96.23529992016786,95.59667308429202,95.63636875486957,3.8434155422802414,-174.362945317853,92.90982230664031,92.34978361842376,10.160780253302004,1.66583251953125,88.81254890424488,0
camera2_clip_20260604_162209_5829,123,116.5816407039159,132.02987119814247,132.02987119814247,114.74463371981405,113.86371222718853,114.74463371981405,102.22827976038036,113.93379367606161,116.13281826708909,164.23179280043834,29.14576967059116,31.737600821570265,15.294669402802812,14.398344665684789,29.14576967059116,31.737600821570265,-22.2169189453125,-27.200042724609375,132.02987119814247,113.86371222718853,164.23179280043834,31.737600821570265,113.41289808732436,-173.85745664272417,-174.135814070569,0.2783574278448384,-84.22195003175803,-0.0020528639688564,106.96246798364429,96.29506269124086,106.96246798364429,271.87855529785156,154.82192611694336,104.95188584570246,-173.85745664272417,-174.135814070569,89.36441953846895,80.90829963943075,89.36441953846895,71.25856870140315,70.88182376406304,71.25856870140315,176.09503716470678,177.43008569149544,177.43008569149544,176.09503716470678,112.59147874324425,104.18539484308052,112.59147874324425,114.19893900723004,114.19893900723004,113.1714842932666,109.75513777277985,3.687796225364649,-173.49196833629466,106.18292910459736,99.8513911429594,9.850406459126615,1.5441818237304688,100.80561447946974,0
camera2_clip_20260604_162209_5829,124,98.2937432420898,115.04175356014949,115.04175356014949,113.64420472181006,107.63921700378134,113.64420472181006,102.9434226655831,115.50881719712925,118.73980548193411,164.96847797252275,29.547422360190374,32.31878263033667,15.09772003531707,14.768094777292667,29.547422360190374,32.31878263033667,-22.779754638671875,-27.313323974609375,115.04175356014949,107.63921700378134,164.96847797252275,32.31878263033667,106.55823736925983,-174.48792517309369,-174.70229332259413,0.21436814950044436,-83.57767848825587,-0.6304685303695123,109.6855722351193,95.04493345260903,109.6855722351193,269.1255874633789,152.55845642089844,106.92013031370323,-174.48792517309369,-174.70229332259413,95.3772018379106,84.05831414312425,95.3772018379106,80.54652921441578,64.52197451367073,80.54652921441578,176.27371627853753,177.34199229343866,177.34199229343866,176.27371627853753,116.72500377082096,106.5965527253537,116.72500377082096,116.45248491913273,116.45248491913273,118.17556758467636,113.5043859642845,3.524520214981794,-174.08698858522206,114.26925772142098,103.86683266054739,9.50585694677786,1.935821533203125,98.93125003507127,0
camera2_clip_20260604_162209_5829,125,98.74942369178304,155.2850014435843,155.2850014435843,122.59285116609144,110.57568404388576,122.59285116609144,102.30784002652862,116.01905019634042,120.92953776986788,162.12089640188628,29.840131087011486,34.68821943008286,14.75832149845717,16.375448003915828,29.840131087011486,34.68821943008286,-23.701934814453125,-28.63800048828125,155.2850014435843,110.57568404388576,162.12089640188628,34.68821943008286,121.41038688474195,-175.91467338619063,-175.41295467864836,0.5017187075422669,-82.86378267584175,-1.4267482130969427,132.0692443727776,109.19011659032961,132.0692443727776,265.81854248046875,149.98115921020508,125.78198077671979,-175.91467338619063,-175.41295467864836,117.2977790729872,106.72289751046688,117.2977790729872,95.02808666490128,85.07555274237383,95.02808666490128,176.13970372418103,177.84864678715917,177.84864678715917,176.13970372418103,138.12875214267385,124.10445789861372,138.12875214267385,133.65750460325677,133.65750460325677,135.70485692157462,130.53364257034562,3.3423594696067616,-174.84822151922268,135.044745949857,119.86889112675493,8.979580504155924,1.4692230224609375,116.2349872783724,0
camera2_clip_20260604_162209_5829,126,77.12915296423337,134.31123296176014,134.31123296176014,114.87145466200872,118.46519212608347,118.46519212608347,100.85604539121373,116.71938184726712,124.69420761913935,163.1976085444371,29.98825758715632,36.35872961213519,14.383344347244167,17.95751802828001,29.98825758715632,36.35872961213519,-24.837432861328125,-29.80963134765625,134.31123296176014,118.46519212608347,163.1976085444371,36.35872961213519,114.0945307044949,-176.4242779487194,-176.05624260239625,0.36803534632315404,-82.00768420341421,-0.5096045625287786,128.0305499410822,111.75960157180154,128.0305499410822,262.1349983215332,147.78119277954102,128.7148588166466,-176.4242779487194,-176.05624260239625,129.25701263102218,106.97728219400392,129.25701263102218,107.05743932611358,81.747530656133,107.05743932611358,175.07559215919244,177.9984341847133,177.9984341847133,175.07559215919244,144.5139223747565,130.5922131859914,144.5139223747565,137.6389857053112,137.6389857053112,137.55952692927227,134.38065425981188,3.2219828256054557,-174.6674592789921,129.59011380468692,123.03211227822268,8.75271146743374,0.9063491821289062,115.39271538291585,0
camera2_clip_20260604_162209_5829,127,51.528879310101104,56.17626182381958,56.17626182381958,81.48033770594984,84.12528892405767,84.12528892405767,98.97470305802672,116.71386781547912,129.6779285502816,166.18693635884676,30.68233894055233,35.550803373398885,14.284483496572252,17.280118006656377,30.68233894055233,35.550803373398885,-26.579299926757812,-29.686981201171875,56.17626182381958,84.12528892405767,166.18693635884676,35.550803373398885,76.34725166392444,-176.07635559820645,-176.39926240461392,0.3229068064074738,-81.2179647051639,0.3479223505129596,101.17690559497643,83.59583662464199,101.17690559497643,259.12216567993164,146.2659034729004,101.1728026112124,-176.07635559820645,-176.39926240461392,106.36246137281749,84.75674106094475,106.36246137281749,78.17467299680307,60.694285127909716,78.17467299680307,173.6585233322051,178.62540310195365,178.62540310195365,173.6585233322051,117.16848971877333,103.23738871357948,117.16848971877333,103.00437354981729,103.00437354981729,103.29825914248647,99.29794682879,3.072550357488708,-174.3142371994142,98.1610619696362,87.45730211466643,8.349241660931122,0.48101043701171875,84.03979574786453,0
camera2_clip_20260604_162209_5829,128,17.73089088508177,45.961251118054165,45.961251118054165,57.27295117415022,67.14308962852664,67.14308962852664,96.78231759182226,116.92968867706449,134.67654326462363,169.06538263977546,31.572085673584564,35.394923857417766,14.42543453391068,17.048160823678035,31.572085673584564,35.394923857417766,-28.438888549804688,-29.960220336914062,45.961251118054165,67.14308962852664,169.06538263977546,35.394923857417766,55.43106065958352,-175.6796904899315,-176.4811458186128,0.8014553286812998,-80.37525318029103,0.39666510827495927,79.52277457005616,64.95540658163222,79.52277457005616,257.0965385437012,144.51254653930664,80.37215468340435,-175.6796904899315,-176.4811458186128,94.25092352986611,70.51497023860996,94.25092352986611,75.72822540727785,57.912556322106425,75.72822540727785,172.0204946475898,179.57886715990077,179.57886715990077,172.0204946475898,95.48399383188111,82.62714421863684,95.48399383188111,77.260691165636,77.260691165636,76.6250663692145,74.595860506322,2.9631538197302443,-173.72557561697994,72.79076516831311,64.91949949734236,7.944593211599505,0.534637451171875,67.42534812548995,0
camera2_clip_20260604_162209_5829,129,18.60748479207264,51.461438341864834,51.461438341864834,49.30378247925736,62.92063014552336,62.92063014552336,94.17122317474,116.50336877460754,140.73152499877068,171.12338863214237,32.90663867504355,34.996912312882124,14.784602658820678,16.624727611278264,32.90663867504355,34.996912312882124,-30.783737182617188,-30.089996337890625,51.461438341864834,62.92063014552336,171.12338863214237,34.996912312882124,54.27894101210438,-175.19223829835948,-176.58532017399423,1.3930818756347492,-80.03761504108829,0.4874521915720038,77.38682956525395,65.99348074865419,77.38682956525395,255.43188095092773,142.71491241455078,73.50044906596501,-175.19223829835948,-176.58532017399423,91.7054989145009,66.20244596156772,91.7054989145009,76.7346540174461,62.62836671763643,76.7346540174461,169.6217881847438,178.96887738296562,178.96887738296562,169.6217881847438,81.89501163402386,70.13376995959094,81.89501163402386,70.70238387579076,70.70238387579076,70.61257676992722,68.42799506129106,2.8299202313879253,-173.03239745391056,70.92309821150793,63.61460966920552,7.474950107710299,0.5540695190429688,64.58111610644936,0
camera2_clip_20260604_162209_5829,130,27.97855415890821,40.14304347743651,40.14304347743651,29.65581265042624,47.900278207227046,47.900278207227046,91.95093177850329,115.87945363627179,145.80411523052453,175.60877210040883,33.763151814631726,33.96093059026538,15.075474186643685,15.922289531696004,33.763151814631726,33.96093059026538,-32.3753662109375,-30.003326416015625,40.14304347743651,47.900278207227046,175.60877210040883,33.96093059026538,40.84406243139066,-174.50552278899264,-177.04656169537267,2.541038906380038,-79.91986867371803,0.6867155093668487,50.58005673329654,48.80662936104942,50.58005673329654,254.0526351928711,141.76177215576172,50.29627911324601,-174.50552278899264,-177.04656169537267,77.11907737853606,35.369560231429226,77.11907737853606,70.00409058782921,35.534498734236635,70.00409058782921,166.4955496900743,178.25682038024584,178.25682038024584,166.4955496900743,55.3220495843078,46.78789181658171,55.3220495843078,49.648129163476526,49.648129163476526,48.182721940043194,47.72038549318407,2.781602162055598,-171.97970914193337,45.880081074478454,46.06613781973051,7.402464483177353,0.2161102294921875,47.10012857677205,0
camera2_clip_20260604_162209_5829,131,44.30061464806666,32.339313234518585,44.30061464806666,17.2142607935573,26.053999945542067,26.053999945542067,89.8934365768696,114.72167910356659,151.1331429642072,179.392506570273,35.13919503202227,33.52505120930176,15.619679055742642,15.353835815978089,35.13919503202227,33.52505120930176,-34.334503173828125,-30.38404083251953,32.339313234518585,26.053999945542067,179.392506570273,33.52505120930176,33.26351822979999,-174.06558063361814,-177.22886883391405,3.1632882002959093,-80.114275509284,0.43994215537449577,42.292690239418945,37.38023051769641,42.292690239418945,253.1287612915039,140.9667682647705,36.56523971050557,-174.06558063361814,-177.22886883391405,63.01769073860661,34.81008427916455,63.01769073860661,52.75922579145456,38.95095195910461,52.75922579145456,163.7628245387925,176.1064551041813,176.1064551041813,163.7628245387925,37.809301717181356,29.456228404504618,37.809301717181356,39.68902599044067,39.68902599044067,38.89944260698677,37.233697847249736,2.673862048535443,-171.36518049907244,39.20773851124303,33.55688612058436,7.0294665917077435,-0.27025604248046875,38.03204935573469,0
camera2_clip_20260604_162209_5829,132,56.15741747448969,12.096652271122352,56.15741747448969,36.687636192095795,21.806588556156616,36.687636192095795,87.2908474606448,112.52833982607925,155.07259334403838,179.66451313758466,36.014134078374894,34.573883937049196,15.962792137607167,16.094601323023138,36.014134078374894,34.573883937049196,-35.658592224121094,-31.899330139160156,12.096652271122352,21.806588556156616,179.66451313758466,34.573883937049196,35.568677087520136,-174.4925021465452,-177.39385086576993,2.9013487192247283,-80.26856905317334,-0.42692151292706626,45.1635755344406,41.500192496815764,45.1635755344406,252.6226348876953,139.77713012695312,38.784823733306396,-174.4925021465452,-177.39385086576993,56.20125533842622,43.120512707826876,56.20125533842622,58.96366923262705,54.62618091040616,58.96366923262705,162.25965791458455,174.74885952850485,174.74885952850485,162.25965791458455,36.25625152894182,32.50250492084011,36.25625152894182,41.3488861948793,41.3488861948793,40.98076093041577,40.3569699543655,2.637181782122647,-171.52931233096277,43.98491529320058,41.240183534450836,6.835575636043604,-0.07584381103515625,41.256869763682424,0
camera2_clip_20260604_162209_5829,133,69.58326719655392,48.71499819853807,69.58326719655392,44.88652380484423,29.59583679142412,44.88652380484423,84.1398603801283,109.73538544397336,158.68519586388263,178.39947922059775,36.66122878504617,34.78486750870164,16.247819162775667,16.2545163659389,36.66122878504617,34.78486750870164,-36.59630584716797,-32.89219665527344,48.71499819853807,29.59583679142412,178.39947922059775,34.78486750870164,46.6625666934487,-175.1286137487347,-178.24504086235936,3.116427113624667,-81.11996332772347,-0.6361116021894873,46.93982699297953,40.25494717635235,46.93982699297953,252.3701515197754,138.53531455993652,38.016685523659945,-175.1286137487347,-178.24504086235936,60.37386733839194,40.396871895907836,60.37386733839194,64.62695483688125,45.73068598602749,64.62695483688125,160.16891220958667,174.30836596729924,174.30836596729924,160.16891220958667,36.54711703477811,32.02909028845136,36.54711703477811,27.678595011642518,27.678595011642518,28.359470720710863,26.521627210046603,2.6291754540234344,-172.87209653336265,39.076574574989685,33.78318196742584,6.682433678419299,0.39420318603515625,46.63999896176086,0
camera2_clip_20260604_162209_5829,134,63.23897810863117,24.562574542263263,63.23897810863117,34.98302298234866,20.71671995459952,34.98302298234866,82.00988188460703,107.30306602967713,161.2996641251783,179.38869661784008,36.71067019212557,35.25980150687224,16.198426435423073,16.6547717487172,36.71067019212557,35.25980150687224,-36.71055603027344,-33.71653747558594,24.562574542263263,20.71671995459952,179.38869661784008,35.25980150687224,31.872581299760338,-175.42806384287823,-177.92500974820064,2.4969459053224057,-81.50515683960651,-0.2994500941435376,24.57981595232313,23.15437625839626,24.57981595232313,252.3548355102539,137.73970413208008,23.872735070691423,-175.42806384287823,-177.92500974820064,54.34605924792966,39.81902931190046,54.34605924792966,71.67148231557199,57.32449980379315,71.67148231557199,158.26068122752704,171.65959318529954,171.65959318529954,158.26068122752704,23.654985650931735,25.848921337741892,25.848921337741892,24.453493812979154,24.453493812979154,24.332638180308937,25.972704052289465,2.722700769313674,-173.43532963311657,23.63692162785535,27.611586224634326,6.962981547509202,0.31192779541015625,38.65837212220258,0
camera2_clip_20260604_162209_5829,135,60.31981902732924,42.7796329786303,60.31981902732924,42.46390656428699,37.02064211232441,42.46390656428699,79.70077238313245,104.6940833923433,163.46729009178574,177.35337842358948,37.13673603520503,34.84035068346576,16.534478899454616,16.363211092671307,37.13673603520503,34.84035068346576,-37.08514404296875,-33.50127410888672,42.7796329786303,37.02064211232441,177.35337842358948,34.84035068346576,40.835986165988096,-175.99251035382937,-177.3544514114331,1.3619410576037296,-81.90181321844989,-0.564446510951143,33.65039315274333,28.781523160614274,33.65039315274333,252.4373321533203,136.6239070892334,33.5652776429506,-175.99251035382937,-177.3544514114331,48.14914874911,51.89043326886804,51.89043326886804,68.81555887257099,59.374708505318075,68.81555887257099,158.1089824185716,170.06088094590876,170.06088094590876,158.1089824185716,34.904768280339525,38.961310656707106,38.961310656707106,23.231273112512145,23.231273112512145,25.312190862140476,27.1634001219122,2.922999785316837,-174.62690299267155,29.833473678812954,32.29153567818415,7.3586840521345565,0.9529647827148438,45.59265377740352,0
camera2_clip_20260604_162209_5829,136,64.70768493261856,44.87175410803579,64.70768493261856,47.30373419112932,40.26704889380956,47.30373419112932,77.12300619316206,101.94767990006073,163.98583490373372,173.18156291011903,37.065618442547546,34.10025445953981,16.62259779248315,15.961059216253986,37.065618442547546,34.10025445953981,-36.87781524658203,-32.917701721191406,44.87175410803579,40.26704889380956,173.18156291011903,34.10025445953981,40.48129674974096,-177.00740152884143,-177.41204000106163,0.4046384722201992,-82.48485048921266,-1.0148911750120533,25.990651789640474,19.74690658321204,25.990651789640474,252.80121231079102,135.80739212036133,26.81780969903686,-177.00740152884143,-177.41204000106163,41.676746658372686,51.25388911661224,51.25388911661224,67.6116521438746,49.32689184783227,67.6116521438746,157.77971669887432,170.58283495798665,170.58283495798665,157.77971669887432,29.54302593437132,34.51376369239435,34.51376369239435,21.861896213753635,21.861896213753635,23.302800800167905,25.428911505727505,3.208775434291514,-175.75718465334225,24.36145618069581,28.661566567114424,8.06662341825957,1.1343841552734375,43.06781249099194,0
camera2_clip_20260604_162209_5829,137,48.24802234147779,37.646712510274895,48.24802234147779,27.188055292524,26.883931790504096,27.188055292524,74.97132542700116,100.43239148926415,164.90026985412396,168.67603419293476,37.04069826433117,33.02253054413182,16.708768342048177,15.28976717108757,37.04069826433117,33.02253054413182,-36.654563903808594,-31.79851531982422,37.646712510274895,26.883931790504096,168.67603419293476,33.02253054413182,26.663162172311228,-177.92915267746238,-177.56701391847193,0.36213875899045433,-83.35026604100018,-0.921751148620956,10.11296436478056,9.899286734306001,10.11296436478056,253.19011306762695,135.5787353515625,13.534213864372662,-177.92915267746238,-177.56701391847193,41.79717729946025,48.336265539903856,48.336265539903856,81.18943875784892,51.95054438037363,81.18943875784892,156.9255883902791,171.43417188553576,171.43417188553576,156.9255883902791,13.287477299083443,30.322710244747526,30.322710244747526,18.139570397764917,18.139570397764917,14.696178875314333,22.020970076991134,3.466584532818101,-176.6204847167632,8.148256584522251,22.223236623759544,8.74396811198928,0.8812255859375,35.571882212940416,0
camera2_clip_20260604_162209_5829,138,30.659888852115337,22.60095799071503,30.659888852115337,15.03412340001258,25.461084144268888,25.461084144268888,73.41138379759398,98.37154968986448,165.28284370880334,161.99537886401984,36.960713055313605,32.14132221251449,16.66923060377805,14.601825695801628,36.960713055313605,32.14132221251449,-36.39813232421875,-30.826675415039062,22.60095799071503,25.461084144268888,161.99537886401984,32.14132221251449,17.777616839025686,-179.3858062797746,-177.68226617720393,1.7035401025706847,-83.90904517467682,-1.4566536023122296,5.13482564829488,7.774820998747403,7.774820998747403,253.37226486206055,135.60567474365234,5.5239936961761344,-179.3858062797746,-177.68226617720393,41.288424744830166,27.6297077348449,41.288424744830166,83.50585735481307,37.988355068059064,83.50585735481307,156.57804911624916,171.32787764114067,171.32787764114067,156.57804911624916,3.947663138059144,17.903363898687253,17.903363898687253,19.188274769148094,19.188274769148094,15.718409635603821,23.50301443199632,3.779641178931138,-177.25817585176011,8.215749256711403,24.182070921241532,9.530190065613318,0.5569915771484375,26.577422747787313,0
camera2_clip_20260604_162209_5829,139,31.83593024505345,26.403795213206546,31.83593024505345,21.9201487345531,26.50563913448774,26.50563913448774,71.2169438384982,97.09024822497794,164.2583767033285,159.59001847035316,36.87136286702721,31.442143008406845,16.70359719852949,14.089207299611308,36.87136286702721,31.442143008406845,-36.10224151611328,-30.21190643310547,26.403795213206546,26.50563913448774,159.59001847035316,31.442143008406845,21.051976380208707,179.800935220036,-178.57486433410122,358.3757995541372,-84.36704597663946,359.18674149981064,3.8228775883713344,15.82346736558007,15.82346736558007,253.7268180847168,135.79174423217773,12.01236271640303,179.800935220036,-178.57486433410122,26.287355152317243,53.40196738273712,53.40196738273712,78.86804330469175,34.11438122187748,78.86804330469175,158.07876190662947,174.8116529359161,174.8116529359161,158.07876190662947,6.645133875459357,25.059502527351817,25.059502527351817,12.069730075509693,12.069730075509693,13.505082881290171,12.172717126386278,3.8195230657748684,-176.9384653975845,11.759879845209193,10.802274076390372,9.525900919268745,0.2418670654296875,29.22402014547392,0
camera2_clip_20260604_162209_5829,140,33.22412281987482,50.063942316945784,50.063942316945784,32.58237514606204,44.913002117731374,44.913002117731374,70.2026396068506,96.04463270546562,163.44450486707606,159.3107892037398,36.69282428942487,31.420624435086147,16.629211665063533,13.983851688807265,36.69282428942487,31.420624435086147,-35.839935302734375,-30.337013244628906,50.063942316945784,44.913002117731374,159.3107892037398,31.420624435086147,37.253050682871596,179.1012941514709,-179.4375873719927,358.5388815234636,-84.82618268629301,-0.6996410685650858,27.632883317241788,35.101978379373776,35.101978379373776,254.64271926879883,136.52792167663574,35.252645118606786,179.1012941514709,-179.4375873719927,26.197041554944256,71.61954509860735,71.61954509860735,81.89537539824344,61.91356091510505,81.89537539824344,160.01579558134102,177.71439858949887,177.71439858949887,160.01579558134102,32.610418424288454,46.11906622680253,46.11906622680253,28.1949365127316,28.1949365127316,28.3281220475316,30.717534183183034,3.7308358218513424,-177.16116283501643,27.705259817093722,33.80099038972829,9.276296029851176,-0.634552001953125,45.322775976268396,0
camera2_clip_20260604_162209_5829,141,18.66824620901876,44.65693431451553,44.65693431451553,18.623943450426527,38.874200408691415,38.874200408691415,70.13020463821412,95.5227247466276,164.02195832311511,159.49515098116441,36.32181676394116,31.675693708635013,16.407677688524778,14.092911693039753,36.32181676394116,31.675693708635013,-35.42945861816406,-30.668319702148438,44.65693431451553,38.874200408691415,159.49515098116441,31.675693708635013,29.475775499460283,179.16004973634574,-179.83534621000155,358.9953959463473,-85.39950595700294,0.0587555848748309,23.554071340045933,32.47725727406354,32.47725727406354,255.4748764038086,137.25159072875977,33.0841979639037,179.16004973634574,-179.83534621000155,34.71656910906089,72.55200905221909,72.55200905221909,100.53019809323109,66.37836942446256,100.53019809323109,164.3792294725547,179.81626951872573,179.81626951872573,164.3792294725547,31.135053253738715,47.02713554729184,47.02713554729184,37.25167844944943,37.25167844944943,37.362860380261054,41.44174018582312,3.5211798155173537,-176.7417079165057,30.023360071128472,41.93674153554002,8.634820681895059,-0.6035079956054688,44.099498956397156,0
camera2_clip_20260604_162209_5829,142,21.710123387468045,69.81184108854687,69.81184108854687,22.74193401952597,47.04622986785158,47.04622986785158,71.03216416024233,95.30011096845384,164.85329366327608,162.30099960105696,36.18606359401707,32.0740506165808,16.379842610846595,14.27023823704293,36.18606359401707,32.0740506165808,-35.37213134765625,-31.24266815185547,69.81184108854687,47.04622986785158,162.30099960105696,32.0740506165808,39.397856785224455,179.32254360227478,179.80934742695018,0.4868038246754054,-85.66665447607413,0.16249386592903647,30.971284258572066,44.105728089382175,44.105728089382175,256.6447563171387,137.89467811584473,40.04949886249337,179.32254360227478,179.80934742695018,34.22068112681374,61.76058898198071,61.76058898198071,65.54667571309466,55.24829752601521,65.54667571309466,169.8777531913506,179.68011015154846,179.68011015154846,169.8777531913506,35.01540229922354,50.97563136212256,50.97563136212256,46.78435406114,46.78435406114,43.41897266883681,49.21830964370414,3.31210106698116,-177.39764155667507,31.904907412013873,49.98775198169747,7.926851612285588,-0.858489990234375,44.929534810049766,0
camera2_clip_20260604_162209_5829,143,44.32646332066337,93.9558800934304,93.9558800934304,54.15259142325583,69.22036462289451,69.22036462289451,71.91293872649275,95.7874369459205,164.8966558897215,165.6033697286767,35.76746435044264,32.63400343898231,16.141694213173867,14.772895036056491,35.76746435044264,32.63400343898231,-35.06993103027344,-31.890975952148438,93.9558800934304,69.22036462289451,165.6033697286767,32.63400343898231,66.43395677564699,-179.8912536316034,-179.4606005843297,0.4306530472736938,-85.65785270299205,-359.21379723387815,62.701852738084824,74.24658845555301,74.24658845555301,258.3759994506836,139.39413452148438,68.7096432087534,-179.8912536316034,-179.4606005843297,67.2387094294149,89.2897829154934,89.2897829154934,53.519065906854166,88.56393649732631,88.56393649732631,175.55653508220482,179.45156772326428,179.45156772326428,175.55653508220482,62.946416460044404,76.62819936214143,76.62819936214143,67.71221704893512,67.71221704893512,63.929117619519936,70.26444500636319,3.0483050246715666,-178.24491900324628,56.17085957352346,75.19284163803023,7.098376922991305,-1.63055419921875,69.73248760209638,0
camera2_clip_20260604_162209_5829,144,67.73557479993644,90.40332458689203,90.40332458689203,67.7558019597737,81.30531821765038,81.30531821765038,73.03378519403103,95.97184597316226,165.2274195852419,166.24106331079093,35.68275584795087,33.011773433661595,16.21601557908405,15.128257067111305,35.68275584795087,33.011773433661595,-35.10639190673828,-32.26268005371094,90.40332458689203,81.30531821765038,166.24106331079093,33.011773433661595,77.44724969356051,179.7137590313446,-179.25631824409123,358.97007727543587,-86.05129868468113,359.605012662948,75.05758676848723,82.42589182862326,82.42589182862326,260.0161819458008,141.48642921447754,79.75654286423516,179.7137590313446,-179.25631824409123,76.71761489397954,84.39100924743691,84.39100924743691,55.62305658862866,87.75191400959207,87.75191400959207,179.88361827273124,179.28127348200948,179.28127348200948,179.88361827273124,77.09694816400743,85.29611640297342,85.29611640297342,73.13260396128825,73.13260396128825,69.36883344860873,72.1942228180174,3.022950594383682,179.94533950975838,63.765738291927214,73.19017160850206,6.828619888778623,-2.346954345703125,77.63001312233176,0
camera2_clip_20260604_162209_5829,145,73.82590677272465,73.6608050139038,73.82590677272465,75.41277289157944,90.04823871335256,90.04823871335256,73.94337334170645,95.75818993339122,164.57570677555256,163.3791686863111,35.7121018182128,33.145392255525486,16.25694096479131,15.071273146927554,35.7121018182128,33.145392255525486,-35.262367248535156,-32.26551055908203,73.6608050139038,90.04823871335256,163.3791686863111,33.145392255525486,78.40425069571972,179.60790175368595,-177.91379331367835,357.5216950673643,-85.5679352142704,-0.10585727765865727,75.87532839707578,81.60245238568211,81.60245238568211,261.14270782470703,143.76795196533203,76.33456593615328,179.60790175368595,-177.91379331367835,73.27092594717918,80.50790492228447,80.50790492228447,65.0044625787412,83.03869950318517,83.03869950318517,177.6564901212236,178.8132099299482,178.8132099299482,177.6564901212236,73.14296858271229,75.90606509583587,75.90606509583587,66.23887343948347,66.23887343948347,65.94629791954537,66.67398420563755,2.946400137751314,-179.90252650036413,69.83875186518986,71.38892460065345,6.6612270996914775,-2.3656463623046875,76.7747109003547,0
camera2_clip_20260604_162209_5829,146,81.52034583912996,69.26117768136021,81.52034583912996,84.12417757109124,89.70990770574213,89.70990770574213,75.08300581895024,96.50714307897037,163.5939115960443,162.2226114495295,35.785254169165036,33.00040560330863,16.284781158904934,14.597735795283974,35.785254169165036,33.00040560330863,-35.476470947265625,-31.9822998046875,69.26117768136021,89.70990770574213,162.2226114495295,33.00040560330863,81.75813667423459,179.68180164861656,-175.38838456244375,355.07018621106033,-84.8079673540333,0.07389989493060511,82.56218376619717,83.37102748188678,83.37102748188678,262.10364532470703,146.26865768432617,80.369378339792,179.68180164861656,-175.38838456244375,81.65269136523646,83.38519718324066,83.38519718324066,77.62112636895671,93.38373600677778,93.38373600677778,176.9011544713076,177.28016114116858,177.28016114116858,176.9011544713076,79.66896496344194,77.19409760954458,79.66896496344194,73.37495233912973,73.37495233912973,71.85004862058014,74.031920806409,2.799575766409521,179.4325697260914,73.49244750867567,78.30125902983721,6.415994323412235,-2.4548797607421875,81.95455279521713,0
camera2_clip_20260604_162209_5829,147,103.54624826542245,61.52498474900295,103.54624826542245,104.41232727696895,98.34026369501909,104.41232727696895,75.43215724249382,96.65552285967729,159.59649642706466,158.4268499337449,35.94687755072959,32.20195994264127,16.413230392457077,13.742085969813425,35.94687755072959,32.20195994264127,-35.78684997558594,-31.003128051757812,61.52498474900295,98.34026369501909,158.4268499337449,32.20195994264127,92.87914050535814,-179.793585869429,-172.4046039734458,7.388981895983193,-84.34840697318491,-359.4753875180455,97.2744903631939,92.17652868254156,97.2744903631939,262.65342712402344,149.4185028076172,95.92395891966616,-179.793585869429,-172.4046039734458,92.99853216332261,94.32769146266011,94.32769146266011,106.34093243647317,104.64895616725359,106.34093243647317,179.23813689251602,176.12480980419406,176.12480980419406,179.23813689251602,100.84272492290583,94.28944709723041,100.84272492290583,84.7054388755768,84.7054388755768,84.96207657905457,84.24561920360607,2.8315030995812713,179.77846178713614,90.05479091509036,88.44863965518861,6.560124269323711,-2.7386398315429688,95.89359394016623,0
camera2_clip_20260604_162209_5829,148,109.58304004741039,47.59628948853464,109.58304004741039,104.88692379730726,84.49699827258377,104.88692379730726,76.95068870207976,98.34358173517919,157.86844427517832,157.14378717140616,35.966609192340265,30.757426484791043,16.533795541885034,12.594458330340165,35.966609192340265,30.757426484791043,-35.91477966308594,-29.334640502929688,47.59628948853464,84.49699827258377,157.14378717140616,30.757426484791043,89.96299927674505,-178.04881451291817,-169.53968518460044,8.509129328317727,-83.84841898690486,1.7447713565108245,101.5907679430477,91.6239761115866,101.5907679430477,262.5616989135742,152.62401580810547,96.20475505297252,-178.04881451291817,-169.53968518460044,90.09045305329491,87.65836311178455,90.09045305329491,103.13149595933788,91.34085478758092,103.13149595933788,178.0238702846762,173.77896785118364,173.77896785118364,178.0238702846762,100.07833045679025,93.48297083674183,100.07833045679025,82.50490576714608,82.50490576714608,83.19148235343005,81.12315549357572,2.917209975500061,-178.88387675902632,92.82785585766182,87.35759370029365,6.9999488590653876,-2.4338150024414062,92.13003865550006,0
camera2_clip_20260604_162209_5829,149,110.38997868349459,52.21493223920271,110.38997868349459,100.74896970110353,80.06151856978016,100.74896970110353,78.43780603734734,96.71297667239352,155.73614800075788,151.01496013865076,36.15682078426809,29.77590282551465,16.603131950334568,12.03244223157369,36.15682078426809,29.77590282551465,-36.15423583984375,-28.317672729492188,52.21493223920271,80.06151856978016,151.01496013865076,29.77590282551465,85.39403186995968,-177.15615931801335,-168.13774106875337,9.01841824925998,-82.6470129766215,0.8926551949048189,86.79455433214476,82.15423769403235,86.79455433214476,261.6505432128906,155.40971755981445,87.92784009815347,-177.15615931801335,-168.13774106875337,87.98146281631688,82.62556198469767,87.98146281631688,91.06082851595741,74.60461749267242,91.06082851595741,175.5828882478255,172.21625509624678,172.21625509624678,175.5828882478255,93.53079132042748,92.06152483072276,93.53079132042748,85.16851455459084,85.16851455459084,85.66684712340648,83.84965249981367,2.9200568024553313,-177.6653834441137,87.67786575569698,84.87841426011765,7.190549857749134,-2.3780670166015625,86.18574818171273,0
camera2_clip_20260604_162209_5829,150,130.39110515086736,137.61323346325827,137.61323346325827,118.33098105798942,103.1161183083756,118.33098105798942,81.03825780508312,97.36362044969533,155.71598873267638,152.89935393716962,36.18204021285974,31.282658805364104,16.648696765431566,13.15000144485518,36.18204021285974,31.282658805364104,-36.161163330078125,-29.682708740234375,137.61323346325827,103.1161183083756,152.89935393716962,31.282658805364104,113.5829277192852,-176.62150169466238,-166.48319957017776,10.138302124484625,-81.8275036802926,0.5346576233509666,99.86393216755376,92.18219616766682,99.86393216755376,260.1113929748535,158.41353225708008,101.2556051371123,-176.62150169466238,-166.48319957017776,100.6932797374749,104.34830322080857,104.34830322080857,75.12657495880379,67.86653427616774,75.12657495880379,174.25754852127878,169.01174083854423,169.01174083854423,174.25754852127878,109.20247163554016,105.00428680294235,109.20247163554016,100.95060459718529,100.95060459718529,99.3487477330818,98.65544312363619,2.882075161073377,-177.45242443074642,97.01851590296883,95.05458253610993,7.009159335977796,-3.6192092895507812,103.64491807895406,0
camera2_clip_20260604_162209_5829,151,138.4416032178779,133.71639343984785,138.4416032178779,119.0480956319389,102.72228338163696,119.0480956319389,83.45472969467308,97.3940387462852,155.73057999007514,156.42906992671735,35.95362008295423,32.78260683144725,16.830377474502463,14.346818608388505,35.95362008295423,32.78260683144725,-35.84040832519531,-31.269989013671875,133.71639343984785,102.72228338163696,156.42906992671735,32.78260683144725,115.80236171676358,-176.22921827166616,-165.3135645391235,10.915653732542665,-81.32936398475877,0.3922834229962291,101.16330816799808,99.7224864612817,101.16330816799808,257.3307685852051,160.41189575195312,102.7268017050763,-176.22921827166616,-165.3135645391235,90.19619252111477,120.12952918376651,120.12952918376651,65.84304062028966,86.0233657554003,86.0233657554003,172.84180619052717,165.2347635601419,165.2347635601419,172.84180619052717,104.02911278586879,106.47945596321992,106.47945596321992,97.68317293589315,97.68317293589315,94.92384237109403,94.61103078719236,2.8937236043456647,-176.80882414486618,92.88577213805368,93.98191737128273,7.106534693583129,-2.705718994140625,105.62623892752013,0
camera2_clip_20260604_162209_5829,152,132.93594890856966,89.52277280006825,132.93594890856966,118.79424541955966,63.6437977300743,118.79424541955966,87.1499570930187,96.93198219157986,158.04084101470008,159.08556271552882,36.0220520965879,34.0480382254774,17.06530657644029,15.44387452277952,36.0220520965879,34.0480382254774,-35.725738525390625,-32.68775939941406,89.52277280006825,63.6437977300743,159.08556271552882,34.0480382254774,92.61717693316405,-175.1402753878214,-163.95950973661556,11.180765651205832,-81.03511460088156,1.0889428838447657,84.39009873205997,66.41619800865244,84.39009873205997,255.03887176513672,161.39136505126953,74.77256199922901,-175.1402753878214,-163.95950973661556,65.47791294166163,112.52050875665172,112.52050875665172,34.2458206502325,99.85272049062648,99.85272049062648,171.7084202315727,160.82320257686143,160.82320257686143,171.7084202315727,76.43413572326513,72.8629172724728,76.43413572326513,80.52463755607296,80.52463755607296,78.0355212053119,75.24503493241711,2.8280194857186784,-175.33838279056377,75.7410875187258,69.79832857506,6.999661268869294,-1.8170700073242188,84.75808978615787,0
camera2_clip_20260604_162209_5829,153,141.31012776248366,99.13342338240179,141.31012776248366,122.74070227145552,48.30424135621919,122.74070227145552,90.0947604630922,95.63748015250863,159.7236135721484,157.95722450890057,36.713471342683704,36.35460590556482,17.69813483496321,17.212747328709977,36.713471342683704,36.35460590556482,-36.187347412109375,-34.96844482421875,99.13342338240179,48.30424135621919,157.95722450890057,36.35460590556482,92.22179714495405,-174.9667598043532,-160.7036923619761,14.263067442377093,-80.52571802454221,0.17351558346820184,92.56605008455567,49.27623801260852,92.56605008455567,252.54910278320312,161.56716537475586,74.8790344717591,-174.9667598043532,-160.7036923619761,74.55512993691998,127.52541941190859,127.52541941190859,39.94559750624538,137.94540124441124,137.94540124441124,170.39032671909618,156.21252426367312,156.21252426367312,170.39032671909618,88.83758159760663,69.42095868669767,88.83758159760663,76.02722462470612,76.02722462470612,75.54172246334484,74.93982692079888,2.816907468393459,-174.70138010096377,78.200736140946,73.22364003657528,6.851353465428943,-1.6521148681640625,90.96340593779281,0
camera2_clip_20260604_162209_5829,154,156.52618058918893,98.88639901394588,156.52618058918893,119.25674668033616,76.68803573090604,119.25674668033616,93.9355516580148,97.48738868494438,159.81502009413578,161.64579792997685,36.94928658455417,38.31006488976063,18.118996852198926,18.497396611150993,36.94928658455417,38.31006488976063,-35.90153503417969,-36.7828369140625,98.88639901394588,76.68803573090604,161.64579792997685,38.31006488976063,97.61420968124764,-173.96550077549958,-156.2291117279197,17.736389047579877,-80.99292443706246,1.0012590288536103,80.90412979715606,53.42376627595276,80.90412979715606,250.48215103149414,161.9212760925293,62.911966666933665,-173.96550077549958,-156.2291117279197,67.09302159970554,123.44982322046904,123.44982322046904,22.801722718532492,135.82359721208408,135.82359721208408,166.65241119342625,150.6276396850386,150.6276396850386,166.65241119342625,63.94242490854029,53.502037525972085,63.94242490854029,69.74906827397825,69.74906827397825,69.18391572092162,70.75623736975017,2.8671970934489734,-175.01192722231278,68.90826456648992,70.64650292650202,6.908074874869773,-1.0965347290039062,87.6914904393991,0
camera2_clip_20260604_162209_5829,155,131.8529018327549,51.92775810319856,131.8529018327549,96.41569349748913,60.780044930190535,96.41569349748913,97.79900508247293,97.16726826252528,160.0794745700802,162.2714197494154,37.22720162193837,37.118206462763375,18.435512513316507,17.515398431456518,37.22720162193837,37.118206462763375,-35.50169372558594,-35.78053283691406,51.92775810319856,60.780044930190535,162.2714197494154,37.118206462763375,77.11384813874481,-172.52102084800342,-155.89770544039266,16.62331540761076,-80.95017881027678,1.444479927496161,57.53712041132933,64.16957005750639,64.16957005750639,248.4648323059082,161.74677658081055,60.745554801736546,-172.52102084800342,-155.89770544039266,61.79285025481263,157.34117033540375,157.34117033540375,29.272998280719605,147.87957180365828,147.87957180365828,163.28145155345487,143.12686647006157,143.12686647006157,163.28145155345487,52.56457222232034,69.5426501970056,69.5426501970056,59.62116843015638,59.62116843015638,61.0622235857626,64.26909047620875,2.9731360991924274,-175.64940010341428,63.58857311307322,70.79346676006264,7.140738305215712,0.7376785278320312,81.75640849386575,0
camera2_clip_20260604_162209_5829,156,99.52760388820539,24.90358062785874,99.52760388820539,71.62638770960059,18.45009149352981,71.62638770960059,100.79621227276404,96.85796549954884,159.29206230987964,160.41323127202352,37.74385783488362,36.30135683846049,18.534850451481265,16.992209271891117,37.74385783488362,36.30135683846049,-35.28486633300781,-34.91493225097656,24.90358062785874,18.45009149352981,160.41323127202352,36.30135683846049,46.32276110338015,-170.37841099138876,-154.9651061563508,15.413304835037962,-80.89575354652537,2.142609856614655,38.55920529546006,24.86969760562633,38.55920529546006,247.57062530517578,162.3112564086914,31.724111849174758,-170.37841099138876,-154.9651061563508,21.025803272793144,105.24889088365494,105.24889088365494,28.66283937211837,135.48279712022642,135.48279712022642,162.32872742701917,139.11172745364294,139.11172745364294,162.32872742701917,30.43822019258188,33.59967865755488,33.59967865755488,29.93642480375411,29.93642480375411,30.381615101915752,33.070957642469786,3.1183200412847203,-175.85625567700112,36.61761893571577,41.33793317787879,7.339533025726141,-0.04367828369140625,52.69956634326755,0
camera2_clip_20260604_162209_5829,157,82.67772837141483,46.44380011153492,82.67772837141483,59.0029875796018,48.30820831167003,59.0029875796018,102.90145737564535,96.9126014150477,156.81673475926561,159.68911815361002,37.42677871248765,35.831921036020915,18.21417057991425,16.705993942601694,37.42677871248765,35.831921036020915,-34.20518493652344,-34.40461730957031,46.44380011153492,48.30820831167003,159.68911815361002,35.831921036020915,54.65711022599362,-170.54385580150748,-157.32672360963895,13.21713219186853,-80.33844494338204,-0.16544481011871426,40.91870877238598,50.59122820935417,50.59122820935417,246.19531631469727,163.28513717651367,50.55617382973723,-170.54385580150748,-157.32672360963895,27.18123561886737,112.95286505007138,112.95286505007138,43.111946361297015,165.27110265144717,165.27110265144717,163.57260444808568,139.05002454380372,139.05002454380372,163.57260444808568,47.904122303484314,64.68359536976044,64.68359536976044,40.24175270964322,40.24175270964322,41.602774571337584,43.55284444957225,3.185249679175038,-176.37124068930595,45.45174823413746,52.333684099307234,7.554062537155173,-0.14286041259765625,65.75396072590746,0
camera2_clip_20260604_162209_5829,158,67.93862170374436,28.564348990910787,67.93862170374436,54.16463079176568,43.07640183751063,54.16463079176568,104.4578689709971,95.7285111318157,152.62248714536557,157.76061904616918,36.79573843554407,34.673485972563284,17.68455824825115,15.944242229742372,36.79573843554407,34.673485972563284,-32.71900939941406,-33.37147521972656,28.564348990910787,43.07640183751063,157.76061904616918,34.673485972563284,49.17439273086001,-170.73866823736773,-160.93210920117704,9.806559036190691,-80.33060246074423,-0.19481243586025698,43.15534099249989,58.14701206872875,58.14701206872875,245.11118698120117,164.54646682739258,49.896492962328416,-170.73866823736773,-160.93210920117704,32.796608664707136,88.8993355138926,88.8993355138926,48.66315134848865,153.3943778706869,153.3943778706869,165.22262488584727,142.12974925662922,142.12974925662922,165.22262488584727,42.62880450337903,61.63798792248903,61.63798792248903,42.91736445684414,42.91736445684414,42.79111785081842,43.20478488013525,3.2814738225666185,-175.89889395507345,44.19101170826154,48.06987361388513,7.897992088475687,0.02165985107421875,60.25555185073362,0
camera2_clip_20260604_162209_5829,159,51.296942106779525,36.95273106821968,51.296942106779525,58.12681977822739,50.70198993944269,58.12681977822739,106.32051608331476,94.88180051616727,150.6977312663971,155.2113503710934,36.07917752369899,33.463260842381054,16.83840309065694,14.950765025001093,36.07917752369899,33.463260842381054,-31.394195556640625,-32.21821594238281,36.95273106821968,50.70198993944269,155.2113503710934,33.463260842381054,49.72120798586014,-171.20767792496318,-163.48148673564313,7.726191189320048,-80.00587400586872,-0.46900968759544526,42.43135335433212,58.81741166815947,58.81741166815947,243.82707977294922,165.70677947998047,51.92043043577503,-171.20767792496318,-163.48148673564313,36.16559502474271,87.12539669911963,87.12539669911963,51.95432211838475,168.44126863270358,168.44126863270358,168.63376470317263,147.64932628476745,147.64932628476745,168.63376470317263,43.98624968651968,66.41476555002473,66.41476555002473,47.121366035207906,47.121366035207906,47.11827903019122,47.218372768388555,3.34914508818771,-175.314313413354,46.98143533405524,49.75355227407486,8.195329938203834,0.0766754150390625,62.70123713555466,0
camera2_clip_20260604_162209_5829,160,48.87768029863875,44.13540562907473,48.87768029863875,53.07798373797951,40.79744411310655,53.07798373797951,106.92779183268851,94.82605448148215,147.668450578523,152.9798545982195,35.22448837980895,32.967777819647885,16.173114481716468,14.734752007291283,35.22448837980895,32.967777819647885,-30.148025512695312,-31.6033935546875,44.13540562907473,40.79744411310655,152.9798545982195,32.967777819647885,46.62143807677316,-170.55750915813726,-164.67669909848658,5.880810059650685,-80.47247078129162,0.6501687668259137,48.53828254629226,44.301832135547144,48.53828254629226,242.84609985351562,166.7747688293457,43.504374118248904,-170.55750915813726,-164.67669909848658,39.28727751840969,65.03971750341974,65.03971750341974,40.66841580912653,163.90557189185256,163.90557189185256,173.02004244575969,156.37512518876744,156.37512518876744,173.02004244575969,37.62344978082177,44.25490585401846,44.25490585401846,45.76817394938785,45.76817394938785,45.65595033935761,45.04996651436645,3.4374080574205235,-174.13310694447947,44.884344451733114,45.77473236063898,8.548210395957867,-0.12767791748046875,55.87566390152398,0
camera2_clip_20260604_162209_5829,161,42.85229262975963,17.08557122160724,42.85229262975963,33.72204634044366,27.275749283828457,33.72204634044366,107.52559635431217,94.35210609855157,144.73827274310747,150.42788332781672,34.683212918608675,31.873638329284223,15.97961641241474,13.812079130888769,34.683212918608675,31.873638329284223,-29.103897094726562,-30.529159545898438,17.08557122160724,27.275749283828457,150.42788332781672,31.873638329284223,30.721223005847637,-170.3128736386576,-165.7149087452322,4.597964893425399,-80.6191605721305,0.24463551947965811,32.625416281963936,30.766262277482927,32.625416281963936,242.15012741088867,167.64236068725586,33.3674084328902,-170.3128736386576,-165.7149087452322,29.725183162475055,54.788560587504364,54.788560587504364,30.034572476342834,150.85681534957124,150.85681534957124,175.7329260410769,164.42794116758463,164.42794116758463,175.7329260410769,32.251468825427736,38.475394881450974,38.475394881450974,34.50153181054731,34.50153181054731,34.543423289671374,33.30328746807805,3.4737130489096506,-172.98274502666288,32.883631134030644,30.49812966865932,8.75493542443438,0.292022705078125,43.37161110982151,0
camera2_clip_20260604_162209_5829,162,36.278761684236095,20.37532962886862,36.278761684236095,32.608234621597106,28.0433988542169,32.608234621597106,108.13395413292194,94.35342800398512,142.53657041742733,145.9265895076596,34.32360369696345,31.56043938555857,15.820073437856594,13.674863597014875,34.32360369696345,31.56043938555857,-28.315765380859375,-29.946502685546875,20.37532962886862,28.0433988542169,145.9265895076596,31.56043938555857,28.277350472694874,-169.74706251156172,-165.93825013668413,3.80881237487759,-80.63959319536183,0.5658111270958841,29.141146617470273,23.21723142978023,29.141146617470273,241.87191772460938,168.5109519958496,27.361767885387177,-169.74706251156172,-165.93825013668413,32.98022817076987,37.09437856138124,37.09437856138124,32.46947227740892,109.73039684818328,109.73039684818328,177.13381006900016,170.76080819905243,170.76080819905243,177.13381006900016,31.558024370088955,32.04977514594317,32.04977514594317,33.47484309692292,33.47484309692292,31.857759334079443,31.774250170741126,3.4829392909921535,-172.8562407584439,25.506451119598413,24.853135368346084,8.808310719788562,-0.04511260986328125,37.12886485082872,0
camera2_clip_20260604_162209_5829,163,20.5608832042904,14.611745991931562,20.5608832042904,15.313300191215005,25.155813781383635,25.155813781383635,108.72209016760796,94.83077858982183,141.54461403679483,145.28213221157583,34.01688981159616,31.476336954687216,15.850134576617755,13.422170970591237,34.01688981159616,31.476336954687216,-27.670684814453125,-29.78173828125,14.611745991931562,25.155813781383635,145.28213221157583,31.476336954687216,19.149676521612523,-169.5372154614677,-165.49530315433995,4.041912307127745,-80.31202409475726,0.2098470500940266,19.891233461970547,19.365082498884,19.891233461970547,241.65790176391602,169.19655227661133,21.546821546827832,-169.5372154614677,-165.49530315433995,27.39389150959188,24.302767703300127,27.39389150959188,22.02125877436093,97.74239364197254,97.74239364197254,179.85835418212883,175.4862474656867,175.4862474656867,179.85835418212883,25.677672502266596,23.89573238395425,25.677672502266596,21.34433284422057,21.34433284422057,22.28379303127283,19.427947313143274,3.333636531418145,-172.3741967050397,19.916723845844565,16.013643134151007,8.533463377666294,-0.209991455078125,27.994314637093453,0
camera2_clip_20260604_162209_5829,164,11.718476715477633,17.628094013441018,17.628094013441018,14.683608868260833,9.871631978666146,14.683608868260833,107.51604626326777,94.84900922450198,138.6291672437289,145.02464061123806,33.53383508010519,31.151205306118516,16.005933913442238,13.071087984459359,33.53383508010519,31.151205306118516,-27.162078857421875,-29.4951171875,17.628094013441018,9.871631978666146,145.02464061123806,31.151205306118516,11.335770396282932,-167.92634674821394,-164.5244732153742,3.401873532839744,-80.00265526178993,1.6108687132537511,3.9857577806497604,10.127053021202201,10.127053021202201,241.70689392089844,169.3099594116211,3.7061123492444383,-167.92634674821394,-164.5244732153742,23.34487751024503,9.108610437845618,23.34487751024503,29.573735138017312,68.51302549290043,68.51302549290043,178.63290930276935,179.0103552088345,179.0103552088345,178.63290930276935,7.32047913926793,3.6608376297504064,7.32047913926793,6.5258863076575855,6.5258863076575855,7.118214912039286,3.3145641747766557,3.215698517215533,-171.470296410341,3.181148761065113,6.597573435443192,8.261462016124096,0.33945465087890625,17.461348977143693,0
camera2_clip_20260604_162209_5829,165,18.6464250802026,20.829074957187323,20.829074957187323,32.7631465913106,13.818755870360741,32.7631465913106,105.70186163735528,94.52788566755535,134.7497957429769,145.33925007550636,33.34921454129227,31.157888196530738,16.33394236059902,12.88662862262888,33.34921454129227,31.157888196530738,-26.960540771484375,-29.610610961914062,20.829074957187323,13.818755870360741,145.33925007550636,31.157888196530738,18.994563252001978,-167.44066662457877,-164.27241118053288,3.168255444045883,-79.92677252153406,0.4856801236351771,15.026678427483029,12.88329858546756,15.026678427483029,242.09374618530273,169.1609878540039,12.436337061541101,-167.44066662457877,-164.27241118053288,23.19001394538457,5.224143947833357,23.19001394538457,33.54410213818168,39.31692925729259,39.31692925729259,178.65694734636355,178.6357362662231,178.6357362662231,178.65694734636355,13.44611723989051,9.136136975160937,13.44611723989051,10.415514399952478,10.415514399952478,10.415186388044123,10.946216773339728,3.1990122333996274,-171.34310006307567,11.768724682458325,13.889625198382634,8.204161785446978,0.23345947265625,19.818735251312958,0
camera2_clip_20260604_162209_5829,166,15.545116846613942,14.14206136029498,15.545116846613942,19.15105420316847,4.911083285851348,19.15105420316847,103.99784564268026,94.05141291984505,133.47217909184366,146.54168921965493,33.40658712266116,31.73504603476605,16.550437272423707,13.310742048685398,33.40658712266116,31.73504603476605,-27.341842651367188,-30.27923583984375,14.14206136029498,4.911083285851348,146.54168921965493,31.73504603476605,11.418889054107723,-167.89892226406954,-164.55521473740086,3.3437075266686804,-79.98989089620666,-0.45825563949077264,7.989073215110364,6.774945413607224,7.989073215110364,242.13031005859375,168.88838958740234,8.251185284902782,-167.89892226406954,-164.55521473740086,13.553064330546068,9.487191724521914,13.553064330546068,27.21697249704905,15.36307069849122,27.21697249704905,179.13002120531561,178.39598005509907,178.39598005509907,179.13002120531561,9.96214575662152,9.168094945852953,9.96214575662152,8.93520016857473,8.93520016857473,11.041101985961754,6.957152765841716,3.0434195833137694,-171.8194004742257,13.256160213046336,6.118804606222877,7.860597676200109,-0.2860260009765625,12.771989523144088,0
camera2_clip_20260604_162209_5829,167,22.081539307849102,9.522822579464673,22.081539307849102,17.581128966430907,32.81552218671155,32.81552218671155,101.69218782751673,94.29380799981627,132.83540876474146,151.76845947988568,33.596423916763726,32.131991141873996,16.882974434768954,13.428870606536018,33.596423916763726,32.131991141873996,-28.075103759765625,-30.933807373046875,9.522822579464673,32.81552218671155,151.76845947988568,32.131991141873996,20.11215406803505,-168.0892514882688,-164.62245780029488,3.4667936879739045,-80.29573193371104,-0.19032922419924603,9.235649405655593,29.436261962098477,29.436261962098477,241.67626953125,168.56791305541992,16.672498529610486,-168.0892514882688,-164.62245780029488,8.542058090153297,20.311621319697142,20.311621319697142,8.21987148266837,8.922668772302382,8.922668772302382,178.65011957996109,179.3228125890011,179.3228125890011,178.65011957996109,9.563919590051118,20.940016979549483,20.940016979549483,23.962485952615257,23.962485952615257,25.405166467386067,19.52621267447898,2.79737093398069,-171.0733706171067,27.83775964813317,16.612746024294594,7.356608104664315,-0.40062713623046875,16.431090053552676,0
camera2_clip_20260604_162209_5829,168,20.577121133027195,15.384610788076607,20.577121133027195,21.460224540575684,45.96382143335778,45.96382143335778,100.02985808647797,94.57898327024256,133.8937728099156,156.07746317265233,33.98179293060474,32.47107753062045,17.045539137098952,13.799202423028879,33.98179293060474,32.47107753062045,-29.060516357421875,-31.436508178710938,15.384610788076607,45.96382143335778,156.07746317265233,32.47107753062045,27.798875345301013,-169.02620695114632,-166.08477027823898,2.9414366729073436,-80.6856845580572,-0.9369554628775347,25.412733785587353,37.99474039118147,37.99474039118147,241.23160934448242,167.81024551391602,26.35535062620636,-169.02620695114632,-166.08477027823898,16.82884209857925,18.772316935846746,18.772316935846746,27.159546433871203,5.3532251699711635,27.159546433871203,179.44249831921263,179.49785547671786,179.49785547671786,179.44249831921263,21.690424295059522,26.006012462465485,26.006012462465485,28.20737254839041,28.20737254839041,29.38440878295825,27.827592064045092,2.742298851102608,-171.5883787439899,33.766148923810654,29.975840727389215,7.259963223430371,0.090911865234375,23.550301622299955,0
camera2_clip_20260604_162209_5829,169,25.42425457291684,17.58231471318303,25.42425457291684,30.201431588716677,46.26067488548627,46.26067488548627,98.80397525351053,94.74873995802804,137.82146149933246,160.14484207745642,34.64497766263658,33.37890574002977,17.215842783588563,14.729875042019572,34.64497766263658,33.37890574002977,-30.505630493164062,-32.474395751953125,17.58231471318303,46.26067488548627,160.14484207745642,33.37890574002977,32.599837529753486,-170.76906047461298,-167.92276560981193,2.8462948648010524,-81.17255222031659,-1.742853523466664,35.57382522638718,40.55652419183094,40.55652419183094,240.68425750732422,166.83274841308594,33.609301602302025,-170.76906047461298,-167.92276560981193,31.644235895003064,22.870127348940546,31.644235895003064,36.3199545916915,18.622786713754813,36.3199545916915,178.98082677572066,178.4841287609268,178.4841287609268,178.98082677572066,31.497782842591906,30.87303177562054,31.497782842591906,31.845381304352742,31.845381304352742,32.608082429153725,31.14418955852254,2.774034108756324,-172.97419607530105,37.37186645886924,34.48689660618484,7.381070354635621,-0.22434234619140625,30.61891202884361,0
camera2_clip_20260604_162209_5829,170,44.28541957329501,17.411127498689442,44.28541957329501,33.27835924961678,45.97403737787243,45.97403737787243,97.2203653611154,95.15186037938261,142.87529029048522,163.73466185367906,35.082225887853504,34.14638792036587,17.20618782288839,15.592907840381317,35.082225887853504,34.14638792036587,-31.939010620117188,-33.33695983886719,17.411127498689442,45.97403737787243,163.73466185367906,34.14638792036587,35.69337435163846,-172.2222842673924,-169.70191267965615,2.520371587736264,-81.49887785268083,-1.4532237927794256,35.22005765272209,37.991244757635044,37.991244757635044,240.08122634887695,165.97542190551758,31.445028013564404,-172.2222842673924,-169.70191267965615,30.418088965663998,20.70523706720061,30.418088965663998,43.182399297645595,19.849630181215232,43.182399297645595,179.0413176429733,177.2902895373345,177.2902895373345,179.0413176429733,27.63976263075846,27.32664945520924,27.63976263075846,35.55177310193538,35.55177310193538,35.469396017221186,34.41528885115776,2.7524394616808205,-173.58376207372297,37.10987790952772,34.072563783246366,7.39382175040821,-0.16959381103515625,31.940167808960325,0
camera2_clip_20260604_162209_5829,171,48.00517565801865,22.17920996369218,48.00517565801865,37.838757281205694,54.033068677092736,54.033068677092736,95.34649054550815,95.43334100967438,146.95906918132076,167.56216791459167,35.73994683410873,34.53852092477318,17.45951404179099,16.03238413810059,35.73994683410873,34.53852092477318,-33.41192626953125,-33.88410949707031,22.17920996369218,54.033068677092736,167.56216791459167,34.53852092477318,41.58411959814537,-173.4781483696921,-172.09772506598924,1.3804233037028553,-81.65669753867765,-1.2558641022996824,39.26305769639375,48.185448312469184,48.185448312469184,239.44183349609375,164.882568359375,37.984692761110836,-173.4781483696921,-172.09772506598924,32.10265781760781,22.356708179576135,32.10265781760781,44.236460609581655,26.22635554546488,44.236460609581655,179.2755197129917,176.44571975453047,176.44571975453047,179.2755197129917,34.738863257825194,35.83469320110939,35.83469320110939,39.288026857117146,39.288026857117146,39.28453806648874,39.79966213627609,2.9705273891638866,-174.142394909349,39.09657704052934,41.97761207864633,7.875431651659726,0.21550750732421875,37.0833713500031,0
camera2_clip_20260604_162209_5829,172,56.722647996892604,34.556795175910494,56.722647996892604,55.73842368024006,58.112844235683234,58.112844235683234,93.63432130813125,94.78163351411636,152.13831684793792,170.4172836282119,36.11883326287683,34.772534319034754,17.403209741810116,16.21008780709324,36.11883326287683,34.772534319034754,-34.604888916015625,-34.32206726074219,34.556795175910494,58.112844235683234,170.4172836282119,34.772534319034754,54.43672625451844,-175.51543206993125,-174.807709343086,0.7077227268452475,-81.85183513015271,-2.0372837002391577,59.557191694559826,61.93245474382438,61.93245474382438,238.53137969970703,163.2187271118164,56.89959956967267,-175.51543206993125,-174.807709343086,50.427715326340916,36.16188545432004,50.427715326340916,52.327273011106016,28.228322844964485,52.327273011106016,177.68298559484253,176.33343391782043,176.33343391782043,177.68298559484253,57.03191686470621,53.05377105078266,57.03191686470621,48.876635237211666,48.876635237211666,50.41002207955822,49.40739815542707,3.3809292491370124,-175.88726374162556,53.261991240887085,56.8086945504021,8.69926167134067,0.9160614013671875,50.32093683994426,0
camera2_clip_20260604_162209_5829,173,55.06978644243433,32.0748677170212,55.06978644243433,40.24224977979328,51.58455652684818,51.58455652684818,91.77667745808397,94.2626327664229,156.49744036507713,172.98320203021873,36.38098836261453,34.90566368490611,17.23606626023301,16.206010166342963,36.38098836261453,34.90566368490611,-35.4954833984375,-34.605926513671875,32.0748677170212,51.58455652684818,172.98320203021873,34.90566368490611,47.418379700296164,-176.75642707757137,-176.69570235401574,0.06072472355563718,-82.03470659402636,-1.240995007640123,48.452789184816424,57.08602855086358,57.08602855086358,237.5624656677246,161.89120864868164,49.30506773347453,-176.75642707757137,-176.69570235401574,38.18507969841789,31.26267679145292,38.18507969841789,39.59189398759864,35.122880909410476,39.59189398759864,176.02202908133646,176.4340539544182,176.4340539544182,176.02202908133646,47.48323993841953,47.9411955822454,47.9411955822454,40.77135765604211,40.77135765604211,42.21573859098796,42.034541857780816,3.751746668843249,-177.2051120378538,45.422834773744654,50.64127359163231,9.425034766945727,0.7940597534179688,43.67477042577681,0
camera2_clip_20260604_162209_5829,174,63.44091908444919,25.274142476770916,63.44091908444919,26.11919857539448,40.0204168509003,40.0204168509003,89.51114195236207,93.85063041104009,160.2725328330939,175.1411926617331,36.477081157449426,34.99071662101324,16.902419359762277,16.079486727192045,36.477081157449426,34.99071662101324,-36.07550048828125,-34.79380798339844,25.274142476770916,40.0204168509003,175.1411926617331,34.99071662101324,39.299004718310016,-177.29262233660108,-178.11273479693443,0.8201124603333483,-82.03202283515807,-0.5361952590297108,34.62770571297771,46.311645609367496,46.311645609367496,236.67639541625977,161.03873443603516,36.886982749777644,-177.29262233660108,-178.11273479693443,24.580707307555954,12.550114154784794,24.580707307555954,26.169430314743643,29.029925069413565,29.029925069413565,174.1761097967994,176.68879250678887,176.68879250678887,174.1761097967994,33.33517616588598,36.89047085945367,36.89047085945367,29.67899831723906,29.67899831723906,29.89785255672572,31.075034236112874,3.9683100532753754,-177.8145311005216,33.984489530131945,37.652493624384455,9.806704391921473,0.6076278686523438,33.19582101514147,0
camera2_clip_20260604_162209_5829,175,51.61281192211119,22.54946193159512,51.61281192211119,32.72563364744828,36.26167936775219,36.26167936775219,87.22473138292595,93.71675244915018,163.25772411189283,176.79977315999878,36.63476837329294,35.34865446149579,16.819600300831194,16.121748771410918,36.63476837329294,35.34865446149579,-36.50495910644531,-35.20452880859375,22.54946193159512,36.26167936775219,176.79977315999878,35.34865446149579,37.81544521032482,-178.25514913833544,-179.42244624373026,1.1672971053948231,-81.89527362284448,-0.9625268017343558,41.43224217629989,42.310842216742245,42.310842216742245,235.71937942504883,160.0506134033203,41.267862853002356,-178.25514913833544,-179.42244624373026,41.79199773555763,21.562845326786363,41.79199773555763,33.905447715079646,34.180406845220624,34.180406845220624,172.14728734529024,177.48840805824915,177.48840805824915,172.14728734529024,43.604863919422016,38.8826666875799,43.604863919422016,27.882600302799304,27.882600302799304,29.38368786976382,30.090278015803975,4.131471085269923,-178.93140893532572,36.93037257736546,36.87043670750571,10.03929177880367,0.6293716430664062,36.735074957632925,0
camera2_clip_20260604_162209_5829,176,51.48126960135709,35.75401358989199,51.48126960135709,20.14469133953407,34.74440701119226,34.74440701119226,84.53947771944704,94.48237822156135,165.74721200103411,177.43192373549206,36.4235408536325,35.709404744899516,16.536729946612294,16.348365704270062,36.4235408536325,35.709404744899516,-36.41845703125,-35.53544616699219,35.75401358989199,34.74440701119226,177.43192373549206,35.709404744899516,33.63044991258402,-179.01836661425415,179.8920382893237,358.91040490357784,-81.98566228368136,-0.763217475918708,31.4378524636477,28.22046546988103,31.4378524636477,234.87255096435547,159.61776733398438,28.531153944799886,-179.01836661425415,179.8920382893237,40.54030166230379,7.676775732299733,40.54030166230379,33.59897287966157,22.488337125977143,33.59897287966157,169.75433633463052,177.98002448422395,177.98002448422395,169.75433633463052,31.363191585392407,23.301702876961695,31.363191585392407,23.395192172818703,23.395192172818703,24.607143416935592,25.78160262374692,4.226704607017481,-179.91384986269605,29.1442942007166,29.95053202027166,10.179853377322814,0.35076141357421875,30.06266511150837,0
camera2_clip_20260604_162209_5829,177,43.21832747040179,41.226205867738265,43.21832747040179,10.197372362032683,36.898056965427976,36.898056965427976,81.59669319128113,95.30816616405532,166.5322859055396,177.643619173631,36.1667050107307,35.36592189363783,16.23324915710807,16.409497491592514,36.1667050107307,35.36592189363783,-36.13490295410156,-35.14543151855469,41.226205867738265,36.898056965427976,177.643619173631,35.36592189363783,29.738532063544806,-178.32678217717208,179.7534852673478,358.0802674445199,-82.23155822174593,0.6915844370820707,21.509320098283876,25.381909617384252,25.381909617384252,234.19081115722656,159.46672439575195,20.948145990340944,-178.32678217717208,179.7534852673478,42.887213275208815,6.777379150256946,42.887213275208815,28.499263501915145,26.721584305416833,28.499263501915145,165.6058960807627,177.97083116927354,177.97083116927354,165.6058960807627,21.04631933652809,16.462745708888352,21.04631933652809,25.276401449985052,25.276401449985052,24.864616481800596,23.68969657624484,4.189605971119377,-179.32565256664884,23.040411250980455,24.07685892568889,10.211319403169407,0.43946075439453125,26.735474804956922,0
camera2_clip_20260604_162209_5829,178,38.95948380339345,40.79708315089623,40.79708315089623,20.83895802347343,42.90726121144456,42.90726121144456,78.44958527434143,96.21677281242653,166.2319628093755,178.44971641811156,36.10642210758683,35.296685879113824,16.2118334272216,16.725789164626875,36.10642210758683,35.296685879113824,-35.945220947265625,-35.0372314453125,40.79708315089623,42.90726121144456,178.44971641811156,35.296685879113824,33.03792018705328,-178.46995668010695,179.62299995767796,358.09295663778494,-82.56565428176299,-0.143174502934869,24.310204023734972,30.414530909377035,30.414530909377035,233.48940658569336,158.9282455444336,26.528005233268754,-178.46995668010695,179.62299995767796,74.1235757094637,30.366254843060435,74.1235757094637,73.26761342080513,80.98446586229647,80.98446586229647,161.68143528926822,176.92281752826054,176.92281752826054,161.68143528926822,30.8045082718944,24.566098414789145,30.8045082718944,28.965572399076525,28.965572399076525,30.6627804691654,28.760990743841962,4.133698948194037,179.9522017114201,31.88885066931813,29.010650851202577,10.143766351378623,0.5063018798828125,42.69500313705242,0
camera2_clip_20260604_162209_5829,179,43.99028510590953,44.12903357349449,44.12903357349449,37.40355889342213,48.92532632167971,48.92532632167971,76.44713507448931,97.24478750229753,166.78383530354193,179.26138177260637,36.16743109969647,35.43559312668922,16.33768444227599,17.156571147363124,36.16743109969647,35.43559312668922,-35.847625732421875,-35.124114990234375,44.12903357349449,48.92532632167971,179.26138177260637,35.43559312668922,40.32079374599768,-179.151175907625,178.90320385885093,358.0543797664759,-83.22014232670102,-0.6812192275180564,31.802099743098236,35.67445883838198,35.67445883838198,233.10414505004883,157.81298446655273,35.39788624218744,-179.151175907625,178.90320385885093,62.02397240822985,32.29243565857154,62.02397240822985,58.339929059010636,35.767057953939954,58.339929059010636,158.03494079353504,176.34503130493604,176.34503130493604,158.03494079353504,41.74054920229438,38.38743368991419,41.74054920229438,32.37683491072357,32.37683491072357,33.212526990511655,32.29807890608812,4.134382084207573,179.3799816630581,34.58401757244855,34.71906908361679,10.279751843651834,0.9092941284179688,42.53967837066222,0
camera2_clip_20260604_162209_5829,180,41.87664429000437,46.361792507325575,46.361792507325575,38.87900031412425,56.33219849557394,56.33219849557394,75.06212300476138,98.17464697626936,166.2200975768364,179.11404077237833,36.2408326999945,35.38043982841481,16.336924047865807,17.417582806872367,36.2408326999945,35.38043982841481,-35.816741943359375,-35.0582275390625,46.361792507325575,56.33219849557394,179.11404077237833,35.38043982841481,43.77893456172663,-179.3999834962298,178.76395345224233,358.16393694847216,-83.83225449063364,-0.2488075886047909,35.82713141044388,43.39684035288777,43.39684035288777,232.85351943969727,156.43119049072266,42.13016745022442,-179.3999834962298,178.76395345224233,64.33978421828918,43.862472563000544,64.33978421828918,61.72143890783459,44.318992794652175,61.72143890783459,155.27705836112597,174.91433793340468,174.91433793340468,155.27705836112597,48.60531430253247,47.85009315945015,48.60531430253247,40.04257132257214,40.04257132257214,41.2116707716385,39.900979639596166,4.137916687147603,178.6478857790434,42.40727586941002,40.99589024975317,10.423756926455834,1.214813232421875,47.78097527634325,0
camera2_clip_20260604_162209_5829,181,58.327817186894954,50.9157094465176,58.327817186894954,52.97801251348341,57.73165908496073,57.73165908496073,74.57271527477901,98.102665656167,166.3097388720787,178.37219730432213,35.97771667229953,35.25646780254224,16.181431637362923,17.545524451845584,35.97771667229953,35.25646780254224,-35.50311279296875,-34.97126770019531,50.9157094465176,57.73165908496073,178.37219730432213,35.25646780254224,53.326952347713814,-179.70161508002772,178.68128743752757,358.3829025175553,-84.50694673861072,-0.30163158379792776,48.16151320278637,51.84700265163977,51.84700265163977,232.6976089477539,154.6568489074707,53.43534899296122,-179.70161508002772,178.68128743752757,64.49772190669792,53.591380609993365,64.49772190669792,65.89611851310997,48.16464984580921,65.89611851310997,155.06751535551248,174.5799384721259,174.5799384721259,155.06751535551248,60.36102729948284,59.170251380835886,60.36102729948284,44.647137164085954,44.647137164085954,44.96756782847587,44.61765219489975,4.162721830072299,178.3867109240692,47.31415808939255,47.278505923117095,10.611359745869706,1.7682113647460938,55.970238636851,0
camera2_clip_20260604_162209_5829,182,61.26241236637738,34.183273127694754,61.26241236637738,65.62237812822681,44.900210763069985,65.62237812822681,74.85368540737456,98.06299431463391,166.86991419230785,178.02892613650957,35.97789718339171,35.9231197527771,16.33672841910389,17.883997140372095,35.97789718339171,35.9231197527771,-35.51249694824219,-35.64906311035156,34.183273127694754,44.900210763069985,178.02892613650957,35.9231197527771,53.6415480427595,179.30275836122206,178.69280811333402,0.6099502478880368,-84.93359501642081,359.00437344124975,61.73980914364803,54.14120472754005,61.73980914364803,232.7679328918457,152.68428421020508,59.214535781428935,179.30275836122206,178.69280811333402,58.709274578243374,68.58770348330977,68.58770348330977,68.97587447675143,64.88069544125261,68.97587447675143,157.33311590462645,174.6161050570463,174.6161050570463,157.33311590462645,62.470073921895576,61.33434928926187,62.470073921895576,57.04555494560675,57.04555494560675,58.484156249063616,56.0327388524885,4.210237172834792,177.27894356951987,61.5144373564901,55.16031543170494,10.718217234886643,1.5551910400390625,58.90060495393931,0
camera2_clip_20260604_162209_5829,183,47.95978560328938,40.80384258863414,47.95978560328938,56.46123215876373,36.09262518767282,56.46123215876373,75.07297443836957,97.70854805232595,166.69451115163412,178.93983004746306,36.15929718534474,36.169761161959165,16.60288582394903,17.73287936996224,36.15929718534474,36.169761161959165,-35.72772216796875,-35.88543701171875,40.80384258863414,36.09262518767282,178.93983004746306,36.169761161959165,47.46436318608607,178.63766920833095,178.8521467118347,0.21447750350375827,-85.18015426115117,-0.6650891528911131,55.45318051157158,48.01551306658472,55.45318051157158,233.1225814819336,150.98580169677734,52.05340165430123,178.63766920833095,178.8521467118347,56.66433506075925,63.97492432786089,63.97492432786089,49.58050542729562,65.58381671789513,65.58381671789513,159.86086093852055,174.6677264390409,174.6677264390409,159.86086093852055,53.548605526448846,52.10976752973531,53.548605526448846,53.475547361874625,53.475547361874625,54.10824817789658,53.35218047526797,4.223376211774211,176.95734147153948,53.94536209764521,51.97045762115845,10.717993568568955,1.4702911376953125,52.18734447554262,0
camera2_clip_20260604_162209_5829,184,34.96157850178683,35.441785937555,35.441785937555,39.98527464659515,34.33927606847413,39.98527464659515,75.40302186663648,97.3384155870831,165.7000787601418,179.04334457186414,36.22487130799013,36.29089485644434,16.74035255576703,17.695805759724745,36.22487130799013,36.29089485644434,-35.868560791015625,-36.030181884765625,35.441785937555,34.33927606847413,179.04334457186414,36.29089485644434,37.48699114898408,178.7115030207051,179.6082975805948,0.8967945598897131,-85.17592616745065,0.0738338123741471,40.779936148591666,39.41409559090173,40.779936148591666,233.31005096435547,149.69278717041016,39.19602320405068,178.7115030207051,179.6082975805948,35.440765293103034,48.02076578614974,48.02076578614974,82.57384510769275,47.33125012779856,82.57384510769275,163.6993667760506,174.72138855047464,174.72138855047464,163.6993667760506,36.95485159974041,40.69717690046752,40.69717690046752,38.95951737190988,38.95951737190988,38.45845244094614,38.60385841374069,4.177854307075215,176.90309561482744,38.64531010470246,39.45525447876353,10.564769060841657,1.1646652221679688,42.995050142404715,0
camera2_clip_20260604_162209_5829,185,30.033248343653533,28.226316639107,30.033248343653533,33.156575410466886,21.182981513939904,33.156575410466886,76.00311195059729,96.64874888244941,166.05538617061842,179.97197159801135,36.00330924330183,36.08070537787257,16.841651296568433,17.43169456929053,36.00330924330183,36.08070537787257,-35.69329833984375,-35.83903503417969,28.226316639107,21.182981513939904,179.97197159801135,36.08070537787257,26.841325139314232,178.3390690584809,-179.9749560518012,358.3140251102821,-85.38011861252421,-0.3724339622241928,27.00484672350916,21.443982205208883,27.00484672350916,233.60611724853516,148.95178604125977,23.938757825482703,178.3390690584809,-179.9749560518012,17.013178986754937,32.19714444782408,32.19714444782408,71.84811687018508,36.19689917542281,71.84811687018508,168.5772385532677,175.4358117464177,175.4358117464177,168.5772385532677,23.590789877747195,24.577232930466412,24.577232930466412,28.777447040513465,28.777447040513465,28.326259800937006,28.706292198708496,4.128701370818238,176.80882330798482,26.895811902242862,28.20436591839226,10.428513957467555,0.9493560791015625,30.539276093690493,0
camera2_clip_20260604_162209_5829,186,14.733178971112986,20.275218103677286,20.275218103677286,19.38666754744081,16.116147486480838,19.38666754744081,76.21889988051811,96.85588522308852,165.73388313150846,179.23296646582497,36.11461520221574,36.078444725874405,16.929698982712647,17.30417798931807,36.11461520221574,36.078444725874405,-35.83396911621094,-35.847381591796875,20.275218103677286,16.116147486480838,179.23296646582497,36.078444725874405,18.693525425848048,178.58689716280983,-179.2930546251098,357.8799517879196,-85.42947357688547,0.24782810432893143,21.769874003720602,19.880066442655778,21.769874003720602,233.88067626953125,148.44543075561523,17.28006071110398,178.58689716280983,-179.2930546251098,7.189013124912823,29.56572464623335,29.56572464623335,67.0947238654776,40.874178104247,67.0947238654776,172.78356842304697,176.1756133274651,176.1756133274651,172.78356842304697,13.417878679010682,15.794280655484528,15.794280655484528,25.429031236152653,25.429031236152653,25.250553549336274,25.030657987612397,4.115530527093632,176.59762568468096,23.391571147070827,24.880516975383355,10.299578743398124,0.5453948974609375,23.841412635871194,0
camera2_clip_20260604_162209_5829,187,13.90402323077401,12.756147655945197,13.90402323077401,16.055939181377767,18.50497189057006,18.50497189057006,76.9061013789821,96.84023863882803,165.5717951127066,178.4985988817394,36.183143629308894,36.29241633398008,17.09754683639122,17.501798110658193,36.183143629308894,36.29241633398008,-35.96238708496094,-36.08583068847656,12.756147655945197,18.50497189057006,178.4985988817394,36.29241633398008,16.12207904367219,179.03476095464148,-178.72858143913416,357.76334239377564,-85.33084866292867,0.4478637918316508,16.427215138381737,19.084177164984368,19.084177164984368,233.93053436279297,147.9318962097168,15.478475485826365,179.03476095464148,-178.72858143913416,9.06738282405502,21.571873799016885,21.571873799016885,49.98655116456612,29.38385704362546,49.98655116456612,176.19149197596207,176.7027477945367,176.7027477945367,176.19149197596207,12.24420058010907,15.567256355047217,15.567256355047217,16.841751613730867,16.841751613730867,16.43412370467791,16.968990969885713,4.108191629878207,176.8243132856981,16.33353566430826,18.559965302209125,10.245366668756594,0.38315582275390625,19.546133002371075,0
camera2_clip_20260604_162209_5829,188,31.537547002812897,32.73871466166908,32.73871466166908,30.84731368206708,34.374309915218376,34.374309915218376,77.81437231305581,97.04837524572982,166.9562953527835,176.83065551886867,35.84851578505051,35.94163885195553,16.990201827543867,17.40467943236204,35.84851578505051,35.94163885195553,-35.649169921875,-35.77531433105469,32.73871466166908,34.374309915218376,176.83065551886867,35.94163885195553,29.53138386037627,179.456511193269,-178.45814962742116,357.9146608206902,-85.36001818985507,0.42175023862751004,20.44243389512872,27.24798400536148,27.24798400536148,233.60522079467773,147.18475723266602,24.446697359060952,179.456511193269,-178.45814962742116,19.19219985988846,24.689145950974304,24.689145950974304,33.532034782704244,39.21348791309518,39.21348791309518,178.70235151191363,178.50040274460977,178.50040274460977,178.70235151191363,23.458106511509754,27.191749219624818,27.191749219624818,22.010372026738672,22.010372026738672,21.243480480364383,21.97688931697792,4.072838302122502,177.19180314601212,21.470876099818103,24.153912076402197,10.206787551048444,1.0259857177734375,28.705418950004532,0
camera2_clip_20260604_162209_5829,189,38.257381264001786,25.900389932973027,38.257381264001786,35.43901056013075,29.949407758771873,35.43901056013075,78.12725767515661,97.1118063762286,167.64371446516094,175.76146199115607,35.37687362961053,35.83908088546842,16.840260354878087,17.41822906369477,35.37687362961053,35.83908088546842,-35.18138122558594,-35.69978332519531,25.900389932973027,29.949407758771873,175.76146199115607,35.83908088546842,30.191617467839418,179.56020480373002,-178.38143357872306,357.9416383824531,-85.49720171012794,0.10369361046102199,24.54957755945912,27.05393773169992,27.05393773169992,233.24252319335938,146.37728118896484,26.555797861070744,179.56020480373002,-178.38143357872306,20.224522103365857,25.765571919298207,25.765571919298207,22.203530641786674,29.40872712375329,29.40872712375329,179.57528170294884,178.90353248479187,178.90353248479187,179.57528170294884,26.989433332051878,27.999782805320205,27.999782805320205,22.66352391065319,22.66352391065319,22.638675805383727,22.631657082350934,4.0588116196377335,177.2189678434548,23.814713677015405,23.77179853402104,10.164356630246049,1.0261306762695312,27.81177272771772,0
camera2_clip_20260604_162209_5829,190,35.47804702898999,24.643233835982276,35.47804702898999,32.64493745785556,28.631766267715342,32.64493745785556,77.99172498723274,96.9281906285473,167.0940486064519,175.7799872169837,35.18786631387156,36.01174521283701,16.782287373639328,17.541350243392458,35.18786631387156,36.01174521283701,-35.00189208984375,-35.88152313232422,24.643233835982276,28.631766267715342,175.7799872169837,36.01174521283701,30.26219620391905,179.6219285760255,-178.31736403192605,357.93929260795153,-85.59131464533326,0.06172377229549397,29.384185377859527,30.791007255111612,30.791007255111612,232.91466903686523,145.44079780578613,29.76643289697803,179.6219285760255,-178.31736403192605,22.752769949888634,25.590605943684853,25.590605943684853,15.71997790373546,25.542806716478808,25.542806716478808,179.1804712158028,179.4052102023036,179.4052102023036,179.1804712158028,28.97716263146765,30.024456209710564,30.024456209710564,24.792291150292932,24.792291150292932,24.85434275835858,25.334568983996604,4.0957409154850435,177.3805048614912,26.532934721645507,28.09062243401777,10.230745370722506,0.9351730346679688,27.515079714873362,0
camera2_clip_20260604_162209_5829,191,40.940744135210274,36.73711256114486,40.940744135210274,43.787587218451016,38.589452628131035,43.787587218451016,77.93092753024706,96.40857239403711,166.54921384059932,176.16904258414573,35.14413465959702,35.90054393756746,16.96158158825292,17.59490489523299,35.14413465959702,35.90054393756746,-34.975013732910156,-35.788291931152344,36.73711256114486,38.589452628131035,176.16904258414573,35.90054393756746,38.987643207116555,179.4856030149225,-178.45699510922157,357.94259812414407,-85.60014666440202,-0.13632556110300698,37.898116526771645,35.972846172990536,37.898116526771645,232.4361686706543,144.23958587646484,38.79027493647084,179.4856030149225,-178.45699510922157,34.83746108430138,35.790977345299126,35.790977345299126,23.03796962097685,33.03656871997689,33.03656871997689,178.5736302776478,179.74885652202536,179.74885652202536,178.5736302776478,40.80112663733908,40.569841881824765,40.80112663733908,29.585786785659643,29.585786785659643,29.661794829527388,29.558779318187817,4.086818424054946,177.3624683301194,32.54261674658842,32.549615312039535,10.257033058727279,1.1907730102539062,36.83331704436812,0
camera2_clip_20260604_162209_5829,192,39.75316348366616,42.91320418003933,42.91320418003933,34.75028518830795,35.513594379121784,35.513594379121784,77.4001267426399,96.05306794740956,165.95915617533893,176.2624979283716,34.855844717045365,35.39468918717599,16.781796275232633,17.24180086728756,34.855844717045365,35.39468918717599,-34.671714782714844,-35.298118591308594,42.91320418003933,35.513594379121784,176.2624979283716,35.39468918717599,37.006160249165184,179.1706257213077,-178.87954779899707,358.0501735203047,-86.00614937259688,-0.31497729361481674,34.073669895842976,35.03304436801285,35.03304436801285,231.7948226928711,143.27699661254883,34.70032390054252,179.1706257213077,-178.87954779899707,32.75240809404242,26.373787634035505,32.75240809404242,31.77998700311884,24.142193876368346,31.77998700311884,178.41435324910378,179.97577232778912,179.97577232778912,178.41435324910378,36.50083923543646,35.16165268631152,36.50083923543646,31.533092323757877,31.533092323757877,32.29385224139203,32.5157981103924,4.137309724177771,177.05649932196104,33.16262282386531,34.04352971100449,10.373801405126123,1.2406768798828125,34.06231916869202,0
camera2_clip_20260604_162209_5829,193,42.86743899719912,32.85907349957485,42.86743899719912,29.98226934370515,31.453525666043895,31.453525666043895,76.57487673328194,95.47030420453814,163.61675742082292,177.13009728175925,34.68756490569899,35.85718868066848,16.673614909374276,17.52760101586623,34.68756490569899,35.85718868066848,-34.52006530761719,-35.76685333251953,32.85907349957485,31.453525666043895,177.13009728175925,35.85718868066848,35.23290232273738,178.88853325232503,-179.17101290404705,358.0595461563721,-86.39400083155334,-0.28209246898265405,36.06114896349866,38.1739574664026,38.1739574664026,230.81562042236328,142.7349910736084,33.575979237079366,178.88853325232503,-179.17101290404705,32.45659821884336,21.46050023354958,32.45659821884336,33.444258769475375,14.613728290616805,33.444258769475375,178.24770640976703,179.90382055413508,179.90382055413508,178.24770640976703,30.056041043065946,30.265694468241385,30.265694468241385,33.01291459876735,33.01291459876735,32.224490175753445,34.11036042705029,4.204203005778571,177.18426285598653,32.20874585151963,36.40401178550091,10.526547753356526,0.403839111328125,31.141186246684725,0
camera2_clip_20260604_162209_5829,194,51.27084182085987,54.048595512304026,54.048595512304026,43.15164705520221,48.06119151278386,48.06119151278386,75.77075368456941,94.91847828892902,161.87113563097395,178.22062184238203,34.602903096384544,35.611480862655114,16.661378286717845,17.2585771994931,34.602903096384544,35.611480862655114,-34.43701171875,-35.52227783203125,54.048595512304026,48.06119151278386,178.22062184238203,35.611480862655114,50.00229624136572,178.52261970353584,-179.35721918086753,357.8798388844034,-86.9149835025952,-0.36591354878919446,50.106498651069636,53.37500289597473,53.37500289597473,229.27972412109375,142.44265365600586,46.90410166057499,178.52261970353584,-179.35721918086753,44.6830896076002,43.81591898395853,44.6830896076002,50.041544162298365,51.25761915173386,51.25761915173386,178.3698513238527,179.40569170655775,179.40569170655775,178.3698513238527,41.034326334449574,43.275570285094226,43.275570285094226,51.80875960964888,51.80875960964888,50.948136479462825,52.77413241681243,4.265869054395605,177.2158675990922,49.842571929060334,54.42776039986138,10.681887043703846,0.44431304931640625,47.84348716444409,0
camera2_clip_20260604_162209_5829,195,66.04979164982538,62.20254483898805,66.04979164982538,60.69527444499638,69.66756846581221,69.66756846581221,75.53250348395645,95.17008641104894,161.0196076055175,177.13122266581036,34.525212354050616,35.47295092303822,16.58379473067871,17.22467699417738,34.525212354050616,35.47295092303822,-34.36744689941406,-35.39588165283203,62.20254483898805,69.66756846581221,177.13122266581036,35.47295092303822,64.8541746766124,178.55287372003343,-179.57867951907198,358.1315532391054,-87.34085504029329,0.03025401649759374,63.26017581352001,67.24969284653241,67.24969284653241,227.24565505981445,142.24277305603027,61.3159871507441,178.55287372003343,-179.57867951907198,66.25699294620411,58.14050366910861,66.25699294620411,73.60358256627627,51.390006741494176,73.60358256627627,178.24090382745328,179.9232332166408,179.9232332166408,178.24090382745328,56.88876152677344,57.9923054041869,57.9923054041869,60.91320270061769,60.91320270061769,61.23797616496638,63.08154429814797,4.326934605382634,177.30778266919108,63.73889628886915,68.14464662870937,10.827447834326875,0.24802398681640625,62.783100076143164,0
camera2_clip_20260604_162209_5829,196,62.24607587346664,66.18127309999839,66.18127309999839,60.71511910426626,72.35800851258888,72.35800851258888,75.4194484190895,95.45207006709637,160.72534210970838,176.12216091272546,34.398821813826714,35.66762554973348,16.509722447523608,17.321066877770132,34.398821813826714,35.66762554973348,-34.24247741699219,-35.598411560058594,66.18127309999839,72.35800851258888,176.12216091272546,35.66762554973348,65.36245994478028,178.29590797322686,-179.88352348444968,358.1794314576765,-87.82500799179762,-0.25696574680657136,61.428989700344204,69.24529337801738,69.24529337801738,225.22162246704102,142.1929988861084,60.739335394293846,178.29590797322686,-179.88352348444968,61.7520415721893,52.36434909556276,61.7520415721893,68.26718002788023,43.25545846090627,68.26718002788023,178.23345144882094,179.7613633617357,179.7613633617357,178.23345144882094,54.78576457736453,57.643396753738834,57.643396753738834,62.32246865236433,62.32246865236433,62.86840645409926,64.02461543259318,4.366446444024573,176.99517352493717,64.64578576917046,67.31180322176448,10.918613231963732,-0.04230499267578125,60.85357917969365,0
camera2_clip_20260604_162209_5829,197,56.368104213221464,57.02956307297234,57.02956307297234,53.76363405853649,57.74510594908149,57.74510594908149,75.48727059446809,95.81847723729439,160.56270395865192,175.59573993864453,34.63348988214371,36.05226612268753,16.651617029503832,17.439241497554846,34.63348988214371,36.05226612268753,-34.485084533691406,-35.9775390625,57.02956307297234,57.74510594908149,175.59573993864453,36.05226612268753,55.275493043640346,178.0776491315818,-179.99261482317874,358.07026395476055,-87.88356176372903,-0.21825884164505283,53.92606757329818,52.82048339473208,53.92606757329818,223.4605484008789,142.19058799743652,52.83227149199285,178.0776491315818,-179.99261482317874,53.04962925737724,57.6933211882554,57.6933211882554,49.00112727913106,65.1574094275962,65.1574094275962,177.86578625972157,179.91456790469022,179.91456790469022,177.86578625972157,52.47685850203385,52.141988005858344,52.47685850203385,50.061154735669334,50.061154735669334,50.82497817046565,50.553365487941235,4.357394568486458,176.88765894749818,53.37183816423516,52.5662739555173,10.892396534670988,-0.28954315185546875,55.09777432684118,0
camera2_clip_20260604_162209_5829,198,43.52248487071293,49.26258686489313,49.26258686489313,49.028762818092765,54.10089413242085,54.10089413242085,75.5489257850879,96.47706540782293,161.27409420235836,174.3898421866616,34.48252562010678,35.92536726714895,16.489125750712926,17.34561334666242,34.48252562010678,35.92536726714895,-34.31676483154297,-35.847557067871094,49.26258686489313,54.10089413242085,174.3898421866616,35.92536726714895,48.64415524899448,177.97822770655074,179.69848874454618,1.7202610379954422,-88.47045556526469,-0.09942142503106766,48.217097317023466,47.733105490823725,48.217097317023466,222.04594802856445,142.11324310302734,42.501397641007294,177.97822770655074,179.69848874454618,46.08522415615434,42.70635520759057,46.08522415615434,35.41342960354805,33.42750971749561,35.41342960354805,176.53530915245076,178.7790469675618,178.7790469675618,176.53530915245076,37.379529634713684,36.76488344986937,37.379529634713684,45.96079654135668,45.96079654135668,47.39088937999772,46.56953203327116,4.329687256641876,176.92939900385625,50.99764866954185,49.38955568728221,10.837841494691405,0.199432373046875,43.63682193861154,0
camera2_clip_20260604_162209_5829,199,42.21459801190389,50.38298023461289,50.38298023461289,47.01327471947469,50.122083313685245,50.122083313685245,75.51253877640008,96.62777240205803,161.77174648911785,174.24305306279732,34.42379564895857,36.029038199613744,16.377009823491427,17.470386344264377,34.42379564895857,36.029038199613744,-34.23963928222656,-35.948158264160156,50.38298023461289,50.122083313685245,174.24305306279732,36.029038199613744,47.66995634516733,177.92553608568682,179.48832788299367,1.5627917973068577,-88.67944265409245,-0.05269162086392498,47.54872070706251,48.73808108426481,48.73808108426481,220.5070457458496,142.11563682556152,46.167124332010054,177.92553608568682,179.48832788299367,39.49325036474333,44.535804781465316,44.535804781465316,22.470807503603307,35.889091348142905,35.889091348142905,175.54641917391018,178.15389505265185,178.15389505265185,175.54641917391018,43.595342284971515,44.82330445918569,44.82330445918569,40.90757136218208,40.90757136218208,42.51025007429165,42.71125421237414,4.339002703137291,176.45575321183574,46.766197382811,46.7034123116108,10.839808882085894,-0.039398193359375,43.068944901093005,0
camera2_clip_20260604_162209_5829,200,42.3109540283826,58.51981948894134,58.51981948894134,50.293454858828724,52.70501217551715,52.70501217551715,75.49674789316427,96.83518254802775,162.66663486083033,174.7495992253869,34.217931029164184,36.07049388667674,16.283349157798195,17.409369114343654,34.217931029164184,36.07049388667674,-34.00782775878906,-35.968780517578125,58.51981948894134,52.70501217551715,174.7495992253869,36.07049388667674,50.54832504102479,177.43426418076749,179.09164359652218,1.65737941575469,-88.91082380439641,-0.4912719049193299,49.680946733009016,49.779762961469935,49.779762961469935,218.95362091064453,142.3573455810547,47.163509803688065,177.43426418076749,179.09164359652218,29.38993841905351,40.20826494830132,40.20826494830132,13.64958427234644,34.50952698927976,34.50952698927976,175.38081306064552,178.09753313568783,178.09753313568783,175.38081306064552,44.17493575743847,45.292169028269036,45.292169028269036,47.226381986877385,47.226381986877385,47.435618654598116,47.93388095799901,4.351556717977768,175.8670463885713,47.8061305608679,47.93164742241123,10.829878972860742,-0.20294189453125,42.542864138403104,0
camera2_clip_20260604_162209_5829,201,45.62606065870396,48.95816857643867,48.95816857643867,52.23153717812673,46.71407845773229,52.23153717812673,75.45451787441498,96.93969002751827,163.24420467997055,175.00497152458973,33.97250588646841,35.87686417628761,16.049004211068524,17.28079606686966,33.97250588646841,35.87686417628761,-33.7392578125,-35.764488220214844,48.95816857643867,46.71407845773229,175.00497152458973,35.87686417628761,48.78909955907045,177.27557580625322,178.82012739980377,1.5445515935505512,-89.06338171334109,-0.15868837451426998,52.61558496224141,46.589167521179654,52.61558496224141,217.41259002685547,142.7170009613037,47.47331207742295,177.27557580625322,178.82012739980377,34.30394695837548,46.469178565801386,46.469178565801386,9.661866776640354,50.37727837767592,50.37727837767592,174.08359529078902,178.2075604439115,178.2075604439115,174.08359529078902,46.196303892783405,44.794353755319705,46.196303892783405,46.6934584350097,46.6934584350097,47.276170643595414,46.311351784505,4.31670590770149,175.68028963995425,48.734240971273564,46.29325646835849,10.738680704313424,-0.21511077880859375,43.71146047341825,0
camera2_clip_20260604_162209_5829,202,35.739407418545575,48.15988309549201,48.15988309549201,47.95184222874788,43.617297785492454,47.95184222874788,75.31654436971985,96.8436180110678,164.31518647502494,175.67016311349067,33.498401806202224,35.72323368241967,15.713596660124882,17.269761983741493,33.498401806202224,35.72323368241967,-33.21955871582031,-35.600440979003906,48.15988309549201,43.617297785492454,175.67016311349067,35.72323368241967,45.36310555200412,177.04869430147141,178.42190193978544,1.3732076383140281,-89.44541323495022,-0.2268815047818009,49.84234835768498,46.86785442606184,49.84234835768498,216.0816535949707,143.32161903381348,43.8549805539943,177.04869430147141,178.42190193978544,25.814933467693415,41.18617501758754,41.18617501758754,11.173770334662434,40.59929588439491,40.59929588439491,173.65258339350055,177.90349820858748,177.90349820858748,173.65258339350055,39.19851006575029,39.68935669522669,39.68935669522669,41.87965376554641,41.87965376554641,42.8582389400142,42.18691980688166,4.287451254513577,175.35867267003832,46.140900700029285,44.03970706339306,10.644491694862472,-0.36040496826171875,39.15338956477833,0
camera2_clip_20260604_162209_5829,203,31.015143245470586,35.52718436701896,35.52718436701896,33.2585813789325,28.711051083116267,33.2585813789325,75.41857300746943,96.51527694928342,164.74713540511536,176.7732813122309,33.469520047624236,35.69878014528216,15.735974298714408,17.31157290124172,33.469520047624236,35.69878014528216,-33.18498229980469,-35.565574645996094,35.52718436701896,28.711051083116267,176.7732813122309,35.69878014528216,32.28840504729255,176.92587026503932,178.354173433846,1.4283031688066785,-89.27451894635625,-0.1228240364320925,32.580462249054825,32.63800796016219,32.63800796016219,215.04885864257812,143.7111988067627,33.114861193441186,176.92587026503932,178.354173433846,14.86867424601659,28.03829404740678,28.03829404740678,7.097522339964265,33.238763099464016,33.238763099464016,174.13501681247098,178.66547848031328,178.66547848031328,174.13501681247098,33.27665301848789,34.41944946178787,34.41944946178787,29.05758272355513,29.05758272355513,29.079015540946223,29.93971936158111,4.305955135871355,174.8615811227808,29.45741026735629,30.882511230464765,10.659862175715679,-0.43195343017578125,28.72248220807356,0
camera2_clip_20260604_162209_5829,204,24.802342169281093,24.278462512036132,24.802342169281093,26.977381441251374,25.019568290001835,26.977381441251374,75.85322176533583,96.88821980364295,165.36121481482127,176.24228213422418,33.36808606397984,35.77614843536476,15.669202590001404,17.323534943156396,33.36808606397984,35.77614843536476,-33.095314025878906,-35.636192321777344,24.278462512036132,25.019568290001835,176.24228213422418,35.77614843536476,24.263179165076433,176.63974754014552,178.01356741976574,1.3738198796202141,-89.32824672736477,-0.28612272489380075,23.42827725708203,21.07304332080612,23.42827725708203,214.48287200927734,144.08687210083008,20.379503518376794,176.63974754014552,178.01356741976574,10.70348982859202,19.359495074266935,19.359495074266935,3.752082073477037,21.863679772032242,21.863679772032242,174.20351025468725,178.80642214958763,178.80642214958763,174.20351025468725,19.203559602688934,18.45325877033044,19.203559602688934,22.319724900643767,22.319724900643767,22.03397128965613,22.2988245223252,4.309755959289703,174.70520188454316,21.75608566297745,22.064120622513354,10.651213724582913,-0.44085693359375,19.909553342653847,0
