video_id,frame_no,left_wrist_speed,right_wrist_speed,wrist_speed_max,left_elbow_speed,right_elbow_speed,elbow_speed_max,left_elbow_angle,right_elbow_angle,left_elbow_joint_angle,right_elbow_joint_angle,left_arm_length,right_arm_length,left_forearm_length,right_forearm_length,left_shoulder_wrist_dist,right_shoulder_wrist_dist,left_wrist_height_rel,right_wrist_height_rel,bat_arm_wrist_speed,bat_arm_elbow_speed,bat_arm_elbow_angle,bat_arm_extension,arm_activity_score,shoulder_line_angle,hip_line_angle,hip_shoulder_separation,trunk_lean,shoulder_rotation_change,left_shoulder_speed,right_shoulder_speed,shoulder_speed_max,body_center_x,body_center_y,body_center_speed,upper_body_rotation,lower_body_rotation,left_knee_speed,right_knee_speed,knee_speed_max,left_ankle_speed,right_ankle_speed,ankle_speed_max,left_knee_angle,right_knee_angle,front_knee_angle,back_knee_angle,left_hip_speed,right_hip_speed,hip_speed_max,head_movement,head_speed,left_eye_speed,right_eye_speed,eye_separation,head_orientation_angle,left_ear_speed,right_ear_speed,ear_separation,wrist_height_change,pose_activity_score,impact_like_frame_flag
camera2_clip_20260531_161804_1160,0,0.0,0.0,0.0,0.0,0.0,0.0,67.04732964210746,84.13628243464409,132.48163513068934,81.84711387122908,38.33875065101599,18.09943445895887,19.182589881466427,9.587240807593945,38.33875065101599,18.09943445895887,-38.32890319824219,-16.300697326660156,0.0,0.0,81.84711387122908,18.09943445895887,0.0,170.8369495377639,172.5860284523032,1.7490789145392966,-108.89436058771533,0.0,0.0,0.0,0.0,247.94992446899414,84.49240493774414,0.0,170.8369495377639,172.5860284523032,0.0,0.0,0.0,0.0,0.0,0.0,157.82824775445843,162.56105603981223,162.56105603981223,157.82824775445843,0.0,0.0,0.0,0.0,0.0,0.0,0.0,5.201750821114244,178.11772682351682,0.0,0.0,12.830261206841934,0.0,0.0,0
camera2_clip_20260531_161804_1160,1,12.293489548529593,183.26550659365284,183.26550659365284,17.209733144587016,61.05162017879882,61.05162017879882,66.45390973650551,78.85076916977728,131.41626180856343,103.63025533625425,38.32134466699345,21.786306960514626,19.084839577337622,8.87339089408972,38.32134466699345,21.786306960514626,-38.30610656738281,-21.296852111816406,183.26550659365284,61.05162017879882,103.63025533625425,21.786306960514626,48.91280283680265,171.5705976615821,173.0239354553104,1.4533377937283092,-108.59823909985548,0.7336481238181989,14.456962923436615,5.199504631811007,14.456962923436615,247.77897262573242,84.95728302001953,14.859426223282032,171.5705976615821,173.0239354553104,13.699177511375854,10.302455783078488,13.699177511375854,20.210848911129588,1.8832832520559024,20.210848911129588,157.4774856601867,162.03910492823294,162.03910492823294,157.4774856601867,21.161327420778587,18.88032479108116,21.161327420778587,5.338237850542493,5.338237850542493,6.303440285050007,3.734019799403156,5.21175542420688,179.06371195095724,6.157370992290267,2.4378028992919503,12.878754341317936,-2.789173126220703,31.634519557526286,0
camera2_clip_20260531_161804_1160,2,5.822957539146618,111.4597798354274,111.4597798354274,8.341130921154685,42.00252043210781,42.00252043210781,66.09868777656955,75.33379373306516,130.88888322695954,116.0121350887685,38.33062939307044,24.549801526465536,19.018401064835334,9.669597175361991,38.33062939307044,24.549801526465536,-38.31018829345703,-24.41240692138672,111.4597798354274,42.00252043210781,116.0121350887685,24.549801526465536,29.359881121928552,172.07174147288265,173.35637271079784,1.2846312379151925,-108.67663869255527,0.5011438113005511,7.978618589717958,0.5542794140168452,7.978618589717958,247.74805068969727,85.12580490112305,5.1400594826272945,172.07174147288265,173.35637271079784,6.000426993180065,3.2494845557564296,6.000426993180065,13.942189788604416,1.3807525111182195,13.942189788604416,157.39208639998498,161.62914365674587,161.62914365674587,157.39208639998498,8.240934874292385,6.243229687792005,8.240934874292385,2.7006270624364137,2.7006270624364137,3.152943985939525,1.450703673595314,5.228544553669437,179.76444244319626,3.2408987640255456,3.9781769585887123,12.940361189594924,-1.6570816040039062,17.934692095192904,0
camera2_clip_20260531_161804_1160,3,6.532950391071997,60.257713180653354,60.257713180653354,25.144517896782794,41.503935714038036,41.503935714038036,65.5471910804228,71.55637599634791,128.6284207172989,116.73304748737202,38.04645576037163,25.6037494870741,18.457220393654822,9.930573016453724,38.04645576037163,25.6037494870741,-38.01886749267578,-25.590782165527344,60.257713180653354,41.503935714038036,116.73304748737202,25.6037494870741,25.61904292427211,173.35939533426958,174.0992882729668,0.73989293869721,-108.35069118454525,1.2876538613869286,16.439730231675806,3.835410131410701,16.439730231675806,247.446533203125,85.5284538269043,15.090893178585748,173.35939533426958,174.0992882729668,34.29715568547377,12.724691957584904,34.29715568547377,46.90532670686464,2.4051446984764016,46.90532670686464,156.66581453524108,160.6109797360066,160.6109797360066,156.66581453524108,25.50736240885121,18.24843525614221,25.50736240885121,10.427512848127467,10.427512848127467,10.048561381116706,8.60120307209733,5.2637648953665845,-178.74238219230364,8.763284194853144,8.16631219301014,12.971514383934185,-0.6083869934082031,24.483531188252154,0
camera2_clip_20260531_161804_1160,4,11.629871829744669,194.53175526719943,194.53175526719943,11.598174765984714,50.87046918843166,50.87046918843166,65.41188320610414,68.74926642437373,128.577962824984,135.5284808448975,37.98653272909765,31.01414699978473,18.454274041476417,12.490775810114958,37.98653272909765,31.01414699978473,-37.956787109375,-30.90252685546875,194.53175526719943,50.87046918843166,135.5284808448975,31.01414699978473,48.36543354600514,173.98568105480467,174.40066066347944,0.4149796086747699,-108.45949541246422,0.626285720535094,13.917186684649991,7.645143540020384,13.917186684649991,247.3560905456543,85.85099029541016,10.049312564844161,173.98568105480467,174.40066066347944,2.4567925082479767,7.439192359044174,7.439192359044174,5.969346279501283,3.856417467838362,5.969346279501283,156.7791651862058,160.51071942531914,160.51071942531914,156.7791651862058,9.960454966799501,9.35267142583513,9.960454966799501,6.35088181521336,6.35088181521336,5.5971474743238,3.597794627481853,5.221781248291467,-177.88714370553288,7.401495360681522,1.8882083395497236,12.891023960688093,-2.9608688354492188,27.435623023608105,0
camera2_clip_20260531_161804_1160,5,6.644131827112417,84.158221615539,84.158221615539,5.069081240925342,28.692316220067045,28.692316220067045,65.28754663470366,67.42112566973212,128.68859848744455,139.1139264878116,37.88589835637147,33.38459460659297,18.495488567156137,14.094979593133335,37.88589835637147,33.38459460659297,-37.85502624511719,-33.1676025390625,84.158221615539,28.692316220067045,139.1139264878116,33.38459460659297,23.71244231374203,174.1559509498997,174.54091068125558,0.38495973135587747,-108.7641574730135,0.1702698950950321,9.783874286940533,7.927028691867839,9.783874286940533,247.43922424316406,86.0501880645752,6.47548195980624,174.1559509498997,174.54091068125558,7.501888051467099,6.841638519195243,7.501888051467099,5.630052893568244,5.757532332428586,5.757532332428586,157.08219555042734,160.50075460341506,160.50075460341506,157.08219555042734,6.279920988969667,5.76845712800833,6.279920988969667,3.9751291110948888,3.9751291110948888,3.1389234688531578,3.3819721986579268,5.221510210475554,-177.48393911257202,5.753846666412133,3.7145004962819854,12.886353218428392,-1.37152099609375,15.004511983007445,0
camera2_clip_20260531_161804_1160,6,6.231446122248803,143.43864584577895,143.43864584577895,3.6957199644059013,35.21823264058969,35.21823264058969,65.60392979309057,69.05078704674213,128.7776271626159,128.0859207234214,37.80412832561898,29.16116628918171,18.38700525938082,11.753878596155811,37.80412832561898,29.16116628918171,-37.778404235839844,-29.13445281982422,143.43864584577895,35.21823264058969,128.0859207234214,29.16116628918171,32.11777121573729,173.99720841638714,174.49175085623082,0.4945424398436842,-108.9737126150849,-0.15874253351256584,2.3878935683326827,1.7346891530677302,2.3878935683326827,247.5191879272461,85.93108940124512,4.303581548092701,173.99720841638714,174.49175085623082,3.9678210703473766,4.062726267831543,4.062726267831543,8.247605822202502,3.101887234628224,8.247605822202502,157.29439101156743,160.57230757683922,160.57230757683922,157.29439101156743,5.5421458576970455,8.657568114581897,8.657568114581897,6.423365632052182,6.423365632052182,6.99398738230949,7.015071055344842,5.241010680303489,-177.8187380174387,3.999677294486233,3.02442982457717,12.869872411197639,2.1133880615234375,18.857198471809365,0
camera2_clip_20260531_161804_1160,7,8.643113595530268,6.42021257894826,8.643113595530268,4.5127438643946975,12.74415773563223,12.74415773563223,65.42228548482777,68.91784616156643,129.18634979779844,126.31194679924789,37.99153801766804,29.14173697676462,18.66506103878009,11.754328001354057,37.99153801766804,29.14173697676462,-37.96367645263672,-29.12187957763672,6.42021257894826,12.74415773563223,126.31194679924789,29.14173697676462,7.397594144684434,173.49474512290664,174.21148304174852,0.7167379188418863,-109.0150193614836,-0.5024632934805027,5.254446967588852,6.810890126012299,6.810890126012299,247.50483322143555,86.08449745178223,4.622345594355022,173.49474512290664,174.21148304174852,7.666531351078134,7.517977097219852,7.666531351078134,3.096748233548997,8.334441675828874,8.334441675828874,157.6280433120238,160.70133732938612,160.70133732938612,157.6280433120238,4.626239026278102,5.7939568025522314,5.7939568025522314,6.754259118726592,6.754259118726592,5.734972104368274,5.602340591875766,5.216345061694753,-177.473183788298,5.053679042435631,1.1785039273535904,12.741181541467313,-0.23502349853515625,6.7851215878844,0
camera2_clip_20260531_161804_1160,8,9.713912085159684,18.78217817495751,18.78217817495751,4.81980830924108,6.022412201657308,6.022412201657308,65.18747822634579,69.1378832738505,129.83643054320402,123.92384441996157,38.3590060479001,28.96797051874459,19.039239030647224,11.880464600649484,38.3590060479001,28.96797051874459,-38.325111389160156,-28.963851928710938,18.78217817495751,6.022412201657308,123.92384441996157,28.96797051874459,7.947387493092777,172.871774673156,173.8166311300504,0.9448564568943993,-109.11821130974211,-0.6229704497506248,4.241320439439597,4.104693748101482,4.241320439439597,247.4716682434082,86.17353630065918,2.850447182320413,172.871774673156,173.8166311300504,5.914665630535276,6.26110753228228,6.26110753228228,3.9495803981537128,5.34609814316102,5.34609814316102,158.02280992763917,160.894767465895,160.894767465895,158.02280992763917,2.9410405007591067,5.237769285287883,5.237769285287883,2.185066335347383,2.185066335347383,1.9971512161512373,1.8730049991457505,5.217144003005379,-177.51802088141835,2.070331539660301,2.1574951713640482,12.735326002050698,-0.14820098876953125,6.444548870727995,0
camera2_clip_20260531_161804_1160,9,5.297705382426709,27.79187694246474,27.79187694246474,2.56945510637376,8.590083476983352,8.590083476983352,64.75690610236249,68.49349999913696,130.0130673676672,117.88497051270186,38.4982038024495,28.31107094670145,19.204885731960243,12.124000787197717,38.4982038024495,28.31107094670145,-38.452857971191406,-28.308738708496094,27.79187694246474,8.590083476983352,117.88497051270186,28.31107094670145,9.01570530655206,172.43275637567697,173.66434971526175,1.2315933395847765,-109.33550167333799,-0.43901829747903776,5.241099486757285,4.604011444306522,5.241099486757285,247.5129852294922,86.23798751831055,2.296725389816392,172.43275637567697,173.66434971526175,3.032063604205334,1.7793167934391552,3.032063604205334,4.515896742186209,1.9210715562532072,4.515896742186209,158.32913935122616,160.60970906100349,160.60970906100349,158.32913935122616,1.985792368398038,6.198800475054641,6.198800475054641,2.9425987769898208,2.9425987769898208,2.5999278026495354,3.0483568373849863,5.234735729671593,-177.4766753689373,3.665100818966777,4.008759645031465,12.75040525072798,0.18968582153320312,6.127264448237413,0
camera2_clip_20260531_161804_1160,10,1.954766884249232,40.97323135710831,40.97323135710831,1.2639374948518247,1.6255499950392194,1.6255499950392194,64.19911929592743,68.45022420626248,129.38459680269557,111.12529537025713,38.386031043557374,27.105863855608746,19.162501574488168,11.967180222684679,38.386031043557374,27.105863855608746,-38.329673767089844,-27.074195861816406,40.97323135710831,1.6255499950392194,111.12529537025713,27.105863855608746,9.565945242271992,171.90938953378102,173.34795362429705,1.4385640905160244,-109.53890541810239,-0.5233668418959496,5.606565522369658,5.9716202000137075,5.9716202000137075,247.52623748779297,86.32662200927734,2.688591788485645,171.90938953378102,173.34795362429705,2.6841176174484147,3.002312934156752,3.002312934156752,2.491760095057859,2.7153194005665906,2.7153194005665906,158.19555048568552,160.55836451096798,160.55836451096798,158.19555048568552,1.1072269941851625,5.625178457200906,5.625178457200906,2.4626505612536924,2.4626505612536924,2.607524349443854,2.5497825069994082,5.232869736258258,-177.46218716442704,4.551557264450217,3.727748230746611,12.721179979234527,0.5508270263671875,6.251798912687302,0
camera2_clip_20260531_161804_1160,11,9.720794460443537,147.1811941374539,147.1811941374539,2.821444095677644,54.71374319697679,54.71374319697679,63.5373758187459,65.62404800955585,129.13545452351718,121.22084122384712,38.515977823632554,31.100254775894026,19.346329632647734,13.722975567049568,38.515977823632554,31.100254775894026,-38.44279479980469,-31.077194213867188,147.1811941374539,54.71374319697679,121.22084122384712,31.100254775894026,38.20314579289711,171.91926524674832,173.42939923772582,1.5101339909774936,-109.94519785304136,0.009875712967300387,9.302550960689763,5.479147906141068,9.302550960689763,247.58235931396484,86.42072868347168,3.2871192480204523,171.91926524674832,173.42939923772582,1.702699343943856,0.4668098771108032,1.702699343943856,4.8516169740203265,3.5811280671365404,4.8516169740203265,158.27113364325854,160.25395232782625,160.25395232782625,158.27113364325854,4.822516362982305,6.055176821382444,6.055176821382444,4.856133146296442,4.856133146296442,5.137785291024324,2.75893865027865,5.205549635121907,-176.63296239347906,8.144400525030232,3.0234141959668706,12.660181796562217,-2.2384262084960938,20.89156851699658,0
camera2_clip_20260531_161804_1160,12,2.693115341750893,151.36498906371432,151.36498906371432,9.125433043801033,46.72767475471773,46.72767475471773,63.61863388209091,67.62662057754069,128.22231101321316,108.528817371402,38.38550284544685,26.816471387634884,19.137511625706267,12.064367693457621,38.38550284544685,26.816471387634884,-38.32098388671875,-26.782684326171875,151.36498906371432,46.72767475471773,108.528817371402,26.816471387634884,36.11834291983855,172.17266590345426,173.51136438493543,1.338698481481174,-110.30990167494434,0.25340065670593503,3.243975002968987,3.5548703120783496,3.5548703120783496,247.65395736694336,86.29326057434082,4.385995899694835,172.17266590345426,173.51136438493543,3.4869403361684954,1.4043468770183107,3.4869403361684954,7.058663527595584,2.5065488879442706,7.058663527595584,157.74383660544126,160.21308046334107,160.21308046334107,157.74383660544126,9.17015962018292,10.185872192584624,10.185872192584624,4.549015773544646,4.549015773544646,4.3424190600178765,5.335132087282764,5.187851089886495,-177.08471138819166,3.6807062567878703,5.432835821300266,12.638388690051888,2.179851531982422,20.87688241337712,0
camera2_clip_20260531_161804_1160,13,2.8420370285573777,109.79427861894632,109.79427861894632,9.081183819881327,32.833827774195626,32.833827774195626,63.60534978013045,69.15303109712043,127.20230081764424,97.38741614819435,38.21676956686956,23.779336637193463,18.925025512290226,11.376255348056805,38.21676956686956,23.779336637193463,-38.15850830078125,-23.57720947265625,109.79427861894632,32.833827774195626,97.38741614819435,23.779336637193463,26.353611899438558,172.51616510634662,173.67231542505965,1.1561503187130313,-110.5354497933547,0.34349920289236024,3.2461659383837724,0.32417821666690916,3.2461659383837724,247.7374382019043,86.21286582946777,3.4769423820477416,172.51616510634662,173.67231542505965,3.6726445579920868,1.3891844588099824,3.6726445579920868,7.023762799501213,2.4282288314415577,7.023762799501213,157.1763560621778,160.24980924752018,160.24980924752018,157.1763560621778,5.654024274461143,8.373750586624396,8.373750586624396,10.585328435180143,10.585328435180143,9.97888711639709,11.072335234426749,5.130183098424572,-177.52086964171383,6.167835317203504,7.708775480602085,12.518471881700634,1.6515159606933594,15.55527224212181,0
camera2_clip_20260531_161804_1160,14,7.96520625388234,113.67957123338302,113.67957123338302,7.160184925873752,22.961310556341658,22.961310556341658,63.718001782910115,70.76210672902351,126.48377457582032,83.47798440243787,38.363289396175375,20.833878468676087,19.06503539662006,11.56284628581179,38.363289396175375,20.833878468676087,-38.319725036621094,-20.194992065429688,113.67957123338302,22.961310556341658,83.47798440243787,20.833878468676087,26.75214576286208,172.32107101049402,173.58508616709284,1.2640151565988162,-110.69484593289269,-0.19509409585259618,3.3642405452755755,5.3823610624161295,5.3823610624161295,247.8949203491211,86.1817512512207,4.81579373565307,172.32107101049402,173.58508616709284,5.226811916233372,3.527105480999039,5.226811916233372,9.661338830369038,4.367833100028995,9.661338830369038,156.62707144870313,160.3197630768566,160.3197630768566,156.62707144870313,4.70877583659816,8.873479571919068,8.873479571919068,4.748216265902489,4.748216265902489,5.1437089049864255,5.7629880719274285,5.115229469621012,-177.92093070800192,3.6844682082260936,5.35659542186915,12.450122910838026,1.5490036010742188,16.406518276110013,0
camera2_clip_20260531_161804_1160,15,7.396407952998602,34.75477920414848,34.75477920414848,3.3083090772293087,17.03394774905908,17.03394774905908,63.895662502385306,71.921771348472,126.66029459732235,79.54095931402084,38.51101262433738,19.92264202787236,19.224205430296543,11.512422820622515,38.51101262433738,19.92264202787236,-38.474403381347656,-19.09723663330078,34.75477920414848,17.03394774905908,79.54095931402084,19.92264202787236,12.23259448488402,172.1626495573952,173.5430933663883,1.3804438089930784,-110.8869647062133,-0.15842145309881062,4.382635687940489,6.519487237928162,6.519487237928162,247.92382431030273,86.22342109680176,1.5213919621402163,172.1626495573952,173.5430933663883,3.3898714131514303,3.865909473607302,3.865909473607302,2.5506033552404532,2.7317783807634197,2.7317783807634197,156.14849596735982,160.05535371423827,160.05535371423827,156.14849596735982,4.469535292637102,1.0284297642372333,4.469535292637102,4.464399652249139,4.464399652249139,3.3584252114825337,4.583571005489764,5.170950403596266,-177.89626856758713,4.501312882275663,5.01369265021162,12.60511052226,0.3423576354980469,7.619307882411754,0
camera2_clip_20260531_161804_1160,16,4.8017460098930345,164.2640864766616,164.2640864766616,3.4997418253324186,53.04485450457056,53.04485450457056,64.19281359906428,75.96975509542852,127.37555433366842,66.21205296546577,38.558126754303466,16.996503884463223,19.42378366000547,13.29411353460583,38.558126754303466,16.996503884463223,-38.52947235107422,-14.465202331542969,164.2640864766616,53.04485450457056,66.21205296546577,16.996503884463223,40.240175161834095,171.5266639763987,173.3267429783436,1.80007900194488,-111.05356755385291,-0.635985580996504,5.404767680542684,10.425854474004304,10.425854474004304,247.9636344909668,86.34597778320312,3.8658107402677544,171.5266639763987,173.3267429783436,3.285512263356441,3.284459417784493,3.285512263356441,6.402372787542402,7.357128189664423,7.357128189664423,156.24209556185022,160.32141896246264,160.32141896246264,156.24209556185022,2.9979365490439056,2.0727838810616874,2.9979365490439056,1.9859146135040906,1.9859146135040906,0.7480033839770152,1.9644119422057225,5.209920003528188,-178.07186228987626,4.215924428454587,5.3499269826475055,12.720642045167507,2.0774765014648438,22.236770338288164,0
camera2_clip_20260531_161804_1160,17,7.007961448630248,22.05770714713679,22.05770714713679,4.84733376863568,23.162508948953956,23.162508948953956,64.60090591718642,77.67152685456061,128.43947460491583,68.00201115307097,38.53946974974939,17.208946022882664,19.56045039520387,13.219688054646745,38.53946974974939,17.208946022882664,-38.51658630371094,-14.41778564453125,22.05770714713679,23.162508948953956,68.00201115307097,17.208946022882664,13.516813970120957,170.74883134548284,173.26679812602094,2.517966780538103,-111.15509989664042,-0.7778326309158672,8.414764858419254,15.610607648949827,15.610607648949827,247.96191024780273,86.57335472106934,6.821504262192703,170.74883134548284,173.26679812602094,8.346367821636377,6.936837918272621,8.346367821636377,10.637249232951131,16.79567251572507,16.79567251572507,156.49122190983672,160.79254456694133,160.79254456694133,156.49122190983672,4.40091066447948,6.197290546735761,6.197290546735761,8.15530665444567,8.15530665444567,7.575364602587341,8.61816398086021,5.1662762124134325,-178.6492884358173,6.502995806880952,10.1996412547315,12.691773446271245,-0.3479270935058594,11.20126771004385,0
camera2_clip_20260531_161804_1160,18,3.1795806288333015,46.1544348815812,46.1544348815812,0.6174444624903281,20.372990894076146,20.372990894076146,64.60112084129455,78.02482711741536,128.23590320112655,71.7996538442836,38.21328297478702,17.908601789931257,19.470573884668525,12.469692507277388,38.21328297478702,17.908601789931257,-38.19427490234375,-15.596664428710938,46.1544348815812,20.372990894076146,71.7996538442836,17.908601789931257,14.845880024945432,170.6146347493104,173.2521055911364,2.6374708418260013,-111.16951797355576,-0.13419659617244406,7.167557581469778,11.583271701221836,11.583271701221836,247.86847686767578,86.76797294616699,6.47653032540563,170.6146347493104,173.2521055911364,3.2736296167762604,6.436982987718891,6.436982987718891,4.0617964925193695,5.684300500393744,5.684300500393744,156.4620748456881,160.62897916279584,160.62897916279584,156.4620748456881,3.276735170886373,7.549922773994231,7.549922773994231,5.34761445973151,5.34761445973151,4.348050568415157,5.943851293909634,5.222135164663649,-178.74688187930198,4.64678871153575,7.328553355676986,12.843973996518814,-0.6973152160644531,9.946553974330122,0
camera2_clip_20260531_161804_1160,19,3.008442607009114,110.92177429109341,110.92177429109341,2.3981259699738238,26.910541404381476,26.910541404381476,64.70432539548459,77.96998395812497,128.28267448180557,83.84655685613151,37.95060961471846,19.96143675351132,19.401894708034284,10.718698064646368,37.95060961471846,19.96143675351132,-37.935142517089844,-18.7291259765625,110.92177429109341,26.910541404381476,83.84655685613151,19.96143675351132,26.652081247653047,170.7430150483315,173.30814428375362,2.56512923542212,-111.26297962845811,0.12838029902110293,5.763708791304321,10.909894422156167,10.909894422156167,247.74858474731445,86.87990951538086,4.920723975889672,170.7430150483315,173.30814428375362,3.7751776957866854,6.461700445290376,6.461700445290376,2.8709244921481867,5.961813012000154,5.961813012000154,156.25428623208353,160.75607079346977,160.75607079346977,156.25428623208353,0.6529122262685855,7.15891721523295,7.15891721523295,7.867996996031164,7.867996996031164,7.880772387191126,8.013965581840871,5.213932869847443,-178.8131708561448,6.335012584521212,7.521002119748924,12.887595652873662,-1.6303138732910156,15.56616104772044,0
camera2_clip_20260531_161804_1160,20,4.980790483727567,11.863164564462977,11.863164564462977,8.48787296421837,11.768812536505248,11.768812536505248,65.13713482850152,78.52290500253469,129.0624536521544,87.5585885244268,37.766160253734405,20.101672846276376,19.361210440615082,10.355602098165885,37.766160253734405,20.101672846276376,-37.754791259765625,-18.948684692382812,11.863164564462977,11.768812536505248,87.5585885244268,20.101672846276376,8.413124755473588,171.0162654253375,173.46217330298592,2.445907877648409,-111.5243725366528,0.27325037700600774,7.026676672521009,6.351431311406364,7.026676672521009,247.75366973876953,87.00777244567871,3.8389200921882076,171.0162654253375,173.46217330298592,7.835752935936312,3.6176082921693413,7.835752935936312,5.287719321553072,8.603483010846173,8.603483010846173,156.84905487054854,161.19050521581883,161.19050521581883,156.84905487054854,4.737333606391072,1.406615031072295,4.737333606391072,10.643736116487624,10.643736116487624,11.253832161130944,10.821830638922425,5.169640236823274,-178.52972109842648,8.06007604613864,7.219657802309177,12.847342677763264,-0.22165679931640625,6.830605060900816,0
camera2_clip_20260531_161804_1160,21,10.453187734635874,18.75886456248946,18.75886456248946,5.387356787153992,29.617477297418517,29.617477297418517,65.4926199466023,80.25224928987264,129.24359970405035,87.15461130950906,37.24460871468565,19.257218864453975,18.887296079761462,9.40601599889826,37.24460871468565,19.257218864453975,-37.23377227783203,-18.158157348632812,18.75886456248946,29.617477297418517,87.15461130950906,19.257218864453975,13.707089162237175,171.23072619077712,173.27571217057059,2.0449859797934664,-111.60974516091002,0.21446076543961112,5.302842556326761,12.722806035398444,12.722806035398444,247.58454132080078,87.11458778381348,6.001045275859104,171.23072619077712,173.27571217057059,5.7083949409726324,10.637781025045607,10.637781025045607,6.671333940209682,7.9019835425839045,7.9019835425839045,157.04020159295672,161.45091061176979,161.45091061176979,157.04020159295672,1.094817689902193,9.008168652733897,9.008168652733897,13.06923221540643,13.06923221540643,12.764872451780313,13.942501220732119,5.104837789598596,-178.9089957748244,9.155008288358642,11.54232831568729,12.752646096720728,0.4835243225097656,10.272084563739247,0
camera2_clip_20260531_161804_1160,22,21.704223763343926,139.33462162042895,139.33462162042895,2.4896724677042794,15.148418210715056,15.148418210715056,65.07484059450495,78.52133452281025,129.1574500995766,111.20325726020334,36.479836250633795,21.919312331892137,18.23106240163835,7.7084077999480725,36.479836250633795,21.919312331892137,-36.454750061035156,-21.72368621826172,139.33462162042895,15.148418210715056,111.20325726020334,21.919312331892137,32.8251702996139,172.11457853833733,173.18184590175312,1.0672673634157945,-111.66104000499786,0.8838523475602074,5.350869424954372,12.923216310536851,12.923216310536851,247.3857650756836,87.24789428710938,7.180136314825843,172.11457853833733,173.18184590175312,8.939690938300867,8.89651308201619,8.939690938300867,13.564454932449584,13.73147258863676,13.73147258863676,156.83294294934703,161.3200400698569,161.3200400698569,156.83294294934703,6.6657152514091935,9.715050618587158,9.715050618587158,10.054595510542992,10.054595510542992,10.035200676173762,8.101743883525273,5.161911119874975,-178.3108144238488,7.797149556231561,5.117587125718608,12.903413775167685,-1.4322776794433594,21.538659934090262,0
camera2_clip_20260531_161804_1160,23,7.75526887561761,40.597018019448825,40.597018019448825,6.227798633888309,15.324367445478176,15.324367445478176,65.24109984877992,77.70147231702794,129.5286962592714,116.6628583494884,36.55474461236503,22.666090538176608,18.32187272913895,7.6599887466700345,36.55474461236503,22.666090538176608,-36.53211212158203,-22.569915771484375,40.597018019448825,15.324367445478176,116.6628583494884,22.666090538176608,13.368774317056518,171.84749303232732,172.94706280390727,1.0995697715799508,-111.89811256427063,-0.26708550601000525,4.694801656338518,5.613391271567679,5.613391271567679,247.4338722229004,87.37102508544922,3.965846946344658,171.84749303232732,172.94706280390727,5.095926229645235,8.182780237038212,8.182780237038212,5.13966209968637,8.200317983946576,8.200317983946576,156.37880215125995,161.19473230851673,161.19473230851673,156.37880215125995,3.701628229722866,5.848815933115757,5.848815933115757,10.342218991376333,10.342218991376333,10.005132924382593,10.310099626801502,5.1447800265592125,-178.46303307784746,7.492881140908112,8.215961761007545,12.869576351666556,-0.6112518310546875,9.698481384624513,0
camera2_clip_20260531_161804_1160,24,9.660336310217918,2.780971121501997,9.660336310217918,3.3319094251376495,6.243068415024569,6.243068415024569,64.95646531997795,78.38323910170182,129.93220018369115,117.49215976177182,36.17212998865746,22.46942124778356,17.94774797091264,7.537381385228819,36.17212998865746,22.46942124778356,-36.132545471191406,-22.3585205078125,2.780971121501997,6.243068415024569,117.49215976177182,22.46942124778356,6.508513196707681,171.48048583648287,172.8714324210371,1.3909465845542286,-112.10633394522576,-0.36700719584445096,7.701358250770029,9.333435657593924,9.333435657593924,247.52500915527344,87.70743942260742,10.456217863987257,171.48048583648287,172.8714324210371,9.268667633864435,13.368392288421745,13.368392288421745,10.840764892592135,10.188633626138394,10.840764892592135,155.5033890609631,160.94165596541993,160.94165596541993,155.5033890609631,13.549486785458601,14.42200716523554,14.42200716523554,13.161242763502084,13.161242763502084,11.81752605497856,13.324515729762064,5.132398395908014,-179.08530851631264,9.884785714147434,12.801940539276194,12.85324669765196,0.0519256591796875,9.224085964329745,0
camera2_clip_20260531_161804_1160,25,5.276533077558866,174.58283412979796,174.58283412979796,10.925323150635698,52.66269619110605,52.66269619110605,64.80525911308315,75.12339247992549,129.04060072557903,140.02243636804292,35.824052943663716,27.08382331547778,17.565404142231987,9.25700526575163,35.824052943663716,27.08382331547778,-35.78099822998047,-27.06401824951172,174.58283412979796,52.66269619110605,140.02243636804292,27.08382331547778,43.52785105049161,171.59934976326338,172.86327908971805,1.2639293264546723,-112.01811649761981,0.11886392678050584,9.985631454119591,7.734088299731509,9.985631454119591,247.36766815185547,88.08130264282227,12.168685586676458,171.59934976326338,172.86327908971805,14.30914763953179,19.71309336233282,19.71309336233282,3.4786228573574345,6.5362731280754796,6.5362731280754796,155.12027393979682,160.59734061083495,160.59734061083495,155.12027393979682,15.568380884410333,16.389107375377485,16.389107375377485,14.572252126608817,14.572252126608817,13.607123499868562,14.485479416066715,5.139741574968319,-179.40596159246354,11.489440302082462,12.942522338627398,12.851343858932708,-2.410144805908203,28.096810962502918,0
camera2_clip_20260531_161804_1160,26,4.926122148505715,191.149692897839,191.149692897839,10.95615357549999,51.64261022759724,51.64261022759724,64.57240959335826,72.78084560305258,128.60230688034665,152.96418380148972,35.340277574786505,32.808346046827324,17.08017971653794,12.945122549538812,35.340277574786505,32.808346046827324,-35.28392028808594,-32.57160186767578,191.149692897839,51.64261022759724,152.96418380148972,32.808346046827324,46.66114140428986,171.8690832699502,173.01688288254437,1.1477996125941559,-112.12485430535743,0.2697335066868334,13.2545203002964,8.037749276000783,13.2545203002964,247.24521255493164,88.47820854187012,12.461007155332949,171.8690832699502,173.01688288254437,14.904218684029987,16.36364293580912,16.36364293580912,6.025238197476012,9.368497154100455,9.368497154100455,154.32886960624134,160.18639691083695,160.18639691083695,154.32886960624134,15.758648973609281,14.804560326102987,15.758648973609281,15.950673990179306,15.950673990179306,15.052059765853391,16.40793932791905,5.194345176340593,-179.59260035878128,12.94224830275068,15.872644782930662,12.957810081582101,-2.7910003662109375,29.76597122473892,0
camera2_clip_20260531_161804_1160,27,12.537307134538827,11.612629398438166,12.537307134538827,14.531950991396466,14.746481407987819,14.746481407987819,64.63189636611419,72.574655665954,127.77033610831035,151.59474752762526,34.88602889549193,32.70589974005095,16.712266118284653,12.760230186704057,34.88602889549193,32.70589974005095,-34.834442138671875,-32.48057556152344,11.612629398438166,14.746481407987819,151.59474752762526,32.70589974005095,13.227600662751158,171.82507695228864,173.1403908720393,1.3153139197506505,-112.47560548168352,-0.04400631766156948,14.056825006821308,11.880410037324353,14.056825006821308,247.1122055053711,88.78039741516113,9.904952868960343,171.82507695228864,173.1403908720393,13.349106011915358,11.410346656010196,13.349106011915358,8.410478003393846,17.134174129657552,17.134174129657552,154.2262944492003,160.18995707206014,160.18995707206014,154.2262944492003,8.172622487280066,7.128117988065376,8.172622487280066,12.323094437570791,12.323094437570791,12.850114021880803,14.107437355614566,5.224352764086022,-179.9408020410167,14.849032937195588,16.91827628590216,12.99125909506537,-0.08092498779296875,12.08087077106911,0
camera2_clip_20260531_161804_1160,28,21.39913612442959,31.85215018374445,31.85215018374445,20.09577006026158,17.912657038203015,20.09577006026158,65.13153049931438,72.5158710403891,127.43833634459892,156.99586885100152,34.17010938514464,33.29850330580465,16.313854667934002,13.208821312369064,34.17010938514464,33.29850330580465,-34.135162353515625,-32.92704772949219,31.85215018374445,17.912657038203015,156.99586885100152,33.29850330580465,21.24628716487672,171.9995606188173,173.11688279338256,1.1173221745652597,-112.68566825848258,0.17448366652865843,16.3644611278913,19.853548454730372,19.853548454730372,246.7702522277832,89.19100570678711,16.030536231972828,171.9995606188173,173.11688279338256,10.890393143545026,11.972546384425554,11.972546384425554,4.04424673075002,7.460690969867923,7.460690969867923,154.66173221469438,160.76335538535383,160.76335538535383,154.66173221469438,12.050327632002425,16.87899714183127,16.87899714183127,13.775105359515173,13.775105359515173,13.57756411735915,14.831224745851026,5.24456467239873,179.63984422144534,15.578310033152924,18.93306545346955,13.048556749747389,-0.30572509765625,15.897910415973543,0
camera2_clip_20260531_161804_1160,29,24.70178363411538,28.035042729190433,28.035042729190433,20.324389038949096,13.357481728213433,20.324389038949096,65.7273277774576,71.63806068168965,127.15128910750062,160.46186486924069,33.831340873762336,33.83510940972172,16.230776491302134,13.549791003795965,33.831340873762336,33.83510940972172,-33.81481170654297,-33.25061798095703,28.035042729190433,13.357481728213433,160.46186486924069,33.83510940972172,20.553425012077565,172.12570003390368,172.7897031563846,0.6640031224809206,-112.87589928191106,0.12613941508638504,14.502327049015197,22.39952589298185,22.39952589298185,246.3087387084961,89.45124053955078,15.894816985466626,172.12570003390368,172.7897031563846,5.758055965349952,8.61630436578454,8.61630436578454,5.458324116066316,9.012670029916702,9.012670029916702,155.550487926291,161.39669433895187,161.39669433895187,155.550487926291,10.365192830344558,17.177513468566485,17.177513468566485,10.279953957313158,10.279953957313158,9.587585659064981,11.38082765438317,5.311175444677437,179.65818858231432,10.760274644115936,15.13931432127835,13.21238925460846,-0.3523712158203125,14.975717570707827,0
camera2_clip_20260531_161804_1160,30,11.74075586227414,18.006192356227064,18.006192356227064,13.678848552992044,17.52943968133614,17.52943968133614,65.7666094780404,71.9094634908582,127.38679899206063,161.7776757069689,33.45933555607383,32.78570122761578,16.197684878639933,13.028949870748676,33.45933555607383,32.78570122761578,-33.44609832763672,-32.188560485839844,18.006192356227064,17.52943968133614,161.7776757069689,32.78570122761578,15.66604461515775,171.5276068650281,172.2582873387105,0.7306804736823835,-112.9666612692533,-0.5980931688755788,13.822001062438911,19.219030175678203,19.219030175678203,246.00885009765625,89.81021118164062,14.032597432922437,171.5276068650281,172.2582873387105,4.9614273532496656,7.372547972770209,7.372547972770209,11.853963841450998,12.125675939154611,12.125675939154611,155.5674280299857,161.82850143343782,161.82850143343782,155.5674280299857,10.620306272303283,13.449649171017512,13.449649171017512,11.997664879206656,11.997664879206656,11.850821483284616,14.561675447610163,5.391554911736731,178.70719563125684,10.025964489062831,19.111356601539455,13.430388201787093,0.24827957153320312,12.864986520074396,0
camera2_clip_20260531_161804_1160,31,19.500578233619724,21.759816100814685,21.759816100814685,7.861073017423703,5.828386928882905,7.861073017423703,65.7286790072705,71.44218705411663,126.41238204562669,163.61524747935326,33.459789966007115,31.981526105817792,16.47915194354438,12.433440954895019,33.459789966007115,31.981526105817792,-33.455467224121094,-31.251953125,21.759816100814685,5.828386928882905,163.61524747935326,31.981526105817792,12.47468764456587,171.24663345289645,171.9399625109522,0.6933290580557525,-113.0108590638102,-0.28097341213165805,8.585412573683303,11.3128590129709,11.3128590129709,245.76622009277344,89.98273849487305,8.93148888890137,171.24663345289645,171.9399625109522,8.753921279932623,5.899023114195462,8.753921279932623,4.151792850356408,7.565558476691815,7.565558476691815,155.2175249677551,162.07040802079615,162.07040802079615,155.2175249677551,7.669408627821774,8.937020148118712,8.937020148118712,12.108612084822877,12.108612084822877,11.729357897471546,12.689651382978898,5.424414781513628,178.34973237198483,9.134706343486522,11.913047935181082,13.500585782429793,0.22861099243164062,9.818737530376003,0
camera2_clip_20260531_161804_1160,32,19.70174946567137,165.93221352933375,165.93221352933375,8.695113283571756,35.89316567098709,35.89316567098709,66.03362011313037,73.23270131887988,126.32800616377432,150.81912780499272,33.55366602158919,26.556577717042767,16.90903216124183,8.9532570589548,33.55366602158919,26.556577717042767,-33.55366516113281,-26.340957641601562,165.93221352933375,35.89316567098709,150.81912780499272,26.556577717042767,41.88838756336535,170.13291598189488,171.21568656352457,1.0827705816296884,-112.5678576772846,-1.1137174710015643,5.63695267243471,15.471130758193437,15.471130758193437,245.5905418395996,90.31393814086914,11.247241827734074,170.13291598189488,171.21568656352457,10.726655952816822,9.157267662292542,10.726655952816822,15.856790304087168,1.3563256416920997,15.856790304087168,155.7716203623026,161.34528753748555,161.34528753748555,155.7716203623026,14.76760998507906,14.199297985422522,14.76760998507906,17.329299595911312,17.329299595911312,16.194769098432925,16.84153902116924,5.405209277162536,177.4318061565361,10.00043629597273,13.364975651407963,13.383568517880326,2.0625877380371094,26.44952274263186,0
camera2_clip_20260531_161804_1160,33,4.822773178697797,6.391780508711424,6.391780508711424,5.452834302704753,8.158849314844602,8.158849314844602,64.87449090192997,72.62496805294052,125.11129152035844,150.56420678274964,33.48517776989247,26.491004868063015,17.00754370790519,8.917840424701842,33.48517776989247,26.491004868063015,-33.483489990234375,-26.24261474609375,6.391780508711424,8.158849314844602,150.56420678274964,26.491004868063015,7.847822813897824,169.9791885463355,171.04837394173973,1.0691853954042188,-112.7249565438222,-0.15372743555937518,8.447157937669935,13.81354164075843,13.81354164075843,245.33084869384766,90.48209571838379,9.281473522212199,169.9791885463355,171.04837394173973,14.182180213145894,9.434938557060681,14.182180213145894,15.791467888394315,5.549641478835596,15.791467888394315,155.37889354062474,160.9624255632822,160.9624255632822,155.37889354062474,6.235550496013044,8.789339922460522,8.789339922460522,14.899630200500793,14.899630200500793,13.665426470180233,13.611395252820873,5.406834885118293,177.89404025888854,12.381662803943863,11.689293859071753,13.392126753202806,-0.137939453125,8.922504619941416,0
camera2_clip_20260531_161804_1160,34,8.480569665801246,13.008747616949856,13.008747616949856,7.2715459756351395,15.377071774268877,15.377071774268877,63.69846751653669,70.83006248509756,123.90340488616005,142.8779719021908,33.561813089346856,26.150115732493713,17.294049533201132,9.109580439916101,33.561813089346856,26.150115732493713,-33.55689239501953,-25.953323364257812,13.008747616949856,15.377071774268877,142.8779719021908,26.150115732493713,9.948986505888131,169.6601513175626,170.98338015250647,1.323228834943876,-112.8148845830952,-0.3190372287729133,7.32622128171299,8.22976272096068,8.22976272096068,245.2346076965332,90.60167121887207,4.604841679470986,169.6601513175626,170.98338015250647,13.947859494440456,13.40049483269579,13.947859494440456,22.457950777005543,3.8369534163521237,22.457950777005543,155.44130060545328,159.8562707941691,159.8562707941691,155.44130060545328,4.801615912218413,1.8306850632484821,4.801615912218413,17.598225557102584,17.598225557102584,17.42209227031322,15.991784803452909,5.361228176682041,178.10353836282334,15.170347110608141,11.329050036595072,13.25823879418485,-0.12615585327148438,9.997456544274131,0
camera2_clip_20260531_161804_1160,35,9.202011115116159,24.45051964168268,24.45051964168268,9.467685310746468,22.938050633934722,22.938050633934722,62.43264330368189,68.52403135991263,123.28959718383013,139.30174319633477,33.72041570717446,26.83539657359186,17.658761575233243,9.85137726094582,33.72041570717446,26.83539657359186,-33.7071533203125,-26.598045349121094,24.45051964168268,22.938050633934722,139.30174319633477,26.83539657359186,12.3291800994548,169.4441361939429,170.9607885287757,1.5166523348327985,-113.05199519677777,-0.2160151236196839,4.5713007126783785,3.345513182570402,4.5713007126783785,245.13473892211914,90.44919967651367,5.468016916479339,169.4441361939429,170.9607885287757,11.995546790908922,13.809073495826823,13.809073495826823,18.292206658233315,2.8536452728052084,18.292206658233315,156.21163914236377,159.13787371756237,159.13787371756237,156.21163914236377,12.200269462838286,11.84376357480263,12.200269462838286,15.365655613888771,15.365655613888771,16.221891167491762,13.10591917660321,5.252470408664143,178.52602188772315,14.774130046102067,7.260446665204538,12.984116309284442,-0.4769439697265625,12.080798821011998,0
camera2_clip_20260531_161804_1160,36,15.429082702451014,17.765276516355485,17.765276516355485,5.8353500336236035,23.338136892374596,23.338136892374596,61.293943086778924,65.70978662521861,123.17304595257957,132.58924129020764,33.93567585062999,26.84419588328357,18.276221123172085,10.42425899490029,33.93567585062999,26.84419588328357,-33.916778564453125,-26.603530883789062,17.765276516355485,23.338136892374596,132.58924129020764,26.84419588328357,15.018637650141272,168.61555087178655,170.60844186345304,1.992890991666485,-113.15184816827578,-0.828585322156357,9.957074254155591,17.78690550188734,17.78690550188734,244.93777084350586,90.67975997924805,9.097198990382532,168.61555087178655,170.60844186345304,6.471972457166005,7.876722422590309,7.876722422590309,22.017891373990903,4.7429100811554274,22.017891373990903,158.40220749763688,158.72548502187811,158.72548502187811,158.40220749763688,6.388527471613204,8.760896173414336,8.760896173414336,14.001431909156999,14.001431909156999,14.730587979593967,15.031254270382533,5.211769980392106,178.18394918320712,16.56389275737063,17.810872408560755,12.928946364906597,-0.5449028015136719,12.197562156731484,0
camera2_clip_20260531_161804_1160,37,13.482339509677585,188.94627539439395,188.94627539439395,7.017661035334203,63.42049304334139,63.42049304334139,59.80327591324135,61.21330313223221,122.69089373578801,141.93473414658683,34.051358960244315,32.29047027518101,18.70074964911487,13.828189302932415,34.051358960244315,32.29047027518101,-34.01445770263672,-31.40131378173828,188.94627539439395,63.42049304334139,141.93473414658683,32.29047027518101,48.977014378328555,168.566478631812,170.7954769746169,2.2289983428048856,-113.40159488526646,-0.04907223997454935,9.882921001355607,11.11239628586856,11.11239628586856,244.77047729492188,90.84494590759277,7.053096489403641,168.566478631812,170.7954769746169,13.07017638679425,7.218732087233848,13.07017638679425,18.11866059766864,9.427459670563957,18.11866059766864,160.03300638375492,159.27061223384925,159.27061223384925,160.03300638375492,2.2585774857884022,6.173988045924253,6.173988045924253,14.931934750364244,14.931934750364244,14.833914938418326,13.846920308120167,5.215979499608278,178.59048675700103,13.308939103807916,14.238497887320232,13.029504908535515,-2.7275352478027344,29.177473378662054,0
camera2_clip_20260531_161804_1160,38,14.436169288758208,21.38660013112068,21.38660013112068,5.641389249917467,23.10078544740692,23.10078544740692,58.930085871159136,59.124118007852594,122.59718185376828,137.12261410507037,34.14292227889295,32.4731828845519,19.208382841597118,14.437474722012487,34.14292227889295,32.4731828845519,-34.102806091308594,-31.60651397705078,21.38660013112068,23.10078544740692,137.12261410507037,32.4731828845519,15.185345735397375,168.17128324521863,170.95500857291148,2.7837253276928493,-113.27921695064961,-0.3951953865933717,11.317303602787968,15.229826692392987,15.229826692392987,244.73699951171875,91.17428207397461,9.931000211950042,168.17128324521863,170.95500857291148,28.348979202149582,12.633331943468074,28.348979202149582,15.563815861157211,14.691008202095675,15.563815861157211,162.90474500747206,159.51952292676856,159.51952292676856,162.90474500747206,7.033169160383891,8.680774364710484,8.680774364710484,18.469997757394477,18.469997757394477,18.056150499613242,19.011041731699425,5.200287039674228,178.19015607052233,15.729485244695269,18.528436089423295,13.012028514685255,-0.5840988159179688,14.838596095529098,0
camera2_clip_20260531_161804_1160,39,13.159389529563295,48.50293704133755,48.50293704133755,10.048996200872804,20.739256103120557,20.739256103120557,58.781311265004696,58.21121923093305,121.93335157320877,137.24671906377296,33.91675023303616,33.47026842439416,19.380718096762,15.330289008490467,33.91675023303616,33.47026842439416,-33.89152526855469,-32.52165985107422,48.50293704133755,20.739256103120557,137.24671906377296,33.47026842439416,22.124776960021922,168.2148416028904,171.18775897266013,2.972917369769732,-113.23157542196213,0.04355835767177041,19.256967684316006,21.04111520092132,21.04111520092132,244.6992950439453,91.77705192565918,18.118438367887155,168.2148416028904,171.18775897266013,33.887579248067496,14.682733068620998,33.887579248067496,21.89689993062076,18.620330592950374,21.89689993062076,165.6971359875302,160.03143152480968,160.03143152480968,165.6971359875302,16.968687222423757,18.079035320030812,18.079035320030812,17.176204363767187,17.176204363767187,17.20485657969939,16.94451979217704,5.180771992460912,178.25711653066875,15.741857311625,15.860854818129596,13.01430108365308,-0.9989204406738281,21.406993928570472,0
camera2_clip_20260531_161804_1160,40,14.246113348269926,65.20334096381055,65.20334096381055,19.785282396238475,36.27477213381091,36.27477213381091,58.67652275193762,58.772040572854394,120.08656296885589,136.83642352272744,33.575812248230505,34.742798753008266,19.373424577576806,16.298624833337982,33.575812248230505,34.742798753008266,-33.566184997558594,-33.91801452636719,65.20334096381055,36.27477213381091,136.83642352272744,34.742798753008266,29.701861174619925,168.3449048924356,171.6804567573419,3.3355518649062788,-113.27529745127644,0.1300632895452054,20.95873258747129,21.7429256181184,21.7429256181184,244.72193145751953,92.46966552734375,20.78950234161891,168.3449048924356,171.6804567573419,37.56377102177242,23.409881046765523,37.56377102177242,25.611582376452564,25.005953791800696,25.611582376452564,167.0796211032078,160.2477849334771,160.2477849334771,167.0796211032078,22.588933122128303,20.154692513342166,22.588933122128303,26.117626953522638,26.117626953522638,25.442430605493396,24.949918070672087,5.1889482508941756,178.46575323959394,22.964184625253004,22.285275952234375,13.058906287842179,-1.2248649597167969,27.712165076665105,0
camera2_clip_20260531_161804_1160,41,9.969880706066022,53.26957000576994,53.26957000576994,22.56063897751287,31.19310480587105,31.19310480587105,58.336933995677946,59.53290179968593,118.84479970034299,137.0125339447405,33.20613691845904,35.745350415205884,19.072274789897097,17.033249083223744,33.20613691845904,35.745350415205884,-33.19538879394531,-35.02686309814453,53.26957000576994,31.19310480587105,137.0125339447405,35.745350415205884,26.05425858505805,168.67446213844926,172.14114730945983,3.4666851710105675,-113.89499306389371,0.3295572460136498,21.128209224960486,18.20414779016795,21.128209224960486,244.8011817932129,92.93032264709473,14.022732897559523,168.67446213844926,172.14114730945983,23.70446348939459,11.347960105486596,23.70446348939459,23.769898400021862,20.568190440196943,23.769898400021862,167.01877344239864,160.46659671983036,160.46659671983036,167.01877344239864,12.036501819803746,8.891562715308845,12.036501819803746,25.113637496939255,25.113637496939255,25.451504625473003,24.153425401243965,5.1816984754796,178.94294168676126,25.588579423229277,22.598700126286253,13.04171483061325,-1.0209884643554688,21.38701070671341,0
camera2_clip_20260531_161804_1160,42,18.400648152344573,35.70637282781328,35.70637282781328,26.829221782610063,28.533012252802155,28.533012252802155,57.81226288855129,59.8924578366686,117.93363227430972,135.07766014756672,32.94269787645702,35.772229626556985,18.80487698678138,17.22238911488929,32.94269787645702,35.772229626556985,-32.92456817626953,-35.203285217285156,35.70637282781328,28.533012252802155,135.07766014756672,35.772229626556985,26.523349459043022,168.75753397596856,172.42610092901322,3.6685669530446603,-114.31491427446252,0.0830718375192987,25.637406981491026,24.033434757197014,25.637406981491026,244.9366111755371,93.67617607116699,22.741473193646407,168.75753397596856,172.42610092901322,29.19282684167772,20.717828083213504,29.19282684167772,31.920364700863765,23.24594096972263,31.920364700863765,166.42249016622105,160.3280848316942,160.3280848316942,166.42249016622105,22.07806707564617,20.8642782250931,22.07806707564617,29.412179398088394,29.412179398088394,29.41385487050924,29.734208201434583,5.18545537783587,178.82874329916373,29.722719985894493,30.066532895087516,13.039797212003409,-0.7772445678710938,25.596616887539586,0
camera2_clip_20260531_161804_1160,43,19.984737978673632,21.904219020512965,21.904219020512965,30.853022240727167,28.476249681516254,30.853022240727167,58.117927799748564,60.17652484645241,118.328950073531,133.3369314215842,32.664990257662204,35.42354957009431,18.33286288972316,17.098510325665195,32.664990257662204,35.42354957009431,-32.63920593261719,-34.96087646484375,21.904219020512965,28.476249681516254,133.3369314215842,35.42354957009431,26.1327675693132,168.67748477343355,172.55133396407064,3.873849190637088,-114.64895919497647,-0.08004920253500813,27.527585245342266,28.05079124910692,28.05079124910692,245.1838722229004,94.51635932922363,26.274347554138664,168.67748477343355,172.55133396407064,21.86192826616961,14.879330444560955,21.86192826616961,28.345353869955947,19.081128523317822,28.345353869955947,165.62595013329596,159.66705878559057,159.66705878559057,165.62595013329596,25.16956054684363,26.357350501267373,26.357350501267373,38.79818104960013,38.79818104960013,37.354174348864184,38.20015163108608,5.193112606854985,178.51809597835435,31.03323144501859,32.36068800882405,13.04835910507388,-0.6374397277832031,24.374271463999545,0
camera2_clip_20260531_161804_1160,44,29.042965955856776,22.036299118604788,29.042965955856776,35.78399880475268,20.3022467825084,35.78399880475268,58.863446363574205,59.41694295273437,119.32524504335578,131.20260938318663,32.82832253795139,34.19210408022949,18.04664609409774,16.055549305446036,32.82832253795139,34.19210408022949,-32.79712677001953,-33.68357849121094,22.036299118604788,20.3022467825084,131.20260938318663,34.19210408022949,25.43427043638212,168.93406160944343,172.86953130237848,3.935469692935044,-115.19529917504991,0.25657683600988435,24.541517230553364,20.898594726016746,24.541517230553364,245.36632537841797,95.0928955078125,18.14152163579886,168.93406160944343,172.86953130237848,22.79313660464224,13.862801020915077,22.79313660464224,23.917530015956768,9.972300818297631,23.917530015956768,164.5522111327796,159.38641851515737,159.38641851515737,164.5522111327796,15.488980623123126,16.226398384431317,16.226398384431317,30.593646988861234,30.593646988861234,30.125888585011612,32.176706966360236,5.214019316607912,177.79082865249478,30.29271508217638,34.082807276646854,13.073671410308785,-0.174560546875,21.238897507138244,0
camera2_clip_20260531_161804_1160,45,31.364856376299656,48.961175504299014,48.961175504299014,39.489840778608766,27.53316181837938,39.489840778608766,60.07728771355457,57.59787007827728,120.97396194865313,127.46805168844087,32.947130952165715,32.15963239797733,17.712026422806233,14.507290496972267,32.947130952165715,32.15963239797733,-32.9163818359375,-31.522666931152344,48.961175504299014,27.53316181837938,127.46805168844087,32.15963239797733,33.68676196781011,169.030847458773,172.96459180693174,3.93374434815874,-115.63077240692535,0.09678584932956369,27.779751729306444,26.991785599967425,27.779751729306444,245.63719177246094,95.82592010498047,23.444067418594265,169.030847458773,172.96459180693174,19.046424431132362,17.693893169644877,19.046424431132362,28.575420364966025,11.92688675145201,28.575420364966025,164.33403277080097,158.89444224438884,158.89444224438884,164.33403277080097,20.15468577610944,22.97614997599561,22.97614997599561,24.76843594700308,24.76843594700308,23.34590005757664,26.433608729559253,5.25953212195343,176.74319261247135,23.041780154178884,28.81808776238778,13.123614074454078,0.15817642211914062,26.874502689680085,0
camera2_clip_20260531_161804_1160,46,30.53177510778727,28.838159397399824,30.53177510778727,38.66163067161202,23.115994628807186,38.66163067161202,62.19150246199184,56.800839942664226,122.9650485619291,124.4519821903343,33.12561678166698,30.72595430764834,17.443289751997593,13.433409500235115,33.12561678166698,30.72595430764834,-33.11286926269531,-30.0469970703125,28.838159397399824,23.115994628807186,124.4519821903343,30.72595430764834,28.046542581315588,168.92887097324353,172.97991505032502,4.051044077081485,-115.46826269149436,-0.10197648552946248,22.001675198532364,25.13002048375486,25.13002048375486,245.89350128173828,96.5975570678711,24.392752004244098,168.92887097324353,172.97991505032502,22.309904812980797,23.904553539024317,23.904553539024317,26.732460483661942,12.153509839903183,26.732460483661942,164.7209962134873,158.69705509988387,158.69705509988387,164.7209962134873,25.850679321757347,26.60984438130462,26.60984438130462,24.756555784110734,24.756555784110734,22.223919984686397,26.397183945230584,5.270116985102875,175.21970253785818,17.37494925008844,26.027410475006327,13.075678678601696,-0.065643310546875,25.486683988877143,0
camera2_clip_20260531_161804_1160,47,12.619516492703827,15.674402232551731,15.674402232551731,42.543346789272086,24.062462429692303,42.543346789272086,64.54428426404536,57.06039021954049,124.43657407030938,124.09928205168858,32.019927965515215,30.669944651041124,15.779611401933012,13.157904781251498,32.019927965515215,30.669944651041124,-32.00933074951172,-29.985122680664062,15.674402232551731,24.062462429692303,124.09928205168858,30.669944651041124,22.245836405712968,169.48601816139274,173.3168900099533,3.8308718485605766,-115.39157934442201,0.5571471881492016,21.720023041788966,16.85526744826891,21.720023041788966,246.02638626098633,97.31114387512207,21.775630743405724,169.48601816139274,173.3168900099533,18.408600100301992,17.062387277091943,18.408600100301992,15.260614186806684,16.239516008090757,16.239516008090757,165.28310634481304,158.33296125254836,158.33296125254836,165.28310634481304,26.270795033169954,24.605873481460915,26.270795033169954,18.70603704414342,18.70603704414342,18.24757772104609,19.675325802975514,5.287130837257991,174.72867395864938,16.46323371588649,18.36205544333268,12.996842259064058,-0.01743316650390625,20.94356704343334,0
camera2_clip_20260531_161804_1160,48,10.706940680446188,17.838226305202614,17.838226305202614,46.34730397842881,27.812196333187124,46.34730397842881,66.86582866549789,58.37867342088723,126.25047979122834,122.89421163398147,31.03383643706247,30.300242860242562,14.012941201879498,12.689547299016828,31.03383643706247,30.300242860242562,-31.01886749267578,-29.740203857421875,17.838226305202614,27.812196333187124,122.89421163398147,30.300242860242562,23.125131833654716,169.83250514164592,173.3835408440841,3.5510357024381847,-115.40596985198576,0.34648698025318936,21.150973363041665,14.89515034162189,21.150973363041665,245.97113418579102,97.92104148864746,18.371856240391708,169.83250514164592,173.3835408440841,16.130014364080598,19.450434784550556,19.450434784550556,16.910351893122,16.838064215674258,16.910351893122,165.7356883420987,158.54322467435443,158.54322467435443,165.7356883420987,20.521001601815804,19.043664345508155,20.521001601815804,11.99474058175932,11.99474058175932,12.31333116723602,14.360450225784284,5.313755902069259,173.77351075550166,11.359256326040423,15.103246297542903,12.95237828025563,0.047397613525390625,20.63702685055664,0
camera2_clip_20260531_161804_1160,49,54.22193752598898,24.063174224555876,54.22193752598898,39.92150783894874,11.510982508734479,39.92150783894874,69.17568616979587,58.606561663364225,129.75380011382478,124.04940566816249,28.81837025112373,29.61145571560971,11.05866266556615,11.684003017397815,28.81837025112373,29.61145571560971,-28.75940704345703,-28.93053436279297,24.063174224555876,11.510982508734479,124.04940566816249,29.61145571560971,26.68990853554803,170.21145083095962,173.3014393752197,3.0899885442600805,-115.39852338740032,0.37894568931369577,18.702173554807615,11.719675560252524,18.702173554807615,245.94138717651367,98.47309875488281,16.585743841859387,170.21145083095962,173.3014393752197,13.81543563267758,19.35741846107466,19.35741846107466,18.559073414808452,15.976270933714362,18.559073414808452,166.18581310487366,158.39557723083792,158.39557723083792,166.18581310487366,19.930267758780694,19.728150603752187,19.930267758780694,15.064690238061386,15.064690238061386,13.802078680070094,17.1886880264909,5.396449142763907,172.94629916997891,9.689455671635447,15.416519388226359,13.047868969712395,1.0799179077148438,22.292172334841343,0
camera2_clip_20260531_161804_1160,50,64.19708012674307,18.421195919728156,64.19708012674307,53.02766623896201,34.695972224473664,53.02766623896201,72.12640489124712,60.626613694938065,131.43625810227007,127.81801920647383,26.187606520984207,28.815125279438412,7.334036024096051,9.992921315133293,26.187606520984207,28.815125279438412,-26.05567169189453,-28.022048950195312,18.421195919728156,34.695972224473664,127.81801920647383,28.815125279438412,33.88521797387636,171.14290229108593,173.44333791902312,2.3004356279371905,-115.73408763704579,0.9314514601263113,21.21310481174165,11.756288521609582,21.21310481174165,245.76908493041992,98.9350643157959,14.791559050040128,171.14290229108593,173.44333791902312,14.51533440747767,17.001278237758044,17.001278237758044,14.645109645008041,14.532802202304188,14.645109645008041,166.43310785459593,158.58537655963312,158.58537655963312,166.43310785459593,14.856742828896932,13.229564081241863,14.856742828896932,19.779896678411003,19.779896678411003,19.111673320796893,21.35718906730953,5.460994332120179,172.37964386083263,16.199270581674927,20.308967017871705,13.150412431765693,1.3440704345703125,24.341011603828743,0
camera2_clip_20260531_161804_1160,51,72.1727164506083,22.7507297639095,72.1727164506083,38.78635397668,49.781999555513906,49.781999555513906,74.9907136524182,63.80587758221287,129.642076664591,136.035641455098,23.375803032489504,27.88266560080956,4.238832264156018,8.846378997228783,23.375803032489504,27.88266560080956,-23.202430725097656,-27.115646362304688,22.7507297639095,49.781999555513906,136.035641455098,27.88266560080956,34.95573320948693,171.68397196431692,173.36028379789218,1.6763118335752552,-115.74787912364224,0.541069673230993,14.095727125607006,12.14687238460288,14.095727125607006,245.57793045043945,99.3185863494873,12.855592829156345,171.68397196431692,173.36028379789218,11.005077385051882,8.330141083478308,11.005077385051882,28.11992793989081,7.197298086408912,28.11992793989081,166.25142497102394,159.10072678492693,159.10072678492693,166.25142497102394,11.908835200662358,13.838315896974693,13.838315896974693,21.44379979924091,21.44379979924091,19.401328192012272,22.89651110371953,5.496281708593001,171.19986460584823,13.87044079322566,20.835031367385838,13.25366349839471,1.4982490539550781,24.177832904115714,0
camera2_clip_20260531_161804_1160,52,53.5004480118257,34.49948719390382,53.5004480118257,48.978772078058164,40.11840093826758,48.978772078058164,78.39475770741929,66.65486834816963,125.38563446671625,138.01431794476522,22.992339363851137,26.79991243207033,3.9581616369148698,7.701623480849974,22.992339363851137,26.79991243207033,-22.94853973388672,-26.18854522705078,34.49948719390382,40.11840093826758,138.01431794476522,26.79991243207033,33.61054526919926,171.26128446665973,173.03387280011938,1.7725883334596517,-115.81122301490197,-0.4226874976571935,13.063785884006043,11.502377509134256,13.063785884006043,245.31620407104492,99.58141708374023,11.127561425802773,171.26128446665973,173.03387280011938,12.575227571416278,6.251730621538205,12.575227571416278,11.053707602546162,4.968534356680758,11.053707602546162,165.461322652173,159.72267305099118,159.72267305099118,165.461322652173,11.173191747655828,9.764008007885288,11.173191747655828,28.26234535758067,28.26234535758067,25.996692155049768,29.10596266116209,5.475826727592997,169.9241248224851,16.154348392334377,22.98423780714712,13.21888142261476,0.2997703552246094,21.454139293576507,0
camera2_clip_20260531_161804_1160,53,77.59897829320049,29.579541743763198,77.59897829320049,58.361933071609904,9.082993391048301,58.361933071609904,81.94227345923862,66.86189808764347,120.48355330499173,143.8344734295131,23.356916574296953,27.713491991063638,4.396366575850171,7.929489818995842,23.356916574296953,27.713491991063638,-23.351112365722656,-26.957077026367188,29.579541743763198,9.082993391048301,143.8344734295131,27.713491991063638,32.6412838015958,172.16149524215567,173.5540794224658,1.3925841803101378,-115.66159625510541,0.9002107754959354,18.657090048332975,2.5671662616199478,18.657090048332975,245.02323150634766,99.86588096618652,12.250606583901822,172.16149524215567,173.5540794224658,15.377330729483841,7.9740690175080395,15.377330729483841,13.952072650290798,9.536994167839413,13.952072650290798,165.0261447929158,160.21026615672056,160.21026615672056,165.0261447929158,18.803642732080007,12.760599393331027,18.803642732080007,22.790048302666232,22.790048302666232,21.937550882439414,21.54699664718243,5.478310766189335,170.32965326312,15.655460752417515,12.328183229634337,13.15306908587599,-0.7054672241210938,22.854367625008994,0
camera2_clip_20260531_161804_1160,54,101.15924564691505,51.543317306857524,101.15924564691505,66.7403253461211,32.96371329396934,66.7403253461211,85.72242332117747,69.26491667029025,118.66992784913565,144.70602562464188,24.715771364701098,28.875710569198876,5.480164508742388,8.516453810882663,24.715771364701098,28.875710569198876,-24.53466033935547,-28.352493286132812,51.543317306857524,32.96371329396934,144.70602562464188,28.875710569198876,46.33271731243634,172.9367014771063,174.16879056568055,1.2320890885742415,-115.697851405389,0.7752062349506446,19.417298351336417,6.172403929418642,19.417298351336417,244.69378662109375,100.0147533416748,10.845608555684413,172.9367014771063,174.16879056568055,12.398980199906015,3.1535389524041455,12.398980199906015,13.415370784918561,8.510458505698898,13.415370784918561,164.6691215835203,160.14195492679582,160.14195492679582,164.6691215835203,15.319388442091771,7.247763228773776,15.319388442091771,34.42547212768717,34.42547212768717,34.40340288752763,30.702967453087844,5.34188325211063,170.19118156053645,23.536827217161843,11.516263657340797,12.741043405143355,-1.3156890869140625,28.1701503323676,0
camera2_clip_20260531_161804_1160,55,130.1739145912936,76.0580394627795,130.1739145912936,64.47679330477763,21.06499963323008,64.47679330477763,89.64875547075759,70.58602112777358,122.036950406276,136.43766260776093,26.852444128337535,29.350703661484545,7.705284699559222,9.659604885142825,26.852444128337535,29.350703661484545,-26.08545684814453,-29.173171997070312,76.0580394627795,21.06499963323008,136.43766260776093,29.350703661484545,53.045446903572184,172.41731213352259,174.33871189304,1.9213997595174135,-115.72650265488133,-0.5193893435837253,18.546705595218384,7.952228834133937,18.546705595218384,244.44314193725586,100.35533714294434,12.686137115018887,172.41731213352259,174.33871189304,5.000574586028708,12.320397174815758,12.320397174815758,12.904004823225682,7.7692872333829275,12.904004823225682,164.4379637303565,158.8251404928679,158.8251404928679,164.4379637303565,16.492415804545708,13.131059070665138,16.492415804545708,47.08582845276816,47.08582845276816,46.86065628247668,43.76243504400986,5.189590556460913,168.67427502780848,31.65627784450644,21.42237328036191,12.310705649751817,-1.4156036376953125,32.157535009508095,0
camera2_clip_20260531_161804_1160,56,157.2588211405141,20.91590327320443,157.2588211405141,94.8654447527186,41.350970502636024,94.8654447527186,92.83654377507276,69.35837127286717,121.35662043139273,126.72646319712243,29.50179121441577,29.80804086677153,9.793342969150016,10.237630224733296,29.50179121441577,29.80804086677153,-27.843109130859375,-29.709373474121094,20.91590327320443,41.350970502636024,126.72646319712243,29.80804086677153,61.48830648202813,174.25128367051934,175.81650715384828,1.5652234833289356,-116.03742864988655,1.8339715369967564,42.94873210804813,11.589967115047479,42.94873210804813,244.17290878295898,100.80774879455566,15.809238886658509,174.25128367051934,175.81650715384828,28.59894525270334,12.994723581221406,28.59894525270334,28.060995815584533,16.824252507036636,28.060995815584533,163.66030502070035,156.7881203558469,156.7881203558469,163.66030502070035,27.9912462215684,16.488556270145978,27.9912462215684,61.81687164074957,61.81687164074957,63.36011139296271,54.594424224099015,4.888411752219061,168.93839391057313,45.452683656527746,18.070601482866046,11.403363569106872,-1.4840812683105469,41.65737987836909,0
camera2_clip_20260531_161804_1160,57,90.01469660376291,56.28750732446427,90.01469660376291,78.06639880873927,16.768038199894146,78.06639880873927,96.15074470534518,69.25666395796365,130.7230688632187,131.2655409557067,31.126275966114708,31.383677797829957,10.304479818844833,11.284262871456278,31.126275966114708,31.383677797829957,-29.12047576904297,-31.261215209960938,56.28750732446427,16.768038199894146,131.2655409557067,31.383677797829957,48.161957087994175,174.94513236709957,175.93468590024705,0.9895535331474719,-116.8219581381204,0.6938486965802326,38.25661060952177,9.578490981582634,38.25661060952177,243.94385528564453,101.07630348205566,10.589070418558201,174.94513236709957,175.93468590024705,3.126286063205527,19.720491122376334,19.720491122376334,11.293748508772174,20.368194996741313,20.368194996741313,163.85210575175364,153.27431997164555,153.27431997164555,163.85210575175364,12.463057993046162,12.711517715709611,12.711517715709611,66.04204410221297,66.04204410221297,70.59268220185875,54.85720407012769,4.325412733932412,167.88317826472203,54.08288905073966,15.85523238317785,9.964104079786885,-1.7913780212402344,30.72125324398468,0
camera2_clip_20260531_161804_1160,58,107.73310775824989,41.439180353417,107.73310775824989,84.75940996837635,28.979157755206707,84.75940996837635,100.57575253185941,70.76205272598526,135.12962665857637,133.75227622987794,32.466461137679815,32.138304952073184,11.163611377073083,11.773333078688262,32.466461137679815,32.138304952073184,-29.51611328125,-32.064117431640625,41.439180353417,28.979157755206707,133.75227622987794,32.138304952073184,50.923915357730145,174.3354888348155,175.85342211471445,1.5179332798989549,-117.31822063675831,-0.6096435322840819,31.037375433229123,11.595260877901799,31.037375433229123,243.55272674560547,101.42373085021973,15.694539811165091,174.3354888348155,175.85342211471445,6.8117942294776626,36.55290043192105,36.55290043192105,3.8425864364415476,8.937642692015801,8.937642692015801,164.66616759982935,148.822972295096,148.822972295096,164.66616759982935,15.696481624527607,11.97869802299875,15.696481624527607,82.73382851172201,82.73382851172201,87.95649147943452,75.54652058452662,3.6880844377242963,164.14758339785692,67.24392906908905,35.984030608903346,8.352730108013946,-0.8898277282714844,32.446966298646934,0
camera2_clip_20260531_161804_1160,59,114.28715294788167,321.06173398777185,321.06173398777185,68.21467738808306,212.14851420669717,212.14851420669717,104.37388376628466,62.46429795670463,136.37320001744416,124.71273704266639,33.758937213086924,23.38892329533317,12.617021269211168,8.074067606305608,33.758937213086924,23.38892329533317,-29.435157775878906,-22.95526123046875,321.06173398777185,212.14851420669717,124.71273704266639,23.38892329533317,130.9688490781174,-175.1533599912887,-179.9252231973148,4.771863206026097,-117.00481853890656,-349.48884882610423,29.352775727882896,40.748240210387564,40.748240210387564,243.51588439941406,101.37886810302734,1.7415573785211818,-175.1533599912887,-179.9252231973148,11.832313962570693,34.58110791801733,34.58110791801733,3.2296114340961335,4.979821380447723,4.979821380447723,164.03097824250742,145.12911793927864,145.12911793927864,164.03097824250742,17.784016117698805,8.089294633992358,17.784016117698805,61.38326003060958,61.38326003060958,66.50238425975137,58.569768644106354,3.207074254571771,160.28531412918832,56.825599464969756,31.407839899199782,6.711600960592339,4.872394561767578,72.19243832629392,0
camera2_clip_20260531_161804_1160,60,94.90248918816584,214.26276302339835,214.26276302339835,70.63596840917316,184.90090845325022,184.90090845325022,106.37904350879673,48.82527014119416,138.34444004441744,112.2470442455179,34.74358041770068,20.09244301914932,13.49056279110219,7.107581911083911,34.74358041770068,20.09244301914932,-29.675918579101562,-18.62110137939453,214.26276302339835,184.90090845325022,112.2470442455179,20.09244301914932,111.40725725051773,-157.11752022464583,-173.65208625673117,16.534566032085337,-116.38659475160973,18.03583976664288,48.37565232860851,55.365762100510224,55.365762100510224,243.27468490600586,101.22782897949219,8.537623276578664,-157.11752022464583,-173.65208625673117,24.919610672231233,25.79478866246763,25.79478866246763,8.672814700885153,9.190463737440526,9.190463737440526,164.47455276290827,141.48260831039826,141.48260831039826,164.47455276290827,36.06330954019177,14.06315094216095,36.06330954019177,44.65162119909865,44.65162119909865,53.683215009431265,35.507713148950636,2.4665984578346807,158.53781890953857,59.95490319203263,24.172241187439873,4.249179049733771,2.5035629272460938,65.59564014654029,0
camera2_clip_20260531_161804_1160,61,44.47494173078871,181.39344864284303,181.39344864284303,41.03590466027289,178.1876296731196,178.1876296731196,107.95825609888493,33.138766505346716,138.15014430942213,94.2464043775783,34.21949417239567,17.59287846207272,13.156725865719405,6.986760689377091,34.21949417239567,17.59287846207272,-28.75670623779297,-14.665359497070312,181.39344864284303,178.1876296731196,94.2464043775783,17.59287846207272,85.91594050381934,-137.92998062296883,-167.06543294555857,29.135452322589742,-115.51982757484767,19.187539601677003,24.36296782577539,46.04075049011636,46.04075049011636,243.0396957397461,100.89431953430176,12.239428600290914,-137.92998062296883,-167.06543294555857,15.0037451535311,30.87525012668121,30.87525012668121,11.38142266498973,4.072162400453663,11.38142266498973,165.8415993655864,138.50347890214414,138.50347890214414,165.8415993655864,25.13736688692792,11.808964198798087,25.13736688692792,18.56834248534193,18.56834248534193,24.116838710211816,18.947200711314043,2.1372688532820563,156.80052324197533,32.41463131561311,17.149610268857586,2.9520698970237254,3.0187110900878906,51.14787953785813,0
camera2_clip_20260531_161804_1160,62,98.64755484452448,363.62188133126836,363.62188133126836,44.8924973582998,255.761009268682,255.761009268682,108.97518746101285,8.575370317545447,125.65053311637305,61.66422999006439,32.46969117221974,14.723470308396724,12.803418353263169,3.4574014084071565,32.46969117221974,14.723470308396724,-25.703453063964844,-5.157135009765625,363.62188133126836,255.761009268682,61.66422999006439,14.723470308396724,142.12725512142043,-115.34587374343822,-157.22161653303215,41.87574278959393,-114.81609507111786,22.58410687953061,35.915484055379636,53.92510387036836,53.92510387036836,242.64459609985352,100.70989036560059,13.080751482233168,-115.34587374343822,-157.22161653303215,23.040133507087575,23.6196832698622,23.6196832698622,7.597853327367263,26.600158206386148,26.600158206386148,165.59251237596186,137.9716431584178,137.9716431584178,165.59251237596186,28.740341036129102,11.629678712963909,28.740341036129102,6.877560903955262,6.877560903955262,7.114428933863494,1.4305648671676479,2.261613295292246,161.1621346000839,14.779625774835047,11.65942667530887,2.8162357350874867,6.813304901123047,81.16594823235991,0
camera2_clip_20260531_161804_1160,63,112.61831229101399,334.5721995210241,334.5721995210241,26.379107730234043,235.5996388708967,235.5996388708967,107.60096576990406,-8.399333190247242,111.2982112426277,30.922919522845717,28.5883872790547,18.488257898894396,11.87800820947721,1.108527941637388,28.5883872790547,18.488257898894396,-21.77904510498047,3.2628707885742188,334.5721995210241,235.5996388708967,30.922919522845717,18.488257898894396,132.3095939188415,-98.3840259766878,-146.89682712396606,48.51280114727827,-114.58052860294472,16.961847766750424,35.19252550742398,49.49577959245619,49.49577959245619,242.40802001953125,100.23729133605957,15.85516559526835,-98.3840259766878,-146.89682712396606,26.09145753365889,13.73009500259397,26.09145753365889,4.006273279423706,14.39868181992101,14.39868181992101,164.23045169871716,137.4090909974027,137.4090909974027,164.23045169871716,21.399826889301966,18.591678816233113,21.399826889301966,21.107958160986804,21.107958160986804,19.18974417864314,18.380572559600726,2.3247196756130015,163.3314818995272,10.195938681516258,11.023532832971682,2.5027707317370034,6.8312225341796875,74.33963140451513,0
camera2_clip_20260531_161804_1160,64,101.98436915428023,98.5243415117344,101.98436915428023,32.57670145641325,80.02399173612825,80.02399173612825,106.32145849416516,-4.360008804006937,93.42409294981896,30.703146575250642,24.29088236015678,19.42576496566982,10.714259614480047,2.1164009694382817,24.29088236015678,19.42576496566982,-17.92511749267578,0.39703369140625,98.5243415117344,80.02399173612825,30.703146575250642,19.42576496566982,63.70592909225135,-83.13433292328422,-131.8895758008105,48.75524287752627,-114.81137740029538,15.249693053403576,55.228352320403054,13.89781837454893,55.228352320403054,241.854736328125,100.47800254821777,18.10133303796486,-83.13433292328422,-131.8895758008105,26.55741384578822,17.33251237999417,26.55741384578822,5.475094257279857,14.813621996836423,14.813621996836423,165.12248646527755,136.41423708209413,136.41423708209413,165.12248646527755,37.5801248130436,9.029070018187243,37.5801248130436,18.01224923415223,18.01224923415223,24.01712551256705,9.205766271818112,1.8292290199189003,166.070516894623,42.08925005070603,6.5775227971151535,1.049357960598433,0.2812690734863281,41.085284322053134,0
camera2_clip_20260531_161804_1160,65,155.47034717457427,72.66674751048025,155.47034717457427,68.00671970989941,43.30696259523941,68.00671970989941,106.94239185996035,-6.874742349681148,76.92577021133279,87.62079305716316,19.621749573449485,21.374629330690023,10.411562739951588,0.9694743409464843,19.621749573449485,21.374629330690023,-13.113174438476562,1.5942230224609375,72.66674751048025,43.30696259523941,87.62079305716316,21.374629330690023,62.81227470720524,-80.00912697580472,-127.44413288946753,47.435005913662806,-114.77684407499753,3.1252059474795004,21.85840428934759,15.56446696369047,21.85840428934759,241.52085494995117,100.32701873779297,10.99297944742386,-80.00912697580472,-127.44413288946753,11.513836346245071,9.867387473963667,11.513836346245071,2.6162268749191617,20.36854948657751,20.36854948657751,165.25956719221017,136.73443015841042,136.73443015841042,165.25956719221017,12.439772736188283,3.1474550247802613,12.439772736188283,19.915489419827185,19.915489419827185,22.192477221335352,18.27324994811726,1.6274875465833074,167.86824945536318,25.203610449640642,15.966208471165524,0.7158563124749264,3.3762969970703125,36.402239682158786,0
camera2_clip_20260531_161804_1160,66,110.63762127569262,88.27575477724034,110.63762127569262,70.47275531305648,64.44819995949878,70.47275531305648,105.42634294586124,-10.289709182005234,69.43025119788987,159.82264249716684,16.814538020377398,23.902869901465067,11.15648080943308,2.6919319905138575,16.814538020377398,23.902869901465067,-9.923606872558594,3.3528518676757812,88.27575477724034,64.44819995949878,159.82264249716684,23.902869901465067,64.79711770465528,-80.27444696800856,-125.92983809268706,45.6553911246785,-115.13869100822004,-0.2653199922038425,25.491062094820858,29.45731280762262,29.45731280762262,241.05001831054688,99.92209815979004,18.630164624774057,-80.27444696800856,-125.92983809268706,17.512781314455744,4.818227511485365,17.512781314455744,5.273002070093103,12.28837315393419,12.28837315393419,164.35366205648702,137.49447853787413,137.49447853787413,164.35366205648702,9.976618060627642,10.078269848642039,10.078269848642039,33.37672401504018,33.37672401504018,36.779670244804024,28.28504797821072,1.2997397709125962,168.74296611083662,38.827833068664546,19.974267035490456,0.8906348743500454,3.0568618774414062,37.39416484893082,0
camera2_clip_20260531_161804_1160,67,90.93189554541236,85.10527576680482,90.93189554541236,81.76396134835255,58.65396653813807,81.76396134835255,100.1314447563323,-4.682941192129865,66.7971518259683,149.0134171856608,14.595982883446919,24.030705323866954,8.887435751956799,3.048189259087504,14.595982883446919,24.030705323866954,-10.470626831054688,0.39363861083984375,85.10527576680482,58.65396653813807,149.0134171856608,24.030705323866954,60.925291672781874,-74.27471824928065,-118.91908593980415,44.644367690523495,-114.44953631428184,5.9997287187279085,39.6727311508112,9.4239196871722,39.6727311508112,240.7379608154297,99.36978149414062,19.03129584320548,-74.27471824928065,-118.91908593980415,17.913891364863517,8.02152688741042,17.913891364863517,13.566983503949546,16.41378096816697,16.41378096816697,164.81255234251128,138.4158168362635,138.4158168362635,164.81255234251128,32.54937185403942,7.020297953323454,32.54937185403942,12.927506105844726,12.927506105844726,18.580269826307905,6.018488490505675,0.8803167112453897,161.75489691667664,25.781175914029397,18.364320560663565,1.658685624413917,-1.0376319885253906,38.41980021403704,0
camera2_clip_20260531_161804_1160,68,87.83963678154787,21.05113950177502,87.83963678154787,24.919083947309094,0.8480405607882378,24.919083947309094,95.44173141120119,-3.399176614433525,63.20421652892336,149.19290232236227,13.27796931020115,23.442625447097253,6.265789533748914,3.7426456954416194,13.27796931020115,23.442625447097253,-11.4578857421875,-0.5281143188476562,21.05113950177502,0.8480405607882378,149.19290232236227,23.442625447097253,32.615003676202384,-64.19428355390487,-88.14998489233732,23.955701338432448,-113.4747580067611,10.080434695375786,21.1910991256406,39.8410221401535,39.8410221401535,240.51729202270508,98.93571853637695,14.608039931714845,-64.19428355390487,-88.14998489233732,40.805524515641665,25.844994870070042,40.805524515641665,17.377033907924535,9.472563954523094,17.377033907924535,163.92764257710985,141.18781276737357,141.18781276737357,163.92764257710985,48.39733474287804,21.957491505350553,48.39733474287804,17.93175669024771,17.93175669024771,24.324817034463088,7.716300259867291,0.1876696232861198,162.4092000664939,19.034008868702188,35.40603247121071,3.2593784569564836,-0.6738014221191406,29.962080462800184,0
camera2_clip_20260531_161804_1160,69,49.13558371269177,7.193572937456822,49.13558371269177,59.10337867944431,4.157237996746976,59.10337867944431,94.1738039844018,-1.8727022947872887,63.95967012113647,149.76837980968176,12.350149889530474,22.418512431839183,5.934086506903362,3.838602797490253,12.350149889530474,22.418512431839183,-10.722389221191406,-1.2018051147460938,7.193572937456822,4.157237996746976,149.76837980968176,22.418512431839183,30.362972117628033,-55.94288014448772,-65.9904823056482,10.047602161160484,-112.35660707801286,8.25140340941715,27.525040470370428,35.0630189090579,35.0630189090579,240.48324966430664,98.30881881713867,18.834700054201214,-55.94288014448772,-65.9904823056482,43.71741072989142,41.44136391372453,43.71741072989142,14.96374743871829,6.837864442422159,14.96374743871829,162.0983122528946,145.13183979087975,145.13183979087975,162.0983122528946,38.67221817560625,15.140287498500602,38.67221817560625,37.5318006053316,37.5318006053316,33.72722294326592,36.12169003969386,0.0581729421024623,13.948763498476195,32.288848433848855,35.57558862428999,3.4861127160747247,0.686126708984375,28.579227075385962,0
camera2_clip_20260531_161804_1160,70,88.2118517402114,20.305142384991616,88.2118517402114,24.547304588888167,45.3495215633161,45.3495215633161,89.94597559338956,0.006003264050369137,73.6213292075417,133.98683968517727,14.132978818750063,20.9665724992906,3.8052032124431165,2.0181782060067768,14.132978818750063,20.9665724992906,-13.656745910644531,-1.4542694091796875,20.305142384991616,45.3495215633161,133.98683968517727,20.9665724992906,40.60437979601332,-45.816211239774276,-41.554638259596636,4.26157298017764,-111.9089374628401,10.12666890471344,39.51650765528162,25.695950843390982,39.51650765528162,240.02315139770508,98.04248428344727,15.948731889706565,-45.816211239774276,-41.554638259596636,37.62092577606188,35.60007688060023,37.62092577606188,17.912998011065003,15.440522042447572,17.912998011065003,161.6978597966302,147.85908995005698,147.85908995005698,161.6978597966302,48.72611301603222,8.15247535919205,48.72611301603222,98.20228283423658,98.20228283423658,88.21330252707303,90.11325683403358,0.1503180626427409,10.915841639831605,33.01352593672289,40.00590842003338,3.8428708476440483,-1.4850120544433594,33.92328248845657,0
camera2_clip_20260531_161804_1160,71,74.24327496606114,46.151101224951496,74.24327496606114,47.47973668291664,86.5009523392866,86.5009523392866,89.54912735599882,5.471763290157585,81.78589649095723,63.963451109726066,15.630938925587818,19.461012292099834,1.1394410869191673,1.0936459636595806,15.630938925587818,19.461012292099834,-15.598594665527344,-2.8315200805664062,46.151101224951496,86.5009523392866,63.963451109726066,19.461012292099834,57.13342830553693,-36.434582719379925,-26.239640911371005,10.19494180800892,-110.94350095471557,9.38162852039435,36.92472278768257,51.50078183232312,51.50078183232312,239.84830474853516,98.0674934387207,5.298785494440834,-36.434582719379925,-26.239640911371005,34.38819158686337,41.66748172852542,41.66748172852542,17.140641398849095,4.647310945896373,17.140641398849095,161.66548721047647,151.11537667891912,151.11537667891912,161.66548721047647,49.90078247796233,14.33572620972185,49.90078247796233,109.38027372631385,109.38027372631385,96.35769790808209,104.3825694124672,0.4043520082007046,-10.11174882151569,39.44554111619307,57.079954201251326,4.474308559576864,-1.7872161865234375,42.073392015086675,0
camera2_clip_20260531_161804_1160,72,65.27893874371729,24.471814622225015,65.27893874371729,44.906870969580496,24.189029450536175,44.906870969580496,90.27212721996253,6.101854897888394,13.782784952042888,8.868247336282598,13.119626500306484,18.548648677763634,3.1291449431454326,1.381431671614327,13.119626500306484,18.548648677763634,-13.101821899414062,-2.1832809448242188,24.471814622225015,24.189029450536175,8.868247336282598,18.548648677763634,36.42929118262193,-33.921541630655334,-22.718912157988946,11.202629472666388,-110.65316491349148,2.5130410887245915,34.30653319064086,25.42256011903173,34.30653319064086,239.58732986450195,98.10683631896973,7.917712869900596,-33.921541630655334,-22.718912157988946,18.680066617815296,34.18336821798984,34.18336821798984,11.31476609376507,9.622317689901811,11.31476609376507,161.98137293435974,154.74618503723997,154.74618503723997,161.98137293435974,31.528705334646055,8.200845996788,31.528705334646055,136.6198998557601,136.6198998557601,121.33042751402327,129.83460164802108,0.6698534721803528,-21.623879297974653,46.880375129257,56.5571701555288,4.764441372548526,1.4505462646484375,27.675484753886465,0
camera2_clip_20260531_161804_1160,73,223.79969007356758,30.963394696336287,223.79969007356758,48.16963948596957,55.41043501415058,55.41043501415058,87.18240711044066,7.017107485796744,24.66219489171292,21.753279218973443,7.986202029718924,17.90307963963097,8.964449531288267,3.653243062287127,7.986202029718924,17.90307963963097,-6.863624572753906,-0.8370895385742188,30.963394696336287,55.41043501415058,21.753279218973443,17.90307963963097,65.88504996818737,-29.35943097624284,-17.905466047535693,11.453964928707148,-110.32444776209292,4.562110654412493,22.027533861698092,14.939606677402185,22.027533861698092,239.49929809570312,98.13143539428711,2.742122561427286,-29.35943097624284,-17.905466047535693,12.198707460605362,18.27318235884223,18.27318235884223,12.847268989252514,20.366145034176732,20.366145034176732,164.56609066125236,155.20942371251527,155.20942371251527,164.56609066125236,10.704139576329263,12.855342047477944,12.855342047477944,138.552295792426,138.552295792426,129.34393344970795,125.51718898633997,0.5533884926551524,-15.534597279216786,57.14276651140437,45.67387441301081,4.476907659713877,3.929607391357422,40.21292377298403,0
camera2_clip_20260531_161804_1160,74,236.72739945837967,33.356485546774884,236.72739945837967,76.53960787980222,53.885202453043114,76.53960787980222,76.47015576362257,7.3760566024310235,46.63005131663983,28.24699020741471,11.503652702050736,17.674432617053913,13.948043150283935,6.194133244431011,11.503652702050736,17.674432617053913,-2.91107177734375,0.6696243286132812,33.356485546774884,53.885202453043114,28.24699020741471,17.674432617053913,70.81562905169206,-26.67332693141883,-14.798344495971246,11.874982435447585,-110.07880816739305,2.6861040448240097,11.964279084741575,12.420799887410768,12.420799887410768,239.23228073120117,98.20312118530273,8.29417946642067,-26.67332693141883,-14.798344495971246,8.59854010900795,14.283789505170331,14.283789505170331,9.380265865517073,26.990640398993264,26.990640398993264,166.49131608736766,154.29869510779469,154.29869510779469,166.49131608736766,16.081328107546046,8.97297818554422,16.081328107546046,128.8143320928412,128.8143320928412,118.27226143127668,116.19399953461671,0.49731046711790144,-8.823883892946272,44.88863513039033,38.47597923236101,4.355828384366868,2.6263694763183594,42.43344304016093,0
camera2_clip_20260531_161804_1160,75,23.050071715979044,25.278395827223708,25.278395827223708,30.121872579891324,25.866258044528873,30.121872579891324,77.74013562252546,10.364155151125829,41.51251880586656,22.83498271400235,11.072098954672915,15.771143922764672,15.407090322733334,7.5577248083111765,11.072098954672915,15.771143922764672,-2.0136489868164062,0.09734344482421875,25.278395827223708,25.866258044528873,22.83498271400235,15.771143922764672,23.93490695683832,-26.77885886384692,-15.000418376997054,11.778440486849867,-109.51614791417002,-0.10553193242808945,5.216723207869808,34.076120365537165,34.076120365537165,239.6262550354004,98.14913558959961,11.929676325089957,-26.77885886384692,-15.000418376997054,3.0642907398664208,4.4729188619169475,4.4729188619169475,0.5209085092332508,12.640606911782454,12.640606911782454,167.13275212391852,153.36638909986146,153.36638909986146,167.13275212391852,7.65350448424037,18.949872300950307,18.949872300950307,38.32181914456187,38.32181914456187,32.706284707206976,24.174907607924865,0.7730218182785712,-15.266575448427474,7.448112130170587,27.128683114009572,5.394463482265527,0.2810211181640625,15.909295295751635,0
camera2_clip_20260531_161804_1160,76,44.373129386326454,34.62187387009734,44.373129386326454,6.995205655710815,7.652811773767203,7.652811773767203,77.95849878084967,10.062082060322133,42.144765390512184,29.72418601933651,10.957331950775496,15.776051813763017,13.917514174177004,8.327356127717586,10.957331950775496,15.776051813763017,-3.6572265625,1.4051666259765625,34.62187387009734,7.652811773767203,29.72418601933651,15.776051813763017,18.5971083797257,-25.634778546570267,-14.017282609009643,11.617495937560625,-109.19353257914702,1.1440803172766536,9.344616391600098,8.595013200852302,9.344616391600098,239.73567581176758,98.12138557434082,3.386542880711091,-25.634778546570267,-14.017282609009643,4.567900259474305,3.2075231329691096,4.567900259474305,6.633126235844488,11.03744602289062,11.03744602289062,167.7155216627891,153.1480768747971,153.1480768747971,167.7155216627891,3.3968196503798165,1.1605184172189404,3.3968196503798165,13.479358006736858,13.479358006736858,12.68093051495505,14.347207015400853,0.9083624537234021,-7.804655231440741,9.772297953991217,13.526796262952189,5.717176559989684,-0.15179443359375,11.798831999760958,0
camera2_clip_20260531_161804_1160,77,82.93416581214547,96.29523639192202,96.29523639192202,11.957720574778131,57.056924406315225,57.056924406315225,80.17464123919721,15.808287321512564,34.51202832046386,13.959782333213798,9.573211926630647,12.881183737054327,11.499157622236778,9.126086865892429,9.573211926630647,12.881183737054327,-5.7995147705078125,-1.3391342163085938,96.29523639192202,57.056924406315225,13.959782333213798,12.881183737054327,50.93026756955115,-24.564923937548567,-14.387005200156002,10.177918737392565,-108.48856016016008,1.0698546090217,22.99772453044239,34.33983370170363,34.33983370170363,240.4234390258789,98.02752304077148,20.824158386439517,-24.564923937548567,-14.387005200156002,8.784518617025453,13.18883195763313,13.18883195763313,14.697408140004807,35.12317038471506,35.12317038471506,167.86544696454308,150.73593688858168,150.73593688858168,167.86544696454308,6.316775270043761,20.28559602338404,20.28559602338404,81.39996299335684,81.39996299335684,76.26792338413635,65.25481333968463,1.323541464890312,-2.4550215895908742,29.584304281315255,23.235648514114224,7.362655340002913,-2.3100128173828125,33.6648254841761,0
camera2_clip_20260531_161804_1160,78,236.400744081766,123.29293306920471,236.400744081766,77.362498738216,70.97542627826653,77.362498738216,87.83961704368598,22.562519533168658,13.915212301558185,4.431153557774092,12.08638960056725,12.516892754881997,6.549712083338062,8.106905182815826,12.08638960056725,12.516892754881997,-11.915420532226562,-5.3750152587890625,123.29293306920471,70.97542627826653,4.431153557774092,12.516892754881997,90.41761473501161,-25.747501985395928,-15.533973174475047,10.21352881092088,-107.82583976537994,-1.182578047847361,22.97001949937524,11.5040667432412,22.97001949937524,240.76973724365234,98.12888145446777,10.824804168855827,-25.747501985395928,-15.533973174475047,7.876813818032914,13.764803792672868,13.764803792672868,11.485910817770984,18.224284206283173,18.224284206283173,168.10325043540837,150.21390934256536,150.21390934256536,168.10325043540837,10.122202724516784,3.9666692174932905,10.122202724516784,93.67551178202291,93.67551178202291,83.72221327355025,76.0049580727202,1.5782123669440933,-4.199718587748801,25.051622386519373,9.222541657957388,8.432501271942288,-5.087188720703125,50.66219774890331,0
camera2_clip_20260531_161804_1160,79,303.57441651621417,188.6829460965238,303.57441651621417,95.30970175478137,99.62002225904465,99.62002225904465,95.06657529274531,32.23424020619259,81.05578531967923,36.66277518714269,20.94690915439086,14.181086134249929,2.5741231108636433,8.215950885394516,20.94690915439086,14.181086134249929,-20.486190795898438,-11.246589660644531,188.6829460965238,99.62002225904465,36.66277518714269,14.181086134249929,119.25297702724386,-26.74129113801492,-16.35719837340999,10.38409276460493,-106.86063354531325,-0.9937891526189908,23.505066248893417,4.825709288005788,23.505066248893417,240.91693496704102,98.24630737304688,5.648930386582788,-26.74129113801492,-16.35719837340999,15.023188953270378,23.691019134079053,23.691019134079053,7.930601149867173,18.635276438088365,18.635276438088365,169.38350011338423,150.54884118228256,150.54884118228256,169.38350011338423,11.854247375148864,14.762502358548288,14.762502358548288,88.87731080506678,88.87731080506678,78.26737362157144,74.61805798477569,1.7003829027892665,-4.524657849496533,18.911984353484243,4.524772447599926,9.180533491707019,-7.0731353759765625,67.28455813103876,0
camera2_clip_20260531_161804_1160,80,12.510296150924713,111.61111790958775,111.61111790958775,23.59772627614809,81.51448912681155,81.51448912681155,96.11405680926524,38.54746528001789,89.30181051184748,56.47901834053162,21.976445941653242,17.60855726021075,2.953253005069545,6.747049472996542,21.976445941653242,17.60855726021075,-21.3387451171875,-14.797271728515625,111.61111790958775,81.51448912681155,56.47901834053162,17.60855726021075,48.396467919405644,-27.325783307451456,-16.95870527653817,10.367078030913287,-106.12590717567926,-0.5844921694365368,41.59435408475849,19.55082396820329,41.59435408475849,241.0408058166504,98.34812545776367,4.810386552296052,-27.325783307451456,-16.95870527653817,18.645530680939753,25.473213827132557,25.473213827132557,20.43513008602026,8.37164195482329,20.43513008602026,169.5680576307027,152.26036751052965,152.26036751052965,169.5680576307027,18.92205464983523,26.507660405585266,26.507660405585266,5.573945985893255,5.573945985893255,9.575976504821757,0.3812984539825913,1.4172878945380443,-0.16377580429363808,30.605932526632568,6.2947163080027,8.073513418050842,-1.9681968688964844,34.061169926730855,0
camera2_clip_20260531_161804_1160,81,18.78923019338807,80.48143761719305,80.48143761719305,20.111597905517222,56.37753359464232,56.37753359464232,97.27067039807342,45.223438887036956,80.7117820844963,79.13628149091117,22.05298496839549,20.313818315283548,3.3345194906394906,5.580989233983359,22.05298496839549,20.313818315283548,-21.214263916015625,-17.745628356933594,80.48143761719305,56.37753359464232,79.13628149091117,20.313818315283548,38.021109383821546,-28.938958755149685,-20.00694545051356,8.932013304636126,-105.83340460739127,-1.6131754476982287,36.58156465594596,15.785292336242646,36.58156465594596,241.78399658203125,98.27470397949219,22.404260855851994,-28.938958755149685,-20.00694545051356,17.299634024580122,18.48031600666482,18.48031600666482,15.710030636846511,77.86765851458387,77.86765851458387,168.09542955263956,150.3573556941459,150.3573556941459,168.09542955263956,28.41063747365352,16.619479373474984,28.41063747365352,47.58600495280934,47.58600495280934,36.10987162897492,42.48462025955108,1.244261449561351,6.639664386872908,18.65142886429585,12.68477752226874,7.694194992913055,-1.0495796203613281,33.54286769439443,0
camera2_clip_20260531_161804_1160,82,35.79757265525626,95.3390332885476,95.3390332885476,20.867077203756892,47.22811495436588,47.22811495436588,96.72323611269867,49.974147256585674,93.8942590220731,91.08355189957305,23.788922368680808,22.553883134716884,3.4100854227310156,6.9829438168677544,23.788922368680808,22.553883134716884,-22.984161376953125,-20.912574768066406,95.3390332885476,47.22811495436588,91.08355189957305,22.553883134716884,38.824270354236035,-28.467673662599864,-20.78238040000205,7.685293262597813,-105.71954623570477,0.4712850925498202,24.567863280049533,9.14596074344004,24.567863280049533,242.15489196777344,98.23298263549805,11.197037641205423,-28.467673662599864,-20.78238040000205,11.147634975438246,31.083390403702946,31.083390403702946,16.913885827744124,89.47311927969758,89.47311927969758,167.3254957189712,147.79767156295298,147.79767156295298,167.3254957189712,19.578324775721168,15.860648457895895,19.578324775721168,9.51860356307316,9.51860356307316,9.573119683891523,13.840848177662307,1.0011603924249177,18.45441712907753,20.15185316154709,9.332187451334363,7.319573078630582,-1.9998016357421875,34.750218820468014,0
camera2_clip_20260531_161804_1160,83,64.7886450912092,145.9656174905716,145.9656174905716,23.895326973842216,69.11608737559241,69.11608737559241,97.3465970268129,58.99741763896107,131.50020916452212,102.26806013423024,26.15575568493485,25.15517798817761,3.385499350431382,9.53184901284323,26.15575568493485,25.15517798817761,-25.49462890625,-24.826629638671875,145.9656174905716,69.11608737559241,102.26806013423024,25.15517798817761,62.69341889796947,-26.71142183730044,-20.678469740836608,6.032952096463831,-105.47946797677447,1.756251825299426,38.97134924033815,33.42348721626327,38.97134924033815,243.1773910522461,97.9349536895752,31.951417297512418,-26.71142183730044,-20.678469740836608,19.842356171523015,40.449055202409994,40.449055202409994,13.168608939104335,53.892560803476584,53.892560803476584,163.92562015660104,147.78506671877733,147.78506671877733,163.92562015660104,25.071169820613658,35.616194940172605,35.616194940172605,18.363699951462007,18.363699951462007,22.52668115778994,20.379545392802346,0.8352460784586007,18.30767914126718,35.58220106879624,26.0165419781422,6.658307726085573,-2.621204376220703,47.016704938759744,0
camera2_clip_20260531_161804_1160,84,52.74919277069701,48.30141877904948,52.74919277069701,39.460576455266875,37.00768566025865,39.460576455266875,98.97960631221696,66.0792593430957,133.8140214692073,107.50674224325276,25.794760215946575,25.91315351576432,2.8984413998441347,9.839355087133555,25.794760215946575,25.91315351576432,-25.068283081054688,-25.88459014892578,48.30141877904948,37.00768566025865,107.50674224325276,25.91315351576432,44.8660913127739,-24.39453338193422,-19.684638672731715,4.709894709202505,-105.07374801369966,2.316888455366218,49.035774691596295,42.64189951977505,49.035774691596295,244.4097137451172,97.4301986694336,39.950684158733644,-24.39453338193422,-19.684638672731715,7.861816654663763,36.75644234610467,36.75644234610467,15.264137573514688,15.742389808400784,15.742389808400784,161.07205714056252,149.07055738291106,149.07055738291106,161.07205714056252,31.8939827865571,38.16300271226082,38.16300271226082,24.554502163887015,24.554502163887015,28.895690250942422,27.570343664145923,0.7573672215693484,17.390521784846765,43.54411409724775,30.096762733812312,6.111128466756361,0.36766815185546875,34.57319331317877,0
camera2_clip_20260531_161804_1160,85,64.22807833299731,99.92597554881824,99.92597554881824,49.45119831065223,30.05987475636044,49.45119831065223,97.87580034311966,72.1718972408097,158.1310011007571,113.58272968642649,28.631761539409833,28.55732224885628,5.286195124632051,12.255395963124577,28.631761539409833,28.55732224885628,-28.024734497070312,-28.433731079101562,99.92597554881824,30.05987475636044,113.58272968642649,28.55732224885628,53.862937154013984,-22.383852717882508,-19.264180894428044,3.119671823454464,-104.42248968702081,2.010680664051712,40.40217321472062,39.11032276053503,40.40217321472062,245.1801528930664,96.85552215576172,28.83481608148214,-22.383852717882508,-19.264180894428044,8.807626205105155,33.21541276436177,33.21541276436177,8.872152224715258,48.479449085255396,48.479449085255396,160.2488608761616,148.60216335382665,148.60216335382665,160.2488608761616,12.267548953715764,26.515215368748528,26.515215368748528,19.41653362805751,19.41653362805751,18.67852643137843,21.005935799736992,1.0301967019390432,17.218905032506516,22.608518470396795,38.211164388275975,6.907750268773098,-1.8491249084472656,38.44458562716548,0
camera2_clip_20260531_161804_1160,86,44.15512403055596,151.28647776145488,151.28647776145488,57.25440690763464,42.75201218427689,57.25440690763464,97.45378582602105,79.07006588286845,166.78645809656004,118.85799157622695,29.729079505797344,32.446271736910546,6.425968644184643,15.916477938637087,29.729079505797344,32.446271736910546,-29.251312255859375,-31.41075897216797,151.28647776145488,42.75201218427689,118.85799157622695,32.446271736910546,63.36251675705555,-18.567448385450525,-15.417739010275252,3.1497093751752736,-103.31506658525707,3.8164043324319827,48.97464425612488,35.7524354022861,48.97464425612488,245.78824996948242,96.18987655639648,27.04772645658054,-18.567448385450525,-15.417739010275252,13.149945656130472,23.75129886194185,23.75129886194185,11.812041620389579,49.46213297178932,49.46213297178932,160.33770812925823,151.8466867173901,151.8466867173901,160.33770812925823,17.8638281079302,13.193094956484025,17.8638281079302,18.919958598883042,18.919958598883042,18.903716122956446,24.798340575356605,1.123251191917177,7.926907166322569,32.42538736245115,37.833318826292576,7.009122766502981,-1.1479835510253906,42.45062022641657,0
camera2_clip_20260531_161804_1160,87,41.89295327171708,25.973286523547017,41.89295327171708,63.965954724520905,24.83652563526405,63.965954724520905,96.92882743196489,80.64266407670432,168.85080530398113,119.68798237545157,31.821760220414095,32.55968764334535,9.072659741149566,16.329609448692032,31.821760220414095,32.55968764334535,-31.329681396484375,-31.223350524902344,25.973286523547017,24.83652563526405,119.68798237545157,32.55968764334535,38.05215920336164,-17.140715924457435,-14.396104441589411,2.7446114828680237,-102.39342114795811,1.4267324609930903,46.76011866615588,24.884116398964895,46.76011866615588,246.28178024291992,95.22814559936523,32.42913363104824,-17.140715924457435,-14.396104441589411,18.333478954705537,20.114835241670942,20.114835241670942,13.931764625372903,12.632061282980143,13.931764625372903,161.54688285060433,155.3182563915195,155.3182563915195,161.54688285060433,38.00962051802848,31.175947447370277,38.00962051802848,34.51324246913444,34.51324246913444,33.33275222508502,35.055363515906144,1.2233569946709886,9.135355003786865,41.219317260033634,31.903338875226282,6.710273460180625,-0.16542816162109375,30.209221940858182,0
camera2_clip_20260531_161804_1160,88,22.952733425102448,110.0422677292734,110.0422677292734,62.3346391462328,87.74565961084986,87.74565961084986,93.84665337789822,77.61532274670624,160.6810007173068,111.75766344000166,34.1376136688025,30.63957925363534,11.318336483021039,15.946819764263966,34.1376136688025,30.63957925363534,-33.60399627685547,-29.374465942382812,110.0422677292734,87.74565961084986,111.75766344000166,30.63957925363534,64.5437310360655,-15.763041827091783,-13.14800208473379,2.615039742357993,-100.70507200157543,1.3776740973656523,49.25899645339806,54.928089851536406,54.928089851536406,246.54859161376953,94.00162506103516,37.65616609141373,-15.763041827091783,-13.14800208473379,39.46148269835001,20.5982793191151,39.46148269835001,13.868134148113295,7.715163049246986,13.868134148113295,163.92891862068333,157.4742984987867,157.4742984987867,163.92891862068333,34.80236506675915,28.839311109486644,34.80236506675915,37.83279614741232,37.83279614741232,34.43675341344312,37.45795393861497,1.6376665632783147,14.114447623783024,37.03877133168155,55.52759905102617,7.98429623732239,1.2536697387695312,44.378926800622004,0
camera2_clip_20260531_161804_1160,89,49.03029689000779,83.93125336616887,83.93125336616887,61.47611543667905,91.55037601256298,91.55037601256298,90.96062724782784,74.59072946260633,157.2253619717076,105.57288098012923,37.0833680738745,29.74049340400204,14.374513525949595,16.615542203508603,37.0833680738745,29.74049340400204,-36.5650634765625,-28.41808319091797,83.93125336616887,91.55037601256298,105.57288098012923,29.74049340400204,64.90196112711199,-16.112225877651554,-14.27142586516537,1.8408000124861843,-99.4406808012663,-0.34918405055977075,43.89059306154289,59.53313199571037,59.53313199571037,246.9157600402832,92.70608329772949,40.396992493351625,-16.112225877651554,-14.27142586516537,31.659585070193742,61.62350663820382,61.62350663820382,11.85596423590555,89.7022322052985,89.7022322052985,165.5279875639083,156.7074549790387,156.7074549790387,165.5279875639083,30.581225975713572,37.71928350480057,37.71928350480057,49.287077880542824,49.287077880542824,48.668522785487355,47.7917218608488,1.9319057006092106,17.677468556904167,46.70948011833147,57.201817697276795,9.072760928593318,0.4912109375,54.379463699398976,0
camera2_clip_20260531_161804_1160,90,15.449539633848893,90.59903658896694,90.59903658896694,61.199991715622176,68.66665487651443,68.66665487651443,89.12108937188775,72.94799165170417,154.8248767873498,99.24320071247054,38.39453020439904,28.1105431952514,16.414243289120975,17.045297542614406,38.39453020439904,28.1105431952514,-37.85694885253906,-26.463584899902344,90.59903658896694,68.66665487651443,99.24320071247054,28.1105431952514,51.73816216761124,-16.300456802198212,-16.076722697095992,0.22373410510222058,-99.13873483621113,-0.18823092454665868,35.33928283501113,39.174467355703854,39.174467355703854,247.46210861206055,91.48235702514648,40.20450816617138,-16.300456802198212,-16.076722697095992,21.428786974214276,64.61171235512724,64.61171235512724,17.7669977616918,90.74722329050614,90.74722329050614,165.16447431410475,155.36395316559862,155.36395316559862,165.16447431410475,39.08837964041767,49.38793237193252,49.38793237193252,35.22100600555784,35.22100600555784,35.19810716386749,33.93541767761282,2.1498516037768414,19.517390438558103,34.525525777838425,35.396831360014644,9.551204814629507,1.3582344055175781,49.45500044996309,0
camera2_clip_20260531_161804_1160,91,29.555091773986412,55.41374492608885,55.41374492608885,55.0552575446052,47.11265575004032,55.0552575446052,85.91127652018294,70.86402876760755,149.71730941741652,93.84872967953068,40.013573287321755,27.615541021586186,18.253625197888066,18.10082789134243,40.013573287321755,27.615541021586186,-39.497657775878906,-25.657363891601562,55.41374492608885,47.11265575004032,93.84872967953068,27.615541021586186,40.63612703051401,-17.497508623540146,-17.436943254311483,0.06056536922866229,-98.75165060562755,-1.1970518213419332,26.633824044351908,30.046188144011378,30.046188144011378,247.65941619873047,90.64496994018555,25.809546149345525,-17.497508623540146,-17.436943254311483,29.657689490233903,32.22858305037117,32.22858305037117,12.605670062812395,45.08943143334862,45.08943143334862,166.16140497922927,153.99770230729382,153.99770230729382,166.16140497922927,21.616950229258393,26.9545691326164,26.9545691326164,33.1481863702989,33.1481863702989,33.85649676500786,32.596686506574926,2.391127581651107,19.952345151473494,33.20142703818412,36.25312819876965,10.517901948425711,0.45136260986328125,34.330804631810416,0
camera2_clip_20260531_161804_1160,92,28.342322181959577,62.28075945379308,62.28075945379308,47.42724311425037,36.242672512048514,47.42724311425037,84.35816905594969,72.564914660103,147.69339026671608,92.89568028512926,40.56027635994883,27.527308651921686,18.898815513307202,18.635492796949062,40.56027635994883,27.527308651921686,-40.085205078125,-24.926666259765625,62.28075945379308,36.242672512048514,92.89568028512926,27.527308651921686,40.63753576947263,-17.79558589450865,-17.699904240491307,0.09568165401734419,-98.22868235789264,-0.29807727096850556,36.323765499851746,33.208451854932505,36.323765499851746,247.9884910583496,89.86515808105469,25.392068032892396,-17.79558589450865,-17.699904240491307,21.534622661355307,19.230899314314318,21.534622661355307,21.462338623435684,10.755189033846785,21.462338623435684,164.7981033120965,153.37716151199731,153.37716151199731,164.7981033120965,16.703422476863725,15.97578577375813,16.703422476863725,34.9046055905943,34.9046055905943,33.924476683072605,37.077035094973716,2.4664511506764506,16.724300324552114,27.08890584167869,37.44238586068414,10.875265158062822,1.1137199401855469,29.123956041700808,0
camera2_clip_20260531_161804_1160,93,47.267426347347,29.873308305108488,47.267426347347,57.410169486098624,31.090021717580456,57.410169486098624,82.35040495496995,72.79315204798614,145.5853726325847,95.06632993340098,40.3262622301765,28.18403054112633,19.266557544996594,18.89261645411214,40.3262622301765,28.18403054112633,-39.93223571777344,-25.608741760253906,29.873308305108488,31.090021717580456,95.06632993340098,28.18403054112633,37.54637761484485,-19.128962832766476,-19.380915455154103,0.25195262238762695,-98.4982290712898,-1.3333769382578247,30.83258995196421,28.80474988097031,30.83258995196421,248.04633712768555,89.31083679199219,16.719941187724817,-19.128962832766476,-19.380915455154103,23.758987676840928,20.861703720592,23.758987676840928,32.27899862522275,15.677094832141012,32.27899862522275,163.53270592403868,152.84030666401077,152.84030666401077,163.53270592403868,28.62255322348885,19.086487917925933,28.62255322348885,31.629313414757313,31.629313414757313,29.81097666278156,33.042186278771396,2.1826479195218274,16.93103265203648,28.89216304712728,34.78654979549823,9.741208360434582,0.2797508239746094,30.463674307106714,0
camera2_clip_20260531_161804_1160,94,60.654936112109546,78.3762655223561,78.3762655223561,63.06416393859403,112.40458197534002,112.40458197534002,80.57888195091238,75.0793865377913,143.88225036015024,97.45675872496592,39.894431342784735,27.248297785244027,19.378240096092746,17.607607741553085,39.894431342784735,27.248297785244027,-39.57841491699219,-24.71031951904297,78.3762655223561,112.40458197534002,97.45675872496592,27.248297785244027,73.21812643787946,-23.029831481711316,-23.738471370490043,0.7086398887787269,-99.12053497554905,-3.90086864894484,39.45644981354115,85.35236126533593,85.35236126533593,247.45021057128906,89.08753967285156,19.097267532080867,-23.029831481711316,-23.738471370490043,31.698365204402364,33.09356170547879,33.09356170547879,40.92185201318577,63.49427818984825,63.49427818984825,161.72523795182929,155.86501815381297,155.86501815381297,161.72523795182929,34.86404206042842,51.73014864721353,51.73014864721353,23.7739533926324,23.7739533926324,29.247283446756132,26.05123270827813,1.2333868192647388,27.81333493846469,41.99154279880701,64.68489000501518,6.352367556249356,0.783172607421875,57.92591720398616,0
camera2_clip_20260531_161804_1160,95,65.97249467718628,100.76295220763001,100.76295220763001,67.06404282400831,95.3528541316263,95.3528541316263,79.48900632855789,78.27763128578803,143.48329183569606,112.69002950667814,39.64428162113333,29.669169319545638,19.515665925979903,16.341356619553373,39.64428162113333,29.669169319545638,-39.38768768310547,-28.083152770996094,100.76295220763001,95.3528541316263,112.69002950667814,29.669169319545638,74.21796002202977,-28.889555154116074,-27.7516226254705,1.1379325286455746,-98.93318954787972,-5.859723672404758,50.61307337172947,65.5423429199983,65.5423429199983,246.90999221801758,88.55168533325195,22.827136662997816,-28.889555154116074,-27.7516226254705,37.03653727507351,42.584834962605115,42.584834962605115,31.30847841833234,96.9693979190574,96.9693979190574,161.5950462580155,159.70348476898272,159.70348476898272,161.5950462580155,31.67509260630398,52.691694890013096,52.691694890013096,41.95654706943726,41.95654706943726,40.07612175562867,41.586314294100156,0.6625885666001154,47.70088211182321,48.64719885740547,49.85612008252324,3.709315735320283,-1.004913330078125,61.464483016963676,0
camera2_clip_20260531_161804_1160,96,45.11537157311831,43.800997892230825,45.11537157311831,64.01663294726332,117.48302670163558,117.48302670163558,79.5202074584873,80.63893433842594,144.41854959825204,125.96677401406735,40.29133883794688,30.584755520085274,20.317566086322778,14.764893694222105,40.29133883794688,30.584755520085274,-40.025726318359375,-29.722381591796875,43.800997892230825,117.48302670163558,125.96677401406735,30.584755520085274,71.09220906766039,-167.54832311293654,-159.45510201553395,8.09322109740259,-99.01696105851471,-138.65876795882048,60.06604081756933,96.07118447414496,96.07118447414496,246.06868743896484,87.74619102478027,34.94214262196175,-167.54832311293654,-159.45510201553395,43.75208441125323,36.61647163023109,43.75208441125323,47.03659039797224,34.166666205169825,47.03659039797224,160.83964220570556,161.57293314011753,161.57293314011753,160.83964220570556,37.30819380664661,71.65698184526671,71.65698184526671,54.98760792140872,54.98760792140872,57.15960912964658,55.35147967855852,0.7057107121265145,136.96239059042657,60.432221424348434,71.22430024248143,0.5123698958312006,-0.20063400268554688,58.09085355854182,0
camera2_clip_20260531_161804_1160,97,41.78048033462782,109.0880268324817,109.0880268324817,53.14110981468936,126.47445294004851,126.47445294004851,79.74631289307757,83.17304744740763,145.20365447641336,146.07780493140396,41.01751130866385,33.845810850681715,20.940293677848132,15.123578938537605,41.01751130866385,33.845810850681715,-40.73870849609375,-33.54747772216797,109.0880268324817,126.47445294004851,146.07780493140396,33.845810850681715,81.51794196564093,176.09649012856985,178.3997124758477,2.3032223472778526,-98.92369494313954,343.6448132415064,56.124233077866876,102.4993487941313,102.4993487941313,245.09074783325195,87.19535827636719,33.67201108088999,176.09649012856985,178.3997124758477,37.919081419625556,38.408475785957094,38.408475785957094,47.93830757633539,48.01921858990632,48.01921858990632,160.92170654821703,164.34839324020155,164.34839324020155,160.92170654821703,29.237758782550156,80.28777855344215,80.28777855344215,52.32983860832741,52.32983860832741,53.52713189119814,54.1413034688406,1.5256271876419965,163.7006214313943,58.88421270667967,73.09996720850015,3.227976348893598,-1.5700798034667969,64.24318937513853,0
camera2_clip_20260531_161804_1160,98,70.82856607355023,78.51011089622537,78.51011089622537,68.70897862815741,160.6636828833403,160.6636828833403,79.6664570903966,88.56637200145774,147.16996803134327,162.69982507636053,40.66223439919927,34.539923472653975,21.142190504574792,14.937891636287274,40.66223439919927,34.539923472653975,-40.43655014038086,-34.353492736816406,78.51011089622537,160.6636828833403,162.69982507636053,34.539923472653975,89.27887046364441,173.2244600474759,175.14491718240475,1.9204571349288528,-99.18026521792758,-2.8720300810939534,53.5031508101514,103.45873349044174,103.45873349044174,244.17213439941406,86.5554838180542,33.58513014573418,173.2244600474759,175.14491718240475,40.696049031317386,20.135374998518586,40.696049031317386,44.988938970818175,20.378556431004814,44.988938970818175,161.1972846583288,167.02500646871522,167.02500646871522,161.1972846583288,34.53345551895654,71.55092162116158,71.55092162116158,59.876457957303366,59.876457957303366,64.67745706558438,57.44476075415226,2.5938230616786,169.97039122092582,63.89442091424848,68.66580257504965,6.776035352665213,0.3974189758300781,63.99637661280363,0
camera2_clip_20260531_161804_1160,99,25.447201745525444,86.43210844735337,86.43210844735337,44.001278633524684,43.35031207980154,44.001278633524684,79.89346655589507,89.94720372637273,147.98515546006152,171.16509149352882,41.588795016739624,37.934158506777784,22.06760561083247,17.01572918680758,41.588795016739624,37.934158506777784,-41.34308624267578,-37.84642028808594,86.43210844735337,43.35031207980154,171.16509149352882,37.934158506777784,46.1711350428042,172.3538564685604,174.45031005751304,2.0964535889526417,-98.74448539679457,-0.8706035789155067,45.15658398278643,32.63932536783378,45.15658398278643,244.09516525268555,85.80020904541016,22.77559677739672,172.3538564685604,174.45031005751304,34.8755290432092,11.051639707095527,34.8755290432092,38.54767343435121,15.100324680684837,38.54767343435121,162.61581958536559,167.95689880177065,167.95689880177065,162.61581958536559,26.07680372084888,30.928542289974644,30.928542289974644,59.98931657881488,59.98931657881488,60.61506806528126,58.89307769426849,2.8377208931574565,170.5142525594135,53.044424857020225,45.43079831795293,7.6644835464610805,-1.3637313842773438,36.133943594415804,0
camera2_clip_20260531_161804_1160,100,50.63035155404099,78.27813536870805,78.27813536870805,48.94859373803325,44.41496946190741,48.94859373803325,79.72485795468843,91.3626349385791,148.7787327197121,170.13673751866182,41.935939490969865,36.90817240559247,22.28904354858232,15.896038422603608,41.935939490969865,36.90817240559247,-41.72737121582031,-36.73242950439453,78.27813536870805,44.41496946190741,170.13673751866182,36.90817240559247,50.574100687344405,172.23709320957812,174.40680902763108,2.169715818052964,-97.95312577209425,-0.11676325898227446,48.09856421854778,33.07398978282894,48.09856421854778,243.97108840942383,84.87752532958984,27.929666525513603,172.23709320957812,174.40680902763108,36.22385602720095,19.709444869967026,36.22385602720095,46.64652877716737,14.915477048279781,46.64652877716737,162.94475873164353,169.34342467574112,169.34342467574112,162.94475873164353,31.204825856429682,42.28377503757192,42.28377503757192,71.07032819340958,71.07032819340958,77.52974338120963,67.82113229677375,3.4717487584210684,173.04021559362326,68.07393628542778,46.264509538527555,9.356503798825875,1.2565841674804688,41.202375978390265,0
camera2_clip_20260531_161804_1160,101,57.60193068169597,21.824757164911578,57.60193068169597,41.64337566937642,9.20578113865789,41.64337566937642,79.88795792346123,92.28616904221202,150.5487401744945,169.47929460739655,42.66193713274898,38.35924833225466,22.376294460836895,16.80263129378897,42.66193713274898,38.35924833225466,-42.5102653503418,-38.08354187011719,21.824757164911578,9.20578113865789,169.47929460739655,38.35924833225466,34.16251984923469,172.47964517252765,174.74618617403553,2.266541001507875,-96.83385108877702,0.24255196294953407,46.04147237596241,28.657802064803878,46.04147237596241,244.4883804321289,84.03022861480713,29.781747491916974,172.47964517252765,174.74618617403553,42.23166753738239,30.220170485850467,42.23166753738239,40.66005646859858,16.085855428594925,40.66005646859858,164.3557566393315,171.58845469334102,171.58845469334102,164.3557566393315,30.643234463397313,29.68983988301075,30.643234463397313,68.5175835511123,68.5175835511123,73.45340682769327,65.63622690081667,3.8745994780275903,174.31311618422427,67.80161912197438,49.308600796871126,10.303077563608376,-0.32666015625,32.87549528018688,0
camera2_clip_20260531_161804_1160,102,135.25576220981534,105.92206618410945,135.25576220981534,79.5688762796552,40.129753382678444,79.5688762796552,77.46462933261279,93.15345839923566,151.6568800564126,162.00321319847612,40.76975643380311,36.45209487303292,20.990229667637102,15.65898521410824,40.76975643380311,36.45209487303292,-40.75361251831055,-35.808753967285156,105.92206618410945,40.129753382678444,162.00321319847612,36.45209487303292,72.66871263421987,171.59585148348216,174.08595210203603,2.4901006185538677,-95.62651730437659,-0.8837936890454898,45.707046354889826,29.428771394170976,45.707046354889826,244.76948928833008,82.9757833480835,32.738193422905056,171.59585148348216,174.08595210203603,40.79753813795663,38.71716130312506,40.79753813795663,54.34840334690172,43.103503408533555,54.34840334690172,165.48845700736229,174.20671814287917,174.20671814287917,165.48845700736229,36.04538736537607,33.01021597085401,36.04538736537607,92.63298139919718,92.63298139919718,93.3651424809594,83.43037087933133,4.287594218551923,175.22860279675245,66.93804075564928,50.275627287881676,10.993134767929702,3.0020980834960938,56.83620711150553,0
camera2_clip_20260531_161804_1160,103,66.42341199116032,33.13736460811344,66.42341199116032,36.64817534928343,44.0792864512015,44.0792864512015,77.48776296754976,92.3492199882633,154.34639579203804,153.8684991084307,42.67882083900287,37.13329151338788,21.641686834838488,16.33469788964749,42.67882083900287,37.13329151338788,-42.67863464355469,-36.104183197021484,33.13736460811344,44.0792864512015,153.8684991084307,37.13329151338788,44.85124761262892,171.77767694924236,174.99551212455833,3.217835175315969,-93.68514061661713,0.1818254657601983,42.71582333757836,46.10342393843646,46.10342393843646,245.04944229125977,81.9270486831665,32.563726339642315,171.77767694924236,174.99551212455833,28.877649991038478,39.57098244171012,39.57098244171012,14.522558456672183,29.370814216457173,29.370814216457173,167.88865593752152,174.99421670861088,174.99421670861088,167.88865593752152,31.455587795173493,37.810800515854396,37.810800515854396,77.62222562636879,77.62222562636879,78.13897538505529,72.07859899412664,4.5125558479168975,175.0100139895172,64.12844455569048,56.068271640450966,11.261660561642838,-0.060420989990234375,37.559656591056616,0
camera2_clip_20260531_161804_1160,104,88.22171519495339,130.47266467047768,130.47266467047768,48.77600804832007,61.9579616511304,61.9579616511304,75.78698343462015,93.78979575315054,156.37108009413,145.18970224538285,43.3494881142844,35.95038330706012,21.369326696768432,16.172342058125984,43.3494881142844,35.95038330706012,-43.297088623046875,-34.058555603027344,130.47266467047768,61.9579616511304,145.18970224538285,35.95038330706012,71.93932446528832,172.7172629613862,176.2148457319119,3.497582770525696,-92.29588060411781,0.9395860121438488,46.41780887058789,55.78978835626056,55.78978835626056,245.11804580688477,80.15551567077637,53.1858260320338,172.7172629613862,176.2148457319119,79.81938764749337,105.86525544060312,105.86525544060312,157.70963890061464,180.1110074895916,180.1110074895916,169.03245158717777,177.23128874710784,177.23128874710784,169.03245158717777,57.29212188189904,63.73037712925632,63.73037712925632,72.69303656626492,72.69303656626492,74.77775591498623,66.15368267675849,4.919441171266385,175.24739768537898,63.94906493513448,49.58316086286668,12.017792603953554,2.300029754638672,89.68031127343234,0
camera2_clip_20260531_161804_1160,105,56.386759850814805,114.24292282599208,114.24292282599208,35.86050364001433,62.827382250563325,62.827382250563325,75.38120976159583,95.191658565451,158.1240186738232,142.50485914344122,44.57873721609777,33.64248807428337,21.88232833130651,14.859549255358743,44.57873721609777,33.64248807428337,-44.46574783325195,-31.452415466308594,114.24292282599208,62.827382250563325,142.50485914344122,33.64248807428337,57.28716198963568,173.83201938502523,177.04709704885323,3.215077663827998,-91.06423763332845,1.1147564236390224,37.175063478239906,37.23033989218961,37.23033989218961,245.20922088623047,79.07786464691162,32.44503293105723,173.83201938502523,177.04709704885323,45.94810865649396,59.03714027243701,59.03714027243701,72.43226824094813,95.7191424839157,95.7191424839157,171.70935066619373,179.36113604658814,179.36113604658814,171.70935066619373,31.118224964863387,39.1537920808627,39.1537920808627,75.08434231596044,75.08434231596044,76.54494957732396,69.54397104483516,5.25196434761968,175.715839061569,58.356486320569466,45.86595328120896,12.675227149327535,1.7821388244628906,57.26097071977791,0
camera2_clip_20260531_161804_1160,106,82.4198083839168,179.19780407861697,179.19780407861697,58.267965111609236,62.346961459241086,62.346961459241086,74.20919465999296,95.99987737049548,160.1117574585684,128.6457418461711,44.57676992094193,29.864387318212597,21.855614670782444,13.237324139495609,44.57676992094193,29.864387318212597,-44.316917419433594,-26.783607482910156,179.19780407861697,62.346961459241086,128.6457418461711,29.864387318212597,77.25675193383573,173.45575984649847,176.39422446817514,2.9384646216766726,-90.65082449189869,-0.3762595385267673,45.49822442333251,35.80974814629779,45.49822442333251,245.42835998535156,77.73227500915527,40.89951193108271,173.45575984649847,176.39422446817514,38.86629133413381,52.7103412936023,52.7103412936023,84.69381841433605,81.37885425420211,84.69381841433605,174.70401738927077,179.7604038711743,179.7604038711743,174.70401738927077,44.18582853796549,40.983151410053935,44.18582853796549,62.58752031607537,62.58752031607537,59.89199137081495,56.0253012686754,5.363352886061758,174.9605815445246,48.04224435513476,40.73528555680332,12.846056367793107,3.686840057373047,67.19656640394234,0
camera2_clip_20260531_161804_1160,107,47.13940349336945,145.4347723563563,145.4347723563563,18.042442215506284,47.05546670836735,47.05546670836735,74.87290197765206,96.45361066822268,161.9291681592396,114.21553366260136,46.93692603912469,27.134248898654793,23.01984730495378,12.480858642575003,46.93692603912469,27.134248898654793,-46.646541595458984,-23.19585418701172,145.4347723563563,47.05546670836735,114.21553366260136,27.134248898654793,56.02331175505279,173.93567183002503,176.6781433297823,2.742471499757272,-90.75377809696559,0.47991198352656284,37.234120351985766,41.23366540473155,41.23366540473155,246.04032516479492,76.63113689422607,37.792934208670225,173.93567183002503,176.6781433297823,27.406217712223064,22.823826596605016,27.406217712223064,10.715766759073054,21.16703923593064,21.16703923593064,176.58109560506256,179.2026389295468,179.2026389295468,176.58109560506256,34.95385180792475,38.03713445362689,38.03713445362689,47.49535701093484,47.49535701093484,49.439689353398805,45.82010300824991,5.466419684531437,174.09909907961122,50.772427591814356,45.349160767161806,13.015032277053685,1.8050193786621094,40.93697559130835,0
camera2_clip_20260531_161804_1160,108,81.40941180040433,110.35368522392127,110.35368522392127,54.28270153823908,48.86752527278005,54.28270153823908,73.3419778470872,96.62520001957019,162.50225700962704,105.21569677275315,46.25346332510721,24.771100851480636,22.503935075000108,11.81209861694155,46.25346332510721,24.771100851480636,-45.77523422241211,-20.531108856201172,110.35368522392127,48.86752527278005,105.21569677275315,24.771100851480636,60.346988751394576,173.39734452778455,175.84983880801218,2.4524942802276257,-91.29346486520441,-0.5383273022404751,36.514681167112954,30.653927505909817,36.514681167112954,246.59112548828125,75.55826568603516,36.17997046911337,173.39734452778455,175.84983880801218,34.76092010879315,23.993425642441736,34.76092010879315,31.763347635160617,25.235746845727736,31.763347635160617,177.23748950935018,179.3712410182573,179.3712410182573,177.23748950935018,41.15168880664592,38.17111986719355,41.15168880664592,49.106885186659404,49.106885186659404,49.05816966031317,48.038023399169646,5.531153604290171,174.09614403825913,40.05147368330519,39.12080688234574,13.051838989804553,2.833972930908203,46.429848451194175,0
camera2_clip_20260531_161804_1160,109,96.11744227306704,136.64660783680705,136.64660783680705,61.875446393576304,57.603535410319175,61.875446393576304,72.65133005582187,96.37722901967537,164.0546734774433,92.12789083399954,44.555759045782,21.308218822903843,21.640981911606318,11.281668972843871,44.555759045782,21.308218822903843,-43.92129898071289,-16.717350006103516,136.64660783680705,57.603535410319175,92.12789083399954,21.308218822903843,68.0193053248734,172.77189937923183,174.9272272678971,2.1553278886652834,-91.59184299996247,-0.6254451485527284,35.12785525506753,20.744944780403287,35.12785525506753,247.0554962158203,74.93475532531738,23.323053150602078,172.77189937923183,174.9272272678971,47.51945011117878,36.02170679851292,47.51945011117878,113.0256763955603,128.080271316512,128.080271316512,179.33966414601022,178.0433655426566,178.0433655426566,179.33966414601022,30.410139026664528,12.971029123764438,30.410139026664528,42.445324264617355,42.445324264617355,41.7309045822157,42.626657595544025,5.494054064899033,174.23461349327974,32.67362283772184,36.84413110120548,12.937522126909698,3.66339111328125,64.67867539345279,0
camera2_clip_20260531_161804_1160,110,130.02213738822104,100.27295392292021,130.02213738822104,65.0372963553575,55.251405692449175,65.0372963553575,71.44381902735203,97.22958895384743,167.04331840345628,87.88382006596814,42.16879617887799,20.931761423600598,19.88139088733606,12.811242036233686,42.16879617887799,20.931761423600598,-41.17112731933594,-14.81723403930664,100.27295392292021,55.251405692449175,87.88382006596814,20.931761423600598,70.76866255940182,172.4694930642624,174.73514200473207,2.2656489404696742,-91.67717298986581,-0.3024063149694314,37.53167092846439,36.496511068998565,37.53167092846439,247.2547492980957,73.85982608795166,32.79721315181989,172.4694930642624,174.73514200473207,6.693870911212418,7.750213212615305,7.750213212615305,22.627122281680727,41.65439546769006,41.65439546769006,179.43260989922481,176.2383357666988,176.2383357666988,179.43260989922481,28.711665362928972,29.26901837494624,29.26901837494624,37.588378060715115,37.588378060715115,36.00191532400174,36.02806597725197,5.405729003429881,174.04795595097409,35.03274810240739,36.94944691945567,12.690584297211204,3.542011260986328,46.77652174729038,0
camera2_clip_20260531_161804_1160,111,51.85295879827901,64.42243570967162,64.42243570967162,26.878101969410274,38.439048746201046,38.439048746201046,70.37208223883808,97.87308664057547,168.9504235272965,85.31608290188622,42.419855996405616,20.647712059073548,19.800822583398354,13.407168513739006,42.419855996405616,20.647712059073548,-41.0695686340332,-13.762107849121094,64.42243570967162,38.439048746201046,85.31608290188622,20.647712059073548,40.286099079727684,172.78508229504513,175.4061639592011,2.62108166415598,-91.34911277663673,0.3155892307827344,27.617787030252753,32.50626222455139,32.50626222455139,247.19550323486328,73.10592937469482,22.68663296395479,172.78508229504513,175.4061639592011,28.626305667700063,42.86154079694128,42.86154079694128,65.77227343912178,79.63305367922523,79.63305367922523,179.07957354649932,176.65592047783176,176.65592047783176,179.07957354649932,14.088789247536992,19.253568593492435,19.253568593492435,37.56815188557659,37.56815188557659,37.14628451660739,39.37018445399716,5.415133141522722,174.88151841502466,30.51935401517713,35.491440261877436,12.665849895540676,1.56524658203125,40.99601049186532,0
camera2_clip_20260531_161804_1160,112,54.31223406554421,51.04364399678416,54.31223406554421,37.03701443407109,36.909821403631646,37.03701443407109,69.32094246368989,99.07187611229638,170.65086897270282,86.33156879909392,42.24425476220162,21.080624225506714,19.774927125679447,14.136607295562218,42.24425476220162,21.080624225506714,-40.54256820678711,-13.24386215209961,51.04364399678416,36.909821403631646,86.33156879909392,21.080624225506714,38.76384754650246,172.74602711135552,175.39372225934054,2.6476951479850186,-90.9246536379796,-0.03905518368961225,26.600656769356327,26.679714609627336,26.679714609627336,246.99728775024414,72.29881572723389,24.932902687702637,172.74602711135552,175.39372225934054,25.055005085752683,26.813441887262197,26.813441887262197,25.678113481879652,19.45098084890212,25.678113481879652,179.1915929168761,176.59421075946221,176.59421075946221,179.1915929168761,25.426428052825518,23.749132460730753,25.426428052825518,30.247889673616438,30.247889673616438,30.152276104243132,30.729372358935073,5.411783051651201,175.08223008502554,26.950052615456034,28.369572942529928,12.60455155029391,1.4063777923583984,31.563015591363975,0
camera2_clip_20260531_161804_1160,113,32.84354870396342,82.69025789298242,82.69025789298242,11.973110042772971,43.011831779629084,43.011831779629084,69.07208925754556,100.87567713062633,172.90935250027331,85.78712928426235,43.15902680719695,21.574768242577374,20.266280023527422,15.411046223345517,43.15902680719695,21.574768242577374,-41.13764953613281,-11.969242095947266,82.69025789298242,43.011831779629084,85.78712928426235,21.574768242577374,36.62982360705299,173.58426960615583,176.04388513891647,2.459615532760637,-90.39091344836493,0.838242494800312,20.714104147079514,28.546089075890492,28.546089075890492,246.69750595092773,71.50554752349854,25.440699935988473,173.58426960615583,176.04388513891647,23.62978048223996,30.088110598416556,30.088110598416556,25.47590158986203,14.387222872139033,25.47590158986203,179.60471271715534,176.55860978875737,176.55860978875737,179.60471271715534,26.866946258155835,28.8353374264415,28.8353374264415,28.28825890302695,28.28825890302695,26.34708029272666,26.57404667531494,5.4093156156833215,175.16035636172356,22.664942747918325,23.76529524074897,12.583953976778458,1.1558895111083984,30.755186739131066,0
camera2_clip_20260531_161804_1160,114,45.09249932500637,51.32267950278903,51.32267950278903,9.298236206573682,18.582130935186846,18.582130935186846,68.46320739480622,102.01562243925524,173.71940271518588,88.99245233793197,45.061910108742026,23.241990043308583,21.366378493833054,16.435399438713596,45.061910108742026,23.241990043308583,-42.7174186706543,-12.655208587646484,51.32267950278903,18.582130935186846,88.99245233793197,23.241990043308583,26.6588789481852,173.8737902280652,176.47365186188722,2.59986163382203,-89.8293763818464,0.2895206219093609,16.824884445028292,18.832843274526986,18.832843274526986,246.27179336547852,70.90217208862305,22.153189583871182,173.8737902280652,176.47365186188722,33.151910596613895,30.865539220697812,33.151910596613895,29.959239193530028,21.57795872011779,29.959239193530028,178.74577728707453,176.32269912004315,176.32269912004315,178.74577728707453,28.47545252582344,26.960605339719045,28.47545252582344,20.562413137684413,20.562413137684413,18.598015532402396,18.91899135407691,5.358669195714804,175.2056837595649,16.258417301660653,16.411593394689106,12.473562342436068,-0.5762443542480469,27.57866494046777,0
camera2_clip_20260531_161804_1160,115,55.73317470284594,46.16725022534105,55.73317470284594,20.8519493237229,14.670598278372603,20.8519493237229,68.3355951484481,103.07198196255308,173.45023842237225,91.14141571707886,47.25152804670769,24.846296791260343,22.66166561161548,17.44101620603908,47.25152804670769,24.846296791260343,-44.80229568481445,-13.29684829711914,46.16725022534105,14.670598278372603,91.14141571707886,24.846296791260343,27.37046513043482,173.82791599759742,176.59883635034177,2.770920352744355,-89.51791903601503,-0.04587423046777417,14.622513354767719,12.177304897558713,14.622513354767719,246.23558807373047,70.43282127380371,14.122354954819759,173.82791599759742,176.59883635034177,20.122759024935423,21.523246823247703,21.523246823247703,17.135812202932772,13.35352262031854,17.135812202932772,178.60349398278507,175.9053082008069,175.9053082008069,178.60349398278507,15.654870580387678,16.6713225420682,16.6713225420682,17.126975651262498,17.126975651262498,17.535982753406046,16.922750605627485,5.3257244243558475,174.90572402291,16.286171357584784,15.76659317539142,12.374428942428194,-0.9387664794921875,22.390360381374936,0
camera2_clip_20260531_161804_1160,116,33.72234605101961,64.19209613487698,64.19209613487698,19.957093661582956,22.209140938363287,22.209140938363287,67.90231319537713,104.96351581928802,174.09030507105814,96.51910761351787,46.847585365210946,27.06040383836841,22.391720665328744,18.482260542467863,46.847585365210946,27.06040383836841,-44.22103500366211,-14.46114730834961,64.19209613487698,22.209140938363287,96.51910761351787,27.06040383836841,27.12469087317142,173.39198499973395,176.62888057580955,3.2368955760755966,-89.12425511485937,-0.43593099786346556,13.396475820753121,9.270992632432572,13.396475820753121,246.0467872619629,69.89879512786865,16.992548483371,173.39198499973395,176.62888057580955,24.430238408464405,30.000445222437996,30.000445222437996,16.840315809432585,19.824008121334604,19.824008121334604,178.50322461766567,175.5013514864791,175.5013514864791,178.50322461766567,23.25140474578814,23.23778717977324,23.25140474578814,12.507934096119191,12.507934096119191,13.717401492812794,11.872119153407416,5.314563057007547,174.23890529388694,14.056628960353445,10.276369716633718,12.333569930677124,0.08176231384277344,25.027695393854955,0
camera2_clip_20260531_161804_1160,117,13.273815479639419,52.1608701192776,52.1608701192776,12.342354690520986,9.061455024406408,12.342354690520986,67.95870445617936,104.56388514613772,174.23030125958363,102.3192952113874,47.07341409131956,28.34237151951423,22.38595014952534,18.3087711198276,47.07341409131956,28.34237151951423,-44.42763900756836,-16.780635833740234,52.1608701192776,9.061455024406408,102.3192952113874,28.34237151951423,20.28395770545939,173.62225737986074,177.30337825181383,3.681120871953084,-88.6419153222912,0.23027238012679163,17.014299618231135,17.850951300680784,17.850951300680784,246.01861190795898,69.17471122741699,21.738956067849294,173.62225737986074,177.30337825181383,30.571403432089724,34.44924460729489,34.44924460729489,22.292364557487318,23.643870850145674,23.643870850145674,179.05337737186179,174.98858296150655,174.98858296150655,179.05337737186179,25.239613926811145,29.928711269533284,29.928711269533284,19.363701680181038,19.363701680181038,18.951594830443398,17.881263721056634,5.247111052521452,173.73349988357242,15.942390315483909,14.554987463924522,12.118489312532837,-0.7073230743408203,23.985746239676526,0
camera2_clip_20260531_161804_1160,118,74.40262567451633,76.11025555347378,76.11025555347378,43.323538531060926,1.5824633246718296,43.323538531060926,67.49980714546516,104.72052792812947,174.2321635836463,110.07880263102543,45.35324282848508,30.591898605011707,21.344394151987967,18.69944902546806,45.35324282848508,30.591898605011707,-42.674869537353516,-19.763137817382812,76.11025555347378,1.5824633246718296,110.07880263102543,30.591898605011707,38.96114199936496,172.8437374956175,177.12214214178357,4.278404646166081,-88.2239812662314,-0.7785198842432521,23.299771517570267,15.048197394896636,23.299771517570267,246.08741760253906,68.47925090789795,20.96567078986405,172.8437374956175,177.12214214178357,20.696852252896058,23.348950487958177,23.348950487958177,14.304160602945219,23.705078051845945,23.705078051845945,178.9768646339604,174.49973029105183,174.49973029105183,178.9768646339604,24.48850973671284,23.586084477809347,24.48850973671284,15.9303031821747,15.9303031821747,16.712605908107907,15.48224318713192,5.138950970907942,173.17108000416738,18.56332806971003,17.775482646986724,11.921924579535418,-0.01842498779296875,30.324707300529777,0
camera2_clip_20260531_161804_1160,119,67.22237312233449,85.41258386742946,85.41258386742946,36.023240154491475,12.168283924612142,36.023240154491475,67.17353629873034,103.93645165509375,174.3643536210865,117.99669560809801,43.64844791633717,32.28172661430222,20.298522152594668,18.69450188043031,43.64844791633717,32.28172661430222,-40.96141052246094,-22.95009994506836,85.41258386742946,12.168283924612142,117.99669560809801,32.28172661430222,39.10923975024916,172.71243980626446,177.27592395742394,4.563484151159486,-87.78265958277176,-0.13129768935303332,17.879077170172152,15.949880262455183,17.879077170172152,246.1691665649414,67.97654819488525,15.279189097323382,172.71243980626446,177.27592395742394,12.142378608619312,17.238857816468208,17.238857816468208,7.689270272732114,19.672019808478073,19.672019808478073,178.74079149427465,174.12342549338564,174.12342549338564,178.74079149427465,14.71662166873395,16.066802208362326,16.066802208362326,13.712750160048252,13.712750160048252,14.26748176537486,14.350984126912081,5.085994776376693,173.0264704197918,16.568045919183362,16.92520289689713,11.859973167011532,-0.23357009887695312,26.848449073740742,0
camera2_clip_20260531_161804_1160,120,39.90108969057958,90.98667487037787,90.98667487037787,27.76546937758887,12.007940604599446,27.76546937758887,67.26443833385002,102.57471403975121,173.97985632079877,125.407567009267,42.76725180396189,33.91902419913589,19.868589721273658,18.710791533555394,42.76725180396189,33.91902419913589,-40.20265579223633,-26.250442504882812,90.98667487037787,12.007940604599446,125.407567009267,33.91902419913589,33.989531312495025,172.83069529868825,177.08671985759165,4.256024558903391,-87.69689547254413,0.11825549242379907,16.50128414028761,16.774729191536778,16.774729191536778,246.23831176757812,67.6371488571167,10.391134325609777,172.83069529868825,177.08671985759165,15.068729626353807,8.983341086607643,15.068729626353807,16.022690189382963,21.45568151899544,21.45568151899544,178.39651737356516,174.20897836870492,174.20897836870492,178.39651737356516,4.943388626193141,3.5132986060503346,4.943388626193141,11.135041988289231,11.135041988289231,12.487798255689613,13.245860040719297,5.148752841715146,173.6415936112344,17.811039724747634,18.20413976737291,12.070474627402854,-0.7292671203613281,22.82702646071279,0
camera2_clip_20260531_161804_1160,121,26.4890656742256,99.4000784401426,99.4000784401426,21.237398617223352,8.876341477652183,21.237398617223352,67.16668280924829,101.18421172174688,172.9290763238007,133.40219340882297,42.24467823239266,35.62790649411034,19.672787213227654,18.823106307227015,42.24467823239266,35.62790649411034,-39.80999755859375,-29.621173858642578,99.4000784401426,8.876341477652183,133.40219340882297,35.62790649411034,30.456129783602822,173.0515538698247,176.82088392066436,3.7693300508396703,-87.71598140671404,0.22085857113643215,12.615216713706433,14.118677778666777,14.118677778666777,246.23098373413086,67.40976810455322,6.824964178622733,173.0515538698247,176.82088392066436,12.926573332633158,2.3689978105217957,12.926573332633158,16.230119871872525,15.439278836415689,16.230119871872525,178.0689239895521,174.5364469969218,174.5364469969218,178.0689239895521,1.726500156461564,1.4383253085508674,1.726500156461564,8.525087404788565,8.525087404788565,9.301435035252391,11.163398971952482,5.18125386582987,174.43803928816612,13.701963643962229,16.580631667030705,12.21342483031405,-1.053558349609375,19.40554783483938,0
camera2_clip_20260531_161804_1160,122,42.65760616484843,68.94830414249331,68.94830414249331,29.42287667628586,4.092735994177269,29.42287667628586,66.71598784792089,100.78926661379853,172.7353939992074,139.17909114107223,41.31723003337921,37.44896496349563,19.240047847147807,19.552356587365146,41.31723003337921,37.44896496349563,-38.848079681396484,-32.18544006347656,68.94830414249331,4.092735994177269,139.17909114107223,37.44896496349563,28.221029820298725,172.70484813927348,176.59774965727732,3.892901518003839,-87.61436440294719,-0.3467057305512071,13.751200714522207,10.453455229465261,13.751200714522207,246.13470458984375,67.04285717010498,11.37998140148332,172.70484813927348,176.59774965727732,10.690251509518932,9.456007848905498,10.690251509518932,7.924509007689926,9.023916209360143,9.023916209360143,177.2902043505945,174.33120164874762,174.33120164874762,177.2902043505945,11.244066180384792,10.973217544286022,11.244066180384792,8.874672913169613,8.874672913169613,9.073205199701668,10.385619162185542,5.227534880823083,174.97690946416404,11.262246043410894,13.233585539213276,12.378130408049117,-0.4060554504394531,19.053178935161473,0
camera2_clip_20260531_161804_1160,123,27.117986508673415,54.95057465016213,54.95057465016213,8.750985923108129,7.663423124517947,8.750985923108129,67.07076544611333,99.3962534663847,171.56870166181903,142.3694175333642,42.09418874591774,37.907379368343555,19.637318891248515,19.279669716051224,42.09418874591774,37.907379368343555,-39.79914474487305,-33.628013610839844,54.95057465016213,7.663423124517947,142.3694175333642,37.907379368343555,18.97826095941974,173.22743195311864,176.76293321956217,3.535501266443532,-87.8041656619412,0.5225838138451593,4.379468428982149,11.007127121074642,11.007127121074642,246.07410049438477,66.92799282073975,3.896152926586722,173.22743195311864,176.76293321956217,12.874800741080016,6.142886198426808,12.874800741080016,18.336090152802516,12.951613801842663,18.336090152802516,176.8887800079481,174.56166292766883,174.56166292766883,176.8887800079481,2.2560210448705686,1.7957280025227709,2.2560210448705686,3.435820165660481,3.435820165660481,4.256975457477893,6.206943248042616,5.34357875382004,175.75043959091764,6.487619912343038,12.1198821235413,12.60305435481264,-0.9815864562988281,14.018892141505313,0
camera2_clip_20260531_161804_1160,124,15.552304252481814,47.26192458334456,47.26192458334456,4.307252496197727,3.641996139024653,4.307252496197727,67.84765458956511,98.95695797710333,171.40426961680046,146.80722683558986,42.6427814049882,38.71984692027685,19.911423227026884,19.141382503220623,42.6427814049882,38.71984692027685,-40.52094650268555,-35.18879699707031,47.26192458334456,3.641996139024653,146.80722683558986,38.71984692027685,16.30154442390766,173.593668749933,176.79802442442207,3.2043556744890793,-88.01274434064543,0.3662367968143485,11.5278195339955,15.517969538401715,15.517969538401715,246.07353591918945,66.55787754058838,11.103471322609366,173.593668749933,176.79802442442207,13.538051551393584,11.148691541792035,13.538051551393584,19.475970490785006,18.32644420022715,19.475970490785006,176.80975370465083,174.89411692741933,174.89411692741933,176.80975370465083,10.456783369624365,9.272895007346374,10.456783369624365,7.064127650912499,7.064127650912499,7.8235096677633855,8.805157569905052,5.397229991662867,176.09580027702722,11.33397885641344,12.887706882602869,12.67396083738697,-0.7108001708984375,15.002341892051206,0
camera2_clip_20260531_161804_1160,125,9.283710182575035,37.84931081197915,37.84931081197915,6.923111477408901,8.446856565989872,8.446856565989872,67.91690667716483,98.25088387349629,170.36288988508107,149.97245268568534,43.22977473515332,39.02939016059297,20.285665422784163,18.979727838213872,43.22977473515332,39.02939016059297,-41.21134567260742,-36.10127258300781,37.84931081197915,8.446856565989872,149.97245268568534,39.02939016059297,15.042473701460802,173.77882247816152,177.16329254750198,3.384470069340466,-87.99993447991768,0.18515372822852783,13.031411865484639,14.720441305327212,14.720441305327212,246.0317611694336,66.01505947113037,16.33269505080392,173.77882247816152,177.16329254750198,10.933180409465479,15.56454797662116,15.56454797662116,16.243102427718686,18.302134708204722,18.302134708204722,176.90679450557084,174.87176085374873,174.87176085374873,176.90679450557084,18.271234300743156,20.703227608017094,20.703227608017094,11.258265210873436,11.258265210873436,11.52453655005637,10.607968807607035,5.343936354251075,175.92312228136572,13.512108042919458,10.619473794396068,12.495110010924163,-0.3514518737792969,15.856022469961259,0
camera2_clip_20260531_161804_1160,126,10.411608851396576,38.7099703322609,38.7099703322609,8.664749768794524,18.42848665886315,18.42848665886315,67.86499933917725,97.41832073016971,168.87696604894077,153.0342407711596,43.80975607092696,39.09573133737033,20.65616876272778,18.81377332243341,43.80975607092696,39.09573133737033,-41.91416931152344,-36.73271560668945,38.7099703322609,18.42848665886315,153.0342407711596,39.09573133737033,18.159209138930695,174.21802223746838,177.67668286349186,3.4586606260234873,-88.00636304667024,0.4391997593068595,14.1949576875204,18.54548153474862,18.54548153474862,245.98411560058594,65.39605045318604,18.62519900764835,174.21802223746838,177.67668286349186,10.906972100627096,17.269441144583485,17.269441144583485,15.886312704809981,22.712372160445266,22.712372160445266,177.05759753741694,175.14947377306157,175.14947377306157,177.05759753741694,19.85517130028466,23.299510577350066,23.299510577350066,15.712131156057916,15.712131156057916,15.32491174187852,14.931565750339,5.321924616039361,175.83151762003362,15.267219258656494,13.90355575053643,12.391150068731566,-0.13281631469726562,18.240419568473722,0
camera2_clip_20260531_161804_1160,127,25.361468596027187,30.33453836462706,30.33453836462706,6.60604940420759,23.861319165269293,23.861319165269293,68.59784771924221,97.46899624012464,168.18957618509845,157.6523548552649,44.500438170719335,39.018688554484214,21.056173450365712,18.360286458998118,44.500438170719335,39.018688554484214,-42.80967330932617,-37.15591812133789,30.33453836462706,23.861319165269293,157.6523548552649,39.018688554484214,20.14618919711404,175.1394694824462,177.89673276600973,2.757263283563532,-88.25964788506927,0.921447244977827,10.790561398446881,23.92319825410622,23.92319825410622,245.8134307861328,64.98357200622559,13.391960184477163,175.1394694824462,177.89673276600973,16.128292872214082,13.707605256563436,16.128292872214082,22.917065365214818,25.504314891953104,25.504314891953104,177.6064835679337,176.11257758524067,176.11257758524067,177.6064835679337,9.33067720280699,11.749384701628074,11.749384701628074,16.709815255674297,16.709815255674297,17.636736240786217,17.414249684693466,5.315909560869565,175.76454067952946,18.468299931430565,18.06012327012226,12.376380016227522,-0.16492080688476562,18.351206289422063,0
camera2_clip_20260531_161804_1160,128,26.530003239872848,18.13367251749642,26.530003239872848,25.132611038499384,31.33685123537817,31.33685123537817,68.843625459996,98.01191191419517,167.54575395179435,163.256962041831,44.33577688919082,39.48851458693295,21.190395081436357,18.478030963619435,44.33577688919082,39.48851458693295,-42.776611328125,-38.00422286987305,18.13367251749642,31.33685123537817,163.256962041831,39.48851458693295,24.112461717919146,175.55439218984407,177.87237732647222,2.3179851366281525,-88.53879990319292,0.41492270739786363,16.825212574418682,26.716419701849354,26.716419701849354,245.5208282470703,64.41215419769287,19.2593120852417,175.55439218984407,177.87237732647222,14.421539375457177,16.385245874347632,16.385245874347632,17.47903036081504,19.282749684043857,19.282749684043857,178.2485306982279,176.99898770037336,176.99898770037336,178.2485306982279,17.13206604814756,18.619176238625524,18.619176238625524,19.45416204773249,19.45416204773249,18.955678762492212,18.525099816237105,5.2760769979212725,175.68967537565507,17.61326924473114,16.93122967259614,12.338421147601892,0.176300048828125,20.666214824079308,0
camera2_clip_20260531_161804_1160,129,35.1740120371379,11.63357035798894,35.1740120371379,10.624807679326011,29.099395417471154,29.099395417471154,68.90760725722447,98.15785563328211,165.47477150558979,167.4043788097614,44.86615109919503,40.00683953072733,21.698389605013826,18.81814259805536,44.86615109919503,40.00683953072733,-43.509559631347656,-38.81081008911133,11.63357035798894,29.099395417471154,167.4043788097614,40.00683953072733,21.14868519130528,176.40980413310828,178.18193430172056,1.7721301686122786,-88.9176354676792,0.8554119432642153,12.780046475790408,27.580279180117266,27.580279180117266,245.1119270324707,64.05461406707764,16.295141406911913,176.40980413310828,178.18193430172056,14.573444620738371,19.050235969574782,19.050235969574782,11.778451846075976,20.499569646403977,20.499569646403977,177.79926886598616,177.05979840925096,177.05979840925096,177.79926886598616,10.97156017515947,14.802342824605693,14.802342824605693,17.306405500608776,17.306405500608776,16.708986945308588,16.762518968298806,5.23827397048462,175.95178662160458,16.528874922136545,18.93505941555638,12.347552499800331,-0.39694976806640625,18.213976352532494,0
camera2_clip_20260531_161804_1160,130,32.443067326126,10.948626910715005,32.443067326126,20.191154038583193,32.79280696064261,32.79280696064261,69.64592893339791,98.69678726896387,165.22012366780925,172.15355980487735,45.4816411505868,40.5253046474869,22.23312563562729,19.209423811730673,45.4816411505868,40.5253046474869,-44.28171920776367,-39.5788688659668,10.948626910715005,32.79280696064261,172.15355980487735,40.5253046474869,23.18911591086719,176.9834124385443,178.36513994548724,1.3817275069429513,-89.15078076578801,0.5736083054360108,15.719539307135332,27.039500922001018,27.039500922001018,244.62742614746094,63.68894386291504,18.210168181782556,176.9834124385443,178.36513994548724,18.365310110991604,22.874760136888142,22.874760136888142,19.11770398239664,27.97359291803928,27.97359291803928,177.63950389806482,177.13269542616734,177.13269542616734,177.63950389806482,13.254923340048228,16.897593128434867,16.897593128434867,17.175930630373976,17.175930630373976,18.371693370973198,17.24873471144634,5.2061749011730445,175.70791615606535,19.843886865162762,18.225417020098952,12.316804521808809,-0.3521614074707031,21.46821492350016,0
camera2_clip_20260531_161804_1160,131,48.156297659943206,8.313599597619145,48.156297659943206,30.371605028973015,32.78262725917469,32.78262725917469,70.46075648862033,99.4820592690441,164.99124131616284,176.51499792588785,44.753376421621326,41.16183217871103,21.793604903348403,19.682123318014693,44.753376421621326,41.16183217871103,-43.72701644897461,-40.385196685791016,8.313599597619145,32.78262725917469,176.51499792588785,41.16183217871103,27.2531300918732,177.26869005922217,178.42459518248765,1.1559051232654838,-89.18445130297579,0.2852776206778742,18.123460742958926,25.77119026257024,25.77119026257024,244.10588836669922,63.186397552490234,21.727839418476435,177.26869005922217,178.42459518248765,26.84887771061936,23.727622572324115,26.84887771061936,23.187176432401976,24.67960303888513,24.67960303888513,177.17072158178033,177.1868492881513,177.1868492881513,177.17072158178033,20.795166017869875,22.383370351564682,22.383370351564682,17.047194327589146,17.047194327589146,17.78328168963386,16.922651628058027,5.191879023302638,175.4337580805737,18.602019458215388,17.721071729977513,12.354140219174562,0.3698272705078125,25.42838305624203,0
camera2_clip_20260531_161804_1160,132,44.478759368053495,7.279073972109683,44.478759368053495,29.02810561088784,30.593211700680193,30.593211700680193,70.53153885906133,99.8727795702565,163.73043135102782,179.886872233534,44.18410150418456,41.39223158915055,21.543574221771543,19.90860516526918,44.18410150418456,41.39223158915055,-43.27897262573242,-40.772491455078125,7.279073972109683,30.593211700680193,179.886872233534,41.39223158915055,26.569464605428873,177.41321244667438,178.5218646006189,1.1086521539445187,-89.34479047654757,0.1445223874522128,21.503102731894145,26.534534248947864,26.534534248947864,243.59386825561523,62.67599391937256,21.688909990332867,177.41321244667438,178.5218646006189,20.346781096246918,23.060802193739946,23.060802193739946,19.58734916293235,25.540283662746187,25.540283662746187,176.51298920260317,176.9997398824903,176.9997398824903,176.51298920260317,17.778505931624924,21.14214341298185,21.14214341298185,16.54176997254847,16.54176997254847,16.800743909336237,17.01611253882846,5.180836916106114,175.58102506496488,20.29416600968147,20.152798684684846,12.316373643707218,0.5845298767089844,23.90605442440378,0
camera2_clip_20260531_161804_1160,133,28.1067854975945,8.297563480345364,28.1067854975945,23.44696369912278,30.869531414883255,30.869531414883255,71.14924645626655,100.12828864140843,163.74487982970086,177.8795505460839,44.32518308177744,41.81859689543931,21.60570880678271,20.272455865569114,44.32518308177744,41.81859689543931,-43.50950241088867,-41.292198181152344,8.297563480345364,30.869531414883255,177.8795505460839,41.81859689543931,23.85559008835374,177.8403498338852,178.85427276651072,1.013922932625519,-89.39210486646417,0.42713738721081995,22.526784810746815,29.88591162742975,29.88591162742975,243.09207153320312,62.01524257659912,24.89082278351587,177.8403498338852,178.85427276651072,22.692150429896383,30.557254114363232,30.557254114363232,24.01010035360478,30.76323560312798,30.76323560312798,176.01399399215097,176.4047732627334,176.4047732627334,176.01399399215097,21.331818098037544,25.926978799349513,25.926978799349513,20.17750716268741,20.17750716268741,20.925210498874954,21.003401078554997,5.188143472168298,175.5779227046068,24.386232771699994,24.86245481201231,12.33360170895644,0.32550048828125,24.86792316070849,0
camera2_clip_20260531_161804_1160,134,42.320935089383056,20.515335227430818,42.320935089383056,37.24756452263213,31.485132896474735,37.24756452263213,71.61454795364692,100.4770836326701,164.60264823703002,175.55999818980854,43.90456514056976,41.8471540917325,21.352360962092167,20.280132639457587,43.90456514056976,41.8471540917325,-43.102840423583984,-41.40598678588867,20.515335227430818,31.485132896474735,175.55999818980854,41.8471540917325,31.791463673709206,177.5907776476389,178.70154735643385,1.1107697087949475,-89.22379819732042,-0.24957218624629718,29.795716174546147,29.384098131788335,29.795716174546147,242.5271873474121,61.215646743774414,29.370101724452265,177.5907776476389,178.70154735643385,25.533499666480193,28.74503606766108,28.74503606766108,33.77435344477176,31.49054250678499,33.77435344477176,176.47661092229944,176.5903773186899,176.5903773186899,176.47661092229944,27.280808876014625,32.216536684136834,32.216536684136834,24.668697998045587,24.668697998045587,25.751688406799374,25.80843202086708,5.274642794443821,175.39273886269032,27.39543984860911,27.368017813579346,12.493055500501347,0.994110107421875,30.81579660734206,0
camera2_clip_20260531_161804_1160,135,80.66900559066448,19.236728992415326,80.66900559066448,44.95570184773919,30.139942902019076,44.95570184773919,71.54706405407521,100.1937246153414,164.28902053132856,174.20309729633317,42.034618436397615,41.86511178398025,20.121814993556978,20.274932367922176,42.034618436397615,41.86511178398025,-41.26161193847656,-41.517364501953125,19.236728992415326,30.139942902019076,174.20309729633317,41.86511178398025,39.16122360232368,177.66912020584198,178.70843977254202,1.039319566700044,-89.25180685702713,0.0783425582030759,26.373058087010698,33.592904194093315,33.592904194093315,241.85674667358398,60.393760681152344,31.819626920345378,177.66912020584198,178.70843977254202,22.164086346383186,29.20345764515803,29.20345764515803,31.752737190036168,27.19970743014797,31.752737190036168,177.23421442118598,176.83133616662917,176.83133616662917,177.23421442118598,31.91149694074076,36.44656998586199,36.44656998586199,27.134649899686423,27.134649899686423,26.24457742280845,28.404445103247944,5.375158436331073,175.9830610732964,24.306423069976567,31.191793311651985,12.764901571725721,1.5851058959960938,34.47044976268918,0
camera2_clip_20260531_161804_1160,136,17.056422641435635,23.08314578813297,23.08314578813297,23.09463804284331,29.216986067245017,29.216986067245017,71.81490057817206,99.5582335986101,164.77155539277845,174.0127092896613,42.5479718348673,41.97662844265893,20.381749401619263,20.27306873004781,42.5479718348673,41.97662844265893,-41.772377014160156,-41.69245910644531,23.08314578813297,29.216986067245017,174.0127092896613,41.97662844265893,26.23899558804436,177.97939821327407,178.80993358880943,0.8305353755353622,-89.40581720622473,0.310278007432089,27.780814172045034,37.20196681656422,37.20196681656422,241.15390396118164,59.67283058166504,30.20521938426326,177.97939821327407,178.80993358880943,20.58528519656498,30.138427405644862,30.138427405644862,37.59079464344507,29.583892793932964,37.59079464344507,178.5318832389618,176.905416645964,176.905416645964,178.5318832389618,25.4847642880996,30.749568341359414,30.749568341359414,30.283284334273482,30.283284334273482,30.37318780593269,32.20030884573425,5.434892369746996,176.4717698556211,31.56359265910101,36.526264170080545,12.89354927576911,0.42021942138671875,27.630558849776094,0
camera2_clip_20260531_161804_1160,137,14.892820576937702,20.54305747849645,20.54305747849645,29.70291001383684,28.556372648585477,29.70291001383684,72.93533878366411,99.28811937444128,166.85047553204058,173.74213071912243,43.43163062849703,42.54986390748322,20.96621146953387,20.547609342070732,43.43163062849703,42.54986390748322,-42.66804885864258,-42.29528045654297,20.54305747849645,28.556372648585477,173.74213071912243,42.54986390748322,26.261937831645707,177.89264632402538,178.5813225836613,0.688676259635912,-89.55763509221487,-0.08675188924868849,28.65832292578068,35.2181433462371,35.2181433462371,240.51211166381836,58.92119121551514,29.6508546374461,177.89264632402538,178.5813225836613,24.822601315657998,29.545488661738652,29.545488661738652,42.177959090950466,24.41826056674246,42.177959090950466,179.8716484686384,176.80575565191043,176.80575565191043,179.8716484686384,25.96924591783833,30.15892588469376,30.15892588469376,34.67383252025242,34.67383252025242,34.65257804732036,35.580884663414395,5.523515289220481,176.48727905311134,31.906617759378243,34.94248946067567,13.10304508972159,0.03444671630859375,27.888675702291327,0
camera2_clip_20260531_161804_1160,138,23.89189979399538,22.943906945453545,23.89189979399538,26.103887120095557,28.800046730732642,28.800046730732642,74.01241292665921,99.00135084230739,168.12957022030457,173.49312293666293,44.29918989430976,42.854190055302915,21.40128759099419,20.591621347415423,44.29918989430976,42.854190055302915,-43.58746337890625,-42.62872314453125,22.943906945453545,28.800046730732642,173.49312293666293,42.854190055302915,27.000658336046158,177.94263298892008,178.39803678716555,0.45540379824547017,-89.79677637507521,0.04998666489470338,25.60016592812899,34.66404349787082,34.66404349787082,239.85760498046875,58.31231689453125,26.817834431076,177.94263298892008,178.39803678716555,23.439259955890858,27.09487230164089,27.09487230164089,43.23717747814435,26.599197564840136,43.23717747814435,178.3764216004235,176.83626406495955,176.83626406495955,178.3764216004235,21.39333967666069,26.87424709106559,26.87424709106559,32.97387252259059,32.97387252259059,32.524028600912274,34.440414153024804,5.605929100699111,176.82997333492412,29.649315890617576,34.771387665452394,13.308413086925416,0.028179168701171875,27.553503673709958,0
camera2_clip_20260531_161804_1160,139,27.788298424575473,27.46824182516945,27.788298424575473,23.080805614428872,31.836279194499596,31.836279194499596,74.60955988662748,98.70728870232456,168.3755058613041,173.52496780233247,45.09717569706245,43.377761053709605,21.77276810851032,20.850085009961372,45.09717569706245,43.377761053709605,-44.438072204589844,-43.17073059082031,27.46824182516945,31.836279194499596,173.52496780233247,43.377761053709605,28.826592503373348,178.256969065584,178.4666861324622,0.20971706687819847,-90.24467179562019,0.3143360766639205,25.257328870458434,37.52860109110826,37.52860109110826,239.18211364746094,57.68358039855957,27.68462226763941,178.256969065584,178.4666861324622,23.31164055599558,28.088339020689556,28.088339020689556,39.97154011893885,30.31483042130542,39.97154011893885,177.16243301018255,177.09168575599935,177.09168575599935,177.16243301018255,23.474418620397696,26.105997315998863,26.105997315998863,30.72702041419917,30.72702041419917,30.92233979296774,31.803869008792187,5.603949169303306,177.19376571009997,31.52367775252484,34.80856675075453,13.356231601376669,-0.0987396240234375,28.685526756130503,0
camera2_clip_20260531_161804_1160,140,32.121930690208885,32.25346438201566,32.25346438201566,20.084161540404452,39.76306872317012,39.76306872317012,75.26115431658269,99.3632869264685,168.4646122362138,172.29324080715503,46.334323601822135,43.77682691982643,22.432005982925453,21.013416759123558,46.334323601822135,43.77682691982643,-45.74047088623047,-43.56245422363281,32.25346438201566,39.76306872317012,172.29324080715503,43.77682691982643,30.844221564013285,178.4502142339063,178.48454789976128,0.034333665854973106,-90.40272435665366,0.19324516832230643,25.612478348378918,35.230225699901695,35.230225699901695,238.5013885498047,57.064748764038086,27.59900950065561,178.4502142339063,178.48454789976128,26.388615928964978,27.71746549948342,27.71746549948342,33.43775109650517,30.317095467791916,33.43775109650517,176.7858131541839,177.22409518449172,177.22409518449172,176.7858131541839,22.599675150986467,27.458433375728305,27.458433375728305,31.539289425036902,31.539289425036902,31.724433392776138,32.40725867987626,5.64452461188077,177.23210697806795,31.10192561439064,33.70148769013822,13.477641739022786,-0.16633987426757812,29.415363825294992,0
camera2_clip_20260531_161804_1160,141,25.16701763025397,29.556349930103035,29.556349930103035,23.568058402619076,41.46211942698511,41.46211942698511,75.64355461412148,100.3072812345618,168.38297054131345,170.49742619335515,46.66964884297491,44.17176131959865,22.661371842598125,21.31225591438682,46.66964884297491,44.17176131959865,-46.12708282470703,-43.95039367675781,29.556349930103035,41.46211942698511,170.49742619335515,44.17176131959865,29.331470069761128,178.61133231870429,178.5308184746369,0.08051384406738293,-90.55881070138673,0.16111808479797673,23.742542181276548,32.492732847329016,32.492732847329016,237.88049697875977,56.42860794067383,26.66764596155177,178.61133231870429,178.5308184746369,21.428125689317447,25.210385748449795,25.210385748449795,23.902501643361155,30.874428376904618,30.874428376904618,176.78217113655924,177.50556947947643,177.50556947947643,176.78217113655924,23.189007662042627,27.961112227834725,27.961112227834725,27.59569598506482,27.59569598506482,27.231179111467767,28.532122252885788,5.7197372246945,177.35054029416656,25.254521604899587,29.874944704356547,13.701793337870733,0.24634552001953125,27.379531813873097,0
camera2_clip_20260531_161804_1160,142,33.90499372506186,27.113955911844414,33.90499372506186,17.67106679424994,34.86757618048427,34.86757618048427,75.38357673120927,100.75415988075412,166.60459482010666,169.6572481969632,46.61361584701242,44.58943145035825,22.575434803579665,21.645981904057713,46.61361584701242,44.58943145035825,-46.14002990722656,-44.3647575378418,27.113955911844414,34.86757618048427,169.6572481969632,44.58943145035825,27.82810779108368,178.97283770585818,178.83197297583794,0.14086473002024036,-90.62053919923785,0.3615053871538976,22.220388324582032,31.19066581027961,31.19066581027961,237.21487426757812,55.83243274688721,26.807286505623463,178.97283770585818,178.83197297583794,21.7312831921685,25.657964507169115,25.657964507169115,22.837312845060158,33.42171957057929,33.42171957057929,176.8869772557845,177.9551453990043,177.9551453990043,176.8869772557845,24.731589139442942,29.238617799000693,29.238617799000693,19.817420640998304,19.817420640998304,20.10933651778034,21.333641498589042,5.743408933818674,177.68556291823813,23.282478736939783,28.11556687855529,13.838274434602699,0.347991943359375,27.048927816660235,0
camera2_clip_20260531_161804_1160,143,55.13339740678903,29.05612961780732,55.13339740678903,29.013072108949636,39.964350406237145,39.964350406237145,74.96883439316156,101.6087055660442,164.88422058832896,168.08525939871484,45.5644117408736,44.77153958507219,21.853047358782444,21.888488199488915,45.5644117408736,44.77153958507219,-45.137807846069336,-44.541099548339844,29.05612961780732,39.964350406237145,168.08525939871484,44.77153958507219,34.57643089164558,179.31070202572553,179.1535589953775,0.15714303034803834,-90.50677464548886,0.3378643198673501,23.229683704826297,31.061952105264034,31.061952105264034,236.5706558227539,55.1675763130188,27.773122512190753,179.31070202572553,179.1535589953775,21.306427267939263,24.43145855829611,24.43145855829611,18.658089856139682,28.138534448388288,28.138534448388288,177.1275103631559,178.44881184309364,178.44881184309364,177.1275103631559,26.44239740466486,30.526071367957226,30.526071367957226,22.67775212103382,22.67775212103382,22.68031241395963,23.77536204419951,5.7685614007726365,177.9692168820909,24.3990071449915,28.28455642147561,13.954456309472551,1.0903587341308594,29.746797021104907,0
camera2_clip_20260531_161804_1160,144,26.044382672995926,25.099675837574168,26.044382672995926,21.40254550125411,34.07046569931813,34.07046569931813,75.50432429623352,102.34810447134222,165.03317093236558,166.94735381319114,45.569776661000155,45.12273330825385,21.7885021750953,22.20270166816845,45.569776661000155,45.12273330825385,-45.18997573852539,-44.87819290161133,25.099675837574168,34.07046569931813,166.94735381319114,45.12273330825385,25.782861007321696,179.59661501410574,179.34063368584557,0.2559813282601624,-90.36668171178853,0.28591298838020407,20.292804555184862,27.787291777602977,27.787291777602977,236.05100631713867,54.57467079162598,23.651962062074826,179.59661501410574,179.34063368584557,17.13762634707345,23.5174234257665,23.5174234257665,19.782597192967366,27.07823911331629,27.07823911331629,176.90961275063395,178.61912451009783,178.61912451009783,176.90961275063395,21.049819067271184,26.23367049491928,26.23367049491928,23.22755438353246,23.22755438353246,22.9990865412212,24.315796267691855,5.835778021743913,178.15370835215396,22.194526692739675,25.85331999360721,14.150814441404412,0.4550971984863281,24.12471180710369,0
camera2_clip_20260531_161804_1160,145,17.58768152099927,17.06271788688791,17.58768152099927,18.76317759720721,21.39942216283851,21.39942216283851,75.59182583986932,102.43499974152162,165.03096602681177,166.86130954140964,45.70631707086423,45.57784299427432,21.902946809654235,22.557552259140188,45.70631707086423,45.57784299427432,-45.336050033569336,-45.3301944732666,17.06271788688791,21.39942216283851,166.86130954140964,45.57784299427432,19.273055190645227,179.78522533979606,179.5411058403711,0.24411949942495426,-90.36923027717211,0.18861032569031977,18.773577048998934,22.051754926939537,22.051754926939537,235.57839584350586,54.148197174072266,19.09754868120781,179.78522533979606,179.5411058403711,13.304116926669554,20.499484547680023,20.499484547680023,21.295299964214546,26.89602483469766,26.89602483469766,176.54063318931298,178.7996720549408,178.7996720549408,176.54063318931298,16.57693075692344,19.17831703099879,19.17831703099879,16.545275874499506,16.545275874499506,16.54220667985067,17.583993594484983,5.850643006073664,178.4641847374104,18.145157429659843,20.81831794757811,14.20950269733211,0.18907546997070312,19.449042100421284,0
camera2_clip_20260531_161804_1160,146,21.116800151727244,13.034015842344898,21.116800151727244,14.852788903160851,12.481057329889666,14.852788903160851,75.79381364414125,102.33805812318903,165.09151677526634,167.0151114720559,45.44529175104554,45.95708882536329,21.62756691245563,22.731905867040513,45.44529175104554,45.95708882536329,-45.0895881652832,-45.708927154541016,13.034015842344898,12.481057329889666,167.0151114720559,45.95708882536329,14.950689668369465,179.8655655678464,179.66691244429785,0.1986531235485529,-90.40805452111532,0.08034022805034624,13.264691982389335,14.9547838007048,14.9547838007048,235.21483993530273,53.92519760131836,12.79498093214841,179.8655655678464,179.66691244429785,9.617214984383887,17.425141188738436,17.425141188738436,14.955794762287171,17.654883455909687,17.654883455909687,176.2197018980195,178.69958414109217,178.69958414109217,176.2197018980195,10.691110964914937,12.477468733215387,12.477468733215387,11.962554842086542,11.962554842086542,12.065641066263478,12.436123825145996,5.8532216320463775,178.6170667613608,13.553134617777829,14.532705360899353,14.219485434719951,0.21145248413085938,14.377146008305525,0
camera2_clip_20260531_161804_1160,147,30.17528999030578,16.967372604822536,30.17528999030578,14.000048148797468,14.684721260286896,14.684721260286896,75.78005078441508,102.36893353270379,165.31323108133012,167.04364665882918,44.51903148428507,46.29837612359887,20.83148670652774,22.834089613709736,44.51903148428507,46.29837612359887,-44.14757537841797,-46.043033599853516,16.967372604822536,14.684721260286896,167.04364665882918,46.29837612359887,16.494221455903944,179.83015426444226,179.7724723265075,0.05768193793474552,-90.35436190518466,-0.03541130340414611,12.330944788471788,10.806951942739202,12.330944788471788,234.8076400756836,53.94751262664795,12.234325376839429,179.83015426444226,179.7724723265075,11.485033976584774,14.875544263728745,14.875544263728745,6.339992564415036,14.817199015635524,14.817199015635524,176.4359838485558,178.55841109167946,178.55841109167946,176.4359838485558,12.968152802690891,12.88742369692171,12.968152802690891,16.334967781483332,16.334967781483332,15.068799301101485,15.934023574955578,5.881262481175137,178.7250697620345,12.221607812883832,13.399856915325133,14.257403894696902,0.2983551025390625,14.361556254616696,0
camera2_clip_20260531_161804_1160,148,25.414764608940555,22.22478807549664,25.414764608940555,8.897230411410707,12.66368213182734,12.66368213182734,75.62239836644902,101.97106682502529,165.0132125054175,168.13148009911836,45.28936675294371,46.68288536151037,21.451373462453876,23.001822119382318,45.28936675294371,46.68288536151037,-44.91803169250488,-46.41378974914551,22.22478807549664,12.66368213182734,168.13148009911836,46.68288536151037,15.47361895481829,179.67513713944282,179.72336106742156,0.04822392797873931,-90.3835883166965,-0.1550171249994321,10.454054260932669,13.187194240301833,13.187194240301833,234.42934799194336,53.81960964202881,11.979885921222763,179.67513713944282,179.72336106742156,6.350166096038011,11.994204030314258,11.994204030314258,9.09848128552197,16.89593517804118,16.89593517804118,176.13499391200173,178.84164325024798,178.84164325024798,176.13499391200173,13.573212913083925,15.450413657106076,15.450413657106076,12.327802413062297,12.327802413062297,11.992317783072826,12.5585393821129,5.903175377129314,178.77442905776124,12.172357434303034,14.808078848820905,14.353592253002091,-0.6270713806152344,13.85034390741793,0
camera2_clip_20260531_161804_1160,149,13.550298709498053,22.739948215661634,22.739948215661634,9.527974759299,14.429803365776689,14.429803365776689,75.14338267978543,101.76410099595394,164.14379861159856,168.94441071390196,45.135235975465434,46.91842208518,21.488076077020843,23.135817340877146,45.135235975465434,46.91842208518,-44.761077880859375,-46.63163948059082,22.739948215661634,14.429803365776689,168.94441071390196,46.91842208518,14.874799846614204,179.42883253995225,179.63894063450243,0.2101080945501792,-90.36128947887367,-0.24630459949057126,13.966973096779803,15.033800932670069,15.033800932670069,233.95905685424805,53.76022481918335,14.220769326630123,179.42883253995225,179.63894063450243,13.712315184507014,11.184489499446896,13.712315184507014,11.601308373716849,14.475389557428771,14.475389557428771,176.28829285506353,179.18282155405132,179.18282155405132,176.28829285506353,16.167673240200866,16.56841188398098,16.56841188398098,17.853759673653542,17.853759673653542,17.233982773240307,18.125801613362462,5.939267243746738,178.81092870459784,16.051771932251036,19.294656909483894,14.476897482777998,-0.16949462890625,14.41319890158055,0
camera2_clip_20260531_161804_1160,150,16.05803457405656,20.045314706756503,20.045314706756503,11.858897813047387,12.067786812270928,12.067786812270928,75.00700347948872,101.77460144074662,163.68124396550635,169.59069950613986,45.353218881927276,46.94350539026879,21.562447044868932,23.167328480384512,45.353218881927276,46.94350539026879,-44.983991622924805,-46.6268310546875,20.045314706756503,12.067786812270928,169.59069950613986,46.94350539026879,14.076020427190876,179.43757124160197,179.54142320080194,0.10385195919997159,-90.2527649273616,0.008738701649718905,12.049792205955942,12.376296451057941,12.376296451057941,233.52731323242188,53.688217639923096,13.13121586020651,179.43757124160197,179.54142320080194,11.021619582696767,6.851825376400392,11.021619582696767,5.542653653501765,12.376832360377817,12.376832360377817,176.40313712256156,179.63118652612124,179.63118652612124,176.40313712256156,16.26059748641658,16.55469717514041,16.55469717514041,17.799694640838588,17.799694640838588,16.894372755491485,17.727709445281743,5.9725394945867345,178.84629613577334,13.89974819569328,16.496211336279497,14.578561031493864,-0.23376083374023438,12.755362349806582,0
camera2_clip_20260531_161804_1160,151,7.962659903130049,15.973947653950464,15.973947653950464,2.5909708538782636,7.315026144414657,7.315026144414657,74.5405864619036,101.68055068159478,162.5700714294205,170.40605963898045,45.48839116459489,47.09164897399114,21.712310000978295,23.320986367346404,45.48839116459489,47.09164897399114,-45.125770568847656,-46.74600601196289,15.973947653950464,7.315026144414657,170.40605963898045,47.09164897399114,8.207777857619554,179.36559101044136,179.47249357444585,0.10690256400448561,-90.18220334896742,-0.07198023116060881,6.960469599938876,8.443592990405014,8.443592990405014,233.25245666503906,53.434428215026855,11.223176214439663,179.36559101044136,179.47249357444585,9.432430468644036,6.025403739939657,9.432430468644036,4.371800285028809,6.4400453178056765,6.4400453178056765,176.550743134341,179.95687331499386,179.95687331499386,176.550743134341,15.829788960959519,16.242801743213484,16.242801743213484,10.264174009465508,10.264174009465508,9.614885692647658,10.061880403491044,5.993572030655974,178.97595020745135,7.543033997342035,10.014837703289956,14.671192476969962,-0.062114715576171875,8.965744805109045,0
camera2_clip_20260531_161804_1160,152,12.310698354492443,36.833626947343085,36.833626947343085,27.813541115673242,33.9990683220021,33.9990683220021,74.29436115656775,101.99034630876459,161.46771475515297,170.39772984255413,45.90054467380333,46.59458201755809,22.16122922591732,23.202901883356873,45.90054467380333,46.59458201755809,-45.5701789855957,-46.22456359863281,36.833626947343085,33.9990683220021,170.39772984255413,46.59458201755809,26.62711362868229,179.63422944774976,179.57322094904032,0.06100849870944103,-90.14458514009857,0.26863843730839676,25.442068319549154,23.36367871303372,25.442068319549154,233.7292594909668,52.659234046936035,27.302751505099685,179.63422944774976,179.57322094904032,24.114281968727546,23.545419066925774,24.114281968727546,14.212522909172229,15.444468289018356,15.444468289018356,176.2197394074864,179.60932765068435,179.60932765068435,176.2197394074864,31.394427933688466,30.383569712098115,31.394427933688466,20.261785286851268,20.261785286851268,19.81317090386501,20.856779685798312,5.9889248058271685,179.41904374275677,20.586984801270766,21.598085343015505,14.716350252138255,0.6708564758300781,24.904780970977015,0
camera2_clip_20260531_161804_1160,153,76.43442190741234,63.436538502627926,76.43442190741234,67.49622019290312,67.90599536614216,67.90599536614216,74.38568140360597,102.4488952931936,161.72175406153022,170.04231976204775,45.319660451327884,46.65514944577388,21.754768017788127,23.407276992308297,45.319660451327884,46.65514944577388,-44.98614311218262,-46.258989334106445,63.436538502627926,67.90599536614216,170.04231976204775,46.65514944577388,68.65055225854947,179.82419561148603,179.66510863409533,0.1590869773907002,-90.17333140027603,0.18996616373627262,67.26028556017785,69.36985202203333,69.36985202203333,235.76900100708008,51.88325500488281,65.47075708769336,179.82419561148603,179.66510863409533,61.657924652875494,59.111377750006355,61.657924652875494,62.16559837864443,59.35150726251328,62.16559837864443,176.38348410315757,179.941899507739,179.941899507739,176.38348410315757,62.31483913029357,64.62595778454558,64.62595778454558,65.31604184762323,65.31604184762323,65.59146796894706,66.4240095905622,5.977777229787524,179.79091346120015,67.88676681182349,71.8884805024769,14.604502624197362,1.3106193542480469,65.09420987584794,0
camera2_clip_20260531_161804_1160,154,146.9601090797649,144.08164181759435,146.9601090797649,151.87534446633782,148.89256527592596,151.87534446633782,74.60183243179796,102.77479791890427,161.40040274790357,169.69123128437133,45.349839629897005,46.75805621958385,21.797013725876628,23.625265093960923,45.349839629897005,46.75805621958385,-45.05112648010254,-46.348703384399414,144.08164181759435,148.89256527592596,169.69123128437133,46.75805621958385,149.0690460696197,179.58466698671967,179.68559780417712,0.1009308174574528,-90.06722694804388,-0.23952862476636483,154.3701813008604,148.23443447723474,154.3701813008604,239.22206115722656,48.65649127960205,141.7817537110671,179.58466698671967,179.68559780417712,131.6234935447653,127.99888400224046,131.6234935447653,133.14047846916802,131.31900134103094,133.14047846916802,176.32836520900685,179.63850677822649,179.63850677822649,176.32836520900685,133.56021753995097,131.9076214654756,133.56021753995097,121.99155576912412,121.99155576912412,110.00678211370094,123.21075958699744,5.479110769048381,-179.9921614598709,115.60955155209221,145.39905762410856,13.404773583666584,3.559101104736328,140.33033106502913,0
camera2_clip_20260531_161804_1160,155,329.5884160351229,313.48678581830217,329.5884160351229,324.9435600562016,301.25686811812966,324.9435600562016,70.71664336789611,103.48340955550921,158.0554332491836,169.0282932663825,41.80239223914871,43.509618012499814,21.71452318496587,23.172942988504985,41.80239223914871,43.509618012499814,-41.38641548156738,-43.120792388916016,313.48678581830217,301.25686811812966,169.0282932663825,43.509618012499814,286.062316007896,179.57523711132984,179.52012171553116,0.055115395798679856,-90.62580117234026,-0.009429875389827203,223.64595331648383,223.45231270313565,223.64595331648383,243.54003524780273,41.09366464614868,261.2606404361416,179.57523711132984,179.52012171553116,297.65478339274523,301.72094202141284,301.72094202141284,299.84723025719506,306.017810618168,306.017810618168,176.6372726908538,179.7740937654037,179.7740937654037,176.6372726908538,300.761291273636,298.8380268879365,300.761291273636,139.97408765768597,139.97408765768597,124.41057495988201,140.79353767629573,4.875594461640245,-179.7993860202802,132.90471756532366,155.9303632334339,12.515449475219603,9.663276672363281,293.4344983748724,0
camera2_clip_20260531_161804_1160,156,478.86484641404263,489.6482936511705,489.6482936511705,350.2700646883749,360.70640825101725,360.70640825101725,65.57983894110627,106.58777351102498,154.5646513056059,167.2918153136488,33.0052567092825,34.19785626555495,17.374452283347495,18.474536794431852,33.0052567092825,34.19785626555495,-32.359429359436035,-33.70263862609863,489.6482936511705,360.70640825101725,167.2918153136488,34.19785626555495,357.5315084845536,179.68314837481157,179.73127495677596,0.048126581964396564,-91.31249379238307,0.10791126348172497,228.32080702805035,237.37863087466644,237.37863087466644,248.52024841308594,30.639355897903442,347.3983090312435,179.68314837481157,179.73127495677596,516.9649627916806,524.0608905434171,524.0608905434171,529.0613682323825,536.6234702417628,536.6234702417628,176.80642255030384,179.72917512562708,179.72917512562708,176.80642255030384,468.9369882642343,472.6411266233005,472.6411266233005,159.62370670796125,159.62370670796125,145.62806288326203,157.9659290190283,4.437675566964608,-179.61675519103048,151.22191966773346,169.54178381915497,11.840173139521621,15.304119110107422,432.7898214670084,0
camera2_clip_20260531_161804_1160,157,221.1769419497109,211.1829258240783,221.1769419497109,191.08261718566885,186.17646949676038,191.08261718566885,62.27898380989359,107.82320262261649,152.4643695891814,166.73089255255732,30.287115498163217,31.552519395094258,16.430288488870097,17.463370674467576,30.287115498163217,31.552519395094258,-29.487293243408203,-31.02166748046875,211.1829258240783,186.17646949676038,166.73089255255732,31.552519395094258,182.2222479837362,179.4793021283388,179.60925692674527,0.12995479840648727,-91.73161768133447,-0.2038462464727786,141.0570438826573,142.65748956354128,142.65748956354128,251.56499862670898,25.632471084594727,175.79948651059576,179.4793021283388,179.60925692674527,226.04560024546035,226.53429460555745,226.53429460555745,234.53756842121135,232.71680095905495,234.53756842121135,176.96707664101376,179.67057452245038,179.67057452245038,176.96707664101376,211.72521676059637,211.80444162965384,211.80444162965384,98.46792450535438,98.46792450535438,88.69347717166194,98.64513798002932,4.073938251839762,-179.70174924497124,92.42635176254836,109.32847350227405,11.178578457515963,6.4643402099609375,203.05811754366263,0
camera2_clip_20260531_161804_1160,158,314.9237878875224,326.4110635018157,326.4110635018157,267.04753155432945,262.5991638019708,267.04753155432945,54.506727007551746,110.60177436291794,145.51821812444942,165.29986654848685,25.854038281974123,26.39243471253781,14.829251307088784,15.209812971417643,25.854038281974123,26.39243471253781,-24.783682346343994,-25.79710054397583,326.4110635018157,262.5991638019708,165.29986654848685,26.39243471253781,254.18781958266788,179.26276943400242,179.52224435841,0.25947492440758424,-92.44611914063687,-0.21653269433636524,177.41238249635973,176.73298825400937,177.41238249635973,254.15616989135742,17.717836141586304,249.8400554823961,179.26276943400242,179.52224435841,336.3355984335929,343.19909137328165,343.19909137328165,338.9964803410824,351.57801182172676,351.57801182172676,177.2778537442023,179.67638603360672,179.67638603360672,177.2778537442023,324.96472195341175,324.3005300617461,324.96472195341175,87.98198036620136,87.98198036620136,70.17933484524872,86.23710492426395,3.4663238525390625,180.0,79.34652213381402,101.60170985690525,10.206985473632812,10.309707641601562,295.3751126234041,0
camera2_clip_20260531_161804_1160,159,0.0,0.0,0.0,0.0,0.0,0.0,0.0,0.0,0.0,0.0,0.0,0.0,0.0,0.0,0.0,0.0,nan,nan,0.0,0.0,0.0,0.0,0.0,0.0,0.0,0.0,0.0,-179.26276943400242,0.0,0.0,0.0,0.0,0.0,0.0,0.0,0.0,0.0,0.0,0.0,0.0,0.0,0.0,0.0,0.0,0.0,0.0,0.0,0.0,0.0,0.0,0.0,0.0,0.0,0.0,0.0,0.0,0.0,0.0,nan,0.0,0
camera2_clip_20260531_161804_1160,160,0.0,0.0,0.0,0.0,0.0,0.0,0.0,0.0,0.0,0.0,0.0,0.0,0.0,0.0,0.0,0.0,nan,nan,0.0,0.0,0.0,0.0,0.0,0.0,0.0,0.0,0.0,0.0,0.0,0.0,0.0,0.0,0.0,0.0,0.0,0.0,0.0,0.0,0.0,0.0,0.0,0.0,0.0,0.0,0.0,0.0,0.0,0.0,0.0,0.0,0.0,0.0,0.0,0.0,0.0,0.0,0.0,0.0,nan,0.0,0
camera2_clip_20260531_161804_1160,161,0.0,0.0,0.0,0.0,0.0,0.0,0.0,0.0,0.0,0.0,0.0,0.0,0.0,0.0,0.0,0.0,nan,nan,0.0,0.0,0.0,0.0,0.0,0.0,0.0,0.0,0.0,0.0,0.0,0.0,0.0,0.0,0.0,0.0,0.0,0.0,0.0,0.0,0.0,0.0,0.0,0.0,0.0,0.0,0.0,0.0,0.0,0.0,0.0,0.0,0.0,0.0,0.0,0.0,0.0,0.0,0.0,0.0,nan,0.0,0
camera2_clip_20260531_161804_1160,162,0.0,0.0,0.0,0.0,0.0,0.0,0.0,0.0,0.0,0.0,0.0,0.0,0.0,0.0,0.0,0.0,nan,nan,0.0,0.0,0.0,0.0,0.0,0.0,0.0,0.0,0.0,0.0,0.0,0.0,0.0,0.0,0.0,0.0,0.0,0.0,0.0,0.0,0.0,0.0,0.0,0.0,0.0,0.0,0.0,0.0,0.0,0.0,0.0,0.0,0.0,0.0,0.0,0.0,0.0,0.0,0.0,0.0,nan,0.0,0
camera2_clip_20260531_161804_1160,163,0.0,0.0,0.0,0.0,0.0,0.0,0.0,0.0,0.0,0.0,0.0,0.0,0.0,0.0,0.0,0.0,nan,nan,0.0,0.0,0.0,0.0,0.0,0.0,0.0,0.0,0.0,0.0,0.0,0.0,0.0,0.0,0.0,0.0,0.0,0.0,0.0,0.0,0.0,0.0,0.0,0.0,0.0,0.0,0.0,0.0,0.0,0.0,0.0,0.0,0.0,0.0,0.0,0.0,0.0,0.0,0.0,0.0,nan,0.0,0
camera2_clip_20260531_161804_1160,164,0.0,0.0,0.0,0.0,0.0,0.0,0.0,0.0,0.0,0.0,0.0,0.0,0.0,0.0,0.0,0.0,nan,nan,0.0,0.0,0.0,0.0,0.0,0.0,0.0,0.0,0.0,0.0,0.0,0.0,0.0,0.0,0.0,0.0,0.0,0.0,0.0,0.0,0.0,0.0,0.0,0.0,0.0,0.0,0.0,0.0,0.0,0.0,0.0,0.0,0.0,0.0,0.0,0.0,0.0,0.0,0.0,0.0,nan,0.0,0
camera2_clip_20260531_161804_1160,165,0.0,0.0,0.0,0.0,0.0,0.0,0.0,0.0,0.0,0.0,0.0,0.0,0.0,0.0,0.0,0.0,nan,nan,0.0,0.0,0.0,0.0,0.0,0.0,0.0,0.0,0.0,0.0,0.0,0.0,0.0,0.0,0.0,0.0,0.0,0.0,0.0,0.0,0.0,0.0,0.0,0.0,0.0,0.0,0.0,0.0,0.0,0.0,0.0,0.0,0.0,0.0,0.0,0.0,0.0,0.0,0.0,0.0,nan,0.0,0
camera2_clip_20260531_161804_1160,166,0.0,0.0,0.0,0.0,0.0,0.0,0.0,0.0,0.0,0.0,0.0,0.0,0.0,0.0,0.0,0.0,nan,nan,0.0,0.0,0.0,0.0,0.0,0.0,0.0,0.0,0.0,0.0,0.0,0.0,0.0,0.0,0.0,0.0,0.0,0.0,0.0,0.0,0.0,0.0,0.0,0.0,0.0,0.0,0.0,0.0,0.0,0.0,0.0,0.0,0.0,0.0,0.0,0.0,0.0,0.0,0.0,0.0,nan,0.0,0
camera2_clip_20260531_161804_1160,167,0.0,0.0,0.0,0.0,0.0,0.0,0.0,0.0,0.0,0.0,0.0,0.0,0.0,0.0,0.0,0.0,nan,nan,0.0,0.0,0.0,0.0,0.0,0.0,0.0,0.0,0.0,0.0,0.0,0.0,0.0,0.0,0.0,0.0,0.0,0.0,0.0,0.0,0.0,0.0,0.0,0.0,0.0,0.0,0.0,0.0,0.0,0.0,0.0,0.0,0.0,0.0,0.0,0.0,0.0,0.0,0.0,0.0,nan,0.0,0
camera2_clip_20260531_161804_1160,168,0.0,0.0,0.0,0.0,0.0,0.0,0.0,0.0,0.0,0.0,0.0,0.0,0.0,0.0,0.0,0.0,nan,nan,0.0,0.0,0.0,0.0,0.0,0.0,0.0,0.0,0.0,0.0,0.0,0.0,0.0,0.0,0.0,0.0,0.0,0.0,0.0,0.0,0.0,0.0,0.0,0.0,0.0,0.0,0.0,0.0,0.0,0.0,0.0,0.0,0.0,0.0,0.0,0.0,0.0,0.0,0.0,0.0,nan,0.0,0
camera2_clip_20260531_161804_1160,169,0.0,0.0,0.0,0.0,0.0,0.0,0.0,0.0,0.0,0.0,0.0,0.0,0.0,0.0,0.0,0.0,nan,nan,0.0,0.0,0.0,0.0,0.0,0.0,0.0,0.0,0.0,0.0,0.0,0.0,0.0,0.0,0.0,0.0,0.0,0.0,0.0,0.0,0.0,0.0,0.0,0.0,0.0,0.0,0.0,0.0,0.0,0.0,0.0,0.0,0.0,0.0,0.0,0.0,0.0,0.0,0.0,0.0,nan,0.0,0
camera2_clip_20260531_161804_1160,170,0.0,0.0,0.0,0.0,0.0,0.0,0.0,0.0,0.0,0.0,0.0,0.0,0.0,0.0,0.0,0.0,nan,nan,0.0,0.0,0.0,0.0,0.0,0.0,0.0,0.0,0.0,0.0,0.0,0.0,0.0,0.0,0.0,0.0,0.0,0.0,0.0,0.0,0.0,0.0,0.0,0.0,0.0,0.0,0.0,0.0,0.0,0.0,0.0,0.0,0.0,0.0,0.0,0.0,0.0,0.0,0.0,0.0,nan,0.0,0
camera2_clip_20260531_161804_1160,171,0.0,0.0,0.0,0.0,0.0,0.0,0.0,0.0,0.0,0.0,0.0,0.0,0.0,0.0,0.0,0.0,nan,nan,0.0,0.0,0.0,0.0,0.0,0.0,0.0,0.0,0.0,0.0,0.0,0.0,0.0,0.0,0.0,0.0,0.0,0.0,0.0,0.0,0.0,0.0,0.0,0.0,0.0,0.0,0.0,0.0,0.0,0.0,0.0,0.0,0.0,0.0,0.0,0.0,0.0,0.0,0.0,0.0,nan,0.0,0
camera2_clip_20260531_161804_1160,172,0.0,0.0,0.0,0.0,0.0,0.0,0.0,0.0,0.0,0.0,0.0,0.0,0.0,0.0,0.0,0.0,nan,nan,0.0,0.0,0.0,0.0,0.0,0.0,0.0,0.0,0.0,0.0,0.0,0.0,0.0,0.0,0.0,0.0,0.0,0.0,0.0,0.0,0.0,0.0,0.0,0.0,0.0,0.0,0.0,0.0,0.0,0.0,0.0,0.0,0.0,0.0,0.0,0.0,0.0,0.0,0.0,0.0,nan,0.0,0
camera2_clip_20260531_161804_1160,173,0.0,0.0,0.0,0.0,0.0,0.0,0.0,0.0,0.0,0.0,0.0,0.0,0.0,0.0,0.0,0.0,nan,nan,0.0,0.0,0.0,0.0,0.0,0.0,0.0,0.0,0.0,0.0,0.0,0.0,0.0,0.0,0.0,0.0,0.0,0.0,0.0,0.0,0.0,0.0,0.0,0.0,0.0,0.0,0.0,0.0,0.0,0.0,0.0,0.0,0.0,0.0,0.0,0.0,0.0,0.0,0.0,0.0,nan,0.0,0
camera2_clip_20260531_161804_1160,174,0.0,0.0,0.0,0.0,0.0,0.0,0.0,0.0,0.0,0.0,0.0,0.0,0.0,0.0,0.0,0.0,nan,nan,0.0,0.0,0.0,0.0,0.0,0.0,0.0,0.0,0.0,0.0,0.0,0.0,0.0,0.0,0.0,0.0,0.0,0.0,0.0,0.0,0.0,0.0,0.0,0.0,0.0,0.0,0.0,0.0,0.0,0.0,0.0,0.0,0.0,0.0,0.0,0.0,0.0,0.0,0.0,0.0,nan,0.0,0
camera2_clip_20260531_161804_1160,175,0.0,0.0,0.0,0.0,0.0,0.0,0.0,0.0,0.0,0.0,0.0,0.0,0.0,0.0,0.0,0.0,nan,nan,0.0,0.0,0.0,0.0,0.0,0.0,0.0,0.0,0.0,0.0,0.0,0.0,0.0,0.0,0.0,0.0,0.0,0.0,0.0,0.0,0.0,0.0,0.0,0.0,0.0,0.0,0.0,0.0,0.0,0.0,0.0,0.0,0.0,0.0,0.0,0.0,0.0,0.0,0.0,0.0,nan,0.0,0
camera2_clip_20260531_161804_1160,176,0.0,0.0,0.0,0.0,0.0,0.0,0.0,0.0,0.0,0.0,0.0,0.0,0.0,0.0,0.0,0.0,nan,nan,0.0,0.0,0.0,0.0,0.0,0.0,0.0,0.0,0.0,0.0,0.0,0.0,0.0,0.0,0.0,0.0,0.0,0.0,0.0,0.0,0.0,0.0,0.0,0.0,0.0,0.0,0.0,0.0,0.0,0.0,0.0,0.0,0.0,0.0,0.0,0.0,0.0,0.0,0.0,0.0,nan,0.0,0
camera2_clip_20260531_161804_1160,177,0.0,0.0,0.0,0.0,0.0,0.0,0.0,0.0,0.0,0.0,0.0,0.0,0.0,0.0,0.0,0.0,nan,nan,0.0,0.0,0.0,0.0,0.0,0.0,0.0,0.0,0.0,0.0,0.0,0.0,0.0,0.0,0.0,0.0,0.0,0.0,0.0,0.0,0.0,0.0,0.0,0.0,0.0,0.0,0.0,0.0,0.0,0.0,0.0,0.0,0.0,0.0,0.0,0.0,0.0,0.0,0.0,0.0,nan,0.0,0
camera2_clip_20260531_161804_1160,178,0.0,0.0,0.0,0.0,0.0,0.0,0.0,0.0,0.0,0.0,0.0,0.0,0.0,0.0,0.0,0.0,nan,nan,0.0,0.0,0.0,0.0,0.0,0.0,0.0,0.0,0.0,0.0,0.0,0.0,0.0,0.0,0.0,0.0,0.0,0.0,0.0,0.0,0.0,0.0,0.0,0.0,0.0,0.0,0.0,0.0,0.0,0.0,0.0,0.0,0.0,0.0,0.0,0.0,0.0,0.0,0.0,0.0,nan,0.0,0
camera2_clip_20260531_161804_1160,179,0.0,0.0,0.0,0.0,0.0,0.0,0.0,0.0,0.0,0.0,0.0,0.0,0.0,0.0,0.0,0.0,nan,nan,0.0,0.0,0.0,0.0,0.0,0.0,0.0,0.0,0.0,0.0,0.0,0.0,0.0,0.0,0.0,0.0,0.0,0.0,0.0,0.0,0.0,0.0,0.0,0.0,0.0,0.0,0.0,0.0,0.0,0.0,0.0,0.0,0.0,0.0,0.0,0.0,0.0,0.0,0.0,0.0,nan,0.0,0
camera2_clip_20260531_161804_1160,180,0.0,0.0,0.0,0.0,0.0,0.0,0.0,0.0,0.0,0.0,0.0,0.0,0.0,0.0,0.0,0.0,nan,nan,0.0,0.0,0.0,0.0,0.0,0.0,0.0,0.0,0.0,0.0,0.0,0.0,0.0,0.0,0.0,0.0,0.0,0.0,0.0,0.0,0.0,0.0,0.0,0.0,0.0,0.0,0.0,0.0,0.0,0.0,0.0,0.0,0.0,0.0,0.0,0.0,0.0,0.0,0.0,0.0,nan,0.0,0
camera2_clip_20260531_161804_1160,181,0.0,0.0,0.0,0.0,0.0,0.0,0.0,0.0,0.0,0.0,0.0,0.0,0.0,0.0,0.0,0.0,nan,nan,0.0,0.0,0.0,0.0,0.0,0.0,0.0,0.0,0.0,0.0,0.0,0.0,0.0,0.0,0.0,0.0,0.0,0.0,0.0,0.0,0.0,0.0,0.0,0.0,0.0,0.0,0.0,0.0,0.0,0.0,0.0,0.0,0.0,0.0,0.0,0.0,0.0,0.0,0.0,0.0,nan,0.0,0
camera2_clip_20260531_161804_1160,182,0.0,0.0,0.0,0.0,0.0,0.0,0.0,0.0,0.0,0.0,0.0,0.0,0.0,0.0,0.0,0.0,nan,nan,0.0,0.0,0.0,0.0,0.0,0.0,0.0,0.0,0.0,0.0,0.0,0.0,0.0,0.0,0.0,0.0,0.0,0.0,0.0,0.0,0.0,0.0,0.0,0.0,0.0,0.0,0.0,0.0,0.0,0.0,0.0,0.0,0.0,0.0,0.0,0.0,0.0,0.0,0.0,0.0,nan,0.0,0
camera2_clip_20260531_161804_1160,183,0.0,0.0,0.0,0.0,0.0,0.0,0.0,0.0,0.0,0.0,0.0,0.0,0.0,0.0,0.0,0.0,nan,nan,0.0,0.0,0.0,0.0,0.0,0.0,0.0,0.0,0.0,0.0,0.0,0.0,0.0,0.0,0.0,0.0,0.0,0.0,0.0,0.0,0.0,0.0,0.0,0.0,0.0,0.0,0.0,0.0,0.0,0.0,0.0,0.0,0.0,0.0,0.0,0.0,0.0,0.0,0.0,0.0,nan,0.0,0
camera2_clip_20260531_161804_1160,184,0.0,0.0,0.0,0.0,0.0,0.0,0.0,0.0,0.0,0.0,0.0,0.0,0.0,0.0,0.0,0.0,nan,nan,0.0,0.0,0.0,0.0,0.0,0.0,0.0,0.0,0.0,0.0,0.0,0.0,0.0,0.0,0.0,0.0,0.0,0.0,0.0,0.0,0.0,0.0,0.0,0.0,0.0,0.0,0.0,0.0,0.0,0.0,0.0,0.0,0.0,0.0,0.0,0.0,0.0,0.0,0.0,0.0,nan,0.0,0
