video_id,frame_no,left_wrist_speed,right_wrist_speed,wrist_speed_max,left_elbow_speed,right_elbow_speed,elbow_speed_max,left_elbow_angle,right_elbow_angle,left_elbow_joint_angle,right_elbow_joint_angle,left_arm_length,right_arm_length,left_forearm_length,right_forearm_length,left_shoulder_wrist_dist,right_shoulder_wrist_dist,left_wrist_height_rel,right_wrist_height_rel,bat_arm_wrist_speed,bat_arm_elbow_speed,bat_arm_elbow_angle,bat_arm_extension,arm_activity_score,shoulder_line_angle,hip_line_angle,hip_shoulder_separation,trunk_lean,shoulder_rotation_change,left_shoulder_speed,right_shoulder_speed,shoulder_speed_max,body_center_x,body_center_y,body_center_speed,upper_body_rotation,lower_body_rotation,left_knee_speed,right_knee_speed,knee_speed_max,left_ankle_speed,right_ankle_speed,ankle_speed_max,left_knee_angle,right_knee_angle,front_knee_angle,back_knee_angle,left_hip_speed,right_hip_speed,hip_speed_max,head_movement,head_speed,left_eye_speed,right_eye_speed,eye_separation,head_orientation_angle,left_ear_speed,right_ear_speed,ear_separation,wrist_height_change,pose_activity_score,impact_like_frame_flag
d36809d4-cae5-4680-96d9-ccb64afe7f35_delivery_2,0,0.0,0.0,0.0,0.0,0.0,0.0,93.02597696053847,106.64183365730017,120.30431298371121,126.00178951801394,26.27603388881712,22.175181620851767,9.230676452987849,6.839223573782387,26.27603388881712,22.175181620851767,-25.42413330078125,-22.158935546875,0.0,0.0,126.00178951801394,22.175181620851767,0.0,-10.619382557864943,-7.6869838834744355,2.932398674390508,-66.6521221897769,0.0,0.0,0.0,0.0,186.40691375732422,285.0855941772461,0.0,-10.619382557864943,-7.6869838834744355,0.0,0.0,0.0,0.0,0.0,0.0,146.43163193818842,151.41687567987586,151.41687567987586,146.43163193818842,0.0,0.0,0.0,0.0,0.0,0.0,0.0,3.278513761062165,1.5895260903230009,0.0,0.0,7.3435918529233515,0.0,0.0,0
d36809d4-cae5-4680-96d9-ccb64afe7f35_delivery_2,1,33.788997888847824,39.67595580207353,39.67595580207353,16.69154633396964,31.641683891909576,31.641683891909576,92.37973035236209,105.9333947039136,118.36221378533685,124.96874737522374,26.901555190075264,23.038580362326485,9.827050384213129,7.189898602580068,26.901555190075264,23.038580362326485,-25.8109130859375,-23.034210205078125,39.67595580207353,31.641683891909576,124.96874737522374,23.038580362326485,22.651932905250362,-8.289668895139835,-6.628181162504918,1.6614877326349173,-66.26345538848584,2.3297136627251085,3.177493648988851,10.935919865712748,10.935919865712748,186.48477172851562,285.1702346801758,3.45011457386694,-8.289668895139835,-6.628181162504918,12.086010453861503,8.210148422999493,12.086010453861503,15.000966744543557,10.634538671735843,15.000966744543557,145.89115051350484,151.76783019563553,151.76783019563553,145.89115051350484,1.1963571898855088,1.6797441927635168,1.6797441927635168,18.891063578013082,18.891063578013082,20.14030731898016,16.230741429276215,3.460583464645383,2.75326426804018,12.829510983443416,12.84123281048709,7.688694866208354,-0.7919464111328125,15.393280258940964,0
d36809d4-cae5-4680-96d9-ccb64afe7f35_delivery_2,2,11.706553191656873,2.8209156549830667,11.706553191656873,2.206995402526053,3.611703270365957,3.611703270365957,92.36166889865086,104.9964074065772,117.02210932538455,125.49759227373184,26.531018633786342,22.93862010595104,9.60364667703345,6.98675443082418,26.531018633786342,22.93862010595104,-25.44500732421875,-22.93719482421875,2.8209156549830667,3.611703270365957,125.49759227373184,22.93862010595104,4.70659219775946,-8.39784711722131,-7.069752729411756,1.3280943878095544,-66.12841501187917,-0.10817822208147554,1.5558691590020906,6.3375165080227225,6.3375165080227225,186.34033966064453,285.1118850708008,4.673196896061816,-8.39784711722131,-7.069752729411756,6.796993771493646,31.548235102265885,31.548235102265885,20.605034579543602,22.362310865329654,22.362310865329654,147.24950000655153,153.5802486925987,153.5802486925987,147.24950000655153,3.6442035756964466,8.697179205786584,8.697179205786584,13.715479966392213,13.715479966392213,16.10373951424902,9.115384033205515,3.204951916017986,3.136962821062569,12.779410391910737,6.489141110130769,7.05094302631141,0.231658935546875,10.157792523889382,0
d36809d4-cae5-4680-96d9-ccb64afe7f35_delivery_2,3,24.983227475314287,17.191362844355808,24.983227475314287,7.6331953926475755,26.285481777675468,26.285481777675468,92.10234431055802,105.00218273491365,111.96064809732007,121.8361699624333,26.193263020525595,22.733187565853182,9.673187244943769,6.502048005448541,26.193263020525595,22.733187565853182,-24.921539306640625,-22.730133056640625,17.191362844355808,26.285481777675468,121.8361699624333,22.733187565853182,16.687388209240435,-5.733935921581465,-5.338754279931577,0.3951816416498879,-65.54084515832336,2.6639111956398454,2.2678767310780716,21.76318503437139,21.76318503437139,186.57120895385742,285.15543365478516,7.048219544260625,-5.733935921581465,-5.338754279931577,6.853480249339699,30.96046626538606,30.96046626538606,30.030932096990988,25.340631287290318,30.030932096990988,148.22341513888543,156.45783158779983,156.45783158779983,148.22341513888543,2.7097999808479036,7.067478322199055,7.067478322199055,9.060617563031965,9.060617563031965,9.223351952652294,3.4795755820139864,3.576416715858459,3.9686821593375172,3.335133323989397,25.143282911056616,7.97041599451263,0.2722625732421875,16.923926454791385,0
d36809d4-cae5-4680-96d9-ccb64afe7f35_delivery_2,4,16.542894088504575,16.459414732054043,16.542894088504575,8.27105968065128,7.919201712315571,8.27105968065128,91.31976080502629,105.05214622050018,110.14763109896252,122.01354404632883,25.883819488704685,22.982368097820242,9.756875298285314,6.8287150353422215,25.883819488704685,22.982368097820242,-24.413421630859375,-22.98162841796875,16.459414732054043,7.919201712315571,122.01354404632883,22.982368097820242,10.861134615923303,-5.654135528495004,-5.797259012946787,0.1431234844517828,-65.13406505406509,0.07980039308646081,7.930388801315647,8.043848680698698,8.043848680698698,186.48929595947266,285.2825469970703,4.536605161614105,-5.654135528495004,-5.797259012946787,3.8085558137471507,23.83567353189641,23.83567353189641,38.449348707453254,13.715595927292394,38.449348707453254,150.01958015721397,158.67003912856842,158.67003912856842,150.01958015721397,3.16980850163297,5.057199455834312,5.057199455834312,20.672259458750638,20.672259458750638,20.135331143638265,20.569777130950328,3.5265089554616034,4.727592137698404,13.559241848938262,14.921881941130906,7.897178940230158,-0.1359100341796875,12.766915802783025,0
d36809d4-cae5-4680-96d9-ccb64afe7f35_delivery_2,5,32.60480887297532,26.76204475855519,32.60480887297532,21.868948927616028,6.199203052888477,21.868948927616028,90.35415935984624,104.09751780592467,104.64124049998571,117.6863179093773,25.466785256118897,22.199340576399425,9.873866881343416,6.524352652583055,25.466785256118897,22.199340576399425,-23.6656494140625,-22.196044921875,26.76204475855519,6.199203052888477,117.6863179093773,22.199340576399425,17.655344753771523,-8.576258648556522,-7.879855088995885,0.6964035595606362,-64.67865837618822,-2.922123120061517,8.977737609269905,9.51932530132421,9.51932530132421,186.32641983032227,285.2837829589844,4.88642455625593,-8.576258648556522,-7.879855088995885,7.011163646074842,26.75623981873112,26.75623981873112,18.835020289725858,12.915474684206526,18.835020289725858,151.3211171333835,160.14117146046564,160.14117146046564,151.3211171333835,2.250139412807679,13.746994882934779,13.746994882934779,19.41957127197935,19.41957127197935,20.07625445939365,13.79150254639038,3.304447828958488,4.492270621033922,14.302934958435657,5.269455041751412,7.2901717453039385,0.67462158203125,15.620591771425827,0
d36809d4-cae5-4680-96d9-ccb64afe7f35_delivery_2,6,23.027833745016494,21.5179238752788,23.027833745016494,13.28876560752476,12.249962809230102,13.28876560752476,89.6249588384039,103.25648538779564,100.56994689533212,118.00718895835912,24.55215466854441,21.47453757396476,9.452665862953264,5.724869370453807,24.55215466854441,21.47453757396476,-22.66448974609375,-21.47412109375,21.5179238752788,12.249962809230102,118.00718895835912,21.47453757396476,13.57664842494109,-10.50020776953005,-9.186486337661876,1.3137214318681742,-64.1636026323473,-1.9239491209735284,8.968917596570712,2.4064869160256848,8.968917596570712,186.3179931640625,285.3726043701172,2.676607293177283,-10.50020776953005,-9.186486337661876,8.280895391161696,26.227911820006796,26.227911820006796,15.25600803819511,14.231852092464402,15.25600803819511,153.24714192214643,162.5482538131032,162.5482538131032,153.24714192214643,3.3968400386471496,5.5977549897760515,5.5977549897760515,24.45380357899176,24.45380357899176,23.240965999934055,20.466603940561654,3.220443291908212,3.670656999263153,14.460489073200426,7.880771948460632,7.116542715524151,0.720306396484375,12.870929409991481,0
d36809d4-cae5-4680-96d9-ccb64afe7f35_delivery_2,7,28.181145584253027,14.106017051268548,28.181145584253027,21.213921729211187,11.536476468559231,21.213921729211187,88.40624554391147,104.26022883720506,97.9772457471131,112.56428591325194,24.467055872663884,21.12608421813863,9.737235527132025,5.706050373950113,24.467055872663884,21.12608421813863,-22.209747314453125,-21.1259765625,14.106017051268548,11.536476468559231,112.56428591325194,21.12608421813863,17.225453447296633,-9.800895063830431,-8.531249751830071,1.2696453120003603,-63.7109066231915,0.6993127056996187,9.632915760795512,18.682244089692304,18.682244089692304,186.51700592041016,285.6620864868164,10.538755892892505,-9.800895063830431,-8.531249751830071,3.931955910092024,19.437277811899637,19.437277811899637,5.539216215976117,12.496922352522976,12.496922352522976,152.9145119076165,161.2489924025025,161.2489924025025,152.9145119076165,8.564426531908078,11.155670967422497,11.155670967422497,7.9824980306761075,7.9824980306761075,9.764022590777238,6.217111626071844,3.627512506633377,3.722838393883208,10.319509653721438,23.543947550543173,8.156764690935299,0.09051513671875,13.706515872800097,0
d36809d4-cae5-4680-96d9-ccb64afe7f35_delivery_2,8,17.115422673791016,12.667249074104031,17.115422673791016,14.377210576832281,10.001592859658421,14.377210576832281,87.50689871484175,104.33770911376438,98.60738566508466,109.65217404071218,24.612116434944628,20.664505690963768,9.854781017830595,5.641897761910167,24.612116434944628,20.664505690963768,-22.155975341796875,-20.66351318359375,12.667249074104031,10.001592859658421,109.65217404071218,20.664505690963768,12.707445292601683,-9.083118884672604,-8.027701248611116,1.0554176360614882,-63.484197216015104,0.717776179157827,8.811457390787657,13.271739180436686,13.271739180436686,186.6299705505371,285.96167755126953,9.605427226515657,-9.083118884672604,-8.027701248611116,5.18395805668756,14.213326331502044,14.213326331502044,5.975180774736249,7.6626263205725555,7.6626263205725555,152.66434520035662,160.13330733779813,160.13330733779813,152.66434520035662,8.13476041155965,9.677973826330193,9.677973826330193,2.471717995445097,2.471717995445097,5.335345803476345,5.350426726088208,3.900900230493872,4.150270365492166,5.664535126616374,14.529517391570797,8.812458076658974,-0.059295654296875,10.591041456416528,0
d36809d4-cae5-4680-96d9-ccb64afe7f35_delivery_2,9,15.369368927318344,10.22788566410734,15.369368927318344,11.201020222504473,12.82784793055201,12.82784793055201,87.48824739685313,104.3709528932882,98.84192992253354,106.56786495391073,24.80249928869855,20.576811409315344,9.99743179046413,5.627371130150742,24.80249928869855,20.576811409315344,-22.2955322265625,-20.574676513671875,10.22788566410734,12.82784793055201,106.56786495391073,20.576811409315344,11.38577670217093,-8.760676953786382,-7.702590774083624,1.0580861797027579,-63.02008253340701,0.32244193088622275,9.307248680088946,9.381288788454468,9.381288788454468,186.74967575073242,286.126953125,6.122157724459727,-8.760676953786382,-7.702590774083624,2.8328409229618505,3.212402188500689,3.212402188500689,6.623754536376918,4.194551246987598,6.623754536376918,152.29482668912584,159.3256138731464,159.3256138731464,152.29482668912584,3.524316682920979,4.47289972444276,4.47289972444276,10.282345678983832,10.282345678983832,10.18369098645441,10.693724207990535,4.028675029540474,3.779588866243543,2.014377374206763,7.381677313224579,9.068344107430054,-0.2227783203125,7.764618792934699,0
d36809d4-cae5-4680-96d9-ccb64afe7f35_delivery_2,10,11.165531274095276,27.466762698218787,27.466762698218787,1.3450639868609908,20.387191565608266,20.387191565608266,87.88199238132296,105.7621038850848,100.10622810225134,105.79833454363889,24.732917900552856,21.018499483518024,9.830573103153592,6.036140152458939,24.732917900552856,21.018499483518024,-22.387542724609375,-21.01824951171875,27.466762698218787,20.387191565608266,105.79833454363889,21.018499483518024,14.116644289159574,-6.781462466908515,-6.550849184492133,0.2306132824163818,-63.02590834205576,1.9792144868778667,7.799725632788109,16.535590577386017,16.535590577386017,186.9564323425293,286.49578857421875,12.684994645906281,-6.781462466908515,-6.550849184492133,18.189776569990002,26.01909411343346,26.01909411343346,2.126742431356593,8.710372809209622,8.710372809209622,151.40488223452112,158.10794271257066,158.10794271257066,151.40488223452112,11.193575361760937,15.421240006145641,15.421240006145641,4.620863772527926,4.620863772527926,6.239935437953664,2.057192437001078,4.301633444643405,4.038063619427379,5.781847314408145,17.671812942443985,9.744046055039894,-0.6090850830078125,13.863388918904475,0
d36809d4-cae5-4680-96d9-ccb64afe7f35_delivery_2,11,7.401483362780728,8.250212837143822,8.250212837143822,6.230380713878239,10.160510746668464,10.160510746668464,88.76303026420132,107.80608650130829,99.52385783692166,100.0488966042802,24.671293279143523,20.76919560204268,9.899967901810069,6.448767958938111,24.671293279143523,20.76919560204268,-22.44110107421875,-20.769195556640625,8.250212837143822,10.160510746668464,100.0488966042802,20.76919560204268,9.179554773349698,-5.979116838784029,-6.009390908656775,0.030274069872746168,-63.10783275522685,0.8023456281244856,8.869207999860413,14.165532979766523,14.165532979766523,187.29195404052734,286.7133483886719,11.996515094940433,-5.979116838784029,-6.009390908656775,13.360887366570966,22.864915124062012,22.864915124062012,8.657239826792512,7.560882402071184,8.657239826792512,152.1578148906745,156.92884533466005,156.92884533466005,152.1578148906745,10.692858458896966,14.465815311519352,14.465815311519352,4.480708112533816,4.480708112533816,6.157757301734722,1.7684083116559093,4.560297797490542,4.231480552055862,4.64029868109295,16.813472405067724,10.36688904922885,-0.13995361328125,11.056660594167598,0
d36809d4-cae5-4680-96d9-ccb64afe7f35_delivery_2,12,17.666971859270006,11.63967681149669,17.666971859270006,5.11713894473401,29.953541292316558,29.953541292316558,89.40265393580684,107.40994864721577,100.81316490471508,103.00797841607452,24.393540877988276,20.238962955535783,9.47378407991793,5.499694919494102,24.393540877988276,20.238962955535783,-22.45062255859375,-20.225921630859375,11.63967681149669,29.953541292316558,103.00797841607452,20.238962955535783,15.429268856450959,-5.231939671184481,-5.127102629948124,0.10483704123635729,-63.36340311069124,0.7471771675995482,5.15711384277883,23.04117038810966,23.04117038810966,187.80438995361328,286.85511779785156,15.950555393447544,-5.231939671184481,-5.127102629948124,19.67415274167914,19.150556316077182,19.67415274167914,23.585234595563076,10.72318393354714,23.585234595563076,153.37678580062843,156.9697581495492,156.9697581495492,153.37678580062843,12.860811990013797,23.247797833832735,23.247797833832735,5.9710221872161515,5.9710221872161515,6.960205408694623,5.218791451921277,4.763325594887738,4.294099624859152,1.8092509048036514,12.827118919666773,10.819443390513488,0.1344757080078125,16.8181125457849,0
d36809d4-cae5-4680-96d9-ccb64afe7f35_delivery_2,13,8.977170363224458,17.097375095806335,17.097375095806335,3.57712060158324,27.489345409119988,27.489345409119988,89.84286644723811,107.97743097975908,101.95443772106,105.6023154239344,24.169578082866693,19.77022711108711,9.18244021207998,5.085995567799849,24.169578082866693,19.77022711108711,-22.41339111328125,-19.73052978515625,17.097375095806335,27.489345409119988,105.6023154239344,19.77022711108711,14.507731948153756,-5.880608714025351,-4.837949057628574,1.0426596563967774,-63.40051264724886,-0.6486690428408703,7.3305598084698245,22.57482041071868,22.57482041071868,188.29901885986328,286.8979797363281,14.894475841775566,-5.880608714025351,-4.837949057628574,12.378477205773743,21.411268388782176,21.411268388782176,11.722106357580508,11.38636764869222,11.722106357580508,154.9005361988134,156.5443469866721,156.5443469866721,154.9005361988134,9.641847098344169,20.963608560309787,20.963608560309787,3.0046731841948437,3.0046731841948437,2.9139951413387633,3.537244245990008,4.792396386585134,3.8491932005695393,7.23488663976451,8.480976071990566,10.909757171144618,0.21728515625,14.545838912367094,0
d36809d4-cae5-4680-96d9-ccb64afe7f35_delivery_2,14,11.903483059442086,17.602204447937446,17.602204447937446,4.50763922803353,40.38781532263126,40.38781532263126,89.43749005908481,107.09424849673732,101.39981449000226,115.49377122432314,23.811623966149703,19.51287974086857,8.693624658464346,4.603282642098082,23.811623966149703,19.51287974086857,-22.149627685546875,-19.4444580078125,17.602204447937446,40.38781532263126,115.49377122432314,19.51287974086857,15.585156789369464,-7.143628838341493,-5.091400233180174,2.0522286051613188,-63.9417919209498,-1.2630201243161414,0.1905440940513236,18.919254584121134,18.919254584121134,188.69118118286133,286.8717269897461,11.791202010570947,-7.143628838341493,-5.091400233180174,16.844420249437754,26.348084602875268,26.348084602875268,16.83753745327365,16.342896369703094,16.83753745327365,155.4246568050435,155.57546794657475,155.57546794657475,155.4246568050435,9.867539153634265,20.575198740390586,20.575198740390586,18.462461768250897,18.462461768250897,19.7396258290534,17.910396989397313,4.67065486526107,3.9361712523457952,11.532503118113524,7.10162474586099,10.683181740672344,0.4071044921875,16.69388477546095,0
d36809d4-cae5-4680-96d9-ccb64afe7f35_delivery_2,15,9.533934537593439,29.180590823134498,29.180590823134498,10.193532848005848,37.837468455015745,37.837468455015745,88.47278899710793,105.2564584150596,102.59399398919395,122.78201765936107,23.585001137675388,18.562861316911327,8.547171607792611,3.425170225233571,23.585001137675388,18.562861316911327,-21.830474853515625,-18.449615478515625,29.180590823134498,37.837468455015745,122.78201765936107,18.562861316911327,18.153718858534795,-6.514346557185892,-5.1164971944548885,1.3978493627310034,-64.80929686895146,0.6292822811556009,6.795123260947952,15.38166322651129,15.38166322651129,189.1001739501953,286.85279083251953,12.282926996600517,-6.514346557185892,-5.1164971944548885,7.3139181899606065,10.167708352176893,10.167708352176893,21.721685377560213,6.028787877810435,21.721685377560213,156.7759014017679,156.09753295873972,156.09753295873972,156.7759014017679,13.826578271463536,26.813264110602415,26.813264110602415,10.8141972418701,10.8141972418701,12.572276065336725,12.114611128114115,4.527046195172163,4.654681067455642,9.479267292227666,9.05362990496033,10.401828559961464,0.64154052734375,16.232854610898574,0
d36809d4-cae5-4680-96d9-ccb64afe7f35_delivery_2,16,16.378477284523896,32.31945825979538,32.31945825979538,10.130881657529013,48.887198987479266,48.887198987479266,87.26942244822017,102.79132135915124,102.9145389863956,140.5548025130036,23.26484275681254,17.79989629391654,8.041859503498594,2.685052199537326,23.26484275681254,17.79989629391654,-21.506317138671875,-17.65594482421875,32.31945825979538,48.887198987479266,140.5548025130036,17.79989629391654,21.984309555697823,-6.575314747809829,-4.867797843928824,1.7075169038810047,-65.40777719016377,-0.06096819062393699,7.756085107698588,16.433756037160816,16.433756037160816,189.3347511291504,286.8186798095703,7.11132992455338,-6.575314747809829,-4.867797843928824,8.875164534001087,16.21679827731353,16.21679827731353,5.400336655041835,8.603116528480548,8.603116528480548,155.95910408608452,155.29353079824378,155.29353079824378,155.95910408608452,5.267009731757476,16.832414029359853,16.832414029359853,22.981804766024304,22.981804766024304,23.023146295004356,23.698094395697655,4.431970966821323,5.5846767897114855,9.992291299574964,10.565293095006583,10.263879842459199,0.7607421875,16.091724757511773,0
d36809d4-cae5-4680-96d9-ccb64afe7f35_delivery_2,17,0.5081935516616849,7.905179948589715,7.905179948589715,9.28582701569176,15.557246250282224,15.557246250282224,86.62566988769086,102.02210715661222,103.85517211474337,146.72038809390872,23.294517935018007,17.588962759513933,7.74788926315011,2.431784583286643,23.294517935018007,17.588962759513933,-21.56549072265625,-17.431549072265625,7.905179948589715,15.557246250282224,146.72038809390872,17.588962759513933,7.429716366963476,-5.990391815252712,-4.206237446212661,1.784154369040051,-65.41816693600194,0.5849229325571166,2.736577390226449,8.585274045329012,8.585274045329012,189.50918579101562,286.83719635009766,5.262440705587615,-5.990391815252712,-4.206237446212661,2.9706610783868697,9.674304284282774,9.674304284282774,6.002619352040491,8.216082608084987,8.216082608084987,156.1161030070251,155.03949061593016,155.03949061593016,156.1161030070251,2.5800744727352147,7.8625429115219845,7.8625429115219845,21.97043033769283,21.97043033769283,23.17449468674022,23.24345171118812,4.309538610141006,6.383227796095298,14.98018517608145,15.137489348454276,10.034491794029583,0.0833282470703125,6.823715242402764,0
d36809d4-cae5-4680-96d9-ccb64afe7f35_delivery_2,18,13.668532851980546,15.114312071738885,15.114312071738885,7.679754436451997,26.518313822181828,26.518313822181828,85.74802971629924,99.54460951315802,107.76225098630391,163.97438680199954,23.801752166269424,17.87911158980427,7.67642645788912,2.2317612212058764,23.801752166269424,17.87911158980427,-22.046905517578125,-17.723297119140625,15.114312071738885,26.518313822181828,163.97438680199954,17.87911158980427,11.983517105576297,-4.706536959033022,-3.942919466364432,0.7636174926685899,-66.16654498894546,1.2838548562196905,2.327821667803326,6.592367783301217,6.592367783301217,189.7364387512207,286.8935852050781,7.024332694226637,-4.706536959033022,-3.942919466364432,6.2282309298884515,1.9417704743298234,6.2282309298884515,9.007787323128287,5.405893212739074,9.007787323128287,156.71554806704847,155.77544639660414,155.77544639660414,156.71554806704847,12.754832091032391,14.52335573684989,14.52335573684989,26.32662888665554,26.32662888665554,28.350345605379694,28.019874220804756,4.066374882405077,7.927754199511184,19.481287005362276,19.588681347685878,9.469723790776046,-0.47283935546875,10.146914366785477,0
d36809d4-cae5-4680-96d9-ccb64afe7f35_delivery_2,19,18.685790290036543,27.426960046483384,27.426960046483384,6.952936608261696,43.5401096219895,43.5401096219895,85.40783438582227,97.89705395917252,114.37217641600736,171.10028547763966,24.271185439145363,18.406387166859737,7.579848895493071,2.1964311511895063,24.271185439145363,18.406387166859737,-22.640960693359375,-18.182037353515625,27.426960046483384,43.5401096219895,171.10028547763966,18.406387166859737,20.295239923115204,-2.3764931680393713,-2.6124143300211227,0.2359211619817514,-66.67710245989453,2.3300437909936504,1.344786262433633,23.82085670948647,23.82085670948647,190.25444793701172,287.0641403198242,16.36093846198719,-2.3764931680393713,-2.6124143300211227,5.590785771892079,2.6240265863624708,5.590785771892079,3.4928267181145407,8.42280737823839,8.42280737823839,158.2982146581126,157.36768126478327,157.36768126478327,158.2982146581126,14.963963759051618,26.80498729750863,26.80498729750863,10.169009529115424,10.169009529115424,8.535858983019674,6.772669651099313,4.104415288817905,8.55798148339172,3.809025327365325,7.109473045689598,9.567708935632517,-0.7491607666015625,15.305903087488247,0
d36809d4-cae5-4680-96d9-ccb64afe7f35_delivery_2,20,28.014666265389646,93.35741560168668,93.35741560168668,5.67066833644467,41.926184126693045,41.926184126693045,85.41111723789903,97.43709188553038,121.50100877608622,171.64172185205646,24.92294633862825,21.37592925020363,7.514985865009637,4.336887108930131,24.92294633862825,21.37592925020363,-23.495361328125,-21.10528564453125,93.35741560168668,41.926184126693045,171.64172185205646,21.37592925020363,33.85803182268865,-1.7154142775563088,-1.8841972790074004,0.1687830014510916,-66.30856676909377,0.6610788904830625,5.507012649044184,28.672243956873665,28.672243956873665,190.71104049682617,287.1673812866211,14.043572074538641,-1.7154142775563088,-1.8841972790074004,6.247010782783202,15.400177758220678,15.400177758220678,2.7334905283829936,12.22025672201074,12.22025672201074,159.2769288301838,157.3445891311585,157.3445891311585,159.2769288301838,3.351544663575202,18.903363356359222,18.903363356359222,19.07126604264672,19.07126604264672,16.636699823058397,16.84293586558413,4.108438538889922,7.969821136271207,10.890586095671008,14.465334725681489,9.676049205912518,-1.99139404296875,21.833669562288662,0
d36809d4-cae5-4680-96d9-ccb64afe7f35_delivery_2,21,20.817927627424083,111.09938964173949,111.09938964173949,8.90968393017164,48.182670521019,48.182670521019,85.57110773606408,97.45133576380557,128.27718496899794,176.3497884559294,25.393403735513704,24.603558619041394,7.855513577440632,6.400500799863585,25.393403735513704,24.603558619041394,-24.083465576171875,-24.339599609375,111.09938964173949,48.182670521019,176.3497884559294,24.603558619041394,35.38107536551618,-0.06923527375678074,-1.2590297436282785,1.1897944698714977,-66.54085237662079,1.646179003799528,5.595757517874823,17.681022954868055,17.681022954868055,191.0907440185547,287.323486328125,12.31621669005447,-0.06923527375678074,-1.2590297436282785,10.927083952316282,12.853485692003433,12.853485692003433,4.532649971344571,10.174488647472346,10.174488647472346,161.34258355608065,157.28939344618573,157.28939344618573,161.34258355608065,12.348128652971589,17.76472282092648,17.76472282092648,19.98021622747107,19.98021622747107,20.774195254419887,13.016036702340177,3.839373790338729,8.162756270988393,19.136019435454894,2.811655312592557,9.035379670494123,-2.1929779052734375,23.407250994177648,0
d36809d4-cae5-4680-96d9-ccb64afe7f35_delivery_2,22,5.00289171434549,81.88770357800112,81.88770357800112,4.331219101809546,24.211615407542915,24.211615407542915,86.88605025831122,98.66147364656175,128.12335174531654,175.20114456463963,25.276780941171676,27.2918431561113,7.9814963579645894,8.383637423968558,25.276780941171676,27.2918431561113,-24.107269287109375,-27.077301025390625,81.88770357800112,24.211615407542915,175.20114456463963,27.2918431561113,21.095004428540584,-0.5976782405248794,-1.7730166508888443,1.175338410363965,-66.14600838618402,-0.5284429667680987,10.713547840319078,0.42304892922534065,10.713547840319078,191.17214584350586,287.3188934326172,2.445938800353398,-0.5976782405248794,-1.7730166508888443,7.677326756595675,10.964365722177485,10.964365722177485,8.133040407791132,10.429953919313668,10.429953919313668,162.1434429796612,156.22570601150443,156.22570601150443,162.1434429796612,2.518674294426118,3.937671956709738,3.937671956709738,16.870831934697428,16.870831934697428,19.946255713636894,10.382568509354396,3.504844689533878,6.885263280551265,20.990455058797618,7.408204067611333,8.273126126455573,-1.425140380859375,14.18592163568811,0
d36809d4-cae5-4680-96d9-ccb64afe7f35_delivery_2,23,10.212237434049756,64.83633516758289,64.83633516758289,2.658167109536255,25.322229999648844,25.322229999648844,87.72084517298096,100.46658324812702,126.48785653895786,171.59252393626969,24.684792900824952,29.270722593641953,7.733058962456366,9.699164435601475,24.684792900824952,29.270722593641953,-23.62286376953125,-29.00750732421875,64.83633516758289,25.322229999648844,171.59252393626969,29.270722593641953,22.043702365622398,-0.30559624734358093,-1.2472205316176994,0.9416242842741185,-65.23924861344116,0.29208199318129846,10.698417574429875,18.534826908486803,18.534826908486803,191.40125274658203,287.4334945678711,7.685118991582022,-0.30559624734358093,-1.2472205316176994,8.705874819349678,14.834979817646682,14.834979817646682,6.673001233745741,12.093886330648424,12.093886330648424,162.6233509086273,155.05834529862548,155.05834529862548,162.6233509086273,2.9465142063834193,4.282195649530235,4.282195649530235,4.860033270604165,4.860033270604165,0.899644797236899,6.413710405408943,3.6570918560048518,5.233603593941161,4.64589997611596,12.498325749865911,8.673124187471029,-0.921112060546875,15.149888854253215,0
d36809d4-cae5-4680-96d9-ccb64afe7f35_delivery_2,24,19.072411729982537,10.328293757134817,19.072411729982537,2.9876833555996383,26.855725176627356,26.855725176627356,88.9337492599604,102.96026975407484,121.35163477304448,164.51615181553296,23.627445851480697,28.813705266967823,7.276426976160766,9.80598824946925,23.627445851480697,28.813705266967823,-22.67608642578125,-28.550689697265625,10.328293757134817,26.855725176627356,164.51615181553296,28.813705266967823,12.85704355093901,-1.3436395286007277,-1.6035821174773603,0.2599425888766327,-64.16947750240674,-1.0380432812571467,14.423758862380133,3.4743884239095704,14.423758862380133,191.30889511108398,287.5499725341797,4.459522903087099,-1.3436395286007277,-1.6035821174773603,7.501943693090526,15.193212660251401,15.193212660251401,12.245124009627363,9.217182466622308,12.245124009627363,162.02031733018455,152.61391328301727,152.61391328301727,162.02031733018455,7.718496944030797,12.877525628619104,12.877525628619104,21.808863681655446,21.808863681655446,21.368239066231737,20.74650564444292,3.6830903213161172,4.478555303377088,18.80339410247974,17.217055855402762,8.783413576803765,0.4764862060546875,11.82464555898963,0
d36809d4-cae5-4680-96d9-ccb64afe7f35_delivery_2,25,36.15262819635004,205.5866942545456,205.5866942545456,15.955887827796612,122.20343999004484,122.20343999004484,89.45376315779535,105.56866354132138,108.37701326850674,157.08099435393012,22.551571594937645,22.805120287776536,7.299242392049325,7.070615582678004,22.551571594937645,22.805120287776536,-21.39434814453125,-22.54669189453125,205.5866942545456,122.20343999004484,157.08099435393012,22.805120287776536,70.0460629657556,-7.140871729832165,-4.030354692943239,3.1105170368889263,-63.50354710621014,-5.797232201231438,13.988270148018813,26.389457377777696,26.389457377777696,191.10553359985352,287.3843536376953,7.868098296944312,-7.140871729832165,-4.030354692943239,13.138310490302793,9.72337099865299,13.138310490302793,20.95645507569732,14.141732885925718,20.95645507569732,161.0032273478355,151.58303045954085,151.58303045954085,161.0032273478355,9.361863170943302,18.52963674152572,18.52963674152572,21.15012846122064,21.15012846122064,21.129532604010148,20.178271511662594,3.7684705279836477,3.97958370061096,14.841539475580529,13.970432047011915,9.040938624754904,3.8826446533203125,42.17731226313178,0
d36809d4-cae5-4680-96d9-ccb64afe7f35_delivery_2,26,22.559919312161533,291.42659921907943,291.42659921907943,24.12704807604969,181.3242334629204,181.3242334629204,89.89022585604805,109.25044387733301,96.53657050362334,134.71091198961528,21.52362299677905,14.289745954017848,7.336464199228983,3.7984187502547337,21.52362299677905,14.289745954017848,-20.2379150390625,-14.137847900390625,291.42659921907943,181.3242334629204,134.71091198961528,14.289745954017848,95.52766006894653,-15.222090447139811,-7.259967600494002,7.962122846645809,-62.863505607351,-8.081218717307646,17.731930692547227,35.99622965092083,35.99622965092083,191.02949142456055,287.20033264160156,5.973401500314564,-15.222090447139811,-7.259967600494002,8.059267448134387,9.96214083457492,9.96214083457492,15.989084306205502,11.648155316320722,15.989084306205502,158.4005015520328,150.43075602749556,150.43075602749556,158.4005015520328,11.178390473051007,13.357543976687666,13.357543976687666,18.03082779108224,18.03082779108224,18.77761546893217,17.044848363566363,3.9687838498086085,3.3753991564471946,15.185743315306219,18.426978855004105,9.637335081844768,5.1084136962890625,53.61337856405445,0
d36809d4-cae5-4680-96d9-ccb64afe7f35_delivery_2,27,35.53273952765716,288.2288714372683,288.2288714372683,25.61913727248957,174.22492468968278,174.22492468968278,88.3896578426363,109.14103791913342,86.68815743292932,63.191705822948066,20.76304844636404,5.830238529954754,7.8546503789315585,2.4330377085094477,20.76304844636404,5.830238529954754,-18.997406005859375,-5.823638916015625,288.2288714372683,174.22492468968278,63.191705822948066,5.830238529954754,94.79105528749159,-21.348406931452118,-10.217628477479735,11.130778453972383,-63.13067865523995,-6.126316484312307,15.566272858421495,29.57438593943021,29.57438593943021,191.01855087280273,287.07838439941406,3.6731406862313176,-21.348406931452118,-10.217628477479735,12.180042139949977,6.176447330934168,12.180042139949977,10.944318533121354,5.3507649412984355,10.944318533121354,156.07094197532777,149.916376839,149.916376839,156.07094197532777,6.960880349146191,7.312136082236441,7.312136082236441,9.438874069315316,9.438874069315316,6.767506119109701,10.088410119476045,4.129807406030449,4.5715578142939375,3.580860500022376,15.784840718972935,10.090444809795404,5.017242431640625,51.472576758469664,0
d36809d4-cae5-4680-96d9-ccb64afe7f35_delivery_2,28,35.75067998879854,140.39128558906185,140.39128558906185,18.835875631809877,84.87867725448865,84.87867725448865,87.74925809472492,103.90614136754812,79.11748460813273,37.51695194321154,20.22676013012525,2.5765474530472354,8.829169695679589,3.452069056352289,20.22676013012525,2.5765474530472354,-17.919586181640625,-1.951202392578125,140.39128558906185,84.87867725448865,37.51695194321154,2.5765474530472354,53.41953115612719,-26.884508232366887,-13.554504256727668,13.330003975639219,-63.23789658868318,-5.536101300914769,10.643098272102732,30.017570200501513,30.017570200501513,190.6401481628418,286.97486877441406,11.769183742827275,-26.884508232366887,-13.554504256727668,6.113694042979452,12.169753689216762,12.169753689216762,12.591537739074033,5.865830274944402,12.591537739074033,154.85633986921212,148.73575113508065,148.73575113508065,154.85633986921212,8.789248762541236,18.57592206923259,18.57592206923259,23.794029489814914,23.794029489814914,27.552326903801948,16.606797150381706,3.68952560770112,4.185089047048864,18.652960892523758,14.41553099641617,9.088561603124692,2.674346923828125,32.0519311262293,0
d36809d4-cae5-4680-96d9-ccb64afe7f35_delivery_2,29,42.0964969468038,279.9107508417946,279.9107508417946,31.93637701360018,188.72966355152323,188.72966355152323,85.77911888602502,-26.42456104617115,72.12950735379937,155.23298369550724,19.6637414039364,7.348524392633553,9.700617366478202,6.341110726997919,19.6637414039364,7.348524392633553,-16.6348876953125,5.428009033203125,279.9107508417946,188.72966355152323,155.23298369550724,7.348524392633553,100.1600073287372,-34.74140698354287,-18.686898936873735,16.054508046669138,-63.71239938214722,-7.8568987511759865,12.800461722336028,45.486293896365304,45.486293896365304,190.47283554077148,286.73632049560547,8.741219328213155,-34.74140698354287,-18.686898936873735,12.77023742065293,15.437313805670607,15.437313805670607,13.602627779494473,13.122292892959848,13.602627779494473,152.16649666409018,147.52533347091392,147.52533347091392,152.16649666409018,12.270544339917633,12.304381298614938,12.304381298614938,13.020408208980072,13.020408208980072,13.655194076568552,14.650155386328526,3.5911302814328145,4.8113752234032,8.776425730460236,7.521089893903544,8.900986399852412,4.857696533203125,56.70562012581112,0
d36809d4-cae5-4680-96d9-ccb64afe7f35_delivery_2,30,38.79493498575104,167.9124672376279,167.9124672376279,20.508196226004106,108.15312035095059,108.15312035095059,83.67055728027742,-46.44026033663861,65.19561263077136,176.34412746204103,18.55685544572192,12.589129912831432,10.10126824980232,8.397405764850133,18.55685544572192,12.589129912831432,-15.023956298828125,9.4835205078125,167.9124672376279,108.15312035095059,176.34412746204103,12.589129912831432,61.90470349862471,-38.966058915417925,-22.153042160053598,16.813016755364327,-64.50120896011707,-4.2246519318750515,11.181362286064385,24.878139905350242,24.878139905350242,190.34917449951172,286.72693634033203,3.7204978089068805,-38.966058915417925,-22.153042160053598,21.1261307810327,18.5427631968126,21.1261307810327,14.016810371434527,12.955636337241637,14.016810371434527,149.39769594743487,144.6780839477756,144.6780839477756,149.39769594743487,12.536779790837736,2.805310836210179,12.536779790837736,7.375837633141982,7.375837633141982,10.627916077017384,9.61589906868991,3.3618097796960043,4.955592710072302,8.78060440541335,15.224861088036674,8.381592596904682,3.02105712890625,37.784304358776474,0
d36809d4-cae5-4680-96d9-ccb64afe7f35_delivery_2,31,26.246274865810495,165.19833076509946,165.19833076509946,19.499506484704767,150.80497299742797,150.80497299742797,81.61877132910202,17.092745558296006,65.76382886606325,109.89779807223125,18.670388808200688,8.945169398527577,10.290880101098075,7.591465804293465,18.670388808200688,8.945169398527577,-14.600677490234375,5.238494873046875,165.19833076509946,150.80497299742797,109.89779807223125,8.945169398527577,67.46755133147174,-34.03615466458367,-19.597748096787782,14.438406567795887,-64.87705396293852,4.929904250834255,8.423883520017615,34.63233935577007,34.63233935577007,190.45620727539062,286.9635696411133,7.791418403338145,-34.03615466458367,-19.597748096787782,5.833852375339194,9.81835448597137,9.81835448597137,19.086264892379578,15.723223021462305,19.086264892379578,150.57288654449368,144.47812190139308,144.47812190139308,150.57288654449368,10.347593887288065,12.106360138052473,12.106360138052473,10.943472829018196,10.943472829018196,10.369332778265408,14.014935706465732,3.225149596826239,4.981623280805814,6.569478989145577,18.27363703925796,7.956339051152198,-2.372528076171875,39.81007973244362,0
d36809d4-cae5-4680-96d9-ccb64afe7f35_delivery_2,32,17.16450846760737,169.9650001884176,169.9650001884176,21.716679399422038,147.46830407556905,147.46830407556905,79.87459595281786,66.79407047161736,66.84990100199788,53.262952216485694,18.796616933236308,5.3546641004941335,10.101248677315905,6.531225210124521,18.796616933236308,5.3546641004941335,-14.454254150390625,1.02374267578125,169.9650001884176,147.46830407556905,53.262952216485694,5.3546641004941335,66.3049613140898,-28.94652139941953,-17.075292170922644,11.871229228496887,-65.39334146949619,5.089633265164139,10.011472723933698,31.503803029588934,31.503803029588934,190.58048629760742,287.19078826904297,7.769570272368451,-28.94652139941953,-17.075292170922644,2.9796906014152755,5.665848721646643,5.665848721646643,21.649265606897004,12.031211315942786,21.649265606897004,151.92718193216191,143.73143800182993,143.73143800182993,151.92718193216191,10.683002482804048,13.046660094040229,13.046660094040229,3.1388240461605217,3.1388240461605217,3.947702020010455,7.222866073096212,3.067076953502909,4.78295800198914,3.6286312986917757,16.86801908187584,7.457813814317268,-2.3920745849609375,38.65712055894039,0
d36809d4-cae5-4680-96d9-ccb64afe7f35_delivery_2,33,0.6163403243720272,182.58558488517372,182.58558488517372,16.17544127097572,120.82077981223003,120.82077981223003,78.40251122875665,24.11835172037247,67.619153836666,92.39876791591149,18.718233024412974,9.414600087186045,9.592559959696791,8.564966317781538,18.718233024412974,9.414600087186045,-14.363494873046875,6.206634521484375,182.58558488517372,120.82077981223003,92.39876791591149,9.414600087186045,57.18497165651209,-29.768825179010832,-16.944018944782524,12.824806234228308,-66.13995283681838,-0.8223037795913015,2.3174249154520945,20.59425873086892,20.59425873086892,191.00056076049805,287.18402099609375,12.60386906153879,-29.768825179010832,-16.944018944782524,19.58922209815873,15.05691603394969,19.58922209815873,6.804469362938534,5.239974503501758,6.804469362938534,150.35488257688294,143.81141410648823,143.81141410648823,150.35488257688294,13.816719400154916,21.413530935853274,21.413530935853274,21.589180923428422,21.589180923428422,21.61354167589324,13.161910767145766,3.4010356592076425,6.48295179056511,15.025305441051241,14.08408627895091,8.285258440507521,2.8135528564453125,35.419221856135785,0
d36809d4-cae5-4680-96d9-ccb64afe7f35_delivery_2,34,25.852123382971488,14.43547693389684,25.852123382971488,18.11536446753417,23.703056790676342,23.703056790676342,78.62988193343213,25.504502315127233,75.70069393142383,86.82437707434909,19.65046851295601,8.966872918324906,9.054779519705548,8.28873980085689,19.65046851295601,8.966872918324906,-15.50787353515625,5.9833984375,14.43547693389684,23.703056790676342,86.82437707434909,8.966872918324906,17.28427302761943,-26.917683935536637,-14.744587059384894,12.173096876151742,-66.68479636414797,2.8511412434741956,8.561929840238083,13.037686750399661,13.037686750399661,191.30719375610352,287.1888732910156,9.200141568693008,-26.917683935536637,-14.744587059384894,1.4792026576400557,11.08442124165412,11.08442124165412,8.518131412477818,15.00001473118759,15.00001473118759,151.02279049213502,144.4954015468539,144.4954015468539,151.02279049213502,11.24373980777341,17.319494012262364,17.319494012262364,3.4951975542215177,3.4951975542215177,3.653355196393945,3.4863479597665443,3.384518484182926,6.715480763560199,6.377959276086024,6.075907408091352,8.264979347594656,-0.669952392578125,14.029220169059329,0
d36809d4-cae5-4680-96d9-ccb64afe7f35_delivery_2,35,37.57901203180243,42.46204461332972,42.46204461332972,22.61432321971177,36.048258016238364,36.048258016238364,79.06078035591449,33.028879419841346,87.64503583484417,73.51327327444827,20.825854503086546,7.498977518248451,8.481449667460609,7.6014549512185825,20.825854503086546,7.498977518248451,-17.069915771484375,5.150360107421875,42.46204461332972,36.048258016238364,73.51327327444827,7.498977518248451,30.00624068772729,-22.02592638496115,-11.156022646989124,10.869903737972026,-67.22116010454631,4.891757550575488,9.466016020031232,31.86779022525025,31.86779022525025,191.94155502319336,287.2714385986328,19.191355410318927,-22.02592638496115,-11.156022646989124,5.445445604096598,13.112778676056658,13.112778676056658,3.854796134619595,16.489637106892534,16.489637106892534,152.48693850622868,145.64766036456385,145.64766036456385,152.48693850622868,16.889225631080073,32.95014792243295,32.95014792243295,11.974195148861396,11.974195148861396,14.496642216746986,8.029940191345567,3.615874449939144,7.891157043255618,12.243126182812478,9.762852252480247,8.837608523384652,-1.3134002685546875,22.39828960012851,0
d36809d4-cae5-4680-96d9-ccb64afe7f35_delivery_2,36,35.23314596151664,61.94006012447368,61.94006012447368,28.115688645262832,78.27618066961693,78.27618066961693,79.45916916009602,2.7615502413817716,99.68287235696332,109.45927929913366,21.56800708489088,8.959453332084333,7.85274805713096,6.997594490901489,21.56800708489088,8.959453332084333,-18.375213623046875,6.298187255859375,61.94006012447368,78.27618066961693,109.45927929913366,8.959453332084333,38.812897510461546,-22.344395511194026,-11.08717406630377,11.257221444890256,-67.84604154069612,-0.31846912623287693,11.002403524199254,18.309906137699926,18.309906137699926,192.1281394958496,286.9928741455078,10.058366069253848,-22.344395511194026,-11.08717406630377,1.6981527462330117,14.751132142232374,14.751132142232374,10.999387579982095,3.8138537672172728,10.999387579982095,152.69222135107375,144.53277989199694,144.53277989199694,152.69222135107375,6.675463018203952,11.529342710244588,11.529342710244588,4.8775622298188015,4.8775622298188015,4.690453098329238,6.852591427337531,3.782669280321765,8.707082124043131,8.919333910341976,12.666349884540239,9.363667959237343,0.3843231201171875,23.528726418906885,0
d36809d4-cae5-4680-96d9-ccb64afe7f35_delivery_2,37,67.91716621058416,63.17374216746994,67.91716621058416,22.549076969533942,11.166808245060905,22.549076969533942,81.29191757845932,5.047815529714337,117.86003698607226,118.44547463122767,23.604492239620466,6.933523629347742,7.999554053383571,4.821771065068081,23.604492239620466,6.933523629347742,-21.189727783203125,3.740478515625,63.17374216746994,11.166808245060905,118.44547463122767,6.933523629347742,34.94460010078547,-20.766123589698115,-10.006997937061007,10.759125652637108,-67.91696011151964,1.5782719214959116,20.770896429489383,24.089910582574507,24.089910582574507,192.53872299194336,286.46382904052734,20.090315510999954,-20.766123589698115,-10.006997937061007,4.419387165656418,1.9310295376992375,4.419387165656418,14.174918934955953,4.332389757479981,14.174918934955953,153.28732403492035,145.73978148313464,145.73978148313464,153.28732403492035,18.37576067538144,21.37089971221735,21.37089971221735,11.690498391362928,11.690498391362928,9.952501578069228,14.903727826661767,4.03240017876317,8.675150248442757,14.441312851428387,24.893198582211205,10.098153427840952,-2.1202239990234375,22.855998865675264,0
d36809d4-cae5-4680-96d9-ccb64afe7f35_delivery_2,38,5.5226146109977305,121.3568911841463,121.3568911841463,36.80945845932233,129.48049283512938,129.48049283512938,80.25033844800318,59.52334981265107,127.9746936095881,62.05496662718864,24.69518017584444,5.016025785417198,8.097161661445352,5.051281888899661,24.69518017584444,5.016025785417198,-22.43060302734375,0.288787841796875,121.3568911841463,129.48049283512938,62.05496662718864,5.016025785417198,57.56637574237997,-14.209242030073534,-6.934958842662852,7.274283187410682,-68.74115558420466,6.55688155962458,37.342709403124154,14.886087961559891,37.342709403124154,192.64690017700195,286.0635757446289,12.438428510880588,-14.209242030073534,-6.934958842662852,11.173238687716259,7.268851067751829,11.173238687716259,11.88404500405758,17.48420623430665,17.48420623430665,156.06727015979573,145.57333562852995,145.57333562852995,156.06727015979573,22.93561452048214,11.043323731974633,22.93561452048214,16.317714868056402,16.317714868056402,14.764733890767065,12.632125439034072,3.8848067300215123,8.82746905163995,18.114633277729524,16.58664573239591,9.748048099970315,-1.96295166015625,35.59896114171408,0
d36809d4-cae5-4680-96d9-ccb64afe7f35_delivery_2,39,14.428456819784815,201.53798369301666,201.53798369301666,34.88362745517676,153.12538434060676,153.12538434060676,78.88781942049253,81.76684131294266,137.13919304698666,49.320285984947695,25.40582957844034,6.80735388698275,7.836126240871005,3.586177800507781,25.40582957844034,6.80735388698275,-23.34735107421875,-5.786712646484375,201.53798369301666,153.12538434060676,49.320285984947695,6.80735388698275,76.43350323294344,-7.943825748779557,-4.381799164452886,3.562026584326671,-69.40061874211786,6.2654162812939775,36.64693318955321,17.978633899522425,36.64693318955321,192.6139373779297,285.5108871459961,16.610120705860105,-7.943825748779557,-4.381799164452886,10.56967880724192,16.02893071719733,16.02893071719733,16.674099054807524,20.512735423080866,20.512735423080866,159.1842358517473,146.32132063643593,146.32132063643593,159.1842358517473,28.83824324981643,14.01625438729458,28.83824324981643,16.356266584449905,16.356266584449905,15.475717656441658,8.582184866588213,3.590850114763555,9.143071437123059,15.98620855989293,20.258570874708674,9.02118384145246,-3.0710601806640625,47.10341341975826,0
d36809d4-cae5-4680-96d9-ccb64afe7f35_delivery_2,40,52.40450824408475,160.79094911286364,160.79094911286364,60.897740152440726,135.67172801920816,135.67172801920816,78.8964893874111,91.94809247001707,141.29917176199618,45.40199740364036,25.1983532713711,10.946398206371818,7.615541919783308,2.8230869829238574,25.1983532713711,10.946398206371818,-23.364166259765625,-10.822357177734375,160.79094911286364,135.67172801920816,45.40199740364036,10.946398206371818,77.68370125239497,-0.7770552994525538,-1.2846566428728556,0.5076013434203018,-69.25371986234106,7.166770449327003,52.486435731677005,3.850846254095543,52.486435731677005,192.64366912841797,284.6143493652344,26.910919203702807,-0.7770552994525538,-1.2846566428728556,9.919371717392867,30.94576417748152,30.94576417748152,27.505260272274388,25.16714877190943,27.505260272274388,162.53225430483502,148.70720106232238,148.70720106232238,162.53225430483502,34.075783320822474,19.899841395549085,34.075783320822474,18.174475075302837,18.174475075302837,15.634509235807903,16.085274213393497,3.4457647951273267,8.476254469957112,22.838524143211547,24.07104029496539,8.65028054871873,-1.62017822265625,51.13461476414997,0
d36809d4-cae5-4680-96d9-ccb64afe7f35_delivery_2,41,57.77087695103797,9.970017488053502,57.77087695103797,38.34736761658169,55.20010095412783,55.20010095412783,79.95231184457145,93.25342654894695,138.8748795349897,39.36740200094803,24.466082320701126,11.821356617586016,6.8879175968341935,4.32442031098115,24.466082320701126,11.821356617586016,-22.883880615234375,-11.6358642578125,9.970017488053502,55.20010095412783,39.36740200094803,11.821356617586016,38.842921901307015,2.905596095219314,0.08786781600920174,2.817728279210112,-69.84875049682987,3.6826513946718675,43.07471272344759,28.694455674593513,43.07471272344759,192.57301330566406,283.728759765625,26.652111845082597,2.905596095219314,0.08786781600920174,18.9517505782077,41.19327503960063,41.19327503960063,27.11786748841115,35.88031691398167,35.88031691398167,165.45874401087292,151.0862057786726,151.0862057786726,165.45874401087292,29.45080228931991,22.744309151198323,29.45080228931991,32.06502210023429,32.06502210023429,34.487108277357436,23.647635674091955,2.7456613725251975,9.170013226694026,39.582064198996285,41.33002731563844,6.737444998914974,0.8455810546875,34.03298773904679,0
d36809d4-cae5-4680-96d9-ccb64afe7f35_delivery_2,42,73.89755897568023,23.523188496250146,73.89755897568023,63.400394462708306,17.081175633105286,63.400394462708306,78.69191346079668,90.42863482694732,138.23869587803125,53.29120775545421,23.25969930232321,12.833516614086786,6.5895605841191935,4.682273173598469,23.25969930232321,12.833516614086786,-21.537872314453125,-12.300018310546875,23.523188496250146,17.081175633105286,53.29120775545421,12.833516614086786,40.95812955263659,4.683581780284059,0.500824258513252,4.182757521770807,-71.08102391041332,1.777985685064745,33.405093938279066,34.44136580979652,34.44136580979652,192.40336990356445,283.08702850341797,19.913264601586135,4.683581780284059,0.500824258513252,7.606527627285776,42.50571134637278,42.50571134637278,29.40227051687224,33.29059508141413,33.29059508141413,167.77210617867487,154.15400667550776,154.15400667550776,167.77210617867487,16.168895795576635,12.530782853787159,16.168895795576635,13.328272988113001,13.328272988113001,13.516634097389844,13.35650059401361,2.2103803536280235,9.827110275085953,21.31221688864206,37.819900046278654,5.429640018153467,1.306060791015625,32.271130044760696,0
d36809d4-cae5-4680-96d9-ccb64afe7f35_delivery_2,43,34.434704213958355,137.65447716758382,137.65447716758382,59.74393100961146,8.208994740841057,59.74393100961146,81.3211783074929,93.03109006797105,146.0083786876376,114.29702007985202,23.31672024433562,17.94440378467553,7.149752463122725,3.421320910404106,23.31672024433562,17.94440378467553,-22.1053466796875,-17.811553955078125,137.65447716758382,8.208994740841057,114.29702007985202,17.94440378467553,51.99605165864583,5.456618797046353,1.0080232373125135,4.44859555973384,-70.60518122871457,0.7730370167622942,37.49342722958507,34.44077559029526,37.49342722958507,192.6997413635254,282.05482482910156,32.21726898414111,5.456618797046353,1.0080232373125135,14.815560192173047,30.162971040151362,30.162971040151362,21.05491491039677,24.43922727462648,24.43922727462648,169.1597752666358,157.02623019695713,157.02623019695713,169.1597752666358,30.062658261005982,28.058422535679025,30.062658261005982,25.78806896819854,25.78806896819854,23.50333239645877,25.389277529265904,2.0581770103324213,8.534693324627096,27.887738493204573,29.96222944323054,5.073541163023409,-1.9338836669921875,38.38083868049231,0
d36809d4-cae5-4680-96d9-ccb64afe7f35_delivery_2,44,12.644348509124713,84.42249414251617,84.42249414251617,46.171689695746466,15.307143571362245,46.171689695746466,85.09827273383786,95.00651855742315,147.41076508324412,139.8258322991859,24.457227196466913,21.296108948136858,8.69235331075567,4.8202729618647355,24.457227196466913,21.296108948136858,-23.51708984375,-21.25885009765625,84.42249414251617,15.307143571362245,139.8258322991859,21.296108948136858,37.89488983699259,7.605386078461976,2.861118467509077,4.744267610952899,-70.08312040802787,2.1487672814156227,35.612692349004675,33.21097075420127,35.612692349004675,193.17201614379883,281.2716369628906,27.436910024201495,7.605386078461976,2.861118467509077,19.05721503470446,15.786432765001232,19.05721503470446,13.793454467851252,1.6130155700774378,13.793454467851252,169.97171212461345,159.85137318472223,159.85137318472223,169.97171212461345,24.753621230159535,21.322797747597523,24.753621230159535,30.388074838136145,30.388074838136145,30.278585872952767,31.094204221890024,2.163127458100698,7.903871149642378,30.90125920160482,34.550486775518614,5.341210464586915,-1.5540618896484375,26.974656319778916,0
d36809d4-cae5-4680-96d9-ccb64afe7f35_delivery_2,45,42.63400415720638,77.74139524274084,77.74139524274084,32.08726129716368,12.47474912927536,32.08726129716368,88.90109881803338,95.01309126746624,148.30071141060267,150.32133588550363,26.490307314460903,24.49160115423853,10.578724374337451,6.806216529871529,26.490307314460903,24.49160115423853,-25.789154052734375,-24.4603271484375,77.74139524274084,12.47474912927536,150.32133588550363,24.49160115423853,35.39083509753073,9.380592186758376,3.947402601630546,5.433189585127829,-70.41802438837244,1.7752061082964001,28.37115007241885,19.036450686379307,28.37115007241885,193.26980590820312,280.6275405883789,19.544326028626553,9.380592186758376,3.947402601630546,19.46227977816209,11.941279798924748,19.46227977816209,15.113978024436886,8.713853678296852,15.113978024436886,170.5757871135362,160.89314423153994,160.89314423153994,170.5757871135362,19.670472727341433,13.962054408374547,19.670472727341433,27.891497147571933,27.891497147571933,31.893963835014546,25.264191578380863,1.795490100816912,10.85700291898329,39.18710286432444,24.366206493746503,4.3381395303980295,-1.9717254638671875,25.10074408339342,0
d36809d4-cae5-4680-96d9-ccb64afe7f35_delivery_2,46,47.72581100048813,102.48806557216632,102.48806557216632,23.653485736104667,18.74437959446545,23.653485736104667,90.5819619097346,95.40752406695138,149.21906359098236,165.36275719275005,28.74355070494876,28.462310152967476,12.863772726619654,10.046018344630884,28.74355070494876,28.462310152967476,-28.044952392578125,-28.461944580078125,102.48806557216632,18.74437959446545,165.36275719275005,28.462310152967476,40.21819725695942,9.079814586915457,4.056361347236306,5.023453239679151,-69.79976180226585,-0.3007775998429185,21.050807893137687,27.646633745394308,27.646633745394308,193.46644973754883,279.8909378051758,22.87197434105982,9.079814586915457,4.056361347236306,14.377615864920031,12.041191505275311,14.377615864920031,21.834120082480407,23.946574510502835,23.946574510502835,170.52324101724201,162.56701230342176,162.56701230342176,170.52324101724201,24.94610796312194,24.277158085856566,24.94610796312194,8.38239622126829,8.38239622126829,8.987127744043091,7.0069607132092875,2.011033394475671,12.18684847931956,15.83695881650178,23.940537526562544,4.973193334509485,-2.4459686279296875,30.2276626294928,0
d36809d4-cae5-4680-96d9-ccb64afe7f35_delivery_2,47,113.61401453877117,32.32029886190114,113.61401453877117,78.4578887095435,14.92669565039991,78.4578887095435,91.70870349086043,96.2447178861769,143.49347276055693,166.6992268519039,26.513896214517846,29.941454250355694,12.192301338965866,10.74310666349094,26.513896214517846,29.941454250355694,-25.7073974609375,-29.931060791015625,32.32029886190114,14.92669565039991,166.6992268519039,29.941454250355694,51.09477739141476,12.877983427440743,5.5562412611889265,7.321742166251816,-69.5420715026416,3.7981688405252854,44.76139022359707,22.488376364275716,44.76139022359707,193.56098175048828,278.99764251708984,26.948497098506824,12.877983427440743,5.5562412611889265,14.351759049301883,18.724420479510748,18.724420479510748,18.692467068596432,22.32013066568319,22.32013066568319,170.33282088360914,162.65757332832717,162.65757332832717,170.33282088360914,24.807488174472418,20.795774103994546,24.807488174472418,40.253879690786206,40.253879690786206,44.327742592261686,38.62059465242144,1.8437545016605572,15.99906557383554,46.42063290961544,29.320876660968473,4.418416273894669,1.4849853515625,35.521725324170646,0
d36809d4-cae5-4680-96d9-ccb64afe7f35_delivery_2,48,104.40110413279396,19.268599281691536,104.40110413279396,89.08777763157751,16.364978155226208,89.08777763157751,93.6708268429078,96.61877095675881,138.3393016054139,166.98327313911116,24.327008569222755,30.354739247607178,12.090252239487727,10.93756610748204,24.327008569222755,30.354739247607178,-23.428619384765625,-30.3369140625,19.268599281691536,16.364978155226208,166.98327313911116,30.354739247607178,46.81328425058857,18.320419745620068,7.483869758926928,10.83654998669314,-69.82422216939584,5.442436318179325,36.97503087096607,14.782215431276223,36.97503087096607,193.58294296264648,278.41036224365234,17.630722417628103,18.320419745620068,7.483869758926928,14.455778861775762,24.257412890757088,24.257412890757088,20.715605935155622,41.57219849474207,41.57219849474207,170.5333735778561,163.90991619646164,163.90991619646164,170.5333735778561,17.466210448787095,11.276981670394449,17.466210448787095,24.261295238767488,24.261295238767488,28.666911049534548,22.019534291644796,1.7072130806521184,21.741499861267755,31.20276315419109,13.782394556582505,4.0843994477512355,1.677947998046875,34.2186578170953,0
d36809d4-cae5-4680-96d9-ccb64afe7f35_delivery_2,49,164.9956197980199,44.984498187466954,164.9956197980199,77.50653725801124,36.500207088249184,77.50653725801124,89.73929651212492,96.14242056527014,131.82656711856134,166.1484600435878,20.444864180628024,29.920795523934395,9.756205897339234,10.498728070059714,20.444864180628024,29.920795523934395,-19.075347900390625,-29.912811279296875,44.984498187466954,36.500207088249184,166.1484600435878,29.920795523934395,66.18285334563438,21.086285421297227,7.519836216506316,13.56644920479091,-70.89187180433896,2.7658656756771585,32.35472630239956,40.755531439659485,40.755531439659485,193.4124984741211,277.4772415161133,28.456792761106094,21.086285421297227,7.519836216506316,17.78865124887683,30.89584823996541,30.89584823996541,23.301240547974153,35.81740094534741,35.81740094534741,170.81196002394924,163.00789701258205,163.00789701258205,170.81196002394924,27.430071033837525,27.236332898500283,27.430071033837525,15.746302129061757,15.746302129061757,18.354281234366166,12.844698186579269,1.3564660834225084,28.809833693048333,22.164076816371345,24.71913198236286,3.2037520185993804,3.3929595947265625,46.63055541569233,0
d36809d4-cae5-4680-96d9-ccb64afe7f35_delivery_2,50,112.33199025522903,17.059172723451923,112.33199025522903,92.59292556472289,23.641551400513176,92.59292556472289,86.07650514809227,95.89925888845858,133.09952949144267,166.4331721363113,18.447393482672894,30.505525925385708,9.08326604423204,10.894590002368608,18.447393482672894,30.505525925385708,-16.719757080078125,-30.499969482421875,17.059172723451923,23.641551400513176,166.4331721363113,30.505525925385708,52.52201921171238,26.700306430536152,9.893223429986739,16.80708300054941,-71.16524127206722,5.614021009238925,40.47601384253255,29.030461483824766,40.47601384253255,193.24936294555664,276.47654724121094,30.417133481840427,26.700306430536152,9.893223429986739,20.607151650342857,17.44754106944092,20.607151650342857,16.194514884556995,21.806964154369677,21.806964154369677,171.64400341958822,164.3804204740068,164.3804204740068,171.64400341958822,32.370470971549416,28.45933610959138,32.370470971549416,15.628573417337424,15.628573417337424,16.47798809181128,12.075589525835014,1.1773183959440785,34.980704833115574,19.67928814137327,19.011770544222585,2.7871763149321307,1.9030303955078125,37.668174509177135,0
d36809d4-cae5-4680-96d9-ccb64afe7f35_delivery_2,51,95.80495789920747,39.53973675538342,95.80495789920747,80.31218102464621,30.450812102954806,80.31218102464621,81.75995220824973,95.76923863613094,136.25829764120923,164.1951591264646,16.750506920992486,30.014894201312913,8.206976697071827,10.294905672757642,16.750506920992486,30.014894201312913,-14.784149169921875,-30.014129638671875,39.53973675538342,30.450812102954806,164.1951591264646,30.014894201312913,53.11002909784014,33.52643027991889,13.04937532096718,20.47705495895171,-72.05815356868638,6.826123849382739,38.32586678282326,34.226620022025664,38.32586678282326,193.1874656677246,275.67447662353516,24.133663084323572,33.52643027991889,13.04937532096718,14.677457614105382,17.2482752021104,17.2482752021104,16.469228631942787,20.272702427034954,20.272702427034954,172.86931316787943,167.4961732187454,167.4961732187454,172.86931316787943,25.711495158866562,17.581574870367803,25.711495158866562,24.42906790607293,24.42906790607293,23.597135087831646,23.936803468428987,0.9674506977314293,41.41800557008259,24.351850402328424,32.82208738481509,2.236294250564889,2.1902008056640625,35.88507570762239,0
d36809d4-cae5-4680-96d9-ccb64afe7f35_delivery_2,52,20.481183534184364,43.019948784696574,43.019948784696574,9.128420102337785,11.036585838628806,11.036585838628806,79.74220082832095,95.77068264464896,144.32743110537993,166.68089738170815,17.6370476701815,28.576333826903554,8.549398113945061,8.964033045503413,17.6370476701815,28.576333826903554,-15.759490966796875,-28.5648193359375,43.019948784696574,11.036585838628806,166.68089738170815,28.576333826903554,17.224847761116386,33.71046010982871,14.643835590860002,19.06662451896871,-72.16167889230144,0.18402982990981798,10.167403672602505,9.515544634248288,10.167403672602505,193.34534454345703,275.3969268798828,9.579333987476046,33.71046010982871,14.643835590860002,23.112962052663754,6.421515315487354,23.112962052663754,17.52648759089995,26.61651114639335,26.61651114639335,174.43583067265288,169.43341079147498,169.43341079147498,174.43583067265288,16.51829781644066,15.877245377587691,16.51829781644066,14.500258296129623,14.500258296129623,16.319644704430107,12.823201964800935,1.069385623321914,38.0336623583072,15.302629906377492,3.558685404668125,2.5740402586075657,0.3660736083984375,17.451842155514257,0
d36809d4-cae5-4680-96d9-ccb64afe7f35_delivery_2,53,62.1435026765598,37.87840311933418,62.1435026765598,39.33038867620968,22.560024517995377,39.33038867620968,75.88587025147051,94.20566453174314,149.56823396319197,169.0190223484627,19.681728776984624,27.368275410432457,9.283193614950532,8.043138798155171,19.681728776984624,27.368275410432457,-17.38824462890625,-27.3641357421875,37.87840311933418,22.560024517995377,169.0190223484627,27.368275410432457,28.587945711422567,32.367113110872104,15.109399181535732,17.257713929336372,-72.64708610492804,-1.343346998956605,5.3937439343986355,4.2216113440377425,5.3937439343986355,193.4877700805664,275.4271926879883,4.368174388123019,32.367113110872104,15.109399181535732,14.537879514071133,16.08083668118158,16.08083668118158,12.95892168531512,36.407115259857605,36.407115259857605,176.59107939769237,170.96685313059072,170.96685313059072,176.59107939769237,5.0670879621548375,12.941086262979349,12.941086262979349,4.928895868713558,4.928895868713558,5.893726901419841,3.4938809781866302,1.1484046954867417,37.225572666708665,7.9487084973615865,1.5666382349085746,2.7907214772620765,-0.2763214111328125,22.460050136174587,0
d36809d4-cae5-4680-96d9-ccb64afe7f35_delivery_2,54,68.71330795328473,32.92140891736059,68.71330795328473,29.827026948596174,29.278665066487136,29.827026948596174,77.57345992452824,94.19351598296227,157.40369501738047,172.40755423884647,21.724776365561457,25.693491321501853,11.877890778545424,7.38081169277051,21.724776365561457,25.693491321501853,-19.760284423828125,-25.67755126953125,32.92140891736059,29.278665066487136,172.40755423884647,25.693491321501853,32.48667863268328,33.363026117047454,16.97375691648176,16.389269200565693,-72.6619626990626,0.9959130061753498,3.125906160968668,31.053756749402368,31.053756749402368,193.81821060180664,275.875,16.69581067489119,33.363026117047454,16.97375691648176,15.319949751411817,25.956150469464564,25.956150469464564,13.147558236429733,39.33412577184444,39.33412577184444,179.28185788250386,173.5702369747591,173.5702369747591,179.28185788250386,12.933975583527385,29.420767931452936,29.420767931452936,9.27461446594973,9.27461446594973,6.318208769679285,11.865687962091979,1.4661771304577864,34.98874725942066,0.568417337254259,26.96341739970324,3.66384661330547,-0.6230010986328125,27.586049961685877,0
d36809d4-cae5-4680-96d9-ccb64afe7f35_delivery_2,55,21.28181097130474,35.21232739993152,35.21232739993152,6.368168409021676,52.01372976266038,52.01372976266038,76.19304572226548,92.82560740305408,160.0724341462217,179.33265178887126,22.131640783626395,23.691147796737706,12.654990760720263,5.821177790973724,22.131640783626395,23.691147796737706,-20.050689697265625,-23.658905029296875,35.21232739993152,52.01372976266038,179.33265178887126,23.691147796737706,29.864423819669458,32.48864613111353,17.03638049178154,15.452265639331994,-72.81017206791788,-0.8743799859339205,15.876334209042547,48.434172166055916,48.434172166055916,194.2533721923828,276.6930694580078,27.798253960171344,32.48864613111353,17.03638049178154,13.152242512847227,32.73598635413013,32.73598635413013,11.591367332973007,40.09627526237553,40.09627526237553,179.10751812123294,174.3335950252694,174.3335950252694,179.10751812123294,20.712219346107045,42.11466814836373,42.11466814836373,18.36195145699221,18.36195145699221,17.003146770701424,13.843614159137163,1.927161243620793,31.46449015486423,13.424016178496453,34.353783265505434,4.963021366289048,0.0766448974609375,28.299108489567786,0
d36809d4-cae5-4680-96d9-ccb64afe7f35_delivery_2,56,10.677250783879744,36.60202267549874,36.60202267549874,19.36114926035749,43.87759315535248,43.87759315535248,76.02033549232088,92.32587001899027,159.05475729278263,177.44397437315152,22.164604384812314,22.269426523838764,13.544818301421973,4.732439165973287,22.164604384812314,22.269426523838764,-19.818939208984375,-22.24151611328125,36.60202267549874,43.87759315535248,177.44397437315152,22.269426523838764,27.872329741964972,32.56517217225722,17.21531690259711,15.349855269660111,-72.87164766993904,0.076526041143687,10.570164160311384,46.145798416389994,46.145798416389994,194.6740837097168,277.47811126708984,26.72002882748869,32.56517217225722,17.21531690259711,9.084054240909696,43.77934495463551,43.77934495463551,22.347108719901588,46.77859506172781,46.77859506172781,177.97017284453528,173.6243964170296,173.6243964170296,177.97017284453528,21.60017779337334,39.948197375354546,39.948197375354546,16.70382785558938,16.70382785558938,13.531078159302997,16.89345374626563,2.262889878597034,30.655124209006278,8.499391302256283,34.30561735119939,5.963689918641314,0.1236572265625,29.230954716474358,0
d36809d4-cae5-4680-96d9-ccb64afe7f35_delivery_2,57,41.90671392518426,31.168241467225798,41.90671392518426,14.029395835322445,27.3950572345482,27.3950572345482,77.32673621383485,92.34171863974447,158.70726934084973,178.69571414344065,23.141763319558585,21.70217729154676,14.509485391766514,4.618295228088238,23.141763319558585,21.70217729154676,-20.82904052734375,-21.67950439453125,31.168241467225798,27.3950572345482,178.69571414344065,21.70217729154676,25.725074988339628,30.657116670596153,15.876489936403587,14.780626734192566,-72.8486846710386,-1.9080555016610674,11.224343503647844,28.626697964109223,28.626697964109223,195.1343765258789,277.86920166015625,18.120128447209016,30.657116670596153,15.876489936403587,7.982125837055541,34.83932888343931,34.83932888343931,11.593990817293747,42.12953821697737,42.12953821697737,177.4175365982308,173.3514641405862,173.3514641405862,177.4175365982308,13.764268031552321,25.89528540917019,25.89528540917019,12.136709469129293,12.136709469129293,11.079047906105973,13.18397104994976,2.335705973719812,30.476400317711704,11.128757484934,18.630372896495558,6.210406251239548,-0.5778350830078125,24.212915593793856,0
d36809d4-cae5-4680-96d9-ccb64afe7f35_delivery_2,58,51.99194088777232,25.960257111256755,51.99194088777232,15.188387139832864,6.934576470284091,15.188387139832864,74.55514528532628,92.63575501078391,155.92479186593113,177.74124752943203,21.865327735597635,22.559789754468973,13.102114308118677,5.189931686012554,21.865327735597635,22.559789754468973,-19.012969970703125,-22.544403076171875,25.960257111256755,6.934576470284091,177.74124752943203,22.559789754468973,18.63396791886256,29.23964904228254,14.441818872268055,14.797830170014485,-73.4005636899468,-1.417467628313613,6.549862242494565,5.178783661534754,6.549862242494565,195.3046112060547,278.0383071899414,7.198532759154605,29.23964904228254,14.441818872268055,10.138266436995274,29.746358405969087,29.746358405969087,5.3281272164707945,41.32729027077298,41.32729027077298,178.3729684844175,173.04038837173215,173.04038837173215,178.3729684844175,11.2671069375484,14.785044543229807,14.785044543229807,3.7620327820673567,3.7620327820673567,3.509511430145457,3.6285082925573966,2.337250426881796,30.615675421138867,2.0041193116843323,1.655609700135218,6.202484974363447,0.4053497314453125,18.699666777013473,0
d36809d4-cae5-4680-96d9-ccb64afe7f35_delivery_2,59,35.15281891769252,45.45142254078562,45.45142254078562,34.56216262163432,17.491330491036987,34.56216262163432,71.85661622117212,91.44235373915178,153.20889205710685,177.07854611014852,21.358174157035567,24.060548859594117,12.06042097006651,6.105336256856353,21.358174157035567,24.060548859594117,-17.93505859375,-24.058746337890625,45.45142254078562,17.491330491036987,177.07854611014852,24.060548859594117,25.028676258476562,28.35637268097733,13.324439628601622,15.031933052375708,-73.54046812640595,-0.8832763613052101,12.038026990465346,5.476295989244563,12.038026990465346,195.33459091186523,278.17720794677734,4.262978150199091,28.35637268097733,13.324439628601622,14.967868540311082,16.24136964717446,16.24136964717446,4.797805387203704,24.532835552374237,24.532835552374237,179.9878965921656,172.51187144310586,172.51187144310586,179.9878965921656,7.799081842664689,0.5200648623843084,7.799081842664689,21.015211047758562,21.015211047758562,21.196937325390508,15.199968280101576,2.108706932989424,33.02518849836236,13.623103756939667,8.14288609856283,5.541940710799158,-0.3849334716796875,18.25259028191432,0
d36809d4-cae5-4680-96d9-ccb64afe7f35_delivery_2,60,27.504534562989388,30.90016047530233,30.90016047530233,42.06217510122177,11.138063168210184,42.06217510122177,70.27964025969139,91.2469266570847,149.1456741304243,173.08180227616617,21.212749688336714,25.436467192108715,11.237847667640116,7.353713128251129,21.212749688336714,25.436467192108715,-17.272735595703125,-25.434295654296875,30.90016047530233,11.138063168210184,173.08180227616617,25.436467192108715,23.66634051052289,26.192968355098138,11.303602980374718,14.88936537472342,-73.95243073983302,-2.163404325879192,14.726198563296947,15.66691119211674,15.66691119211674,195.36525344848633,278.2145690917969,1.4499798889258169,26.192968355098138,11.303602980374718,18.432595948971265,14.049656784807448,18.432595948971265,2.2877084711322184,20.263504691755653,20.263504691755653,178.83632675732545,172.10768446013233,172.10768446013233,178.83632675732545,10.931132107322032,4.608312705140413,10.931132107322032,26.877207895796644,26.877207895796644,25.973743919049294,17.413355589646386,1.8087930111898092,35.73000719577745,14.76570325927204,10.201607160659272,4.728762354045772,-0.394622802734375,17.714246147688865,0
d36809d4-cae5-4680-96d9-ccb64afe7f35_delivery_2,61,18.793284032163616,20.640579721085658,20.640579721085658,25.424298173241123,17.962852156042004,25.424298173241123,68.62823488965532,91.01555265438449,146.1742848606274,175.2767446097144,21.030920373906007,26.01447714324675,10.737702110580564,7.616833651466742,21.030920373906007,26.01447714324675,-16.59881591796875,-26.013946533203125,20.640579721085658,17.962852156042004,175.2767446097144,26.01447714324675,17.880126292978357,24.016242176565513,9.87628480751185,14.139957369053663,-74.10489444119933,-2.1767261785326255,11.997887056097595,12.461856619240132,12.461856619240132,195.59921646118164,278.43359375,9.614543306336314,24.016242176565513,9.87628480751185,12.473709028711962,21.427515772212182,21.427515772212182,11.97714696200371,13.511672431683616,13.511672431683616,177.18807059686736,171.1697165137308,171.1697165137308,177.18807059686736,8.94135920470349,14.706003126553941,14.706003126553941,27.583897617308722,27.583897617308722,22.44960433323242,21.63418515484261,1.7510125443872446,34.596030409194306,8.081364063898423,6.351369265180585,4.666072842114217,-0.1837005615234375,15.85984702364492,0
d36809d4-cae5-4680-96d9-ccb64afe7f35_delivery_2,62,9.83937413161477,15.8037818069875,15.8037818069875,2.637598050049775,8.240283287338984,8.240283287338984,67.34178405155862,90.96471557727835,146.0173994792161,174.55859766181993,20.83797057829588,26.276986906326673,10.681593302316584,7.861692161438925,20.83797057829588,26.276986906326673,-16.123504638671875,-26.275238037109375,15.8037818069875,8.240283287338984,174.55859766181993,26.276986906326673,8.486803877907157,24.030447836992643,9.50562294080804,14.524824896184603,-74.43044249570875,0.01420566042713034,6.8882527549702015,7.511533236481711,7.511533236481711,195.6336555480957,278.6894836425781,7.745909826999461,24.030447836992643,9.50562294080804,5.15762117832229,14.083127182180235,14.083127182180235,5.8322473724374415,23.971749869388525,23.971749869388525,176.37128179783548,171.13860529854384,171.13860529854384,176.37128179783548,9.305983146907932,9.436764154736318,9.436764154736318,12.194048401494562,12.194048401494562,10.300583751676209,10.889571682995859,1.8872078529148855,31.920038244751833,9.98730599086414,8.595206359441283,5.091552324141836,-0.12274169921875,9.892359680951307,0
d36809d4-cae5-4680-96d9-ccb64afe7f35_delivery_2,63,35.70650911994029,16.790661167710056,35.70650911994029,22.504559763611127,12.29242896928199,22.504559763611127,67.73558462270628,92.46285519003959,152.71235415410914,171.64555692934172,21.424270931692675,25.325809079618228,11.758516345232836,7.5805993579910025,21.424270931692675,25.325809079618228,-17.1466064453125,-25.3258056640625,16.790661167710056,12.29242896928199,171.64555692934172,25.325809079618228,17.251473429557024,24.98970996039751,9.843851126741873,15.145858833655636,-74.13648137925354,0.9592621234048657,3.2199137028464686,12.994767853952204,12.994767853952204,195.6216163635254,278.85257720947266,4.906119461932118,24.98970996039751,9.843851126741873,4.6438959218949325,13.325348934778145,13.325348934778145,1.4135012830191038,19.271230800928638,19.271230800928638,176.50989798080053,170.54369206112818,170.54369206112818,176.50989798080053,4.362053544326092,3.1914495632414455,4.362053544326092,14.470555743306054,14.470555743306054,12.53532847618718,14.126619221519961,1.9897027906140663,30.475748325566023,10.811803568314648,15.349405449735704,5.462742812090546,-0.2967987060546875,12.476360052127541,0
d36809d4-cae5-4680-96d9-ccb64afe7f35_delivery_2,64,20.928095141588607,14.860187342754704,20.928095141588607,17.321024902566396,6.2085306029386365,17.321024902566396,68.46282260824731,94.08298812437688,155.6632956292097,169.73079456632814,21.458556644231138,24.45744133223479,12.232408533040692,7.002660634329305,21.458556644231138,24.45744133223479,-17.551177978515625,-24.45245361328125,14.860187342754704,6.2085306029386365,169.73079456632814,24.45744133223479,14.030883210687056,25.12211632964919,10.023393746059735,15.098722583589456,-73.73428852056007,0.13240636925168303,1.6709673896287371,23.196493884645257,23.196493884645257,195.85719680786133,278.93343353271484,7.472101557499508,25.12211632964919,10.023393746059735,8.090007226879536,14.812454861013077,14.812454861013077,2.895707626910475,26.73321553520446,26.73321553520446,176.94414126924445,171.1465296156573,171.1465296156573,176.94414126924445,4.519843520567588,12.386627738617381,12.386627738617381,22.88891924476949,22.88891924476949,23.523791145674856,19.1730772916753,2.3595797172840807,25.984096304257687,18.341688519998538,24.037117620383658,6.532250642910321,0.0131072998046875,12.80192964777624,0
d36809d4-cae5-4680-96d9-ccb64afe7f35_delivery_2,65,11.74915131350374,4.926324540340706,11.74915131350374,23.239562245473397,6.022376724082425,23.239562245473397,68.94463853365457,95.56480947205843,157.57144293923704,167.74394592055398,21.406056288623436,24.052393699541874,12.873685998971556,7.095818759119464,21.406056288623436,24.052393699541874,-17.679229736328125,-24.038116455078125,4.926324540340706,6.022376724082425,167.74394592055398,24.052393699541874,10.847090067638538,25.148119862968105,10.14062878705988,15.007491075908225,-73.46609977218837,0.026003533318913696,2.626251105628764,16.518874476802193,16.518874476802193,196.0134162902832,278.9754333496094,4.8530052726737685,25.148119862968105,10.14062878705988,14.205505808022886,14.459172559914098,14.459172559914098,6.892084492631673,17.112863579769638,17.112863579769638,177.49535404899996,171.34533194168552,171.34533194168552,177.49535404899996,4.74023616446519,9.540173162477855,9.540173162477855,19.637145121073424,19.637145121073424,20.464288969000815,14.994367672675875,2.6600764271110946,23.25214630428754,15.235344003157484,17.867270873750517,7.375185213677853,-0.034698486328125,11.002714681092712,0
d36809d4-cae5-4680-96d9-ccb64afe7f35_delivery_2,66,10.49780752663226,4.43470445239784,10.49780752663226,17.909338011635423,23.40915295460636,23.40915295460636,70.09430641343093,97.14098102371464,158.34891459746385,164.57832248860296,21.39470974909814,23.852085680132614,13.54928972060413,7.698640882799243,21.39470974909814,23.852085680132614,-17.857574462890625,-23.834228515625,4.43470445239784,23.40915295460636,164.57832248860296,23.852085680132614,10.59217571822873,25.23517544932012,10.047489688048378,15.187685761271743,-73.47308005218405,0.08705558635201527,4.500831962955942,2.801219401144563,4.500831962955942,196.09762573242188,278.95767974853516,2.581816888698334,25.23517544932012,10.047489688048378,15.484386392722957,15.075396114187546,15.484386392722957,5.81145035106898,12.366293499527968,12.366293499527968,178.6413181002024,171.51286021936141,171.51286021936141,178.6413181002024,5.713336138593331,5.513634116056674,5.713336138593331,14.53377761075128,14.53377761075128,13.618550481473788,11.766345035678247,2.7884044620594777,22.365707290602426,8.111965501437252,10.5367173713264,7.71152456983026,-0.0915679931640625,10.29312924346082,0
d36809d4-cae5-4680-96d9-ccb64afe7f35_delivery_2,67,16.948694851170714,14.08905636118429,16.948694851170714,12.82289696745766,13.347719254211048,13.347719254211048,68.7223893629227,97.29184809505995,158.72680079087627,163.79833463872714,21.6669942829066,23.638995341107048,13.54789897889368,7.689311385513741,21.6669942829066,23.638995341107048,-17.8798828125,-23.62335205078125,14.08905636118429,13.347719254211048,163.79833463872714,23.638995341107048,11.362080012585958,24.549467864544003,9.570171903773254,14.979295960770749,-73.53009251079165,-0.685707584776118,3.305852481763185,7.658260159728854,7.658260159728854,196.17316436767578,278.8015365600586,5.203662426722645,24.549467864544003,9.570171903773254,5.644233740734082,11.641769456928715,11.641769456928715,3.028404238521113,1.4826187297102948,3.028404238521113,179.0509548365167,170.28853021927654,170.28853021927654,179.0509548365167,5.381281902336214,7.2001001710554515,7.2001001710554515,7.013519238242794,7.013519238242794,6.815102529045746,6.0536856360782885,2.709844930416823,22.562288752031055,4.879150581503018,5.878196979269086,7.498072724786549,0.226165771484375,8.545907359566803,0
d36809d4-cae5-4680-96d9-ccb64afe7f35_delivery_2,68,67.07893072725015,18.888562366053563,67.07893072725015,29.70161628818676,12.707251499218575,29.70161628818676,64.91206168632162,95.34751867068188,154.66150726594105,161.60772222451934,20.31405307804345,23.278496276208646,11.67284464870822,6.979928462200683,20.31405307804345,23.278496276208646,-15.714447021484375,-23.278472900390625,18.888562366053563,12.707251499218575,161.60772222451934,23.278496276208646,23.92187296046796,25.028839586370367,9.618129440925324,15.410710145445043,-73.9514148392991,0.47937172182636445,3.174633045097729,11.980243837000993,11.980243837000993,196.1444206237793,278.78902435302734,0.940469204270714,25.028839586370367,9.618129440925324,6.861916300820731,5.651759779183925,6.861916300820731,7.838425873722806,8.571649202482558,8.571649202482558,179.13278391258865,168.91920890513867,168.91920890513867,179.13278391258865,7.623686086161996,2.483800922387082,7.623686086161996,7.248691083053913,7.248691083053913,4.3180475200020325,7.467484678490015,2.6309796109722114,24.11823095292535,1.4062237737117411,10.6322663597959,7.182347077607654,1.251129150390625,15.213539660630572,0
d36809d4-cae5-4680-96d9-ccb64afe7f35_delivery_2,69,62.81552531379337,15.415845215670052,62.81552531379337,31.814675428932425,17.398015288333266,31.814675428932425,60.62535774251893,94.20034282405992,149.86047837078942,155.35250619915286,19.52680823722177,22.871144207546312,10.442108631770889,6.31460060511701,19.52680823722177,22.871144207546312,-13.819580078125,-22.85089111328125,15.415845215670052,17.398015288333266,155.35250619915286,22.871144207546312,24.705677660307476,26.196761549364403,9.90019814638043,16.296563402983974,-74.41761200689781,1.1679219629940363,3.3967013281553484,17.393303386960426,17.393303386960426,196.03438568115234,278.84293365478516,3.6759367885531677,26.196761549364403,9.90019814638043,7.783038989876746,1.8798166486317833,7.783038989876746,6.268902395030017,10.023587267560302,10.023587267560302,178.96158772294484,167.59839433529768,167.59839433529768,178.96158772294484,7.171104541701456,5.728985507450782,7.171104541701456,2.5932099896175393,2.5932099896175393,2.8942582657115676,3.8580300539768295,2.497667750483717,25.76589279044163,0.7892886489247691,13.10498916456266,6.771611908483809,1.1026611328125,15.590791776007999,0
d36809d4-cae5-4680-96d9-ccb64afe7f35_delivery_2,70,47.987742458103014,12.368091824189197,47.987742458103014,39.4634321235089,12.190258133553659,39.4634321235089,57.53901805459845,92.48460936598138,145.63183388715785,152.70907801016264,19.64690022387429,22.659695529611703,9.84552923626016,5.721790014643972,19.64690022387429,22.659695529611703,-12.917022705078125,-22.599884033203125,12.368091824189197,12.190258133553659,152.70907801016264,22.659695529611703,23.869918254694074,27.83596226546638,10.2328362972894,17.603125968176982,-74.84584455832979,1.6392007161019784,8.37921771807736,22.830767270732338,22.830767270732338,195.89238739013672,278.83424377441406,4.267918205050308,27.83596226546638,10.2328362972894,14.729007413172292,11.635332205373391,14.729007413172292,9.316045286275406,11.466483108811392,11.466483108811392,178.52615312828672,167.44843657324265,167.44843657324265,178.52615312828672,9.189498254663157,11.502008900966263,11.502008900966263,7.705376187785482,7.705376187785482,11.559710594063079,4.419632866096506,2.2799763958274886,29.328238760673138,13.397301033641526,13.693263693831478,6.056418391376591,0.6818695068359375,17.588157058118863,0
d36809d4-cae5-4680-96d9-ccb64afe7f35_delivery_2,71,70.4984077545636,26.888386906501793,70.4984077545636,43.91527867398692,20.9194902109155,43.91527867398692,54.73533012800323,88.77454114825514,133.15846485216505,155.59337416315012,19.645995688008803,22.346893202335902,9.153677420610542,4.544649099669106,19.645995688008803,22.346893202335902,-11.230743408203125,-22.22259521484375,26.888386906501793,20.9194902109155,155.59337416315012,22.346893202335902,31.783463640899964,27.945558102316284,10.153485814910823,17.79207228740546,-75.38683891965779,0.10959583684990193,7.801290206561841,20.677928092870115,20.677928092870115,195.7585563659668,278.6256332397461,7.4354682693387515,27.945558102316284,10.153485814910823,15.076297639395632,9.660826255471582,15.076297639395632,7.304249295500936,17.720947644020264,17.720947644020264,177.51992684775092,166.9244238478473,166.9244238478473,177.51992684775092,4.059735779651187,6.078336707797538,6.078336707797538,25.17555155373709,25.17555155373709,26.6118752961382,22.46388138469328,2.038823993023231,34.725528161814836,23.202442701921324,23.610494534402434,5.287707167865307,1.4070587158203125,20.88343126393641,0
d36809d4-cae5-4680-96d9-ccb64afe7f35_delivery_2,72,29.104634014073735,32.10349955347762,32.10349955347762,16.27093642785112,19.48886693564981,19.48886693564981,53.61603298061243,86.11169377468043,129.61647807997494,153.5298108198057,19.508371374409123,21.41678993919316,9.083070585259827,3.517189036263707,19.508371374409123,21.41678993919316,-10.509918212890625,-21.203857421875,32.10349955347762,19.48886693564981,153.5298108198057,21.41678993919316,18.4142358729221,29.520820190371968,11.082318516932396,18.43850167343957,-75.68478936798789,1.575262088055684,7.206783988246631,6.310694318233676,7.206783988246631,195.8339500427246,278.68143463134766,2.8139299244578218,29.520820190371968,11.082318516932396,15.122432935343598,16.15125980640768,16.15125980640768,9.46935159638737,20.020217232465214,20.020217232465214,176.9081110841395,167.25155802913875,167.25155802913875,176.9081110841395,9.69036206264402,5.0287207879974405,9.69036206264402,16.34799292945771,16.34799292945771,19.020852199284842,14.330034846812023,1.9259660359053277,39.435399207392805,18.437924741973582,6.485922022773254,4.877574497351459,0.887176513671875,15.497313304898157,0
d36809d4-cae5-4680-96d9-ccb64afe7f35_delivery_2,73,11.358965758943311,13.045670256877543,13.045670256877543,17.95065516900313,1.2965832577448397,17.95065516900313,53.54732857832024,85.94787980166596,134.95748840074867,160.25855769088392,19.65168609051977,21.535835598300313,9.449369608373448,3.488690422935084,19.65168609051977,21.535835598300313,-10.89068603515625,-21.366546630859375,13.045670256877543,1.2965832577448397,160.25855769088392,21.535835598300313,9.348426380317122,31.056053748958217,11.891446054368485,19.164607694589733,-75.9251052730108,1.535233558586249,10.096507035875069,2.342176803458832,10.096507035875069,196.02206420898438,278.67688751220703,5.645073450016147,31.056053748958217,11.891446054368485,13.215545241720031,16.173708678290353,16.173708678290353,9.388773977114521,16.04658669908745,16.04658669908745,176.5598988832101,168.33953012082227,168.33953012082227,176.5598988832101,12.044587206014628,3.2527054419077652,12.044587206014628,21.152308784664662,21.152308784664662,21.928050159291566,16.552426907122793,1.7230151342167952,43.590536304302624,18.45326987041307,7.933966933563641,4.321254866216884,-0.242218017578125,10.517705460503123,0
d36809d4-cae5-4680-96d9-ccb64afe7f35_delivery_2,74,21.629201291603653,6.886122361888336,21.629201291603653,24.38168949568403,8.949516976181602,24.38168949568403,54.81752234244333,85.45181708417704,133.28539531909541,168.0846586092423,19.18704990262301,21.93041652026081,9.819422154745181,3.670445473366439,19.18704990262301,21.93041652026081,-10.434539794921875,-21.7882080078125,6.886122361888336,8.949516976181602,168.0846586092423,21.93041652026081,13.25510246981139,31.607106491639264,12.408023965244507,19.199082526394758,-76.40467772176635,0.5510527426810476,10.544483718390806,7.139600975119922,10.544483718390806,196.29940032958984,278.55310821533203,9.111145609341586,31.607106491639264,12.408023965244507,6.092193105460365,7.703612894448827,7.703612894448827,5.896137259552658,10.741621115231624,10.741621115231624,176.49941613991788,168.85964804015876,168.85964804015876,176.49941613991788,13.444144192107789,9.682509898544993,13.444144192107789,23.981914885784605,23.981914885784605,25.274494389397177,19.383562780963363,1.4945245328280894,50.442194839696114,22.431812844136374,13.3090038657644,3.7344025654565978,0.2554168701171875,11.09090277368455,0
d36809d4-cae5-4680-96d9-ccb64afe7f35_delivery_2,75,36.693226917434075,8.977868410161065,36.693226917434075,25.669124251890835,8.805139869175012,25.669124251890835,54.57678866326616,85.31603681008032,131.64482632188867,170.8102575990734,18.20253849005595,21.589379629950724,9.63699114338755,3.5197043574774622,18.20253849005595,21.589379629950724,-9.44879150390625,-21.464080810546875,8.977868410161065,8.805139869175012,170.8102575990734,21.589379629950724,14.983428335136123,31.8306081229639,12.86552279994606,18.96508532301784,-76.89704086751023,0.22350163132463408,3.8992276251035927,5.855982937052156,5.855982937052156,196.55477905273438,278.49047088623047,7.888444365571563,31.8306081229639,12.86552279994606,4.953211859282176,6.803894754748961,6.803894754748961,10.960972327070312,4.214529469451172,10.960972327070312,176.72372937231722,168.5774302983649,168.5774302983649,176.72372937231722,10.998919328929968,13.472649988521107,13.472649988521107,14.109553562108477,14.109553562108477,13.810650603686137,12.581264774246147,1.4454996510588272,52.599306481339994,8.55619010319384,6.686435227545591,3.659985958494569,0.704925537109375,11.775395644901705,0
d36809d4-cae5-4680-96d9-ccb64afe7f35_delivery_2,76,17.285869672567713,13.908018612672286,17.285869672567713,29.36098922000254,24.056290584045986,29.36098922000254,54.71263624372126,87.60327406424865,137.49318230539708,162.02746376600106,17.48119663193555,21.819345664374023,9.505995640797924,4.126243849002641,17.48119663193555,21.819345664374023,-9.560791015625,-21.709869384765625,13.908018612672286,24.056290584045986,162.02746376600106,21.819345664374023,16.79712989623817,34.02701767313234,13.755435642189987,20.271582030942355,-77.23763806246838,2.1964095501684433,10.717470955544893,5.454140332595603,10.717470955544893,196.80569458007812,278.46346282958984,7.570946657263266,34.02701767313234,13.755435642189987,2.729331201163048,1.7282690866483075,2.729331201163048,4.877764402630699,3.709692055863539,4.877764402630699,177.3452762089485,168.81579198688377,168.81579198688377,177.3452762089485,15.461432428959403,7.062439185132286,15.461432428959403,10.995000125069735,10.995000125069735,9.770063947092119,9.137208476617133,1.4257501161945052,51.795176613448156,6.131596476959198,5.514923353741331,3.637451723442955,-0.2217254638671875,11.362642311485525,0
d36809d4-cae5-4680-96d9-ccb64afe7f35_delivery_2,77,35.31798828567976,14.904806926720768,35.31798828567976,30.134725084449993,12.87310920692862,30.134725084449993,53.59884704479659,88.85847648306184,138.3792240394975,160.45730573928975,16.584357671705483,22.323897653725187,9.250825218997111,4.734141944135344,16.584357671705483,22.323897653725187,-8.752227783203125,-22.231689453125,14.904806926720768,12.87310920692862,160.45730573928975,22.323897653725187,17.091768013894,34.93900416510458,14.024945548416207,20.914058616688372,-77.93850634529987,0.911986491972236,7.378445480413533,1.9415330991713164,7.378445480413533,197.00627517700195,278.28076934814453,8.139320341554026,34.93900416510458,14.024945548416207,2.553082893997895,4.158729548680792,4.158729548680792,2.7941777540289467,3.072840419341257,3.072840419341257,178.00038643132365,169.37240306697876,169.37240306697876,178.00038643132365,14.129928727602326,13.214966130965582,14.129928727602326,2.773477665684215,2.773477665684215,1.7947031519312922,2.3006007159310844,1.448054571275348,50.6778837179864,3.303945286828672,1.6793529945348122,3.7583112510851517,0.2955322265625,11.872861129831731,0
d36809d4-cae5-4680-96d9-ccb64afe7f35_delivery_2,78,33.288570759713274,15.829630657304518,33.288570759713274,23.385538938616158,19.799597695582182,23.385538938616158,55.81967513724139,89.26271768643652,134.74703841381915,161.61700222494477,15.666068227225683,22.55174845678597,9.009145648290538,4.872855059153903,15.666068227225683,22.55174845678597,-8.235198974609375,-22.477691650390625,15.829630657304518,19.799597695582182,161.61700222494477,22.55174845678597,21.4296004097645,33.37094398508907,13.541004567628713,19.82993941746036,-78.01009804718332,-1.5680601800155074,12.174374152923141,24.099890254447736,24.099890254447736,197.42078018188477,278.00438690185547,14.945952298888962,33.37094398508907,13.541004567628713,1.5514640064829124,6.640247874210042,6.640247874210042,2.2045294382684877,3.3856584908851954,3.3856584908851954,178.46656479632125,169.95347669494672,169.95347669494672,178.46656479632125,8.749955913739177,18.712605445464742,18.712605445464742,16.220859297747545,16.220859297747545,15.64709664458006,16.284357521767532,1.5141979260948208,45.28538032511702,11.619264939605468,15.822566169910523,3.9876752071209616,0.5135040283203125,14.151838635636464,0
d36809d4-cae5-4680-96d9-ccb64afe7f35_delivery_2,79,19.544101495380353,17.880286086317987,19.544101495380353,9.760289775674272,31.23437290654705,31.23437290654705,56.742705510471346,89.78992526850509,139.88014126527125,168.4517456722954,15.70637977737795,22.286123453798314,9.058180702396317,5.048597963024064,15.70637977737795,22.286123453798314,-8.992279052734375,-22.25933837890625,17.880286086317987,31.23437290654705,168.4517456722954,22.286123453798314,18.146127643786347,31.411503946434596,12.690382039470112,18.721121906964484,-77.8652392915516,-1.9594400386544741,8.274465388826892,22.18325020997152,22.18325020997152,197.81109237670898,277.78431701660156,13.442355725160294,31.411503946434596,12.690382039470112,2.260782579263023,4.319553867390575,4.319553867390575,3.5951593087272165,0.5838717763532462,3.5951593087272165,178.86323457539726,170.35438338032233,170.35438338032233,178.86323457539726,7.724148318182867,15.727957679538827,15.727957679538827,14.02408046247947,14.02408046247947,13.138622416112135,13.870724660103672,1.6149739897524409,39.741872790636,6.3927687361732195,13.874666470549494,4.249769881711792,-0.01361083984375,11.924019949347821,0
d36809d4-cae5-4680-96d9-ccb64afe7f35_delivery_2,80,11.222503940281994,29.42692967607004,29.42692967607004,18.488537402089232,54.83048994936928,54.83048994936928,59.03607600789622,89.0502231486738,139.3839480274087,177.52926936330005,15.350432464756539,21.80676314084204,9.187899232157044,4.99858724970445,15.350432464756539,21.80676314084204,-9.04522705078125,-21.8062744140625,29.42692967607004,54.83048994936928,177.52926936330005,21.80676314084204,27.500328700882545,27.907982978776264,11.61756632104983,16.290416657726432,-77.5406474662625,-3.503520967658332,8.517407349160548,42.516103888324174,42.516103888324174,198.45470428466797,277.5065383911133,21.029919818208693,27.907982978776264,11.61756632104983,2.533549563947155,3.906899127073496,3.906899127073496,6.976172077717867,1.4647536965345873,6.976172077717867,179.32089286048804,171.6635454495675,171.6635454495675,179.32089286048804,8.156969530435017,27.958089902122307,27.958089902122307,13.06503796309209,13.06503796309209,15.072883380645338,11.043130327121489,1.8537001387322085,31.945091775398808,9.150118391207146,20.559783204342242,4.916427380630874,0.541473388671875,17.99986717526048,0
d36809d4-cae5-4680-96d9-ccb64afe7f35_delivery_2,81,62.44474123359301,15.907816223582106,62.44474123359301,41.44744454656172,48.81733645963091,48.81733645963091,62.137447263103404,88.62958029565102,130.01399307009567,163.87798649568808,13.850245110627736,21.658813855244766,9.155432833097814,5.119804413879206,13.850245110627736,21.658813855244766,-7.282318115234375,-21.639923095703125,15.907816223582106,48.81733645963091,163.87798649568808,21.658813855244766,36.678837790870055,25.043183395052832,10.999333925995586,14.043849469057246,-77.29150103893892,-2.864799583723432,6.678828714402918,44.7768595674497,44.7768595674497,199.03857421875,277.44222259521484,17.622047536376257,25.043183395052832,10.999333925995586,8.646194961991595,4.733900217230813,8.646194961991595,5.860952355740503,4.470860868448364,5.860952355740503,178.63705257158728,173.30010681479,173.30010681479,178.63705257158728,0.619920357682475,29.36151025829223,29.36151025829223,17.51709346970577,17.51709346970577,18.280970795956854,15.345154580136223,2.0212332894968172,25.560864349364405,10.68191410618055,16.6208252992983,5.539850183960006,1.1201934814453125,22.81386381371719,0
d36809d4-cae5-4680-96d9-ccb64afe7f35_delivery_2,82,65.41025570959131,4.464396153940217,65.41025570959131,35.78897126390879,33.958531924855,35.78897126390879,64.32193687904626,89.04066547646879,120.29239030919155,154.0175530172418,12.476978451301923,21.660034254551142,9.160412839915786,5.520285496553233,12.476978451301923,21.660034254551142,-5.269134521484375,-21.56207275390625,4.464396153940217,33.958531924855,154.0175530172418,21.660034254551142,30.222016053731853,23.083312220582975,10.601814885428436,12.48149733515454,-76.97690926885366,-1.959871174469857,4.4627910019629775,37.24715026813282,37.24715026813282,199.4949493408203,277.4362106323242,13.692441570744124,23.083312220582975,10.601814885428436,6.226657298409249,5.14430936604236,6.226657298409249,4.834594796393468,4.095767389047082,4.834594796393468,178.01931257120546,174.47180929233403,174.47180929233403,178.01931257120546,1.739014245980685,23.094412528163687,23.094412528163687,18.667409919242655,18.667409919242655,21.262470272312438,13.807813306711106,2.272022361547788,20.205475656524897,13.093155030557947,15.111178358470344,6.310410034718797,1.1091461181640625,18.872237662202306,0
d36809d4-cae5-4680-96d9-ccb64afe7f35_delivery_2,83,18.521676234739267,121.79603043634098,121.79603043634098,14.18091908290538,48.77216157190617,48.77216157190617,68.2235742142181,87.59705611032399,113.2941294229094,126.38593689217949,12.143397404112688,17.81747721346887,9.356050150344513,3.6643353200010385,12.143397404112688,17.81747721346887,-4.779632568359375,-17.6798095703125,121.79603043634098,48.77216157190617,126.38593689217949,17.81747721346887,37.42449136625873,21.918494768578885,10.29118965558695,11.627305112991936,-76.84425860503771,-1.1648174520040904,3.739913314729573,17.536247556930988,17.536247556930988,199.6764259338379,277.3758544921875,5.737504311015707,21.918494768578885,10.29118965558695,3.6997718478110073,7.240559869565093,7.240559869565093,8.953353083629969,2.9556065816148087,8.953353083629969,178.00656241466257,174.2788580709486,174.2788580709486,178.00656241466257,1.8759091043432143,9.668609652083553,9.668609652083553,4.8667427391914835,4.8667427391914835,4.916209319087405,1.443990452322843,2.459454982444903,20.035646477870664,3.2304094315183267,14.202376242354743,6.811744882750825,2.303070068359375,21.578396528050003,0
d36809d4-cae5-4680-96d9-ccb64afe7f35_delivery_2,84,16.760632871162297,6.190095690957276,16.760632871162297,19.67360982015896,17.110432621114132,19.67360982015896,71.41460231706073,87.89941567024815,109.29326039137403,123.79835945497754,11.860214129932016,17.683165139885396,9.653599275765584,4.004890230967737,11.860214129932016,17.683165139885396,-4.292572021484375,-17.47747802734375,6.190095690957276,17.110432621114132,123.79835945497754,17.683165139885396,13.748975440961843,21.212667165741387,10.014171672572127,11.19849549316926,-76.6746290261817,-0.7058276028374983,3.9071566483226077,18.851924994055786,18.851924994055786,199.88067245483398,277.37562561035156,6.127399477209915,21.212667165741387,10.014171672572127,6.345777939780744,8.397823578829408,8.397823578829408,10.076787019089902,1.6732807009830797,10.076787019089902,177.6166318425104,174.05119725121804,174.05119725121804,177.6166318425104,2.3665904145428023,11.746588340554931,11.746588340554931,8.933394106298815,8.933394106298815,9.548990222119189,2.3974547997918587,2.709207255574048,18.94580314397531,4.828892909191097,16.569120691606354,7.488840174480145,0.3255767822265625,10.25839171996266,0
d36809d4-cae5-4680-96d9-ccb64afe7f35_delivery_2,85,18.87739825574949,64.12430680920109,64.12430680920109,10.496816502041073,9.272566202659975,10.496816502041073,70.75360622810825,89.67624365212932,108.17623269023719,96.7489926654615,11.753142715571085,15.596450368850507,9.753272876507749,3.2842532391625037,11.753142715571085,15.596450368850507,-3.77093505859375,-15.269805908203125,64.12430680920109,9.272566202659975,96.7489926654615,15.596450368850507,19.033437051658733,21.43007536251472,10.148364234447987,11.281711128066734,-77.1890669558126,0.21740819677333434,4.406962550154763,7.022571990146,7.022571990146,200.07032775878906,277.43763732910156,5.986077916512611,21.43007536251472,10.148364234447987,18.38640298535775,16.83073840952187,18.38640298535775,15.715986489771069,11.779178149144133,15.715986489771069,176.2802759889367,173.47858908307637,173.47858908307637,176.2802759889367,7.1846004071680625,13.693351601450308,13.693351601450308,4.895752509454802,4.895752509454802,4.951106951361257,5.24123412308914,2.799747517849972,17.981695445689372,4.130306003922183,7.441392113829875,7.783836870974179,1.3746337890625,16.482573362697135,0
d36809d4-cae5-4680-96d9-ccb64afe7f35_delivery_2,86,50.58294040866849,78.00136509924606,78.00136509924606,12.090677062582433,29.696698469139,29.696698469139,71.05512739234011,89.1290571092924,115.2958903703305,66.42531577528926,12.789754699973503,13.171379925909049,10.130839019999106,2.956194010497275,12.789754699973503,13.171379925909049,-5.46929931640625,-12.92938232421875,78.00136509924606,29.696698469139,66.42531577528926,13.171379925909049,30.600926769690613,21.56563790779952,10.148642580941953,11.416995326857567,-77.31885129606712,0.13556254528479883,6.953589351557429,6.28029022695023,6.953589351557429,200.13683700561523,277.39390563964844,2.387958650862342,21.56563790779952,10.148642580941953,12.78018249193848,11.219033672351193,12.78018249193848,7.036507027063952,3.5273439175266716,7.036507027063952,175.27881595346707,172.12356368633115,172.12356368633115,175.27881595346707,5.643561850861906,1.7989849641935385,5.643561850861906,4.837587314333374,4.837587314333374,6.154983924718766,4.93146296691046,2.770701187674419,18.89494963871725,8.01886073323926,4.065706851133096,7.700489958255257,0.4832000732421875,18.800931211839952,0
d36809d4-cae5-4680-96d9-ccb64afe7f35_delivery_2,87,28.821834439035896,95.85975220047575,95.85975220047575,16.165338347106186,27.87616246447614,27.87616246447614,74.96612138008251,89.23101312552134,113.05964786009181,31.877752766140038,13.3849075740787,10.155096820185399,10.559958550747941,4.021337460385932,13.3849075740787,10.155096820185399,-6.37066650390625,-9.958160400390625,95.85975220047575,27.87616246447614,31.877752766140038,10.155096820185399,29.930644660027387,21.277533322950603,9.828263428748484,11.44926989420212,-77.47093824780393,-0.28810458484891655,4.430140348213076,6.430640160857252,6.430640160857252,200.17705917358398,277.438232421875,1.7956663879464614,21.277533322950603,9.828263428748484,14.407354115277236,11.628617507821165,14.407354115277236,10.883845406793327,3.0483805164738214,10.883845406793327,174.51919331801452,170.8057504231257,170.8057504231257,174.51919331801452,8.114413209538869,4.407684858530119,8.114413209538869,8.20982100748773,8.20982100748773,9.636245222058635,6.308063539790415,2.6613651998788956,19.764024091720366,9.8016377945557,1.2259958064392271,7.414723110425867,1.1370697021484375,19.33951363121657,0
d36809d4-cae5-4680-96d9-ccb64afe7f35_delivery_2,88,4.012828228337379,92.73889010411769,92.73889010411769,14.776235611120335,33.17610644545288,33.17610644545288,76.28800495110495,90.74682355806559,113.42174056493121,56.82361010188571,13.245952761405494,13.096758418594636,10.740870777623945,2.4399020567998453,13.245952761405494,13.096758418594636,-6.26123046875,-12.908843994140625,92.73889010411769,33.17610644545288,56.82361010188571,13.096758418594636,25.283688672110017,21.808632463857737,9.86433907749259,11.944293386365148,-77.81575416653017,0.5310991409071342,2.535583225943786,4.462488417688033,4.462488417688033,200.3343620300293,277.5575637817383,5.923322199864454,21.808632463857737,9.86433907749259,17.03257161678323,9.913007814110596,17.03257161678323,8.378798710859881,6.1665230060613565,8.378798710859881,173.4640712981392,170.40063818157952,170.40063818157952,173.4640712981392,9.630477778963641,8.664357351689834,9.630477778963641,13.120398853800799,13.120398853800799,11.11548776041166,10.372660769059141,2.457349082772247,19.21722763762031,7.375151457004199,9.102287832764405,6.974706137103325,-1.4772491455078125,17.623989025927386,0
d36809d4-cae5-4680-96d9-ccb64afe7f35_delivery_2,89,6.227709396841959,88.34614301604513,88.34614301604513,8.576072844602708,33.81048115741858,33.81048115741858,74.12207422243549,88.5885227294598,115.94450876003087,33.254788374618876,13.644771855439561,10.470000031032006,10.962356629995694,3.906609104488434,13.644771855439561,10.470000031032006,-6.3775634765625,-10.29815673828125,88.34614301604513,33.81048115741858,33.254788374618876,10.470000031032006,26.840065997441524,21.62240717307418,9.752593064898873,11.869814108175307,-78.63015678129798,-0.18622529078355754,11.736166588218648,12.343822981522088,12.343822981522088,200.27545166015625,277.45423889160156,3.568167336366075,21.62240717307418,9.752593064898873,9.29160668059018,4.931431352783016,9.29160668059018,7.739016335086562,5.5974015808871656,7.739016335086562,172.87918098180492,170.30410022570808,170.30410022570808,172.87918098180492,5.77192355072855,4.491055905825969,5.77192355072855,8.196790139462198,8.196790139462198,8.866961835781403,3.2392445530359844,2.2731371325574723,20.54632201578715,2.4807832266987146,8.729283025087637,6.672460075961152,1.5560455322265625,16.571902615879214,0
d36809d4-cae5-4680-96d9-ccb64afe7f35_delivery_2,90,13.660130418819039,6.196607351582772,13.660130418819039,19.82462186591412,12.258112028826815,19.82462186591412,81.83784466015189,87.42037005957245,108.15362297701417,38.97707312880083,13.520149308587198,10.924670849099043,11.210318622564062,3.577446778671158,13.520149308587198,10.924670849099043,-6.72930908203125,-10.780853271484375,6.196607351582772,12.258112028826815,38.97707312880083,10.924670849099043,11.401988439784104,21.08092568457399,9.294975229374295,11.785950455199696,-78.58111717005951,-0.5414814885001888,2.819446575589035,13.653012397972834,13.653012397972834,200.08941268920898,277.2921142578125,7.403067339496491,21.08092568457399,9.294975229374295,2.9464878929346785,4.963092645589041,4.963092645589041,6.274737887802154,12.874611018877877,12.874611018877877,172.9889789618715,169.19853439899137,169.19853439899137,172.9889789618715,3.5280104859303325,10.659898161646929,10.659898161646929,12.738898021081134,12.738898021081134,14.960262048186,8.785166938068356,2.0675723408391646,23.252780354269444,11.287870814444025,6.158548513058456,6.131152147619643,-0.196014404296875,9.138230727623803,0
d36809d4-cae5-4680-96d9-ccb64afe7f35_delivery_2,91,15.17934622923326,24.96445023725762,24.96445023725762,18.872935148214573,13.521752571407587,18.872935148214573,86.07516105153361,87.52891353805684,100.05655385737579,48.28854543971749,13.037949661185284,11.05662685307555,11.166836841640718,3.8659852043414653,13.037949661185284,11.05662685307555,-6.237548828125,-10.787841796875,24.96445023725762,13.521752571407587,48.28854543971749,11.05662685307555,14.337319645532899,19.972058500860395,8.526460401277944,11.445598099582451,-78.6483094863114,-1.1088671837135955,6.24774299787702,7.23769068920732,7.23769068920732,199.9964714050293,277.16991424560547,4.605847670031133,19.972058500860395,8.526460401277944,7.165334983271273,12.183144758646629,12.183144758646629,8.744913906341795,10.923743180686937,10.923743180686937,173.32432469822456,167.39508240680874,167.39508240680874,173.32432469822456,5.025419344580906,9.647121852536431,9.647121852536431,10.629431444896321,10.629431444896321,12.374190392074253,10.845163212882095,2.0724446765835856,24.900477961837037,7.497316095386216,2.5845143948847094,6.032486082719965,0.2473907470703125,11.642799658271779,0
d36809d4-cae5-4680-96d9-ccb64afe7f35_delivery_2,92,31.282674939077747,67.5349193717902,67.5349193717902,28.245307360013747,20.835462208348428,28.245307360013747,95.60668002622663,86.66304033136029,93.5037279316833,70.62639036974186,12.65501184953532,13.244528632316191,11.249130612267319,3.058361902933177,12.65501184953532,13.244528632316191,-6.906768798828125,-13.072479248046875,67.5349193717902,20.835462208348428,70.62639036974186,13.244528632316191,26.20452107100604,20.22161761964538,8.674243746292937,11.547373873352441,-78.6010295432931,0.24955911878498327,6.451083005973863,2.877679540832264,6.451083005973863,200.00180435180664,276.91149139404297,7.754336172614746,20.22161761964538,8.674243746292937,7.9765372759282895,6.123490454380796,7.9765372759282895,4.785493303612048,9.42044259194633,9.42044259194633,173.86018206302444,166.53182700758072,166.53182700758072,173.86018206302444,12.099610838416615,11.125726700413592,12.099610838416615,7.09024571528507,7.09024571528507,8.324719146915703,7.265218980081064,2.073662487576987,26.10913971834438,7.623127858452332,3.354662376567585,5.957761723843552,-1.3463592529296875,17.39653563256116,0
d36809d4-cae5-4680-96d9-ccb64afe7f35_delivery_2,93,32.24821557846807,37.01277124203068,37.01277124203068,29.066435734634943,15.611946140405632,29.066435734634943,101.75284633573742,85.84465200954466,89.63132078360708,55.38281043681665,12.873777546988945,12.112908874099345,11.555267781873265,3.7105237845957757,12.873777546988945,12.112908874099345,-7.9105224609375,-11.912139892578125,37.01277124203068,15.611946140405632,55.38281043681665,12.112908874099345,22.037364304613778,20.00161773934901,8.795130099235738,11.206487640113274,-78.65007502065473,-0.21999988029636697,9.176296369939326,9.108520762204037,9.176296369939326,200.06003189086914,276.7087707519531,6.3275188289829805,20.00161773934901,8.795130099235738,6.305588903078155,6.387862663018893,6.387862663018893,6.3751047735860675,10.614000107645204,10.614000107645204,173.72626211867959,165.5918136649807,165.5918136649807,173.72626211867959,9.86242264608047,10.447457487079689,10.447457487079689,2.315264073880208,2.315264073880208,2.41205217799431,7.411259161394517,2.2945186839102174,26.236180013479117,4.138545459353133,13.45968269216785,6.477577794817706,0.1951751708984375,15.184718534014264,0
d36809d4-cae5-4680-96d9-ccb64afe7f35_delivery_2,94,66.32661535881662,35.18757463209555,66.32661535881662,53.337459005427974,21.99107390035423,53.337459005427974,117.18153076169797,87.99319751996606,76.2787140790502,57.66353753040328,11.587334355947378,12.948637966757879,11.253072910378961,3.1661923888361283,11.587334355947378,12.948637966757879,-8.411346435546875,-12.75518798828125,35.18757463209555,21.99107390035423,57.66353753040328,12.948637966757879,32.961287521187906,19.823877731382055,8.930043266256277,10.893834465125778,-78.32761123323714,-0.17774000796695688,0.9816336095295879,19.94336862090351,19.94336862090351,200.3345832824707,276.6429977416992,8.469598571207108,19.823877731382055,8.930043266256277,5.909906876632977,6.544630503294614,6.544630503294614,13.698434761083695,5.435778998844168,13.698434761083695,174.0686766202318,165.16493938224679,165.16493938224679,174.0686766202318,7.5496925017045315,11.78776301489252,11.78776301489252,5.874193401921863,5.874193401921863,6.6031809891699025,9.903761008235346,2.522001585097448,23.576756958612382,2.509942257265242,17.473645520220302,6.950849997307599,-0.746978759765625,20.724494315298333,0
d36809d4-cae5-4680-96d9-ccb64afe7f35_delivery_2,95,44.931151287504306,75.84343917858361,75.84343917858361,40.04263067395819,27.09427488635943,40.04263067395819,128.10426496014992,88.90075516526541,68.30074327340168,52.7469052824629,10.92733128820985,14.015773926206371,11.310590320907846,1.4026730132272518,10.92733128820985,14.015773926206371,-8.84124755859375,-13.990081787109375,75.84343917858361,27.09427488635943,52.7469052824629,14.015773926206371,35.369156003216,20.32293148318997,9.159610063196231,11.163321419993737,-78.21913451902961,0.49905375180791367,3.8570072820443015,20.446432710846167,20.446432710846167,200.67408752441406,276.74066162109375,10.598170939946769,20.32293148318997,9.159610063196231,12.709493937176497,12.872356648057176,12.872356648057176,14.556295418955095,8.528799230952941,14.556295418955095,173.91283889495605,164.68918751479686,164.68918751479686,173.91283889495605,8.374532857864548,11.512461045347624,11.512461045347624,5.020033536634897,5.020033536634897,8.129173299398158,2.877273914609333,2.673245352638457,20.71202582467773,4.409283196384417,9.74793667679395,7.3219796852201355,-1.0327301025390625,23.397406263137484,0
d36809d4-cae5-4680-96d9-ccb64afe7f35_delivery_2,96,53.176412750118885,29.13761905663448,53.176412750118885,44.80041189587782,17.772460161968194,44.80041189587782,137.93378165036572,90.67919929239717,63.66466069785282,46.85986865599965,10.588631675259156,14.539555156839185,11.393334496761671,0.9320734735934647,10.588631675259156,14.539555156839185,-9.45831298828125,-14.514556884765625,29.13761905663448,17.772460161968194,46.85986865599965,14.539555156839185,27.75232904413554,20.479378006459534,9.360631536001645,11.11874647045789,-78.4515783590707,0.15644652326956532,1.9251320203513085,19.701938379862572,19.701938379862572,201.04340362548828,276.79563903808594,11.20157172019248,20.479378006459534,9.360631536001645,6.131281152807938,2.618799873882299,6.131281152807938,8.229185330192712,15.950603443129701,15.950603443129701,174.22419947885675,166.32300832166354,166.32300832166354,174.22419947885675,9.136419624124626,17.512712842272762,17.512712842272762,3.0837122259256557,3.0837122259256557,4.439736390485532,4.409625666105715,2.771380400454703,17.01944215405165,7.822329756656022,8.629324202055873,7.685900722741093,-0.655792236328125,18.84108137760194,0
d36809d4-cae5-4680-96d9-ccb64afe7f35_delivery_2,97,43.16479030190813,58.14072810501946,58.14072810501946,36.09437914379734,27.077926491540367,36.09437914379734,140.94492161463774,93.04385863742624,61.64272381612936,31.392444969223217,10.496242413179623,12.728285372296531,11.260866038282165,1.8829474567114572,10.496242413179623,12.728285372296531,-9.87518310546875,-12.620452880859375,58.14072810501946,27.077926491540367,31.392444969223217,12.728285372296531,31.069108839774216,19.130204435414498,8.631954314239064,10.498250121175435,-78.93833535077354,-1.3491735710450357,9.360348932059907,12.576480064320084,12.576480064320084,201.36750411987305,276.9706497192383,11.050017288677477,19.130204435414498,8.631954314239064,13.681457728137532,15.338432249166447,15.338432249166447,9.116574027590344,10.59464295638475,10.59464295638475,173.7402984368335,165.9246942557446,165.9246942557446,173.7402984368335,13.32959079899633,17.175726234404532,17.175726234404532,12.952149866393535,12.952149866393535,15.52858253701657,10.789336713661326,2.9974560840864055,14.496695462352351,12.05957534676256,8.674337220375005,8.272185716612016,0.5867767333984375,22.137589752777103,0
d36809d4-cae5-4680-96d9-ccb64afe7f35_delivery_2,98,56.103089659644986,40.07062064778624,56.103089659644986,28.688012520714917,17.31683918564806,28.688012520714917,144.42237763217685,93.54711949178889,63.20019188693572,0.9166510712688005,10.93126786203715,12.95004513069466,11.161660043511713,0.8038298216505346,10.93126786203715,12.95004513069466,-10.72021484375,-12.926025390625,40.07062064778624,17.31683918564806,0.9166510712688005,12.95004513069466,28.023648868345287,17.775512406425644,8.023396377382062,9.752116029043583,-79.33852417752499,-1.354692028988854,13.29196045072793,12.671370745549547,13.29196045072793,201.71310806274414,277.2577896118164,13.479698175925195,17.775512406425644,8.023396377382062,6.909080115433163,9.128785994426899,9.128785994426899,10.42434485893185,14.012911656324864,14.012911656324864,174.14721548246322,166.4888437912398,166.4888437912398,174.14721548246322,15.955580770340923,17.70157838087576,17.70157838087576,15.475820752788444,15.475820752788444,18.631139271885424,11.408248838089166,3.238185879510296,11.805325487465888,13.276504339293279,8.093918950594,8.871240976240289,-0.8311614990234375,20.189514582200427,0
d36809d4-cae5-4680-96d9-ccb64afe7f35_delivery_2,99,39.25401979601383,36.344829729481475,39.25401979601383,25.023443866158598,5.694781818066872,25.023443866158598,143.8747654167738,93.09087422523896,66.18904845662318,84.39319391291619,11.627449259683056,13.581083741559507,11.147508688336519,0.7932298406913318,11.627449259683056,13.581083741559507,-11.530029296875,-13.580963134765625,36.344829729481475,5.694781818066872,84.39319391291619,13.581083741559507,20.251957561269418,17.13685132371603,7.7401337996298825,9.396717524086148,-79.85033062711229,-0.6386610827096142,10.586590387165987,4.60807977072975,10.586590387165987,201.90881729125977,277.51258087158203,9.638392986448613,17.13685132371603,7.7401337996298825,7.231677308891285,5.243004264197548,7.231677308891285,9.87623148857612,10.576295795797805,10.576295795797805,174.21119724195282,166.92499276332484,166.92499276332484,174.21119724195282,13.941312301841057,11.929616144244193,13.941312301841057,13.402347849916415,13.402347849916415,13.282334458730682,8.866059693957103,3.383644400947516,11.394302019091564,7.873513132996031,2.7718263172201567,9.215736119281987,-0.975738525390625,15.025823555930373,0
d36809d4-cae5-4680-96d9-ccb64afe7f35_delivery_2,100,46.99012823182851,21.496269958154453,46.99012823182851,23.11980700863844,13.248661300228203,23.11980700863844,143.45301158074489,94.50901810494112,70.57917733278298,77.17665930108019,12.701939502663022,13.209814622484263,11.396708128711449,0.48054507083582054,12.701939502663022,13.209814622484263,-12.6654052734375,-13.197479248046875,21.496269958154453,13.248661300228203,77.17665930108019,13.209814622484263,19.19183646119812,16.310115545447776,7.2620021509430615,9.048113394504714,-80.35880227346715,-0.8267357782682545,9.343458521962939,0.9526937463761502,9.343458521962939,201.9820442199707,277.819580078125,9.468348658335527,16.310115545447776,7.2620021509430615,10.095758176709948,3.0888073477012608,10.095758176709948,2.092126619971695,5.844966141372442,5.844966141372442,173.3689399368153,167.52296259451563,167.52296259451563,173.3689399368153,15.763380774452365,13.73646490247807,15.763380774452365,15.109338198833216,15.109338198833216,16.373103457890853,13.801305155233216,3.52307187360556,10.896746111354439,11.59731398805292,9.590177604250034,9.577412695346858,-0.5397796630859375,13.814376894156206,0
d36809d4-cae5-4680-96d9-ccb64afe7f35_delivery_2,101,50.26055342004735,44.22947693047706,50.26055342004735,39.542968508166354,19.74249019306312,39.542968508166354,140.35663622140052,92.84815229399723,76.05680472722024,103.46470035277474,13.750736163229778,13.754469393591402,11.056155296800041,1.228169463808899,13.750736163229778,13.754469393591402,-13.7489013671875,-13.74493408203125,44.22947693047706,19.74249019306312,103.46470035277474,13.754469393591402,28.992936548468393,15.54310908621121,7.165442678751826,8.377666407459383,-80.58110762855281,-0.7670064592365655,12.021629335914628,8.160500903141832,12.021629335914628,202.1161346435547,278.137451171875,10.349881474919327,15.54310908621121,7.165442678751826,2.267458175103697,7.018982795789118,7.018982795789118,6.070652174145194,3.5731030407366844,6.070652174145194,173.88437333948488,167.49454010997306,167.49454010997306,173.88437333948488,10.92872795044515,12.861028919780248,12.861028919780248,23.08420820464167,23.08420820464167,22.153891074601376,13.869683660578074,3.796727401344146,11.587617719374562,13.449379810861279,5.828502714139481,10.176836328141357,-1.110687255859375,18.056464362234202,0
d36809d4-cae5-4680-96d9-ccb64afe7f35_delivery_2,102,44.96128656151781,64.7748615147527,64.7748615147527,28.007810872718334,34.164333361091806,34.164333361091806,137.90996628576954,91.11587557242511,81.62077158250702,125.72234171951438,14.902356406802681,15.44960152245897,11.122441019098034,2.0752505613714036,14.902356406802681,15.44960152245897,-14.902130126953125,-15.387359619140625,64.7748615147527,34.164333361091806,125.72234171951438,15.44960152245897,31.67530217250561,15.255479767449197,7.279568263645231,7.975911503803966,-80.7214647034355,-0.28762931876201314,9.162148755098087,8.981371969854944,9.162148755098087,202.18649673461914,278.44852447509766,9.567950744706796,15.255479767449197,7.279568263645231,4.572898609908507,4.381472664238697,4.572898609908507,5.8632894493855146,7.037063400759983,7.037063400759983,174.68197388531902,168.67442441124155,168.67442441124155,174.68197388531902,9.757183174152745,12.397738694380738,12.397738694380738,6.089736936392849,6.089736936392849,6.666823866049096,1.9109052106873374,3.959226027173485,11.616668684844477,6.795611238351767,6.089888475953047,10.57455943983911,-1.6728973388671875,19.50512158565499,0
d36809d4-cae5-4680-96d9-ccb64afe7f35_delivery_2,103,31.775920792978244,8.547688259821065,31.775920792978244,31.616181909334266,20.78060325097031,31.616181909334266,135.22384746857122,90.9273740290126,84.54041502401235,106.49933161540277,15.791076527345671,15.166149835490113,11.015339799380154,1.4530941123685532,15.791076527345671,15.166149835490113,-15.787353515625,-15.122589111328125,8.547688259821065,20.78060325097031,106.49933161540277,15.166149835490113,17.0682612019878,15.316005913546729,7.109495249654301,8.206510663892427,-80.91571053761605,0.06052614609753171,5.18716021268399,4.502012786138918,5.18716021268399,202.13266372680664,278.72344970703125,8.404385063494706,15.316005913546729,7.109495249654301,9.225052001925766,6.312506063441868,9.225052001925766,5.2899636754781625,5.978764468453719,5.978764468453719,173.96529177007002,169.00052543217765,169.00052543217765,173.96529177007002,13.475140185558054,12.323083112063143,13.475140185558054,3.3996393179240543,3.3996393179240543,2.701223554447828,2.860181272679112,3.9493052514872518,11.493055366645148,7.084217390719593,7.333399983335116,10.53251718206154,-0.430755615234375,12.917839726570627,0
d36809d4-cae5-4680-96d9-ccb64afe7f35_delivery_2,104,29.106088902739582,24.13368222336048,29.106088902739582,30.481423886199053,21.51693929311441,30.481423886199053,132.21064065380102,89.89349082141722,87.5226278832558,69.57602149307101,16.514816695588888,15.037913654688941,10.941058625220565,0.3883596240089653,16.514816695588888,15.037913654688941,-16.513336181640625,-15.032806396484375,24.13368222336048,21.51693929311441,69.57602149307101,15.037913654688941,20.29900992274459,15.057217732595008,6.77501836697462,8.28219936562039,-81.35279913318827,-0.2587881809517203,10.459664306658505,6.096260924395503,10.459664306658505,202.07665634155273,279.1550521850586,13.056637148136227,15.057217732595008,6.77501836697462,13.79978109822988,10.171013075786382,13.79978109822988,5.819624437714481,3.8802916765996427,5.819624437714481,173.06517627607812,169.14495540794763,169.14495540794763,173.06517627607812,20.378773534667836,18.527764416258485,20.378773534667836,7.507248854840375,7.507248854840375,6.813122484726285,7.954980435475185,3.8896644474272786,11.127175514307112,8.917029732850821,13.160860210007709,10.368713009755393,-0.535003662109375,16.197608981310356,0
d36809d4-cae5-4680-96d9-ccb64afe7f35_delivery_2,105,30.01159492210744,13.996654492344872,30.01159492210744,39.821064307512216,20.08352941027699,39.821064307512216,128.2183276691969,87.68051536607601,90.76787375783927,39.09243951544834,17.237083275769205,15.44913681107408,10.532544079974151,0.13707905363431222,17.237083275769205,15.44913681107408,-17.23626708984375,-15.4327392578125,13.996654492344872,20.08352941027699,39.09243951544834,15.44913681107408,19.619195024287485,14.07376637909666,6.576390006158958,7.497376372937703,-81.82437296718058,-0.9834513534983476,12.387231119651158,1.41509589383223,12.387231119651158,202.03808212280273,279.2281265258789,2.478920465574972,14.07376637909666,6.576390006158958,9.243866698042764,1.5987605787800372,9.243866698042764,9.54190823143557,3.897544530183798,9.54190823143557,174.46239799952085,169.69271055945404,169.69271055945404,174.46239799952085,1.82974323991828,6.783775725280322,6.783775725280322,6.672766654449832,6.672766654449832,8.831882120397774,6.9496746858492555,3.9405104903027843,11.732432466524767,9.073011133628842,6.101774287730444,10.447729244188363,-0.6577911376953125,12.550897429113808,0
d36809d4-cae5-4680-96d9-ccb64afe7f35_delivery_2,106,27.49399971964823,7.464456976387954,27.49399971964823,32.003493800136795,4.624778107929587,32.003493800136795,125.50321496797682,87.8052019518081,91.859390719843,0.01594549536719125,17.96259703793008,15.541306520338043,10.650827157761352,0.17325517440165614,17.96259703793008,15.541306520338043,-17.960662841796875,-15.5299072265625,7.464456976387954,4.624778107929587,0.01594549536719125,15.541306520338043,14.460713350630968,13.104729662466097,5.985876285960077,7.11885337650602,-82.35474141183884,-0.9690367166305638,9.248310838616014,5.929240661067242,9.248310838616014,201.99871444702148,279.26085662841797,1.535892625729952,13.104729662466097,5.985876285960077,5.3803677451136025,4.950229171303,5.3803677451136025,5.324509628813509,7.701100167451693,7.701100167451693,174.88458204068678,170.1845234720248,170.1845234720248,174.88458204068678,4.000026372756482,4.737755638981163,4.737755638981163,11.926973157174091,11.926973157174091,11.205706497467618,11.537125283526239,3.942137481007461,11.569241549025545,5.814656457254477,7.432986615660423,10.375401766058772,-0.4221038818359375,9.904855735683773,0
d36809d4-cae5-4680-96d9-ccb64afe7f35_delivery_2,107,33.440701649826025,14.996034528297885,33.440701649826025,27.557697357601306,3.471985091284595,27.557697357601306,122.58309950929855,87.01052542952283,95.49608255315556,88.22766617897089,18.841993108341477,15.727413452557876,10.794738223417466,0.5789880568956431,18.841993108341477,15.727413452557876,-18.828277587890625,-15.725555419921875,14.996034528297885,3.471985091284595,88.22766617897089,15.727413452557876,15.522829977215663,12.232655490093219,5.559874880735338,6.672780609357881,-82.80110684023367,-0.8720741723728782,8.79120210591967,4.879359130364487,8.79120210591967,201.97143936157227,279.2465591430664,0.9238579632585822,12.232655490093219,5.559874880735338,1.8951869903878806,2.883117602938839,2.883117602938839,3.2658548207213967,3.9710033921720513,3.9710033921720513,175.21719116425297,170.86058951814746,170.86058951814746,175.21719116425297,2.850779011785089,5.894565550892039,5.894565550892039,13.16388376621176,13.16388376621176,13.589472837723578,13.486623053844305,3.9585301487581095,11.458021083494792,9.99112365419989,10.635301806986222,10.369750680992949,-0.5948638916015625,9.491457269349272,0
d36809d4-cae5-4680-96d9-ccb64afe7f35_delivery_2,108,45.61839135037231,12.360081786927573,45.61839135037231,31.28277825350845,13.651469122310083,31.28277825350845,119.31842876356261,85.59182365074744,99.27562336957982,107.093687031322,19.861481883310734,15.894031093623797,11.274947095409791,1.3787931282391384,19.861481883310734,15.894031093623797,-19.793121337890625,-15.89373779296875,12.360081786927573,13.651469122310083,107.093687031322,15.894031093623797,19.349481301217224,11.21465880833151,5.343609496899363,5.871049311432147,-83.06973441313735,-1.0179966817617085,12.150452185548279,1.0337151086366536,12.150452185548279,201.96315002441406,279.26819610595703,0.6951144843026833,11.21465880833151,5.343609496899363,6.057663741710042,4.267428636115003,6.057663741710042,8.650744620844813,2.5501544148967517,8.650744620844813,175.6678456202276,171.90838361369006,171.90838361369006,175.6678456202276,3.9027534690766315,6.87766687188144,6.87766687188144,18.288018745630552,18.288018745630552,19.077624615154317,16.93037759662633,4.06865248506149,11.587263856958627,10.800132018421099,5.022701181376762,10.599451459285486,-0.75665283203125,12.366941630152334,0
d36809d4-cae5-4680-96d9-ccb64afe7f35_delivery_2,109,41.71853064093623,15.358216273801142,41.71853064093623,29.982776964592386,15.987683124739844,29.982776964592386,116.57127804355194,84.74426385221156,101.51213291843305,132.0576262130279,20.765118528402926,16.19054038311772,11.740456678695868,1.4899407821891995,20.765118528402926,16.19054038311772,-20.607147216796875,-16.186126708984375,15.358216273801142,15.987683124739844,132.0576262130279,16.19054038311772,19.793395448034776,9.772384307792128,4.86526446549307,4.907119842299059,-83.34756867148992,-1.4422745005393818,10.128430633029433,5.584735051109623,10.128430633029433,202.0297508239746,279.0986862182617,5.463729648850082,9.772384307792128,4.86526446549307,8.11935361574094,8.165867733659727,8.165867733659727,4.671410604507372,7.896652669478984,7.896652669478984,176.52339885089057,172.30020581923083,172.30020581923083,176.52339885089057,11.062325683832722,15.781613728727017,15.781613728727017,15.42770489573243,15.42770489573243,16.6534147320015,14.524873949285332,4.197426367328195,11.341344742667985,9.245088602863806,4.027431996976162,10.866506753098548,-0.621307373046875,14.538133060346285,0
d36809d4-cae5-4680-96d9-ccb64afe7f35_delivery_2,110,44.53399296833027,35.43830191181761,44.53399296833027,23.655671306248117,21.788029264974192,23.655671306248117,113.85516620301662,82.61458503277706,104.3245463222922,132.44036161851022,21.804112770863618,15.276959099757816,12.469188271562018,1.022063593570815,21.804112770863618,15.276959099757816,-21.48638916015625,-15.22869873046875,35.43830191181761,21.788029264974192,132.44036161851022,15.276959099757816,23.472576344854545,8.942888906725926,4.33025430116361,4.612634605562317,-83.59579710417025,-0.8294954010662021,11.42481034078441,3.9946522769726927,11.42481034078441,201.9212646484375,279.16246795654297,3.7753972478087308,8.942888906725926,4.33025430116361,4.631799415429914,5.415088844242477,5.415088844242477,3.255236746346132,0.2801049885974787,3.255236746346132,175.77112535102592,173.00511890340394,173.00511890340394,175.77112535102592,1.715276334462629,2.593461608078286,2.593461608078286,7.722595860580885,7.722595860580885,8.338919999937872,8.486771282536765,4.208303718892517,10.866648347590786,8.364401814412002,8.00350271673147,10.886279444649583,-0.111602783203125,13.22720216719035,0
d36809d4-cae5-4680-96d9-ccb64afe7f35_delivery_2,111,44.423597401883335,111.8141029359098,111.8141029359098,17.067812249856097,114.62868041185098,114.62868041185098,111.59573389898063,69.89744220925724,109.31503811047696,86.17686740195644,22.892766389536657,12.735764977344743,13.245599024565028,1.4373597000164746,22.892766389536657,12.735764977344743,-22.433258056640625,-12.376739501953125,111.8141029359098,114.62868041185098,86.17686740195644,12.735764977344743,52.37710569556807,6.630859108187809,3.2802010850425996,3.3506580231452094,-83.77227829704725,-2.3120297985381173,13.240721872546821,13.087719301361368,13.240721872546821,201.84093475341797,279.20411682128906,2.7145474708758712,6.630859108187809,3.2802010850425996,10.733898749364498,6.636050277151458,10.733898749364498,2.7508421855928002,5.009216311940342,5.009216311940342,174.0554215002612,173.9658480395556,173.9658480395556,174.0554215002612,6.965882087071547,2.007573872655725,6.965882087071547,14.426575802870035,14.426575802870035,14.060999373000886,16.91009949760867,4.117895795630809,10.300554853491512,13.12072981932745,19.04434424164368,10.719861206814796,0.9765472412109375,29.030508138098728,0
d36809d4-cae5-4680-96d9-ccb64afe7f35_delivery_2,112,33.42873940390425,126.71256870646532,126.71256870646532,16.330306635932143,62.07832508742174,62.07832508742174,109.40922439155548,61.51004644973345,112.63314518147402,17.46311568748822,23.851585411014856,10.456658804379032,13.75259717125584,1.4796181814756817,23.851585411014856,10.456658804379032,-23.264007568359375,-8.97027587890625,126.71256870646532,62.07832508742174,17.46311568748822,10.456658804379032,42.466377261293495,5.5918897561894685,2.7878156890340753,2.804074067155393,-84.03631430523514,-1.0389693519983405,8.799859103230473,7.4484646308070515,8.799859103230473,201.71519470214844,279.2449645996094,3.966256590069882,5.5918897561894685,2.7878156890340753,6.973561756056218,5.046088918583051,6.973561756056218,7.029620473506224,2.9796346219656358,7.029620473506224,173.2326653476412,174.32384946964945,174.32384946964945,173.2326653476412,4.491809010109854,2.4790771402929073,4.491809010109854,16.877041546689625,16.877041546689625,15.82717759800572,17.68489692163518,4.067557000904491,9.790623830215056,10.525776910382806,15.156431948230857,10.58045812183953,1.29302978515625,23.649837957356237,0
d36809d4-cae5-4680-96d9-ccb64afe7f35_delivery_2,113,15.027073764067621,26.54689439265703,26.54689439265703,10.839463923217714,9.963765850746366,10.839463923217714,108.1313728957216,62.27832950122112,114.60316222789751,3.236376941707373,24.143360991570454,10.844163035026883,13.795998789838894,1.1292879378594554,24.143360991570454,10.844163035026883,-23.508331298828125,-9.628936767578125,26.54689439265703,9.963765850746366,3.236376941707373,10.844163035026883,13.004490326730895,4.939908770875825,2.376448871472078,2.5634598994037474,-84.42943971106438,-0.6519809853136431,10.215784803590799,5.433959226105841,10.215784803590799,201.6252784729004,279.3609619140625,4.402984751083296,4.939908770875825,2.376448871472078,6.218475567271133,2.4815817883240543,6.218475567271133,8.164053335424235,2.8973699503344887,8.164053335424235,173.07986672246153,174.33277901335984,174.33277901335984,173.07986672246153,4.187662627336922,2.113608096376081,4.187662627336922,22.32054516836596,22.32054516836596,21.925659124999164,22.32830653161032,4.073452596436172,9.017949665890463,14.77653079383204,15.264888639880455,10.59217039559896,-0.5906524658203125,8.674141110454359,0
d36809d4-cae5-4680-96d9-ccb64afe7f35_delivery_2,114,19.121721284678344,31.244328126051425,31.244328126051425,9.059808800105584,17.83542599176414,17.83542599176414,106.96903155051076,59.89227916825901,117.37486043126286,23.12838395995657,24.620928129459646,10.52435179969215,13.888627620605595,1.3175326421918785,24.620928129459646,10.52435179969215,-23.980926513671875,-8.833831787109375,31.244328126051425,17.83542599176414,23.12838395995657,10.52435179969215,15.558752273416337,4.152924205990579,1.988268450413657,2.1646557555769217,-84.84361139653082,-0.7869845648852465,7.04766159738497,9.04356784051355,9.04356784051355,201.5162582397461,279.40252685546875,3.5002499956446003,4.152924205990579,1.988268450413657,3.3278808168371095,2.1497597743510415,3.3278808168371095,3.3623445943646266,1.3564522456739638,3.3623445943646266,173.09031981129897,174.61082632622774,174.61082632622774,173.09031981129897,3.7172598844836915,1.123632288816142,3.7172598844836915,21.87850162566647,21.87850162566647,20.21051394179951,22.725624355653995,4.0031879148475635,8.321128243925246,12.164198428494277,18.590753123701052,10.405511764963665,0.1512603759765625,9.032486937085382,0
d36809d4-cae5-4680-96d9-ccb64afe7f35_delivery_2,115,14.881114578918867,23.77037303536163,23.77037303536163,6.6688711028467615,12.638272557695107,12.638272557695107,106.76670105862287,61.245149402436,118.81977492019669,9.395016888474546,24.970453172797036,10.965779530988847,13.921602743029865,0.9293827392082167,24.970453172797036,10.965779530988847,-24.381072998046875,-9.539642333984375,23.77037303536163,12.638272557695107,9.395016888474546,10.965779530988847,11.274386767623836,3.6758029037497106,1.8410249456333994,1.8347779581163113,-85.29239138796322,-0.47712130224086824,1.768706716188577,7.918982614732075,7.918982614732075,201.52653884887695,279.3374481201172,1.9765726516255853,3.6758029037497106,1.8410249456333994,3.0386108415846484,4.3838779303851885,4.3838779303851885,2.490682168978127,4.599290460112066,4.599290460112066,173.87368829546767,174.55378457336656,174.55378457336656,173.87368829546767,5.721819520668462,4.555595273237555,5.721819520668462,19.170806816243182,19.170806816243182,17.922346924188567,19.226759947400797,3.9639159813328537,7.968312946823779,7.788550013285201,12.775272310881617,10.266884878171503,-0.5178985595703125,7.703016400059087,0
d36809d4-cae5-4680-96d9-ccb64afe7f35_delivery_2,116,7.184542774501808,46.95231278026611,46.95231278026611,8.330544741531785,58.2489880211282,58.2489880211282,105.42798548752288,68.65536803158462,119.17535380261013,62.33997025615549,24.983086083984805,12.037329694971744,13.576255483320821,0.7948787940264141,24.983086083984805,12.037329694971744,-24.352813720703125,-10.93621826171875,46.95231278026611,58.2489880211282,62.33997025615549,12.037329694971744,24.108868691637724,3.9144807292850796,1.5873329997760885,2.327147729508991,-85.79425815888438,0.23867782553536898,11.61541812206799,12.321405710330463,12.321405710330463,201.28746795654297,279.13391876220703,9.419192215016064,3.9144807292850796,1.5873329997760885,7.013667668912578,6.161422162192985,7.013667668912578,6.2895819811524305,5.873377923861193,6.2895819811524305,174.8022958283022,173.161696715961,173.161696715961,174.8022958283022,9.51149941828932,10.683741277560049,10.683741277560049,10.698633408803666,10.698633408803666,9.200847111077792,10.769498445084205,3.9113844504230064,7.596135186545343,7.558868272919357,12.453656509674374,10.079948601496197,-0.5992431640625,15.848875215149576,0
d36809d4-cae5-4680-96d9-ccb64afe7f35_delivery_2,117,9.407361324536618,72.36232361179165,72.36232361179165,7.350133611134604,22.687185528394423,22.687185528394423,104.830763860038,66.95611292019599,119.72872193165843,66.76444695340906,25.120754203821903,11.22150328114873,13.385339164977234,2.8582392566543655,25.120754203821903,11.22150328114873,-24.503143310546875,-9.011199951171875,72.36232361179165,22.687185528394423,66.76444695340906,11.22150328114873,23.07797674988946,3.7262823645374312,1.14389687133531,2.5823854932021213,-86.50644697191571,-0.1881983647476484,9.065233890336428,17.595622533143008,17.595622533143008,201.07023239135742,279.0289764404297,7.237662848831326,3.7262823645374312,1.14389687133531,7.339908060623976,3.332395027266236,7.339908060623976,4.458533566277439,4.303886764120971,4.458533566277439,174.27926385174553,172.6241508745138,172.6241508745138,174.27926385174553,2.799606309727795,5.069968506987074,5.069968506987074,4.297276310170135,4.297276310170135,5.324676748396907,5.2597391112467085,3.8713690725281897,7.238515122266571,9.440922862895825,12.587080372501797,9.972412941023704,1.0600738525390625,13.814346561195018,0
d36809d4-cae5-4680-96d9-ccb64afe7f35_delivery_2,118,83.57622336332916,177.51733474157385,177.51733474157385,20.6915864397616,69.7515339308378,69.7515339308378,104.6292394748434,57.25414265833578,128.88602618337495,74.11118862906302,26.955474590332233,11.198440715136202,13.615590847800803,6.532535765009846,26.955474590332233,11.198440715136202,-26.65777587890625,-4.398101806640625,177.51733474157385,69.7515339308378,74.11118862906302,11.198440715136202,62.78652333301502,2.5185550702925976,0.5916595721676353,1.9268954981249622,-87.35079147513771,-1.2077272942448336,5.884876682934523,19.297584839653176,19.297584839653176,200.95560455322266,278.9328842163086,4.48730778204367,2.5185550702925976,0.5916595721676353,6.36121939150989,2.60071459690809,6.36121939150989,9.977896975129255,3.0623539797362267,9.977896975129255,173.40613579807038,173.0463551129083,173.0463551129083,173.40613579807038,8.27463403632467,2.194314309740628,8.27463403632467,6.359162147372653,6.359162147372653,2.7883404700744663,3.2402847994904223,3.751017755244,6.603139257055758,6.947552480196677,16.68188663799705,9.656980038689483,1.4244384765625,34.0991894406199,0
d36809d4-cae5-4680-96d9-ccb64afe7f35_delivery_2,119,12.909376851107167,116.58363162961918,116.58363162961918,8.464690395184254,37.524962085551685,37.524962085551685,104.13102891450991,49.89252494115053,130.00939061015626,78.8486295199425,27.181536457933813,12.75597494393095,13.614869913729365,9.144305159378213,27.181536457933813,12.75597494393095,-26.887939453125,-1.155609130859375,116.58363162961918,37.524962085551685,78.8486295199425,12.75597494393095,32.71699963151803,2.216363170639435,0.26995506853337314,1.9464081021060617,-87.79158912244624,-0.30219189965316273,9.749882355625584,11.069454472020315,11.069454472020315,200.73277282714844,278.9825973510742,6.849294600329056,2.216363170639435,0.26995506853337314,6.376447637496648,6.321613882728063,6.376447637496648,8.176835440059103,1.6533136159239612,8.176835440059103,171.9559814631866,173.33736007211942,173.33736007211942,171.9559814631866,4.470365546231605,5.784091293548972,5.784091293548972,4.94530238895151,4.94530238895151,6.556237502399821,8.880314072683715,3.68947384407169,5.5814531655596324,12.834819374858059,17.459254755791466,9.496236149516289,1.517059326171875,19.09038876709138,0
d36809d4-cae5-4680-96d9-ccb64afe7f35_delivery_2,120,6.792388819762531,128.27912166274038,128.27912166274038,4.728362929172491,48.26824247670734,48.26824247670734,103.66979002595401,40.978364289070306,130.7365012566945,87.3233572305923,27.190375624477124,15.640243848125486,13.587479852032137,11.81110971474505,27.190375624477124,15.640243848125486,-26.886077880859375,2.174072265625,128.27912166274038,48.26824247670734,87.3233572305923,15.640243848125486,34.392664614100745,1.6765797154297297,-0.2093501637515543,1.885929879181284,-87.99654347510356,-0.5397834552097052,8.929976603190935,9.357895193030787,9.357895193030787,200.49957656860352,279.032958984375,7.1571719412953305,1.6765797154297297,-0.2093501637515543,6.486448881270951,3.2479739007476813,6.486448881270951,9.131188301291909,6.6877237715895035,9.131188301291909,170.27848840610366,172.51973881625662,172.51973881625662,170.27848840610366,7.098007167296041,7.321128765609059,7.321128765609059,11.086042786505514,11.086042786505514,15.152991977166236,13.919467999715572,3.7478185806115847,4.451824361156281,19.8982850787556,16.297685957133602,9.619833829815942,1.70867919921875,20.52737153936747,0
d36809d4-cae5-4680-96d9-ccb64afe7f35_delivery_2,121,6.588912921092074,86.71805216373149,86.71805216373149,1.937545779912138,51.46093249727252,51.46093249727252,102.7711437744096,48.698726864890844,131.6393246708217,79.93741991055349,27.694520264289434,14.182733420776172,13.7608606691375,10.634920311830479,27.694520264289434,14.182733420776172,-27.35150146484375,-0.27490234375,86.71805216373149,51.46093249727252,79.93741991055349,14.182733420776172,27.29016581897091,2.4220999059842847,0.46378250828996526,1.9583173976943193,-88.63323155004738,0.745520190554555,10.003488814951726,7.032062736865499,10.003488814951726,200.45343780517578,279.0623321533203,1.6408569986678543,2.4220999059842847,0.46378250828996526,3.170721940279312,4.076535778499064,4.076535778499064,9.665726672634717,2.490569597008566,9.665726672634717,169.77992023271779,173.10040198761322,173.10040198761322,169.77992023271779,4.324521779088137,9.521124187405807,9.521124187405807,19.318916355508893,19.318916355508893,21.741913698589645,18.099442944482377,3.887332738670101,4.1352416214495475,21.69234377428565,14.861168554589652,9.957378934553587,-1.3240814208984375,16.41584957239509,0
d36809d4-cae5-4680-96d9-ccb64afe7f35_delivery_2,122,5.8894396751089815,229.67358468865262,229.67358468865262,3.4042984372363554,80.29672211884677,80.29672211884677,101.73781176605304,59.8744363201272,131.62455476318127,73.51790441345311,27.544382142253234,12.158331378313935,13.626058003876572,5.6976050356749,27.544382142253234,12.158331378313935,-27.12884521484375,-6.652435302734375,229.67358468865262,80.29672211884677,73.51790441345311,12.158331378313935,56.00364853218318,2.4535827381242625,0.4352165705379484,2.018366167586314,-89.08647527233336,0.03148283213997782,11.82308202037017,4.934764252884184,11.82308202037017,200.30469512939453,279.21556091308594,6.406488334188232,2.4535827381242625,0.4352165705379484,7.531668381389805,7.5400700615452045,7.5400700615452045,5.1715367385215245,6.63960308212912,6.63960308212912,169.56549014790656,173.33966430274393,173.33966430274393,169.56549014790656,9.527962388297517,8.778254539386776,9.527962388297517,17.903075810880445,17.903075810880445,18.45083521543091,17.95092653575471,3.95229953145841,3.403675705030155,16.402879962760835,14.414391935468341,10.130911167293505,-3.116302490234375,31.76758219869741,0
d36809d4-cae5-4680-96d9-ccb64afe7f35_delivery_2,123,75.1116291714578,186.49271361855062,186.49271361855062,14.203021636907819,72.22144593407391,72.22144593407391,100.13014055461953,68.41634964837928,124.21078958249589,93.34907033843433,26.135141414064382,14.01890398525914,13.274667387917718,2.2821751592019206,26.135141414064382,14.01890398525914,-25.27886962890625,-12.0245361328125,186.49271361855062,72.22144593407391,93.34907033843433,14.01890398525914,62.73123704459338,2.938506611157719,0.22651058794612078,2.711996023211598,-89.65613183731352,0.4849238730334564,18.441205534426505,9.9174063721436,18.441205534426505,200.03347396850586,279.1568298339844,8.325216633193971,2.938506611157719,0.22651058794612078,8.432769803000847,6.784030311931069,8.432769803000847,7.744232108945565,3.91430351234834,7.744232108945565,170.36284736275007,172.6306327254877,172.6306327254877,170.36284736275007,8.18101817937141,1.772968755439482,8.18101817937141,14.909666176023324,14.909666176023324,13.850245941473782,13.752500560849303,3.9564648084065532,3.284323395253847,14.024799571825987,12.605740370777824,10.177697445915092,-1.574615478515625,34.43472874488308,0
d36809d4-cae5-4680-96d9-ccb64afe7f35_delivery_2,124,12.41438401371845,184.59942924534312,184.59942924534312,3.850683002690036,73.27702716709514,73.27702716709514,99.09885129392134,75.73389673851896,125.55888635576603,177.43260757778734,26.12679930109776,17.823893676659605,12.995768211482696,2.860008024123957,26.12679930109776,17.823893676659605,-25.263427734375,-17.30535888671875,184.59942924534312,73.27702716709514,177.43260757778734,17.823893676659605,50.545703165455926,3.050193904782043,0.0952092337847071,2.954984670997336,-90.22077233332898,0.11168729362432428,12.821967247849132,16.3107283160396,16.3107283160396,199.7564353942871,279.0870895385742,8.570453451722862,3.050193904782043,0.0952092337847071,9.87659441549452,4.272037964728348,9.87659441549452,3.8418974599000224,6.2600161417496505,6.2600161417496505,171.53616286874836,172.20234637812072,172.20234637812072,171.53616286874836,5.039000725644736,2.789020769925042,5.039000725644736,13.125039482695934,13.125039482695934,13.396217621754323,10.886034223734375,4.041190385871081,3.5474014974828694,15.90954475910065,10.826969630432885,10.371521467029607,-2.4310455322265625,27.94606553918148,0
d36809d4-cae5-4680-96d9-ccb64afe7f35_delivery_2,125,13.590401705215603,189.60330216990263,189.60330216990263,2.570913100438078,72.87347971793862,72.87347971793862,97.79447715137934,82.23673654316254,128.16430465339093,161.1199318185714,26.346339309167366,22.632943587686647,12.773580956346132,6.53593890161668,26.346339309167366,22.632943587686647,-25.494049072265625,-22.613067626953125,189.60330216990263,72.87347971793862,161.1199318185714,22.632943587686647,51.47199651316787,2.8111015778729067,-0.15317218611782024,2.964273763990727,-90.90951754682362,-0.2390923269091365,13.986483543484953,16.20739884202731,16.20739884202731,199.50170516967773,278.9898147583008,8.180151782583827,2.8111015778729067,-0.15317218611782024,5.907454019535484,5.280170592768124,5.907454019535484,6.06350630473201,10.072353146290958,10.072353146290958,172.4615564973623,172.42642419787308,172.42642419787308,172.4615564973623,3.5473295480603655,0.3573994082284398,3.5473295480603655,17.871361898536733,17.871361898536733,16.94036100018721,16.043225651189505,4.081121715831356,3.212864510028061,15.918350421390205,14.367789545151682,10.478728602630033,-2.557647705078125,28.33834934155188,0
d36809d4-cae5-4680-96d9-ccb64afe7f35_delivery_2,126,34.33862600261365,45.08655979281958,45.08655979281958,5.664318640031013,28.9913618710617,28.9913618710617,97.32310935923715,83.36967932177286,132.84394183521476,163.5604164327048,26.567968029538857,23.751711982213905,12.552175573589475,7.364161574943638,26.567968029538857,23.751711982213905,-25.892791748046875,-23.74249267578125,45.08655979281958,28.9913618710617,163.5604164327048,23.751711982213905,23.76289870261358,2.6611076988781632,-0.5166663393152034,3.1777740381933666,-91.29993077950171,-0.14999387899474348,10.303796378988908,18.192729530166616,18.192729530166616,199.16144180297852,279.1469955444336,11.24439693456854,2.6611076988781632,-0.5166663393152034,7.157094649739983,3.8030504453877354,7.157094649739983,3.9354888524825906,5.759259889340926,5.759259889340926,172.91633339981058,172.04847781107557,172.04847781107557,172.91633339981058,8.179513020826963,10.689275533309848,10.689275533309848,5.961838213276425,5.961838213276425,9.364887647306318,8.513473189110266,4.115601440411496,2.250603820535441,15.645575180477746,13.631833411584813,10.545508900280462,-0.8808441162109375,15.175089550564126,0
d36809d4-cae5-4680-96d9-ccb64afe7f35_delivery_2,127,27.761919796216898,17.55777745967006,27.761919796216898,5.986584314477545,19.40694386362191,19.40694386362191,96.96581669039196,83.62947895334518,137.05827775599894,169.39404686565334,26.87854190487522,24.452483796764678,12.564990789540401,7.748302983962491,26.87854190487522,24.452483796764678,-26.329132080078125,-24.418365478515625,17.55777745967006,19.40694386362191,169.39404686565334,24.452483796764678,16.147608378091142,2.4830004002607047,-0.7305011916562982,3.213501591917003,-91.77261933243965,-0.17810729861745855,8.429634990795961,17.742789843764488,17.742789843764488,198.86640548706055,279.0691375732422,9.154095381283744,2.4830004002607047,-0.7305011916562982,7.525107219053881,6.333951337509381,7.525107219053881,0.8935546875,7.390419469741778,7.390419469741778,173.84271727727986,171.43596010213903,171.43596010213903,173.84271727727986,3.219326640067468,8.136918464543257,8.136918464543257,8.70449311034735,8.70449311034735,9.676395352736092,12.035198102834633,4.062890335791675,1.4270248336450373,12.831878048818355,18.323680765927925,10.404096018287042,-0.50115966796875,10.865410673913551,0
d36809d4-cae5-4680-96d9-ccb64afe7f35_delivery_2,128,27.496602794882634,33.31882851953115,33.31882851953115,6.841937199603818,12.021217890380331,12.021217890380331,97.04156229335982,83.65955682056824,140.43049638627323,168.917534389158,27.326381804368292,25.51924689911603,12.833044105023365,8.731548047663964,27.326381804368292,25.51924689911603,-26.88043212890625,-25.49359130859375,33.31882851953115,12.021217890380331,168.917534389158,25.51924689911603,16.439869094228897,2.0631508087338517,-1.0154966728220969,3.0786474815559486,-91.8883646577054,-0.41984959152685297,6.42749127538576,12.533136885589682,12.533136885589682,198.5939483642578,279.0496597290039,8.194574007470036,2.0631508087338517,-1.0154966728220969,3.5287797209341147,0.5475940405086144,3.5287797209341147,1.8733260572664239,4.837936194882476,4.837936194882476,173.95758110033285,170.38976648505184,170.38976648505184,173.95758110033285,5.153719344692259,9.262167337921676,9.262167337921676,16.93658330458397,16.93658330458397,18.154502396679643,17.983893110083507,4.09919676574533,0.6046513972648195,16.357039353182408,16.38892543746254,10.447815376589753,-0.7778472900390625,10.320228105131578,0
d36809d4-cae5-4680-96d9-ccb64afe7f35_delivery_2,129,28.740846123586277,35.185304047519246,35.185304047519246,5.726396094180643,10.647098123492993,10.647098123492993,96.93087429098891,83.93389680062249,143.3462838929714,169.33838976783295,28.080426301759058,26.641764412689287,13.378082826441213,9.73148042262893,28.080426301759058,26.641764412689287,-27.687774658203125,-26.622283935546875,35.185304047519246,10.647098123492993,169.33838976783295,26.641764412689287,15.839828405914226,1.8849016327905737,-1.3334965270256423,3.218398159816216,-91.99251333376515,-0.17824917594327805,6.561179789298697,8.178146257407505,8.178146257407505,198.38209533691406,279.0916519165039,6.479239469657852,1.8849016327905737,-1.3334965270256423,5.476305000520509,3.8064456163604237,5.476305000520509,8.246135230944907,9.63303779596147,9.63303779596147,173.6507649657318,169.61297020593793,169.61297020593793,173.6507649657318,5.270388218316412,6.890935973526689,6.890935973526689,12.032947073221276,12.032947073221276,12.183674234197499,13.447694241792473,4.0676879938906785,0.0030090063487347375,10.73610369326467,13.594606684438526,10.362466394847235,-0.9739837646484375,11.19685152259298,0
d36809d4-cae5-4680-96d9-ccb64afe7f35_delivery_2,130,31.485953099540612,25.435854452714693,31.485953099540612,10.920857472152306,5.201584395391625,10.920857472152306,97.48998561865255,83.42494262867284,146.18214482517098,168.98429233559324,28.423685194172815,27.40784341548498,13.655826724899526,10.426043118791299,28.423685194172815,27.40784341548498,-28.145751953125,-27.3836669921875,25.435854452714693,5.201584395391625,168.98429233559324,27.40784341548498,14.569377824735447,1.9848014846636262,-1.38363892676365,3.368440411427276,-92.04171828951696,0.0998998518730525,6.345763129587278,8.02625439902617,8.02625439902617,198.16767501831055,279.22386932373047,7.557232577033278,1.9848014846636262,-1.38363892676365,7.17775224177414,10.722484948791093,10.722484948791093,3.3079633823018515,10.193601826497778,10.193601826497778,174.2913490340961,169.77529074859626,169.77529074859626,174.2913490340961,7.660653275275652,9.485185521959362,9.485185521959362,10.578267832234417,10.578267832234417,10.344776853505596,13.375266851406064,3.9657175596596104,-0.5092588906540415,8.888273869413158,16.25757801314953,10.104177267676182,-0.6711273193359375,11.330325678751047,0
d36809d4-cae5-4680-96d9-ccb64afe7f35_delivery_2,131,14.117543290583624,20.37763545635165,20.37763545635165,11.744009927275828,7.7190303307566355,11.744009927275828,98.10640240669701,83.14497774382077,146.12186384699137,169.54196662886625,28.456702921831557,28.08651267119397,13.765611713807052,11.182289376991157,28.456702921831557,28.08651267119397,-28.210845947265625,-28.055084228515625,20.37763545635165,7.7190303307566355,169.54196662886625,28.08651267119397,11.692975891787588,1.863313168719068,-1.5806281648204388,3.443941333539507,-92.15176645918031,-0.12148831594455811,6.89149549457225,9.308140851185541,9.308140851185541,197.93450927734375,279.3167495727539,7.529522101523182,1.863313168719068,-1.5806281648204388,5.680306014630043,12.750302872036311,12.750302872036311,1.8556892364403637,8.68338423642215,8.68338423642215,174.43945654196165,170.7062613492484,170.7062613492484,174.43945654196165,7.291905859730847,8.575485285028996,8.575485285028996,12.787043358556783,12.787043358556783,10.744970214821134,13.922091487805215,3.8572107933634676,-0.538545200275584,7.61067623370791,14.858097668987412,9.86268788999667,-0.3847198486328125,9.582910737917855,0
d36809d4-cae5-4680-96d9-ccb64afe7f35_delivery_2,132,12.698710999983803,17.246644450998918,17.246644450998918,7.966525927988923,7.973335783846191,7.973335783846191,98.19808549657817,82.75444001353833,146.8038523636647,169.5047897997376,28.486249300116473,28.63968262064074,13.863626586352934,11.909225520016061,28.486249300116473,28.63968262064074,-28.258148193359375,-28.60296630859375,17.246644450998918,7.973335783846191,169.5047897997376,28.63968262064074,10.497119918181173,1.5345862888137798,-1.861577280890315,3.396163569704095,-92.3207370776343,-0.32872687990528826,8.419020851441518,8.678481494827695,8.678481494827695,197.71261978149414,279.4083557128906,7.201664387572346,1.5345862888137798,-1.861577280890315,7.334624794581504,6.129027684314323,7.334624794581504,5.84429597702633,3.5853198971155016,5.84429597702633,174.84030021096603,170.93752346397096,170.93752346397096,174.84030021096603,6.483665946030345,6.429787529359052,6.483665946030345,13.881889858738221,13.881889858738221,14.239139891565824,14.46997623253307,3.8456414181985705,-0.8380013726336087,13.852841787758436,13.557419812436985,9.85985882209071,-0.3548736572265625,8.232453444792842,0
d36809d4-cae5-4680-96d9-ccb64afe7f35_delivery_2,133,20.014360516057664,5.0915224275164865,20.014360516057664,7.756559731066969,6.196482651980267,7.756559731066969,98.23974326742437,81.86293384246656,148.29198627328182,169.81165746527077,28.215778656989748,28.85480335328739,13.634054825096463,12.188230215422436,28.215778656989748,28.85480335328739,-28.035919189453125,-28.78961181640625,5.0915224275164865,6.196482651980267,169.81165746527077,28.85480335328739,9.52159645038503,1.3957758884183642,-1.760070956681213,3.1558468450995774,-92.36861569659689,-0.1388104003954156,6.3606328095974725,11.710020566091307,11.710020566091307,197.42700958251953,279.37648010253906,8.621503132530924,1.3957758884183642,-1.760070956681213,14.549559603522322,14.963043092888972,14.963043092888972,14.69450629112687,0.6533434312091366,14.69450629112687,175.55265246151157,172.32744961944792,172.32744961944792,175.55265246151157,6.652448305385226,9.857589070621907,9.857589070621907,3.6395712054374365,3.6395712054374365,4.684159996284948,6.800941153311129,3.7686640031189937,-1.1662567166814422,10.298585655288772,13.149284239268704,9.741463280196298,0.043365478515625,9.875005708088716,0
d36809d4-cae5-4680-96d9-ccb64afe7f35_delivery_2,134,6.406316938573908,4.531382795661163,6.406316938573908,5.4131649724024085,6.156774168842505,6.156774168842505,97.70143001231095,80.26997173530934,149.05038179435405,168.5394363769742,28.168838832271778,29.135549926654885,13.628096529664758,12.535380375586387,28.168838832271778,29.135549926654885,-27.97613525390625,-29.032257080078125,4.531382795661163,6.156774168842505,168.5394363769742,29.135549926654885,7.640828191429661,1.2370205065792816,-1.6016959506423953,2.838716457221677,-92.34373330897958,-0.15875538183908255,8.975089940310138,14.362240332787843,14.362240332787843,197.04055404663086,279.38673400878906,11.597746394500351,1.2370205065792816,-1.6016959506423953,16.22393470329548,14.008089429849981,16.22393470329548,20.073061030319025,2.799704173013199,20.073061030319025,175.85538884527136,173.58628269285163,173.58628269285163,175.85538884527136,10.607887155005272,13.450781948380719,13.450781948380719,6.415682548865473,6.415682548865473,6.358270582997349,9.662902479950567,3.657054171299872,-1.5588792869966044,11.011830152441666,16.834198095443462,9.551994133528655,-0.021331787109375,10.250702299036803,0
d36809d4-cae5-4680-96d9-ccb64afe7f35_delivery_2,135,5.706606214379618,1.890896451591533,5.706606214379618,0.5978961350962054,5.4767987613385785,5.4767987613385785,96.92826152520814,79.52351632267168,148.99206775808918,168.12875370575162,28.120351824002597,29.274878042172173,13.59076281624845,12.7281973933508,28.120351824002597,29.274878042172173,-27.8804931640625,-29.1475830078125,1.890896451591533,5.4767987613385785,168.12875370575162,29.274878042172173,4.945530642705724,1.0318931332333716,-1.6743573542711594,2.706250487504531,-92.56741672542846,-0.20512737334591002,6.30326455816215,9.697721735666263,9.697721735666263,196.84426879882812,279.36351013183594,5.929630871238382,1.0318931332333716,-1.6743573542711594,5.6948601019107485,4.68860013539121,5.6948601019107485,10.057203980376931,3.021329739718664,10.057203980376931,175.8177151214661,174.1272738618146,174.1272738618146,175.8177151214661,3.101576534234684,4.711852088085822,4.711852088085822,6.6634148410732,6.6634148410732,4.8699664722120835,3.877760268035861,3.6005746543408477,-1.8444788314565896,4.918167322818309,7.459680391427872,9.47542891309125,0.0225677490234375,5.079050536329368,0
d36809d4-cae5-4680-96d9-ccb64afe7f35_delivery_2,136,5.89977472073026,6.519849686091279,6.519849686091279,1.1212967628994677,4.8279320585137855,4.8279320585137855,96.17858995462151,78.8501735822116,149.4548758679307,167.76334381972748,27.958870438355415,29.166374809282683,13.446531878989955,12.651018612894973,27.958870438355415,29.166374809282683,-27.688873291015625,-29.01318359375,6.519849686091279,4.8279320585137855,167.76334381972748,29.166374809282683,5.499926579774725,0.7951191167682722,-1.7540448329462035,2.5491639497144756,-92.60398805279247,-0.23677401646509944,6.299724027217526,8.330982223196038,8.330982223196038,196.61708450317383,279.30713653564453,7.022223144100566,0.7951191167682722,-1.7540448329462035,9.354115286951169,5.051187818353968,9.354115286951169,9.66677450260011,3.857935436684006,9.66677450260011,175.91635359722653,173.48974820544788,173.48974820544788,175.91635359722653,6.6178572179578,7.039626674979895,7.039626674979895,3.0624001333742736,3.0624001333742736,3.4185498016196973,4.763583545816059,3.5685016635878823,-2.353836741322725,7.771979969886635,8.980029429999764,9.449154376419404,0.206939697265625,6.215588034681275,0
